num_elements,num_wildcards,num_anything,num_optionals,num_parallels,num_choices,tree_depth,matches,VM,VM_LAZY,DFS,BFS
13,1,0,0,1,0,1,1,52.74566900334321,75.69802900252398,131.74975199217442,82.15935798943974
26,1,0,0,3,0,2,1,99.55772900138982,119.71396800072398,235.01377100183163,51.96214700117707
10,0,0,0,1,0,2,88,97.66643100010697,134.3690530047752,212.20157499192283,109.52718400221784
27,1,0,0,2,0,1,1,73.91512100002728,103.77511898695957,116.2118000065675,48.52204999770038
27,2,0,0,2,0,1,1,37.514299008762464,50.1673260005191,199.4298830104526,95.53066399530508
26,2,0,0,3,0,2,1,51.89886399602983,109.51615100202616,212.89609700033907,52.10170800273772
28,1,0,0,3,0,2,1,79.08533100271598,110.94204999972135,236.9081609940622,104.36652299540583
28,1,0,0,1,0,2,1,80.51267500559334,110.96003900456708,228.7602719879942,107.09344099450391
14,1,0,0,1,0,2,1,107.08982399955858,123.33961400145199,274.6359340089839,154.14311600034125
26,2,0,0,3,0,2,1,102.14146399812307,119.77921798825264,262.3893239942845,102.53509700123686
25,1,0,0,1,0,2,1,42.842887007282116,55.224340001586825,114.81078401266132,55.36629099515267
28,2,0,0,3,0,2,1,41.287858999567106,54.9360510049155,122.67488599172793,53.500722991884686
24,2,0,0,3,0,2,3,98.39452999585774,118.14570700516924,255.60880798730068,105.21808499470353
24,3,0,0,3,0,2,3,99.82013700937387,119.8135439917678,259.218666004017,55.07000599754974
22,1,0,0,1,0,2,1,76.23756800603587,104.92507499293424,186.66694400599226,84.26950000284705
14,2,0,0,1,0,2,1,107.71414000191726,151.2944849964697,275.65508098632563,154.96134900604375
24,4,0,0,3,0,2,3,100.84054099570494,119.46738099504728,258.0202239914797,102.13920500245877
28,2,0,0,3,0,2,1,39.92619201017078,54.094431005069055,216.55063099751715,105.77476599428337
24,3,0,0,3,0,2,3,96.54851799132302,120.89208200632129,257.1110199933173,103.97897599614225
26,3,0,0,3,0,2,1,100.37062500487082,63.48578700271901,201.46946699242108,104.01075400295667
18,1,0,0,1,0,2,1,72.10484099050518,102.69464299199171,200.96025499515235,93.84209000563715
26,2,0,0,3,0,2,1,99.38488900661469,119.38076600199565,261.8389150011353,104.34669900860172
15,2,0,0,2,0,1,2,72.59859499754384,102.89079399080947,195.12561800365802,96.45750399795361
28,3,0,0,3,0,2,1,79.23566299723461,110.74735899455845,232.64354199636728,52.627457000198774
1,0,0,0,0,0,0,3585,62.6556100032758,88.06342500611208,151.7174589971546,89.30835200590082
10,1,0,0,1,0,2,88,95.64444300485775,133.29501000407618,209.64469799946528,109.60765100026038
14,0,0,0,2,0,2,25,44.01324498758186,53.017108992207795,116.8202729895711,68.50206801027525
11,1,0,0,1,0,2,2,158.39617600431666,102.81980398576707,234.80202299833763,98.35999699134845
28,2,0,0,1,0,2,1,81.23533699836116,110.75728500145487,225.909494998632,105.91848600597586
14,3,0,0,1,0,2,1,108.46900100295898,152.5758079951629,275.4449920030311,155.52751900395378
18,2,0,0,1,0,2,1,71.11582900688518,101.81344598822761,200.72351599810645,95.25499599112663
10,1,0,0,1,0,2,93,180.6418769992888,220.59036300925072,319.66522299626376,186.0758129914757
27,3,0,0,2,0,1,1,37.78581498772837,50.87248599738814,144.38654900004622,94.11822899710387
28,4,0,0,3,0,2,1,79.95713799027726,111.66127800242975,240.6403690110892,106.60522499529179
16,1,0,0,1,0,2,3,52.827984996838495,53.53959300555289,114.8223939962918,50.85864099964965
28,5,0,0,3,0,2,1,78.79344900720753,111.92427900095936,238.1860569876153,104.6063480025623
22,2,0,0,1,0,2,1,75.32604200241622,106.15929000778124,207.39544699608814,96.98073400068097
11,2,0,0,1,0,2,2,173.8595929928124,105.17384900595061,289.7757409955375,98.8429989956785
14,3,0,0,1,0,2,1,53.944687999319285,72.42949699866585,135.61251299688593,78.1012549996376
16,2,0,0,1,0,2,3,102.36453800462186,109.27097698731814,228.59179199440405,103.61921600997448
7,1,0,0,0,0,0,200,80.73551701090764,114.02449799061287,192.47320099384524,110.4464740055846
14,3,0,0,1,0,2,1,108.29070200270507,152.29985400219448,274.4422840041807,127.49930199061055
28,5,0,0,3,0,2,2,132.71434399939608,199.39676199282985,370.02798001049086,208.21902000170667
7,2,0,0,0,0,0,204,83.91769998706877,117.91958899993915,194.67001198790967,115.62930599029642
11,3,0,0,1,0,2,2,89.28073498827871,53.46304799604695,270.18541100551374,102.06696500245016
28,6,0,0,3,0,2,1,79.38177901087329,109.80246000690386,238.18765199393965,105.1814449892845
14,2,0,0,1,0,2,1,54.789611996966414,72.92923099885229,136.60290399275254,82.21004699589685
11,3,0,0,1,0,2,28,182.8216210124083,105.56448700663168,294.6600729919737,98.35263399872929
14,2,0,0,1,0,2,1,107.26238200732041,152.24092800053768,269.233813000028,156.8682910001371
24,4,0,0,3,0,2,9,98.25299699150492,119.19547199795488,254.26876699202694,105.77030100103002
1,0,0,0,0,0,0,3585,62.04364499717485,89.23264799523167,150.5565520055825,90.70696000708267
26,3,0,0,3,0,2,1,96.99796700442676,118.06257101125084,253.51191000663675,102.87414499907754
26,4,0,0,3,0,2,1,98.06975499668624,117.25076400034595,253.9661290065851,102.86235999956261
24,4,0,0,3,0,2,3,50.49595898890402,58.49679600214586,155.13991899206303,104.91779800213408
11,4,0,0,1,0,2,50,161.10009299882222,53.061593003803864,154.77856500365306,72.94299500063062
25,2,0,0,1,0,2,1,83.54939600394573,110.72524699557107,218.44148899253923,54.670197001541965
14,2,0,0,1,0,2,0,99.88797600090038,149.88617699418683,259.1296140017221,152.6291940099327
28,4,0,0,3,0,2,1,78.74789499328472,112.18451600871049,264.37733200145885,91.67873000842519
26,3,0,0,3,0,2,1,98.74800800753292,118.47831300110556,254.3396440014476,102.79614299361128
17,0,0,0,2,0,2,4,96.27120599907357,103.62237400840968,226.92850700696,97.28372801328078
25,3,0,0,1,0,2,1,85.56323799712118,113.33120500785299,224.53012299956754,107.97756300598849
24,5,0,0,3,0,2,12,52.21884800994303,59.35421799949836,128.97566199535504,52.782227998250164
25,4,0,0,1,0,2,1,83.31612999609206,112.96389999915846,223.61095799715258,105.63303700473625
14,3,0,0,1,0,2,1,105.85257899947464,149.4577640114585,270.11114900233224,155.04377700563055
3,2,0,0,0,0,0,3212,66.73691100149881,99.39970399136655,169.0004269912606,200.61005199386273
11,5,0,0,1,0,2,50,180.89647400483955,114.51820500951726,295.17854200094007,109.62969899992459
28,6,0,0,3,0,2,1,78.88236599683296,110.69732099713292,238.20890299975872,105.56297899165656
28,2,0,0,1,0,2,1,79.33724400936626,111.49988599936478,222.68588800216094,106.01700900588185
25,5,0,0,1,0,2,1,82.70165900466964,110.6542120105587,223.9899589912966,107.1081700065406
7,2,0,0,0,0,0,200,54.68071700306609,77.66864899895154,254.31308800762054,166.12629799055867
10,0,0,0,1,0,2,840,87.77136499702465,122.79496400151402,203.22957099415362,125.73990800592583
11,1,0,0,1,0,2,3,76.18903899856377,51.15173099329695,97.1493230026681,47.87218700221274
14,3,0,0,1,0,2,0,50.409457995556295,71.79524000093807,163.5201340104686,152.51026800251566
22,3,0,0,1,0,2,1,75.75990099576302,102.72228899702895,207.06679100112524,97.97285399690736
14,2,0,0,1,0,2,0,100.9595579962479,150.1595650042873,261.6281990049174,154.13427099701948
13,1,0,0,2,0,1,15,72.54115599789657,104.16809699381702,191.79505300417077,95.32281800056808
20,1,0,0,2,0,1,1,111.14942000131123,161.57157799170818,286.49144900555257,163.73594199831132
14,4,0,0,1,0,2,1,108.22643699066248,151.84277200023644,269.8363179952139,154.5797209982993
10,1,0,0,1,0,2,93,178.8198660069611,141.56100401305594,163.0104559881147,93.72784200240858
22,3,0,0,1,0,2,1,76.6240060038399,103.7263729958795,206.2930009997217,98.09511200000998
27,3,0,0,2,0,1,1,71.64605699654203,102.55702900758479,210.6381799967494,95.14383500209078
22,0,0,0,1,0,2,1,79.31480399565771,107.22653599805199,210.7124530011788,96.76232299534604
18,3,0,0,1,0,2,1,70.95558699802496,104.46174199751113,197.13800499448553,94.78729900729377
16,2,0,0,1,0,2,3,102.2149240016006,98.04851499211509,116.58750398783013,85.31053899787366
22,4,0,0,1,0,2,1,74.56703200296033,103.90486300457269,208.6762760009151,97.27713999745902
22,4,0,0,1,0,2,1,104.39065800164826,148.8018680101959,276.8552089983132,154.07261600194033
18,4,0,0,1,0,2,1,60.38568100484554,102.23459800181445,198.9760930009652,94.4442350009922
18,4,0,0,1,0,2,1,73.18957499228418,103.34928399242926,201.4557729999069,94.44577599060722
14,3,0,0,1,0,2,1,65.04429399501532,91.42635700118262,164.14923399861436,98.62609700940084
22,5,0,0,1,0,2,1,75.37397199484985,102.91297899675556,206.87421401089523,97.72471999167465
28,6,0,0,3,0,2,2,98.31071599910501,175.46144900552463,361.335217996384,206.5871730010258
7,3,0,0,0,0,0,204,109.5920660009142,163.8187909993576,259.46429900068324,171.3376379921101
21,1,0,0,1,0,2,1,74.58260899875313,102.58296100073494,204.52387399564032,95.46928200870752
20,2,0,0,2,0,1,1,110.88499300240073,160.84016600507312,279.20905499195214,163.15515599853825
7,3,0,0,0,0,0,204,107.4587619950762,161.50314699916635,264.3372339953203,170.31613898871
3,1,0,0,0,0,0,0,100.05617099523079,147.68501999787986,238.5142390121473,155.74234200175852
25,4,0,0,1,0,2,1,83.79339800740127,112.84384501050226,223.70800700446125,105.66116000700276
28,6,0,0,3,0,2,2,129.76932899618987,197.77569799043704,363.4407770005055,207.0526890020119
1,0,0,0,0,0,0,2995,65.93740700918715,94.43350300716702,153.7500799895497,89.59616199717857
23,1,0,0,2,0,2,1,77.03220199618954,104.65420100081246,218.94524099479895,93.70045900868718
14,4,0,0,1,0,2,1,130.48414800141472,191.28129100135993,325.2840030036168,197.07348699739669
25,5,0,0,1,0,2,1,83.22701200086158,111.18545700446703,224.34211701329332,107.53133900288958
25,5,0,0,1,0,2,1,83.36612199491356,110.35888901096769,224.27592299936805,107.4138510011835
7,3,0,0,0,0,0,335,83.13447200634982,120.03543399623595,199.6910919988295,119.39356199582107
25,1,0,0,2,0,2,1,83.20292699499987,110.63137999735773,235.8331870054826,105.4926670040004
23,2,0,0,1,0,2,1,79.4858809967991,108.7666520033963,219.60957899864297,105.45622000063304
22,1,0,0,2,0,2,4,100.24913100642152,107.88893299468327,240.02482599462382,98.61486899899319
20,1,0,0,1,0,2,1,180.4554550035391,152.58849899691995,336.20456799690146,158.86668699386064
1,1,0,0,0,0,0,5937,16.371531004551798,19.229340003221296,73.05380899924785,113.9780989906285
18,3,0,0,1,0,2,1,70.25201999931596,100.07438300817739,198.54775299609173,95.31094699923415
14,3,0,0,1,0,2,1,107.8867479955079,154.39859199977946,268.7815179961035,154.36662299907766
16,1,0,0,1,0,2,2,76.89682999625802,110.07937899557874,206.55664999503642,106.6028070054017
22,2,0,0,2,0,2,5,99.17781699914485,107.09686498739757,240.49478600500152,97.82516000268515
22,4,0,0,1,0,2,0,101.94088501157239,148.54796600411646,273.2726550020743,153.64083100575954
25,4,0,0,1,0,2,1,82.35093200346455,113.84669999824837,127.37017699691933,53.88736599707045
22,3,0,0,1,0,2,1,101.82086600980256,147.65415000147186,273.85008899727836,154.15378200123087
30,1,0,0,2,0,2,1,106.3150650006719,153.47757100244053,302.73273499915376,158.61623700766359
20,0,0,0,2,0,2,1,97.33249199052807,116.07211000227835,232.29951900430024,107.51405300106853
11,4,0,0,1,0,2,28,179.84804899606388,104.67622001306154,295.135816995753,98.5603339941008
22,4,0,0,1,0,2,1,76.22913300292566,105.12777800613549,207.87694898899645,97.44154299551155
4,0,0,0,0,0,0,755,71.85558299534023,102.7941210049903,169.48898900591303,96.78952999820467
13,1,0,0,1,0,2,1,38.211111997952685,49.11484901094809,117.60455100738909,93.39086301042698
7,2,0,0,0,0,0,200,81.12265600357205,114.88333198940381,191.1795380001422,112.46812299941666
28,6,0,0,3,0,2,0,79.48175800265744,111.90012599399779,241.99149699416012,104.25691500131506
16,3,0,0,1,0,2,3,52.308722006273456,56.25796900130808,116.18684499990195,51.28562900063116
18,5,0,0,1,0,2,1,72.49385199975222,102.30215100455098,197.68371200188994,93.65004999563098
25,6,0,0,1,0,2,1,82.75565299845766,113.9782709942665,224.1456379997544,106.65828100172803
2,0,0,0,0,0,0,3629,39.1520659904927,52.95913900772575,108.43673700583167,96.67288999480661
2,1,0,0,0,0,0,3966,24.58834499702789,33.37008199014235,90.50943500187714,152.65776999876834
25,5,0,0,1,0,2,0,76.63951299036853,111.39847899903543,216.86856399173848,106.77553799177986
8,0,0,0,0,0,0,381,73.12619101139717,104.17989500274416,177.05904999456834,105.84351301076822
28,5,0,0,3,0,2,1,78.33530199422967,110.4878289916087,240.14682600682136,106.21019000245724
28,6,0,0,3,0,2,2,132.03332800185308,199.05056498828344,362.2347710042959,207.65697699971497
25,6,0,0,1,0,2,1,83.48670401028357,111.75493300834205,227.4047319951933,106.64709999400657
22,4,0,0,1,0,2,1,105.16743699554354,150.70792600454297,274.7023249976337,124.63203599327244
25,6,0,0,1,0,2,1,83.836973994039,111.83226099819876,226.88843999640085,107.45273700740654
22,1,0,0,0,0,0,1,79.16311400185805,110.19402000238188,210.80222600721754,106.36982700088993
28,7,0,0,3,0,2,1,78.1207019899739,112.68680699868128,238.3404040010646,106.67019600805361
8,0,0,0,0,0,0,16,38.95397199084982,52.30369100172538,92.02883300895337,50.74121399957221
25,6,0,0,1,0,2,1,83.85155101132113,112.69652799819596,228.3693940116791,106.87122300441843
27,1,0,0,3,0,2,1,78.96822900511324,111.22276200330816,234.22007099725306,105.8198149985401
23,1,0,0,1,0,2,1,95.83186800591648,108.1892320071347,235.2914839866571,102.96131500217598
26,3,0,0,3,0,2,1,97.73096699791495,119.4903540017549,255.5799349938752,104.25468799076043
28,6,0,0,3,0,2,1,79.94736300315708,113.88294999778736,237.80901099962648,106.93283499858808
7,4,0,0,0,0,0,336,83.99795700097457,123.93437999708112,203.2518740015803,122.22060300700832
24,1,0,0,3,0,2,1,49.37246300687548,51.94800200115424,218.60431000823155,93.4290110017173
11,3,0,0,1,0,2,28,113.48905799968634,51.63070200069342,156.04661699035205,49.470944999484345
6,0,0,0,1,0,2,539,160.1021319947904,213.68578699184582,223.6861429992132,169.53847999684513
16,0,0,0,2,0,2,193,102.85248099535238,119.35703200288117,234.79175900865812,109.03327900450677
28,3,0,0,1,0,2,1,80.04794099542778,112.07331100013107,227.3129999957746,106.78009300318081
28,4,0,0,3,0,2,1,78.5321279981872,112.65137899317779,235.82402199099306,105.68170000624377
21,1,0,0,0,0,0,1,39.459072999306954,54.36725499748718,104.3245670007309,53.807558011612855
26,2,0,0,3,0,2,1,96.9852929993067,119.77681099961046,257.0449129998451,103.60882799432147
1,0,0,0,0,0,0,2995,66.38594000833109,93.52832299191505,154.58141299313866,88.97917800641153
25,5,0,0,1,0,2,1,82.13443600106984,112.92770600994118,224.5847840094939,107.04474498925265
20,3,0,0,2,0,1,1,111.3703339942731,159.3025820038747,282.89243498875294,164.97535399685148
28,1,0,0,2,0,2,2,78.65934100118466,110.79319199780002,234.617687005084,104.66014299890958
25,2,0,0,1,0,2,1,42.8384639963042,55.37585500860587,114.32421799690928,54.75968499376904
22,2,0,0,0,0,0,1,78.23790099064354,110.54605500248726,209.21956100210082,52.99182000453584
27,4,0,0,2,0,1,1,72.94936900143512,101.78109099797439,206.55657300085295,93.63852499518543
2,1,0,0,0,0,0,4383,17.664484010310844,23.04509399982635,51.255500002298504,47.09114899742417
28,7,0,0,3,0,2,1,78.54293398850132,114.92569700931199,240.6191519985441,109.5162830024492
30,2,0,0,2,0,2,1,105.19808299432043,152.28667299379595,299.8841980006546,158.20493899809662
28,5,0,0,3,0,2,1,79.09464399563149,111.62785399938002,238.70083199290093,105.58461899927352
7,3,0,0,0,0,0,204,81.33954100776464,116.38016600045376,194.9296610109741,115.23122299695387
26,1,0,0,3,0,2,0,99.86984699207824,119.71384899516124,257.5743369961856,104.06209199572913
20,2,0,0,2,0,2,0,74.15837900771294,106.56344800372608,209.44885301287286,100.6096439959947
20,3,0,0,2,0,2,12,78.56666299630888,110.66147100063972,217.39075200457592,106.1474320013076
28,1,0,0,2,0,2,1,103.40063899639063,115.03287599771284,250.24065100296866,96.4994759997353
14,4,0,0,1,0,2,5,107.54503800126258,153.54573300282937,269.56894299655687,158.5026879911311
28,7,0,0,3,0,2,2,75.68895399163011,114.3791280046571,227.47360198991373,119.47696399874985
1,0,0,0,0,0,0,3585,62.72173499746714,89.44617700763047,148.34705299290363,90.63014299317729
22,1,0,0,2,0,3,1,83.89726100722328,113.51741899852641,226.80007699818816,107.98830700514372
14,1,0,0,2,0,2,25,84.69610099564306,107.63271800533403,214.44518100179266,102.9625780065544
11,4,0,0,1,0,2,28,177.54822599818,102.93221099709626,293.3706309995614,98.99822800070979
32,1,0,0,2,0,2,1,102.16627200134099,116.80831100966316,258.5088259947952,96.90182500344235
16,1,0,0,1,0,2,1,99.82783600571565,103.47248100151774,224.02329399483278,96.63308999734
21,1,0,0,1,0,2,1,82.55632799409796,110.23662600200623,119.71335200360045,53.015874000266194
22,5,0,0,1,0,2,1,39.45935900264885,51.28601100295782,137.51442900684197,96.02681899559684
21,1,0,0,3,0,2,1,102.05956100253388,116.6526159940986,245.6440950045362,100.71515300660394
5,2,0,0,0,0,0,504,88.26559700537473,170.21750299318228,291.904452999006,199.5552599983057
18,1,0,0,2,0,2,2,75.71692200144753,102.21171499870252,215.10896499967203,94.60283699445426
25,2,0,0,2,0,2,1,42.369679009425454,54.922337003517896,118.6028990050545,53.55079499713611
26,3,0,0,3,0,2,2,106.3961250038119,124.90612200053874,263.5333070065826,106.29716199764516
20,4,0,0,2,0,2,12,107.39729600027204,157.88925699598622,282.91096100292634,163.47526799654588
16,0,0,0,2,0,2,0,102.27751301135868,120.87277999671642,233.02555599366315,107.06708599172998
28,8,0,0,3,0,2,2,150.89058899320662,229.4938179984456,407.05103999061976,238.9496770047117
23,1,0,0,1,0,2,1,80.06398599536624,113.29859698889777,219.12971801066305,107.3246099986136
23,1,0,0,3,0,3,1,82.5639569957275,112.3558560066158,230.40791100356728,107.17384300369304
10,3,0,0,1,0,2,28,182.31005300185643,104.68353501346428,296.24631800106727,97.91262799990363
23,3,0,0,3,0,2,5,66.67478100280277,81.24648898956366,164.72462100500707,79.5140189875383
22,2,0,0,2,0,2,5,102.48640801000874,108.80532700684853,245.08123801206239,98.70828899147455
25,7,0,0,1,0,2,1,84.41088399558794,111.28524500236381,223.96036500867922,108.5374639951624
28,4,0,0,1,0,2,1,78.06103999610059,112.84184000396635,223.96758900140412,106.32165298738983
4,1,0,0,0,0,0,755,71.98382800561376,102.38831301103346,168.3457289909711,97.97045799496118
20,1,0,0,2,0,2,1,106.88462299003731,124.91682400286663,238.11852400831413,104.56468600023072
26,4,0,0,3,0,2,2,199.2309689958347,238.09383100888226,420.8261439925991,231.50424599589314
21,2,0,0,3,0,2,1,101.71368900046218,117.85515799419954,244.5353939983761,100.09154299041256
20,1,0,0,2,0,2,1,80.58831498783547,103.79058599937707,220.94386800017674,99.20930700900499
27,2,0,0,3,0,2,1,80.13091399334371,113.19890699815005,238.25137699896004,105.88531898974907
7,3,0,0,0,0,0,204,83.52277800440788,119.2294850043254,198.45846999669448,115.92615100380499
20,1,0,0,2,0,2,1,90.30557000369299,88.88559399929363,177.1861859888304,91.4652869978454
14,2,0,0,1,0,2,0,68.10372200561687,94.79590599949006,183.93894199107308,87.07890698860865
28,2,0,0,1,0,2,1,79.98095100629143,112.12710799009074,227.82286899746396,107.53579599258956
22,6,0,0,1,0,2,1,78.10492000135127,108.13663399312645,152.4265609914437,49.78622400085442
25,8,0,0,1,0,2,1,83.43573700403795,114.20453799655661,225.8940559986513,107.19136300031096
16,0,0,0,0,0,0,4,77.54531200043857,111.47120701207314,201.40207700023893,105.74638600519393
8,1,0,0,0,0,0,381,72.35893698816653,107.021022005938,179.27352800325025,104.91381998872384
2,0,0,0,0,0,0,91,70.06155399722047,99.63948800577782,165.32375699898694,91.88488499785308
24,3,0,0,3,0,2,3,51.318588011781685,58.65328400977887,245.50738299149089,104.5217750070151
2,1,0,0,0,0,0,547,34.74890399957076,46.11271600879263,79.24919101060368,43.81121198821347
24,1,0,0,3,0,2,1,100.77572299633175,121.36914499569684,250.42301700159442,101.60311800427735
24,6,0,0,3,0,2,12,103.82057599781547,121.36715000087861,253.0902839935152,105.43243000574876
11,2,0,0,1,0,2,3,78.8044090004405,105.0752779992763,198.18286200461444,97.5564850086812
25,2,0,0,2,0,2,1,109.58892900089268,157.02416400017682,304.3007359956391,162.51349200319964
11,5,0,0,1,0,2,28,180.7042879954679,110.14745499414857,295.73343398806173,102.57101699244231
20,2,0,0,2,0,2,1,81.34036599949468,105.7216120098019,222.10117299982812,99.58646600716747
22,3,0,0,1,0,2,1,75.20757400197908,51.52750700653996,104.54729798948392,48.98030200274661
18,0,0,0,2,0,2,17,78.58208700781688,109.54493799363263,210.89148000464775,101.88707501220051
15,3,0,0,2,0,1,2,72.98843600437976,104.46022200630978,191.8153159931535,96.2288190057734
25,2,0,0,1,0,2,1,84.75652200286277,113.44747300609015,198.47794598899782,107.87773699848913
4,2,0,0,0,0,0,860,73.47017699794378,79.31627999641933,172.06932400586084,100.71676300140098
11,5,0,0,1,0,2,50,91.79728898743633,56.70462099078577,282.3264390026452,108.51333900063764
13,2,0,0,1,0,1,51,109.39207399496809,157.98114199424163,268.154200995923,163.50800800137222
20,2,0,0,2,0,2,1,81.60692900128197,105.27462200843729,224.83071700844448,99.09219099790789
3,1,0,0,0,0,0,2981,96.87341300013941,144.09325699671172,224.39207999559585,157.51312900101766
26,1,0,0,2,0,2,1,52.63166900840588,55.90475699864328,130.26818100479431,52.80432199651841
25,5,0,0,1,0,2,1,83.1173370097531,113.8421270006802,222.6051650068257,106.1753500107443
15,3,0,0,2,0,1,2,75.08366199908778,105.6519580015447,196.6531319922069,98.45750799286179
22,1,0,0,0,0,0,1,75.60848499997519,109.53634198813234,204.6205340011511,103.21880099945702
28,3,0,0,1,0,2,1,79.5319750031922,111.83506400266197,223.32616499625146,105.3853839985095
23,1,0,0,2,0,2,2,102.41250399849378,84.40603700000793,123.96216699562501,51.910086011048406
26,2,0,0,2,0,2,1,104.48788599751424,116.51274499308784,258.35309400281403,105.38937800447457
28,3,0,0,1,0,2,1,78.77375799580477,110.57794399675913,224.6762479917379,108.00330400525127
4,2,0,0,0,0,0,2335,119.15951399714686,179.94892499700654,274.48234100302216,202.3420360055752
28,7,0,0,3,0,2,2,131.18186400970444,198.22399099939503,365.2020570007153,206.15165401250124
11,4,0,0,1,0,2,28,140.8898960071383,108.99653800879605,304.4201339944266,102.25124799762852
19,0,0,0,1,0,2,0,50.585857999976724,51.03605298791081,213.40471200528555,96.42938199976925
3,2,0,0,0,0,0,2988,118.33371000830084,181.22280399256852,276.93479899608064,198.60457199683879
36,1,0,0,6,0,2,1,96.48641898820642,111.79394500504714,271.4715340116527,102.95617200608831
20,3,0,0,1,0,2,4,42.427216001669876,110.84523500176147,130.13507499999832,62.14738200651482
21,3,0,0,3,0,2,3,104.90736199426465,151.92360400396865,289.65571300068405,156.98399901157245
20,3,0,0,2,0,2,1,109.04954599391203,152.47020199603867,289.05943800054956,101.8274779926287
10,4,0,0,1,0,2,28,183.92138699709903,109.01770000054967,294.0001959941583,101.61259799497202
11,6,0,0,1,0,2,1032,102.95038600452244,90.12656299455557,284.517437001341,181.35236599482596
2,2,0,0,0,0,0,5771,27.276709995931014,35.17253800237086,88.59775599557906,171.9118950131815
18,3,0,0,1,0,2,0,66.91187901014928,95.70985000755172,187.20826599746943,81.13225099805277
3,0,0,0,0,0,0,2679,51.04841198772192,71.49834600568283,129.87926800269634,99.76391300733667
28,1,0,0,2,0,2,1,37.64675800630357,48.670806994778104,192.01755699759815,93.34134799428284
28,6,0,0,3,0,2,1,79.92773999285419,115.09029200533405,237.3362369980896,106.70972599473316
22,5,0,0,1,0,2,1,77.99760899797548,104.90948799997568,211.96060998772737,97.94095199322328
15,1,0,0,1,0,1,1,73.94659600686282,101.9897070073057,189.28644599509425,96.26476300763898
18,2,0,0,2,0,2,2,39.26090500317514,50.51487400487531,163.15321400179528,94.53649600618519
24,0,0,0,0,0,0,1,77.42673200846184,112.35323500295635,208.6916639964329,105.50069699820597
25,3,0,0,3,0,2,1,64.18673400185071,58.30340400279965,129.66240299283527,52.164774999255314
24,5,0,0,3,0,2,9,72.43871298851445,88.13287799421232,254.04789700405672,103.46558700257447
19,1,0,0,1,0,2,0,96.65142899029888,101.24550700129475,224.53815999324434,95.47811798984185
21,1,0,0,1,0,2,1,81.0442499932833,104.91445100342389,215.1757399988128,97.78091400221456
25,7,0,0,1,0,2,1,81.85145899187773,110.56019700481556,222.41148199827876,106.51795800367836
25,5,0,0,1,0,2,1,82.73429599648807,114.20200600696262,224.29118301079143,106.07938400062267
13,1,0,0,1,0,2,1,76.85595400107559,99.28563100402243,195.84330399811734,92.532789989491
22,4,0,0,1,0,2,1,77.51896500121802,104.28081099234987,210.18436799931806,98.32458700111602
16,1,0,0,2,0,2,193,102.2518199897604,116.8013379938202,236.13153399492148,109.35448498639744
20,1,0,0,1,0,2,1,76.88476399926003,109.55134699179325,212.79910499288235,105.81798400380649
20,3,0,0,2,0,1,1,56.880716991145164,76.64862700039521,142.73178500297945,82.81504400656559
20,1,0,0,2,0,2,1,74.07273400167469,106.71621099754702,214.3108879972715,98.86513798846863
18,5,0,0,1,0,2,1,72.68124099937268,107.49763100466225,201.13443800073583,97.5993030006066
13,2,0,0,1,0,2,1,76.83986000483856,103.06751400639769,193.9300100057153,92.61037599935662
22,2,0,0,0,0,0,1,78.8102710066596,112.42303399194498,206.5589470003033,105.94039500574581
11,6,0,0,1,0,2,50,92.76022099948023,56.89741800597403,155.19357899029274,54.283571007545106
22,2,0,0,2,0,3,1,83.17280099436175,113.21689000760671,224.53675900760572,106.88346199458465
28,7,0,0,3,0,2,1,78.17500500823371,111.3266449974617,240.4992880037753,105.15629099973012
23,2,0,0,2,0,2,1,78.04277801187709,105.45185700175352,221.0363719932502,95.23916199395899
15,4,0,0,2,0,1,2,107.34396599582396,159.978764000698,275.57237099972554,163.8132670050254
5,1,0,0,0,0,0,1409,83.25030900596175,124.41010899783578,199.1471989895217,159.70403200481087
10,3,0,0,1,0,2,28,180.62024599930737,104.60089800471906,294.2987939895829,99.16273801354691
11,5,0,0,1,0,2,50,182.7966399869183,55.32583699095994,155.08304700779263,50.25730800116435
18,1,0,0,1,0,2,5,83.48334098991472,119.46165098925121,216.8815810000524,110.56003099656664
7,2,0,0,0,0,0,224,80.46188700245693,116.29013500350993,192.52294099715073,109.83814099745359
29,1,0,0,3,0,3,1,80.74124100676272,110.88886499055661,241.52256800152827,107.45234899513889
26,4,0,0,3,0,2,1,77.25505199050531,120.30865500855725,262.393961995258,103.38085000694264
24,4,0,0,3,0,2,9,49.453059007646516,58.28592499892693,129.87247901037335,51.77003899007104
3,0,0,0,0,0,0,1289,70.75359499140177,100.13791400706396,163.72542700264603,94.76317100052256
22,1,0,0,2,0,2,1,99.60750500613358,116.64325500896666,237.4649980047252,70.95454400405288
24,6,0,0,3,0,2,19,113.86722800671123,127.56438599899411,259.8097120062448,108.14062001009006
21,1,0,0,1,0,2,1,95.41908701066859,107.63701699033845,232.43927099974826,102.64460800681263
5,2,0,0,0,0,0,0,122.99075399641879,189.47343400213867,295.3295379993506,195.78482200449798
20,2,0,0,2,0,2,1,186.1915180052165,179.03400999784935,187.8229769936297,89.94799300853629
20,2,0,0,1,0,2,1,77.78895100636873,109.78062301001046,214.22934599104337,105.4956529987976
32,1,0,0,4,0,2,1,100.04992899484932,119.03832301322836,270.65795101225376,102.66729599970859
14,5,0,0,1,0,2,1,127.90895499347243,191.37345199123956,195.72868300019763,100.47538900107611
28,8,0,0,3,0,2,1,79.11314599914476,112.04823399020825,239.93871700076852,103.9198359940201
28,2,0,0,3,0,2,1,79.11360400612466,111.47180499392562,238.10034200141672,108.3338430034928
23,2,0,0,3,0,3,1,82.22610400116537,114.20449300203472,230.05771498719696,107.67444600060116
12,0,0,0,0,0,0,91,75.3710860008141,107.64024799573235,184.5379129954381,100.3938470093999
12,1,0,0,0,0,0,91,38.18602999672294,51.8372439983068,93.32829200138804,53.9891840016935
28,3,0,0,1,0,2,1,81.16310500190593,112.79012699378654,225.79220800253097,109.06702899956144
10,2,0,0,1,0,2,93,175.80405100306962,215.73794400319457,320.71948000520933,114.56830200040713
21,1,0,0,2,0,2,1,174.64311800722498,121.6515660053119,268.6754300084431,116.29607700160705
30,1,0,0,2,0,4,1,76.33301999885589,110.79367200727575,238.1788519996917,106.3025559997186
12,1,0,0,1,0,2,37,178.77815700194333,248.17225099832285,327.7777680050349,231.24950099736452
3,2,0,0,0,0,0,2988,96.61243799200747,144.8742520005908,219.57618699525483,154.72854000108782
14,1,0,0,1,0,2,1,50.91924799489789,71.70811199466698,131.38690899359062,78.44031800050288
17,1,0,0,2,0,2,1,79.91427399974782,104.25503099395428,217.02761900087353,99.7975780046545
13,1,0,0,1,0,2,1,97.09438800928183,104.5846639899537,208.27913600078318,95.86873000080232
11,5,0,0,1,0,2,28,181.62025800847914,109.8566090076929,294.9884229892632,101.62747700815089
1,0,0,0,0,0,0,3585,31.168503992375918,42.81888400146272,75.6572680111276,45.55244999937713
7,4,0,0,0,0,0,204,81.6470819991082,116.30488499940839,194.4239349977579,114.55184999795165
20,5,0,0,2,0,2,12,105.1377580006374,157.46975400543306,284.9464249884477,164.4515189982485
20,3,0,0,2,0,1,1,109.63055200409144,155.49736098910216,280.1935269962996,162.06846199929714
22,5,0,0,1,0,2,1,103.60499699891079,150.54105999297462,277.5546660122927,153.54683800251223
10,2,0,0,1,0,2,93,179.8997900041286,202.20116899872664,317.0485380105674,183.3991769963177
27,1,0,0,2,0,2,1,53.2804260001285,57.672611001180485,126.32727601157967,48.96071799157653
20,2,0,0,2,0,2,1,80.93192000524141,106.6882640006952,219.99888999562245,98.44042400072794
20,3,0,0,1,0,2,1,106.7874930013204,159.84919099719264,285.49347299849615,162.7314389916137
26,3,0,0,3,0,2,1,96.62744001252577,118.4321789914975,256.685184998787,103.93373800616246
36,2,0,0,6,0,2,1,97.55875798873603,113.72808799205814,272.5044800026808,102.95085799589287
23,2,0,0,1,0,2,1,95.41434100538027,109.8633060028078,236.11816599441227,104.73270500369836
27,3,0,0,3,0,2,1,78.84951100277249,110.64735100080725,221.88742400612682,52.23522700543981
28,7,0,0,3,0,2,1,77.79643200046849,112.98690199328121,228.29781500331592,96.10531899670605
42,1,0,0,6,0,4,1,52.65983000572305,57.674205003422685,173.63227999885567,97.69319598854054
4,0,0,0,0,0,0,1421,62.01784398581367,87.89145899936557,149.01144200121053,99.62528198957443
11,5,0,0,1,0,2,50,187.08174899802543,115.56097101129126,297.2795050009154,109.18711998965591
20,2,0,0,2,0,2,1,183.04075200285297,183.8670789875323,356.9133559940383,181.43564299680293
29,1,0,0,1,0,2,1,74.94143898657057,106.11167699971702,219.33633199660107,99.50555700925179
24,6,0,0,3,0,2,27,53.1039640045492,59.67006299761124,129.2827339930227,52.81467099848669
23,4,0,0,3,0,2,13,133.1076119968202,167.74808999616653,327.45063499896787,157.7209560055053
18,4,0,0,1,0,2,0,67.5728829955915,97.53994099446572,187.34148200019263,86.52957099548075
29,2,0,0,1,0,2,1,76.62956099375151,106.88716199365444,219.71559099620208,99.6573060110677
10,4,0,0,1,0,2,28,186.6231849999167,105.79259198857471,299.5781479985453,100.51887499867007
18,1,0,0,2,0,2,1,41.28064999531489,55.97299599321559,110.64908400294371,53.540326000074856
22,2,0,0,0,0,0,1,78.1998470047256,111.2982640042901,207.37920301326085,105.9673799900338
23,1,0,0,2,0,2,1,96.6659219993744,119.02916000690311,241.37520599470008,109.18968700570986
18,4,0,0,1,0,2,1,71.71177999407519,102.78622599435039,198.49059700209182,95.58404699782841
16,2,0,0,1,0,2,3,102.75698099576402,112.59470500226598,228.4508800075855,105.38180400908459
28,4,0,0,1,0,2,1,78.97385800606571,110.40697099815588,225.2722539997194,105.95525801181793
7,4,0,0,0,0,0,593,80.77495500037912,116.98700799024664,193.7475379963871,115.54632500337902
28,7,0,0,3,0,2,2,131.52880300185643,199.5323559967801,361.4342370128725,206.65289799217135
23,2,0,0,1,0,2,1,79.22640000469983,112.42788999516051,219.42826299346052,108.64606300310697
25,4,0,0,1,0,2,0,83.02483199804556,112.0136950048618,224.98240700224414,106.68364900629967
7,4,0,0,0,0,0,335,109.46460699778982,167.212461004965,263.885948996176,177.40432400023565
10,2,0,0,1,0,2,93,91.09501299099065,120.2266970067285,163.45215200271923,106.09225599910133
24,4,0,0,3,0,2,3,100.12909499346279,119.37267398752738,256.3312630081782,103.83250200538896
43,1,0,0,5,0,3,1,78.54825299000368,111.58535000868142,264.27625100768637,105.16079200897366
3,2,0,0,0,0,0,2124,102.85135499725584,159.92493100930005,246.5318980102893,198.25004400627222
22,0,0,0,1,0,2,0,68.7994960026117,97.10356198775116,193.75764699361753,85.90528600325342
21,1,0,0,1,0,2,1,79.37140000285581,113.8187780015869,215.6181780010229,104.75168500852305
28,3,0,0,3,0,2,1,79.11070200498216,111.2059360020794,240.85967100108974,107.9694060026668
11,3,0,0,1,0,2,5,65.60273800278082,95.16949199314695,162.21081299590878,102.56007699354086
29,1,0,0,2,0,2,1,78.1317460059654,111.94238900498021,230.9368860005634,106.0988230019575
17,1,0,0,0,0,0,1,75.81299199955538,111.62569498992525,196.16819398652297,102.70412999670953
26,3,0,0,3,0,2,1,100.00278100778814,120.1750100008212,259.6311529923696,104.56514199904632
7,2,0,0,0,0,0,0,99.91537699534092,150.54927200253587,246.1325940093957,152.02042998862453
14,2,0,0,1,0,2,1,71.73159599187784,102.2317809984088,195.9593479987234,96.95018400088884
5,0,0,0,0,0,0,441,34.71164099755697,47.98222301178612,82.36305900209118,47.807889990508556
16,1,0,0,1,0,2,0,71.3535880058771,105.19015400495846,196.03652400837746,94.8892199958209
20,4,0,0,2,0,2,12,78.52080899465363,111.31072699208744,216.7728030035505,104.85157500079367
6,0,0,0,0,0,0,1409,63.89441099599935,92.15741000662092,158.25024899095297,103.73994900146499
28,4,0,0,1,0,2,1,79.72842099843547,112.58420300146099,229.37589600041974,107.34927600424271
27,3,0,0,2,0,1,1,73.27950400940608,103.47818500304129,209.46389000164345,94.22946200356819
14,0,0,0,0,0,0,10,76.2253199936822,112.973265000619,194.84549699700437,107.95298501034267
14,5,0,0,1,0,2,1,107.10592000395991,152.2263349907007,272.63608798966743,154.3813619937282
3,3,0,0,0,0,0,5631,38.19693499826826,51.66784500761423,99.83810300764162,110.51255099300761
14,6,0,0,1,0,2,1,62.59169500845019,74.83535599021707,147.5393299915595,138.36945199000183
2,1,0,0,0,0,0,547,67.5986459973501,96.37967600428965,158.93702999164816,87.6021860021865
26,5,0,0,3,0,2,1,99.63742300169542,118.94866199872922,258.7611909984844,103.47548099525739
28,4,0,0,3,0,2,1,80.5837740044808,111.31083000509534,237.7291709999554,107.43995799566619
28,6,0,0,3,0,2,2,150.581455003703,180.62119200476445,200.690637997468,118.57666399737354
24,1,0,0,3,0,2,2,77.78376300120726,106.66435799794272,232.50244499649853,94.83662999991793
25,1,0,0,3,0,2,1,185.07100899296347,179.30437000177335,355.8641239942517,160.6082650105236
25,3,0,0,3,0,2,2,183.8463259919081,209.14077799534425,380.71768599911593,198.02032499865163
28,3,0,0,3,0,2,1,78.6582319997251,110.46218099363614,203.81574699422345,53.32491500303149
24,6,0,0,3,0,2,12,102.98742599843536,121.95832400175277,252.61961400974542,105.41049799940083
29,1,0,0,3,0,2,1,84.6910120017128,111.9944070087513,238.73621301027015,106.23675699753221
3,1,0,0,0,0,0,1289,72.18990499677602,103.73393099871464,168.2775160006713,98.35267999733333
26,3,0,0,2,0,2,1,103.12283199164085,114.52127499796916,258.05732401204295,104.67594499641564
11,2,0,0,1,0,2,5,108.09071498806588,159.08722799213137,272.685902993544,159.31111499958206
18,5,0,0,1,0,2,0,35.11577699100599,47.33164499339182,154.2902450019028,87.65437200781889
3,1,0,0,0,0,0,2981,95.75422300258651,146.97945999796502,222.35926499706693,155.74988999287598
26,3,0,0,3,0,2,1,99.88933299609926,119.43016499571968,256.9542410055874,104.32262900576461
2,0,0,0,0,0,0,4113,43.97140700893942,60.072587002650835,104.58353400463238,49.63786399457604
23,0,0,0,3,0,2,9,100.6372569972882,118.56571400130633,251.4399100036826,103.81564500858076
25,8,0,0,1,0,2,1,81.83318498777226,114.19832400861196,224.61295999528375,108.43471200496424
28,7,0,0,3,0,2,0,40.4322890099138,55.70982801145874,185.713434999343,107.18817000451963
20,6,0,0,2,0,2,13,107.30285299359821,156.4844219974475,286.98219198849984,163.61371200764552
25,1,0,0,4,0,2,1,101.61777799658012,117.5043219991494,253.01750900689512,98.46104000462219
4,3,0,0,0,0,0,2339,60.6851249904139,130.4853220062796,273.0114540026989,200.24268300039694
11,5,0,0,1,0,2,28,182.39471099514049,108.23178499413189,294.48725999100134,103.40381899732165
10,0,0,0,1,0,2,88,76.89321599900723,65.94607800070662,108.07583200221416,55.674842005828395
1,0,0,0,0,0,0,5937,17.063535007764585,19.762787997024134,73.93847899220418,90.8211170026334
4,2,0,0,0,0,0,860,74.18171400786377,104.87079499580432,171.64289600623306,101.11154698824976
25,7,0,0,1,0,2,1,43.30563900293782,92.80291399045382,224.7108239971567,106.65552799764555
18,1,0,0,2,0,2,17,104.78802800935227,153.54706200014334,277.7954589982983,159.02319800807163
20,1,0,0,1,0,2,1,80.9338560065953,107.28921300324146,211.44138999807183,99.28072399634402
24,1,0,0,2,0,2,1,80.84654100821353,110.90073399827816,226.1539460014319,99.82615300395992
3,1,0,0,0,0,0,2981,97.1902260062052,143.3893109933706,131.2364870100282,78.20466099656187
13,3,0,0,1,0,1,51,55.78925799636636,76.9368829933228,146.10412999172695,166.9835159991635
31,1,0,0,4,0,2,1,101.45891200227197,118.96772700129077,272.6912960060872,103.66663300374057
16,4,0,0,1,0,2,3,102.76205599075183,109.50038699957076,232.83299499598797,105.96786798851099
28,1,0,0,3,0,2,0,75.68841300962958,106.36693199921865,231.7439850012306,101.75818699644879
14,4,0,0,1,0,2,5,107.41077599232085,156.470931993681,273.01164699019864,156.8931439978769
25,2,0,0,2,0,2,1,82.4340690014651,108.82875499373768,233.60877099912614,106.44192098698113
28,2,0,0,1,0,2,1,80.22147000883706,87.38492999691516,119.00688800960779,108.22053399169818
34,0,0,0,4,0,2,0,77.19584900769405,109.28583300847095,243.19116900733206,100.03102000337094
18,4,0,0,1,0,2,1,72.39730200672057,61.80505099473521,133.81838900386356,93.29460799926892
22,4,0,0,1,0,2,1,76.58832299057394,59.67294400034007,106.09410599863622,50.69709400413558
22,2,0,0,1,0,2,1,76.3308129971847,104.29995799495373,208.7709339975845,96.84307199495379
21,2,0,0,1,0,2,1,111.46924099011812,159.67217700381298,286.9412659929367,164.22377299750224
26,3,0,0,3,0,2,1,99.2921659926651,120.79195500700735,256.642912994721,102.52869699615985
6,0,0,0,0,0,0,1409,64.55620599444956,91.91255300538614,154.86258499731775,102.42664499673992
18,5,0,0,1,0,2,1,73.77929700305685,104.79441200732253,203.6993139918195,98.98745099781081
25,5,0,0,1,0,2,0,77.06203899579123,108.99171300115995,216.270966004231,103.87994699703995
10,3,0,0,1,0,2,93,173.89991000527516,183.76434899982996,317.57012198795564,206.7036220105365
21,2,0,0,3,0,2,1,56.5074240003014,58.19609999889508,126.81312899803743,50.1590740022948
2,1,0,0,0,0,0,547,67.2557360085193,95.98895200178958,157.49390100245364,87.5781760114478
28,4,0,0,1,0,2,1,108.86980500072241,157.0856150065083,294.8460000043269,163.07273600250483
22,4,0,0,1,0,2,1,104.99574799905531,153.27914999215864,274.62814599857666,153.48396099579986
3,0,0,0,0,0,0,1289,71.77297699672636,103.04035201261286,162.9664030042477,93.6099969985662
11,5,0,0,1,0,2,28,91.39580400369596,55.48711499432102,155.90520900150295,50.88612300460227
18,1,0,0,1,0,2,2,96.51058001327328,104.78980198968202,221.15071199368685,95.74853800586425
28,2,0,0,3,0,2,0,75.90250599605497,110.92410499986727,232.64740900776815,105.32133899687324
14,3,0,0,1,0,2,1,106.62319000402931,150.55060799932107,273.7455640017288,154.03315199364442
28,7,0,0,3,0,2,0,79.55224900797475,113.39672400208656,239.2941469879588,106.52682800719049
20,1,0,0,0,0,0,1,74.95177199598402,106.6981550102355,198.15425299748313,100.54295700683724
15,1,0,0,0,0,0,2,106.01138000492938,160.3166529966984,268.59385399438906,164.94648798834532
13,3,0,0,1,0,2,5,76.09594501263928,103.9575400063768,196.4637280034367,93.8841409952147
14,6,0,0,1,0,2,1,106.79543500009459,151.57569698931184,272.6277079927968,153.99256299133413
6,1,0,0,0,0,0,1409,85.54444799665362,128.18067200714722,202.15922199713532,160.99986499466468
28,3,0,0,1,0,2,1,79.43293500284199,111.75333899154793,225.85913199873175,106.38182899856474
3,2,0,0,0,0,0,2988,58.896110000205226,87.32910799153615,137.65633500588592,182.92864500836004
16,1,0,0,2,0,2,0,100.89128199615516,121.23579399485607,230.79590800625738,106.56020499300212
27,4,0,0,2,0,1,1,73.60401800542604,103.33120399445761,147.04965701093897,48.554038992733695
18,6,0,0,1,0,2,1,106.12304401001893,95.01820099831093,160.82656099752057,159.65320299437735
32,2,0,0,2,0,2,1,105.33894100808538,117.27768499986269,258.02432899945416,96.44742601085454
22,3,0,0,1,0,2,1,75.73007899918593,104.33226800523698,137.28304801043123,97.64058300061151
20,2,0,0,1,0,2,1,77.14925600157585,109.60798599990085,211.1844720056979,105.09646600985434
21,1,0,0,2,0,2,2,77.91399300913326,107.33382700709626,219.49962500366382,103.18964299221989
9,4,0,0,0,0,0,354,121.5632780076703,189.59548299608286,290.2980939979898,204.9256470054388
15,3,0,0,2,0,1,2,72.69613099924754,103.56538099586032,194.9971879948862,94.88606899685692
13,2,0,0,0,0,0,1,77.47782599471975,106.59674000635277,188.6615429975791,100.26022300007753
19,0,0,0,1,0,2,0,72.32025699340738,104.97295200184453,200.77831600792706,94.9305879912572
21,1,0,0,1,0,2,1,63.81732899171766,54.786373002571054,108.95850200904533,54.01972500840202
22,2,0,0,2,0,2,1,50.37239599914756,57.275640006992035,209.86617800372187,96.34939700481482
24,1,0,0,1,0,2,1,95.36951599875465,109.96057499141898,231.63330600073095,102.55417598818894
20,1,0,0,2,0,2,1,103.0345729959663,117.37920698942617,235.85663000994828,96.11812701041345
16,5,0,0,0,0,0,0,39.52794100041501,54.649540994432755,98.98999299912248,53.109541011508554
5,1,0,0,0,0,0,401,100.75316399161238,153.1526900071185,244.5038229925558,157.87190200353507
21,1,0,0,0,0,0,1,77.79111500713043,109.88219200226013,202.27754399820697,105.7550289988285
24,1,0,0,2,0,2,1,106.0077559959609,117.00594899593852,211.12889899814036,82.24014801089652
5,3,0,0,0,0,0,504,122.47955099155661,191.09491200651973,296.25679200398736,201.02138300717343
19,1,0,0,1,0,2,1,99.3185849947622,105.0056219974067,229.24198600230739,95.68114001012873
30,3,0,0,2,0,2,1,103.56167200370692,152.62196300318465,299.45069400127977,156.37288401194382
7,3,0,0,0,0,0,224,79.89043300040066,114.27097299019806,191.207525000209,110.93312299635727
3,0,0,0,0,0,0,2337,32.27740799775347,74.58921500074212,129.56670399580617,94.42703900276683
11,0,0,0,1,0,2,834,45.93764700985048,62.67238401051145,103.9421999885235,63.04335800814442
24,7,0,0,3,0,2,12,102.97389900370035,120.53329599439166,253.47895298909862,102.80969500308856
2,1,0,0,0,0,0,2989,69.33352300256956,97.6366419927217,158.00702100386843,92.19981099886354
18,1,0,0,1,0,2,1,93.49761999328621,110.26885500177741,221.19568799098488,102.98550999141298
25,2,0,0,3,0,2,1,188.98686701140832,188.5312059894204,358.0301350011723,162.57959698850755
25,6,0,0,1,0,2,1,110.3582119976636,158.11743200174533,295.6611179979518,163.93370799778495
6,0,0,0,0,0,0,1409,64.33276800089516,92.15388100710697,156.47277799143922,103.68146399559919
22,7,0,0,1,0,2,1,79.54569801222533,110.02747400198132,217.69495800253935,104.19025699957274
19,1,0,0,2,0,2,3,116.84860699460842,162.140227999771,298.8328619976528,165.0263210030971
9,1,0,0,2,0,1,8,117.42800200590864,108.98622999957297,188.11164499493316,93.4160199976759
24,1,0,0,4,0,2,1,100.30937899136916,105.39004601014312,250.70981700264383,95.43210499396082
11,0,0,0,1,0,2,278,70.5518460017629,54.709470001398586,101.63463599747047,53.61999799788464
14,6,0,0,1,0,2,1,62.33183899894357,75.99913999729324,212.58065399888437,160.77844200481195
20,3,0,0,1,0,2,1,78.77234600891825,112.87862199242227,213.34479199140333,106.65772898937576
2,0,0,0,0,0,0,38,39.44158800004516,49.521003995323554,85.22446799906902,47.49419499421492
5,1,0,0,0,0,0,441,67.86606799869332,97.9628969944315,166.86601999390405,94.91645199886989
28,5,0,0,1,0,2,1,79.20162900700234,111.7172880040016,228.3818410069216,107.18738099967595
8,1,0,0,0,0,0,1,76.46276100422256,110.65541500283871,186.109957008739,101.68723300739657
18,1,0,0,2,0,2,1,101.83385699929204,114.33771200245246,236.90011700091418,96.68391200830229
29,2,0,0,2,0,2,1,79.24565899884328,109.75780799344648,227.1147550054593,106.99395100527909
29,2,0,0,2,0,2,2,79.17764800367877,112.14880901388824,231.29004299698863,106.43652999715414
24,4,0,0,3,0,2,3,98.14544899563771,120.11800598702393,252.85173300653696,104.26992799330037
29,2,0,0,3,0,2,1,85.4942790028872,112.17437499726657,236.88861400296446,105.8597609953722
23,0,0,0,4,0,2,1,51.080946999718435,51.95139200077392,208.09077500598505,94.63423500710633
7,3,0,0,0,0,0,576,79.02355400437955,115.81143899820745,185.55875799211208,112.84524400252849
16,6,0,0,0,0,0,0,76.81807100016158,112.15458699734882,201.75411300442647,108.8780999998562
26,5,0,0,3,0,2,2,199.21021100890357,190.08577200293075,213.73374298855197,200.25014100247063
23,1,0,0,2,0,2,1,100.19435400317889,105.97299099026714,237.339842991787,95.80767000443302
21,2,0,0,1,0,2,1,80.01963399874512,113.14656700415071,216.26606000063475,109.06857199734077
24,1,0,0,1,0,2,1,49.44407999573741,53.350081012467854,119.21737500233576,98.08003500802442
3,1,0,0,0,0,0,723,91.59329699468799,137.9055160068674,174.53241799375974,77.30432698735967
8,3,0,0,1,0,1,273,146.94123099616263,161.3872770103626,271.0948140011169,166.66672899737023
21,3,0,0,1,0,2,1,79.69615700130817,113.60934299591463,218.2132229936542,107.53384200506844
19,1,0,0,0,0,0,1,102.87762299412861,153.12202399945818,262.46457699744496,156.08719499141444
10,3,0,0,1,0,2,93,184.37646899838,245.87457699817605,320.7802689867094,210.2348490006989
24,1,0,0,1,0,2,1,49.66308300208766,51.31382500985637,117.76438500965014,48.82164899026975
15,5,0,0,2,0,1,12,106.18817099020816,155.89260098931845,272.4179450015072,163.07983099250123
20,1,0,0,2,0,2,0,68.84900901059154,94.44442800304387,199.6333319984842,86.31959398917388
24,1,0,0,2,0,2,1,105.40506400866434,123.9992299961159,245.274505999987,106.70139899593778
7,3,0,0,0,0,0,224,108.55071799596772,160.22368999256287,257.39726499887183,164.63818099873606
2,0,0,0,0,0,0,3629,38.47656700236257,53.55608501122333,110.53736999747343,96.44957901036832
28,5,0,0,1,0,2,1,107.38545599451754,158.48439000546932,293.5520830069436,163.9693610050017
21,1,0,0,0,0,0,1,38.94689099979587,52.013118998729624,99.55218099639751,50.47761100286152
14,4,0,0,1,0,2,1,108.2012489932822,152.87561299919616,268.41316299396567,154.34420401288662
28,5,0,0,1,0,2,1,79.49787500547245,112.23872299888171,226.80604799825232,106.81886499514803
8,1,0,0,0,0,0,381,73.29641800606623,106.39770599664189,177.19265300547704,103.10014299466275
8,2,0,0,0,0,0,381,37.017804992501624,51.181976989028044,91.67088799586054,51.56373800127767
22,2,0,0,1,0,2,1,77.15877100417856,103.89579899492674,208.36436699028127,95.96490699914284
3,3,0,0,0,0,0,5631,38.398243006668054,54.186808003578335,101.71595501014963,215.09488999436144
25,1,0,0,4,0,2,1,96.88777499832213,104.7090899955947,248.21871099993587,95.1117220101878
3,3,0,0,0,0,0,5631,19.671753005241044,25.871652003843337,51.179642003262416,107.76576898933854
21,2,0,0,1,0,2,1,79.59429699985776,110.24766000628006,216.02270001312718,107.84728100406937
29,3,0,0,2,0,2,2,78.57392099685967,109.79104999569245,227.54189900297206,107.97360198921524
16,2,0,0,0,0,0,2,74.53030999749899,104.58257200662047,186.83419699664228,98.33580200211145
30,3,0,0,2,0,2,1,104.61658300482668,156.59167600097135,298.2993309997255,116.85029500222299
19,1,0,0,0,0,0,1,38.46263501327485,52.40570999740157,100.84946699498687,101.43923800205812
9,5,0,0,0,0,0,356,123.76653500541579,191.71792299312074,300.1041560055455,208.71892898867372
22,1,0,0,2,0,2,1,76.8813600006979,110.10844299744349,220.2802889951272,106.34232599113602
22,3,0,0,3,0,2,9,99.59807299310341,122.2708679997595,249.0174139966257,103.4562880086014
1,0,0,0,0,0,0,4115,38.55333100364078,53.62953001167625,109.74333999911323,90.49069600587245
11,6,0,0,1,0,2,51,189.33463899884373,108.676044997992,299.3996480072383,102.91448500356637
22,2,0,0,2,0,2,1,78.369171009399,111.82087400811724,219.8748629889451,106.58482699363958
7,2,0,0,0,0,0,16,75.63798800401855,105.10661300213542,127.93173899990506,49.23155400319956
3,2,0,0,0,0,0,3023,111.73729400616139,172.27961200114805,266.6251909977291,200.30139200389385
22,6,0,0,1,0,2,1,39.01606300496496,52.39643699314911,105.77287599153351,49.965500002144836
4,2,0,0,0,0,0,1461,67.90147500578314,96.74989798804745,159.62538500025403,96.85993099992629
20,1,0,0,2,0,2,1,109.3020159896696,152.57728700817097,288.2381269882899,156.43292099412065
24,5,0,0,2,0,2,0,77.48021501174662,109.24379699281417,220.21536700776778,106.08293299446814
10,1,0,0,1,0,2,840,89.08448000147473,123.10968300153036,206.70169199001975,126.80880499829073
28,2,0,0,3,0,2,1,77.6345750055043,109.74155999429058,237.02100399532355,105.50897000939585
7,1,0,0,0,0,0,1595,69.75285099179018,134.24054000643082,209.56724799179938,163.62942500563804
11,6,0,0,1,0,2,1032,84.33826199325267,157.12236100807786,282.2563890076708,178.88494100770913
19,1,0,0,1,0,2,0,73.55499299592339,104.26882401225157,201.8228450033348,95.62410099897534
22,6,0,0,1,0,2,1,104.24911401059944,148.42921499803197,277.6109970000107,154.09298599115573
26,1,0,0,3,0,2,1,84.16608101106249,90.8748500078218,119.09691500477493,53.46251800074242
2,0,0,0,0,0,0,4113,22.063085008994676,29.820580006344244,115.30571100593079,99.04233799898066
27,3,0,0,3,0,2,1,78.74911799444817,112.26898299355526,190.23640599334612,53.88755600142758
15,2,0,0,1,0,1,1,74.57131901173852,105.3288609982701,114.66500400274526,48.71714999899268
25,3,0,0,2,0,2,1,83.80060399940703,113.45516600704286,233.09838899876922,106.78223900322337
6,2,0,0,0,0,0,204,79.15984500141349,113.09840899775736,187.28546699276194,107.61616899981163
11,1,0,0,1,0,2,278,95.33120998821687,132.05451400426682,210.67704599408899,118.32500700256787
9,4,0,0,1,0,2,1849,136.18849799968302,91.75570200022776,228.9918820024468,200.936194989481
25,2,0,0,3,0,2,0,77.2911810054211,110.44427200977225,225.35785399668384,104.93141099868808
32,2,0,0,2,0,2,1,104.35198699997272,114.96597999939695,256.22909900266677,96.63908201036975
11,1,0,0,1,0,2,278,78.59540400386322,111.21593799907714,196.7322060081642,106.00752900063526
9,2,0,0,1,0,2,64,112.76495999481995,164.0940130018862,270.24551600334235,168.63989298872184
26,2,0,0,1,0,2,1,80.14481099962723,67.26074100879487,167.25365299498662,103.90684299636632
23,1,0,0,2,0,2,1,40.75596701295581,54.3892839923501,112.08412500855047,70.89000999985728
28,7,0,0,3,0,2,0,78.95007800834719,114.7572509944439,182.50938100391068,54.312051011947915
17,1,0,0,2,0,2,6,188.12704399169888,190.4968739981996,351.0461400001077,184.9518819944933
23,1,0,0,3,0,2,1,78.30166800704319,105.2018189948285,224.41161100869067,95.73717300372664
8,1,0,0,0,0,0,29,76.38032500108238,108.00069299875759,182.01924400636926,101.28372999315616
22,3,0,0,2,0,1,1,72.10014099837281,103.12441700079944,202.33658200595528,95.22891200322192
25,1,0,0,2,0,2,1,76.27150099142455,101.07204600353725,222.44916899944656,94.79432599619031
14,5,0,0,1,0,2,5,107.96155901334714,156.6968179977266,273.8922579883365,157.19731099670753
28,5,0,0,3,0,2,1,78.73975900292862,111.79597899899818,237.2864430071786,92.37185399979353
24,2,0,0,3,0,2,2,77.44449199526571,105.10171500209253,230.4823519953061,96.46372099814471
20,4,0,0,1,0,2,1,40.22059201088268,54.7879789955914,129.29140598862432,72.40138799534179
18,6,0,0,1,0,2,0,68.14991300052498,95.06201000476722,188.29991000529844,86.24514000257477
3,0,0,0,0,0,0,1111,70.78090199502185,102.69511298974976,165.8080260094721,96.54502400371712
6,0,0,0,0,0,0,33,73.26361899322364,103.47120399819687,175.6601819943171,97.89720800472423
15,0,0,0,0,0,0,2,71.99680998746771,104.02477499155793,183.54747600096744,97.02674899017438
20,7,0,0,2,0,2,13,53.83656999038067,76.57776000269223,143.9441709953826,83.18695001071319
3,2,0,0,0,0,0,2988,118.24755401175935,182.7621770062251,277.07801200449467,200.10986800480168
12,1,0,0,1,0,2,1,74.81273100711405,107.07553100655787,196.66299600794446,100.22554200259037
29,3,0,0,2,0,2,2,78.54474199120887,113.58409299282357,227.9189280088758,105.69198599841911
37,0,0,0,4,0,2,0,95.59114999137819,119.31352700048592,256.91852399904747,102.920022996841
22,1,0,0,1,0,2,1,99.64190000027884,103.56723700533621,230.2993289922597,96.5482140018139
10,1,0,0,0,0,0,212,75.7981770002516,108.07398999168072,187.02606800070498,105.02359199745115
23,3,0,0,1,0,2,1,41.50361299980432,54.769541005953215,111.27911499352194,54.41983600030653
11,3,0,0,0,0,0,272,125.66659599542618,194.82753399643116,303.3876039989991,208.23144901078194
5,0,0,0,0,0,0,487,67.0691699924646,94.40436099248473,159.65548600070179,88.92714700778015
15,1,0,0,2,0,2,1,100.52662801172119,104.74434499337804,226.5871720010182,97.74530999129638
25,2,0,0,2,0,2,1,76.74909800698515,100.70597800950054,219.97064499009866,93.16705900710076
29,2,0,0,1,0,2,1,37.945514995954,52.03699500998482,109.99708599410951,50.59049899864476
7,4,0,0,0,0,0,204,109.55248599930201,161.68249600741547,231.28641699440777,86.34208800503984
26,1,0,0,3,0,2,1,95.09678700123914,119.3280430015875,245.94181799329817,104.00308099633548
14,7,0,0,1,0,2,1,129.3250910093775,187.92006200237665,324.41999499860685,199.0044590056641
22,1,0,0,0,0,0,1,76.04378000542056,107.02323600708041,182.75218299822882,50.39570700319018
14,6,0,0,1,0,2,191,105.98473199934233,153.68603500246536,268.22512900980655,158.35801299544983
22,5,0,0,1,0,2,1,76.36169300531037,105.49154400359839,210.18291199288797,98.89379399828613
11,3,0,0,1,0,2,5,129.12614400556777,199.21620600507595,320.25660799990874,203.06307000282686
21,3,0,0,1,0,2,0,41.25368500535842,51.83738000050653,105.98941400530748,95.7875190069899
26,4,0,0,3,0,2,2,104.60540799249429,123.31770198943559,262.409386006766,106.3612730067689
13,1,0,0,1,0,2,1,178.92454400134739,154.64441300719045,307.0049889938673,131.01364999602083
11,6,0,0,1,0,2,50,178.21628598903771,114.98567200032994,294.82976700819563,108.84025099221617
23,2,0,0,3,0,3,1,83.43644499836955,114.26905701227952,228.48806000547484,106.2888010055758
20,4,0,0,2,0,1,2,136.3626060046954,200.88440499966964,343.0973819922656,209.73275999131147
20,4,0,0,1,0,2,1,77.61689598555677,113.43631699855905,212.25723600946367,107.38192200369667
28,5,0,0,1,0,2,1,40.70842399960384,54.88957499619573,216.73777099931613,105.73026500060223
23,2,0,0,2,0,2,1,40.18794299918227,51.581712992629036,110.81775500497315,48.2620569964638
17,5,0,0,1,0,2,1,74.21285899181385,105.74728199571837,202.5109279929893,96.9523429957917
22,7,0,0,1,0,2,1,78.61114700790495,106.09958101122174,213.22658899589442,100.67024199815933
20,2,0,0,2,0,2,1,74.10130399512127,104.51479601033498,215.90106100484263,98.70542300632223
22,1,0,0,0,0,0,1,78.17289300146513,110.17572300625034,204.83366699772887,104.44834000372794
21,3,0,0,1,0,2,1,41.09999899810646,56.05631199432537,110.00583799614105,54.25222800113261
22,1,0,0,1,0,2,0,68.4001619956689,95.08454900060315,193.2566309988033,87.26940500491764
3,3,0,0,0,0,0,5631,37.761903993668966,51.775488012935966,99.8522660083836,216.44803800154477
23,4,0,0,3,0,2,5,134.43404099962208,167.88139600248542,280.7414129929384,80.60479299456347
1,0,0,0,0,0,0,3722,53.13937499886379,73.78149099531583,133.18576700112317,90.04332299809903
12,0,0,0,1,0,2,13,73.40093000675552,104.83983300218824,190.02291999640875,97.32453200558666
23,2,0,0,2,0,2,2,99.78325699921697,120.74457699782215,244.5987360115396,104.87250299775042
7,2,0,0,0,0,0,398,70.47076099843252,101.503974001389,173.07249300938565,100.8380919956835
25,1,0,0,0,0,0,1,73.46326900005806,102.28020699287299,197.2828950092662,95.007201001863
12,1,0,0,1,0,2,1,96.96751700539608,109.12572500819806,218.78926100907847,101.47232300369069
21,0,0,0,1,0,2,0,74.44893699721433,107.2109700035071,175.00787699827924,50.20250800589565
12,1,0,0,2,0,2,50,149.4411979947472,160.09582600963768,291.8291899986798,162.42945900012273
14,3,0,0,1,0,2,0,68.84952000109479,94.61421699961647,182.74323400692083,86.40020899474621
21,2,0,0,1,0,2,1,74.70206900325138,101.84667499561328,205.43336498667486,95.97142100392375
20,3,0,0,2,0,1,2,137.21400499343872,201.51241699932143,219.6661350026261,181.13167300180066
14,4,0,0,1,0,2,1,65.71204100328032,92.64974699181039,271.12802999909036,196.31716200092342
23,2,0,0,2,0,2,1,79.02866500080563,111.76501100999303,221.37745399959385,106.67768899293151
20,1,0,0,1,0,2,1,94.46785401087254,54.93793499772437,120.63990499882493,53.031887000543065
28,4,0,0,1,0,2,1,106.3780870026676,158.9937730022939,293.2091270049568,162.53027200582437
28,4,0,0,1,0,2,1,78.40799799305387,110.32867699395865,225.34641699166968,106.7919719935162
3,2,0,0,0,0,0,2988,116.24439198931213,181.851932007703,276.2628950004,197.41458300268278
8,4,0,0,1,0,1,273,147.59257799596526,168.18156799126882,238.24791000515688,141.7501059913775
27,4,0,0,2,0,1,1,71.87167300435249,104.696258000331,207.21757899445947,96.27614900819026
20,4,0,0,1,0,2,1,39.03997299494222,54.529151995666325,179.98947500018403,53.83410200010985
3,1,0,0,0,0,0,1479,66.55887000670191,94.56917099305429,156.80601701023988,94.14993500104174
2,1,0,0,0,0,0,3220,60.70616299984977,84.60178200039081,145.75367199722677,96.2678549985867
24,1,0,0,3,0,2,2,102.61496099701617,118.62319200008642,249.06748699140735,97.30357299849857
1,0,0,0,0,0,0,5937,17.022240994265303,20.05505599663593,73.88936200004537,91.35548800986726
9,0,0,0,1,0,2,1066,88.93219899618998,123.8780479907291,199.8315420059953,125.35321999166626
14,4,0,0,1,0,2,0,104.81051300303079,119.14658499881625,224.13033699558582,153.71034099371172
26,3,0,0,3,0,2,1,77.00102699163835,100.41519899095874,193.51188000291586,102.91038600553293
8,2,0,0,0,0,0,381,72.27707000856753,105.11749499710277,178.7428310053656,102.98960299405735
26,5,0,0,3,0,2,2,199.05895899864845,247.1585059975041,421.1821609933395,231.55582199979108
29,0,0,0,4,0,2,0,95.73005499260034,108.2894290011609,261.90068099822383,100.37411999655887
10,2,0,0,1,0,2,93,178.30636700091418,248.6609949992271,320.1433479989646,211.34698699461296
28,8,0,0,3,0,2,1,80.55317400430795,113.20339700614568,241.38299899641424,54.06613899685908
16,2,0,0,1,0,2,1,99.89308498916216,104.53925200272352,224.51382500003092,98.08441699715331
3,1,0,0,0,0,0,2981,97.10711700608954,144.4708549970528,223.8134200015338,157.03691699309275
7,4,0,0,0,0,0,204,82.05816999543458,117.98675000318326,197.9736750072334,114.27994399855379
21,4,0,0,1,0,2,1,80.49314899835736,112.28865799785126,220.81927000544965,109.15407301217783
22,1,0,0,0,0,0,1,38.17837400129065,52.1577270119451,177.9303720104508,100.01787700457498
10,1,0,0,1,0,2,93,177.72863499703817,215.90499399462715,320.614836004097,185.72583100467455
20,3,0,0,1,0,2,0,46.50069499621168,56.72526800481137,112.23823799809907,54.62277799961157
12,1,0,0,0,0,0,1,74.32459000847302,108.26586799521465,145.10706999863032,49.817118007922545
28,7,0,0,3,0,2,1,79.73741000751033,112.33682700549252,242.09019599948078,107.20777499955148
21,2,0,0,1,0,2,1,82.73198500683066,114.06433999945875,218.9246460038703,105.65466599655338
29,1,0,0,4,0,2,0,102.70227400178555,108.1532339885598,268.4632890013745,101.3806969858706
15,2,0,0,1,0,1,1,71.37319599860348,102.44008900190238,189.04127599671483,94.31460000632796
42,1,0,0,5,0,2,1,75.97595799597912,107.330130005721,256.75118900835514,100.5551730049774
18,1,0,0,1,0,2,1,95.26790700329002,109.5403359940974,223.6379560054047,102.48241799126845
15,2,0,0,2,0,2,1,50.57798800407909,51.22150099487044,115.99609399854671,48.52785399998538
27,4,0,0,3,0,2,1,78.57747799425852,111.85074900276959,236.3536060001934,105.79738899832591
24,8,0,0,3,0,2,19,113.35106698970776,127.19962799747009,260.85113899898715,105.66254799778108
29,3,0,0,2,0,2,2,78.76691898854915,111.95822501031216,230.99474800983444,105.57982600585092
28,6,0,0,3,0,2,1,79.79631201305892,113.10516399680637,243.32282999239396,107.10254599689506
6,2,0,0,0,0,0,191,76.83956100663636,109.81996399641503,184.03420600225218,103.22833100508433
32,1,0,0,4,0,2,1,50.01544101105537,58.242000013706274,134.59091899858322,51.7958609998459
34,1,0,0,4,0,2,0,78.00819800468162,107.13842199766077,244.13340099272318,99.92713300744072
21,1,0,0,3,0,2,1,97.1827079920331,106.4582800026983,235.54067801160272,94.53181800199673
23,2,0,0,2,0,2,1,79.0060120052658,105.09048699168488,222.87573700305074,94.47753100539558
31,1,0,0,2,0,2,1,95.72406799998134,110.81799099338241,252.26639499305747,102.73025099013466
36,1,0,0,5,0,2,1,103.55626800446771,116.88347300514579,286.9316330034053,96.75002699077595
6,1,0,0,0,0,0,1409,33.18123100325465,45.55434100620914,79.7782159934286,104.32215100445319
22,1,0,0,2,0,2,1,77.58847399963997,103.25279999233317,110.62154998944607,47.68465900269803
28,7,0,0,3,0,2,1,77.91545600048266,111.85194899735507,237.6443530083634,103.68318800465204
22,1,0,0,1,0,2,1,96.47420600231271,111.30303700338118,234.82859598880168,105.01085699070245
37,1,0,0,4,0,2,0,102.6151080004638,123.29820200102404,265.80368900613394,104.20544500811957
22,1,0,0,2,0,2,1,72.38670799415559,102.00778700527735,214.80708300077822,95.21409899753053
10,0,0,0,1,0,2,14,80.82313100749161,114.43922499893233,199.7087209892925,105.6346730038058
28,4,0,0,1,0,2,1,40.97306600306183,54.9766120093409,114.7008030093275,54.01366500882432
11,6,0,0,1,0,2,1032,167.9652349994285,165.8417729922803,290.6779059994733,182.46175299282186
26,1,0,0,0,0,0,1,76.91313100804109,110.98039899661671,209.66545600094832,106.91036400385201
29,1,0,0,2,0,2,2,101.05493100127205,118.76535898773,244.87363899243064,101.79176699602976
22,0,0,0,2,0,2,1,96.39878600137308,119.49517899483908,241.28515900520142,110.95020800712518
29,2,0,0,3,0,3,1,40.580001994385384,54.849332009325735,123.83702700026333,54.96003100415692
28,3,0,0,3,0,2,1,78.57482400140725,111.10317001293879,238.18663200654555,107.05941398919094
11,4,0,0,1,0,2,50,189.19724599982146,108.4890400088625,298.67447100696154,101.59824701258913
18,6,0,0,1,0,2,1,73.53214400063735,104.8846850026166,203.22272600606084,98.60122299869545
25,6,0,0,1,0,2,0,104.53018400585279,158.48692000145093,284.04090700496454,159.7899719927227
2,1,0,0,0,0,0,2992,95.42517999943811,141.7011960002128,225.67358901142143,152.90165398619138
21,3,0,0,1,0,2,1,79.26982401113492,113.32061399298254,217.45388601266313,107.071040009032
18,6,0,0,1,0,2,1,73.96940399485175,106.54671900556423,205.90636000270024,97.69626198976766
32,3,0,0,2,0,2,1,78.24743899982423,57.32800000987481,187.70132699864917,98.30824199889321
13,2,0,0,1,0,2,0,67.04421600443311,94.62275099940598,182.0520939945709,86.32941500400193
3,2,0,0,0,0,0,2988,117.55728500429541,179.6999149955809,277.03281000140123,200.62094600871205
10,3,0,0,1,0,2,93,149.77849899150897,141.76630300062243,163.83249500358943,108.28863299684599
20,5,0,0,2,0,2,12,78.7493079988053,111.14946099405643,214.5936289889505,97.47662399604451
21,0,0,0,1,0,2,1,91.23886500310618,107.51633399922866,229.70631100179162,103.2437440007925
2,2,0,0,0,0,0,5771,27.155700998264365,36.13032400608063,89.35544500127435,173.75448100210633
11,5,0,0,1,0,2,91,191.6614869987825,108.41025499394163,305.68562999542337,101.60532800364308
22,3,0,0,1,0,2,1,78.15785199636593,109.75621400575619,209.47048500238452,98.78540699719451
20,3,0,0,2,0,2,1,180.45454200182576,184.50378900161013,349.612468999112,180.02523000177462
11,0,0,0,1,0,2,0,34.451931991497986,46.75101400061976,131.88415599870495,85.33905100193806
7,3,0,0,0,0,0,576,77.41363901004661,112.81786099425517,186.81975500658154,112.72350199578796
24,6,0,0,3,0,2,18,102.1455970039824,121.09518299985211,255.14565099729225,104.52784100198187
23,3,0,0,1,0,2,1,44.32377000921406,113.4992669976782,219.52037200389896,106.15007500746287
8,4,0,0,1,0,1,273,150.77464900969062,161.2688680033898,284.898879006505,170.11115700006485
24,1,0,0,4,0,2,1,106.96620300586801,118.64989399327897,264.0359269862529,98.33539300598204
26,2,0,0,3,0,2,1,48.99429500801489,58.765605004737154,126.55242599430494,51.989311003126204
7,0,0,0,0,0,0,77,73.96633799362462,104.77820299274754,177.07939200045075,95.88929699384607
24,0,0,0,2,0,2,0,100.30753999308217,103.53777199634351,242.07995100005064,95.74147799867205
36,3,0,0,6,0,2,1,49.61173899937421,55.520106994663365,139.72376399033237,53.33856299694162
10,0,0,0,0,0,0,6,79.7068859974388,114.3717730010394,190.44040699373,107.54238200024702
6,0,0,0,0,0,0,487,72.65823100169655,104.03486300492659,173.3537330001127,105.69233600108419
3,1,0,0,0,0,0,555,70.60833099239971,100.21452799264807,166.43379199376795,91.96213500399608
19,1,0,0,3,0,2,1,92.94026899442542,106.82987800100818,235.17280000669416,99.95571000035852
12,1,0,0,0,0,0,91,38.16476900829002,52.997966995462775,95.76167298655491,51.38377100229263
11,4,0,0,1,0,2,2,157.9876920004608,107.91716798848938,280.9276449988829,102.13906299031805
26,4,0,0,3,0,2,1,98.7875729915686,119.40069099364337,262.09091099735815,102.69068900379352
26,2,0,0,3,0,2,0,97.8393160039559,117.83809500047937,255.62332199478988,103.0370920052519
22,4,0,0,1,0,2,1,103.93694801314268,150.2209930040408,275.4107900109375,153.49836599489208
1,0,0,0,0,0,0,2995,66.59471000602935,95.26298999844585,154.94145500997547,88.65406599943526
18,2,0,0,1,0,2,5,42.129608991672285,59.68435399699956,109.76591600046959,56.277797993971035
11,3,0,0,1,0,2,2,176.65631999261677,108.81538099783938,285.100073000649,51.2190089939395
28,4,0,0,1,0,2,1,79.3964440090349,109.81264400470536,224.85905700887088,106.89597501186654
27,2,0,0,2,0,2,1,102.31320600723848,114.60703299962915,250.21548000222538,96.28155900281854
18,2,0,0,1,0,2,1,96.16591900703497,108.20737699395977,222.9162239964353,101.85485500551295
12,2,0,0,0,0,0,91,75.29000598879065,105.27201800141484,185.18041499191895,100.49959800380748
24,2,0,0,3,0,2,2,82.96203600184526,109.62584700610023,234.78440500912257,99.8650940018706
28,7,0,0,3,0,2,0,80.69869100290816,111.36879000696354,239.99426899536047,107.70593599590939
6,1,0,0,0,0,0,1409,65.31990499934182,92.72381699702237,159.08677400148008,104.67954799241852
14,6,0,0,1,0,2,1,119.32723500649445,153.85249200335238,287.5115210044896,134.5433809910901
23,2,0,0,3,0,2,1,131.08298899896909,164.66312999546062,317.9649800003972,165.73332699772436
21,2,0,0,2,0,2,6,81.98281501245219,55.82848799531348,204.87833699735347,85.30480800254736
20,3,0,0,2,0,2,1,79.81626100081485,104.19737199845258,220.2855659998022,98.0108990042936
16,4,0,0,1,0,2,1,72.50339999154676,101.71603599155787,180.7008030009456,94.84199699363671
30,2,0,0,2,0,2,1,126.97027099784464,193.83968999318313,270.71391500066966,137.99739099340513
3,1,0,0,0,0,0,1111,70.83681199583225,100.71267599414568,165.56907100311946,94.86616800131742
3,2,0,0,0,0,0,2988,58.78710099204909,175.83742600982077,274.7432220057817,198.90427999780513
25,6,0,0,1,0,2,1,82.66810300119687,111.92699000821449,225.20607800106518,107.6684900035616
30,1,0,0,3,0,2,1,40.37170700030401,54.002573000616394,119.85737500071991,52.93474999780301
24,1,0,0,3,0,2,1,100.37353000370786,121.84671399882063,250.26388000696898,104.73579900281038
18,1,0,0,2,0,2,1,77.92725900071673,105.45817299862392,213.12241499254014,95.70858300139662
22,0,0,0,1,0,2,0,96.20234600151889,109.24456200154964,234.0464669978246,103.64248498808593
3,1,0,0,0,0,0,1111,35.748199006775394,49.64629199821502,83.41118799580727,47.76264099928085
19,1,0,0,1,0,2,1,81.39172499068081,104.36863100039773,208.06948500103317,99.20937700371724
10,2,0,0,1,0,2,88,97.01046701229643,134.45082999533042,206.26625999284443,109.42400099884253
17,1,0,0,3,0,3,2,110.0822090083966,151.87458498985507,277.90160400036257,152.32001099502668
28,3,0,0,3,0,2,1,80.69857599912211,112.85475399927236,239.71100299968384,107.4661900056526
21,4,0,0,3,0,2,3,104.24964599951636,153.40359999390785,290.98544199950993,158.44470899901353
3,0,0,0,1,0,1,1445,108.3813139994163,140.0385209999513,175.0432699918747,144.81571600481402
21,1,0,0,2,0,2,1,95.92496699769981,117.20876100298483,236.97878800157923,102.12673200294375
2,1,0,0,0,0,0,3267,43.91558299539611,63.866894008242525,107.0258969994029,77.63810400501825
13,2,0,0,2,0,1,15,72.84952499321662,102.09605599811766,189.77605100371875,94.54663800715934
24,2,0,0,1,0,2,1,95.66530700249132,107.42873798881192,233.92524200608023,102.6705080003012
2,1,0,0,0,0,0,3629,47.87314299028367,67.8653530048905,129.2282970098313,152.31704400503077
19,3,0,0,1,0,2,1,112.01182499644347,149.4663759949617,280.6156079896027,154.48845899663866
19,2,0,0,1,0,2,1,80.53817300242372,103.92417501134332,107.04653699940536,48.81959799968172
16,2,0,0,1,0,2,2,77.60544799384661,111.32134099898394,210.4085400060285,105.68412899738178
24,2,0,0,3,0,2,1,97.10879799968097,119.48431900236756,252.79448699438944,102.27543899964076
17,0,0,0,1,0,2,7,51.79962900001556,76.10075701086316,232.479364000028,98.28474299865775
16,4,0,0,1,0,2,3,102.46661500423215,112.72351400111802,227.97461500158533,102.98402000626083
23,4,0,0,1,0,2,1,44.21883799659554,90.15232400270179,221.35942200839054,105.90152999793645
15,2,0,0,2,0,1,0,72.58067099610344,102.81771799782291,194.02318898937665,96.28847800195217
20,4,0,0,2,0,1,1,56.439830994349904,76.76757000444923,142.71198101050686,83.27574799477588
9,2,0,0,1,0,2,64,111.60032100451645,163.6079080053605,273.1865629903041,168.85703499428928
24,1,0,0,2,0,2,1,97.66992799995933,106.08318100275937,243.16644899954554,97.0288550015539
11,6,0,0,1,0,2,1032,171.7009880085243,169.69833499751985,286.2621130043408,182.55522300023586
25,5,0,0,1,0,2,1,85.75433200167026,112.62145500222687,228.6618259968236,107.87642399372999
12,1,0,0,1,0,2,273,106.37360400869511,157.0703479956137,184.09287299436983,119.50251800590195
11,5,0,0,1,0,2,28,181.50260898983106,108.8049760001013,273.90390398795716,102.97930699016433
28,2,0,0,2,0,2,2,78.06105499912519,111.62971000885591,232.51224598789122,104.35103200143203
16,1,0,0,1,0,2,2,84.1923090047203,52.694590005557984,113.04531901259907,50.57248999946751
16,1,0,0,2,0,2,0,101.72511299606413,119.95798099087551,231.55058600241318,107.45657699590083
21,1,0,0,2,0,2,1,83.10546899156179,111.86254900530912,223.7220340030035,105.4483350017108
27,1,0,0,3,0,2,1,45.245365996379405,102.96220899908803,230.97340000094846,96.59572799864691
1,0,0,0,0,0,0,5937,17.122695993748493,20.373005987494253,74.14336800866295,90.84651000739541
8,3,0,0,0,0,0,1321,113.54552199190948,176.00337399926502,254.4614139915211,209.05334601411596
25,1,0,0,3,0,2,1,98.36776299925987,109.5463829988148,247.28074300219305,97.39349999290425
13,0,0,0,2,0,2,11,85.26721700036433,103.98580599576235,203.75142600096297,94.89554600440897
21,2,0,0,1,0,2,1,80.72686100786086,114.18420099653304,217.22536699962802,107.80907700245734
21,5,0,0,3,0,2,3,70.49508599448018,98.40551699744537,181.36213200341444,104.29367100005038
7,2,0,0,0,0,0,1401,65.78225900011603,93.33322900056373,159.01360200950876,104.79580800165422
23,2,0,0,2,0,2,1,79.54550899739843,111.110218000249,224.42074998980388,107.7649569924688
20,5,0,0,1,0,2,1,77.80282500607427,110.61884299851954,214.28942200145684,105.54303199751303
26,3,0,0,3,0,2,1,152.60785298596602,206.0525150009198,387.23354099784046,201.20549999410287
22,2,0,0,2,0,3,1,82.70491599978413,111.30024799786042,225.41536699282005,107.17400501016527
9,5,0,0,0,0,0,356,122.41002199880313,189.53505999525078,294.70749500615057,207.76624100108165
16,1,0,0,1,0,2,20,48.38477898738347,53.57683199690655,112.30152400094084,52.08177700114902
1,0,0,0,0,0,0,5937,17.174501990666613,20.23528900463134,74.20005499443505,89.33576299750712
5,2,0,0,0,0,0,1409,82.87187499809079,123.86967999918852,195.36721700569615,158.5582730040187
11,1,0,0,1,0,2,1107,95.2309380081715,131.27279801119585,209.87389200308826,131.37375400401652
22,4,0,0,1,0,2,0,34.20559900405351,46.86648599454202,96.96772099414375,42.96223999699578
27,3,0,0,3,0,2,1,78.51573299558368,112.60024100192823,235.16635700070765,103.8180920004379
14,1,0,0,0,0,0,1,75.86203599930741,106.99638200458139,191.28496998746414,99.45121499185916
31,2,0,0,4,0,2,1,108.14202501205727,123.58632200630382,275.22055100416765,104.84345200529788
11,4,0,0,1,0,2,5,120.13390401261859,178.6280859960243,286.0034490004182,175.51230000390206
13,1,0,0,2,0,2,11,43.788748007500544,51.44161099451594,103.27510700153653,48.107592010637745
28,8,0,0,3,0,2,2,149.71713299746625,234.15639999439009,404.3154399987543,235.60710799938533
22,3,0,0,2,0,2,1,77.2121909976704,111.34969000704587,220.94936099892948,106.03312800230924
4,3,0,0,0,0,0,2339,120.55165899801068,183.17571199440863,277.4408920085989,200.0577830040129
11,6,0,0,1,0,2,1032,169.15166800026782,167.17284200422,282.6451910077594,177.19486699206755
28,1,0,0,2,0,3,1,83.18727900041267,113.42750499898102,232.08435699052643,106.72399499162566
16,5,0,0,0,0,0,0,78.3365999959642,110.58936499466654,200.66528700408526,106.33942999993451
14,0,0,0,1,0,2,223,93.43545799492858,100.05436500068754,137.1573390060803,109.820944009698
27,3,0,0,2,0,1,1,73.44689100864343,103.97407998971175,209.80094900005497,95.65697300422471
8,3,0,0,1,0,2,1964,145.37031299551018,194.53938599326648,254.61458499194123,228.41093900206033
28,3,0,0,1,0,2,1,79.83332000731025,110.5330540012801,165.0444359984249,53.67681999632623
5,3,0,0,0,0,0,1952,137.95799999206793,213.32592799444683,316.0711550008273,230.79125600634143
20,2,0,0,2,0,2,1,41.19639900454786,97.21747299772687,219.75022299739067,99.35744600079488
6,3,0,0,0,0,0,0,98.20114700414706,145.59989199915435,238.6763160029659,150.00257799692918
33,1,0,0,1,0,2,1,50.102281995350495,51.637866999953985,126.30080999224447,49.33226900175214
14,7,0,0,1,0,2,5,121.0858529957477,171.2690809945343,290.756535003311,170.77901899756398
25,4,0,0,3,0,2,2,93.14100499614142,138.58515799802262,376.5884560125414,199.8410980013432
18,1,0,0,1,0,2,1,79.10063199233264,106.87378600414377,206.51966000150423,98.2851849985309
6,0,0,0,0,0,0,1409,64.94662800105289,93.26578601030633,155.61275099753402,102.34105300332885
28,3,0,0,1,0,2,1,80.5896490055602,111.23674700502306,226.7705370031763,107.01962200982962
26,3,0,0,1,0,2,1,79.11955199961085,110.8162029995583,220.17224899900611,103.95448798954021
26,5,0,0,3,0,2,2,53.51839400827885,60.83023099927232,149.012658992433,103.83978398749605
6,1,0,0,1,0,1,0,117.16865400376264,103.47751500376035,197.9760179965524,82.65734498854727
13,2,0,0,1,0,2,1,175.4585659946315,156.89446599571966,309.6270309906686,160.31434200704098
32,2,0,0,2,0,2,1,104.19991699745879,97.20135200768709,144.4132450124016,61.336775004747324
17,1,0,0,2,0,2,1,80.55775199318305,101.45062299852725,109.72141100501176,48.492655987502076
22,3,0,0,2,0,2,6,99.98843999346718,107.58658499980811,244.34854999708477,97.11440600221977
30,1,0,0,3,0,2,1,77.02516599965747,106.1023660004139,235.5171759991208,93.7170199904358
6,2,0,0,0,0,0,1409,64.05120799900033,91.1912050069077,156.6324169980362,95.08626299793832
4,3,0,0,0,0,0,2339,118.83505500736646,181.3388139999006,271.12117600336205,200.377531000413
8,1,0,0,0,0,0,381,73.5432219953509,105.78719699697103,178.06475701218005,103.75864300294779
14,6,0,0,1,0,2,0,123.78779900609516,173.0387459974736,279.79027199035045,167.94315401057247
11,6,0,0,1,0,2,51,187.63069300621282,110.10169600194786,300.7851699949242,101.63451099651866
22,2,0,0,1,0,2,0,69.63471499329899,97.34941400529351,195.27467699663248,87.2180419974029
7,3,0,0,0,0,0,0,42.555948995868675,57.69522400805727,129.9837279948406,114.2859699903056
10,3,0,0,1,0,2,93,177.66567900252994,239.6331259951694,319.54959900758695,212.05935398756992
3,0,0,0,0,0,0,499,71.19462700211443,80.23092700750567,163.28296600840986,99.9172459996771
11,7,0,0,1,0,2,51,191.8609799904516,110.53019300743472,300.86475898860954,103.00573600397911
10,3,0,0,1,0,2,28,91.35798799979966,51.085106999380514,151.71767999709118,48.26704799779691
21,4,0,0,1,0,2,0,82.70200200786348,105.99057200306561,212.40530899376608,99.17176699673291
1,1,0,0,0,0,0,5937,8.584946001064964,9.63040700298734,37.22242600633763,55.969741006265394
16,3,0,0,2,0,2,509,108.93785399093758,130.0696629914455,240.36883999360725,123.09636500140186
20,3,0,0,2,0,2,1,107.72954300045967,153.17376599705312,287.8867499966873,156.83421900030226
5,2,0,0,0,0,0,0,61.3595409959089,153.86438299901783,295.8352669957094,196.2866169924382
27,2,0,0,1,0,2,1,79.05271199706476,112.23358399001881,223.75057599856518,107.23735200008377
25,3,0,0,1,0,2,1,84.37025600869674,111.54074899968691,225.83734900399577,107.5716680061305
7,5,0,0,0,0,0,336,110.58968100405764,168.86996300308965,265.20245701249223,146.8625880079344
10,0,0,0,1,0,2,88,95.89543000038248,135.17521299945656,205.51951399829704,53.634517011232674
11,1,0,0,0,0,0,247,39.263336002477445,54.10568800289184,164.82951400394086,106.00290700676851
14,6,0,0,1,0,2,0,67.77048300136812,96.69834200758487,181.38591600290965,85.28127399040386
14,7,0,0,1,0,2,1,187.63159499212634,226.85718299180735,406.33211300882977,170.3423099970678
25,1,0,0,2,0,2,1,192.13213100738358,192.06102599855512,364.16254499636125,182.92123700666707
8,1,0,0,1,0,1,27,79.87989099638071,104.87864101014566,186.26443600805942,95.32719000708312
24,4,0,0,3,0,2,0,103.94588099734392,121.88194099871907,254.192124994006,105.36651599977631
20,6,0,0,2,0,2,12,78.50050200067926,110.72520299057942,218.481375995907,105.89534799510147
28,1,0,0,3,0,2,1,80.44131399947219,112.62302000250202,239.22441399190575,107.86551500495989
24,2,0,0,3,0,2,1,99.63942600006703,104.77946599712595,238.1524200027343,95.68722399126273
1,0,0,0,0,0,0,3585,62.27641200530343,89.20458900684025,149.59290099795908,88.7741860060487
21,2,0,0,2,0,2,1,42.091577997780405,92.72347200021613,225.66200100118294,105.74809199897572
28,2,0,0,2,0,3,1,56.388334996881895,151.70534899516497,301.92603199975565,162.73389100388158
11,7,0,0,1,0,2,51,96.09154300414957,53.54498600354418,157.61523999390192,50.897203997010365
2,1,0,0,0,0,0,3629,48.49423299310729,68.86885699350387,132.50902701111045,153.79132601083256
21,2,0,0,1,0,2,1,80.18993800214957,114.48346301040146,215.6744450039696,106.01519100600854
28,5,0,0,1,0,2,1,79.82771200477146,112.13222099468112,226.22900099668186,106.14244600583334
25,1,0,0,2,0,2,1,80.02875199599657,112.0692780095851,233.4364260022994,106.56236800423358
28,4,0,0,1,0,2,1,79.63356499385554,113.75748300633859,224.98746300698258,105.4172909935005
7,2,0,0,0,0,0,0,52.413573997910134,73.75226099975407,125.17298199236393,108.38633299863432
15,4,0,0,2,0,1,2,73.19966101204045,103.11757800809573,194.72268500248902,95.26374799315818
15,3,0,0,2,0,2,1,100.14789199340157,107.45453700656071,173.2371480029542,48.998821002896875
29,2,0,0,3,0,2,1,85.27270799095277,112.90535400621593,238.296873998479,104.63592599262483
18,1,0,0,1,0,2,1,178.22754800727125,154.24651298963,335.6874500022968,158.20166301273275
23,2,0,0,1,0,2,1,79.91138499346562,112.84353499650024,218.5522820072947,106.01978200429585
28,8,0,0,3,0,2,1,40.040002000750974,54.81147799582686,120.50612100574654,53.09499200666323
24,5,0,0,3,0,2,9,98.30448200227693,120.15822499233764,253.52714699693024,103.29337000439409
3,1,0,0,0,0,0,2981,96.77942800044548,145.01309700426646,223.0133319972083,155.9254830062855
15,3,0,0,1,0,1,1,71.4808129996527,101.1134839936858,185.64954999601468,87.33230500365607
14,2,0,0,0,0,0,1,74.537150998367,107.00035298941657,188.37734300177544,98.7483390053967
21,4,0,0,3,0,2,0,105.0241439952515,152.6135099993553,289.12451599899214,155.78807800193317
20,5,0,0,2,0,1,1,110.15576600038912,159.20034800365102,283.91908000048716,163.75248300028034
5,1,0,0,0,0,0,1622,63.040495006134734,89.69024100224487,154.8888630059082,60.653936001472175
28,9,0,0,3,0,2,2,171.24647699529305,266.65060500090476,497.219746990595,263.46530800219625
20,5,0,0,1,0,2,1,76.88585799769498,136.6721980011789,180.9388669935288,106.76686400256585
24,1,0,0,0,0,0,1,52.414745005080476,111.77558299095836,213.99080799892545,106.74989198741969
20,8,0,0,2,0,2,13,106.69714600953739,161.77037499437574,273.7287679919973,162.46632499678526
24,1,0,0,2,0,2,1,100.3754929988645,108.10706600022968,245.8233120123623,97.64051200181711
24,5,0,0,3,0,2,3,50.515430004452355,119.46658299711999,252.47717001184355,103.84846798842773
24,4,0,0,3,0,2,3,60.41549300425686,118.93422499997541,257.9974590044003,104.05323099985253
24,9,0,0,3,0,2,19,111.5665590041317,124.81075299729127,259.1128570056753,106.90866199729498
28,7,0,0,3,0,2,2,66.95636198855937,97.91716000472661,184.18401198869105,106.99609399307519
19,1,0,0,1,0,2,1,81.52483400772326,104.16755599726457,212.12398800707888,98.12536899698898
20,5,0,0,2,0,2,12,79.51901500928216,111.82090800139122,219.46377800486516,106.01594900072087
24,4,0,0,3,0,2,3,97.83652200712822,120.96264399588108,252.47390700678807,103.76372099563014
23,1,0,0,3,0,3,1,84.0569979918655,112.62832798820455,230.08628099341877,106.36244599299971
16,3,0,0,1,0,2,3,104.29416298575234,110.14656000770628,234.42533100023866,104.1180119937053
21,3,0,0,1,0,2,1,83.30980098980945,111.67831200873479,149.4442760013044,53.15876599343028
16,2,0,0,1,0,2,1,99.23862300638575,105.27089399693068,222.87879699433688,95.70962600992061
11,6,0,0,1,0,2,91,197.39116200071294,109.17568299919367,306.6961089934921,101.51368200604338
8,1,0,0,0,0,0,958,58.80172099568881,103.66591400816105,172.09654299949761,106.21347998676356
16,1,0,0,0,0,0,4,78.48040299722925,111.38667400518898,201.62673298909795,105.97199700714555
21,1,0,0,0,0,0,1,40.143314996385016,54.775657001300715,102.93021099641919,52.82544999499805
5,3,0,0,0,0,0,1896,91.52452899434138,138.628257001983,210.81456399406306,204.82255300157703
18,2,0,0,1,0,2,5,83.45104000181891,120.09979500726331,215.83238399762195,112.468181992881
4,3,0,0,0,0,0,2339,59.8996460030321,154.96881000581197,273.47935500438325,201.13677901099436
32,1,0,0,4,0,2,1,100.31280199473258,118.51182900136337,246.5455649944488,58.68941399967298
11,8,0,0,1,0,2,1413,182.17527600063477,173.7629909912357,291.8101780087454,180.29721100174356
24,2,0,0,3,0,2,1,101.34793900942896,119.8959030007245,251.81292099296115,102.21009601082187
22,6,0,0,1,0,2,1,105.26171699166298,151.7075500014471,173.07411698857322,82.9875439958414
25,2,0,0,3,0,2,1,99.58921201177873,107.2340139944572,232.95679601142183,48.5219129914185
25,1,0,0,3,0,2,1,49.69637800240889,58.35881999519188,247.47430899878964,101.69788599887397
18,2,0,0,1,0,2,1,71.77605500328355,104.12985199945979,199.7019359987462,96.64218701072969
19,2,0,0,1,0,2,0,98.22874300880358,102.74482899694704,225.46456799318548,95.17639000841882
3,3,0,0,0,0,0,5631,20.086827003979124,26.749441007268615,50.94173400721047,109.63124199770391
11,6,0,0,1,0,2,1032,165.44939299637917,163.5733850125689,280.00765199249145,179.5093690016074
26,4,0,0,2,0,2,1,104.25298800691962,115.06952600029763,258.53728799847886,106.59079199831467
1,0,0,0,0,0,0,5937,8.811130988760851,10.179285003687255,38.47733199654613,45.71852101071272
13,0,0,0,2,0,2,141,101.55587500776164,119.21219299256336,224.6338450058829,111.70423499424942
19,2,0,0,1,0,2,1,100.22899600153323,106.27575199760031,228.4318629972404,75.63146699976642
28,5,0,0,1,0,2,1,79.25914500083309,113.31213099765591,227.51250700093806,108.34537100163288
1,1,0,0,0,0,0,5937,16.29946200409904,19.131741995806806,72.12551700649783,114.33341399242636
16,1,0,0,1,0,2,7,72.28658099484164,103.04421299952082,196.92643999587744,94.89910099364351
12,1,0,0,0,0,0,94,75.27565999771468,104.55524999997579,186.4701970043825,100.71894100110512
7,3,0,0,0,0,0,1888,101.32300099940039,154.50729000440333,222.48287599359173,207.33214399660937
11,7,0,0,1,0,2,1032,167.17877899645828,168.93773699121084,283.6315349995857,110.25052999320906
16,3,0,0,1,0,2,6,51.26205598935485,51.29065000801347,115.66467100055888,89.74586099793669
22,2,0,0,2,0,2,1,76.90510699467268,102.78127799392678,217.8112709952984,93.89065200230107
14,3,0,0,1,0,2,1,122.6876180007821,157.43202000157908,289.03847000037786,160.8321849926142
25,2,0,0,2,0,2,1,79.60288700996898,104.80154400283936,226.5689470077632,98.32822800672147
21,1,0,0,3,0,2,1,77.52434299618471,105.18166099791415,217.20512300089467,95.00131399545353
2,0,0,0,0,0,0,1868,70.5670550087234,98.39329699752852,162.4325300072087,90.92666298965923
7,1,0,0,0,0,0,1401,33.532465997268446,46.7025910038501,81.64900400151964,52.680275999591686
18,5,0,0,1,0,2,1,71.9461849948857,103.87885398813523,198.07213300373405,96.22926299925894
25,4,0,0,1,0,2,1,85.07339398784097,114.00277299981099,227.70940700138453,77.196443991852
19,3,0,0,1,0,2,0,98.36582200659905,106.23149000457488,226.72921000048518,95.52882199932355
29,1,0,0,4,0,2,1,104.5436209969921,115.6974409968825,267.52270400174893,95.62295700015966
17,3,0,0,1,0,2,1,153.56059301120695,108.43684799328912,258.8266249949811,100.1110399956815
20,1,0,0,3,0,2,1,78.09790500323288,106.2861249956768,215.03115398809314,96.15399800532032
28,4,0,0,1,0,2,1,79.89676999568474,112.0210780063644,228.374882004573,113.51030600781087
28,6,0,0,1,0,2,1,79.54376199631952,112.40982699382585,226.81695900973864,115.02928899426479
36,1,0,0,4,0,2,1,98.12643600162119,115.76642600994091,284.2688740056474,103.77607100235764
11,5,0,0,1,0,2,1032,84.01852499810047,67.10019998718053,246.46935300552286,212.16049400391057
28,6,0,0,3,0,2,1,79.92236100835726,112.63697501271963,252.47575000685174,106.24803599785082
10,4,0,0,1,0,2,28,182.27342700993177,77.65568399918266,303.2899710087804,98.32893799466547
18,6,0,0,1,0,2,0,71.47996101411991,145.4283769999165,189.86888600920793,86.41233600792475
24,2,0,0,3,0,2,2,52.313322012196295,152.57581499463413,251.63073500152677,96.68634700938128
22,3,0,0,2,0,3,1,93.49562799616251,128.30761799705215,227.17782299150713,108.20099400007166
28,4,0,0,1,0,2,1,79.29430798685644,102.63629799010232,208.6025609896751,82.18416098679882
25,2,0,0,3,0,2,1,104.55150499183219,120.10290700709447,238.94425999606028,51.971419001347385
16,3,0,0,1,0,2,3,103.27535300166346,109.4643120013643,231.98780600796454,104.17250299360603
23,3,0,0,2,0,2,1,77.79295201180503,105.36400499404408,222.46122399519663,94.16571300243959
13,2,0,0,1,0,2,1,91.76906099310145,104.93495600530878,211.6667549998965,95.44666799774859
14,3,0,0,1,0,2,1,106.63437000766862,151.2279910093639,255.2984270005254,78.2582699903287
14,4,0,0,1,0,2,1,124.19217699789442,156.67970999493264,291.76713299239054,161.96145598951261
17,3,0,0,1,0,2,1,149.9265199963702,108.05508399789687,253.0064190068515,100.98561400081962
27,1,0,0,2,0,2,1,96.96539599099196,109.52535500109661,250.7445219962392,103.15340300439857
9,0,0,0,1,0,2,1066,90.08628698938992,124.8648479959229,198.6405299976468,124.78572300460655
5,3,0,0,0,0,0,504,61.82311300653964,91.91896699485369,244.86206599976867,197.68969199503772
24,1,0,0,3,0,2,1,50.194161987747066,51.53391000931151,119.62129600578919,88.49294598621782
20,1,0,0,2,0,2,1,129.43509500473738,165.97003600327298,317.39996100077406,134.11512500897516
14,1,0,0,1,0,2,1,100.07406600925606,103.38086599949747,220.42877499188762,97.0083369902568
14,3,0,0,1,0,2,0,62.0966540009249,91.57990300445817,158.80109499266837,96.49204499146435
22,5,0,0,1,0,2,0,68.27657199755777,94.85552599653602,192.3256010049954,85.8715569920605
11,5,0,0,1,0,2,5,184.99513500137255,278.0442899966147,401.1949830019148,273.28925400797743
28,5,0,0,1,0,2,1,108.5822629975155,160.4600489954464,291.9374779885402,162.50265399867203
9,1,0,0,0,0,0,1,72.0949219976319,102.44691700791009,176.8747050082311,96.10229299869388
20,6,0,0,1,0,2,1,77.56393600720912,110.11097699520178,143.41651799622923,54.163099004654214
22,3,0,0,1,0,2,1,77.67571600561496,103.6587580019841,208.4099859930575,97.51188800146338
10,3,0,0,1,0,2,93,186.5638719900744,230.64170799625572,325.3170989919454,185.69899100111797
10,3,0,0,1,0,2,1153,174.42663200199604,257.200757987448,351.4796160015976,272.43158301280346
24,2,0,0,4,0,2,2,183.88359699747525,185.44313999882434,373.51579099777155,165.04966100910679
13,0,0,0,1,0,2,0,50.96304300241172,50.531651999335736,112.19203000655398,48.50691799947526
22,1,0,0,3,0,2,7,190.75022800825536,185.09745100163855,370.0604639889207,166.94337599619757
20,2,0,0,1,0,2,1,93.8188669970259,110.49666299368255,234.5700290024979,102.97931700188201
34,2,0,0,4,0,2,0,77.11932199890725,107.60130699782167,242.4960740027018,100.08779299096204
28,3,0,0,1,0,2,1,80.96818199555855,113.19140400155447,227.70994799793698,106.7025889933575
25,7,0,0,1,0,2,1,83.4711900097318,111.11144599271938,224.50033799395896,107.0694590016501
23,2,0,0,3,0,3,1,83.33628599939402,114.58159500034526,227.21695801010355,108.56745101045817
22,7,0,0,1,0,2,1,78.19219400698785,106.262567001977,212.41353898949455,99.83423299854621
21,0,0,0,1,0,2,1,155.37972800666466,103.5521290032193,283.47219999704976,98.1974650057964
11,6,0,0,1,0,2,28,181.05628200282808,108.523773989873,290.0226400088286,50.926693991641514
23,3,0,0,2,0,2,4,52.69544600741938,58.272580994525924,124.46493699098937,85.71190299699083
1,0,0,0,0,0,0,4117,41.482512999209575,57.03727499349043,114.50502299703658,92.53697098756675
5,3,0,0,0,0,0,1896,91.55364699836355,141.05239600758068,211.18752400798257,203.02725900546648
13,1,0,0,1,0,2,0,92.79723800136708,102.97780600376427,305.2151329902699,153.78510400478262
29,4,0,0,2,0,2,2,78.98075800039805,111.75708399969153,232.08935899310745,107.14375899988227
18,5,0,0,1,0,2,1,75.26627599145286,105.24412099039182,204.95936799852643,100.10177100775763
22,4,0,0,1,0,2,1,77.22167900647037,104.5493580022594,208.853452000767,95.30738199828193
14,2,0,0,2,0,2,25,42.60162099672016,52.76184200192802,108.9161440031603,51.42764399352018
32,2,0,0,4,0,2,1,98.6019039992243,116.09942698851228,270.50002000760287,104.53133400005754
10,2,0,0,0,0,0,212,77.16729800449684,110.24818300211336,187.90300498949364,61.679908001678996
24,5,0,0,3,0,2,3,99.41500800778158,117.95279900252353,214.20945499266963,51.2979820050532
8,0,0,0,0,0,0,84,69.96259299921803,100.46375800448004,172.9975049966015,95.16766600427218
14,1,0,0,0,0,0,10,77.19548999739345,110.95991400361527,194.64481199975125,108.15913800615817
8,2,0,0,0,0,0,381,98.33423899544869,146.12727299390826,237.12751500715967,160.71223800827283
24,1,0,0,2,0,2,1,109.85152199282311,153.21042700088583,295.68880099395756,157.90328799630515
32,3,0,0,2,0,2,1,53.53586599812843,78.34756599913817,254.7098180075409,97.70638300688006
14,7,0,0,1,0,2,194,129.45872599084396,192.69717700080946,325.9082160075195,202.25145600852557
23,1,0,0,1,0,2,1,40.02517099434044,54.44131999684032,137.7104979910655,54.84087399963755
19,2,0,0,0,0,0,1,75.14860900118947,106.80317500373349,156.10343500156887,86.32119699905161
11,4,0,0,1,0,2,2,161.90122699481435,108.48057200200856,287.74193600111175,102.4775679979939
18,3,0,0,1,0,2,1,122.06189200514928,157.60560100898147,288.7884930096334,159.51237099943683
21,3,0,0,1,0,2,1,40.093656003591605,56.09399499371648,110.36418301227968,54.563808007515036
23,3,0,0,1,0,2,2,78.67770300072152,114.68621400126722,218.7397020024946,105.67353000806179
26,5,0,0,3,0,2,1,97.479446005309,118.1181060092058,253.72970700846054,102.58180199889466
25,6,0,0,1,0,2,2,82.28171399969142,111.87125799187925,225.41033799643628,107.79334900144022
23,1,0,0,1,0,2,1,78.64840800175443,111.22203500417527,215.9429099992849,107.71678500168491
21,6,0,0,3,0,2,3,158.3622629987076,228.45045299618505,406.4206109906081,230.2322519972222
24,1,0,0,2,0,2,1,94.3568570073694,110.08603200025391,239.16895600268617,100.75358299945947
3,2,0,0,0,0,0,3212,34.39401699870359,48.88211099023465,85.9765100030927,103.88847198919393
3,1,0,0,0,0,0,91,70.78909099800512,100.63377099868376,168.13537498819642,92.9352430102881
3,2,0,0,0,0,0,2988,116.13012399175204,176.76242400193587,271.12132699403446,198.182676002034
9,6,0,0,0,0,0,1263,110.74772301071789,167.14971700275782,248.67258399899583,208.0367960006697
33,1,0,0,4,0,2,1,104.59253999579232,118.10196800797712,275.0467980076792,96.41725999244954
20,1,0,0,2,0,2,2,39.5345620054286,53.07064299995545,108.65031900175381,51.59488299977966
15,4,0,0,1,0,1,1,73.37778000510298,102.70650000893511,187.65197800530586,92.94311099802144
28,2,0,0,1,0,2,0,79.57831800740678,112.19289200380445,223.60784201009665,109.15735700109508
11,1,0,0,1,0,2,1,76.90066999930423,101.96351699414663,194.4015600020066,93.34624500479549
1,0,0,0,0,0,0,508,67.4011040100595,95.31764799612574,156.61440300755203,86.53852499264758
16,2,0,0,2,0,2,0,101.19883000152186,119.69788301212247,234.57358799350914,108.34896899177693
24,2,0,0,3,0,2,1,98.78758399281651,105.2768359950278,236.04744399199262,95.29851599654648
23,2,0,0,2,0,2,1,39.87787100777496,51.63776299741585,114.71415900450666,47.513382000033744
13,1,0,0,1,0,2,3,97.54965899628587,101.9978020049166,216.07953000057023,96.72994799620938
17,0,0,0,0,0,0,3,76.54554799955804,108.59128400625195,196.27676899835933,101.7089220113121
22,2,0,0,3,0,2,8,187.59347600280307,184.00698799814563,373.8499299943214,168.72613099985756
19,1,0,0,2,0,2,1,105.72121299628634,154.46040099777747,286.92020900780335,161.2985829997342
20,2,0,0,2,0,2,1,80.49718700931408,80.2846909937216,118.25193199911155,50.58046001067851
11,1,0,0,0,0,0,1,71.34024100378156,102.15770899958443,177.76425599004142,91.02395300578792
11,5,0,0,1,0,2,50,176.1916669929633,114.77325699524954,245.93605499831028,54.48636200162582
24,1,0,0,2,0,2,0,98.18217001156881,102.16080299869645,242.74784199951682,95.08236798865255
22,1,0,0,2,0,2,1,98.10412299702875,105.46010300458875,234.71806599991396,97.31743899465073
18,3,0,0,2,0,2,2,76.76167100726161,103.66532400075812,211.82014000078198,93.4606359951431
23,4,0,0,1,0,2,1,78.69731100799982,113.43875700549688,219.54849699977785,105.36981599580031
3,1,0,0,0,0,0,1289,56.5929110016441,100.59133000322618,164.3177200021455,95.00781299720984
10,3,0,0,1,0,2,93,92.59019799355883,184.8419870075304,318.38649899873417,209.44675600912888
2,1,0,0,0,0,0,4115,43.92932499467861,60.03096199128777,61.35299200832378,50.08400999940932
21,2,0,0,0,0,0,1,77.9295149986865,111.34228199080098,205.89939899218734,107.56147999200039
9,0,0,0,1,0,2,1066,92.51294699788559,125.82352200115565,200.20325800578576,123.14817099831998
24,5,0,0,3,0,2,0,155.5740330077242,207.4501430033706,377.91050600935705,202.56241800962016
3,0,0,0,0,0,0,24,70.00691999564879,97.63866799767129,164.19844400661532,89.69778699974995
22,3,0,0,0,0,0,1,39.28771500068251,54.8251389991492,105.33703200053424,54.37276799057145
14,6,0,0,1,0,2,1,129.62839800457004,190.6457939912798,324.1590219986392,197.53896999463905
23,2,0,0,1,0,2,1,77.42422199225985,112.239693000447,220.89331899769604,105.75525301101152
20,2,0,0,2,0,2,1,92.55353799380828,144.42377499653958,348.1687610037625,178.2730859995354
6,1,0,0,0,0,0,1409,33.442547006416135,45.49371398752555,78.77454400295392,52.57660200004466
36,3,0,0,6,0,2,1,97.47356799198315,114.55538800510112,273.3135229937034,102.79309299949091
21,1,0,0,2,0,2,1,72.83759900019504,102.82173099403735,208.24353500211146,96.38032899238169
6,2,0,0,0,0,0,1896,96.89029099536128,146.54197200434282,214.3897409987403,204.4915620062966
15,4,0,0,1,0,1,1,73.38899999740534,105.98790799849667,192.36124800227117,98.3670709974831
25,1,0,0,2,0,2,1,98.48029000568204,103.07163999823388,241.4533190021757,97.9187430057209
27,4,0,0,2,0,1,1,37.2191729984479,50.416917001712136,185.6907159963157,95.00194300198928
6,1,0,0,0,0,0,21,37.6722119981423,51.06619099387899,89.11187200283166,48.48142099217512
28,8,0,0,3,0,2,2,130.06214299821295,197.27078601135872,361.7696139990585,205.7731429958949
11,7,0,0,1,0,2,1032,169.08197100565303,167.36412099271547,287.501925995457,183.60359700454865
22,5,0,0,1,0,2,0,103.19432899996173,152.02051900268998,274.0186759911012,155.01813699665945
25,2,0,0,2,0,2,1,81.04625700798351,112.52368899295107,231.19993500586133,108.05216598964762
24,2,0,0,3,0,2,1,103.07899699546397,105.69317200861406,240.117237000959,95.62269899470266
10,0,0,0,1,0,2,1017,91.71829000115395,124.4945810030913,201.2626560026547,124.57876800908707
3,1,0,0,0,0,0,1289,72.79097799619194,103.91452099429443,171.01353401085362,98.27961800328922
22,3,0,0,1,0,2,0,68.42586999118794,94.65650799393188,129.44744899868965,42.42626199265942
22,1,0,0,2,0,2,1,99.2400289978832,115.23095099255443,237.0943740097573,96.52050099975895
21,3,0,0,3,0,2,41,99.57240000949241,120.81546300032642,249.82062600611243,106.51428998971824
23,2,0,0,2,0,2,1,51.50468400097452,51.69784399913624,161.33321000961587,98.06828400178347
2,0,0,0,0,0,0,3629,20.25056899583433,26.51148299628403,55.86187800508924,84.87037099257577
22,3,0,0,2,0,2,2,76.30794501164928,105.04796299210284,211.86571700673085,99.32323399698362
28,5,0,0,3,0,2,1,57.375833988771774,56.49131999234669,121.43148599716369,53.40327401063405
29,3,0,0,3,0,2,1,82.30950099823531,115.30806799419224,236.9797040009871,104.83138400013559
8,0,0,0,1,0,1,53,79.87658400088549,103.87630699551664,184.63569899904542,96.11999400658533
5,3,0,0,0,0,0,1896,91.79596800822765,137.18190700456034,212.50150899868459,202.01507199089974
11,6,0,0,1,0,2,50,181.80745700374246,115.28273001022171,296.67076699843165,108.59378399618436
22,6,0,0,1,0,2,1,76.32634000037797,106.51178599800915,213.30136200413108,100.40679400844965
7,3,0,0,0,0,0,224,79.95902899710927,115.42141300742514,191.05990100069903,111.9800479937112
11,7,0,0,1,0,2,97,190.31436899967957,115.65594699641224,302.5546089920681,107.70615100045688
24,2,0,0,2,0,2,1,94.55930399417412,110.19083700375631,239.98461100563873,103.42188700451516
23,3,0,0,2,0,2,1,39.42027999437414,51.39845301164314,112.0999330014456,47.46571999567095
15,0,0,0,1,0,2,8,75.87286099442281,102.72497200639918,197.13784000487067,95.65202100202441
34,2,0,0,4,0,2,0,77.11056299740449,107.4334250006359,243.27096198976506,101.12921800464392
3,3,0,0,0,0,0,5631,37.77427399472799,52.38750499847811,98.10348399332725,214.32175500376616
9,0,0,0,0,0,0,273,74.0981830022065,107.98382500070147,184.1771780018462,105.11254699667916
18,1,0,0,2,0,2,1,50.12136200093664,60.422843002015725,121.80203500611242,59.158176998607814
18,5,0,0,1,0,2,0,67.52600199251901,96.60724400600884,185.86203499580733,86.64086599310394
13,3,0,0,1,0,2,0,68.29121100599878,97.8078890038887,180.7654510048451,86.32469100120943
19,5,0,0,1,0,2,1,86.70533500844613,109.52029199688695,213.05300999665633,103.5849350009812
28,2,0,0,2,0,2,1,73.43358200159855,100.61249899445102,217.53340000577737,92.55885799939279
20,7,0,0,1,0,2,1,77.5646929978393,110.97744999278802,217.0631369954208,106.55407801095862
21,2,0,0,2,0,2,1,42.820753005798906,64.59262799762655,128.2981149997795,53.532922989688814
10,3,0,0,1,0,2,28,179.51616599748377,103.98636000172701,295.18950000056066,99.23491001245566
22,0,0,0,2,0,2,2,158.51583699986804,130.36501500755548,278.08315999573097,99.18881100020371
28,1,0,0,3,0,2,1,76.79356000153348,107.25472199555952,227.29032300412655,101.04415800014976
26,3,0,0,3,0,2,1,97.42640600597952,118.02030001126695,256.0976539971307,103.00879299757071
3,3,0,0,0,0,0,5631,38.30611100420356,57.52848299744073,101.48720600409433,213.86492099554744
21,4,0,0,3,0,2,41,97.84269100055099,117.5239540025359,247.229218002758,106.43404100846965
22,3,0,0,1,0,2,0,64.80929598910734,45.886476000305265,96.64018399780616,41.77540499949828
24,3,0,0,2,0,2,1,94.90612299123313,111.19263799628243,239.35515599441715,101.32170899305493
20,4,0,0,1,0,2,1,40.04212799191009,54.669938996084966,164.16484300862066,106.12343699904159
16,1,0,0,0,0,0,4,64.6892549993936,155.2567869948689,269.1597399971215,162.15096700761933
1,1,0,0,0,0,0,5937,16.384349000873044,19.50071399915032,73.55766800174024,114.3964819930261
1,0,0,0,0,0,0,5937,17.19076900917571,20.171740994555876,73.84845799242612,90.2390139963245
11,1,0,0,1,0,2,3,74.00207000318915,105.63937199185602,194.98434700653888,98.56332099298015
12,2,0,0,1,0,2,1,122.12159999762662,155.61858400178608,286.3987729942892,161.1997409927426
4,3,0,0,0,0,0,2339,61.10781700408552,89.95725899876561,137.067838004441,100.41345200443175
15,4,0,0,2,0,1,2,72.2412300092401,103.31003100145608,192.9791610018583,93.51660900574643
2,0,0,0,0,0,0,3629,39.01528699498158,52.92525500408374,109.32339099235833,96.48827799537685
11,3,0,0,1,0,2,2,178.11243000323884,107.18222199648153,291.69829400780145,99.49401899939403
26,1,0,0,3,0,2,1,95.828760007862,118.65017098898534,251.8061260052491,106.75062699010596
23,1,0,0,1,0,2,1,97.59975399356335,105.56653200183064,228.57542900601402,99.94923901103903
26,0,0,0,3,0,2,0,77.0279719872633,109.38193699985277,225.0739250011975,105.3838910011109
22,4,0,0,1,0,2,1,105.58581199438777,150.43147999676876,274.45750900369603,129.6049789962126
3,1,0,0,0,0,0,49,71.88583999231923,101.4900449954439,164.97652599355206,93.68462699058
21,3,0,0,3,0,2,62,53.49467499763705,60.739054999430664,143.96258899068926,54.47877899860032
7,4,0,0,0,0,0,204,109.36154500814155,164.37631200824399,262.0514990121592,173.76155199599452
28,2,0,0,2,0,3,1,84.15798899659421,111.23938999662641,234.89740000513848,106.32479800551664
20,3,0,0,2,0,2,0,74.38168200314976,106.70219600433484,211.6346629918553,101.19508400384802
27,1,0,0,2,0,2,0,97.27052900416311,108.98805000761058,249.34917800419498,102.47353700106032
25,8,0,0,1,0,2,1,43.296222007484175,54.460519007989205,114.90115500055254,53.68329900375102
16,3,0,0,1,0,2,3,186.33697299810592,223.64782899967395,401.9753220054554,230.94227199908346
1,0,0,0,0,0,0,5937,9.051255008671433,10.195665992796421,38.6843810119899,45.79948598984629
6,1,0,0,0,0,0,33,74.90909199987072,106.21079700649716,178.01448699901812,98.87793700909242
1,1,0,0,0,0,0,5937,16.27735201327596,19.12077999440953,72.7163880073931,113.45988699758891
17,2,0,0,1,0,2,0,150.92825899773743,102.84115200920496,256.4165889925789,96.03349899407476
18,1,0,0,2,0,2,1,82.29665399994701,111.20528800529428,215.70312199764885,105.59594599180855
25,2,0,0,4,0,2,1,97.2986880078679,102.46587199799251,245.21870900935028,94.63748300913721
10,3,0,0,0,0,0,273,75.15596599841956,109.59263300173916,184.92670699197333,104.61316499277018
36,4,0,0,6,0,2,1,104.19168099178933,112.61767998803407,278.4769509889884,104.89647500799038
22,4,0,0,3,0,2,2,81.41472400166094,113.61185400164686,166.6663109936053,53.82553199888207
2,2,0,0,0,0,0,5771,27.075224003056064,35.925055999541655,89.12008701008745,173.5823229973903
13,2,0,0,1,0,2,3,38.13892600010149,76.61851300508715,198.78453999990597,98.70967999449931
30,3,0,0,2,0,2,1,105.42701499070972,155.5270590033615,300.4572939971695,157.39667101297528
23,1,0,0,3,0,2,1,83.26169601059519,112.00004399870522,236.78152800130192,101.24874299799558
25,7,0,0,1,0,2,1,42.18535599648021,98.03102299338207,224.08417699625716,107.01492200314533
28,5,0,0,1,0,2,1,78.51348799886182,111.97149800136685,226.36093899200205,80.44120200793259
11,6,0,0,1,0,2,0,89.85611499520019,52.24666799767874,157.31736400630325,100.98150599515066
11,4,0,0,1,0,2,2,174.74319200846367,107.86466699209996,293.70793999987654,100.45860399259254
31,3,0,0,4,0,2,1,109.24621799495071,124.66057199344505,277.3242450057296,105.33353099890519
25,3,0,0,4,0,2,1,96.3910440041218,105.79089699604083,244.84750400006305,93.82490000280086
28,6,0,0,1,0,2,1,80.2710349962581,113.43115499767009,121.60163499356713,93.12488199793734
2,0,0,0,0,0,0,2199,58.41859898646362,81.34061099553946,141.5250139980344,94.41057399089914
8,0,0,0,1,0,2,154,85.16006199351978,93.06171101343352,131.2231449992396,98.7894270074321
7,4,0,0,0,0,0,593,143.85894099541474,226.47703999246005,336.3636269932613,236.10126500716433
22,2,0,0,0,0,0,1,105.08937100530602,153.29003300576005,270.47582699742634,156.92367499286775
4,0,0,0,0,0,0,423,71.12835899170022,98.85852699517272,166.3272089936072,89.89450099761598
19,4,0,0,1,0,2,1,156.7780499899527,93.8934040023014,180.57081699953414,101.02556100173388
23,1,0,0,2,0,2,0,72.82035899697803,102.23884499282576,213.874692999525,94.97923699382227
28,3,0,0,3,0,2,1,79.84816399402916,113.61896300513763,239.01397798908874,105.90931600017939
26,4,0,0,3,0,2,1,100.09566201188136,119.68177200469654,164.99406599905342,52.53910399915185
19,1,0,0,1,0,2,2,105.56957298831549,151.7045790096745,274.9217160016997,156.90097700280603
32,1,0,0,4,0,2,1,84.13311500044074,112.05498498748057,186.81556600495242,107.13614198903088
1,1,0,0,0,0,0,5937,16.55332199879922,18.9791560114827,74.30294899677392,112.29939600161742
19,1,0,0,4,0,2,0,84.01398199202958,107.65348399581853,151.63050399860367,49.124943994684145
10,2,0,0,1,0,2,1118,92.94574000523426,90.04847599135246,178.1039619963849,128.6815640050918
13,6,0,0,1,0,2,1,128.023557990673,188.50746299722232,269.89687800232787,198.88052900205366
9,7,0,0,0,0,0,1264,110.49944801197853,167.82554099336267,249.08940799650736,209.9974760058103
10,3,0,0,1,0,2,93,180.5391009984305,239.12508400098886,329.02819600712974,210.9234529925743
10,6,0,0,0,0,0,275,143.155787998694,219.2090040043695,308.24068300717045,119.00776100810617
16,1,0,0,3,0,2,4,46.39631600002758,51.67716700816527,108.76126198854763,49.54772999917623
11,2,0,0,1,0,2,1107,54.31697399762925,130.70609100395814,214.0952720073983,131.8296429963084
15,3,0,0,1,0,1,1,125.53106099949218,194.74125899432693,319.0259220136795,204.32256399362814
43,2,0,0,5,0,3,1,78.18353199400008,111.32220200670417,265.910016009002,107.37932600022759
18,2,0,0,1,0,2,2,179.72430899681058,156.2673669977812,333.0992179980967,157.80589799396694
18,3,0,0,1,0,2,2,186.65262599824928,158.970952994423,340.8485969994217,162.04056100104935
16,1,0,0,1,0,2,1,93.12625401071273,111.02550200303085,223.73252898978535,106.1841400078265
19,3,0,0,1,0,2,1,82.5428320094943,105.3948859917,213.28247401106637,98.47204500692897
22,0,0,0,3,0,2,0,36.92692099139094,51.71917501138523,110.42160799843259,49.81550600496121
23,1,0,0,2,0,2,3,94.67979699547868,119.10522400285117,242.5709859962808,104.37048401217908
14,7,0,0,1,0,2,1,128.06287199782673,189.48314599401783,327.64840200252365,196.442140993895
5,3,0,0,0,0,0,0,122.02113500097767,189.01237200770993,295.3572330006864,193.56872100615874
21,2,0,0,3,0,2,1,77.32632799888961,103.98159398755524,162.78791399963666,47.22101100196596
18,1,0,0,0,0,0,1,77.73826501215808,110.86724100459833,199.29491700895596,106.11477999191266
23,3,0,0,1,0,2,1,40.64744399511255,55.312722994131036,182.89858401112724,106.8192730017472
14,3,0,0,2,0,2,36,88.62654399126768,111.23308500100393,221.8276049970882,104.8754090006696
7,2,0,0,0,0,0,224,81.03881200077012,117.77023499598727,189.74489699758124,110.76412499824073
3,3,0,0,0,0,0,5631,20.012373992358334,26.93806700699497,50.48350199649576,110.0780529959593
23,1,0,0,0,0,0,2,78.39050500479061,109.52660199836828,205.5740809882991,105.37677899992559
20,1,0,0,2,0,2,1,73.15781600482296,103.09168300591409,207.7234540047357,95.08554700005334
14,7,0,0,1,0,2,191,123.3168350008782,170.96011400280986,291.72147100325674,172.39977000281215
14,3,0,0,1,0,2,1,107.35931900853757,150.7613889989443,271.65332199365366,155.53312399424613
31,2,0,0,4,0,2,1,102.11414800141938,119.16696300613694,272.0526350021828,102.6644459925592
2,2,0,0,0,0,0,5771,27.52655300719198,36.309878996689804,89.65136299957521,173.16420300630853
24,8,0,0,3,0,2,27,52.204147999873385,59.267032993375324,209.96218599611893,105.36058200523257
23,1,0,0,3,0,2,1,77.82735300133936,103.65715499210637,216.26352898601908,95.22298000229057
23,3,0,0,2,0,2,1,51.27560600521974,51.36545699497219,120.66226299793925,49.28099800599739
7,4,0,0,0,0,0,335,109.87156500050332,164.8187590035377,264.63206800690386,174.1016649903031
10,3,0,0,0,0,0,235,76.29709100001492,108.22344399639405,186.2652620038716,105.29965900059324
17,1,0,0,2,0,2,177,98.22490099759307,119.80522899830248,239.59834199922625,113.15724700398277
26,5,0,0,3,0,2,1,103.97979999834206,122.36357700021472,256.87784400361124,103.89376000966877
5,4,0,0,0,0,0,1499,141.97212799626868,220.77128099044785,322.2296930034645,231.20513100002427
15,0,0,0,1,0,2,0,49.98448200058192,50.655986997298896,113.19515100331046,49.059570010285825
25,6,0,0,1,0,2,1,84.87073698779568,112.45822100318037,226.18745399813633,109.8753440019209
10,5,0,0,0,0,0,0,123.34707399713807,189.2227710050065,301.1777159990743,195.58894100191537
21,4,0,0,1,0,2,1,80.22743598849047,112.02209700422827,219.6174619894009,107.60260200186167
21,3,0,0,1,0,2,1,80.55030599643942,113.0518639984075,217.63545699650422,105.77595100039616
8,1,0,0,0,0,0,16,75.26805800443981,105.51853699143976,181.37789799948223,101.23448299418669
27,2,0,0,3,0,2,1,72.9880970029626,104.28339699865319,231.52640400803648,96.08384600142017
6,1,0,0,0,0,0,1409,64.70857599924784,91.20064799208194,115.14137199264951,51.651795001816936
25,3,0,0,3,0,2,1,64.49858999985736,80.11566200002562,159.96285500295926,130.27660400257446
15,1,0,0,1,0,2,8,74.9528449960053,100.79194800346158,192.98472499940544,95.44873799313791
11,4,0,0,1,0,2,5,119.22604400024284,176.32974599837326,286.228935001418,175.62950898718555
13,1,0,0,0,0,0,3,77.31079201039393,108.59240699210204,191.34298100834712,101.19417500391137
20,4,0,0,2,0,2,0,105.36200199567247,157.06553400377743,276.12384100211784,83.5199669963913
31,2,0,0,4,0,2,1,98.1130839936668,117.04797699349001,270.9384210029384,103.17911099991761
19,6,0,0,1,0,2,1,87.36371899431106,109.90130799473263,143.91273799992632,51.899748999858275
18,2,0,0,2,0,2,2,133.60399899829645,199.6889209985966,343.70896700420417,208.54320499347523
3,0,0,0,0,0,0,1111,70.5287979944842,99.85942600178532,165.1519839942921,96.22920099354815
24,1,0,0,1,0,1,1,45.8093729976099,111.65812300168909,212.83405298891012,107.72430300130509
22,6,0,0,1,0,2,1,76.96140700136311,106.28710499440785,213.52184200077318,99.23817399248946
16,1,0,0,0,0,0,1,40.305500995600596,54.81626800610684,101.25042201252654,53.545980001217686
14,3,0,0,2,0,2,28,84.01779399719089,109.79417100315914,216.12010800163262,62.46288800321054
22,7,0,0,1,0,2,1,68.28873300401028,105.02329200971872,211.76141600881238,99.27472399431281
20,2,0,0,2,0,1,1,108.61762799322605,157.00064599514008,280.22402999340557,164.96763500617817
3,1,0,0,0,0,0,3113,56.699291002587415,79.52311499684583,140.07021699217148,103.30442400299944
21,6,0,0,3,0,2,4,143.38826399762183,204.78041800379287,363.3955650002463,205.9915640129475
14,5,0,0,1,0,2,5,107.18868899857625,154.46030999009963,273.3447950013215,157.45372700621374
24,2,0,0,3,0,2,1,100.05458100931719,119.63226400257554,252.85783399885986,102.49933900195174
3,3,0,0,0,0,0,5631,37.70156699465588,53.07696798990946,98.61181800079066,214.47890599665698
24,7,0,0,3,0,2,12,52.79479699674994,59.01614899630658,130.06704700819682,51.6411090065958
20,1,0,0,2,0,2,0,74.74215900583658,103.52591199625749,209.5570560049964,97.9718439921271
23,2,0,0,1,0,2,1,96.24310600338504,109.81740598799661,234.66601100517437,103.77126799721736
2,1,0,0,0,0,0,4116,28.469198994571343,39.91636499995366,73.97950999438763,79.61732600233518
28,2,0,0,2,0,2,1,104.84327300218865,118.58463699172717,252.3086190049071,98.35754300002009
28,7,0,0,3,0,2,1,80.73077499284409,114.91768699488603,240.14501899364404,106.3020760047948
20,1,0,0,1,0,2,1,100.12844900484197,104.91797799477354,227.0806049928069,98.56989899708424
13,1,0,0,0,0,0,20,79.15436699113343,110.82684199209325,196.05825700273272,105.4511230031494
28,3,0,0,2,0,2,1,102.14556999562774,118.26773000939284,253.29377900925465,98.51255599642172
27,6,0,0,3,0,2,2,108.80241799168289,159.48524299892597,284.6907560015097,158.02002600685228
15,0,0,0,2,0,2,4,174.8510890029138,108.63823001272976,130.24702899565455,49.31624299206305
7,1,0,0,0,0,0,0,79.98828400741331,115.87290700117592,193.12195900420193,110.18406299990602
18,2,0,0,1,0,2,1,180.6993830105057,153.76885699515697,336.44092100439593,159.41124899836723
3,0,0,0,0,0,0,2337,53.45458099327516,74.00657801190391,132.17384098970797,96.20235599868465
29,2,0,0,4,0,2,0,129.46227099746466,154.49177200207487,338.60776100482326,159.4679650006583
24,6,0,0,3,0,2,18,99.36327001196332,120.98377899383195,253.5064709954895,106.07474300195463
32,3,0,0,2,0,2,1,104.3825530068716,116.24655999185052,257.0395630027633,96.77332401042804
13,0,0,0,1,0,2,4,72.44510200689547,104.83419400407001,193.67112100007944,96.88825700141024
23,2,0,0,2,0,2,1,79.60987000842579,104.96482100279536,222.0119579869788,93.61795299628284
10,3,0,0,1,0,2,28,90.7695289934054,51.08958701021038,152.50128599291202,48.701431005611084
3,2,0,0,0,0,0,0,68.2920010003727,99.79245999420527,161.35098299128003,88.57141699991189
21,3,0,0,1,0,2,2,69.69411400496028,159.36411599977873,349.1271219972987,208.34784800536
32,1,0,0,1,0,2,1,95.27314800652675,104.85400600009598,134.25999900209717,48.86385099962354
23,4,0,0,2,0,2,1,78.47867500095163,105.28609200264327,220.0239009980578,94.20047199819237
28,1,0,0,3,0,2,1,79.14202100073453,109.56229400471784,229.69639199436642,102.43259400886018
20,2,0,0,1,0,2,1,78.02727300440893,110.61673299991526,210.06804700300563,104.43699298775755
2,2,0,0,0,0,0,5771,14.029421989107504,35.94531198905315,89.18014999653678,172.8376140090404
24,1,0,0,0,0,0,1,76.31395399221219,110.08221600786783,208.72130600037053,106.33395600598305
5,1,0,0,0,0,0,507,68.78765400324482,99.84545300540049,168.03813900332898,97.29332299320959
23,3,0,0,1,0,2,1,95.50350900099147,110.56586899212562,233.05658799654339,102.7517720067408
25,1,0,0,2,0,2,1,45.49122299067676,56.20895900938194,117.17985500581563,53.74028699588962
21,5,0,0,1,0,2,1,80.12720399710815,112.69293299119454,218.82217199890874,106.92320599628147
6,3,0,0,0,0,0,1896,96.34000700316392,147.13468600530177,216.74303500913084,206.15112299856264
21,1,0,0,2,0,2,1,104.87974800344091,116.76939499739092,243.66519501199946,97.69030399911571
3,1,0,0,0,0,0,2337,52.90350099676289,74.01516000390984,133.37383800535463,97.25310800422449
22,1,0,0,1,0,2,2,80.03292301145848,110.86962500121444,219.36268999706954,106.7138890066417
28,6,0,0,3,0,2,1,64.99068898847327,56.91937399387825,121.60465600027237,55.659673002082855
16,3,0,0,2,0,2,3,100.96793099364731,112.4491240043426,232.34036000212654,96.70395599096082
21,4,0,0,3,0,2,41,98.58966100728139,119.74454400478862,248.0035580083495,106.69576200598385
19,1,0,0,1,0,2,0,50.86550299893133,97.22759999567643,228.1977490056306,96.44050701172091
12,2,0,0,1,0,2,5,106.5944389993092,157.89132300415076,268.0944790045032,160.32493399688974
21,1,0,0,2,0,2,1,38.9955049904529,52.95634700451046,108.67991199484095,50.923385002533905
12,0,0,0,1,0,2,0,94.20954099914525,108.15892700338736,216.59898200596217,100.75947199948132
14,1,0,0,1,0,2,30,108.08015799557324,153.00004700839054,272.5957690126961,154.34181501041166
9,0,0,0,0,0,0,37,73.50884799961932,102.88125999795739,177.83271500957198,95.84406900103204
25,6,0,0,1,0,2,1,83.80635900539346,113.29184200440068,230.17049999907613,107.32562899647746
28,5,0,0,1,0,2,1,81.1673120042542,113.28416998730972,229.62194099090993,107.3218390083639
22,2,0,0,1,0,2,1,94.74826000223402,111.15919300937094,233.14755100000184,102.89289799402468
24,0,0,0,3,0,2,1,99.76673100027256,121.1291419895133,226.08559500076808,53.89428499620408
19,3,0,0,0,0,0,1,76.0511230037082,107.34787699766457,198.2040790026076,100.91083700535819
21,5,0,0,3,0,2,0,105.41683300107252,155.05619101168122,290.6391349970363,155.4913120053243
8,1,0,0,1,0,2,295,88.81383399420884,78.36094200320076,175.82656699232757,165.45448200486135
22,2,0,0,2,0,2,1,71.81100400339346,102.4567290005507,212.37437099625822,94.56997500092257
22,4,0,0,0,0,0,1,77.85782999417279,112.3564500012435,209.09469400066882,104.89493000204675
18,3,0,0,1,0,2,1,36.7881429992849,50.49479899753351,101.76609799964353,47.859023994533345
20,1,0,0,2,0,2,1,181.33507900347468,184.30901499232277,345.4666140023619,177.8993190091569
30,1,0,0,4,0,2,1,103.07090300193522,115.4840319941286,266.183600993827,96.34868901048321
1,1,0,0,0,0,0,5937,16.338283006916754,19.460716997855343,73.60791700193658,115.54632200568449
11,3,0,0,1,0,1,105,107.60885599302128,159.5900059910491,262.24731899856124,165.98955298832152
3,1,0,0,0,0,0,2679,51.23776200343855,71.13927099271677,130.2922400063835,99.16265000356361
21,5,0,0,1,0,2,0,121.13921600393951,164.35253999952693,299.7214419883676,170.9116010024445
5,2,0,0,0,0,0,693,67.83205499232281,95.4632929933723,161.92792299261782,98.24060100072529
24,2,0,0,3,0,2,1,50.24034800590016,58.210686009260826,125.98704500123858,51.403190998826176
26,6,0,0,3,0,2,3,97.9176480032038,117.72366899822373,256.5397049911553,103.73391100438312
26,1,0,0,3,0,2,2,77.8463729948271,105.15806399052963,236.56472099537496,94.61609199934173
3,3,0,0,0,0,0,5631,38.82350499043241,53.61725100374315,101.9975439994596,204.96549300150946
26,1,0,0,2,0,2,1,94.93104099237826,118.12849099806044,234.28927999339066,103.46942600153852
24,3,0,0,3,0,2,1,44.77775399573147,54.76754400297068,195.31085100607015,102.33096301089972
24,2,0,0,3,0,2,2,102.81534600653686,117.57552699418738,248.2082890055608,97.77230001054704
6,1,0,0,0,0,0,1409,86.24282300297637,127.15599499642849,200.80944200162776,164.0836099977605
21,1,0,0,2,0,2,1,173.97754799458198,122.01005300448742,263.1651739939116,114.79889300244395
2,1,0,0,0,0,0,2254,78.97211798990611,116.58440000610426,194.19387700327206,152.7969159942586
23,1,0,0,1,0,2,1,107.1360820060363,149.69763900444377,284.6156240120763,168.45890700642485
20,4,0,0,2,0,2,1,185.455388011178,183.89333999948576,349.3634250044124,176.81110400008038
11,4,0,0,1,0,2,57,173.48978600057308,144.64750500337686,290.92790200957097,102.69465899909846
3,1,0,0,0,0,0,2981,99.78574099659454,145.71210999565665,222.92007799842395,155.37058901099954
21,5,0,0,3,0,2,43,76.74582699837629,100.6413699942641,242.71447499631904,208.36545100610238
23,3,0,0,2,0,2,1,39.38152799673844,51.53853300726041,163.2620419986779,87.30117400409654
26,3,0,0,3,0,2,1,93.27438799664378,120.01508699904662,250.88545800826978,103.64077599660959
17,1,0,0,2,0,2,30,78.11096899968106,104.77448900928721,214.07543000532314,95.9701550018508
22,3,0,0,2,0,3,1,83.77662999555469,111.62275400420185,227.20850999758113,106.65296200022567
20,1,0,0,0,0,0,1,38.994643997284584,51.574094002717175,161.5927329985425,100.63789300329518
11,3,0,0,1,0,2,28,185.34286400245037,105.00451301049907,296.37625999748707,97.06763199937996
16,2,0,0,1,0,2,2,96.22464400308672,108.13465800310951,223.79829399869777,102.64492400165182
20,3,0,0,2,0,1,1,72.8264700010186,103.30387599242385,158.2866910030134,50.044447008986026
42,2,0,0,6,0,4,1,103.60070200113114,118.17938000604045,300.4743599885842,97.63366400147788
3,3,0,0,0,0,0,5631,37.63658000389114,52.520240991725586,99.68188499624375,215.46104000299238
14,3,0,0,1,0,2,1,54.20016500283964,73.66784199257381,193.2904950081138,152.87565600010566
19,3,0,0,2,0,2,8,94.3592839903431,116.73766700550914,229.04765600105748,105.51520899753086
29,3,0,0,2,0,2,1,79.60370900400449,112.3176379915094,229.86323200166225,105.74933599855285
10,1,0,0,1,0,2,1325,161.16558898647781,196.77685399074107,292.52751999592874,204.57580099173356
6,3,0,0,0,0,0,191,75.90831400011666,110.59137799020391,179.82473700249102,101.31718899356201
5,2,0,0,1,0,1,0,76.60586900601629,102.4418470042292,128.9664989890298,99.87745799298864
1,0,0,0,0,0,0,5937,16.998496997985058,19.908302987460047,73.77735500631388,91.74461799557321
19,0,0,0,1,0,2,1,93.79974901094101,110.43759100721218,224.2896509997081,103.80963599891402
20,2,0,0,2,0,1,0,103.05043100379407,156.9601410010364,278.0792309931712,159.15721200872213
28,7,0,0,3,0,2,1,78.1654599995818,111.4055880025262,238.45070500101428,105.1808769989293
11,2,0,0,0,0,0,1,71.41104299807921,100.75301099277567,177.27991499123164,92.10973099106923
25,7,0,0,1,0,2,2,84.44744900043588,112.47160698985681,224.95356600848027,107.81197300821077
11,1,0,0,1,0,2,278,79.03079901007004,112.43301199283451,141.32589400105644,52.626905002398416
18,1,0,0,1,0,2,1,98.2852839952102,102.76872200483922,223.11440999328624,95.04672099137679
28,6,0,0,3,0,2,1,107.59107299963944,159.14455099846236,310.41193498822395,162.4876140122069
1,0,0,0,0,0,0,5937,17.286870002862997,19.996533999801613,74.2529800045304,89.53680699050892
28,1,0,0,2,0,2,1,40.160717006074265,90.57273100188468,224.68567900068592,104.85846200026572
28,6,0,0,1,0,2,1,42.49315700144507,54.81913599942345,114.07878099998925,54.15455199545249
28,8,0,0,3,0,2,1,80.22220600105356,112.76477000501473,242.59445100324228,106.73996299738064
14,3,0,0,1,0,2,0,123.34437099343631,156.19108200189658,290.5193720071111,158.83349199430086
31,2,0,0,4,0,2,1,99.81728099228349,118.3117219916312,268.30162000260316,103.12268199049868
23,1,0,0,0,0,0,0,78.0277240119176,110.64007200184278,204.23848400241695,105.02462599833962
4,1,0,0,0,0,0,0,36.76863199507352,49.515425009303726,85.3028620040277,46.94341300637461
28,8,0,0,3,0,2,1,78.8656130025629,113.7187249987619,243.07443700672593,111.21581000043079
21,5,0,0,1,0,2,0,119.2448039946612,162.6876189984614,298.5378169978503,170.18242499034386
11,7,0,0,1,0,2,1032,166.3755120098358,166.38204200717155,283.4218459902331,182.77742099598981
1,0,0,0,0,0,0,5937,16.752843992435373,20.212728006299585,76.02929099812172,91.66567500506062
8,1,0,0,0,0,0,1,76.34626900835428,109.56597499898635,185.72603499342222,90.50036399275996
23,2,0,0,0,0,0,0,77.87456900405232,110.03401799825951,209.57266000914387,105.99501700198743
20,5,0,0,2,0,2,14,107.50361499958672,159.30891101015732,287.3639239987824,162.79553800995927
25,1,0,0,2,0,2,1,50.160946004325524,51.17535901081283,150.11924999998882,96.84846301388461
6,1,0,0,0,0,0,487,36.47519399237353,51.3199200067902,87.43868599412963,53.02965600276366
14,2,0,0,0,0,0,10,79.6594409912359,112.26532800355926,195.74073399417102,108.48795299534686
18,2,0,0,1,0,2,1,98.0032940133242,102.33347500616219,221.7700469918782,96.2969309912296
36,2,0,0,6,0,2,1,98.23533000599127,111.50446199462749,274.3638160027331,103.86604399536736
11,1,0,0,1,0,2,1,123.82820100174285,179.7330820118077,284.57467500993516,168.61050800071098
18,2,0,0,1,0,2,1,48.14628598978743,53.62117200274952,112.33839800115675,52.404025991563685
22,1,0,0,2,0,2,2,104.07735900662374,115.85297400597483,247.3108979902463,109.77925900078844
22,3,0,0,2,0,2,5,100.65989299619105,109.54899899661541,243.49767999956384,97.19864999351557
14,5,0,0,1,0,2,0,120.84967699775007,153.3302879979601,292.2829579911195,159.09520999412052
22,1,0,0,2,0,2,1,78.19595800538082,108.37437999725807,215.805621992331,99.78053800296038
3,2,0,0,0,0,0,2988,117.80698200163897,176.74674199952278,270.86931800295133,196.3793659961084
10,1,0,0,1,0,2,1325,159.43248198891524,196.48504500219133,289.6408730011899,202.87421999091748
36,3,0,0,6,0,2,1,49.51305799477268,55.2445630019065,139.22699799877591,52.568222003174014
11,3,0,0,1,0,2,2,176.0203720041318,109.82755800068844,291.14860999106895,100.55280799861066
20,4,0,0,1,0,2,1,103.05196499393787,151.05749199574348,273.9982310013147,152.61544300301466
7,2,0,0,0,0,0,224,80.80591799807735,115.89220199675765,191.29212699772324,111.22086099931039
23,1,0,0,1,0,2,1,51.24595999950543,51.77735799225047,118.20653299218975,64.82065599993803
25,2,0,0,1,0,2,1,84.34652799041942,114.20888900465798,224.42338599648792,107.18951901071705
21,2,0,0,1,0,2,1,74.66310101153795,102.64695400837809,177.41007600852754,48.9755690068705
22,3,0,0,2,0,2,1,181.4007950015366,182.79376000282355,347.6608880009735,159.743262003758
22,8,0,0,1,0,2,1,76.36987899604719,107.96174299321137,211.1603030061815,98.40659098699689
20,3,0,0,2,0,2,1,108.87248400831595,152.531211002497,293.1457329978002,156.29023499786854
16,1,0,0,1,0,2,5,94.3086979968939,113.8843899971107,217.61449599580374,105.05669600388501
18,6,0,0,1,0,2,1,71.68514300428797,101.52928699972108,197.99323100596666,94.44888000143692
17,4,0,0,1,0,2,1,149.35276898904704,109.39960399991833,255.0731629889924,100.27172599802725
7,3,0,0,0,0,0,0,120.7813079963671,91.63711800647434,148.02507200511172,97.37044399662409
27,3,0,0,1,0,2,1,108.47312099940609,158.02466399327386,294.74679099803325,163.11846899043303
25,5,0,0,1,0,2,0,78.53036200685892,110.98887400294188,217.28764299768955,104.8041629983345
36,1,0,0,4,0,3,1,97.81920199748129,116.8662270065397,277.50291499251034,103.38509200664703
3,0,0,0,0,0,0,555,70.5626150011085,99.08907799399458,163.67902999627404,92.26154600037262
20,6,0,0,1,0,2,1,76.8727189861238,111.88104198663495,213.34013999148738,105.16720000305213
7,1,0,0,1,0,2,325,79.95985199522693,54.14684000425041,124.03775900020264,51.675622002221644
24,2,0,0,2,0,2,1,94.94517600978725,109.45276900019962,240.54642500414047,100.86417500860989
6,1,0,0,0,0,0,1409,65.10675000026822,92.4178509885678,156.19963299832307,73.23217501107138
23,1,0,0,3,0,3,0,74.59314698644448,106.46689200075343,221.48654000193346,100.96120499656536
15,1,0,0,1,0,1,1,36.41569000319578,49.402534001274034,94.99078699445818,47.47267499624286
24,4,0,0,3,0,2,3,100.82985600456595,119.79852500371635,254.84086100186687,102.63094000401907
3,1,0,0,0,0,0,1289,69.18453599791974,99.96268899703864,162.47534500143956,94.21563601063099
27,2,0,0,2,0,2,1,93.8283750001574,109.54166800365783,246.93594800191931,102.93262501363643
14,8,0,0,1,0,2,194,181.8889870046405,249.5976329955738,404.81262300454546,257.64556499780156
13,1,0,0,0,0,0,1,71.31613399542402,102.9259539936902,182.39372300740797,96.11464499903377
28,3,0,0,1,0,2,1,41.08234299928881,55.362625993438996,114.04797800059896,53.37481100286823
28,2,0,0,3,0,2,1,78.59852300316561,109.4549280096544,229.04586700315122,101.61659700679593
3,3,0,0,0,0,0,5631,38.03676999814343,51.85453699959908,98.75391799141653,215.67577200767118
25,3,0,0,1,0,2,1,83.57200400496367,111.4626469934592,223.89406499860343,106.48441400553565
14,8,0,0,1,0,2,5,184.71297599899117,255.2800319972448,404.92739700130187,254.6920559980208
11,5,0,0,1,0,2,50,178.15921299916226,111.9562340027187,293.38382500282023,110.06436600291636
3,2,0,0,0,0,0,0,121.76172000181396,191.98537900228985,298.7651240109699,196.40895200427622
22,1,0,0,0,0,0,0,39.6081509970827,54.666304000420496,102.71696098789107,71.86308699601796
28,3,0,0,1,0,2,1,79.61148799222428,112.34840100223664,223.97929399448913,107.8009810007643
19,1,0,0,1,0,2,1,90.97970699076541,108.79552099504508,213.76971100107767,53.02450599265285
42,1,0,0,5,0,2,1,101.42436300520785,116.69784800324123,206.04612000170164,83.58561000204645
32,2,0,0,4,0,2,1,84.59563399082981,113.02025899931323,250.67271100124344,107.33748599886894
7,2,0,0,0,0,0,0,79.54203200642951,117.67736899491865,190.91272899822798,111.17117799585685
23,3,0,0,1,0,2,1,78.43424599559512,90.66933100984897,109.59934600396082,53.22611899464391
21,5,0,0,1,0,2,1,79.23637999920174,112.89448199386243,219.48223300569225,108.90640800062101
20,2,0,0,1,0,2,1,76.06123900040984,110.5593719985336,210.99292900180444,104.66059799364302
21,3,0,0,1,0,2,1,73.26834301056806,102.15786499611568,205.4119590029586,96.5772659983486
16,3,0,0,1,0,2,2,98.47082500346005,111.89338899566792,227.59123500145506,104.2714299983345
28,8,0,0,3,0,2,0,78.01219100656454,113.10445200069807,238.98125998675823,106.55764599505346
16,4,0,0,1,0,1,0,73.93540900375228,104.78457900171634,193.01560800522566,97.29645399784204
25,8,0,0,1,0,2,2,82.44642800127622,111.05745499662589,224.53241900075227,106.69211701315362
21,5,0,0,3,0,2,0,81.09212499402929,73.85015299951192,145.0419500033604,79.19905500602908
28,5,0,0,1,0,2,1,78.56417499715462,113.49665198940784,225.36290698917583,105.99229899526108
22,4,0,0,1,0,2,0,67.50377200660296,97.81698699225672,192.74072899133898,84.6481490007136
21,0,0,0,2,0,2,5,65.04713400499895,119.32943000283558,240.86120699939784,113.15562800155021
9,0,0,0,0,0,0,2,74.23816600930877,104.22088800987694,182.63766799645964,98.03346599801444
22,2,0,0,2,0,2,1,73.68009100900963,104.27729300863575,215.55196298868395,95.20719699503388
22,4,0,0,1,0,2,1,77.2758819948649,103.78632201172877,209.2320570081938,100.3645069868071
25,1,0,0,2,0,2,1,101.28389600140508,109.07414800021797,242.28939600288868,104.6363039931748
12,2,0,0,2,0,2,157,174.93172398826573,122.73774998902809,267.6387760002399,120.53662199468818
22,3,0,0,2,0,2,0,77.75483300792985,107.56161301105749,215.15763399656862,98.21445299894549
28,8,0,0,3,0,2,2,131.09492800140288,198.80675000604242,215.9660420002183,104.40526599995792
20,5,0,0,2,0,2,1,90.63514599984046,93.34207299980335,302.9054050130071,187.45287199271843
11,5,0,0,1,0,2,0,188.3241899922723,107.26674098987132,190.19824400311336,98.68513999390416
20,4,0,0,1,0,2,4,83.5222299938323,115.71448399627116,219.09088199026883,109.43609799141996
4,1,0,0,0,0,0,1421,41.80028199334629,85.70405899081379,194.81931699556299,156.83126900694333
6,2,0,0,1,0,1,0,118.37408599967603,104.81712700857315,211.80216201173607,98.0607599922223
11,6,0,0,1,0,2,0,170.45271200186107,175.50289400969632,287.93021899764426,177.2598819952691
25,4,0,0,4,0,2,1,49.76542200893164,51.80058100086171,141.53044299746398,95.17591100302525
21,3,0,0,1,0,2,1,80.1281320018461,113.05406299652532,216.50432699243538,109.85495400382206
31,2,0,0,4,0,2,1,108.04433999874163,102.18617699865717,139.56461900670547,52.82462899049278
3,3,0,0,0,0,0,5631,38.29788000439294,52.099142005317844,98.4503209911054,216.42023298772983
14,2,0,0,0,0,0,10,78.00981200125534,111.59985499398317,197.8955579979811,107.3944469972048
24,1,0,0,1,0,2,1,72.77626200811937,101.445882988628,206.60306699573994,95.95981299935374
25,1,0,0,1,0,2,1,121.66299899399746,153.76193600241095,298.48804700304754,160.8614280121401
23,3,0,0,3,0,3,1,80.9430049994262,111.35728999215644,229.04345400456805,107.2589679970406
22,1,0,0,1,0,2,1,75.62373699329328,104.79824899812229,210.78210399718955,99.81527099444065
24,2,0,0,2,0,2,1,81.87003899365664,111.58705099660438,226.95061599370092,97.58528700331226
30,2,0,0,2,0,2,1,125.98863799939863,165.09337500610854,179.00460898817983,101.06891099712811
18,1,0,0,1,0,2,1,71.79998600622639,101.70623699377757,200.12699600192718,95.0009410007624
3,2,0,0,0,0,0,3212,66.51501200394705,99.1364479996264,169.23498100368306,199.55571000173222
13,2,0,0,0,0,0,20,39.96041099890135,54.24640199635178,98.98314099700656,53.28305599687155
18,2,0,0,2,0,2,1,97.46541900676675,123.01691599714104,239.48482800915372,116.19622200669255
23,1,0,0,1,0,2,1,76.75968199328054,106.90065399103332,214.36519599228632,100.632621004479
12,1,0,0,1,0,2,273,105.65718500583898,155.44834300817456,268.257656993228,105.10374000295997
11,5,0,0,1,0,2,57,175.8925129979616,145.30294999713078,289.4615330005763,120.57086899585556
1,1,0,0,0,0,0,5937,15.973871006281115,18.818764001480304,72.68240900884848,77.18281800043769
15,2,0,0,1,0,2,8,74.49671599897556,103.94091700436547,194.18249498994555,94.98349600471556
8,1,0,0,0,0,0,0,77.22176300012507,109.59316199296154,184.84084200463258,103.89245400438085
22,8,0,0,1,0,2,1,80.29848500154912,109.96325500309467,217.56733699294273,104.02218099625316
21,5,0,0,1,0,2,1,107.06044200924225,159.2301290074829,285.31725000357255,166.53651799424551
15,4,0,0,2,0,1,2,74.19405299879145,106.60818600445054,183.974045998184,87.58330300042871
12,0,0,0,2,0,2,85,81.03524199395906,112.1709250001004,141.43235700612422,54.80009500752203
10,2,0,0,1,0,2,1325,164.37673699692823,220.58186000504065,296.61706001206767,226.366262009833
31,1,0,0,2,0,2,1,49.0598040050827,57.515308988513425,230.2078850043472,105.34285199537408
42,1,0,0,3,0,2,1,99.55734500545077,109.39491499448195,281.49197599850595,104.86930400657002
10,5,0,0,1,0,2,1065,167.00909798964858,137.0935579907382,279.02118499332573,139.76063499285374
29,4,0,0,2,0,2,2,79.56521899905056,113.45118800818454,231.437383001321,108.56082799728028
4,0,0,0,0,0,0,1421,60.097865003626794,88.8506210030755,149.1935049998574,101.05743000167422
24,4,0,0,3,0,2,3,98.91069399600383,120.31579000176862,254.30835099541582,104.83508199104108
26,4,0,0,3,0,2,1,98.82503800326958,119.8914349952247,172.7306469983887,79.18939599767327
18,7,0,0,1,0,2,0,68.00241400196683,95.76185599144083,189.46449999930337,85.88773300289176
3,0,0,0,0,0,0,903,34.15594900434371,46.96769099973608,80.0189129950013,48.7444879981922
8,0,0,0,1,0,2,14,42.67311000148766,77.22434100287501,180.93201699957717,92.50556099868845
24,2,0,0,2,0,2,1,95.17816599691287,110.61776999849826,239.05186699994374,103.24697800388094
17,2,0,0,2,0,2,1,102.29486000025645,108.99214100209065,130.2569559920812,51.69734699302353
11,1,0,0,1,0,2,1107,94.20263000356499,131.23108400031924,208.6211209971225,130.20563600002788
10,4,0,0,1,0,2,93,186.08585999754723,257.6322160020936,323.42694800172467,212.28468799381517
28,6,0,0,1,0,2,1,79.2896860075416,111.69327401148621,226.73391799617093,108.73130499385297
11,1,0,0,1,0,2,0,177.444236993324,151.90736298973206,305.8528760011541,154.00980500271544
26,1,0,0,2,0,2,1,101.27632301009726,116.73328799952287,241.50328899850138,97.81237700372003
27,4,0,0,2,0,1,1,73.79186099569779,101.84170499269385,206.68949600076303,94.10310100065544
1,0,0,0,0,0,0,5937,17.198596004163846,20.564549005939625,74.29699999920558,91.52046199596953
18,1,0,0,2,0,2,65,110.38654000731185,155.35493700008374,284.3443689926062,160.1164159947075
9,0,0,0,1,0,2,11,73.54174500505906,101.41581999778282,181.8048010027269,89.88646700163372
12,2,0,0,1,0,2,1,48.47829700156581,52.54681099904701,205.03423298941925,101.64171899668872
14,4,0,0,1,0,2,0,121.30934800370596,127.04564600426238,149.66004199231975,80.31525499245618
14,2,0,0,0,0,0,1,42.99782798625529,52.29285599489231,185.629585001152,100.80103200743906
10,1,0,0,0,0,0,1,78.66706800996326,112.72817100689281,189.51608099450823,105.67824199097231
12,2,0,0,1,0,2,273,105.57100399455521,157.86136999668088,265.39385500655044,164.64647000248078
14,3,0,0,1,0,2,0,67.21113999083173,94.25302100135013,116.96151900105178,43.23846100305673
19,3,0,0,1,0,2,0,99.55137300130446,102.95272100483999,227.60034700331744,95.64778899948578
2,2,0,0,0,0,0,5771,14.405392998014577,31.379261999973096,87.90502599731553,173.7392280047061
30,1,0,0,3,0,2,1,97.08526999747846,117.41618700034451,249.429618997965,96.60727801383473
15,2,0,0,2,0,1,0,71.1544310033787,101.71327101124916,188.6179059947608,91.20855899527669
5,2,0,0,0,0,0,0,123.90222599788103,190.7375329901697,298.16963500343263,198.5541479953099
23,1,0,0,2,0,2,1,49.63771298935171,57.8909530013334,122.79434500669595,51.945772996987216
33,1,0,0,5,0,2,1,97.64077799627557,104.91175900097005,262.06299899786245,94.88799900282174
14,0,0,0,1,0,2,0,69.59933099278715,97.00107199023478,184.87119999190327,86.29010600270703
25,0,0,0,3,0,1,0,80.7221809955081,113.01854500197805,153.93432299606502,53.38475899770856
21,6,0,0,3,0,2,0,104.9887909903191,154.39206500013825,292.4203279981157,153.9893739973195
21,2,0,0,1,0,2,1,95.88699000596534,109.10561100172345,231.25762499694247,103.11901500972454
26,1,0,0,2,0,2,1,97.53182499844115,105.13564600842074,175.19763599557336,49.31657599809114
8,2,0,0,0,0,0,958,36.22301301220432,50.02027298905887,113.27077700116206,106.89304200059269
11,6,0,0,1,0,2,97,192.20908000716008,117.5105389993405,305.1611929986393,106.7634319915669
21,5,0,0,3,0,2,41,98.43373400508426,120.32195999927353,248.16223200468812,106.11899600189645
23,3,0,0,2,0,2,1,78.16024198837113,104.0601400018204,219.0881839924259,94.43883399944752
24,1,0,0,3,0,2,1,98.55161400628276,104.83640100574121,233.75264299102128,95.13963598874398
23,2,0,0,2,0,2,2,102.19189000781626,120.36657099088188,247.9036599979736,102.47388000425417
14,3,0,0,1,0,2,1,122.30262000230141,154.28853100456763,291.58852600085083,161.432444001548
11,5,0,0,1,0,2,5,122.55938499583863,180.24280499957968,287.86965800100006,176.14458399475552
24,4,0,0,2,0,2,1,49.44304499076679,54.50540599122178,126.22355201165192,51.88356699363794
18,2,0,0,1,0,2,2,99.79411600215826,102.73238900117576,222.8152180032339,96.51290299370885
26,4,0,0,3,0,2,0,81.35331499215681,118.89048099692445,259.3338830047287,101.91701700387057
23,3,0,0,2,0,2,1,80.48646598763298,112.38473700359464,223.20084601233248,106.69268300989643
14,2,0,0,1,0,2,1,149.19797699258197,105.22658099944238,253.03968899243046,100.55650401045568
28,8,0,0,3,0,2,1,41.915820009307936,56.37992700212635,122.82197800232098,54.47432299843058
26,1,0,0,2,0,2,1,97.8562439995585,106.74823299632408,239.68130300636403,97.0245979988249
23,1,0,0,2,0,2,1,94.88060299190693,112.13115400460083,238.6658439936582,104.35233400494326
10,2,0,0,1,0,2,0,67.58263800293207,95.50523399957456,178.77263799891807,86.14816699991934
29,1,0,0,4,0,2,1,106.8220349989133,119.22688600316178,268.0366199929267,96.41822800040245
18,4,0,0,1,0,2,1,73.45868500124197,104.28158500872087,141.28756399441045,49.72919799911324
17,3,0,0,2,0,2,1,127.321216990822,154.44679000938777,302.12480400223285,159.10479699959978
3,0,0,0,0,0,0,635,69.93888699798845,99.5619019959122,163.17828399769496,90.0651099946117
4,1,0,0,0,0,0,1421,62.93616800394375,89.04989300935995,152.3352030053502,101.69517899339553
21,4,0,0,3,0,2,3,104.37930098851211,110.7247720065061,146.0722500050906,78.89308998710476
33,1,0,0,6,0,3,1,53.33116999827325,82.77665200876072,288.4113069885643,98.15018299559597
25,8,0,0,1,0,2,1,82.53591301036067,111.58567199890967,225.51382999517955,107.47510301007424
10,5,0,0,1,0,2,28,180.8118399931118,109.24127801263239,295.2571280038683,101.59568900417071
28,1,0,0,3,0,2,1,79.68198899470735,112.86460100382101,231.58985500049312,107.6066620007623
37,1,0,0,4,0,2,0,97.38881599332672,118.65830198803451,259.27685100759845,102.8040509991115
24,3,0,0,3,0,2,2,80.3050479880767,107.81864999444224,233.05528100172523,99.39311600464862
11,5,0,0,1,0,2,5,182.02097500034142,274.6227019961225,405.2713080018293,273.9076650032075
19,3,0,0,0,0,0,1,75.09056098933797,107.85443198983558,198.4796339966124,101.29750598571263
19,1,0,0,1,0,2,1,95.99496400915086,109.26786500203889,226.13807300513145,103.10057499737013
10,4,0,0,1,0,2,1846,80.31217800453305,103.62535499734804,149.2563959909603,114.53951300063636
10,4,0,0,1,0,2,93,182.93482399894856,250.12768400483765,323.16591999551747,213.35308998823166
23,2,0,0,1,0,2,1,99.83292200195137,105.02730900770985,230.68785000941716,97.86232499754988
2,2,0,0,0,0,0,5771,27.139736994286068,35.56333699089009,89.73043799051084,173.22910099755973
7,3,0,0,0,0,0,224,107.4878420040477,160.33355999388732,253.95601699710824,165.97817299771123
24,5,0,0,3,0,2,3,99.24475899606477,120.92915599350818,255.68934400507715,104.30831401026808
29,2,0,0,4,0,2,0,102.13723199558444,107.88038300233893,268.0343119864119,101.74683999503031
10,1,0,0,1,0,2,1,96.92143900610972,100.71792399685364,211.34138900379185,95.25599700282328
28,5,0,0,3,0,2,1,80.10609800112434,114.14241600141395,242.53197500365786,106.49955899862107
9,1,0,0,1,0,2,93,157.28936600498855,194.464052998228,226.9594099925598,155.8135380037129
17,0,0,0,2,0,2,177,100.68301200226415,120.45896999188699,237.8609480074374,111.69138998957351
29,3,0,0,4,0,2,0,93.95092699560337,111.58709099981934,221.66599199408665,115.25611999968532
15,1,0,0,1,0,2,7,98.7120500067249,103.41971699381247,219.69896600057837,95.9448310022708
15,2,0,0,1,0,1,1,71.86958400416188,102.65542799606919,188.94860400178004,93.75782999268267
16,3,0,0,2,0,2,0,54.42121000669431,60.327279003104195,119.42137700680178,53.70470799971372
25,1,0,0,3,0,2,1,101.78091999841854,119.24349500623066,259.2762050044257,102.56478699739091
10,5,0,0,1,0,2,1065,164.3334320106078,166.59368899127003,279.614325001603,183.90605400782079
36,5,0,0,6,0,2,1,133.88309399306308,161.48174399859272,347.9585839959327,164.41992799809668
26,0,0,0,1,0,2,1,95.32130399020389,110.22040201351047,235.57321100088302,101.68756399070844
26,2,0,0,2,0,2,1,101.97093601163942,113.58834100246895,255.0700220017461,105.93229399819393
29,1,0,0,4,0,2,1,94.72349799762014,117.3341050016461,268.2751829997869,103.43429599015508
3,2,0,0,0,0,0,2988,95.60715999396052,144.68220400158316,224.59608400822617,155.25791700929403
41,1,0,0,2,0,2,1,52.21984599484131,51.265755988424644,132.8527510049753,49.5623360038735
5,1,0,0,0,0,0,401,101.24164799344726,151.72128699487075,243.37467399891466,155.75776500918437
23,2,0,0,2,0,2,1,96.04005899745971,111.28928299876861,240.33457500627264,105.00302299624309
16,2,0,0,1,0,2,3,103.5836700029904,108.76828500477131,231.95784600102343,103.74669999873731
10,0,0,0,0,0,0,56,77.0132789912168,110.38689799897838,186.36031899950467,102.48278400104027
24,2,0,0,2,0,2,1,52.64435899152886,57.54562599759083,124.86049901053775,49.05580700142309
25,6,0,0,1,0,2,1,85.23611599230208,112.30369900295045,226.81513900170103,108.330766990548
27,1,0,0,2,0,2,1,93.5938369948417,111.60784900130238,240.97344899200834,104.15583099529613
16,1,0,0,0,0,0,4,79.23511699482333,111.22505599632859,198.05985401035286,106.83055700792465
18,0,0,0,0,0,0,0,75.17387199914083,107.22988200723194,197.76529099908657,101.64871100278106
28,3,0,0,3,0,2,1,80.28989098966122,113.32753900205716,237.33255099796224,105.21556698950008
22,2,0,0,0,0,0,1,77.29782999376766,110.6125520018395,209.2114590050187,107.10153500258457
3,0,0,0,0,0,0,2679,51.009845003136434,70.67029899917543,129.6695630007889,98.2066229917109
23,3,0,0,2,0,2,2,101.56270700099412,119.46542900113855,245.90709000767674,105.50513199996203
34,1,0,0,4,0,3,1,98.83705600805115,109.04919600579888,265.0360299885506,97.66016800131183
5,2,0,0,0,0,0,504,62.01488699298352,92.95578100136481,146.45892899716273,100.7712279970292
2,0,0,0,0,0,0,555,69.39084400073625,99.8493149963906,160.89667699998245,89.5840729936026
24,2,0,0,2,0,2,1,99.37739599263296,106.49222599749919,241.89145800482947,97.11262800556142
28,4,0,0,3,0,2,1,78.76196700090077,112.42328099615406,238.91714499040972,106.67195399582852
29,1,0,0,3,0,2,1,83.42363699921407,109.89310800505336,246.01093599630985,99.70343299210072
26,4,0,0,3,0,2,1,98.77620000042953,119.139405011083,259.2454379919218,102.84586499619763
26,2,0,0,3,0,2,1,93.59182399930432,121.11114599974826,252.39691899332684,103.37457100104075
18,7,0,0,1,0,2,1,73.56858901039232,104.76184700382873,203.86158100154717,98.53206800471526
22,2,0,0,1,0,2,0,67.72752199321985,95.36090299661737,192.71615199977532,86.75489699817263
31,4,0,0,4,0,2,1,55.760453004040755,61.25696400704328,139.7972950071562,52.176388999214396
17,2,0,0,0,0,0,1,75.99503600795288,107.8547720098868,196.12348299415316,104.65468300390057
2,0,0,0,0,0,0,3629,39.36396799690556,53.490200007217936,109.67835900373757,96.69355901132803
24,7,0,0,3,0,2,27,103.81186500308104,121.45547800173517,253.77991500135977,106.30380599468481
18,0,0,0,3,0,2,4,98.09078900434542,107.04475700913463,228.2182670023758,77.9197570082033
17,4,0,0,1,0,2,0,106.35978500067722,157.0780490001198,274.01429499150254,161.50807800295297
21,1,0,0,3,0,2,2,98.74483299790882,104.61730300448835,244.93098100356292,99.37434599851258
16,4,0,0,1,0,2,3,102.95958101050928,110.28684698976576,226.8367990036495,52.47776600299403
20,0,0,0,2,0,2,0,73.38444200286176,104.39446699456312,210.3044520044932,97.08037100790534
8,0,0,0,1,0,2,106,150.23156900133472,103.45993700320832,236.67932499665767,96.07517100812402
23,0,0,0,2,0,2,0,38.9715120109031,52.09139999351464,107.70465800305828,50.37922800693195
18,5,0,0,1,0,2,0,68.45287399482913,98.77298401261214,186.33291000151075,84.55376799975056
18,7,0,0,1,0,2,0,107.95947100268677,156.20265499455854,279.96664099919144,161.78351298731286
30,2,0,0,2,0,2,1,105.52101199573372,154.942081993795,300.82274400047027,157.66443499887828
11,5,0,0,1,0,2,5,92.6350670051761,138.1312279991107,355.18282699922565,273.69916399766225
28,7,0,0,3,0,2,0,77.8567630040925,111.6065390087897,240.47224799869582,105.97217999747954
29,2,0,0,2,0,2,0,75.93926299887244,109.94603899598587,222.47213899390772,104.32327901071403
18,1,0,0,2,0,2,17,39.9327689956408,53.0761380068725,105.76866299379617,51.44467399804853
22,4,0,0,1,0,2,1,77.03232100175228,106.21530500066001,211.65799800655805,97.51937400142197
22,3,0,0,0,0,0,1,106.25394000089727,158.67809100018349,280.08969299844466,162.20897299353965
19,4,0,0,1,0,2,1,112.82256200502161,149.89378000609577,278.3225259918254,152.6276630029315
3,3,0,0,0,0,0,5631,38.047052003093995,51.48918699705973,100.57840398803819,184.07606398977805
19,3,0,0,1,0,2,1,98.53588700934779,112.01455899572466,226.56351799378172,102.95334699912928
24,3,0,0,3,0,2,1,98.38206198764965,106.25494399573654,235.63347000163049,94.0772510075476
5,1,0,0,0,0,0,98,36.811331010540016,62.880740995751694,167.75426900130697,93.22486098972149
24,3,0,0,3,0,2,1,99.52980298839975,104.47477200068533,236.95156098983716,94.51832999184262
12,3,0,0,1,0,2,1,130.35071198828518,155.55250400211662,293.72172900184523,117.28930399112869
3,1,0,0,0,0,0,2981,97.40521298954263,145.4763830115553,219.96918100921903,154.8381500033429
20,4,0,0,2,0,1,0,53.52146999211982,138.60316999489442,279.80241300247144,160.07790100411512
14,4,0,0,1,0,2,5,107.98432800220326,158.06285699363798,275.0153719971422,158.38767901004758
28,3,0,0,1,0,2,1,54.626483004540205,76.56436601246241,190.60595499468036,126.41064400668256
7,3,0,0,0,0,0,0,79.58971899643075,114.72565999429207,193.79384501371533,110.98078699433245
10,1,0,0,1,0,2,0,186.4412480063038,152.20329999283422,240.34354000468738,76.44003699533641
27,4,0,0,2,0,1,0,36.72596100659575,50.918819004436955,201.2448460009182,93.12847099499777
2,1,0,0,0,0,0,3629,48.271783991367556,66.50820199865848,128.87347699142992,153.19588799320627
19,4,0,0,1,0,2,1,102.83098999934737,150.29186000174377,271.73865400254726,154.30712500528898
8,2,0,0,0,0,0,958,71.19517899991479,104.19444199942518,170.3139010060113,106.49602899502497
25,3,0,0,1,0,2,1,83.5988799954066,108.54889599431772,112.34250900452025,53.25985699892044
4,0,0,0,0,0,0,100,71.13555099931546,98.51862200594041,165.65645299851894,91.18925000075251
14,4,0,0,1,0,2,1,128.39255700237118,190.151146001881,326.2917340034619,195.6964010023512
18,5,0,0,1,0,2,1,75.44434200099204,106.66944499826059,206.7505960003473,103.37329799949657
14,6,0,0,1,0,2,1,107.5473660021089,152.73137400799897,268.6562270100694,154.39960699586663
29,3,0,0,3,0,3,1,79.43370498833247,111.08448200684506,240.8615090098465,108.10409300029278
16,1,0,0,1,0,2,0,67.53350399958435,103.55219199846033,224.4058700016467,95.84768400236499
24,2,0,0,3,0,2,3,97.69490800681524,120.17157199443318,241.45008699269965,52.136707003228366
11,2,0,0,1,0,2,278,48.875078005949035,65.77362699317746,170.30422699463088,119.11703299847431
18,1,0,0,0,0,0,1,77.88096800504718,111.03995899611618,199.20786799048074,104.29362700961065
28,4,0,0,1,0,2,1,109.2942950053839,161.58024399192072,206.5521879994776,162.7870070078643
25,6,0,0,1,0,2,1,84.00242100469768,112.7108819928253,225.90595699148253,107.78602499340195
23,1,0,0,1,0,2,1,77.39271500031464,112.42782699991949,216.47410000150558,107.24453801230993
16,1,0,0,1,0,2,18,95.14776599826291,107.54788399208337,221.0546760034049,104.11952399590518
13,4,0,0,1,0,1,51,108.51675500452984,107.73519800568465,265.0613330042688,165.97815598652232
14,0,0,0,1,0,2,4,150.65890399273485,110.25723500642926,259.16847500775475,101.5246580063831
21,6,0,0,3,0,2,82,108.65917800401803,123.22518099972513,255.52421499742195,109.64258000603877
14,0,0,0,1,0,1,2,47.46548600087408,51.59262199595105,101.63972499140073,49.34776600566693
21,0,0,0,2,0,2,1,72.01813100255094,104.2886569921393,214.9503769906005,97.41458701319061
1,1,0,0,0,0,0,5937,16.107984993141145,19.126090002828278,73.84663799894042,114.00011699879542
14,1,0,0,1,0,2,1,47.5561729981564,101.71332300524227,220.85202700691298,96.70148200530093
3,2,0,0,0,0,0,4106,62.26759198762011,83.5229700023774,76.08065300155431,82.7671970037045
14,1,0,0,1,0,2,5,96.7457319929963,104.95838199858554,217.84327700152062,95.10172800219152
31,3,0,0,4,0,2,1,106.17564800486434,124.21520899806637,276.2589810008649,104.60535300080664
25,4,0,0,1,0,2,1,43.62310298893135,55.13752900878899,113.52426900702994,54.096870007924736
21,2,0,0,2,0,2,1,73.6678609973751,105.13498799991794,207.13957500993274,95.85400100331753
19,2,0,0,1,0,2,0,72.8670569951646,104.7606569918571,201.16327100549825,95.10723198764026
24,3,0,0,3,0,2,1,105.8564459963236,124.26779301313218,252.86920000507962,102.93638799339533
24,5,0,0,3,0,2,9,97.16542399837635,122.32425100228284,254.39015799202025,103.64282599766739
7,3,0,0,0,0,0,335,82.17243099352345,121.77465799322817,200.23313599813264,119.86917699687183
1,0,0,0,0,0,0,5937,16.913405008381233,20.1316449965816,73.81091298884712,88.2977010041941
23,5,0,0,1,0,2,1,79.33977400534786,113.66750599700026,217.80829700583126,106.3690820010379
21,1,0,0,2,0,2,2,130.66967501072213,158.63911499036476,314.6964030020172,163.07128600601573
28,5,0,0,1,0,2,1,53.3780029945774,77.76409799407702,147.85555998969357,83.56666399049573
28,4,0,0,1,0,2,1,108.43979100172874,159.09075300442055,293.74687900417484,163.2565780018922
8,2,0,0,1,0,1,42,151.2822989898268,157.6238099951297,275.03734998754226,161.72207200725097
23,2,0,0,2,0,2,1,78.80955599830486,104.7125080076512,221.71935898950323,94.21572199789807
32,0,0,0,5,0,4,0,74.49516000633594,106.09000999829732,249.51164600497577,99.20398300164379
10,1,0,0,0,0,0,329,74.76024099742062,108.18124499928672,187.32230398745742,106.41465900698677
18,2,0,0,1,0,2,1,70.94670800142922,101.73044499242678,197.46168400160968,95.33121999993455
20,5,0,0,2,0,1,0,104.33168899908196,155.84043199487496,281.51791900745593,119.68216000241227
6,1,0,0,0,0,0,0,68.31222301116213,95.5816589994356,163.0198329949053,87.80522299639415
13,2,0,0,1,0,2,1,91.87570599897299,75.6153519905638,156.28515600110404,112.87852301029488
21,3,0,0,2,0,2,1,83.65539100486785,114.28471399995033,228.42249300447293,106.1860310001066
18,5,0,0,1,0,2,1,71.89463899703696,102.3526619974291,199.03960099327378,93.69594500458334
10,5,0,0,1,0,2,28,179.18475798796862,107.17358600231819,292.95401099079754,102.58208400045987
17,1,0,0,2,0,2,0,84.09805200062692,104.77336900657974,203.82409400190227,96.50039799453225
2,1,0,0,0,0,0,3629,48.521352000534534,67.77062399487477,131.775737987482,152.87613500549924
30,1,0,0,2,0,2,1,79.46351300051901,113.98802400799468,237.54777300928254,105.02601400366984
20,4,0,0,1,0,2,1,78.05379899218678,111.0497710033087,136.4251350023551,54.40347200783435
6,3,0,0,0,0,0,1896,96.10886599693913,146.96626500517596,215.84911899117287,204.8127409943845
11,7,0,0,1,0,2,1032,170.12621599133126,168.16120699513704,286.1667109973496,180.76643999665976
10,2,0,0,1,0,2,93,180.35196200071368,239.72814201260917,318.8764730002731,208.34397300495766
19,3,0,0,0,0,0,1,74.07220100867562,106.18986100598704,199.43787998636253,101.5811680117622
4,2,0,0,0,0,0,423,71.3869729952421,98.99942700576503,165.74017399398144,90.88188099849503
22,6,0,0,1,0,2,0,104.71762900124304,151.49741599452682,279.513761997805,154.91342000314035
38,1,0,0,6,0,2,1,98.46231401024852,105.34002700296696,288.4335309936432,96.966736993636
20,3,0,0,2,0,2,1,40.527502991608344,51.95464999997057,176.2946499948157,99.03155699430499
12,0,0,0,0,0,0,8,36.24586301157251,50.88355999032501,91.7057259939611,60.59560799621977
11,3,0,0,1,0,2,283,90.00803700473625,132.7284800063353,344.3921199941542,263.7954579986399
14,1,0,0,1,0,1,2,93.49790000123903,104.97010400285944,199.2832929972792,105.26574999676086
21,1,0,0,1,0,2,1,71.70465200033505,104.40512499189936,203.17380499909632,95.12787900166586
1,0,0,0,0,0,0,5937,8.950714996899478,10.038113992777653,59.53958800819237,90.58490500319749
28,4,0,0,3,0,2,1,78.85908099706285,111.76536700804718,241.75569199724123,123.98990501242224
26,1,0,0,2,0,2,1,100.8610519929789,118.7276589917019,262.67933899362106,103.55483699822798
4,1,0,0,0,0,0,1421,63.85546199453529,98.17611999460496,153.1411530013429,99.92177500680555
17,1,0,0,0,0,0,1,72.98812399676535,107.09059999499004,191.31673900119495,95.5332719895523
22,1,0,0,2,0,2,2,109.40210100670811,109.33489100716542,236.60612100502476,99.0925160003826
22,2,0,0,2,0,2,1,100.1902499992866,117.82784698880278,238.19225499755703,97.05045699956827
23,4,0,0,2,0,2,2,150.6371369905537,206.01027199882083,373.21484700078145,206.3923480018275
13,2,0,0,1,0,2,89,113.80539799574763,115.15647299529519,220.74400600104127,97.77662198757753
19,1,0,0,2,0,2,7,79.12676899286453,112.82345501240343,218.14685201388784,108.06088399840519
16,1,0,0,1,0,2,18,95.89060800499283,110.18096300540492,222.17033000197262,119.0121050021844
7,5,0,0,0,0,0,336,120.65887400240172,165.37977999541909,265.06866099953186,177.14788499870338
12,1,0,0,0,0,0,91,74.4080610020319,106.47231500479393,188.78345499979332,103.56957800104283
3,2,0,0,0,0,0,2988,118.39732900261879,181.32453699945472,276.683559990488,218.84327099542134
3,3,0,0,0,0,0,5631,20.04816300177481,45.95107099157758,99.57586698874366,238.08771900075953
20,6,0,0,2,0,2,0,102.00689699559007,155.92821000609547,295.8501879911637,158.10208300536033
20,1,0,0,1,0,2,1,110.42929301038384,180.99395600438584,294.1847729962319,82.29307900182903
23,2,0,0,1,0,2,1,134.99567199323792,112.37321600492578,259.75554100295994,107.31184500036761
28,6,0,0,1,0,2,1,80.70861900341697,121.59000599058345,232.53286100225523,108.39236600440927
27,1,0,0,3,0,2,1,112.68918799760286,126.47582500358112,255.18377200933173,97.43805800098926
19,1,0,0,1,0,2,4,101.27777900197543,129.69514199357945,229.8295340006007,102.51111999968998
32,1,0,0,4,0,2,2,104.68274200684391,142.5248199957423,274.36559900525026,103.29123100382276
16,0,0,0,1,0,2,54,107.8231430001324,106.37927900825161,222.9092430061428,99.59272100240923
22,1,0,0,2,0,2,2,51.76102099358104,55.331696989014745,121.37374600570183,62.53551699046511
28,1,0,0,2,0,2,1,109.09923601138871,104.31334300665185,244.7822609974537,97.88981999736279
17,0,0,0,0,0,0,0,70.79111599887256,101.35952600103337,187.7049780014204,54.32293200283311
28,8,0,0,3,0,2,2,170.79723700589966,293.1484500004444,475.3800150065217,262.3497260065051
20,1,0,0,1,0,2,1,76.26152200100478,103.52192299615126,204.91207500163,93.07550999801606
27,1,0,0,5,0,2,1,98.66337999119423,104.3765770009486,260.0206210045144,94.32411399029661
24,1,0,0,0,0,0,1,77.5781679985812,114.11920899990946,208.24458201241214,107.74881699762773
22,6,0,0,1,0,2,1,77.32981799927074,106.21194000123069,213.13728699169587,98.79270401143003
22,4,0,0,2,0,2,1,106.51435199542902,149.39369300554972,284.87506399687845,162.57303800375666
22,2,0,0,2,0,2,4,101.17876000003889,107.00043899123557,245.3439620003337,98.33568200701848
28,5,0,0,1,0,2,1,80.48652698926162,113.33757100510411,226.31259700574446,108.59034099848941
3,1,0,0,0,0,0,903,89.1105519986013,132.08503399800975,212.24759898905177,156.86148099484853
19,1,0,0,2,0,2,2,101.35151400754694,118.99738700594753,244.16527000721544,102.87786499247886
26,3,0,0,3,0,2,1,49.84399600652978,58.51982098829467,130.86856799782254,51.36145500000566
7,1,0,0,1,0,2,19,89.83421999437269,123.86960399453528,227.6266230037436,201.08000499021728
26,6,0,0,3,0,2,1,150.95779500552453,206.96093299193308,377.8546809917316,202.635427005589
3,0,0,0,0,0,0,2679,51.3675029942533,69.89706300373655,128.26327201037202,97.5268439942738
14,7,0,0,1,0,2,0,122.41419400379527,223.92522799782455,322.5248059898149,194.09370800713077
3,2,0,0,0,0,0,2988,48.99465400376357,68.46029400185216,112.62025601172354,79.21362698834855
19,2,0,0,1,0,2,0,96.690744991065,102.66102499736007,225.07703100563958,96.25281899934635
25,7,0,0,1,0,2,1,83.8213710085256,110.45811700751074,223.7980840000091,106.75732800154947
3,2,0,0,0,0,0,2988,117.38736499683,176.7057299875887,274.9965359980706,197.5798760104226
9,0,0,0,1,0,2,1066,90.55222099414095,124.08230399887543,196.57087500672787,124.26310800947249
28,6,0,0,3,0,2,1,78.9947269950062,110.35624099895358,235.92480200750288,106.54413999873213
24,8,0,0,3,0,2,27,52.20002400164958,60.51079600001685,130.7672170078149,52.06460600311402
10,3,0,0,1,0,2,93,180.42098100704607,241.83958099456504,318.575529003283,208.22325999324676
4,0,0,0,0,0,0,1421,61.33109099755529,59.345738001866266,75.4395010008011,50.16797099960968
11,4,0,0,0,0,0,209,76.50370300689247,109.68197099282406,189.65294200461358,107.32167499372736
6,3,0,0,1,0,1,0,116.21711199404672,105.62735599523876,209.66315700206906,102.63554999255575
29,5,0,0,2,0,2,2,78.47398199373856,111.15000299469102,228.90594499767758,106.70620900054928
13,3,0,0,1,0,2,11,177.67162500240374,208.41681498859543,331.10703399870545,200.93007299874444
23,3,0,0,2,0,2,1,39.94355499162339,51.782264999928884,219.55738999531604,93.51915799197741
14,7,0,0,1,0,2,1,130.05954900290817,189.70705299580004,324.5220170065295,196.8322610046016
28,9,0,0,3,0,2,3,171.87052899680566,271.0745710064657,452.62410200666636,203.93697600229643
42,2,0,0,5,0,2,1,76.95018000958953,111.22235500079114,255.05055299436208,99.47831800673157
29,3,0,0,3,0,2,1,84.5816099899821,112.52286900707986,137.96171300054993,53.48992900690064
11,6,0,0,1,0,2,1032,172.5483299960615,173.30239999864716,285.6769450008869,180.97130399837624
7,3,0,0,0,0,0,398,66.42702700628433,70.8648110012291,119.23368900897913,79.92506500158925
6,0,0,0,0,0,0,1409,65.47351799963508,92.20148100575898,155.03858299052808,104.33074799948372
3,1,0,0,0,0,0,24,71.950782003114,98.92923799634445,166.70548901311122,90.06626000336837
29,1,0,0,4,0,2,2,96.90252698783297,111.61083799379412,264.6812119928654,105.77615100191906
21,1,0,0,2,0,2,2,77.66737700148951,103.81137499643955,216.71319199958816,94.80822799378075
22,1,0,0,0,0,0,1,78.0983529984951,110.08784499426838,204.65238198812585,105.80548099824227
13,2,0,0,1,0,1,1,126.97053700685501,193.4820110036526,262.26479301112704,102.0388539909618
21,1,0,0,1,0,2,1,77.64303300064057,109.75121699448209,212.63240500411484,104.92992799845524
28,3,0,0,3,0,2,1,78.84601100522559,107.99694799061399,228.72391299461015,102.87800699006766
28,4,0,0,1,0,2,1,78.49108899245039,110.63644499517977,226.07107099611312,107.90132499823812
4,0,0,0,0,0,0,100,37.25694501190446,84.79847900161985,168.37476899672765,92.3270200000843
36,1,0,0,2,0,2,1,37.16047201305628,50.23272598918993,112.36667299817782,47.52096100128256
20,4,0,0,2,0,1,1,73.44367999758106,108.90268300136086,203.763010998955,97.4941280001076
14,1,0,0,1,0,2,1,76.39118400402367,106.97362199425697,201.87032100511715,100.96988998702727
1,0,0,0,0,0,0,2995,66.96439799270593,95.43885600578506,156.31664800457656,88.46112999890465
1,0,0,0,0,0,0,3000,64.62161100353114,89.92292400216684,152.52864100330044,87.9307860013796
21,2,0,0,3,0,2,1,100.60021199751645,104.5756780076772,236.7832160089165,94.30091800459195
24,3,0,0,2,0,2,1,82.39632099866867,108.10098399815615,226.89384399564005,99.59806001279503
10,3,0,0,0,0,0,212,75.2494519983884,107.26847998739686,185.52551399625372,107.32172000280116
12,2,0,0,0,0,0,69,41.58830399683211,54.299279989209026,97.03470900421962,106.31155601004139
14,8,0,0,1,0,2,194,184.02261698793154,250.58278799406253,403.2481699978234,257.227290989249
7,4,0,0,0,0,0,0,162.58495100191794,219.83101200021338,194.1835780016845,128.18630899710115
3,1,0,0,0,0,0,175,71.2402450008085,103.29092900792602,169.1370180051308,95.36336999735795
19,0,0,0,2,0,4,1,82.65788400603924,107.54660399106797,220.81633200286888,100.3316230053315
16,7,0,0,0,0,0,0,80.35225699131843,113.93379099899903,204.12933798797894,109.32400400633924
19,3,0,0,2,0,1,1,109.88200698920991,159.6617570030503,281.15704699303024,164.11175800021738
22,3,0,0,3,0,2,2,80.37271500506904,114.02153900417034,236.08527200121898,107.9295870003989
25,3,0,0,1,0,2,0,73.67796098696999,105.12985399691388,209.9584009993123,95.52652698766906
25,3,0,0,1,0,2,1,83.62930901057553,113.0259159981506,225.69581800780725,106.18579998845235
28,1,0,0,4,0,2,1,52.48969000240322,53.197077999357134,131.27640199672896,95.44640500098467
18,0,0,0,0,0,0,0,76.23588199203368,107.59115300606936,197.41520799288992,99.96606099593919
28,5,0,0,1,0,2,1,79.99465700413566,113.44005100545473,135.3127839975059,53.363238999736495
28,8,0,0,3,0,2,1,80.24463299079798,113.21039900940377,241.01802399673034,106.77777499950025
18,1,0,0,1,0,2,8,95.18075399682857,107.25632299727295,225.93855699233245,102.69900699495338
16,4,0,0,2,0,2,3,103.01094999886118,111.91949399653822,234.75122600211762,97.3911409964785
28,5,0,0,1,0,2,0,43.44009199121501,104.58671500964556,215.51980200456455,99.50989900971763
22,2,0,0,3,0,2,8,192.12439600960352,185.47555200348143,371.1065520037664,167.31739199894946
28,4,0,0,3,0,2,1,79.76871699793264,111.71304399613291,237.74024200974964,106.70282399223652
10,3,0,0,1,0,2,93,180.37738499697298,244.1117880080128,316.77284599572886,207.94504499644972
11,3,0,0,0,0,0,1,73.75855400459841,103.39847300201654,180.9037910134066,63.39305000437889
1,0,0,0,0,0,0,2995,68.08265499421395,95.21779698843602,159.07072700792924,90.9586979978485
10,3,0,0,0,0,0,273,100.98695900524035,153.11158099211752,246.23830999189522,160.57705700222868
35,1,0,0,5,0,3,1,40.702432001126,57.427145991823636,131.022486006259,53.735926005174406
13,1,0,0,2,0,2,172,95.745964004891,90.29020300658885,257.6084039901616,188.89575899811462
2,0,0,0,0,0,0,1755,63.062047003768384,88.66645400121342,149.60220801003743,94.33768600865733
16,0,0,0,1,0,2,1,97.87128699827008,102.46004699729383,220.94721799658146,96.09184099826962
4,2,0,0,0,0,0,860,73.66477300820407,104.019578997395,171.96803000115324,99.76386299240403
18,1,0,0,3,0,2,1,96.93602500192355,104.0157840034226,231.251485995017,95.25649099668954
12,1,0,0,0,0,0,7,100.41565699793864,151.43110700591933,252.24187898857053,151.90767400781624
6,4,0,0,1,0,1,33,144.594377008616,108.52709300525021,210.0437740009511,101.23465700598899
12,0,0,0,2,0,2,157,160.7826939871302,127.02220899518579,222.99012000439689,60.99767300474923
3,1,0,0,0,0,0,3594,42.91012999601662,60.107696990598924,115.11820800660644,97.82517100393306
25,5,0,0,1,0,2,1,56.46796600194648,77.14225600648206,248.3266680064844,164.31972999998834
8,2,0,0,0,0,0,16,102.69630399125163,153.4788399876561,248.4832249901956,157.1944579918636
24,1,0,0,2,0,2,1,88.64478100440465,113.41689398977906,236.3045909878565,108.26100599661004
18,2,0,0,1,0,2,1,71.2900670041563,100.9678420086857,198.30768900283147,94.6632739942288
18,1,0,0,2,0,2,1,74.54047900682781,104.392947992892,209.13866600312758,96.71550600614864
28,8,0,0,3,0,2,1,40.144396989489906,54.98807001276873,124.87346099806018,107.25674100103788
7,5,0,0,0,0,0,404,162.6939690031577,257.7529480040539,336.33398500387557,129.59007298923098
25,9,0,0,1,0,2,1,83.28243700088933,112.628937989939,226.19964799378067,108.47030200238805
16,1,0,0,2,0,2,286,96.98511799797416,120.59761700220406,240.0396559969522,119.24822699802462
12,2,0,0,1,0,2,1,74.74746399384458,99.75125601340551,188.66398600221146,88.98136200150475
18,1,0,0,0,0,0,0,39.40724898711778,53.16682600823697,97.98929799580947,50.7933420012705
28,5,0,0,1,0,2,1,108.752950996859,157.7042780118063,294.341949003865,163.93166000489146
8,4,0,0,0,0,0,1388,67.85098199907225,97.23428401048295,162.78861799219158,106.19256799691357
7,0,0,0,1,0,2,260,80.18272099434398,112.2482719947584,191.62708600924816,106.66963100084104
22,1,0,0,1,0,2,2,99.64499100169633,104.0301410102984,206.97593300428707,48.39315000572242
18,4,0,0,1,0,2,1,70.22741100809071,102.63925400795415,197.50490099249873,95.05585199804045
1,0,0,0,0,0,0,5937,17.029586000717245,20.022066004457884,74.0458549989853,90.49168799538165
28,3,0,0,3,0,2,1,79.12553299684078,111.70569699606858,239.50028700346593,105.25792901171371
20,1,0,0,1,0,2,1,98.48734599654563,105.12063300120644,228.01863300264813,95.17869399860501
22,3,0,0,2,0,2,1,100.21153200068511,116.77348500234075,238.44819399528205,97.81202800513711
18,4,0,0,0,0,0,1,41.522303989040665,55.91481699957512,104.4832859915914,55.752473999746144
32,2,0,0,2,0,2,1,106.42702999757603,117.09586100187153,255.90890100284014,97.15590298583265
28,4,0,0,1,0,2,1,71.09039899660274,111.3713600061601,225.56719099520706,106.48837000189815
26,1,0,0,3,0,2,1,71.15036400500685,100.6685119937174,209.6087239915505,90.30554200580809
22,2,0,0,2,0,2,1,100.60157299449202,116.66144301125314,242.60981200495735,96.32973700354341
19,4,0,0,1,0,2,1,40.226290991995484,55.636887991568074,106.63154399662744,53.32963599357754
2,0,0,0,0,0,0,29,68.00534100329969,97.92008700605948,160.60171299614012,85.9941110102227
17,1,0,0,2,0,2,1,98.06917900277767,116.8247000023257,229.40525200101547,103.7057709909277
11,2,0,0,1,0,2,0,176.6888099955395,108.81438499200158,194.4315870059654,100.17531599442009
22,2,0,0,2,0,2,2,132.93230399722233,161.90356700099073,318.7703949952265,165.5972250009654
14,4,0,0,1,0,2,1,52.978968000388704,73.99632199667394,136.42174001142848,78.5633760096971
14,4,0,0,2,0,2,56,84.1774419968715,109.22235499310773,216.70561700011604,103.16798200074118
14,3,0,0,2,0,2,36,87.863227003254,111.78862700762693,220.9966539958259,104.95930899924133
13,1,0,0,2,0,2,15,180.4647719982313,164.05143500014674,328.9648589998251,157.762739007012
3,3,0,0,0,0,0,5631,38.22554300131742,52.671323996037245,97.95494299032725,215.55867401184514
14,4,0,0,1,0,2,1,123.86753999453504,157.82932699949015,296.29240999929607,162.42363300989382
24,3,0,0,3,0,2,1,98.36175599775743,105.22792499978095,238.76012398977764,94.8593890061602
11,1,0,0,1,0,2,0,101.5528110001469,138.49700000719167,214.55584799696226,123.52940200071316
2,2,0,0,0,0,0,5771,27.295163003145717,35.759316000621766,88.52564200060442,172.87850599677768
22,3,0,0,2,0,2,1,67.06095900153741,91.98214799107518,115.90262099343818,48.87585299729835
23,2,0,0,1,0,2,1,51.057275995844975,72.61046500934754,226.04435399989597,72.1825450018514
18,3,0,0,1,0,2,1,72.26132199866697,102.25701199669857,118.90307400608435,63.07637800637167
11,2,0,0,1,0,2,61,78.72322600451298,104.96426399913616,195.67024400748778,99.75623499485664
26,1,0,0,4,0,3,1,98.40141198947094,117.77118699683342,247.035402993788,95.85733000130858
10,6,0,0,1,0,2,1065,170.16169299313333,169.26333800074644,283.014610002283,182.85873699642252
24,1,0,0,2,0,2,1,79.22305198735557,112.4391769990325,224.87124399049208,107.48474199499469
28,2,0,0,1,0,2,1,80.71732700045686,112.66874299326446,227.5426270061871,107.41650899581145
24,5,0,0,3,0,2,3,97.01533000043128,119.47415099712089,254.3554489966482,103.6250140023185
25,3,0,0,2,0,2,1,69.12007500068285,51.80684100196231,112.36859500058927,49.11574900324922
16,3,0,0,1,0,2,3,104.10891599894967,109.81565200199839,230.5850209959317,103.56129799038172
24,3,0,0,1,0,2,1,49.470230005681515,64.41029699635692,230.76506500365213,103.84159999375697
11,4,0,0,1,0,1,105,108.37560601066798,159.71973199339118,262.2226550010964,168.45381700841244
4,0,0,0,0,0,0,3,73.14176100771874,100.97428699373268,168.86982800497208,92.12784700503107
8,4,0,0,0,0,0,1321,113.11114800628275,169.47452700696886,252.07186200714204,208.18248599243816
6,1,0,0,0,0,0,0,70.53849300427828,102.50763899239246,170.99965999659617,92.73027500603348
28,6,0,0,1,0,2,1,80.52240399410948,112.26315698877443,230.2486810076516,107.83444200933445
4,4,0,0,0,0,0,5074,30.42186600214336,42.896992003079504,64.44440899940673,123.50821000291035
16,1,0,0,1,0,2,1,77.28326600044966,102.5502789998427,199.98178900277708,94.7994930029381
16,5,0,0,0,0,0,0,79.51893900462892,112.63949100975879,202.6532089948887,108.38942599366419
22,9,0,0,1,0,2,1,79.86471899494063,53.864519999478944,111.2234489992261,52.796524003497325
20,3,0,0,2,0,1,1,110.88952398858964,160.2682420052588,280.4604020057013,163.86570398753975
18,4,0,0,1,0,2,1,71.44845600123517,102.90249600075185,196.7218520003371,94.86440000182483
13,1,0,0,1,0,2,4,91.8130219943123,116.70466400391888,221.3019239861751,111.42575700068846
17,2,0,0,2,0,2,1,80.99887600110378,105.3553940000711,218.22725000674836,98.99924900673795
17,0,0,0,1,0,2,1,81.07496799493674,104.30902399821207,208.00173201132566,98.24890199524816
21,1,0,0,2,0,2,1,51.01667300914414,57.54824500763789,127.72754199977499,51.54471599962562
1,0,0,0,0,0,0,3585,62.55097199755255,87.98047600430436,149.4302220089594,91.28530899761245
28,8,0,0,3,0,2,1,78.9634910033783,111.75508500309661,236.46993401052896,106.88141599530354
20,6,0,0,1,0,2,0,40.16307900019456,52.56124299194198,106.52075299003627,50.56767498899717
36,3,0,0,6,0,2,1,97.73047399357893,112.62982799962629,283.7884059990756,105.6725450034719
8,3,0,0,0,0,0,36,123.25034000969026,189.34050999814644,303.42590900545474,196.2584849970881
24,3,0,0,3,0,2,2,185.82123500527814,181.2159840046661,362.14475899760146,161.57759200723376
10,1,0,0,1,0,2,234,74.89701799931936,105.2699520078022,188.00739099970087,102.0680200017523
38,1,0,0,7,0,3,1,80.27934900019318,110.14509398955852,265.9112600085791,96.73656799714081
14,2,0,0,1,0,2,5,98.79081801045686,106.59229499287903,218.19049899931997,97.0674240088556
20,2,0,0,1,0,2,1,76.54582700342871,102.0868710038485,205.76788199832663,94.19401099148672
23,4,0,0,2,0,2,1,78.76989999203943,104.8418240097817,221.44726099213585,94.28138300427236
12,2,0,0,0,0,0,7,100.81211199576501,148.04413399542682,248.4769799921196,153.9153080084361
30,2,0,0,2,0,4,1,40.4991079994943,54.53792600019369,152.94116399309132,105.45675200410187
21,5,0,0,3,0,2,3,138.9555770001607,198.72861600015312,265.5747519893339,102.97469400393311
3,3,0,0,0,0,0,5631,19.844913011183962,26.6251589928288,50.297818990657106,108.99866800173186
10,1,0,0,0,0,0,0,76.88009299454279,110.69847199541982,190.430162998382,104.8742559942184
16,4,0,0,2,0,2,3,102.6371279876912,112.20540299837012,233.68717799894512,122.61844999738969
21,1,0,0,1,0,2,1,77.94089100207202,110.38022299180739,214.81648499320727,109.6717790060211
5,2,0,0,0,0,0,2329,58.210627001244575,82.25360000506043,145.9216350049246,103.02116800448857
26,2,0,0,2,0,2,1,99.43747300712857,106.44960700301453,241.32662199554034,99.2226470116293
23,1,0,0,0,0,0,1,71.77318399772048,103.28328800096642,214.988378007547,95.09052100474946
3,2,0,0,0,0,0,2124,103.66126100416295,159.0490939997835,291.8017280026106,100.52312100015115
19,3,0,0,1,0,2,0,99.06614398641977,103.32155400828924,230.90373500599526,96.66906500933692
28,2,0,0,2,0,2,1,77.6642619894119,110.17289500159677,259.1136659902986,105.36096600117162
10,5,0,0,1,0,2,1065,166.13882899400778,171.31106099986937,268.3375100023113,182.14777500543278
3,3,0,0,0,0,0,5631,59.3070879986044,53.24714600283187,99.84618899761699,214.03174399165437
26,4,0,0,1,0,2,1,81.68920899333898,110.36227000295185,218.24634000950027,103.12012600479648
17,0,0,0,3,0,2,10,51.34063499281183,51.47301100078039,118.50447100005113,49.166148994117975
28,1,0,0,1,0,1,1,75.92534300056286,109.35395100386813,218.51650199096184,105.28982798859943
13,3,0,0,2,0,2,0,106.65297399100382,151.74224699148908,269.76436900440603,155.33167400280945
1,1,0,0,0,0,0,5937,16.14052799413912,19.43191300961189,73.5138470045058,113.09500299103092
28,9,0,0,3,0,2,1,77.39483600016683,111.9857960002264,236.66018700168934,103.67500899883453
28,1,0,0,2,0,2,1,96.72814300574828,112.92809298902284,249.59364299138542,103.3241779950913
29,3,0,0,2,0,2,0,77.1764119999716,109.61233399575576,225.48063800786622,102.32343600364402
5,0,0,0,0,0,0,75,38.09390400419943,50.32637900148984,88.19690899690613,49.95308999787085
42,3,0,0,5,0,2,1,75.94104499730747,105.87291800766252,256.22199301142246,100.54240700264927
18,2,0,0,1,0,2,1,101.88326500065159,109.22342700359877,228.0424229975324,104.6892559970729
27,2,0,0,3,0,2,1,79.21463600359857,111.36943800374866,240.57439000171144,106.1909700074466
21,6,0,0,3,0,2,0,104.1762410022784,153.33255699079018,285.43257000274025,156.45761000632774
28,5,0,0,1,0,2,1,79.07101699674968,111.0968589928234,225.2566750103142,107.68709299736656
21,7,0,0,3,0,2,4,72.43807500344701,99.88645800331142,184.8119539936306,105.41781299980357
10,0,0,0,1,0,2,1017,90.97396899596788,125.66484900889918,202.7026349969674,125.50747999921441
22,4,0,0,2,0,2,6,99.80858099879697,108.89246998704039,240.19036800018512,98.32371700031217
24,2,0,0,3,0,2,1,96.39796400733758,104.27445599634666,234.9585120100528,95.48483300022781
19,2,0,0,1,0,2,1,99.20194301230367,103.57097200176213,224.68500200193375,98.50050500244834
6,1,0,0,0,0,0,33,74.01573901006486,105.07377199246548,176.7229479883099,98.21572100918274
11,4,0,0,1,0,2,50,181.240282006911,108.5699429968372,301.9462119991658,102.39279699453618
10,5,0,0,1,0,2,28,179.03175600804389,106.08116500952747,292.62159499921836,97.47938299551606
5,0,0,0,0,0,0,1409,32.20549698744435,48.43193899432663,154.0617150021717,102.34988099546172
28,8,0,0,3,0,2,0,126.28962700546253,190.94425300136209,352.75266799726523,201.1221499997191
4,4,0,0,0,0,0,5074,58.99759600288235,68.21242600562982,95.70182400057092,245.46342800022103
11,5,0,0,1,0,2,91,109.3651710107224,54.736099002184346,158.3341039950028,52.441798005020246
4,0,0,0,0,0,0,498,70.30718099849764,101.74322499369737,164.28032799740322,79.91235100780614
3,3,0,0,0,0,0,5631,37.63424800126813,52.968589996453375,98.653152002953,215.5804930080194
26,1,0,0,1,0,2,1,83.5182159935357,111.60407100396696,226.70950600877404,106.27011400356423
1,0,0,0,0,0,0,2995,65.67269501101691,94.13167199818417,156.43452799122315,89.93540999654215
12,3,0,0,0,0,0,94,75.17374800227117,105.28312300448306,186.3132339931326,101.25568500370719
11,3,0,0,1,0,2,0,86.85157699801493,57.489122002152726,98.94478699425235,53.05592999502551
23,1,0,0,2,0,2,0,95.38675000658259,111.59043700899929,239.51831099111587,104.8951139964629
18,0,0,0,1,0,2,0,76.77717600017786,103.14294599811547,205.26565599720925,94.04882200760767
11,7,0,0,1,0,2,0,181.8416409951169,183.03634799667634,292.4905929976376,177.79234200133942
3,2,0,0,0,0,0,3023,110.14888400677592,170.09127499477472,259.4398430082947,199.97150800190866
18,1,0,0,1,0,2,1,98.2930110039888,103.83031899982598,225.3967900032876,98.19107700604945
25,1,0,0,2,0,2,1,97.9307490051724,109.4881150056608,245.7604109949898,102.44502899877261
8,2,0,0,1,0,1,136,82.28601799055468,105.6934850057587,186.6651099990122,97.09538199240342
16,3,0,0,0,0,0,2,73.1468370067887,102.8647629864281,186.35298799199518,98.27212900563609
16,2,0,0,1,0,2,3,94.38633298850618,107.74225900240708,222.4809540057322,101.71697899932042
27,1,0,0,3,0,2,1,64.2008999857353,78.89662799425423,160.84729399881326,82.73816200380679
4,2,0,0,0,0,0,0,67.18542899761815,96.988760997192,158.84578599070664,88.15114300523419
3,0,0,0,0,0,0,1111,72.26553499640431,102.04918899398763,167.98858999391086,96.66808199835941
11,3,0,0,0,0,0,1,72.90522899711505,101.70893000031356,176.32364100427367,89.06943700276315
19,1,0,0,2,0,4,1,82.96709699789062,105.25861599307973,219.83057098987047,100.83562099316623
31,1,0,0,4,0,3,1,80.85509401280433,112.48494799656328,253.65543900988996,106.58311599399894
28,1,0,0,3,0,2,1,53.624146996298805,57.66281000978779,130.03574099275284,48.960277999867685
42,1,0,0,7,0,3,1,97.98314901127014,119.29883201082703,288.85745600564405,104.64244299510028
15,1,0,0,2,0,2,4,172.638553995057,117.20544399577193,144.88446598988958,49.25755600561388
7,6,0,0,0,0,0,1431,169.08845800207928,264.9992939986987,373.34576500870753,268.79418099997565
12,1,0,0,1,0,2,13,74.48164900415577,103.4390720014926,190.68620799225755,97.6953310018871
22,0,0,0,1,0,2,0,97.70003700396046,104.6221270080423,226.23513100552373,95.32524399401154
18,5,0,0,1,0,2,0,34.00420901016332,89.80378200067207,189.2750519909896,87.02726900810376
2,0,0,0,0,0,0,1868,70.58022401179187,99.70808499201667,161.15397799876519,90.61443200334907
4,3,0,0,0,0,0,2339,119.33162299101241,181.80245900293812,274.12530800211243,201.9051890092669
10,3,0,0,0,0,0,235,75.61224799428601,110.0657200004207,185.94752901117317,106.33697699813638
26,6,0,0,3,0,2,1,97.9838000057498,118.90253899036907,261.54444899293594,102.38594700058457
32,1,0,0,3,0,2,1,93.96711298904847,114.33897000097204,133.4933220059611,52.04037600196898
22,1,0,0,1,0,2,1,39.2671900044661,52.26891100755893,106.24583899334539,49.99528201005887
2,0,0,0,0,0,0,3629,39.436428996850736,52.746528992429376,108.98339499544818,96.18743699684273
28,10,0,0,3,0,2,2,170.09665200021118,265.08174699847586,448.54532499448396,264.9709670076845
26,5,0,0,1,0,2,1,78.91326599929016,109.50477700680494,218.59249300905503,104.19176598952617
11,1,0,0,1,0,2,834,90.18586299498565,126.37458898825571,211.81416999024805,128.64221500058193
6,3,0,0,0,0,0,204,78.84793099947274,111.11412099853624,186.5251779963728,107.54643598920666
19,1,0,0,1,0,2,1,93.6598060070537,107.3470559931593,225.07536699413322,101.76124399004038
21,2,0,0,1,0,2,1,78.82218400482088,111.43006700149272,216.27989399712533,107.106859999476
16,1,0,0,1,0,2,1,148.61183300672565,153.89127499656752,335.8751080086222,159.78661899862345
18,1,0,0,2,0,2,2,44.82101900794078,54.819579992908984,111.28745799942408,51.83867699815892
5,2,0,0,0,0,0,490,113.74664799950551,174.76721099228598,277.65727099904325,195.1203130010981
24,1,0,0,4,0,2,1,105.27534400171135,118.76957800996024,261.3022989971796,96.79446399968583
22,1,0,0,0,0,0,1,79.49322499916889,114.15857000974938,204.55121499253437,105.9936419915175
18,1,0,0,1,0,2,2,76.9588359980844,112.0350350101944,213.6357019917341,107.43591299979016
25,1,0,0,0,0,0,1,77.43796199792996,110.50232699199114,208.3615259907674,104.31259099277668
20,2,0,0,0,0,0,1,74.87556101114023,105.28939300274942,197.4628869938897,98.45438599586487
1,0,0,0,0,0,0,2466,59.5515730092302,84.10851199005265,145.5719939986011,88.83971300383564
19,4,0,0,2,0,1,0,105.64491400145926,158.87969499453902,277.09163099643774,160.83648600033484
15,0,0,0,2,0,2,0,82.02078500471544,66.66608600062318,165.4427850007778,113.51995900622569
14,2,0,0,1,0,2,5,96.46410000277683,102.63317699718755,223.6396449879976,97.3948860046221
25,6,0,0,1,0,2,1,83.7170180020621,112.88020099163987,131.01176801137626,91.75230799883138
21,6,0,0,3,0,2,0,100.46340699773282,150.51682700868696,288.51113699784037,154.84352500061505
1,1,0,0,0,0,0,5937,16.488541004946455,19.42818600218743,73.67376699403394,113.07125799066853
25,1,0,0,4,0,2,1,73.93054199928883,52.01347699039616,125.74819900328293,47.94727699481882
11,5,0,0,1,0,2,91,191.95728799968492,108.38718101149425,303.7949720019242,101.36734700063244
3,0,0,0,0,0,0,0,35.1522140117595,48.197308991802856,83.08702499198262,45.527997994213365
18,1,0,0,1,0,2,0,76.48969700676389,101.4400529966224,202.43411700357683,94.57584799383767
10,1,0,0,1,0,2,5,74.70610199379735,105.72939399571624,190.15546000446193,96.82148099818733
8,1,0,0,1,0,2,154,87.38770900527015,115.29326500021853,192.35026200476568,103.9596589980647
28,5,0,0,1,0,2,1,79.26880801096559,112.60022199712694,227.75995401025284,105.6331240106374
26,1,0,0,1,0,2,1,96.69472899986431,108.6401410138933,235.50560399598908,104.64810900157318
19,0,0,0,1,0,2,1,92.71644899854437,103.63341499760281,224.34612800134346,95.58978599670809
6,0,0,0,1,0,2,44,155.86272299697157,212.55789800488856,192.89061101153493,146.10626301146112
28,2,0,0,2,0,3,1,82.95234901015647,111.47263301245403,233.81097699166276,107.18846900272183
25,7,0,0,1,0,2,1,109.90605400002096,156.98928100755438,292.90480600320734,162.73007799463812
23,1,0,0,0,0,0,1,60.858255994389765,50.23635500401724,99.43508799187839,47.93315500137396
29,4,0,0,2,0,2,1,40.63972500443924,55.85133100976236,192.875881009968,107.52243699971586
2,2,0,0,0,0,0,5771,27.840595997986384,35.35912100051064,87.82123200944625,172.20515498775057
4,1,0,0,0,0,0,80,100.46642999805044,149.47602100437507,243.437326993444,84.00764799444005
18,1,0,0,1,0,2,1,76.66057499591261,109.56183199596126,208.87926299474202,103.53540698997676
27,4,0,0,2,0,1,1,73.14806900103576,105.83681700518355,208.59573800407816,94.2119409883162
15,4,0,0,2,0,1,2,76.02335201227106,110.55924800166395,199.899428000208,101.22016500099562
10,0,0,0,1,0,2,0,67.84771599632222,96.82745399186388,177.59585699241143,85.28883100370876
13,1,0,0,1,0,2,4,36.79530500085093,50.49501499161124,97.63279699836858,48.46222799096722
8,0,0,0,0,0,0,84,71.80635999247897,101.89161000016611,175.79836799995974,96.15881901117973
28,1,0,0,2,0,2,1,41.417450993321836,81.29631700285245,235.72051800147165,107.61376099253539
28,7,0,0,1,0,2,1,78.84873599687126,111.5158720058389,226.34607000509277,107.22925500886049
16,1,0,0,1,0,2,1,76.38629800931085,105.36234900064301,201.06404900434427,97.94920199783519
23,0,0,0,2,0,3,1,80.18021499447059,112.50259001099039,224.6349850029219,107.26847099431325
19,5,0,0,1,0,2,1,116.26637799781747,154.62082700105384,281.4201820001472,129.64736600406468
17,1,0,0,0,0,0,1,77.07955299702007,111.4388439891627,200.30255400342867,104.47757800284307
36,2,0,0,5,0,2,1,52.32094098755624,57.042781001655385,190.08304899034556,98.48558600060642
10,3,0,0,0,0,0,212,74.93595700361766,107.58439800702035,187.9953019961249,105.72150700318161
22,1,0,0,1,0,2,1,78.90426799713168,111.57352301233914,214.78556501097046,104.83483999269083
25,3,0,0,1,0,2,1,79.87451400549617,113.1513660075143,223.69957600312773,106.13031500543002
3,0,0,0,0,0,0,555,56.000429001869634,87.21241800230928,164.8055959958583,91.21744199364912
5,0,0,0,0,0,0,1409,32.6133140042657,43.71915700903628,123.3048870053608,101.8879979965277
11,0,0,0,1,0,2,365,95.42416500335094,112.55778800114058,211.3445849972777,108.22561399254482
18,2,0,0,2,0,2,1,82.23004700266756,112.81514400616288,221.7029440071201,107.87097600405104
25,8,0,0,1,0,2,2,83.68492100271396,114.69480299274437,226.6111150092911,108.02640901238192
8,3,0,0,1,0,1,273,149.44849300081842,140.22360001399647,238.11233400192577,166.6533280076692
24,1,0,0,1,0,2,1,49.02920899621677,52.80509399017319,169.2153199983295,103.16191099991556
7,0,0,0,0,0,0,77,72.83977400220465,103.996163001284,176.67722400801722,96.50353800680023
4,0,0,0,0,0,0,755,73.46683199284598,104.84574400470592,170.2237330027856,98.13252299500164
1,0,0,0,0,0,0,5937,16.937291002250277,19.83097699121572,71.29476500267629,44.93563099822495
1,1,0,0,0,0,0,5937,8.5711080027977,9.83197899768129,37.750204995973036,56.34837500110734
10,3,0,0,0,0,0,212,75.1280870026676,109.4115299929399,186.9946929946309,106.91690200474113
42,2,0,0,7,0,3,1,100.86348700860981,123.37174999993294,290.241138995043,105.7569609984057
19,2,0,0,1,0,2,1,95.46763300022576,107.10932800429873,199.15725599275902,103.01822201290634
22,5,0,0,1,0,2,0,33.95598099450581,62.72977999469731,192.57054300396703,85.6941870006267
25,0,0,0,2,0,2,1,96.92302100302186,114.20799000188708,246.060375997331,103.31143799703568
11,8,0,0,1,0,2,1413,104.08839800220449,162.56076200807001,290.74060099083,121.87456800893415
16,2,0,0,3,0,2,6,85.2449880039785,93.75908700167201,294.2973780009197,160.69404399604537
16,3,0,0,1,0,2,3,105.20977899432182,109.5386770030018,230.8099109941395,103.75803599890787
33,1,0,0,2,0,2,1,77.00557600765023,106.85347000253387,234.06818498915527,98.94246600742918
22,4,0,0,2,0,2,1,105.88796800584532,158.04935299092904,288.27678599918727,161.6622669971548
25,5,0,0,1,0,2,1,43.1777879857691,54.827695988933556,113.48539299797267,53.59618799411692
2,1,0,0,0,0,0,3629,47.64055000850931,69.24707599682733,133.9678840013221,153.07988900167402
21,2,0,0,1,0,2,0,78.09402199927717,111.88421500264667,213.13616700354032,106.35556800116319
21,2,0,0,1,0,2,0,48.44892499386333,53.556711005512625,117.32562900579069,51.307258996530436
4,2,0,0,0,0,0,0,102.74318700248841,152.50903500418644,247.00846000632737,158.57013600179926
20,3,0,0,2,0,1,0,104.5541899948148,156.79520300182048,275.23316199949477,162.54684700106736
7,4,0,0,0,0,0,554,123.48422899958678,211.65347400528844,316.26921499264427,243.33614499482792
25,0,0,0,2,0,2,0,93.66432999377139,117.06232899450697,226.15473199402913,105.43856798904017
24,3,0,0,2,0,2,1,95.49399800016545,109.69617300725076,241.79366500175092,109.18980599672068
28,4,0,0,1,0,2,1,80.01288599916734,111.95607000263408,232.46863200620282,95.15530899807345
14,4,0,0,1,0,2,1,122.38637398695573,156.62156700273044,289.9145520059392,163.98015699815005
4,4,0,0,0,0,0,5074,59.55800099764019,84.52290200511925,127.73575900064316,258.7364829960279
20,1,0,0,2,0,2,1,182.7384149946738,183.03059801110066,355.35057898960076,179.37314700975548
30,1,0,0,1,0,2,1,38.9305360004073,66.2551489949692,205.27606199902948,104.06175599200651
22,1,0,0,2,0,2,1,95.80119499878492,120.6798350031022,245.71421400469262,111.80815700208768
24,2,0,0,0,0,0,1,40.20358000707347,54.49247900105547,104.95628400531132,53.21290099527687
23,2,0,0,1,0,2,1,100.17602900916245,103.54557698883582,234.88713600090705,94.87943099520635
20,1,0,0,3,0,2,3,74.31809700210579,101.3380380027229,213.35252400604077,92.84273799858056
20,5,0,0,2,0,1,0,110.14438100391999,157.323394989362,280.06610700685997,164.01773800316732
28,6,0,0,1,0,2,1,41.61308299808297,55.046099005267024,113.63498499849811,54.35948498779908
29,3,0,0,3,0,3,1,78.81250999344047,110.40296399733052,239.22907099768054,108.33421601273585
3,2,0,0,0,0,0,3250,62.7441130054649,90.2161249978235,150.4761529940879,101.29412300011609
38,1,0,0,7,0,3,1,98.5382450016914,117.70343499665614,295.611736990395,104.20444900228176
25,1,0,0,3,0,1,0,81.4872769988142,111.45708999538328,223.4033879940398,105.99337999883574
3,2,0,0,0,0,0,547,98.67776099417824,145.09911999630276,231.4108029968338,150.68065100058448
5,3,0,0,0,0,0,504,123.1164819910191,187.5918419973459,293.74756099423394,197.79086600465234
13,1,0,0,2,0,2,11,43.800022001960315,50.45932800567243,103.885866003111,51.753394000115804
30,2,0,0,3,0,2,1,78.01558000210207,105.17709000851028,130.92632699408568,47.8541159973247
9,5,0,0,0,0,0,0,125.09180000051856,193.14521498745307,306.5437320037745,198.57513200258836
20,7,0,0,2,0,2,12,78.87214700167533,110.21984700346366,222.80772599333432,104.30532800091896
24,7,0,0,3,0,2,27,104.30798299785238,122.64699699881021,253.6716169997817,103.84836899174843
30,1,0,0,0,0,0,1,77.34840799821541,109.63968800206203,215.07911899243481,106.58523299207445
16,1,0,0,0,0,0,1,78.44163400295656,110.80054100602865,195.56001100863796,105.57644200162031
29,1,0,0,3,0,2,1,99.20119700836949,119.89536799956113,266.26462799322326,106.75490299763624
23,1,0,0,1,0,2,0,78.22629899601452,111.3336190028349,219.14435499638785,59.89547799981665
22,2,0,0,2,0,2,1,95.74235099717043,103.33126099430956,229.21847300312947,97.90112299378961
36,4,0,0,6,0,2,1,126.73428999551106,159.87127399421297,345.89327199500985,160.83710400562268
14,4,0,0,1,0,2,1,54.506662010680884,73.48854599695187,162.03246198710985,157.1113179961685
4,1,0,0,0,0,0,1421,60.588838008698076,86.13527999841608,150.08828000281937,99.75383800338022
8,1,0,0,0,0,0,941,72.0490579988109,101.92260400799569,172.732368009747,103.78214699449018
19,5,0,0,1,0,2,1,105.090355995344,152.97105800709687,271.503609008505,154.0817389904987
28,5,0,0,1,0,2,0,39.80700000829529,53.31619898788631,112.237102992367,104.15882300003432
28,7,0,0,3,0,2,0,78.55568898958154,109.13640099170152,237.2626700089313,103.86675200425088
20,1,0,0,2,0,2,1,101.09525900043081,118.8171149988193,233.55181599617936,96.94305500306655
3,1,0,0,0,0,0,555,69.86912799766287,99.6082369965734,164.08434200275224,93.76019598857965
28,6,0,0,1,0,2,1,79.1448189993389,111.60297298920341,225.1349339931039,106.84188599407207
37,2,0,0,4,0,2,0,49.44918799446896,58.41711199900601,131.32082999800332,52.49321500014048
4,4,0,0,0,0,0,5074,58.611362997908145,85.39111301070079,130.32985500467476,253.83233600587118
24,3,0,0,3,0,2,1,99.19318500033114,119.24154899315909,250.1256440009456,103.00026999902911
3,1,0,0,0,0,0,2340,69.47315100114793,105.39306300051976,170.81045599479694,153.42301898635924
15,1,0,0,1,0,2,2,49.78092799137812,50.38965499261394,118.41325501154643,95.94395098974928
7,4,0,0,0,0,0,752,78.47952899464872,113.70198099757545,185.45322099816985,110.99487000319641
21,2,0,0,2,0,2,1,78.38884300144855,102.55421900365036,109.03387700091116,50.98609899869189
18,3,0,0,1,0,2,5,111.86395499680657,165.3680069866823,285.5633650033269,168.68164800689556
12,4,0,0,0,0,0,98,74.5217890071217,105.74893999728374,187.68392300989944,102.35875801299699
26,3,0,0,3,0,2,1,102.03724700841121,122.99118698865641,253.8908300048206,104.2738459946122
21,1,0,0,1,0,2,1,182.95249399670865,156.31325499271043,342.71128599357326,158.9682170015294
6,0,0,0,0,0,0,1409,63.894056002027355,91.53740901092533,157.64492699236143,103.54284899949562
28,7,0,0,3,0,2,1,79.9185630021384,112.93618100171443,241.41299500479363,109.58525601017755
22,4,0,0,1,0,2,1,136.7892109992681,204.06340599583928,347.19890999258496,170.65707298752386
13,3,0,0,1,0,2,1,91.0553540015826,102.8568460023962,207.90386300359387,95.38977801275905
20,1,0,0,2,0,2,1,97.91545500047505,117.89578000025358,233.42312198656145,108.40280300180893
11,1,0,0,0,0,0,209,76.9377430115128,109.53209099534433,188.83425199601334,107.64444200322032
7,6,0,0,0,0,0,1431,85.5026389908744,134.19078101287596,229.83922400453594,267.47425000939984
20,7,0,0,2,0,2,13,107.22503499710001,156.61945300234947,168.53945900220424,82.3477170051774
15,3,0,0,1,0,2,1,77.71150300686713,108.02538099233061,204.09322199702729,105.97858999972232
10,2,0,0,0,0,0,0,77.59428898862097,109.53113000141457,189.81906000408344,106.12160900200251
16,6,0,0,2,0,2,20,78.40283100085799,109.58612299873494,211.89236399368383,106.66059100185521
28,9,0,0,3,0,2,2,152.1509540034458,234.14870299166068,407.6069599977927,238.87186899082735
18,3,0,0,2,0,2,1,124.38008299795911,167.59393800748512,307.01323300309014,172.18288200092502
24,10,0,0,3,0,2,19,57.06348700914532,107.78624900558498,262.5540590088349,106.19770499761216
10,1,0,0,1,0,2,1,42.73356500198133,49.4811730022775,100.3662429866381,46.916124993003905
23,1,0,0,2,0,2,1,82.40171600482427,108.85363799752668,219.96530699834693,97.27124599157833
27,1,0,0,3,0,2,1,95.52480900310911,119.01535399374552,249.15560400404502,103.20638300618157
6,2,0,0,0,0,0,1409,63.98886699753348,92.91197199490853,158.56852701108437,102.67587300040759
3,2,0,0,0,0,0,3098,65.59793199994601,92.31701400130987,150.4170120024355,98.62681799859274
19,0,0,0,1,0,1,0,72.1961429953808,102.42445599578787,193.26444699254353,96.10811599122826
13,3,0,0,2,0,1,15,73.94536399806384,102.14743700635154,189.4909650000045,95.81367300415877
24,2,0,0,2,0,2,1,54.34297499596141,61.20061900583096,124.28967798769008,52.34341500909068
14,4,0,0,1,0,2,1,106.585735004046,152.16220400179736,274.21981398947537,155.8047250000527
26,1,0,0,3,0,2,1,99.75011101050768,119.1361719975248,246.25476100482047,97.64580700721126
1,0,0,0,0,0,0,2995,66.28655400709249,93.77380699152127,155.23130999645218,89.04844599601347
22,7,0,0,1,0,2,1,105.52040500624571,154.0273669961607,275.945674002287,154.09500699024647
22,1,0,0,1,0,2,0,67.98505299957469,94.58206000272185,194.05799701053184,85.7121820008615
18,1,0,0,1,0,2,0,49.5292999985395,71.72963499033358,132.11024999327492,74.67640899994876
22,1,0,0,0,0,0,1,72.49158200284,102.09484699589666,191.9835970038548,94.21304101124406
28,3,0,0,2,0,3,1,83.99610000196844,110.43643500306644,232.7325340011157,107.08100799820386
18,2,0,0,3,0,2,7,105.16554799687583,116.82973499409854,242.09086201153696,97.4617330066394
20,2,0,0,1,0,2,1,89.67837398813572,113.09643799904734,223.99949000100605,110.11098101153038
3,1,0,0,0,0,0,555,69.45448800979648,96.385436001583,161.67567700904328,91.05597500456497
9,5,0,0,0,0,0,354,121.6317340004025,186.0315390076721,293.140369001776,205.66921700083185
22,1,0,0,2,0,2,1,84.48586400481872,111.97896499652416,224.90146999189164,66.67559400375467
20,1,0,0,1,0,1,1,39.93857200839557,53.84225999296177,134.28829501208384,104.1691720020026
10,1,0,0,0,0,0,1,105.92284399899654,155.8731010009069,260.65669700619765,162.64083699206822
25,4,0,0,1,0,2,1,84.34399300313089,112.68362400005572,223.9425529987784,106.98116199637298
12,2,0,0,0,0,0,91,74.44160399609245,107.72626100515481,186.53441699279938,100.23531000479124
21,2,0,0,2,0,2,1,101.87625999969896,115.84818300616462,243.26253100298345,97.50967100262642
13,2,0,0,0,0,0,20,78.37813299556728,111.38111099717207,197.62314201216213,107.3486349923769
23,2,0,0,2,0,2,1,45.05609300395008,54.24481398949865,119.8396960098762,52.22432599111926
3,0,0,0,0,0,0,1858,70.34686200495344,99.27121800137684,160.72626900859177,93.82403900963254
22,3,0,0,2,0,2,6,100.78054199402686,108.76358700625133,241.41661800967995,97.91547000349965
4,4,0,0,0,0,0,5074,59.444734986755066,84.93893400009256,126.62478700804058,244.6028369886335
26,4,0,0,3,0,2,2,107.10128500068095,124.59753498842474,265.552311000647,105.82355300721247
12,1,0,0,1,0,2,20,62.43021599948406,147.26872900791932,286.4098310092231,158.68699899874628
16,1,0,0,2,0,2,1,104.1370029997779,118.14262899861205,239.23062199901324,96.08975199807901
18,2,0,0,2,0,1,3,83.0024860042613,57.286533003207296,118.52986499434337,102.54857499967329
5,1,0,0,0,0,0,1409,62.89817400102038,60.71154300298076,77.5589190016035,51.671095003257506
29,1,0,0,3,0,2,1,75.20813900919165,109.40813799970783,226.49041000113357,102.26258300826885
24,1,0,0,2,0,2,1,76.09658999717794,106.60160300903954,222.6375750033185,100.46860500006005
26,7,0,0,3,0,2,3,50.867582991486415,88.54085100756492,256.4129279926419,103.0176149943145
28,2,0,0,1,0,2,1,80.72239300236106,111.14234500564635,225.15939800359774,109.30950898909941
26,3,0,0,3,0,2,1,93.58872499433346,118.78608199185692,255.27680599770974,103.17560199473519
27,1,0,0,1,0,2,1,81.31891000084579,105.1504329952877,221.54126000532415,98.4233920025872
9,2,0,0,1,0,2,12,39.92403100710362,52.50782999792136,167.6278669910971,50.77807400084566
7,0,0,0,0,0,0,482,69.97325000702403,100.96090400475077,174.57697400823236,99.04902501148172
20,4,0,0,2,0,1,1,110.80534000939224,159.82470699236728,281.69825598888565,166.52672800410073
17,1,0,0,1,0,2,1,72.40653999906499,103.05356299795676,201.22437800455373,97.15108299860731
2,1,0,0,0,0,0,1868,69.11145300546195,98.24980900157243,158.69195200502872,89.6992960042553
9,1,0,0,1,0,2,133,97.18863900343422,132.81371899938677,208.83359700383153,109.90401099843439
11,0,0,0,1,0,2,20,48.11892900033854,50.16498900658917,106.72490099386778,49.32709300192073
11,1,0,0,1,0,2,1107,95.2576949930517,133.54257799801417,212.20440599427093,130.99827601399738
28,3,0,0,2,0,3,1,112.40615400311071,159.4924030068796,300.52231399167795,88.60406299936585
16,0,0,0,1,0,2,0,95.7636600069236,108.59364400675986,226.41892200044822,101.71196699957363
22,2,0,0,0,0,0,1,74.85800900030881,106.1153960035881,198.7053589982679,101.84167900297325
20,5,0,0,2,0,1,1,108.30490000080317,158.391285003745,280.32968200568575,163.83185000449885
26,5,0,0,3,0,2,1,99.50092500366736,119.51800899987575,257.0659060002072,103.96969500288833
11,1,0,0,1,0,2,1,78.79160800075624,104.2973329895176,196.59666999359615,98.09725200466346
12,2,0,0,0,0,0,123,39.503215011791326,71.86560700938571,186.08896200021263,101.38446801283862
3,0,0,0,0,0,0,239,70.91632699302863,100.78418700140901,167.64533400419168,93.50562399777118
2,0,0,0,0,0,0,3629,39.02572199876886,54.49316100566648,109.79766098898835,95.5184799968265
23,4,0,0,2,0,2,2,51.392213004874066,58.13401201157831,124.48514600691851,51.97517700435128
20,6,0,0,2,0,2,12,106.91903700353578,157.16073900694028,285.11724299460184,163.58492500148714
21,3,0,0,3,0,2,62,108.60549499921035,125.6211260042619,254.42569400183856,108.86552599549759
3,1,0,0,0,0,0,3594,44.08480800339021,61.79954900289886,118.14400998991914,99.60646599938627
16,5,0,0,1,0,2,1,36.223888004315086,49.2720729962457,99.84288799751084,48.02126200229395
18,5,0,0,1,0,2,1,73.84803298918996,107.56744600075763,202.78502299333923,101.50656499899924
15,3,0,0,2,0,1,0,71.86879200162366,98.62248599529266,190.20533400180284,93.42909500992391
24,7,0,0,3,0,2,18,97.63519300031476,117.20079500810243,253.38258600095287,66.63463199220132
10,4,0,0,0,0,0,212,102.47024700220209,156.51014499599114,246.92010099533945,163.17946299386676
31,2,0,0,2,0,2,1,95.82651998789515,117.81907700060401,245.818794996012,103.11835799075197
20,2,0,0,0,0,0,1,75.67086799826939,108.23497798992321,199.3301610054914,102.66970300290268
20,3,0,0,1,0,2,0,77.53106400195975,109.72614999627694,211.13517000048887,52.6413650077302
12,3,0,0,0,0,0,123,38.77908799040597,51.843188994098455,146.48211799794808,101.96184199594427
15,1,0,0,2,0,2,1,100.29845300596207,104.86095800297335,229.11357900011353,96.91337999538518
1,1,0,0,0,0,0,5937,15.938235010253266,19.08382200053893,72.43837299756706,113.69611299596727
6,1,0,0,0,0,0,1409,65.47096998838242,91.43639699323103,155.3878349950537,103.75794999708887
3,2,0,0,0,0,0,3212,67.4048560031224,98.92645401123445,166.9196099974215,199.31215900578536
24,9,0,0,3,0,2,19,58.13835900335107,63.325955998152494,133.71733599342406,53.11047300347127
10,2,0,0,1,0,2,64,135.16095900558867,206.51770000404213,332.59611899848096,213.88740200200118
32,1,0,0,3,0,2,1,73.30693799303845,104.04182800266426,229.3698029970983,95.21619099541567
25,7,0,0,1,0,2,2,83.00122199580073,114.7952909959713,223.38585299439728,105.63262700452469
14,3,0,0,0,0,0,10,78.68084500660188,111.81145699811168,199.27244700375013,107.97815000114497
22,0,0,0,3,0,2,0,70.38825101335533,100.31276199151762,217.82543999142945,91.82630201394204
24,4,0,0,2,0,2,1,95.13948099629488,111.77643600967713,242.05027699645143,104.20049000822473
18,3,0,0,1,0,2,0,72.15601699135732,100.9073630120838,195.80048600619193,93.28150500368793
19,2,0,0,1,0,2,1,58.47142300626729,74.31119699322153,141.19711999956053,80.18803999584634
25,2,0,0,1,0,2,1,128.1631239980925,156.34511900134385,304.0424329956295,161.28087799006607
3,1,0,0,0,0,0,91,71.82395800191443,101.43835800408851,133.98119100020267,47.095286994590424
31,1,0,0,4,0,2,1,102.3997329903068,121.09573899942916,273.12248400994577,104.15119599201716
28,3,0,0,1,0,2,1,80.37671899364796,111.80517300090287,224.7147520101862,106.04542399232741
22,5,0,0,3,0,2,2,83.9974800037453,118.84922900935635,238.78258300828747,112.0825359976152
11,4,0,0,1,0,2,5,185.90024999866728,277.22858398919925,398.36521400138736,246.48630199953914
20,4,0,0,2,0,2,1,80.31190000474453,107.4401150108315,220.70469400205184,98.26387700741179
1,0,0,0,0,0,0,2995,66.33959998725913,93.54088199324906,158.07863399095368,89.17170501081273
15,1,0,0,1,0,2,2,97.73699600191321,103.5288139974,184.41274799988605,47.921511009917594
34,1,0,0,3,0,2,1,75.81867999397218,107.3221190017648,241.0470860049827,102.00455599988345
16,1,0,0,1,0,2,1,97.26387599948794,101.77001300326083,220.05567100131884,95.26919499330688
21,1,0,0,2,0,2,5,96.05746901070233,117.48733698914293,236.32221001025755,111.5401529968949
3,2,0,0,0,0,0,0,50.25999899953604,113.60005800088402,234.65101500914898,149.99210399400908
6,0,0,0,0,0,0,482,70.48591099737678,100.38640799757559,169.6240720048081,98.69991200685035
13,2,0,0,1,0,2,1,52.5383179920027,72.68540399672929,234.63230399647728,150.90054999745917
12,3,0,0,0,0,0,69,77.56463599798735,113.68497199146077,193.33793499390595,104.65782300161663
16,3,0,0,1,0,2,3,101.26288500032388,111.19199699896853,227.07065699796658,103.21722300432157
7,1,0,0,0,0,0,16,73.92090700159315,103.41066200635396,177.66263800149318,98.05010199488606
18,2,0,0,2,0,2,65,110.76364100154024,158.1335850059986,180.41125500167254,82.47089499491267
25,5,0,0,1,0,2,1,78.51593499071896,105.83957999187987,214.38697099802084,99.53849599696696
11,0,0,0,0,0,0,247,76.39913000457454,110.12772299000062,186.6311549965758,106.77079399465583
7,5,0,0,0,0,0,404,81.26475699828006,127.65345600200817,262.0239420066355,255.91273300233297
16,2,0,0,0,0,0,7,76.8551689980086,109.74030900979415,201.18871300655883,105.55524799565319
20,2,0,0,2,0,1,0,104.77316800097469,156.27316900645383,275.1467100024456,162.66918899782468
4,3,0,0,0,0,0,421,120.95858300745022,188.8834709970979,292.94218799623195,195.05172601202503
3,2,0,0,0,0,0,3098,63.644463996752165,93.56907500477973,150.70174999709707,101.5726259938674
28,8,0,0,3,0,2,0,40.982240010634996,55.375910000293516,188.77405200328212,107.25301499769557
11,8,0,0,1,0,2,1413,172.00042700278573,169.18207200069446,286.86988199478947,187.9206870071357
28,4,0,0,1,0,2,1,78.92144400102552,86.44453999295365,219.11552900564857,106.68563999934122
32,1,0,0,3,0,2,1,84.51504500408191,113.59271599212661,250.35345100332052,105.72642199986149
21,4,0,0,3,0,2,62,55.02280700602569,61.17898100637831,215.25368999573402,108.66431699832901
7,4,0,0,0,0,0,1888,57.55666201002896,75.20892799948342,111.74422600015532,105.39541298930999
14,1,0,0,1,0,2,2,97.92030400421936,104.59042000002228,219.880270989961,91.86999400844797
7,1,0,0,0,0,0,77,72.93975599168334,103.65110900602303,176.8295340007171,97.31370100053027
34,1,0,0,1,0,2,1,109.15012800251134,161.74239199608564,301.40632699476555,166.09964599774685
17,4,0,0,1,0,2,3,152.028311000322,108.87993399228435,257.7518379985122,101.7812589998357
28,9,0,0,3,0,2,0,78.25936000153888,112.19696600164752,239.82855000940617,107.4188030033838
3,2,0,0,0,0,0,2988,117.04798899882007,180.50488500739448,273.84208599687554,200.9744969982421
23,3,0,0,1,0,2,1,79.25555699330289,110.65127199981362,218.8144480023766,107.02224500710145
23,3,0,0,1,0,2,1,79.6726580010727,111.93727499630768,220.47780999855604,107.17673700128216
21,2,0,0,3,0,2,1,188.43819700123277,193.2154009991791,360.10147399792913,171.09008200350218
23,1,0,0,4,0,2,1,51.07704100373667,57.00844699458685,249.30306698661298,95.50039000168908
28,3,0,0,1,0,2,1,79.82066899421625,112.59779299143702,224.67889900144655,106.08760399918538
37,2,0,0,4,0,2,0,51.124134988640435,60.555760996066965,191.71565299620852,105.41708300297614
3,3,0,0,0,0,0,5631,37.52337298647035,52.394333004485816,98.51338299631607,217.6379410084337
4,1,0,0,0,0,0,118,72.49220900121145,103.86344000289682,170.36346399981994,94.6306140103843
5,4,0,0,0,0,0,1490,114.53883099602535,110.62867500004359,162.0837369991932,128.2344689971069
16,1,0,0,1,0,2,64,98.67796101025306,105.24106399680022,224.37182000430766,100.2341519924812
7,1,0,0,1,0,2,839,81.46381199185271,112.30907900608145,191.68665500183124,114.42375498882029
28,7,0,0,3,0,2,1,77.82188900455367,110.34903099061921,237.68842598656192,105.12217500945553
4,0,0,0,0,0,0,755,72.49210099689662,105.93299299944192,168.3519409998553,96.16827299760189
24,2,0,0,2,0,2,1,95.09473700018134,155.77777499856893,250.8757610048633,78.53197099757381
23,2,0,0,2,0,2,3,95.19025999179576,117.50455400033388,240.2314940118231,102.5098039972363
7,5,0,0,0,0,0,336,82.23336598894093,120.75837999873329,200.5063200049335,116.88782599230763
28,5,0,0,3,0,2,1,78.81797300069593,109.54635300731752,236.96755999117158,106.44588200375438
10,0,0,0,1,0,2,79,157.36018199822865,106.75858199829236,253.9620870084036,100.40329999173991
38,1,0,0,5,0,2,1,52.133949007838964,60.103904994321056,146.1046320036985,65.32030500238761
8,2,0,0,0,0,0,1388,68.35615599993616,96.44828300224617,160.61430399713572,106.09494699747302
24,3,0,0,2,0,2,1,99.19001799426042,104.80108299816493,241.91366600280162,98.80071500083432
30,2,0,0,3,0,2,0,77.05624301161151,104.95953999634366,236.40197300119326,94.16213099029846
29,5,0,0,2,0,2,1,77.58738900884055,109.48195699893404,182.6853639940964,53.85106199537404
3,1,0,0,0,0,0,2679,65.64425000397023,96.5425949980272,163.7633050122531,153.61994900740683
19,2,0,0,3,0,2,1,92.2317899967311,104.79411299456842,236.81513000337873,102.2524629952386
7,0,0,0,0,0,0,948,70.40614400466438,99.37145699223038,168.0736450070981,104.24942799727432
12,3,0,0,0,0,0,69,40.232092011137865,54.53262900118716,98.1977060000645,54.04579600144643
25,1,0,0,3,0,2,1,104.47608199319802,108.51545899640769,241.1846539907856,98.06055600347463
16,3,0,0,1,0,2,1,99.20586898806505,104.66637600620743,220.32596200006083,96.1283769865986
8,1,0,0,1,0,2,154,83.69449200108647,113.9198140008375,189.80689399177209,103.87569699378219
13,1,0,0,2,0,2,6,83.7469069956569,110.83035399497021,206.8558920000214,102.72619299939834
28,3,0,0,2,0,3,1,113.0664299998898,159.89819400419947,300.8177500014426,163.16190299403388
8,0,0,0,1,0,2,148,97.74911499698646,133.49505700170994,204.99408600153401,113.75721900549252
19,2,0,0,1,0,2,0,51.13299599906895,50.29360800108407,115.25154799164739,48.711073002777994
16,1,0,0,1,0,2,1,98.67740199842956,103.83394399832468,226.79371100093704,97.39500800787937
18,2,0,0,1,0,2,1,72.4164529965492,101.85149099561386,199.75935299589764,94.6187200024724
11,0,0,0,1,0,2,222,95.74196900939569,84.04300799884368,107.61581700353418,58.89372499950696
17,1,0,0,2,0,2,5,180.1812509947922,159.8603290040046,342.8201060014544,163.00724000029732
28,6,0,0,1,0,2,1,78.93534100730903,112.32368899800349,226.94649899494834,106.40514000260737
18,2,0,0,1,0,2,2,72.33829800679814,103.97687800286803,199.5633420010563,95.40304700203706
3,0,0,0,0,0,0,420,72.17907100857701,102.6946490019327,166.42714400950354,93.50082899618428
7,3,0,0,0,0,0,542,70.27489200117998,99.42623200186063,169.08701200736687,100.79297800257336
31,1,0,0,4,0,2,1,99.16928299935535,108.4924130118452,133.05043800210115,54.252539994195104
7,4,0,0,0,0,0,317,145.05959099915344,223.18326099775732,346.24034599983133,234.67552999500185
8,3,0,0,0,0,0,958,95.52807699947152,144.90784201188944,222.60165899933781,161.71535800094716
6,0,0,0,0,0,0,1409,63.77975700888783,91.11419500550255,155.17275501042604,102.94129600515589
4,1,0,0,0,0,0,1421,80.77757600403856,119.80599799426273,197.04713599639945,157.04324201215059
26,0,0,0,4,0,2,1,39.890311993076466,49.403444994823076,111.51367699494585,44.51402100676205
15,0,0,0,2,0,1,2,73.53212599991821,102.32395699131303,191.1147479986539,96.29740699892864
15,4,0,0,1,0,1,2,74.2947459948482,102.86308699869551,190.76784400385804,96.11603799567092
9,2,0,0,0,0,0,1,71.7376030079322,100.7020879915217,176.16432400245685,96.5742760017747
24,3,0,0,3,0,2,1,103.01811899989843,117.45127600443084,257.26395699894056,94.64646299602464
11,5,0,0,1,0,2,1032,168.4158669959288,133.96905800618697,281.1697449942585,138.90529501077253
6,3,0,0,1,0,1,0,118.86358199990354,92.37093098636251,109.67970700585283,50.021552000544034
10,1,0,0,0,0,0,6,79.53107199864462,111.78122699493542,162.79409799608402,54.40440399979707
19,1,0,0,2,0,2,3,94.7579810017487,110.8961720019579,237.6623760064831,104.83206099888775
5,3,0,0,0,0,0,504,122.32983300054912,189.24587599758524,290.92962299182545,198.84458799788263
1,0,0,0,0,0,0,2995,67.73730700660963,95.51030000147875,158.1592700094916,89.28965900850017
10,2,0,0,0,0,0,1,60.54676299390849,157.30299999995623,256.4467490010429,160.0389789964538
12,1,0,0,1,0,2,13,39.244893996510655,52.274166999268346,98.78544398816302,74.77419999486301
11,5,0,0,1,0,2,0,180.31046299438458,110.89593000360765,296.13727300602477,104.33839900360908
24,2,0,0,3,0,2,1,99.44953800004441,118.4761840122519,171.7026209953474,51.2343320006039
23,3,0,0,1,0,2,1,79.50001300196163,110.81147100776434,220.4174699872965,106.86393499781843
32,2,0,0,2,0,2,1,94.32860199012794,117.93355300324038,259.85495500208344,97.51874199719168
19,2,0,0,1,0,2,2,106.5298250032356,155.8984230068745,277.6779730047565,160.1214109978173
11,5,0,0,1,0,2,1032,169.8721559951082,136.5103319985792,282.90803798881825,137.0681950065773
24,2,0,0,0,0,0,1,79.67538399680052,112.71885699534323,208.76788499299437,105.30054400442168
6,2,0,0,0,0,0,1409,65.38489599188324,92.7656650019344,157.58158000244293,103.0376920098206
14,4,0,0,1,0,2,1,54.07555599231273,73.63841601181775,135.5640389956534,77.35220099857543
29,3,0,0,3,0,3,1,80.6232830072986,112.41467201034538,242.4266979942331,107.99163999035954
25,7,0,0,1,0,2,1,84.05166200827807,114.20329299289733,224.5085840113461,109.30003099201713
1,1,0,0,0,0,0,5937,16.120252999826334,18.83242800249718,73.05765699129552,79.54313600203022
25,2,0,0,3,0,1,1,82.76411199767608,111.94758900091983,224.66180899937171,104.70131499459967
2,0,0,0,0,0,0,3629,20.827651998843066,27.238133989158086,99.59872800391167,96.41852299682796
20,3,0,0,1,0,2,1,100.6433879956603,111.3018780015409,237.14620900864247,104.83548599586356
19,1,0,0,2,0,2,1,79.20331299828831,110.01562100136653,221.06235699902754,104.10312800377142
2,2,0,0,0,0,0,5771,27.29932298825588,35.87255100137554,84.32100700156298,87.23391201056074
14,5,0,0,1,0,2,5,107.37690598762129,156.74413299711887,270.07988998957444,159.18382800009567
24,10,0,0,3,0,2,41,110.13002900290303,126.81631901068613,261.43857100396417,107.09937699721195
3,2,0,0,0,0,0,3176,56.21431001054589,80.10190600180067,137.3250759934308,96.28571700886823
28,8,0,0,3,0,2,0,79.4225060089957,112.2773499955656,238.69203400681727,107.16838299413212
1,0,0,0,0,0,0,4115,39.08391000004485,52.63323899998795,111.14184200414456,92.43342799891252
16,3,0,0,1,0,2,2,48.76501898979768,53.481668001040816,114.34373998781666,52.08061700977851
39,0,0,0,1,0,2,1,62.136421009199694,105.91814799408894,252.27170799917076,96.31585799797904
10,0,0,0,0,0,0,212,74.42301799892448,110.11455299740192,184.85845399845857,104.59483698650729
19,2,0,0,1,0,2,2,105.23386400018353,150.76692699221894,274.91124300286174,155.1917620090535
19,0,0,0,3,0,3,0,72.38788199902046,101.27357799501624,212.37348599242978,94.01780999905895
15,1,0,0,1,0,2,9,80.58862699544989,107.04040501150303,208.01040600053966,100.37358899717219
3,2,0,0,0,0,0,3594,54.247751002549194,78.61307200801093,136.36106700869277,157.23870499641635
7,0,0,0,0,0,0,0,73.87729600304738,105.82579599577002,175.81113599590026,95.15721299976576
23,4,0,0,1,0,2,1,122.3458979948191,153.91016899957322,297.9633820068557,158.74748399073724
11,6,0,0,1,0,2,1032,84.89733400347177,82.45100099884439,146.63895100238733,172.1250269911252
15,3,0,0,1,0,1,1,72.89014600974042,103.35142099938821,190.88253100926522,94.15508901292924
22,4,0,0,1,0,2,1,75.27413300704211,106.71498099691235,207.54784299060702,97.98597800545394
3,2,0,0,0,0,0,2988,82.66062800248619,144.2316659959033,226.82037499907892,154.39316400443204
24,1,0,0,1,0,1,1,75.50075199105777,106.81009200925473,207.78727300057653,100.76379700331017
28,1,0,0,3,0,2,1,109.198120990186,154.19055600068532,307.91341500298586,155.3033329983009
8,0,0,0,1,0,2,148,85.71458399819676,66.5505080105504,104.32807900360785,57.50233899743762
25,5,0,0,1,0,2,1,83.97095200780313,112.53204999957234,226.80620099708904,107.00805700616911
10,0,0,0,0,0,0,329,75.37149800918996,108.53233899979386,185.75991201214492,107.31710999971256
22,6,0,0,1,0,2,1,39.430000993888825,51.39902199152857,105.62025499530137,48.815083006047644
13,1,0,0,2,0,1,15,72.36742399982177,103.96126100386027,156.80386101303156,57.86863199318759
3,1,0,0,0,0,0,1858,70.21332399745006,98.33085500576999,162.0183720078785,92.95803400164004
22,3,0,0,3,0,2,13,102.3195699963253,113.79039799794555,224.70966901164502,97.22537899506278
16,6,0,0,1,0,2,1,71.51588100532535,102.67342899169307,112.94330999953672,47.53953999897931
26,2,0,0,2,0,2,1,98.06278200994711,103.81086199777201,239.76353500620462,96.08042098989245
34,2,0,0,4,0,2,0,77.57697899069171,107.08340001292527,241.84151999361347,101.10918899590615
24,3,0,0,3,0,2,1,97.5249979965156,107.13746800320223,236.83983899536543,95.48303300107364
4,2,0,0,0,0,0,0,121.10512900108006,187.29099399934057,294.2648750031367,194.88029400235973
28,5,0,0,1,0,2,1,108.07227500481531,156.79204299522098,296.8642199994065,164.65595198678784
17,1,0,0,0,0,0,0,36.949101006030105,49.32944600295741,92.41023000504356,45.37891098880209
16,1,0,0,1,0,2,27,97.15912300453056,109.28068601060659,222.68137900391594,102.34102299727965
4,1,0,0,0,0,0,555,99.5859719987493,152.65666499908548,233.85632899589837,155.2921380061889
28,10,0,0,3,0,2,1,80.07752300181892,113.56665000494104,241.41160400176886,107.37207799684256
15,6,0,0,1,0,2,1,40.09810100251343,54.642617993522435,103.4216129919514,51.26208299770951
19,7,0,0,1,0,2,1,87.23843799089082,111.90861200157087,211.29416199983098,101.07779200188816
13,2,0,0,1,0,1,1,104.93509100342635,156.29837301094085,267.4109820072772,161.79722599918023
22,5,0,0,1,0,2,1,77.29911799833644,106.43257999618072,213.1153969967272,101.15106499870308
19,2,0,0,1,0,2,1,80.17282700166106,105.43737300031353,209.6401570015587,98.14506999100558
2,0,0,0,0,0,0,1868,34.85831100260839,48.196837000432424,81.1621900065802,45.41809199145064
20,4,0,0,2,0,1,1,108.8761400023941,158.59404600632843,280.4348880017642,164.77315900556277
26,1,0,0,3,0,2,1,100.1125889888499,107.49965099967085,258.5242569912225,98.33111500483938
21,2,0,0,1,0,2,1,178.62401901220437,152.10162098810542,342.1977339894511,159.43515600520186
1,1,0,0,0,0,0,5937,16.400603009969927,19.426350001594983,73.31963400065433,112.99762400449254
28,7,0,0,3,0,2,0,130.93704299535602,200.54651399550494,364.5741869986523,210.8055749995401
19,2,0,0,0,0,0,1,74.52217700483743,85.33264200377744,124.91608799609821,99.7019460046431
25,3,0,0,1,0,2,1,84.9788979976438,112.41707298904657,227.4755649996223,107.69792999781203
21,2,0,0,1,0,2,0,68.7627230072394,66.33572500140872,124.41755799227394,96.28907400474418
28,8,0,0,3,0,2,1,79.76878900080919,111.76886899920646,238.51985699729994,108.39870400377549
25,1,0,0,2,0,2,1,96.69401300197933,112.51680500572547,251.4347300020745,60.79401400347706
28,4,0,0,3,0,2,1,40.852117992471904,57.45230699540116,120.88894200860523,79.31709599506576
13,1,0,0,2,0,2,141,99.84752000309527,120.17629800538998,223.64701400510967,113.12154999177437
27,2,0,0,2,0,2,1,186.47455199970864,179.88973199680913,363.3659629995236,160.38412300986238
30,1,0,0,5,0,2,1,77.87255400035065,107.6521299983142,247.3097639885964,94.80580501258373
10,4,0,0,1,0,2,0,177.75068199262023,74.85363598971162,98.63462000794243,54.14851200475823
19,2,0,0,4,0,2,0,82.70821000041906,110.21289399650414,225.48876200744417,96.55417600879446
3,1,0,0,0,0,0,0,98.35729400219861,147.60158200806472,238.50052899797447,148.23692699428648
26,3,0,0,3,0,2,1,99.86013200250454,118.79862799833063,257.5504109991016,102.76276800141204
14,2,0,0,1,0,2,1,100.13726100442,150.35776000877377,265.12353199359495,154.18917500937823
16,2,0,0,2,0,2,286,62.738898006500676,121.48251201142557,234.97821199998725,67.5861130002886
1,0,0,0,0,0,0,5937,17.053300005500205,20.155660997261293,75.14280900068115,89.87349999370053
18,1,0,0,1,0,2,1,101.00727500685025,102.86256899416912,224.16743599751499,94.39690101135056
27,5,0,0,2,0,1,1,72.74280399724375,102.4757889972534,206.93330200447235,67.1887019998394
17,1,0,0,2,0,2,2,44.33132699341513,53.93718200502917,186.35206199542154,102.86754800472409
7,1,0,0,0,0,0,77,73.11498098715674,103.89765299623832,178.31566398672294,96.10964699822944
20,6,0,0,2,0,2,12,106.681117991684,158.25710000353865,282.89978600514587,162.3902800056385
26,5,0,0,3,0,2,2,109.4825840118574,130.2341510017868,207.58904599642847,55.77114199695643
2,0,0,0,0,0,0,2341,25.821599003393203,34.86953300307505,80.48805900034495,93.99772799224593
22,2,0,0,2,0,2,1,99.64709800260607,104.33523599931505,204.60969099076465,48.664761998225
24,9,0,0,3,0,2,0,65.83188301010523,127.05203700170387,261.1506020039087,105.26281700003892
25,1,0,0,1,0,2,1,97.73177599709015,109.34301900852006,240.80765699909534,103.57645399926696
24,3,0,0,4,0,2,2,189.6941040031379,184.69547700078692,376.44743399869185,163.08014800597448
28,8,0,0,3,0,2,1,79.94669899926521,114.16098999325186,244.76138400495984,108.75038499943912
9,1,0,0,0,0,0,25,74.40271800442133,104.70862699730787,183.01097600487992,99.70406300271861
9,2,0,0,2,0,2,397,152.9922829940915,129.1124370036414,252.9099240055075,79.6738409990212
42,3,0,0,6,0,4,1,54.37315999006387,82.41784300480504,302.00396600412205,95.58083199954126
13,1,0,0,1,0,2,30,179.5584639912704,160.88515000592452,325.96678100526333,163.23726599512156
23,3,0,0,1,0,2,1,40.53144800127484,54.4688420050079,110.47897300159093,101.90355899976566
24,1,0,0,2,0,2,1,59.48651899234392,102.71625900350045,211.86523100186605,95.30766500392929
14,4,0,0,1,0,2,1,129.14183699467685,189.79214499995578,327.46764400508255,194.73286799620837
24,6,0,0,3,0,2,5,53.162900992901996,63.65006799751427,132.81449499481823,52.9406399873551
18,2,0,0,2,0,2,2,89.74273499916308,113.45111900300253,226.28680100024212,104.03176500403788
8,4,0,0,1,0,2,2544,146.55405399389565,197.8919719986152,256.3709740061313,227.1918049955275
37,1,0,0,2,0,2,1,110.51679401134606,151.75797100528143,312.2216930059949,130.24424501054455
10,3,0,0,1,0,2,28,178.07402400649153,105.51709300489165,292.84947099222336,98.27001999656204
1,0,0,0,0,0,0,5937,8.806294004898518,9.97562000702601,55.50798599142581,90.27933399192989
31,3,0,0,4,0,2,1,98.52778899949044,117.90780100272968,188.49446398962755,51.8319690017961
2,1,0,0,0,0,0,3629,47.411017992999405,66.68963500123937,130.05267600237858,152.49253700312693
28,3,0,0,2,0,2,1,78.33914599905256,111.2204630044289,229.70233800879214,104.83548000047449
28,4,0,0,1,0,2,1,108.01597700628918,158.29095999652054,295.34086999774445,164.134724996984
10,4,0,0,1,0,2,0,178.9542420010548,165.37876600341406,100.13791699020658,65.44323399430141
21,4,0,0,1,0,2,1,79.58004200190771,114.21362300461624,216.776656001457,108.16823900677264
23,4,0,0,2,0,2,1,99.43963299156167,104.8997540056007,237.6869709987659,97.18008000345435
8,1,0,0,1,0,2,0,70.1864669972565,103.95722799876239,182.4946179986,91.62180899875239
8,3,0,0,0,0,0,1388,66.67940900661051,96.50797399808653,160.43912700843066,106.50204999546986
19,1,0,0,1,0,1,1,81.3058029889362,113.97642400697805,208.33926599880215,106.40086499915924
8,2,0,0,0,0,0,0,77.87720499618445,109.00948199559934,184.63345200871117,103.25166999245994
12,2,0,0,0,0,0,1,74.53179699950852,106.5689449897036,188.61885600199457,101.47168900584802
25,4,0,0,3,0,2,2,186.45624299824703,208.96541100228205,381.02290699316654,199.23839200055227
26,2,0,0,2,0,2,1,100.45410999737214,104.69560598721728,240.73201199644245,96.79613300249912
14,5,0,0,1,0,2,1,64.79908400797285,136.41987500886898,325.6188410014147,196.52577901433688
3,3,0,0,0,0,0,5631,38.28422899823636,53.53103099332657,100.5837389966473,216.79983100329991
2,0,0,0,0,0,0,2981,68.69293299678247,71.99888900504448,79.10203399660531,45.6691119907191
7,3,0,0,0,0,0,0,71.88026398944203,71.87399700342212,166.99351300485432,152.29717799229547
28,5,0,0,1,0,2,1,79.48599600058515,113.95457699836697,226.0593719984172,108.03393099922687
20,1,0,0,1,0,2,1,92.66725899942685,142.97231800446752,343.61084300326183,98.77561799657997
20,3,0,0,2,0,2,0,71.09264501195867,99.16577399417292,207.47107100032736,95.12853100022767
19,1,0,0,3,0,2,57,102.20774199115112,116.48701899684966,247.4276459979592,100.16393000842072
3,2,0,0,0,0,0,3176,56.224642001325265,80.40027300012298,138.912498994614,100.03609700652305
2,0,0,0,0,0,0,2981,34.31601000193041,46.86024300463032,80.29263599019032,45.55096999683883
21,5,0,0,1,0,2,0,41.85318999225274,52.45449299400207,209.70981600112282,99.2470740020508
33,2,0,0,5,0,2,1,100.70668099797331,107.23554900323506,264.38767500803806,93.47905199683737
20,5,0,0,2,0,1,1,108.56584200519137,158.8952990132384,279.1046440106584,162.5979480013484
8,3,0,0,0,0,0,0,127.88030099181924,194.27766700391658,311.2225900113117,205.05391000187956
22,3,0,0,2,0,2,1,197.2322640067432,192.0590639929287,336.9438939989777,165.61956200166605
27,5,0,0,2,0,1,0,71.63629098795354,100.58076000132132,207.29329901223537,93.83626899216324
16,2,0,0,1,0,2,0,80.43167499999981,104.60733399668243,221.16812800231855,96.99072400690056
6,1,0,0,0,0,0,482,36.07524000108242,50.57539300469216,123.59360899426974,100.53742400486954
8,0,0,0,0,0,0,941,71.32676200126298,101.75034900021274,171.48820401052944,105.117839993909
11,1,0,0,1,0,2,278,106.48585799208377,96.14151899586432,199.66232300794218,162.90876099083107
16,5,0,0,1,0,2,3,52.07656598940957,53.94813499879092,116.48785600846168,52.029736994882114
13,0,0,0,0,0,0,6,77.96171899826732,108.81118099496234,192.8850370022701,107.80123199219815
26,1,0,0,2,0,2,1,95.82760400371626,112.09868500009179,247.34501300554257,103.87503200036008
20,4,0,0,1,0,2,1,100.05536500830203,112.50467100762762,236.68332501256373,106.20831900450867
37,1,0,0,2,0,2,1,95.91895699850284,108.76922700845171,258.98480298928916,104.73597499367315
6,1,0,0,0,0,0,482,71.12291900557466,100.2245489944471,170.0346029974753,97.7508990035858
29,3,0,0,4,0,2,1,109.42915499617811,125.47369999811053,272.04573299968615,105.33360700355843
21,6,0,0,1,0,2,1,121.23960698954761,166.56708299706224,298.10162298963405,170.32319999998435
29,1,0,0,1,0,2,1,93.56365600251593,102.5680780003313,240.3195179940667,96.41453399672173
9,1,0,0,1,0,2,1379,157.79251400090288,218.36532799352426,290.6412340089446,226.54651899938472
19,1,0,0,2,0,4,1,41.90203199686948,55.55271999037359,149.47010899777524,103.23776501172688
4,1,0,0,0,0,0,922,37.1079100004863,51.5739999973448,87.70908499718644,49.218706000829116
3,3,0,0,0,0,0,5631,38.22688100626692,52.153921002172865,100.10411000985187,214.3748779926682
1,1,0,0,0,0,0,5937,16.35846000863239,19.140855001751333,74.38736398762558,114.8944189917529
18,4,0,0,1,0,1,0,107.00403500231914,159.3096659926232,249.97931100369897,82.39826699718833
23,3,0,0,2,0,2,2,100.76295500039123,117.72080200898927,247.42215999867767,102.42842399748042
20,0,0,0,1,0,2,2,96.18789800151717,109.43360599048901,225.70963999896776,87.21638801216614
18,1,0,0,0,0,0,1,75.79560999874957,81.17036201292649,192.07509799161926,99.20114000851754
25,6,0,0,1,0,2,0,82.0739190094173,111.31526999815833,222.75266899669077,106.09425099391956
28,3,0,0,3,0,2,1,106.9422620057594,159.17522199742962,304.3412410042947,162.85298600269016
3,0,0,0,0,0,0,555,70.19703798869159,99.30543899827171,165.2182800025912,90.70634300587699
31,2,0,0,4,0,2,0,98.36752100090962,105.92280999117065,270.04271700570825,103.25469000963494
20,1,0,0,2,0,2,1,98.50797899707686,118.70411100971978,250.89042699255515,103.09691600559745
21,5,0,0,1,0,2,1,40.05091899307445,55.080411009839736,203.26408400433138,107.68107300100382
17,4,0,0,1,0,2,1,75.1210699963849,152.23716000036802,271.53700099734124,153.70697500475217
24,4,0,0,2,0,2,1,99.98237100080587,106.06847300368827,216.61922300700098,50.10312800004613
22,1,0,0,1,0,2,1,51.81787701440044,67.8946849948261,162.39651299838442,95.39176500402391
4,1,0,0,0,0,0,860,73.10245800181292,106.10769499908201,171.01968300994486,101.34867900342215
20,1,0,0,3,0,2,1,62.977274996228516,51.67771600827109,198.54513701284304,94.85257600317709
25,3,0,0,1,0,2,1,80.19172100466676,113.03409899119288,222.69830999721307,106.4159310044488
11,8,0,0,1,0,2,1413,182.18874400190543,135.34178900590632,301.72868800582364,139.82647500233725
20,5,0,0,3,0,2,0,83.89833899855148,111.6165080020437,225.0217170076212,103.77012999379076
26,1,0,0,3,0,2,2,82.70567600266077,111.004705002415,238.44994000683073,101.09411699522752
28,1,0,0,2,0,2,1,77.63512899691705,111.07057299523149,233.29736599407624,106.73085400776472
22,3,0,0,0,0,0,1,78.5409950040048,111.75591200299095,209.4317239971133,106.42516799271107
16,2,0,0,0,0,0,4,54.576200011069886,76.01405399327632,216.03403599874582,162.2946030111052
10,4,0,0,1,0,2,93,192.7872880041832,230.24709599849302,166.5998300013598,95.70616099517792
7,4,0,0,0,0,0,398,97.32907700526994,147.5055320042884,234.01804199966136,159.25337999942712
21,2,0,0,2,0,2,1,72.77847098885104,103.21426299924497,208.44520399987232,96.69488099461887
19,1,0,0,2,0,2,1,97.1341399999801,105.49217900552321,230.07095999491867,95.72625099099241
27,1,0,0,3,0,2,1,109.38609999720939,125.1491800067015,215.63458599848673,52.26660800690297
20,5,0,0,2,0,1,1,107.81110799871385,159.6242740051821,276.97400499891955,163.1803759955801
29,1,0,0,4,0,3,1,77.73328199982643,107.72476899728645,239.87030099669937,101.20712599018589
23,3,0,0,2,0,2,1,98.83216400339734,105.91462899174076,237.44437999266665,98.43621098843869
22,2,0,0,1,0,2,1,78.1882650044281,110.1258809940191,215.8870450075483,104.5536110032117
26,2,0,0,1,0,2,1,49.57914700207766,53.84994800260756,121.13525001041126,51.555261001340114
2,0,0,0,0,0,0,2981,68.84754600469023,98.31541498715524,157.2485090000555,93.50898100819904
28,1,0,0,3,0,2,1,54.445379006210715,107.39074999582954,264.69059799273964,96.50177699222695
10,4,0,0,1,0,2,93,194.676562998211,216.83800699247513,325.12441799917724,186.40784900344443
13,1,0,0,1,0,2,118,97.25016099400818,111.79796999203973,218.79188899765722,106.98204199434258
30,0,0,0,4,0,2,0,99.39143399242312,113.04281400225591,262.7945500134956,104.19333499157801
24,4,0,0,4,0,2,2,187.90088398964144,185.05063799966592,377.64536299800966,163.07172300003003
33,1,0,0,3,0,3,1,92.25112800777424,115.94316700939089,259.82329598627985,102.04503100248985
15,5,0,0,2,0,1,2,75.62569099536631,105.61558700283058,196.20199801283889,98.09248699457385
16,0,0,0,2,0,2,0,51.760685004410334,76.98243200138677,230.892239997047,96.4379709912464
29,3,0,0,3,0,2,1,85.22890399035532,112.98092300421558,240.08857599983457,107.24224800651427
7,0,0,0,0,0,0,948,69.10304100892972,103.05163898738101,168.2486850040732,103.10375000699423
7,4,0,0,0,0,0,1888,99.01456799707375,150.1362550043268,143.22402198740747,204.07353100017644
26,1,0,0,2,0,2,1,77.66516300034709,108.76483599713538,221.35827099555172,99.57028800272383
2,1,0,0,0,0,0,3267,44.424285006243736,65.58114200015552,212.21661900926847,155.55636999488343
25,8,0,0,1,0,2,1,85.06433600268792,111.74212700279895,224.56183499889448,105.81566899782047
23,4,0,0,2,0,2,1,39.45038700476289,51.41641899535898,110.73225300060585,47.68223599239718
25,1,0,0,3,0,1,0,82.8130739973858,112.42768199008424,226.27189599734265,106.91345699888188
23,2,0,0,2,0,2,0,50.1681179885054,72.71554799808655,231.17414399166591,153.67084299214184
5,0,0,0,0,0,0,254,73.16865200118627,102.88336200756021,167.72057900379878,96.47768300783355
22,3,0,0,2,0,2,1,73.86956199479755,103.67307499109302,216.68448200216517,95.65776000090409
27,2,0,0,2,0,2,1,95.21147199848201,108.04157500388101,245.78752100933343,102.27439900336321
10,1,0,0,1,0,2,88,96.16472499328665,130.83841199113522,205.79159900080413,108.19542499666568
23,1,0,0,2,0,2,1,50.9409280057298,51.74995699780993,124.65586701000575,49.40972800250165
22,2,0,0,1,0,2,2,79.10609799728263,112.6444370020181,219.44769599940628,106.23598900565412
3,2,0,0,0,0,0,0,97.73675000178628,147.4253950000275,237.23242498817854,146.85433599515818
1,0,0,0,0,0,0,3585,62.34384399431292,87.1963100071298,147.30928800418042,88.58006799709983
3,2,0,0,0,0,0,2124,102.78863699932117,155.32532401266508,248.63336299313232,197.17629298975226
17,1,0,0,1,0,2,1,38.82201999658719,68.24218899419066,198.85589698969852,96.58799799217377
29,2,0,0,4,0,2,1,64.9921500007622,58.72086800809484,146.64600099786185,103.81337199942209
28,2,0,0,3,0,2,1,107.29554400313646,118.38367900054436,182.21333999827038,49.212377998628654
14,3,0,0,1,0,2,1,102.16406999097671,151.1283790023299,265.22620899777394,153.8932709954679
5,0,0,0,0,0,0,1,71.2393049907405,99.22305100189988,167.1700779988896,90.52717800659593
24,1,0,0,1,0,2,2,185.09758199797943,156.69722300663125,349.7229120112024,161.87834700394887
23,1,0,0,3,0,2,9,100.81158799584955,119.14245699881576,208.5110369953327,79.16640599432867
24,2,0,0,3,0,2,2,77.6676800014684,104.83209700032603,231.91549300099723,97.75785700185224
9,7,0,0,0,0,0,1263,113.19047800498083,172.6409370021429,248.36139199032914,208.56074400944635
28,7,0,0,1,0,2,1,81.51664400065783,111.5144500072347,225.3489190043183,106.53365499456413
8,1,0,0,0,0,0,29,76.20035100262612,109.46691500430461,185.82381099986378,104.1198510065442
23,0,0,0,1,0,2,0,50.40149900014512,113.35679699550383,217.94291600235738,108.3601330028614
28,8,0,0,3,0,2,1,80.0824640027713,112.73055999481585,239.23876100161579,106.88537999521941
25,2,0,0,1,0,2,1,84.36714700656012,61.966060995473526,114.44632599886972,72.76297200587578
11,6,0,0,1,0,2,28,91.09460399486125,53.86322499543894,233.1183390051592,102.78798198851291
16,2,0,0,1,0,2,3,101.29252600017935,108.86412300169468,227.32103800808545,103.49032199883368
3,3,0,0,0,0,0,5631,38.65133100771345,52.518091004458256,99.71023999969475,176.76359800680075
22,2,0,0,2,0,2,1,127.31324900232721,156.81176701036748,314.2081239930121,161.69546199671458
22,2,0,0,2,0,2,4,99.92615100054536,107.40521499246825,242.69732199900318,96.5208699926734
3,1,0,0,0,0,0,2338,53.059320998727344,73.52457501110621,133.76578100724146,95.56168400740717
23,3,0,0,3,0,3,1,43.0512059974717,55.55140899377875,117.46096299611963,55.43699600093532
4,2,0,0,0,0,0,840,75.26393298758194,109.10940000030678,180.72068199398927,109.01676199864596
28,6,0,0,1,0,2,1,80.21399000426754,114.05205099435989,225.53980999509804,106.81978000502568
6,0,0,0,0,0,0,1409,64.58775799546856,92.5590389961144,155.7569249998778,102.79613800230436
12,0,0,0,1,0,2,0,158.2717550045345,101.60166300192941,219.60790001321584,45.85954098729417
2,2,0,0,0,0,0,5771,27.11913999519311,35.319603004609235,87.43636800500099,172.96338200685568
14,4,0,0,1,0,2,1,182.9585030063754,222.6907320000464,408.78285400685854,231.10843999893405
10,7,0,0,0,0,0,354,142.46699800423812,220.10509899700992,335.6575130019337,239.8858099913923
2,0,0,0,0,0,0,3629,39.43461299058981,54.47296999045648,110.4953000030946,94.36243500385899
20,1,0,0,1,0,2,1,38.203415999305435,51.157779002096504,103.71993199805729,49.00716900010593
1,0,0,0,0,0,0,3585,62.621664998005144,87.10720400267746,147.65511700534262,89.63347499957308
15,1,0,0,0,0,0,1,72.32886100246105,101.63541800284293,186.30553600087296,95.67517899267841
30,3,0,0,2,0,2,1,105.99071500473656,152.3024120106129,298.2894049928291,160.24596100032795
10,3,0,0,1,0,2,93,90.995603997726,179.48202799016144,326.541158996406,188.72072199883405
15,1,0,0,1,0,2,4,177.51341799157672,163.3755640068557,331.24052500352263,163.84149200166576
19,4,0,0,2,0,1,6,57.596593993366696,79.37442600086797,143.1272650079336,84.87303600122686
11,5,0,0,1,0,2,5,184.44496800657362,272.2915019985521,398.323283996433,271.23118699819315
32,2,0,0,1,0,2,1,94.2461600061506,104.18599299737252,244.58465399220586,97.63096101232804
20,2,0,0,2,0,2,1,158.90035599295516,140.5585060128942,284.2270510009257,104.55796799215022
13,4,0,0,2,0,1,15,108.66002200054936,158.86424700147472,272.0594889979111,163.27199200168252
12,4,0,0,1,0,2,5,76.27458201022819,102.42719699454028,191.91521700122394,90.94126299896743
10,5,0,0,1,0,2,1065,173.01618799683638,169.3660270102555,257.0537970022997,92.68092199636158
20,2,0,0,2,0,2,0,37.78476300067268,52.36370400234591,141.5396420052275,99.21328599739354
27,1,0,0,3,0,2,1,84.36905698908959,111.0716140101431,238.66026700125076,49.55081900698133
11,3,0,0,1,0,2,0,176.42213999351952,116.31751600361895,189.98327599547338,106.15986199991312
6,4,0,0,0,0,0,336,82.27805299975444,119.72222999611404,197.46333100192714,117.22890900273342
18,7,0,0,1,0,2,0,69.16508100403007,94.51504198659677,189.38871500722598,86.35560599213932
25,5,0,0,1,0,2,1,49.39091099367943,55.11231900891289,131.08455299516208,108.3495920029236
6,5,0,0,1,0,1,1156,139.22988300328143,147.12248201249167,202.30717200320214,142.35674199881032
22,2,0,0,0,0,0,1,47.64934099512175,52.20800099777989,101.05019799084403,50.371536999591626
7,1,0,0,0,0,0,74,99.97511800611392,148.05792798870243,242.05890599114355,158.1362779979827
28,8,0,0,3,0,2,2,132.5936789944535,198.8779850071296,362.48830999829806,208.22076601325534
24,2,0,0,4,0,2,2,193.68155499978457,186.21256499318406,375.72082999395207,140.21481499366928
28,4,0,0,1,0,2,1,81.53885901265312,113.54883101012092,227.6761569955852,112.46358200151008
13,1,0,0,2,0,2,141,100.26680499140639,120.12090500502381,229.63062100461684,112.63334800605662
20,3,0,0,1,0,2,1,118.1614230008563,158.97951798979193,292.0141659997171,165.00858501240145
8,2,0,0,0,0,0,116,37.70096501102671,82.33076198666822,178.51949299802072,98.72078800981399
22,3,0,0,2,0,2,1,97.60066299350001,105.81192899553571,230.15671600296628,94.77666599559598
13,1,0,0,2,0,1,15,72.56556001084391,105.97310498997103,187.45780900644604,94.96028699504677
25,1,0,0,3,0,2,1,102.70837799180299,118.29236100311391,259.6537920035189,48.5470819985494
15,2,0,0,2,0,2,7,187.24676899728365,158.7368600012269,297.82459999842104,135.8722690056311
12,2,0,0,2,0,2,0,76.65976700081956,73.86830399627797,221.49518299556803,155.56046199344564
30,1,0,0,3,0,2,1,77.55300900316797,111.01183800201397,238.79743600264192,106.13506298977882
18,2,0,0,1,0,2,1,96.63918599835597,108.16805499780457,222.4300029920414,96.45328800252173
24,2,0,0,3,0,2,1,99.46259700518567,106.66643299919087,239.8623530025361,94.39685399411246
2,1,0,0,0,0,0,3629,24.1171390080126,33.37588299473282,66.67755100352224,128.6904640001012
18,4,0,0,1,0,2,4,183.4955640078988,160.5923720053397,341.1721989978105,164.2317039950285
19,3,0,0,1,0,2,2,100.08278299937956,104.80240799370222,230.79088899248745,97.15266000421252
19,2,0,0,4,0,2,0,42.044877001899295,68.22933499643113,114.96721600997262,62.31690300046466
3,2,0,0,0,0,0,0,123.6109640012728,205.7639660051791,297.0755620044656,195.66934200702235
25,3,0,0,1,0,2,1,84.03121298761107,113.82234199845698,224.96871399926022,108.97845799627248
25,6,0,0,1,0,2,1,78.81431200075895,108.07472400483675,173.3616279962007,99.60143899661489
23,3,0,0,1,0,2,1,80.82829500199296,113.50961300195195,227.24941799242515,108.25982899405062
12,2,0,0,2,0,2,0,150.80956899328157,152.13682399189565,272.05123800376896,155.30115300498437
26,5,0,0,3,0,2,1,100.52720599924214,120.03738898783922,258.4111239993945,101.7893969983561
28,6,0,0,1,0,2,1,81.62336998793762,112.30779100151267,228.39361299702432,107.00267500942573
42,2,0,0,6,0,4,1,104.26055699645076,117.76129400823265,304.3492760043591,97.45128299982753
25,3,0,0,1,0,2,1,84.30143800796941,112.31008099275641,226.7853979865322,106.27249500248581
25,2,0,0,4,0,2,1,91.1316510027973,78.20940800593235,185.2933309855871,80.34107899584342
31,1,0,0,3,0,2,1,77.55315500253346,102.84723799850326,239.61885800235905,93.72692300530616
29,2,0,0,1,0,2,1,95.93045199289918,105.05886800820008,215.6663740024669,49.33386799530126
7,2,0,0,0,0,0,1401,67.35963400569744,96.22937398671638,159.7218149981927,105.68793500715401
4,2,0,0,0,0,0,243,75.56918301270343,108.17386400594842,177.84698600007687,100.19837899017148
9,2,0,0,1,0,2,12,75.66142700670753,111.51993200473953,192.2068520070752,101.82974100462161
21,3,0,0,2,0,2,1,73.77391301270109,104.47816099622287,209.29938300105277,97.10520200314932
15,1,0,0,0,0,0,1,37.976097999489866,52.91933000262361,96.91527599352412,51.48133100010455
10,6,0,0,1,0,2,1065,168.61079999944195,166.3150890090037,279.74067999457475,180.09999000059906
11,6,0,0,1,0,2,0,190.49791799625382,109.3030549964169,304.7019520017784,103.90959899814334
31,1,0,0,3,0,2,1,68.65061899588909,107.37173999950755,237.75199700321537,100.90398200554773
28,5,0,0,1,0,2,1,80.69807800347917,111.96457500045653,228.87938600615598,107.63764000148512
10,4,0,0,1,0,2,28,179.45560399675742,108.64981000486296,290.77330500876997,102.47618598805275
4,3,0,0,0,0,0,0,41.63214800064452,97.20261899929028,160.6286049936898,85.92349800164811
24,4,0,0,3,0,2,1,101.55097099777777,104.8022439936176,237.98337699554395,94.45918900019024
4,0,0,0,0,0,0,423,69.23950799682643,99.77557200181764,166.21364500315394,91.9684060063446
13,1,0,0,2,0,1,15,72.700905991951,103.87092399469111,189.89395900280215,94.7961179917911
32,1,0,0,2,0,2,1,55.49999799404759,52.703231005580164,126.02400500327349,48.57990800519474
14,1,0,0,0,0,0,1,44.07063398684841,107.75387199828401,190.57626200083178,100.4027700109873
16,3,0,0,1,0,2,3,185.21312199300155,222.2140509984456,398.47106699016877,230.3568549978081
13,2,0,0,1,0,2,4,39.152012002887204,53.27835399657488,99.23635300947353,49.48693201004062
15,2,0,0,1,0,2,9,81.54813598957844,107.64249200292397,210.17637800832745,100.54203099571168
31,1,0,0,4,0,2,1,105.45193099824246,118.64379201142583,272.0373549964279,97.48059899720829
14,8,0,0,1,0,2,5,93.36374199483544,242.6067150081508,379.1779199964367,135.35002600110602
15,0,0,0,1,0,2,74,81.45424599933904,108.23630000231788,203.69363701320253,100.95089700189419
14,0,0,0,2,0,2,387,98.18415399058722,115.6488599954173,230.39149500255007,116.75365899282042
33,1,0,0,4,0,2,1,84.75191799516324,113.35266999958549,253.12052901426796,105.15048999513965
21,1,0,0,2,0,2,1,125.83506900409702,167.56900599284563,172.5336069939658,80.30864200554788
18,2,0,0,3,0,2,1,97.6325350056868,103.95899799186736,232.24049000418745,94.94818400708027
14,5,0,0,1,0,2,5,121.62820299272425,171.4441530057229,288.26779399241786,171.41207501117606
10,0,0,0,0,0,0,2,72.44672199885827,101.29857799620368,178.16902000049595,93.35532700060867
3,1,0,0,0,0,0,1289,71.42389999353327,104.50213299191091,165.54662899579853,94.07917399948929
23,4,0,0,3,0,2,5,131.0870290035382,165.8307519974187,327.24837100249715,160.82909700344317
14,1,0,0,1,0,2,1,76.08305499888957,107.15788400557358,203.2777489948785,100.79564001352992
14,2,0,0,1,0,2,1,103.24301000218838,154.88624898716807,265.8879020018503,158.3162530005211
5,4,0,0,0,0,0,2691,66.45630999992136,72.64527599909343,103.78855399903841,128.42590000946075
30,1,0,0,3,0,2,1,100.41044000536203,121.35500299336854,266.04729901009705,105.98398199363146
16,2,0,0,2,0,2,286,67.94836399785709,83.3727400022326,239.88383899268229,118.54861098981928
11,2,0,0,1,0,2,278,92.41627099981997,130.03792001109105,214.03252601157874,114.77802999434061
11,0,0,0,2,0,2,54,128.46812499628868,114.28454100678209,215.63470399996731,101.01101400505286
22,2,0,0,2,0,2,1,98.0982749897521,116.84601700108033,171.3818989956053,96.9249129993841
24,3,0,0,2,0,2,1,109.7657549980795,155.90623300522566,294.99486900749616,156.58895199885592
18,2,0,0,1,0,2,9,96.46873999736272,108.3889849978732,144.27166900713928,51.50963499909267
1,1,0,0,0,0,0,5937,16.165303997695446,19.29534900409635,73.56713700573891,112.78749498887919
15,1,0,0,1,0,2,8,75.04946799599566,102.14685200480744,194.45455698587466,94.22866700333543
29,1,0,0,4,0,2,2,189.61549899540842,186.37959400075488,340.86657701118384,79.74904299771879
34,3,0,0,4,0,2,0,78.05371699214447,106.93081699719187,246.48286400770303,100.38796300068498
26,4,0,0,3,0,2,2,54.24777300504502,64.41658500989433,260.89900500664953,104.54007500084117
10,4,0,0,1,0,2,93,191.22182499268092,257.67986399296205,323.38847299979534,211.17101699928753
32,1,0,0,1,0,1,1,77.52809001249261,110.74856399500277,221.16020099201705,79.1759409912629
18,1,0,0,1,0,2,1,98.53228500287514,105.89136400085408,195.69167100416962,48.02042899245862
16,1,0,0,1,0,2,1,94.6747999987565,103.15809400344733,224.33603199897334,97.48467800091021
21,5,0,0,1,0,2,1,40.94917999464087,55.38307000824716,128.94234700070228,106.9978129962692
3,1,0,0,0,0,0,0,64.25664201378822,101.39728199283127,166.37498199997935,92.60852700390387
7,6,0,0,0,0,0,1431,170.75579200172797,268.69559900660533,372.5986140052555,272.16916299948934
7,5,0,0,0,0,0,404,161.72652700333856,228.38345599302556,377.01305899827275,256.04427899816073
10,0,0,0,0,0,0,65,71.66300399694592,103.1418689963175,180.3978329990059,95.59043199988082
3,0,0,0,0,0,0,433,36.64043299795594,49.450589998741634,82.35682600934524,45.2367029938614
17,0,0,0,0,0,0,1,75.36235901352484,106.9614809966879,194.15154099988285,99.88353299559094
47,1,0,0,6,0,2,1,80.95876699371729,106.85306599771138,280.01780100748874,99.84093399543781
11,6,0,0,1,0,2,97,191.83310298831202,117.2689490049379,305.1159719907446,109.7037010040367
13,2,0,0,1,0,2,118,70.48767799278721,55.93762001080904,111.22386400529649,53.74291000771336
11,1,0,0,0,0,0,1,77.12672499474138,113.04423600086011,190.611916987109,103.6032029951457
11,7,0,0,1,0,2,1032,170.79438400105573,166.99785499076825,285.4973039939068,182.26312199840322
8,2,0,0,1,0,1,27,84.54221500142012,102.95067400147673,186.70185600058176,95.82260600291193
25,1,0,0,1,0,2,1,74.02243299293332,103.75917800411116,210.86032000312116,97.19476100872271
11,1,0,0,1,0,2,564,98.45456399489194,118.16018501122016,211.3482010026928,113.2826009998098
22,8,0,0,1,0,2,1,41.621293989010155,54.39245799789205,111.13064200617373,53.43939999875147
17,1,0,0,0,0,0,1,76.58247998915613,110.52736800047569,196.5916609915439,102.65571699710563
11,4,0,0,1,0,1,105,108.14725900127087,161.50571999605745,260.80227800412104,165.9476810018532
26,1,0,0,0,0,0,1,77.91562000056729,110.05977500462905,212.0397730031982,106.65010700176936
29,1,0,0,2,0,2,1,94.06774899980519,109.62317400844768,248.87374399986584,102.88093199778814
48,0,0,0,1,0,2,0,98.55238298769109,104.62057699623983,263.245847003418,95.23333200195339
20,4,0,0,2,0,1,1,55.8775639947271,76.52247599617112,141.81434400961734,82.37735199509189
30,2,0,0,2,0,2,1,78.45839900255669,112.4785939900903,235.90599700401071,106.30144299648236
25,2,0,0,2,0,2,1,80.4485250118887,111.19829199742526,232.13044699514285,107.80705300567206
16,0,0,0,1,0,2,0,69.88946000637952,104.04251000727527,224.14343799755443,97.62076400511432
26,3,0,0,2,0,2,1,100.06289600278251,105.86656599480193,194.06709598843008,59.09394899208564
9,0,0,0,0,0,0,84,71.52652399963699,101.25384101411328,176.1077289993409,95.2801770035876
12,3,0,0,0,0,0,7,100.92386099859141,151.6860059928149,250.98068699298892,154.15910200681537
25,5,0,0,1,0,2,1,83.90140799747314,113.23730699950829,222.2513789893128,107.01295400212985
23,2,0,0,3,0,2,1,124.24711300991476,162.75851699174382,311.5663429925917,159.04482200858183
20,4,0,0,2,0,1,1,72.97242600179743,103.51418699428905,200.7307539897738,95.50114600278903
23,1,0,0,1,0,2,1,55.17586600035429,53.908797999611124,108.67286499706097,53.15780499950051
8,1,0,0,0,0,0,84,71.00737599830609,101.0893019993091,102.3060989973601,47.66866400314029
27,1,0,0,2,0,2,1,84.65063098992687,117.44910100242123,238.02200199861545,106.60405800445005
3,0,0,0,0,0,0,635,70.20989099692088,100.64888899796642,163.47493599459995,89.69298300507944
28,9,0,0,3,0,2,2,131.83136099542025,198.34165999782272,362.65036299300846,205.52852800756227
24,0,0,0,3,0,3,2,75.23335301084444,103.34667100687511,222.2482770011993,95.2639870083658
22,3,0,0,2,0,2,1,99.99935800442472,116.72132200328633,236.2037050043,95.62662399548572
21,6,0,0,1,0,2,0,122.19532000017352,165.0194710091455,300.84294799598865,172.10652198991738
22,6,0,0,1,0,2,0,63.38429001334589,94.64951499830931,196.02090801345184,85.64750700315926
28,9,0,0,3,0,2,1,40.34632499678992,55.423344994778745,121.53361199307255,54.24396099988371
26,2,0,0,2,0,2,1,100.26086299330927,105.06182099925354,240.9123060060665,96.78107500076294
17,4,0,0,2,0,2,1,139.70287700067274,228.30350999720395,405.15779399720486,234.05673900560942
7,1,0,0,0,0,0,1401,66.9952780008316,98.12415498890914,159.51871300057974,103.49207700346597
18,3,0,0,1,0,2,1,71.9738389889244,102.48625700478442,199.09973499306943,95.13732000777964
2,0,0,0,0,0,0,1112,68.72347899479792,98.9293830061797,148.63638000679202,47.65562299871817
23,3,0,0,3,0,2,1,179.23105599766131,210.50024300348014,384.13635799952317,201.06339501217008
7,0,0,0,0,0,0,948,50.45679600152653,49.208083000849,90.8233329973882,104.70906700356863
20,2,0,0,1,0,2,1,94.81798199703917,111.8086049973499,229.29626300174277,103.49367100570817
24,2,0,0,0,0,0,1,79.04094000696205,109.81869600072969,207.54753499932121,106.86939999868628
21,6,0,0,1,0,2,1,40.946951994556,107.23538500315044,219.46266799932346,107.9714130028151
25,2,0,0,2,0,2,1,97.81881899107248,102.20665999804623,239.53709300258197,97.25599999364931
1,0,0,0,0,0,0,2995,66.01554900407791,95.11061500234064,156.78791698883288,88.86523600085638
1,0,0,0,0,0,0,3722,53.63977199885994,74.44355200277641,134.0265220060246,91.61042400228325
3,0,0,0,0,0,0,73,72.11945101153105,102.51846100436524,167.4353520065779,95.74322401022073
19,0,0,0,2,0,2,1,77.82885400229134,67.37403299484868,170.60843198851217,117.64728100388311
7,4,0,0,0,0,0,576,78.37405400641728,113.06258800323121,166.69804601406213,105.06539599737152
20,2,0,0,2,0,2,1,127.9330759862205,120.1160539931152,214.7935469984077,120.32985099358484
4,1,0,0,0,0,0,755,73.29580700024962,105.60354100016411,173.73519600369036,87.46378700016066
23,2,0,0,2,0,2,1,96.84892199584283,105.76214999309741,234.78118400089443,97.19169000163674
20,1,0,0,0,0,0,1,77.8619969933061,110.98931299056858,202.399408997735,107.38754400517792
23,3,0,0,2,0,2,1,88.37808600219432,110.93034900841303,125.10918300540652,52.023772994289175
1,0,0,0,0,0,0,3585,62.098066991893575,86.42463000433054,147.6989609946031,90.64582799328491
1,0,0,0,0,0,0,3585,63.022604008438066,89.51130199420732,150.38550400640815,89.41986400168389
25,5,0,0,3,0,2,2,183.07752300461289,218.32578600151464,382.740016997559,203.84119800291955
23,5,0,0,3,0,2,13,134.65088998782448,167.66667299089022,327.21719999972265,160.63715099880937
7,5,0,0,0,0,0,1506,66.1613300035242,95.29168700100854,159.22903499449603,104.88964400428813
11,7,0,0,1,0,2,0,169.210423991899,178.22659800003748,285.88264899735805,179.8061890003737
13,2,0,0,2,0,2,15,93.66348400362767,148.4002860088367,333.4789840009762,122.68012900312897
4,0,0,0,0,0,0,0,67.46791799378116,95.32208400196396,159.07424400211312,88.35495400126092
28,4,0,0,3,0,2,1,41.52825300116092,54.7536499943817,156.22766900924034,106.88401699007954
24,3,0,0,2,0,2,2,99.10500499245245,104.94552100135479,243.57386500923894,97.76737999345642
26,4,0,0,3,0,2,0,93.81783899152651,116.98691200581379,233.3545310102636,104.00399699574336
13,3,0,0,1,0,2,0,39.832590002333745,46.6047539957799,162.42144900024869,84.75121698575094
17,2,0,0,0,0,0,1,75.72366599924862,110.20791198825464,202.1953810035484,103.65668500890024
22,0,0,0,3,0,2,1,88.48538099846337,65.96468698990066,151.55926800798625,48.69119300565217
28,1,0,0,2,0,2,1,75.17139500123449,103.65939799521584,225.7914299989352,95.93315499660093
25,7,0,0,1,0,2,1,83.45411700429395,113.09584000264294,223.13844801101368,106.38801798631903
24,8,0,0,3,0,2,41,112.22792101034429,127.65088000742253,260.6613840034697,108.82367999874987
21,3,0,0,1,0,2,0,94.48809799505398,108.63184600020759,228.83767700113822,101.69595800107345
22,1,0,0,0,0,0,0,74.82964800146874,106.39622999588028,200.69407700793818,98.0594130087411
23,1,0,0,2,0,2,1,48.36752299161162,54.165775000001304,124.33781698928215,70.38981700316072
11,6,0,0,1,0,2,1298,174.87035600061063,140.1286699983757,288.18986199621577,140.81320299010258
10,6,0,0,1,0,2,1475,173.29144598625135,168.67116799403448,295.36995899979956,185.88461900071707
6,1,0,0,0,0,0,1409,85.5332529899897,128.11790200066753,104.62518500571605,81.47333200031426
30,2,0,0,2,0,2,1,106.39411699958146,154.79520001099445,299.8107770108618,159.73306700470857
7,1,0,0,1,0,2,0,68.1886999955168,94.38895300263539,175.1305169891566,87.8956889937399
5,3,0,0,0,0,0,0,143.97252799244598,223.7960249913158,346.62091999780387,233.7989030056633
23,3,0,0,2,0,2,2,100.81251501105726,119.93982299463823,171.5657589957118,53.24014999496285
8,3,0,0,1,0,2,1964,152.55074799642898,206.10374299576506,257.43853600579314,229.9748530058423
10,3,0,0,1,0,2,1257,87.10789699398447,120.51898999197874,204.93677599006332,126.61566901078913
31,2,0,0,4,0,3,2,80.85933300026227,112.73825301032048,252.67426000209525,106.69032599253114
4,3,0,0,0,0,0,0,49.35035599919502,71.91871300165076,221.35332199104596,149.24047800013795
18,1,0,0,2,0,1,1,72.9918809956871,103.15951399388723,196.93917900440283,95.25290300371125
14,0,0,0,2,0,3,2,151.86973300296813,99.95077100757044,182.71760598872788,47.25148298894055
20,4,0,0,2,0,2,1,79.4198109942954,104.64930700254627,220.7520480005769,99.26766200806014
19,2,0,0,0,0,0,2,103.24674399453215,153.54154699889477,268.8985629938543,157.469294994371
20,7,0,0,2,0,2,12,68.03526300063822,113.0818560050102,219.0609579993179,106.29085199616384
22,6,0,0,1,0,2,1,78.5780990117928,105.90308900282253,148.6497190053342,50.20089999015909
34,0,0,0,3,0,3,1,96.92152099160012,63.64405000931583,258.55366500036325,104.63844699552283
4,1,0,0,0,0,0,0,54.52644100296311,95.42869300639722,161.3525459979428,86.91452399943955
36,6,0,0,6,0,2,1,67.04690400511026,79.03640199219808,328.25629400031175,161.49383700394537
28,9,0,0,3,0,2,2,151.90335300576407,232.53829100576695,410.67216199007817,239.42422699474264
8,0,0,0,0,0,0,941,36.02231699915137,50.374045997159556,127.52227700548247,106.6991920088185
21,4,0,0,1,0,2,1,40.60784001194406,55.71849399711937,110.26391400082503,54.922271010582335
25,4,0,0,1,0,2,1,82.42669000173919,111.74792899691965,225.3154760110192,107.08635499759112
13,2,0,0,1,0,2,118,95.27817599882837,114.27349799487274,217.69376799056772,107.39461099728942
18,1,0,0,2,0,2,1,78.57405100367032,104.12920800445136,214.3278029980138,98.4111880097771
4,3,0,0,0,0,0,433,144.46958599728532,220.15430900501087,336.3533249939792,204.67447700502817
13,2,0,0,1,0,2,1,178.14247599744704,156.010526989121,304.8603689967422,161.72279500460718
22,3,0,0,0,0,0,1,78.76290100102779,111.34273400239181,206.25365800515283,105.26214799028821
29,4,0,0,3,0,3,1,78.41202500276268,111.29601900756825,160.6154199980665,107.71676800504792
15,2,0,0,1,0,2,8,74.2346560000442,100.89337099634577,196.43866599653848,94.55729900219012
28,2,0,0,2,0,2,1,80.45615100127179,112.43333699530922,235.53287699178327,105.81376300251577
18,2,0,0,1,0,2,1,81.42230499652214,107.15343499032315,115.0937759957742,49.66837100801058
2,2,0,0,0,0,0,5771,26.90562700445298,35.535319009795785,88.89528700092342,173.89712200383656
18,5,0,0,1,0,2,1,37.72427800868172,51.38603200612124,201.94148499285802,97.86368999630213
2,1,0,0,0,0,0,547,68.01298100617714,94.33208699920215,156.81888900871854,88.2543410116341
18,2,0,0,3,0,2,7,102.19069800223224,111.30953099927865,241.14131300302688,58.04213600640651
27,2,0,0,2,0,2,1,84.06948899209965,112.2159649967216,237.64483000559267,108.6314849962946
3,2,0,0,0,0,0,0,62.49003099219408,92.70444499270525,145.58108999335673,157.34847700514365
7,4,0,0,0,0,0,404,160.64738600107376,254.84683699323796,373.42786499357317,253.4212460013805
32,3,0,0,2,0,2,1,105.19772900443058,117.08246100170072,258.5618360026274,97.52935099822935
24,4,0,0,2,0,2,1,124.24958399788011,158.0665359942941,308.38127600145526,162.08885199739598
10,6,0,0,0,0,0,0,121.75304800621234,186.5498069964815,304.3133669998497,194.91852300416213
11,2,0,0,1,0,2,2,124.9368639983004,154.41346999432426,291.69262800132856,158.6122209992027
8,2,0,0,1,0,2,138,156.55007099849172,172.6490539876977,143.79599700623658,95.99660600360949
27,1,0,0,2,0,2,1,97.69527999742422,109.02343899942935,251.6773029929027,104.56680299830623
13,3,0,0,1,0,2,5,76.5859360108152,104.43785699317232,196.12105799023993,95.77351399639156
1,0,0,0,0,0,0,2995,66.71533700136933,92.3212009947747,155.7923660002416,88.54858299309853
22,1,0,0,2,0,2,2,62.580309007898904,113.7552139989566,245.47277500096243,105.36434799723793
12,1,0,0,0,0,0,8,74.68134300142992,103.2808670133818,185.80621799628716,100.41282699967269
10,1,0,0,1,0,2,88,97.19899800256826,133.14011400507297,136.278271995252,54.826993989991024
5,5,0,0,0,0,0,4472,74.53068399627227,108.99801300547551,144.93683500040788,266.75333399907686
25,7,0,0,1,0,2,1,43.07535900443327,65.1193279918516,226.80281099746935,107.91081600473262
15,2,0,0,1,0,2,7,98.94592399359681,104.6643879963085,221.6110680019483,96.25519000110216
3,1,0,0,0,0,0,1289,72.2440719982842,100.31176899792627,164.80897700239439,93.48118701018393
1,0,0,0,0,0,0,3585,63.23232199065387,88.13567800098099,147.6552800013451,89.14357599860523
23,1,0,0,2,0,2,1,66.89672499487642,78.88774599996395,149.29748799477238,82.37908300361596
6,0,0,0,0,0,0,142,73.65519599989057,103.77089299436193,173.65136499574874,95.6413829990197
3,2,0,0,0,0,0,2988,117.9166880028788,177.79596599575598,274.4886769942241,197.7232979988912
21,3,0,0,3,0,2,1,183.0907599942293,190.81278900557663,363.1272899947362,170.19924199848901
7,6,0,0,0,0,0,2359,87.04951300751418,135.46212199435104,200.28199000807945,179.1201369924238
30,2,0,0,2,0,4,1,40.47650100255851,54.30678400443867,123.19226100225933,53.66742300975602
3,2,0,0,0,0,0,2988,116.77341800532304,179.6473499998683,273.7422299978789,202.01651800016407
11,2,0,0,1,0,2,278,91.35502899880521,128.8858049956616,210.06323899200652,118.19348999415524
25,4,0,0,1,0,2,1,79.67159499821719,110.76391699316446,220.7868330006022,107.184809006867
23,0,0,0,2,0,2,1,98.36663400346879,112.69502800132614,246.2916400108952,103.88570401119068
13,3,0,0,1,0,2,0,67.6009970047744,96.65850098826922,181.67799500224646,86.06574799341615
20,4,0,0,1,0,2,4,44.1819459956605,56.30994599778205,111.43941199406981,54.40326299867593
18,3,0,0,1,0,2,2,72.85058200068306,104.25287499674596,199.61921700451057,96.54370399948675
21,7,0,0,1,0,2,0,126.5743780095363,166.6463069996098,302.3840110108722,171.00957500224467
4,2,0,0,0,0,0,243,76.38563399086706,109.41885500506032,178.1749520014273,100.379007999436
15,1,0,0,0,0,0,17,79.07648199761752,111.51970199716743,199.8072980059078,107.14258899679407
7,1,0,0,0,0,0,1401,65.60425799398217,96.93933700327761,158.71915000025183,103.08635600085836
25,5,0,0,1,0,2,1,84.332426005858,113.07980499987025,228.38546099956147,108.04405799717642
19,1,0,0,0,0,0,1,38.52161800023168,53.471279999939725,100.30354699119925,51.09545499726664
25,1,0,0,2,0,2,1,74.08095999562647,104.55910000018775,215.36893899610732,94.36805399309378
4,0,0,0,0,0,0,441,68.15062300302088,97.58622098888736,166.17611599212978,95.1315560087096
46,0,0,0,2,0,2,0,97.85965600167401,104.2335300007835,267.2675890062237,97.05641100299545
23,2,0,0,1,0,2,1,78.90364099876024,113.71793299622368,217.5890979997348,106.70287600078154
5,2,0,0,0,0,0,2329,57.87009801133536,82.02721300767735,140.83071101049427,100.8075639983872
27,2,0,0,5,0,2,1,97.55315599613823,105.02334601187613,259.10742400446907,93.52896100608632
26,4,0,0,3,0,2,1,99.88546199747361,120.184686005814,255.39232599840034,104.17889399104752
16,6,0,0,1,0,2,3,102.73569299897645,111.15855700336397,229.19334899052046,105.53808401164133
28,9,0,0,3,0,2,1,80.19953699840698,116.6158150008414,240.39830699621234,107.60192800080404
13,0,0,0,1,0,2,65,97.96749500674196,104.28143400349654,215.29990500130225,90.50965400820132
25,8,0,0,1,0,2,1,82.25329700508155,112.03014299098868,226.63905999797862,107.41852900537197
10,2,0,0,0,0,0,212,76.20804199541453,108.2511200074805,189.0218949993141,107.58822900243104
28,9,0,0,3,0,2,2,86.71401200990658,136.96858400362544,321.38517500425223,224.92863300431054
11,4,0,0,1,0,1,0,104.95272699336056,98.24832899903413,238.43585001304746,160.98832899297122
14,1,0,0,0,0,0,1,39.590194006450474,52.01812100131065,155.70788399782032,99.67323100136127
23,1,0,0,2,0,2,1,180.39316400245298,155.14105999318417,347.02932999061886,162.00556300464086
10,3,0,0,1,0,2,64,137.85632399958558,209.46960200672038,335.59077700192574,214.46964699134696
6,3,0,0,0,0,0,297,77.86260399734601,111.89241000101902,185.30335399555042,101.66948799451347
2,0,0,0,0,0,0,4113,44.06016899156384,59.85573600628413,114.78559800889343,98.05365800275467
18,6,0,0,1,0,2,0,67.97684599587228,76.78996700269636,94.41619999415707,42.520571005297825
18,1,0,0,2,0,2,1,53.227140990202315,136.18511499953456,281.7359670007136,159.38829800870735
23,3,0,0,3,0,3,1,69.95336299587507,115.33184400468599,229.18154900253285,107.03773399291094
15,6,0,0,2,0,1,12,73.21992999641225,106.83245499967597,197.46805798786227,98.21787300461438
11,3,0,0,1,0,2,454,172.15889699582476,195.52701400243677,351.1400489951484,210.74155600217637
18,1,0,0,0,0,0,1,76.50794000073802,109.06218399759382,200.6277190084802,104.98505798750557
20,6,0,0,2,0,1,1,54.28301698702853,76.39994200144429,143.25906899466645,82.8837389999535
28,9,0,0,3,0,2,2,131.52705399261322,200.340936993598,365.0643020082498,209.9038419983117
18,2,0,0,0,0,0,1,77.42647000122815,109.54314400441945,201.1037050106097,104.77207999792881
21,7,0,0,3,0,2,0,106.61078900739085,154.9157120025484,293.76095200132113,156.48704300110694
4,3,0,0,0,0,0,2891,67.0135350083001,96.13952299696393,156.60121200198773,105.68723699543625
16,2,0,0,2,0,2,286,48.332323000067845,60.12819000170566,119.98935999872629,59.08628199540544
21,7,0,0,3,0,2,0,105.06364199682139,156.3344180030981,291.5867010015063,159.07489000528585
26,1,0,0,0,0,0,1,77.55077398905996,109.95951399672776,211.53231599600986,105.66560400184244
2,0,0,0,0,0,0,547,67.84698799310718,95.31123099441174,157.23703399999067,86.71725900785532
7,2,0,0,0,0,0,1639,93.27673299412709,138.1866279989481,210.05319399409927,164.25825099577196
2,2,0,0,0,0,0,5771,27.139112004078925,36.40686100698076,87.76548599416856,174.53719800687395
11,6,0,0,1,0,2,5,165.88763099571224,278.74322699790355,400.467468003626,271.88585299882106
18,3,0,0,2,0,2,1,98.74562500044703,122.65973200555891,242.65516200102866,116.31970301095862
4,3,0,0,0,0,0,1960,37.14089500135742,54.29810700297821,90.15139599796385,81.34880498982966
21,3,0,0,1,0,2,1,80.66339600190986,111.59770100493915,220.3631709999172,109.0354030020535
29,3,0,0,1,0,2,1,75.13750799989793,110.04238900204655,219.12534200237133,100.24960599548649
3,1,0,0,0,0,0,1289,71.2425599922426,100.40299099637195,107.87301399977878,47.463012000662275
6,2,0,0,0,0,0,140,74.0502109983936,105.85690700099804,177.90073998912703,101.53559299942572
24,1,0,0,0,0,0,1,77.76389800710604,113.41469500621315,206.86569600366056,104.78495999996085
20,2,0,0,2,0,2,1,81.21410400781315,106.67818000365514,222.71664800064173,98.40914899541531
12,1,0,0,2,0,1,15,38.06042000360321,52.607235993491486,98.3383050042903,50.52344199793879
17,1,0,0,0,0,0,1,74.50109599449206,106.7413689888781,195.11174299987033,100.37948899844196
15,0,0,0,2,0,2,44,43.98155800299719,108.58879100123886,220.30948799510952,104.69947899400722
27,1,0,0,2,0,2,1,108.28140300873201,153.6856919992715,291.04285601351876,156.0052869899664
4,1,0,0,0,0,0,80,101.34453399223275,151.65944000182208,239.11406999104656,156.21065998857375
11,3,0,0,1,0,2,1107,93.7609410029836,131.13331100612413,213.9232930057915,131.6559519909788
18,2,0,0,0,0,0,0,75.16344399482477,105.89455200533848,193.28898900130298,100.45988101046532
22,0,0,0,3,0,2,0,103.97504399588797,117.4815900012618,248.09978599660099,98.27125299489126
14,3,0,0,1,0,2,6,166.18326399475336,207.4273509933846,314.0253159945132,104.41464598989114
22,7,0,0,1,0,2,1,76.34841100662015,107.72014899703208,211.21741901151836,98.62922600586899
24,2,0,0,4,0,2,1,53.054251009598374,59.0574139932869,243.27308700594585,98.14400700270198
6,0,0,0,0,0,0,482,69.42708599672187,99.97727500740439,167.84055899188388,98.049396998249
10,1,0,0,1,0,2,1107,91.20887200697325,125.36076799733564,202.4073339998722,124.48177399346605
20,3,0,0,2,0,1,0,52.829057996859774,74.81766899581999,138.06847200612538,80.83250100025907
18,1,0,0,0,0,0,1,105.01195100368932,158.67408299527597,265.87222900707275,164.02301599737257
19,2,0,0,0,0,0,1,75.65531399450265,106.01450499962084,196.63442099408712,101.26442999171559
23,5,0,0,3,0,2,5,132.20526299846824,167.9034970002249,326.1628629988991,159.63812900008634
19,5,0,0,1,0,2,0,100.30944099707995,148.53775801020674,266.84740401105955,98.4293700021226
6,1,0,0,0,0,0,0,73.94930299778935,102.85721100808587,175.1184719905723,97.16652099450585
12,2,0,0,0,0,0,94,102.62511199107394,151.7179619986564,251.29144800303038,157.75845399184618
42,1,0,0,5,0,2,1,75.00602900108788,107.4907889997121,254.43109699699562,100.07709500496276
25,0,0,0,0,0,0,0,66.38515199301764,55.08731899317354,201.49966099415906,96.78073899704032
28,10,0,0,3,0,2,2,151.6026229946874,231.3066000060644,408.1718420056859,200.41323399345856
7,4,0,0,0,0,0,336,85.17651200236287,123.8946420053253,204.2701059981482,122.04441099311225
18,3,0,0,1,0,2,1,39.64273499150295,53.40756199439056,104.88735500257462,89.60298101010267
17,0,0,0,0,0,0,0,66.02490300429054,97.42720000213012,177.09576299239416,84.71042300516274
10,5,0,0,1,0,2,28,106.55637399759144,110.15093899914064,292.0183139940491,97.31079298944678
22,1,0,0,1,0,2,1,96.98177600512281,108.51883499708492,230.86735200195108,101.32975100714248
31,3,0,0,4,0,2,0,126.62400500266813,163.2102389994543,339.1305050026858,160.77306101215072
1,0,0,0,0,0,0,508,68.12034999893513,94.74961100204382,158.0555109976558,89.52485100599006
28,1,0,0,3,0,2,1,73.2222459919285,104.92294399591628,225.94094301166479,97.02223500062246
21,3,0,0,1,0,2,0,39.19219599629287,73.12309800181538,215.93417000258341,91.66245600499678
32,2,0,0,3,0,2,1,93.38957400177605,118.98872899473645,247.33478300913703,104.73093698965386
21,1,0,0,1,0,2,2,79.77012101036962,111.0086849948857,217.41217700764537,106.55459000554401
2,0,0,0,0,0,0,1868,69.50764798966702,98.37224500370212,159.67603599710856,92.0838919992093
20,3,0,0,1,0,2,0,73.27582000289112,105.14259699266404,203.38592000189237,95.77268999419175
24,6,0,0,3,0,2,18,50.9072830027435,58.55872300162446,131.32925301033538,52.38954500237014
6,3,0,0,0,0,0,645,62.320338998688385,93.61135699145962,266.66899300471414,203.75541399698704
11,6,0,0,1,0,2,0,183.9429050014587,110.1262659940403,300.9819490107475,103.65997900953516
10,4,0,0,1,0,2,28,178.36183799954597,110.2381289965706,292.295691993786,103.30431599868461
22,4,0,0,2,0,2,2,76.89030299661681,105.47119099646807,212.2108740004478,98.35012700932566
22,6,0,0,1,0,2,0,39.87251900252886,51.82258499553427,107.39884100621566,75.28391499363352
4,4,0,0,0,0,0,5074,58.71672500506975,84.80817500094417,127.63226999959443,244.4030879996717
30,1,0,0,5,0,3,1,87.06919000542257,114.28643298859242,257.08649899752345,106.19966698868666
9,1,0,0,2,0,1,0,118.53229299595114,109.81722400174476,144.63065400195774,48.12539399426896
22,2,0,0,2,0,2,1,181.71006499323994,182.83832899760455,348.5981560079381,160.14254599576816
14,5,0,0,1,0,2,1,182.1053470048355,222.06475300481543,404.06128599715885,230.290823004907
23,1,0,0,3,0,2,1,85.13051200134214,113.66175900911912,231.70704799122177,105.59243899479043
1,0,0,0,0,0,0,3585,61.93688900384586,88.14787099254318,149.48018699942622,90.31495900126174
4,0,0,0,1,0,1,1228,58.69127500045579,57.90465799509548,95.14322300674394,60.26637300965376
21,1,0,0,1,0,2,1,93.82411600381602,110.73449499963317,230.65554699860513,102.3084309999831
1,0,0,0,0,0,0,3248,56.00674799643457,78.60703000915237,139.15908100898378,89.54304500366561
32,2,0,0,3,0,2,1,84.7663689928595,113.42097799933981,248.8716650113929,105.99031099991407
20,2,0,0,1,0,2,1,99.0235179924639,104.62504599126987,229.62854099750984,96.93301600054838
9,1,0,0,1,0,2,1098,91.12918199389242,123.83776700880844,195.733044994995,123.67956699745264
28,4,0,0,1,0,2,1,80.2872789936373,112.91415800224058,225.51775600004476,106.49173700949177
20,5,0,0,2,0,1,1,53.943534003337845,76.55126600002404,142.09071999357548,83.76273499743547
28,7,0,0,3,0,2,2,132.2532640042482,198.48227099282667,362.3706679936731,205.81300600315444
19,4,0,0,1,0,2,2,100.83989599661436,105.23989000648726,229.94542699598242,98.0763109982945
7,5,0,0,0,0,0,2427,118.21711600350682,185.03683200106025,238.05526200158056,153.8578339968808
25,1,0,0,3,0,1,0,83.18494701234158,113.68144699372351,221.65862898691557,106.18903700378723
7,0,0,0,1,0,2,0,153.3828460087534,104.3566009902861,248.64085800072644,97.84818899061065
21,1,0,0,2,0,2,1,84.17112501047086,112.7040150022367,225.52966000512242,105.85536199505441
1,0,0,0,0,0,0,2995,66.60656700842083,96.52104000269901,155.86296099354513,87.74737600469962
24,2,0,0,3,0,2,2,78.71987999533303,105.52688999450766,233.89870800019708,95.10325500741601
25,2,0,0,2,0,2,1,85.64289000059944,112.56763100391254,230.23227100202348,107.1559700067155
18,4,0,0,1,0,2,5,111.33409600006416,164.87108598812483,285.29189599794336,167.87175000354182
21,2,0,0,2,0,2,1,42.68880499876104,56.10871499811765,115.522250009235,53.324314998462796
4,2,0,0,0,0,0,860,75.52717400540132,108.33992199331988,177.58074699668214,101.98608200880699
10,1,0,0,1,0,2,1017,76.94595999782905,124.49648499023169,204.46032998734154,125.40298499516211
3,0,0,0,0,0,0,1858,70.94445500115398,100.57811099977698,164.35439301130828,93.13838199886959
6,3,0,0,0,0,0,204,78.72993800265249,113.87288599507883,188.732397989952,108.09912699915003
45,1,0,0,2,0,2,1,48.36351300764363,53.31840200233273,135.29219799966086,51.96375299419742
2,0,0,0,0,0,0,1868,69.40375400881749,99.55852100392804,161.63830499863252,89.59418900485616
24,3,0,0,3,0,2,3,99.23933500249404,120.5049069976667,252.6542529958533,103.75826600647997
12,1,0,0,2,0,2,157,173.4760169929359,123.14773300022352,269.47192499937955,120.44659299135674
7,2,0,0,0,0,0,0,79.81274600024335,115.21437400369905,130.81637199502438,96.3025089877192
23,4,0,0,3,0,3,1,81.68752500205301,113.74820000492036,203.57588501065038,106.84168498846702
32,3,0,0,3,0,2,1,95.38606701244134,117.81511300068814,268.535271010478,104.19946399633773
3,1,0,0,0,0,0,1637,34.42668200295884,47.36918999697082,80.01840900396928,48.939289001282305
24,3,0,0,1,0,2,1,96.550717993523,109.63120999804232,232.4774750013603,102.76120499474928
2,0,0,0,0,0,0,1868,69.81585700123105,96.53065000020433,159.63043199735694,90.80931199423503
15,1,0,0,2,0,2,1,84.35081099742092,106.57346299558412,209.76200299628545,97.08509298798162
24,2,0,0,3,0,2,1,98.32777100382373,103.43209200073034,236.0907669935841,95.16851000080351
29,1,0,0,3,0,4,1,106.12318100174889,117.24184300692286,266.98824200138915,96.6525499970885
20,3,0,0,2,0,2,1,40.31214100541547,51.76008600392379,138.52421499905176,98.68311700120103
12,5,0,0,1,0,2,371,124.96767999255098,192.03691100119613,319.82617698668037,206.68646300327964
28,6,0,0,1,0,2,1,79.48409600066952,113.99564999737777,227.0571799890604,107.56767400016543
18,2,0,0,2,0,2,1,82.92481199896429,113.86623200087342,216.65640600258484,109.13732199696824
18,3,0,0,3,0,2,7,68.06518300436437,55.79286300053354,171.5738989878446,98.28636299062055
19,2,0,0,3,0,2,58,101.97505399992224,116.88585199590307,248.3429529966088,100.74501199414954
10,2,0,0,1,0,2,1176,90.04960498714354,123.87901500915177,205.88975599093828,126.2742580001941
6,1,0,0,0,0,0,482,47.85802899277769,69.39461299043614,116.79698601074051,79.06957699742634
18,2,0,0,1,0,2,0,76.63821399910375,100.4295229940908,201.46918500540778,93.32339400134515
26,4,0,0,3,0,2,1,98.82042898971122,118.2544629991753,255.84042799891904,103.68060000473633
6,4,0,0,0,0,0,1623,157.29123100754805,245.68789399927482,346.910267995554,253.35591001203284
27,1,0,0,2,0,2,1,105.81082600401714,118.37981799908448,250.53895100427326,95.48556301160716
15,1,0,0,2,0,2,0,160.868473991286,145.95725300023332,147.65366399660707,61.79038299887907
19,1,0,0,1,0,2,1,84.39128499594517,111.16792699613143,220.00228099932428,107.24857999593951
14,2,0,0,0,0,0,1,74.8876180005027,105.50755399162881,188.3264380012406,101.0437780059874
19,3,0,0,1,0,2,1,41.00174599443562,54.05893900024239,208.79488000355195,98.77247600525152
28,3,0,0,1,0,2,1,80.29401600651909,111.80570400028955,226.52493600617163,105.91547298827209
25,3,0,0,1,0,2,1,85.15313600946683,112.04757800442167,225.88231599365827,107.2205559903523
28,2,0,0,3,0,2,1,132.12783201015554,194.17825099662878,365.149160992587,197.69388699205592
25,6,0,0,1,0,2,1,82.2363939951174,111.10507899138611,222.91827699518763,106.26472900912631
20,4,0,0,2,0,2,0,72.67617300385609,104.72135098825675,208.0468850035686,99.1957310034195
8,3,0,0,0,0,0,958,71.61981699755415,104.74923999572638,170.3168399981223,104.17802799202036
3,1,0,0,0,0,0,1289,71.13762800872792,101.48540500085801,165.30254900862928,93.80098799010739
14,8,0,0,1,0,2,5,64.84138801170047,94.3430209881626,163.57899899594486,100.91763599484693
22,5,0,0,1,0,2,0,67.07154998730402,94.99912199680693,193.61207500332966,87.54885999951512
17,3,0,0,0,0,0,1,80.30925800267141,108.5092830035137,198.2496200071182,102.23199000756722
6,1,0,0,0,0,0,1409,65.03709299431648,91.49791899835691,156.88990699709393,103.51634600374382
13,1,0,0,1,0,2,0,97.76443999726325,102.64612799801398,218.48637600487564,95.69627800374292
20,6,0,0,2,0,1,1,111.41978100931738,137.71653399453498,142.27199499146082,82.16349600115791
12,5,0,0,0,0,0,0,69.32361799408682,95.33487200678792,169.9159980053082,85.59796299959999
15,5,0,0,1,0,1,2,75.83794598758686,106.51076199428644,197.21458799904212,99.350285003311
5,0,0,0,0,0,0,20,69.66296299651731,98.46655100409407,162.78567801055033,87.0960509928409
16,2,0,0,2,0,2,286,94.89780900184996,119.94452799262945,237.18880199885461,117.91055698995478
13,0,0,0,2,0,2,2,82.71654299460351,109.98080900753848,205.63131499511655,98.56387200125027
27,0,0,0,1,0,2,0,78.3373720041709,110.15947700070683,148.7960170052247,106.42472800100222
11,1,0,0,0,0,0,1,76.18025300325826,80.29468099994119,102.441644994542,89.20232999662403
3,2,0,0,0,0,0,4035,39.80639000656083,56.22343299910426,111.05299599876162,99.96404498815536
22,3,0,0,2,0,2,1,79.76293700630777,97.65198398963548,234.18970999773592,95.34764499403536
25,7,0,0,1,0,2,1,66.39346000156365,111.15112600964494,226.2647290044697,106.99532400758471
11,8,0,0,1,0,2,1413,173.92862599808723,171.6163899982348,292.82464800053276,183.62082600651775
23,1,0,0,2,0,2,1,125.97060899133794,160.07903199351858,308.90766000084113,120.82418501086067
24,2,0,0,0,0,0,1,79.57880100002512,112.31199899339117,209.59176099859178,105.92490799899679
9,3,0,0,2,0,2,397,85.68470498721581,76.56861998839304,261.27296200138517,141.46925100067165
18,6,0,0,1,0,2,1,105.1080219913274,156.4792139979545,284.73765299713705,163.13563099538442
24,3,0,0,3,0,2,2,106.18396999780089,120.6060550030088,250.36968500353396,96.51310500339605
23,2,0,0,3,0,3,0,39.02034201018978,52.58783399767708,111.39843599812593,51.01994698634371
11,0,0,0,1,0,2,834,90.82615599618293,126.0656379890861,208.59722400200553,135.67187399894465
13,2,0,0,1,0,2,4,101.83814099582378,153.4965960017871,258.4691060037585,152.45237899944186
18,3,0,0,1,0,2,1,71.94481199258007,101.26898100133985,198.81303800502792,92.6605160057079
8,4,0,0,1,0,1,273,78.32373300334439,97.1198149927659,272.5741920003202,165.34977400442585
22,1,0,0,1,0,2,2,84.8864669969771,111.3108809950063,225.0498380017234,108.2328780030366
12,6,0,0,0,0,0,0,68.60377198609058,95.2688079996733,171.12829099642113,86.59528900170699
17,0,0,0,1,0,1,0,127.95013100549113,96.05230500164907,205.10612399084494,107.81372799829114
20,0,0,0,0,0,0,1,80.94032001099549,114.59148499125149,207.6604559988482,111.73578399757389
26,2,0,0,3,0,2,0,100.23280100722332,121.11365101009142,256.61110700457357,103.14591099449899
23,3,0,0,1,0,2,1,97.56198999821208,105.65477499039844,229.65250299603213,100.26961799303535
21,1,0,0,3,0,3,1,40.49400599615183,52.24261499824934,256.8639160017483,99.36440299497917
17,2,0,0,0,0,0,1,83.19137700891588,109.64264700305648,147.52840000437573,96.20274700864684
34,1,0,0,4,0,2,0,77.37415500741918,111.70731899619568,232.1617590059759,95.56605499528814
26,1,0,0,2,0,2,1,94.72640400053933,116.65240000002086,245.70482299895957,104.77820799860638
28,6,0,0,1,0,2,1,79.51067700923886,112.37916999380104,228.5276780021377,107.95667400816455
29,1,0,0,4,0,3,1,198.7027019931702,163.16916700452566,332.3363240051549,82.78461800364312
3,2,0,0,0,0,0,2988,122.27104099292774,181.16991200076882,281.56878899608273,198.76261400349904
25,2,0,0,3,0,2,0,76.04745500429999,108.14525200112257,221.31566899770405,99.93712000141386
22,5,0,0,1,0,2,1,76.29727100720629,123.44125499657821,207.15651600039564,98.92683100770228
4,1,0,0,0,0,0,1421,60.37119599932339,85.91371501097456,148.96116500312928,102.04645399062429
20,4,0,0,1,0,2,0,95.32904000661802,108.869406991289,200.5969610036118,53.71066299267113
13,2,0,0,1,0,2,8,93.74953700171318,131.09503900341224,217.78017398901284,118.08770199422725
13,3,0,0,1,0,2,118,56.94420500367414,109.1636799974367,216.25866400427185,106.9997790036723
11,0,0,0,0,0,0,1,72.05195400456432,101.39035899192095,180.3455560002476,95.51970499160234
32,2,0,0,4,0,2,1,97.11539499403443,117.83115300931968,265.26998399640433,102.92071499861777
10,3,0,0,1,0,2,0,81.83973599807359,92.83012899686582,149.72000499255955,65.26822000159882
24,3,0,0,1,0,2,1,79.07837200036738,111.32359599287156,222.96615300001577,107.27194100036286
25,3,0,0,3,0,2,0,74.47101001162082,90.73706099297851,111.7622699966887,50.59272299695294
23,3,0,0,3,0,2,1,177.89003800135106,209.71655900939368,389.34390198846813,200.08687100198586
25,8,0,0,1,0,2,0,46.8535200052429,97.95388999918941,196.77070200850721,86.5384950011503
5,3,0,0,0,0,0,2330,57.297015999211,81.39190699148457,139.99712000077125,100.61410299385898
15,1,0,0,1,0,2,5,83.79130699904636,112.3983340075938,211.7211570002837,107.65641699254047
12,6,0,0,0,0,0,0,67.1426059998339,94.62202599388547,169.21176300093066,85.63118599704467
18,1,0,0,1,0,2,1,98.33071498724166,104.57161799422465,225.01333100080956,97.72580700519029
28,2,0,0,3,0,2,1,38.94707700237632,97.56335799465887,227.55336099362466,100.83693100023083
16,2,0,0,2,0,2,193,102.4601410026662,119.63631700200494,235.70985900005326,108.38153700751718
1,0,0,0,0,0,0,3585,62.034822010900825,87.62015899992548,149.4164249888854,91.39351799967699
26,1,0,0,2,0,2,1,54.5588209934067,61.74092899891548,129.90806200832594,53.005720998044126
23,2,0,0,2,0,2,1,189.29547700099647,158.31287599576171,353.57640001166146,162.58212701359298
24,3,0,0,3,0,2,2,81.33558099507354,108.98459701274987,155.02773701155093,49.793711994425394
8,3,0,0,1,0,1,308,81.9748239882756,106.79395899933297,184.98624498897698,98.79010800796095
2,0,0,0,0,0,0,1868,69.80443900101818,100.44258099514991,159.82429099676665,91.97727899299935
17,1,0,0,1,0,2,1,94.70544999931008,109.46882900316268,226.84671900060493,103.12049799540546
11,5,0,0,0,0,0,0,100.20741799962707,149.66764400014654,252.0850950095337,153.70491199428216
4,0,0,0,0,0,0,528,68.1347259960603,97.94197899464052,165.65883200382814,100.32642699661665
8,1,0,0,1,0,2,106,150.57762099604588,105.15662201214582,239.00660598883405,97.53756399732083
23,0,0,0,4,0,2,12,100.91936599928886,120.07755899685435,251.13997400330845,95.86084498732816
20,6,0,0,3,0,2,0,66.63166500220541,96.03734799020458,175.3570930013666,144.35862099344376
19,1,0,0,1,0,2,1,188.24638599471655,153.54331099661067,323.66819999879226,159.6206170070218
12,2,0,0,2,0,2,157,175.21522400784306,124.58822500775568,273.32918599131517,121.53543900058139
10,4,0,0,0,0,0,273,74.33393900282681,107.47108999930788,184.6614270034479,108.0145190062467
2,1,0,0,0,0,0,2992,95.29545999248512,140.4708249901887,223.06321699579712,151.77743900858331
22,4,0,0,1,0,2,1,75.35275700502098,104.70288200303912,210.4674900037935,96.43925800628494
19,5,0,0,2,0,1,0,53.15316798805725,75.50642800924834,138.7921689893119,82.04426600423176
6,3,0,0,1,0,1,0,117.99548300041351,119.02719999488909,210.08745199651457,115.05817699071486
27,1,0,0,1,0,2,1,94.00021300825756,108.51322900271043,237.0188839995535,95.72249400662258
2,0,0,0,0,0,0,2981,68.651838999358,95.93505199882202,157.0495369960554,91.5271559933899
23,3,0,0,2,0,1,1,85.1136069977656,108.19616400112864,215.14905299409293,102.72349299339112
24,2,0,0,1,0,1,1,80.04917200014461,111.04923200036865,213.83482399687637,108.46010700333863
24,0,0,0,3,0,2,1,166.71858499466907,135.1145669905236,304.90237699996214,106.92289199505467
28,4,0,0,3,0,2,0,40.294046004419215,55.294172998401336,121.9810070033418,55.726138001773506
19,2,0,0,1,0,2,2,95.02104399143718,109.96996700123418,229.7693369910121,104.28995499387383
17,3,0,0,1,0,2,1,73.98968900088221,103.79063199798111,190.53202400391456,50.85799700464122
22,1,0,0,1,0,2,1,101.38492500118446,102.9548189981142,232.0617939985823,96.6706159961177
20,4,0,0,2,0,1,1,100.54756099998485,156.5367330040317,210.85829999356065,163.98852301063016
24,10,0,0,3,0,2,19,207.06141299160663,239.70573300903197,419.9266099894885,231.81653999199625
4,0,0,0,0,0,0,1421,60.898370007635094,87.04951600520872,151.58671500103083,100.75429199787322
7,0,0,0,0,0,0,482,69.85450998763554,100.62415999709629,171.7876999900909,99.78659100306686
14,6,0,0,1,0,2,1,184.298423002474,225.1186939975014,379.01700199290644,229.9465300020529
20,4,0,0,2,0,1,2,135.60520400642417,186.25720500131138,192.02138599939644,207.34637300483882
30,1,0,0,2,0,2,1,84.71984000061639,115.27511398890056,246.7202520056162,84.42627498880029
20,2,0,0,1,0,2,1,39.760636995197274,56.14788399543613,119.72606000199448,106.04633900220506
24,4,0,0,2,0,2,1,95.41557299962733,108.07738499715924,239.1424040106358,103.60050298913848
23,1,0,0,2,0,2,1,98.90140499919653,117.99740500282496,237.13369500183035,95.39872000459582
8,5,0,0,1,0,2,2544,148.7247600016417,200.90863399673253,257.69166499958374,228.5568810038967
18,2,0,0,2,0,2,4,170.44542600342538,194.23780700890347,371.43255000410136,200.4272799968021
19,1,0,0,0,0,0,1,76.56613699509762,110.02348999318201,203.71719299873803,107.18375899887178
6,3,0,0,0,0,0,1896,50.46103199128993,72.84925700514577,109.35993399471045,173.12191099335905
13,4,0,0,1,0,2,5,92.14233100647107,120.4269299923908,216.28413400321733,107.66601200157311
7,1,0,0,1,0,2,472,177.41657899750862,243.65230799594428,307.45238000235986,219.89236198714934
31,1,0,0,3,0,2,1,66.16940200910904,52.85095499129966,132.71110999630764,49.15849900862668
3,0,0,0,0,0,0,555,71.74010499147698,100.46409101050813,163.95187300804537,91.58587300044019
5,1,0,0,0,0,0,1409,62.007896005525254,89.58158300083596,103.78986099385656,52.752411997062154
5,1,0,0,0,0,0,441,69.37739800196141,99.8381090030307,164.55640700587537,93.66187000705395
22,2,0,0,0,0,0,1,77.7115800010506,112.33224099851213,204.36344099289272,103.96893999131862
27,2,0,0,2,0,1,1,73.05675899260677,103.08952399645932,210.32924299652223,94.9645319924457
7,6,0,0,0,0,0,1431,171.1342899943702,267.079395998735,371.5378079941729,271.460535004735
10,7,0,0,1,0,2,1475,173.02837199531496,169.64554000878707,285.52485699765384,180.06963600055315
7,0,0,0,0,0,0,948,72.62064299720805,100.97164699982386,170.58592900866643,105.1941369951237
6,4,0,0,1,0,1,0,60.337030998198316,69.66794599429704,108.93985599977896,76.37867399898823
17,1,0,0,2,0,2,4,98.77061199222226,105.76397199474741,227.12605400010943,97.5519099883968
21,7,0,0,1,0,2,0,65.56372399791144,166.02272300224286,301.52575799729675,170.84838800656144
26,0,0,0,1,0,2,1,162.14002699416596,107.49298500013538,272.19298599811736,100.99283599993214
6,2,0,0,0,0,0,0,72.49673099431675,104.44501299934927,172.15537300216965,95.33434800687246
22,4,0,0,2,0,2,1,97.86663699196652,107.4258180015022,228.76976599218324,97.97597200667951
21,1,0,0,0,0,0,1,78.31301499390975,111.0972890019184,207.36006399965845,106.72954798792489
25,3,0,0,2,0,2,1,83.4373450052226,110.26451599900611,233.68336899147835,106.34642500372138
20,4,0,0,1,0,2,1,50.95285900461022,54.29397999250796,120.47445800271817,55.4164299974218
8,3,0,0,0,0,0,0,76.72670399188064,110.44673300057184,187.74911000218708,106.19709199818317
6,0,0,0,0,0,0,1409,64.44733300304506,92.30629800003953,158.85389799950644,105.03703499853145
28,6,0,0,1,0,2,1,107.92973599745892,158.58062700135633,293.3530689915642,162.68342699913774
26,6,0,0,3,0,2,2,198.7050299940165,243.29500200110488,421.7705479968572,231.88525100704283
2,1,0,0,0,0,0,3629,40.20635399501771,33.81246099888813,66.51314601185732,76.15903799887747
24,4,0,0,1,0,2,1,94.67106900410727,109.47676700016018,229.643364000367,101.77469899645075
20,4,0,0,1,0,2,0,39.780595994670875,70.2290889894357,212.2266829974251,104.8195119947195
23,1,0,0,0,0,0,1,78.96326399350073,110.50163400068413,206.8290659954073,106.77710801246576
18,3,0,0,1,0,2,1,72.4442810023902,102.32339201320428,199.02239400835242,94.41801100911107
16,1,0,0,0,0,0,1,107.91910700208973,120.6597620039247,230.32627700013109,163.45245500269812
28,1,0,0,3,0,2,1,75.45628701336682,105.03793499083258,264.7756149963243,103.13121299259365
13,5,0,0,2,0,1,15,106.74780901172198,158.42363699630369,271.1837819952052,163.47686501103453
19,3,0,0,3,0,2,1,62.20421900798101,76.13985300122295,153.2248779985821,78.72839999618009
18,3,0,0,0,0,0,1,78.45339800405782,111.94916100066621,202.76296199881472,108.1552149989875
9,6,0,0,1,0,2,2388,127.0929129968863,189.40286700672004,264.5265239989385,212.65579399187118
22,0,0,0,2,0,2,1,74.67659399844706,105.69267999380827,215.20393599348608,99.71961000701413
17,4,0,0,1,0,2,1,154.24621899728663,115.24535799981095,260.82403199688997,106.9728650036268
14,2,0,0,0,0,0,1,75.87646599858999,105.0006459990982,188.10214700351935,100.44135199859738
24,1,0,0,2,0,2,1,99.52186499140225,106.48729199601803,243.88973000168335,97.8302379953675
28,4,0,0,1,0,2,1,79.77586300694384,110.72436098766048,225.61523999320343,106.508130003931
24,1,0,0,2,0,2,1,76.60040199698415,106.12528100318741,223.4850000095321,103.92266199050937
19,3,0,0,4,0,2,0,43.131394995725714,53.3318550005788,155.7225739961723,97.46437700232491
20,7,0,0,2,0,2,12,106.76162000163458,156.12876300292555,283.4821520082187,162.06425899872556
22,2,0,0,0,0,0,1,75.21115899726283,106.42611100047361,200.76772599713877,100.44347299844958
27,2,0,0,2,0,2,1,47.34046399244107,53.436414993484505,122.43746500462294,52.14019599952735
23,3,0,0,2,0,1,1,72.6199429918779,103.88995200628415,202.06537599733565,97.54904700093903
17,0,0,0,1,0,2,13,93.75435800757259,75.46724700659979,112.04005499894265,51.493958992068656
4,0,0,0,0,0,0,156,72.64435201068409,102.54436399554834,167.7781099861022,89.48349099955522
23,3,0,0,2,0,2,1,134.0332940017106,167.68245100683998,297.1025559963891,159.63485100655816
10,1,0,0,1,0,2,12,154.9991729989415,107.41532599786296,196.8985270068515,100.74396799609531
2,1,0,0,0,0,0,3629,47.55684899282642,66.75717799225822,129.67655700049363,152.29236498998944
31,1,0,0,5,0,2,1,109.40994600241538,156.82219401060138,321.332715000608,154.56147599616088
23,3,0,0,1,0,2,1,41.121286994894035,106.54717299621552,217.24562700546812,104.06010600854643
27,1,0,0,3,0,2,1,95.09409600286745,106.81984800612554,256.03050099743996,102.58400600287132
27,2,0,0,2,0,2,1,104.41715500201099,114.5991090015741,248.57549999433104,97.64566500962246
28,3,0,0,3,0,2,1,107.03866400581319,158.26400500372984,310.15422199561726,100.61871900688857
21,1,0,0,2,0,2,1,41.31161200348288,51.31901800632477,147.43136199831497,97.39863999129739
1,1,0,0,0,0,0,5937,16.300725998007692,19.471367995720357,72.77495600283146,113.29934599052649
28,10,0,0,3,0,2,1,41.682736002258025,56.301742006326094,122.48382200777996,54.2945079942001
13,2,0,0,1,0,2,35,185.00490598671604,211.99817399610765,331.7226049985038,199.69572700210847
21,0,0,0,3,0,2,40,100.56599100062158,119.69420599052683,249.9852619948797,106.37032300292049
3,1,0,0,0,0,0,2981,96.05103700596374,144.75829200819135,220.37009699852206,154.04163500352297
7,4,0,0,0,0,0,0,82.24375199642964,119.96865998662543,200.19201301329304,114.29646199394483
18,1,0,0,1,0,2,1,39.67990100500174,50.00567399838474,103.73600300226826,47.08397800277453
14,5,0,0,1,0,2,5,124.11265399714466,171.07497100369073,295.76173800160177,172.7902359998552
11,6,0,0,0,0,0,0,101.0129189962754,147.52903599583078,247.04479599313345,153.57579599367455
9,1,0,0,0,0,0,16,111.09517099976074,163.65301299083512,268.9696520101279,170.05124199204147
11,5,0,0,1,0,1,105,108.15847699996084,159.0576360031264,262.63632999325637,167.58730699075386
28,2,0,0,4,0,2,1,96.87756400671788,118.13020100817084,265.8788709959481,97.81750199908856
5,3,0,0,1,0,1,0,114.94611900707241,141.17591599642765,208.75614699616563,145.45331499539316
18,2,0,0,1,0,2,0,68.7096420006128,95.9203759994125,189.77609599824063,85.98950300074648
26,1,0,0,3,0,2,1,53.83770399203058,80.46401799947489,202.00506900437176,48.82279600133188
16,4,0,0,1,0,2,3,103.69722700852435,88.15295400563627,226.98037399095483,104.00276600557845
22,2,0,0,1,0,2,1,75.14201100275386,107.23282600520179,214.3582709977636,100.06142099155113
16,4,0,0,1,0,2,3,105.33800099801738,111.02896500960924,129.26573700679,52.036388995475136
11,4,0,0,1,0,2,50,184.34509400685783,112.5480949995108,305.5402479949407,101.30406499956734
6,1,0,0,0,0,0,1409,65.7656810071785,93.83824699034449,158.1536599987885,103.30000300018582
19,5,0,0,1,0,2,1,78.24863599671517,111.93507399002556,170.00544199254364,52.93507299211342
26,2,0,0,4,0,3,1,100.09241999068763,117.50223299895879,250.37244299892336,95.53859698644374
28,1,0,0,1,0,2,1,84.35239399841521,112.53006701008417,228.79634000128135,105.63206300139427
10,4,0,0,1,0,2,1849,173.1121949997032,203.7224950036034,299.3396039964864,220.59477400034666
10,2,0,0,1,0,2,1017,89.9417959881248,123.34121199091896,201.94663900474552,125.2613079996081
21,2,0,0,2,0,2,1,120.5332020035712,79.5687070058193,154.56350999011192,80.19997799419798
36,2,0,0,4,0,2,1,96.12296099658124,111.7584149906179,275.7438880071277,103.19738399994094
18,1,0,0,0,0,0,0,38.6996699962765,97.44270400551613,196.204462001333,100.08838299836498
18,2,0,0,2,0,2,2,88.21353998791892,112.56844000308774,222.1151900012046,102.59025800041854
9,3,0,0,1,0,2,143,171.69648600975052,252.73064599605277,357.586109006661,250.057489000028
10,5,0,0,1,0,2,1346,172.22055300953798,138.16878601210192,290.3317460004473,141.87607400526758
15,7,0,0,2,0,1,12,74.57248101127334,106.69285200128797,197.55627898848616,99.61598600784782
4,2,0,0,0,0,0,1421,31.481241996516474,42.89344800054096,75.70232699799817,50.20742099441122
18,3,0,0,2,0,2,1,111.17936900700442,162.0097910054028,287.9253089922713,162.68046900222544
23,3,0,0,2,0,2,1,79.24066799751017,106.2128800112987,219.1958949988475,93.04468199843541
22,1,0,0,2,0,2,1,73.81313700170722,105.87398499774281,215.95527899626177,97.91604400379583
10,1,0,0,1,0,1,7,76.33279600122478,75.37610500003211,140.08570001169574,80.07915299094748
27,3,0,0,2,0,2,1,103.2382690027589,116.75790300068911,252.46808599331416,80.16562300326768
42,4,0,0,5,0,2,1,75.79968099889811,107.57787700276822,256.3945770089049,100.7312110014027
27,1,0,0,0,0,0,1,105.25695199612528,157.923478007433,278.59801398881245,162.73993700451683
38,1,0,0,3,0,2,1,78.85367899143603,110.56844700942747,244.84090101032052,107.29697499482427
21,2,0,0,1,0,2,1,76.28707699768711,109.20043299847748,213.53565299068578,102.80648901243694
5,0,0,0,0,0,0,11,70.77510400267784,101.97009200055618,171.00108400336467,93.7267519911984
16,1,0,0,2,0,2,0,188.15128698770422,188.32354100595694,344.98724099830724,134.73612899542786
24,1,0,0,1,0,2,1,100.78004399838392,110.979725010111,146.94983599474654,52.76293899805751
20,4,0,0,1,0,2,1,129.60687300073914,197.63127800251823,337.35284399881493,207.08047501102556
2,0,0,0,0,0,0,547,67.87660899863113,97.55985399533529,156.98712000448722,88.31685100449249
22,1,0,0,3,0,2,2,102.41207899525762,118.82705500465818,245.2279189892579,97.29348499968182
18,5,0,0,1,0,2,0,69.80443900101818,95.89846699964255,190.14543200319167,85.4501879948657
8,4,0,0,1,0,1,310,79.68765200348571,107.93845300213434,185.3098610008601,100.33072499209084
18,5,0,0,1,0,2,1,104.65303300588857,156.90767498745117,273.7140669923974,162.73694900155533
25,7,0,0,3,0,2,2,76.84566100942902,107.02231999312062,227.56053200282622,99.98032200383022
10,6,0,0,1,0,2,1475,104.92706899822224,169.73306599538773,286.2886290095048,182.1388289972674
26,4,0,0,3,0,2,0,197.5377940107137,120.66314301046077,212.01297298830468,116.83335299312603
24,1,0,0,3,0,2,0,87.89264399092644,106.19148799742106,234.94238399143796,92.83331599726807
37,2,0,0,2,0,2,1,109.32772200612817,153.08691099926364,309.114536998095,156.36162699956913
13,2,0,0,1,0,1,1,72.25476899475325,101.69420699821785,187.64324599760585,54.207542998483405
27,1,0,0,1,0,2,1,78.9271679968806,110.87962599413004,224.4675109977834,106.01135999604594
23,5,0,0,3,0,3,1,81.17130599566735,115.75774700031616,227.3450100037735,108.72396400372963
24,3,0,0,2,0,2,2,78.26877399929799,110.19335899618454,223.97331800311804,104.05513099976815
18,2,0,0,2,0,2,0,68.72575198940467,94.73518900631461,196.89522800035775,86.41159499529749
2,1,0,0,0,0,0,3629,48.04666400013957,67.48552700446453,129.89882999681868,152.07769299740903
8,4,0,0,0,0,0,958,36.45631100516766,50.895356995170005,87.5094669900136,54.22864500724245
11,4,0,0,0,0,0,1,40.00488900055643,103.5271599976113,182.9328610037919,91.69548998761456
24,2,0,0,2,0,2,1,63.268637997680344,91.57761200913228,242.32147500151768,96.27686899330001
12,5,0,0,0,0,0,0,68.77149199135602,94.40574700420257,169.71251400536858,84.89008899778128
23,4,0,0,1,0,2,1,79.68420100223739,112.45863299700432,220.83735399064608,108.1677629990736
1,1,0,0,0,0,0,5937,16.162141007953323,19.23621199966874,74.19823900272604,97.36874800000805
14,4,0,0,2,0,2,0,104.7365159902256,155.55700700497255,270.27937899401877,156.57865100365598
7,2,0,0,0,0,0,200,82.00604100420605,116.98681199050043,159.20830800314434,55.601158004719764
18,0,0,0,3,0,2,5,172.37947600369807,137.24181900033727,284.0493539988529,107.09759700694121
25,2,0,0,4,0,2,1,91.53235499979928,103.14221700537018,246.90240499330685,86.28074900479987
6,1,0,0,0,0,0,482,95.7263600139413,142.3609580087941,229.6536380017642,155.9739029908087
10,5,0,0,1,0,2,0,97.21722800168209,52.312361003714614,289.5515659911325,99.77631398942322
1,0,0,0,0,0,0,5937,8.94024501030799,10.133047006092966,38.28213999804575,45.11344800994266
14,4,0,0,2,0,2,56,84.61586199700832,110.7113509933697,214.43901800375897,102.59348500403576
11,6,0,0,1,0,2,50,181.09810398891568,116.83062200609129,299.0355880028801,108.2596089981962
12,0,0,0,0,0,0,0,72.65364300110377,106.33513200446032,183.77898799371906,98.37787499418482
24,6,0,0,2,0,2,0,40.765183002804406,55.04262800968718,163.5931589989923,107.13714100711513
23,4,0,0,1,0,2,1,79.23909201053903,114.19990700960625,220.19094201095868,108.69427199941128
24,2,0,0,3,0,2,1,95.95225400698837,103.82647700316738,232.7233719988726,93.21191800700035
22,1,0,0,2,0,2,1,42.641617998015136,55.094386989367194,111.65018499013968,50.229400003445335
8,2,0,0,0,0,0,29,75.60462401306722,108.88587900262792,182.91468199458905,100.67842199350707
18,1,0,0,0,0,0,1,72.2951180068776,104.7352099994896,186.96074699983,95.93182099342812
19,2,0,0,1,0,2,2,127.16059599188156,188.42550199769903,330.45675700122956,196.99253799626604
19,3,0,0,4,0,2,0,82.766014005756,107.44479100685567,189.10908199904952,49.18916299357079
4,1,0,0,0,0,0,755,72.79750899760984,106.18260101182386,168.9685629971791,98.15845100092702
12,7,0,0,0,0,0,0,67.9322560026776,93.80021499237046,171.0957339964807,86.43852299428545
27,5,0,0,2,0,1,1,73.89213000715245,103.29352600092534,209.52154400583822,95.52284599340055
24,1,0,0,1,0,2,1,76.39982900582254,111.6561740054749,221.0022060025949,82.0334079908207
1,0,0,0,0,0,0,2995,66.73255198984407,93.3977410022635,155.62634100206196,89.69238799181767
28,6,0,0,1,0,2,1,80.10104800632689,70.82066099974327,112.55033200723119,53.44475900346879
31,2,0,0,5,0,2,1,134.65022901073098,196.470409995527,376.9406860083109,196.44111499655992
3,3,0,0,0,0,0,5631,37.43248200044036,53.223196999169886,101.19683400262147,215.31466599844862
26,3,0,0,3,0,2,1,100.01711899531074,118.64536000939552,258.62565998977516,100.68587800196838
20,3,0,0,2,0,2,1,62.67406200640835,149.99415598867927,306.76427698927,162.1241669927258
42,4,0,0,5,0,2,1,75.38468799612019,107.50293100136332,255.4380129877245,99.40483699028846
5,3,0,0,0,0,0,2249,65.37743499211501,95.64967401092872,153.454145998694,112.95910000626463
18,1,0,0,1,0,2,1,95.12599300069269,104.13330000301357,220.54891999869142,97.61861900915392
11,4,0,0,1,0,2,6,187.9446129896678,109.18922799464781,297.7202030015178,100.17874400364235
20,5,0,0,1,0,2,1,77.6742799935164,110.69082299945876,215.67359499749728,106.83972900733352
32,2,0,0,2,0,2,1,50.291494000703096,53.78736600687262,223.68095099227503,96.41554299741983
36,3,0,0,6,0,2,1,95.91722299228422,111.84775701258332,276.33713599061593,103.3749979978893
13,2,0,0,1,0,2,1,53.91227600921411,73.56260699452832,136.73782401019707,78.47390299139079
11,1,0,0,0,0,0,1,75.38744399789721,106.32602499390487,188.30592000449542,100.08873000333551
48,1,0,0,1,0,2,0,99.41414199420251,103.38340699672699,266.36580599006265,95.6336450035451
18,7,0,0,1,0,2,0,68.94267800089438,95.36788299737964,188.218034003512,84.74993600975722
14,1,0,0,1,0,2,223,94.61389500938822,115.06045100395568,217.0703739975579,110.4194890067447
10,1,0,0,0,0,0,65,72.24163100181613,102.06073100562207,178.27892499917652,95.5697369936388
10,2,0,0,1,0,2,0,154.57729100307915,105.50318800960667,236.306262013386,47.56246900069527
16,1,0,0,1,0,2,0,94.08131899544969,108.90876701159868,224.56560398859438,101.76230200158898
20,4,0,0,1,0,2,1,87.42238600098062,111.88457100070082,221.70370700769126,104.29550799017306
19,2,0,0,1,0,2,1,61.79202800558414,74.74073700723238,229.9808999960078,158.45671099668834
16,3,0,0,2,0,2,509,108.56612998759374,130.86761100566946,240.97911300486885,123.29955100722145
3,2,0,0,0,0,0,0,99.45365900057368,150.050647003809,234.4626770063769,149.1028509917669
14,0,0,0,1,0,1,1,50.4367999965325,100.41420000197832,196.8841269990662,103.15416200319305
1,0,0,0,0,0,0,5937,17.048270005034283,20.62825699977111,74.50832799077034,91.77974000340328
24,3,0,0,2,0,2,1,121.50130500958767,97.19526399567258,155.8642809977755,80.48624500224832
20,4,0,0,2,0,2,1,99.47655300493352,112.12040200189222,236.14728199027013,105.88683099194895
13,1,0,0,2,0,2,7,68.68930799828377,85.27630999742541,206.80097199510783,102.47557099501137
9,6,0,0,0,0,0,480,119.92476700106636,185.48144900705665,287.0381359971361,205.77555299678352
5,0,0,0,0,0,0,148,71.50390799506567,99.20238099584822,168.5724080016371,90.02326600602828
9,6,0,0,0,0,0,0,127.68223599414341,194.108192998101,308.9671229972737,203.32107100693975
29,3,0,0,3,0,2,1,84.62493399565574,113.30180199001916,238.843116996577,106.36181400332134
26,3,0,0,3,0,2,1,98.58089400222525,119.53171399363782,254.30639000842348,104.15067400026601
10,5,0,0,1,0,2,1065,87.68332099134568,83.5067840089323,146.60165399254765,92.44119499635417
39,1,0,0,6,0,2,1,99.57651200238615,116.1657339980593,273.6795800010441,96.91574600583408
13,1,0,0,0,0,0,1,106.57892600283958,159.1475979948882,265.22953099629376,164.41122900869232
15,3,0,0,2,0,2,1,98.8404969975818,104.39562100509647,201.8030730105238,48.30308900272939
4,4,0,0,0,0,0,5074,59.0371430007508,84.70058698731009,126.78715599759016,245.5183779966319
8,2,0,0,1,0,2,106,152.4612189969048,159.3721370009007,239.81504498806316,142.11010398867074
3,2,0,0,0,0,0,3594,54.24135499924887,76.83620200259611,136.12536099390127,124.24295399978291
18,2,0,0,0,0,0,0,75.0178309972398,105.56109101162292,164.51176199188922,90.91431999695487
24,1,0,0,3,0,3,2,76.83732100122143,105.89123000681866,228.94169499340933,55.586649003089406
25,1,0,0,3,0,3,1,77.78963701275643,106.73409599985462,226.01699599181302,93.02594099426642
33,1,0,0,3,0,4,1,104.85252900980413,160.62364500248805,319.7325719957007,163.77454200119246
8,2,0,0,0,0,0,381,37.31484099989757,51.762943985522725,121.3939020090038,76.58217300195247
18,2,0,0,1,0,2,1,100.19127200939693,103.37135400914121,228.00687100971118,97.5471319979988
28,7,0,0,3,0,2,2,131.30983799055684,137.86616799188778,326.8691450066399,205.84988300106488
24,4,0,0,3,0,2,3,100.90440198837314,121.70375599816907,253.3274599991273,103.35224700975232
27,2,0,0,2,0,2,1,84.61304398952052,114.2786319978768,240.3075180045562,108.02554700057954
3,1,0,0,0,0,0,91,42.81163000268862,101.29916100413539,167.10995299217757,94.47714099951554
24,1,0,0,2,0,2,1,99.76352499506902,104.1371600003913,239.58324099658057,96.85811500821728
7,2,0,0,0,0,0,15,52.079452987527475,73.68352700723335,124.14298800285906,77.72640300390776
14,1,0,0,1,0,2,295,94.48557399446145,116.18998600170016,217.96409699891228,113.25316299917176
13,2,0,0,2,0,2,172,191.5671800088603,182.14644100225996,319.9829340010183,187.48671299545094
20,4,0,0,2,0,2,1,97.92478100280277,112.90213699976448,236.64525798812974,104.65311000007205
16,1,0,0,2,0,2,1,190.1319210010115,180.90927800221834,347.9682829929516,160.56928900070488
22,2,0,0,0,0,0,1,73.302828008309,108.63600499578752,201.10249500430655,101.1220520013012
28,5,0,0,1,0,2,1,79.8645739996573,112.15725100191776,225.44440100318752,106.26825399231166
13,2,0,0,1,0,2,1,46.60236799099948,72.43813900277019,210.80743700440507,95.50503100035712
17,2,0,0,2,0,2,4,77.05380099650938,51.99923699547071,188.1397340039257,100.54113400110509
27,4,0,0,2,0,1,1,38.10291500121821,51.01716199715156,104.61018000205513,48.23929601116106
28,6,0,0,1,0,2,1,107.16520699497778,159.6224759996403,297.5181310030166,164.9265279993415
23,0,0,0,2,0,2,0,100.49548000097275,103.55753400654066,243.27217901009135,96.9024540099781
19,4,0,0,3,0,2,4,90.10251800646074,110.91883799235802,231.70234900317155,98.98712500580586
19,1,0,0,2,0,2,1,72.12632599112112,101.96223099774215,208.71442199859302,95.05574399372563
17,2,0,0,2,0,2,2,86.28026100632269,109.23077201005071,218.06174900848418,103.71338100230787
22,2,0,0,0,0,0,1,77.20533601241186,90.8492440066766,134.68807100434788,106.38376799761318
18,1,0,0,1,0,2,1,95.06849400349893,112.95529799826909,223.15796600014437,103.82735499297269
22,7,0,0,1,0,2,1,77.60462199803442,106.5650100063067,210.66055800474714,75.06671499868389
9,2,0,0,2,0,1,0,119.34781500895042,109.9662350025028,187.93311199988239,95.19734400964808
24,1,0,0,2,0,3,1,72.67138099996373,102.06986601406243,209.32109300338197,93.91838799638208
17,0,0,0,1,0,2,7,99.3045569921378,105.52694099897053,160.07452199119143,49.712421008734964
22,1,0,0,2,0,3,1,109.60261001309846,164.06373999780044,297.78397899644915,167.28790100023616
10,6,0,0,0,0,0,38,88.53241801261902,139.69218700367492,248.35683799756225,251.9022039923584
23,1,0,0,2,0,2,1,125.86897501023486,160.18646299198736,303.8089249894256,160.63381999265403
24,1,0,0,2,0,4,1,84.51523499388713,118.32233901077416,233.6909440055024,120.16643599781673
28,10,0,0,3,0,2,2,150.80500399926677,231.3961399922846,408.62517000641674,236.8226589896949
26,1,0,0,2,0,2,1,77.77021299989428,84.75211400946137,111.56262300210074,52.08448099438101
14,4,0,0,1,0,2,1,119.96174800151493,156.07058300520293,294.3278320017271,158.93483700347133
14,1,0,0,0,0,0,1,39.23918500368018,64.62425200152211,195.18307399994228,104.7798820072785
15,4,0,0,1,0,1,1,71.35786800063215,102.03202799311839,189.29002300137654,94.75723899959121
1,0,0,0,0,0,0,5937,16.94759000383783,20.076874003279954,73.02459800848737,91.40848400420509
31,3,0,0,4,0,2,1,55.317682010354474,60.60942300246097,141.53062699188013,54.79332301183604
19,2,0,0,2,0,4,1,80.30350400076713,110.96903801080771,219.58570899732877,103.39336200559046
6,3,0,0,0,0,0,0,145.22540399048012,221.69886199117173,345.64885099825915,231.66975399362855
28,2,0,0,3,0,2,1,128.36409799638204,169.0361970104277,324.8325359891169,163.00487899570726
17,4,0,0,1,0,2,1,103.28843200113624,153.46064801269677,272.0457789982902,156.54470000299625
8,0,0,0,0,0,0,941,70.63752198882867,102.45863599993754,170.7696980010951,104.76209300395567
14,9,0,0,1,0,2,5,186.65279599372298,256.7833859939128,402.3829990037484,253.96138400537893
32,1,0,0,3,0,2,1,99.58649000327569,108.08349700528197,260.48098600585945,98.54349298984744
11,3,0,0,1,0,2,5,120.2802280022297,177.8037689946359,287.42821399646346,175.90569499589037
1,0,0,0,0,0,0,508,67.68856199050788,95.56665999116376,145.0029289990198,43.9366389909992
9,2,0,0,2,0,1,0,61.43460299063008,56.35406500368845,183.94795199856162,97.47696098929737
3,3,0,0,0,0,0,5631,38.30152499722317,52.67984799866099,101.81912600819487,215.76248000201304
27,1,0,0,3,0,2,1,97.08238601160701,113.63455800164957,250.26649300707504,104.43490999750793
14,6,0,0,2,0,1,13,75.37698700616602,105.4353930085199,194.38165199244395,99.13353800948244
38,1,0,0,4,0,3,1,100.4239790054271,104.88609700405505,271.2451709958259,95.47338899574243
9,2,0,0,0,0,0,16,57.657826007925905,79.36024300579447,146.79166200221516,86.47206198656932
28,4,0,0,1,0,2,1,78.97860099910758,111.01128699374385,225.00408299674746,106.72987799625844
29,2,0,0,3,0,2,1,56.702464004047215,110.53105900646187,284.0687019925099,154.8241849959595
16,1,0,0,1,0,1,3,82.97885999490973,112.42487900017295,206.45182899897918,106.1619590036571
24,4,0,0,2,0,2,2,82.90292900346685,109.83359700185247,229.84237800119445,99.80655199615285
3,0,0,0,0,0,0,239,34.0005559992278,46.86793699511327,80.56754100834951,42.6193349994719
1,1,0,0,0,0,0,5937,16.297508002026007,19.14758099883329,73.74532900576014,99.89234700333327
17,3,0,0,0,0,0,1,77.05669799179304,107.82381899480242,195.93253299535718,104.90064599434845
12,1,0,0,1,0,2,457,176.8507429951569,171.3148519920651,327.30978599283844,179.55081099353265
3,1,0,0,0,0,0,0,67.75246700271964,94.90638299030252,159.88807000394445,74.26560699241236
16,4,0,0,0,0,0,2,75.55400500132237,105.83575400232803,188.98360201274045,95.4702669987455
26,2,0,0,2,0,2,1,99.94064999045804,112.35847900388762,253.06604600336868,104.91752700181678
23,5,0,0,3,0,2,5,135.53871800831985,166.99784599768464,328.9362780051306,157.41811999760102
10,4,0,0,0,0,0,235,76.50705499690957,107.52621399296913,186.78255600389093,106.25074298877735
6,0,0,0,0,0,0,68,73.46063599106856,102.34993499761913,174.9501720041735,98.05246000178158
19,1,0,0,3,0,2,1,40.48191000765655,52.00423799396958,110.76668299210723,49.09970800508745
8,4,0,0,1,0,2,2544,152.04909699968994,205.7909420109354,260.34404899110086,228.89328098972328
3,1,0,0,0,0,0,2679,50.68246999871917,73.72622699767817,130.13830500131007,98.08215200609993
23,1,0,0,2,0,2,1,99.03051100263838,110.59918600949459,244.38203999307007,103.4780260088155
22,3,0,0,0,0,0,1,75.74855799612124,107.47238500334788,203.42803200765047,100.43742299603764
15,0,0,0,2,0,1,0,71.6668370005209,103.43749199819285,194.59936900238972,95.01137300685514
17,2,0,0,0,0,0,1,76.61387800180819,109.35797700949479,200.21270400320645,104.17476500151679
22,7,0,0,1,0,2,1,69.758693993208,133.8375570048811,351.3220629974967,210.9790679969592
33,1,0,0,1,0,2,1,76.29095501033589,110.12371399556287,229.1990419907961,104.66833699319977
18,2,0,0,1,0,2,4,81.64272099384107,51.67440099467058,135.77548500325065,78.40943099290598
18,3,0,0,1,0,2,1,105.80903200025205,156.73527600301895,239.94119399867486,82.89090399921406
10,1,0,0,0,0,0,212,75.36026099114679,108.73636399628595,185.29168001259677,103.94665600324515
13,2,0,0,2,0,2,177,102.2645959892543,123.73478499648627,207.94476600713097,55.78034899372142
22,2,0,0,0,0,0,0,75.78080300299916,105.94764199049678,201.37130400689784,99.70850900572259
28,8,0,0,3,0,2,0,76.80340899969451,77.17242599755991,171.98690499935765,104.42313199746422
7,5,0,0,0,0,0,2358,71.60231900343206,104.7315100004198,162.93928300729021,124.71552600618452
20,1,0,0,2,0,2,3,100.88368099241052,118.632682992029,241.27003099420108,102.51234700263012
20,5,0,0,2,0,2,1,179.50570800167043,190.7033559982665,347.10155699576717,187.43920799170155
10,2,0,0,1,0,2,1107,47.04907099949196,62.44030600646511,103.5668109980179,61.62300299911294
7,1,0,0,0,0,0,0,73.7051780015463,103.55657601030543,177.6382719981484,95.9485589992255
14,5,0,0,1,0,2,1,107.56784699333366,152.44924000580795,271.32106499630027,155.86047600663733
11,4,0,0,1,0,2,0,185.80714000563603,117.07789399952162,190.26243400003295,104.47935899719596
5,3,0,0,0,0,0,2835,100.89542200148571,154.87239899812266,222.87717800645623,166.9933039956959
7,0,0,0,0,0,0,29,73.34673800505698,102.54653100855649,176.64351299754344,95.42431600857526
17,1,0,0,2,0,2,5,183.04323600023054,157.99309400608763,345.82071799377445,165.02135701011866
8,2,0,0,0,0,0,381,73.74994301062543,105.00851699907798,152.562597009819,52.40955500630662
5,3,0,0,0,0,0,1896,54.90703599934932,78.45972100039944,143.93399200343993,234.17766799684614
10,5,0,0,1,0,2,1065,170.497550003347,137.94075799523853,280.68447699479293,138.66305899864528
7,2,0,0,0,0,0,200,82.10709500417579,115.17950899724383,191.99357900652103,111.37266100558918
30,3,0,0,2,0,2,1,104.96231500292197,156.33896899817046,298.8446249946719,160.42860799643677
12,1,0,0,1,0,2,12,152.50087299500592,106.9365290022688,246.3250760047231,100.66044099221472
18,2,0,0,2,0,2,65,109.91948599985335,156.39120001287665,285.11054000409786,159.81702499266248
32,1,0,0,4,0,2,1,51.31025399896316,58.3002880011918,139.14690000819974,51.173062005545944
16,2,0,0,1,0,1,3,48.395097997854464,110.93134200200438,208.18815899838228,106.7783439939376
26,4,0,0,3,0,2,1,97.99137599475216,120.57017999177333,256.29406499501783,101.86504499870352
24,3,0,0,3,0,2,1,98.32414999254979,105.20297700713854,236.35527800070122,94.66439700918272
2,1,0,0,0,0,0,0,67.01712500944268,94.36569499666803,156.72229298797902,87.4601179966703
2,1,0,0,0,0,0,0,67.49960299930535,93.67530900635757,156.9738270045491,87.7456699963659
22,0,0,0,2,0,2,0,82.39816800050903,107.66942099144217,225.92409800563473,98.76734799763653
19,2,0,0,2,0,2,2,51.8081810005242,58.52307000895962,122.34157700731885,89.55601400521118
11,5,0,0,1,0,1,0,105.32438599329907,155.80083899840247,265.23770499625243,162.0888719917275
27,2,0,0,3,0,2,1,82.76018500328064,100.46349599724635,120.95840700203553,49.733362000552006
29,2,0,0,2,0,2,2,78.23550500324927,111.97548899508547,226.39362000336405,105.83280799619388
19,1,0,0,0,0,0,1,76.21162000577897,108.8084930088371,200.09082699834835,103.8709429994924
7,2,0,0,0,0,0,16,37.47335799562279,51.99183800141327,99.66322800028138,49.41965600301046
25,8,0,0,3,0,2,2,76.92962400324177,107.92454499460291,226.48083200328983,98.59247900021728
27,3,0,0,2,0,2,1,186.4218639966566,179.0486370009603,365.7678029994713,159.6320340031525
27,1,0,0,3,0,2,1,99.31105600844603,106.15113300445955,244.15478999435436,95.50432300602552
16,1,0,0,1,0,2,1,98.82445400580764,103.27209100069012,169.59136199147906,47.87181699066423
28,9,0,0,3,0,2,2,131.63440700736828,198.4585329919355,365.2419669961091,203.77772700157948
21,3,0,0,1,0,2,0,76.20897098968271,111.02961598953698,217.42757099855226,106.32891100249253
4,0,0,0,0,0,0,118,72.37162499222904,103.46751500037499,172.3484130052384,94.55083300417755
24,3,0,0,2,0,2,1,106.56065799412318,122.99171800259501,245.70682999910787,104.86161899461877
19,6,0,0,1,0,2,1,136.40460598981008,200.05804899847135,344.89439200842753,211.8209129985189
28,3,0,0,3,0,2,1,65.23834599647671,112.42288499488495,158.10435300227255,52.71093400369864
26,1,0,0,3,0,2,1,51.07025400502607,59.553272993071005,185.58661198767368,107.48057800810784
26,4,0,0,3,0,2,1,100.6091510062106,119.47200298891403,259.91420399805065,105.42633399018086
10,2,0,0,1,0,2,93,185.0255950121209,245.906815995113,318.9368080056738,209.73427999706473
36,2,0,0,4,0,3,1,101.26524500083178,120.81677198875695,281.3050840049982,103.69523099507205
32,2,0,0,3,0,2,1,75.92780899722129,104.85219200199936,235.05417800333817,98.52626700012479
9,0,0,0,1,0,2,1325,140.71848099411,155.97612799319904,241.32875200302806,147.04875300230924
15,3,0,0,2,0,1,0,57.88798601133749,50.50687299808487,121.57024499902036,47.95689998718444
10,5,0,0,1,0,2,1846,154.3476759979967,205.152344002272,210.692125998321,226.61457500362303
1,0,0,0,0,0,0,0,67.37962600891478,95.67942700232379,157.6707149943104,86.19805698981509
11,0,0,0,1,0,2,0,75.76204500219319,56.747059992630966,211.80194499902427,97.99070000008214
13,1,0,0,2,0,2,11,86.71588001016062,104.21547800069675,202.98722600273322,94.5466330013005
19,1,0,0,2,0,2,2,81.1268649995327,110.7521399972029,202.642215997912,53.77006200433243
20,2,0,0,1,0,2,1,51.18140899867285,50.845994002884254,153.209384996444,98.37082000740338
10,6,0,0,1,0,2,1475,181.15055999078322,174.21453600400127,305.6319210008951,133.00013900152408
23,3,0,0,3,0,3,0,75.24610401014797,106.27987599582411,220.20401600457262,100.71645100833848
3,3,0,0,0,0,0,5631,37.621759009198286,52.921255002729595,156.89282199309673,216.546448005829
28,7,0,0,3,0,2,0,132.2814150043996,198.44623100652825,362.6375689927954,207.3402999958489
26,3,0,0,2,0,2,1,102.85640999791212,119.01252300594933,259.7051910124719,105.81264700158499
24,3,0,0,1,0,1,1,77.91748701129109,111.83407799398992,213.7968470051419,105.86808700463735
6,3,0,0,0,0,0,204,41.78686600062065,56.46984300983604,136.2867260031635,107.54221999377478
1,1,0,0,0,0,0,5937,16.174087999388576,18.72831699438393,74.22358299663756,114.7140460088849
20,3,0,0,1,0,2,2,85.92659700661898,107.61444699892309,218.3692590042483,102.42915099661332
10,2,0,0,1,0,2,1325,165.55042999971192,192.8900769999018,148.9967529923888,113.24826099735219
28,5,0,0,1,0,2,1,78.8565800030483,112.31180300819688,224.2831840121653,107.80903599516023
2,2,0,0,0,0,0,5771,26.963716998579912,35.880677998648025,88.01658899756148,172.75180699652992
27,0,0,0,5,0,2,0,73.59936099965125,104.72870399826206,233.06369099009316,100.6946019915631
23,3,0,0,2,0,2,4,98.86211300909054,117.45172199152876,242.70851101027802,103.80799000267871
17,0,0,0,1,0,2,35,75.5071070016129,107.55760699976236,204.88892099820077,101.26251699693967
22,3,0,0,2,0,2,5,51.943699014373124,52.871424006298184,122.63385599362664,48.3855839993339
28,2,0,0,3,0,2,1,105.0555279944092,156.24791200389154,301.11224298889283,163.60430800705217
13,5,0,0,1,0,1,67,109.01382500014734,158.30673500022385,264.45286400849,164.8568289965624
28,9,0,0,3,0,2,1,80.84123600565363,115.36338500445709,241.801469004713,107.82402299810201
19,2,0,0,4,0,2,0,43.41353100608103,52.790950998314656,111.38694899273105,48.446646993397735
26,3,0,0,3,0,2,1,99.31666600459721,119.74582300172187,256.58740900689736,102.0866990002105
22,1,0,0,2,0,2,1,76.74732299346942,108.8049649988534,217.53641299437732,100.46532399428543
30,1,0,0,5,0,3,1,98.80510599759873,119.8678920045495,273.51452599396,102.5178859999869
24,3,0,0,3,0,2,1,181.2306920037372,158.9194940024754,350.57346100802533,156.29979499499314
22,2,0,0,0,0,0,1,75.91145500191487,106.30967000906821,198.67174699902534,102.0507630018983
9,3,0,0,2,0,2,397,167.2969779901905,139.04686098976526,249.23591199330986,130.28907500847708
10,3,0,0,0,0,0,16,104.4337089988403,157.50112899695523,257.73368700174615,160.79475200967863
19,2,0,0,1,0,2,1,60.68583199521527,75.43561099737417,148.12592198722996,111.71936999016907
4,1,0,0,0,0,0,486,69.56473100581206,99.01683499629144,164.73224299261346,92.60857899789698
20,1,0,0,0,0,0,1,106.36762199283112,157.17088300152682,271.498779009562,163.35407599399332
21,1,0,0,2,0,2,1,95.90492899587844,108.41054200136568,239.16915401059669,102.21975100284908
10,2,0,0,1,0,2,93,179.73926599370316,245.14096599887125,317.87684200389776,208.78651201201137
5,1,0,0,0,0,0,401,88.14541400352027,73.34386699949391,119.83002501074225,79.495012992993
26,2,0,0,0,0,0,1,78.37316500081215,110.90507698827423,212.06623000034597,105.31034099403769
17,2,0,0,0,0,0,1,75.15914799296297,107.18018599436618,192.68919200112578,99.6193159953691
21,1,0,0,2,0,2,1,75.03615001041908,103.47549000289291,209.02514399494976,94.77004899235908
30,1,0,0,2,0,2,1,95.16061701287981,113.14694900647737,238.2251959934365,103.20559701358434
30,2,0,0,2,0,2,1,94.43960001226515,112.09662600595038,166.03314400708769,57.140978999086656
15,5,0,0,1,0,1,1,74.10267098748591,103.10149200086016,187.59681600204203,95.56842100573704
11,1,0,0,1,0,2,834,89.89089399983641,125.88830798631534,207.19494600780308,127.14099099684972
42,2,0,0,5,0,2,1,39.159861000371166,52.01044799468946,194.76632599253207,96.61339300510008
22,2,0,0,0,0,0,1,77.19553900824394,111.21175000153016,207.57564999803435,105.75705100200139
12,4,0,0,0,0,0,69,78.72543099801987,111.72907499712892,194.615694010281,106.31894999823999
27,1,0,0,3,0,2,1,75.36366400017869,103.38596500514541,227.22267100471072,96.7096819949802
31,1,0,0,4,0,2,1,69.59140999242663,57.20123500213958,137.300915986998,48.12395799672231
18,1,0,0,0,0,0,1,78.33435099746566,111.74218000087421,202.26238199393265,105.5912379961228
7,2,0,0,0,0,0,1639,91.71278099529445,137.00841199897695,210.68792100413702,86.7976430017734
4,1,0,0,0,0,0,755,73.605546989711,105.43452999263536,170.13846700137947,96.53681599593256
15,2,0,0,2,0,2,5,88.45187700353563,113.8757979933871,218.0663250037469,109.31897300179116
25,7,0,0,1,0,2,2,42.87157799990382,55.18907400255557,113.43054399185348,53.548120995401405
20,4,0,0,2,0,2,1,98.19194300507661,155.031742004212,307.48364099417813,159.9636580067454
26,2,0,0,3,0,2,1,104.13117600546684,117.76527800248004,259.25613100116607,96.58520898665302
20,5,0,0,2,0,2,1,183.5081189929042,191.75140600418672,347.63910400215536,187.4646619980922
24,6,0,0,3,0,2,19,113.54078100703191,128.19533700530883,259.98172399704345,106.85285700310487
22,5,0,0,0,0,0,1,78.49601199268363,112.40029500913806,207.7218409976922,105.71497099590488
1,0,0,0,0,0,0,5937,17.368161992635578,20.490198992774822,75.24747599381953,90.2434369927505
24,1,0,0,2,0,2,1,83.55814499373082,111.67949200898875,235.3348689939594,106.30552799557336
19,3,0,0,2,0,4,1,80.26128099299967,111.10134099726565,220.13205899565946,101.9028110022191
15,2,0,0,1,0,1,1,79.04667701222934,111.52981000486761,203.24307099508587,106.72747399075888
17,4,0,0,0,0,0,1,39.407534000929445,52.96515199006535,98.95960900757927,51.368286993238144
25,5,0,0,1,0,2,1,83.98189800209366,113.30263399577234,227.25299399462529,109.24873400654178
4,2,0,0,0,0,0,860,37.47796300740447,51.57626899017487,87.0144209911814,50.14330698759295
12,2,0,0,0,0,0,0,73.62297199142631,105.99308800010476,188.84426000295207,99.01565899781417
23,5,0,0,3,0,2,2,76.0029530065367,106.55169399979059,223.8261269958457,98.99360299459659
16,1,0,0,1,0,2,2,96.24585199344438,110.43450199940708,226.1033770046197,104.3619940028293
22,1,0,0,2,0,2,1,96.60815198731143,118.12591599300504,239.5818369986955,113.52184400311671
19,2,0,0,3,0,2,1,96.11528000095859,107.46939199452754,237.65242399531417,101.21836001053452
17,2,0,0,3,0,2,0,98.58823999820743,150.72925099229906,271.2219029926928,147.7306180022424
4,1,0,0,0,0,0,2337,36.8332560028648,51.752826999290846,87.84618700155988,80.40374200209044
37,3,0,0,4,0,2,0,103.73630600224715,123.60705700120889,262.60636998631526,103.2389550091466
1,0,0,0,0,0,0,5937,8.865816998877563,9.904588005156256,37.829079999937676,44.987631001276895
1,1,0,0,0,0,0,5937,16.46038400940597,19.51673999428749,72.35420399229042,112.93343399302103
20,2,0,0,2,0,1,1,110.09769300289918,157.88358000281733,284.12581600423437,162.0250260020839
11,3,0,0,1,0,2,10,171.292559010908,191.8360150011722,352.9354939964833,172.78283099585678
8,0,0,0,1,0,2,17,76.55053400958423,105.22921200026758,186.11975100066047,95.09445399453398
22,2,0,0,0,0,0,1,75.77483900240622,108.23886799335014,205.6883059995016,104.73659099079669
24,2,0,0,1,0,1,1,80.3449420054676,112.58769799314905,215.46999100246467,104.89611299999524
3,2,0,0,0,0,0,0,123.32633799815085,189.7392899991246,292.49965499911923,197.64384601148777
28,8,0,0,3,0,2,1,79.02082600048743,111.73754199990071,239.34497899608687,107.35260699584614
17,2,0,0,2,0,2,1,50.775950992829166,53.70773799950257,119.05098499846645,51.653914008056745
23,0,0,0,2,0,2,0,71.82368099165615,102.50408899446484,214.0892590105068,96.01785200356971
18,0,0,0,1,0,2,9,95.49113501270767,109.56747298769187,228.53430500254035,103.6614299955545
38,2,0,0,6,0,2,1,97.78391000872944,106.40107600193005,287.5985290011158,97.8926680108998
20,1,0,0,0,0,0,1,40.29346999595873,54.45442099880893,102.5904830021318,54.08191699825693
14,1,0,0,1,0,2,206,80.72443200217094,113.98610001197085,207.32380800473038,111.45191801188048
21,8,0,0,1,0,2,0,104.82362999755424,166.38934900402091,303.26595599763095,171.4864069945179
30,1,0,0,3,0,3,1,76.4083060057601,109.07995399611536,238.9664349902887,104.00586600007955
29,0,0,0,4,0,2,0,68.43812900478952,95.18748600385152,222.93252000235952,85.05429400247522
21,2,0,0,1,0,2,1,94.42525899794418,107.79467200336512,230.07662799500395,103.97395699692424
6,2,0,0,0,0,0,24,40.282579997438006,53.40751000039745,92.51295200374443,77.07683199259918
7,6,0,0,0,0,0,1431,169.14527399057988,264.1910899983486,371.3308370060986,268.6352549935691
42,5,0,0,5,0,2,1,75.87519200751558,107.20170999411494,258.08162600151263,100.96559500379954
1,1,0,0,0,0,0,5937,16.20083299349062,19.098609991488047,73.1675919960253,113.3236180030508
23,2,0,0,1,0,2,1,79.44031299848575,112.08232100761961,216.99738499592058,106.75370400713291
10,4,0,0,1,0,2,0,143.3143519971054,221.7202809988521,355.94182899512816,229.23721899860539
22,4,0,0,2,0,2,1,79.12505300191697,110.01856499933638,218.6101260012947,106.40124599740375
10,2,0,0,0,0,0,2,53.36165300104767,76.31481099815574,131.2513150041923,82.22914600628428
14,2,0,0,1,0,2,0,100.36155200214125,150.6728920066962,263.4108450001804,153.10421299363952
4,2,0,0,0,0,0,1630,66.26760499784723,48.9050719916122,82.3936499946285,50.179550002212636
20,6,0,0,2,0,1,0,106.37948999647051,155.29947899631225,281.84671899362,161.9922909885645
28,1,0,0,3,0,2,1,78.82949399936479,109.83749000297394,235.75831500056665,105.27131099661347
10,5,0,0,0,0,0,235,102.79407999769319,151.27500699600205,247.7057489886647,164.05855400080327
3,1,0,0,0,0,0,0,70.14388400421012,100.93214600055944,167.23338700830936,93.35897800337989
23,1,0,0,3,0,2,1,99.87097200064454,117.53404900082387,247.12168099358678,100.22235799988266
14,0,0,0,0,0,0,7,76.65736900526099,109.05361600453034,188.82066800142638,102.35963299055584
20,1,0,0,1,0,2,0,68.23010499647353,101.77355799532961,206.12863199494313,93.12916899216361
16,3,0,0,1,0,2,0,52.472884010057896,55.18285000289325,117.72186800953932,52.63049100176431
25,3,0,0,1,0,2,1,83.59024100354873,111.17068699968513,224.21203000703827,106.27123700396623
28,2,0,0,5,0,2,1,94.91089099901728,112.65478900168091,259.49266500538215,104.55754298891407
23,2,0,0,3,0,2,2,102.53181699954439,119.18379701091908,245.85905599815305,97.91587399377022
22,2,0,0,2,0,3,1,84.57848099351395,113.42168299597688,227.21512700081803,105.39560200413689
33,3,0,0,5,0,2,1,98.72530899883714,104.02900198823772,262.09011100581847,94.94939100113697
25,3,0,0,1,0,2,1,83.62150499306154,110.3068410011474,224.03782200126443,107.41925200272817
15,2,0,0,0,0,0,17,53.458708003745414,107.43234399706125,133.35849899158347,83.04752000549342
23,1,0,0,2,0,3,1,79.59133200347424,113.500452003791,224.01710499252658,108.44309200183488
24,4,0,0,1,0,2,1,42.187914994428866,110.56056300003547,223.4984739916399,111.40844099281821
13,4,0,0,2,0,2,0,104.44726800778881,152.76249499584083,268.9675330038881,158.0078440019861
23,1,0,0,2,0,2,0,75.11243599583395,107.22867200092878,214.5109939883696,99.79356599797029
4,2,0,0,0,0,0,1911,88.04824099934194,131.67322300432716,209.46738400380127,202.91125700168777
24,2,0,0,2,0,2,1,53.79125100444071,60.90491299983114,125.54634100524709,101.4210319990525
18,1,0,0,1,0,2,1,99.21348700299859,103.26008599076886,181.06682298821397,47.94183599005919
23,6,0,0,3,0,2,5,134.84667500597425,168.27146099240053,325.6362809916027,158.01079000812024
10,2,0,0,1,0,2,93,177.92741699668113,245.38704899896402,320.7123869942734,211.02531399810687
32,1,0,0,2,0,2,1,83.98849099467043,109.85335400619078,240.0531220046105,98.96067398949526
22,1,0,0,3,0,2,2,97.57575699768495,120.2393419953296,258.91153900010977,107.83867500140332
26,2,0,0,2,0,2,1,52.286981997895055,55.81594600516837,129.64556200313382,52.94990900438279
17,1,0,0,1,0,2,1,76.54210500186309,103.88862299441826,199.66970600944478,95.72997799841687
10,4,0,0,1,0,2,50,177.87615899578668,90.18918299989309,302.3619440064067,98.74483800376765
27,1,0,0,2,0,1,1,77.77563499985263,110.9154169971589,217.58108399808407,104.93296300410293
8,1,0,0,0,0,0,941,70.9069919976173,103.18659599579405,172.7948890038533,106.12568400392774
15,0,0,0,2,0,2,310,103.76617600559257,120.79108699981589,233.94081101287156,116.18035699939355
13,0,0,0,1,0,2,21,89.95750999019947,109.45815399463754,212.41540300252382,102.31760900933295
12,1,0,0,1,0,2,0,155.16674199898262,99.81706598773599,277.80047699343413,93.70752399263438
22,1,0,0,2,0,2,4,101.62196299643256,86.18499898875598,124.20447000476997,48.832336004124954
1,0,0,0,0,0,0,5937,17.35826199001167,19.742705990211107,73.90128400584217,90.31138800492045
28,4,0,0,1,0,2,1,108.28971699811518,161.06098299496807,291.63455999514554,166.58685500442516
3,3,0,0,0,0,0,5631,20.22713900078088,26.72506200906355,51.353841001400724,110.14431199873798
13,5,0,0,2,0,1,16,54.135736005264334,99.86739500891417,270.1179499999853,164.70236799796112
21,2,0,0,2,0,2,1,101.35625500697643,117.90313299570698,237.3891229945002,96.44068000488915
11,0,0,0,1,0,2,1,76.53356000082567,104.87027199997101,187.24757499876432,74.17446000908967
23,1,0,0,4,0,2,12,99.8775669868337,120.78256800305098,251.9141320080962,103.62160899967421
22,2,0,0,3,0,2,2,104.39312699600123,117.95567900117021,247.33204700169154,97.18392200011294
6,0,0,0,1,0,2,44,155.14659500331618,208.0924239999149,191.97691199951805,144.55969601112884
24,5,0,0,3,0,2,3,149.32576499995776,204.38190399727318,378.9419410022674,205.14907999313436
20,2,0,0,0,0,0,1,39.60084498976357,54.33278800046537,188.35281000065152,107.48557999613695
28,4,0,0,2,0,3,1,43.299466007738374,55.52235299546737,119.19955399935134,54.11401600576937
19,1,0,0,1,0,2,4,51.109378997352906,117.60281400347594,219.63281100033782,110.24419800378382
18,4,0,0,1,0,2,5,111.4226450008573,164.67725600523409,284.89950399671216,166.60452100040857
30,1,0,0,3,0,3,1,79.12505298736505,111.6585470008431,235.162589000538,105.14599099406041
10,2,0,0,0,0,0,1,104.99786199943628,154.78913200786337,256.02429900027346,161.25009099778254
25,4,0,0,1,0,2,1,83.44814799784217,111.81843699887395,225.40964500512928,106.85182799352333
27,1,0,0,3,0,2,1,183.73584499931894,158.29626099730376,369.820414998685,163.9185429958161
23,1,0,0,2,0,2,1,74.96513899241108,109.01347700564656,214.0044860134367,100.72013099852484
14,1,0,0,0,0,0,1,39.174933001049794,52.67056300363038,161.93501000816468,100.13194799830671
11,0,0,0,1,0,2,12,98.89296800247394,105.70294001081493,197.48519100539852,48.361066001234576
2,0,0,0,0,0,0,3629,39.468449002015404,53.24704899976496,109.07537800085265,97.47219999553636
24,2,0,0,3,0,2,1,101.52576900145505,119.68693599919789,249.98897999466863,103.38858100294601
20,3,0,0,1,0,2,1,99.27576899644919,105.10021100344602,223.33075999631546,98.40542000893038
20,6,0,0,2,0,1,1,73.47126099921297,77.58467599342111,217.84550600568764,163.5200370074017
17,5,0,0,1,0,2,3,77.86664900777396,58.37074299051892,134.39321299665608,54.57417501020245
16,5,0,0,1,0,2,1,73.38556798640639,101.74724699754734,193.81450799119193,94.19637999963015
10,0,0,0,0,0,0,2,73.59544000064489,103.91905999858864,178.89585399825592,96.19718500471208
25,6,0,0,3,0,2,7,187.6643529976718,214.0230689983582,382.71764300588984,201.33578400418628
26,2,0,0,3,0,2,1,103.64636400481686,116.71570100588724,258.8693650031928,96.14357000100426
13,0,0,0,1,0,2,226,92.64455499942414,130.28674198722,212.6195419987198,120.1380349957617
3,3,0,0,0,0,0,5631,37.51183699932881,53.17407399707008,99.77400799107272,215.61391500290483
3,3,0,0,0,0,0,5631,38.5921760025667,53.05879100342281,102.4667259916896,217.4684019992128
22,1,0,0,2,0,2,0,41.68221799773164,53.41497699555475,130.38292499550153,99.47054799704347
3,0,0,0,0,0,0,2679,50.010474005830474,70.82950399490073,130.70612598676234,98.5779500042554
7,3,0,0,0,0,0,46,125.98923199402634,191.48890099313576,301.7440570110921,200.10762799938675
10,6,0,0,1,0,2,1475,175.19746199832298,104.71695399610326,192.7467420027824,91.97031700750813
21,3,0,0,1,0,2,1,97.80975799367297,111.17776400351431,228.2704960089177,103.90108099090867
9,1,0,0,0,0,0,37,73.42345200595446,104.27500700461678,177.8486560069723,95.37484000611585
22,7,0,0,1,0,2,1,136.59502899099607,203.20461899973452,352.4117560009472,206.36013998591807
25,1,0,0,4,0,2,1,50.44489599822555,71.41849800245836,246.02500299806707,94.50511800241657
20,3,0,0,2,0,2,1,65.7355429866584,51.4816480135778,160.06121900863945,100.74026200163644
18,2,0,0,0,0,0,1,79.23236300121062,110.15358999429736,199.75893400260247,106.07964699738659
17,5,0,0,1,0,2,1,150.49556799931452,106.90549100399949,259.11560900567565,101.83830199821386
19,2,0,0,1,0,2,4,43.339631010894664,56.85147599433549,116.97903499589302,110.51707901060581
32,1,0,0,3,0,2,1,102.38290099368896,111.49038501025643,267.56436000869144,104.86360100912862
15,3,0,0,1,0,1,1,127.00434299767949,195.75421400077175,322.2381759987911,179.34995298855938
13,4,0,0,1,0,2,11,184.74003100709524,217.84928599663544,325.14417699712794,197.8511100023752
3,2,0,0,0,0,0,2254,95.9837529953802,148.06916100496892,234.69816299621016,195.55125500482973
20,1,0,0,1,0,2,1,123.9970809983788,74.4817789964145,189.48709200776648,158.58617900812533
30,1,0,0,2,0,2,1,96.88995599572081,103.13223999401089,244.78841399832163,96.82866699586157
22,1,0,0,0,0,0,1,78.89913400867954,110.64905000966974,206.98648001416586,105.12905000359751
28,7,0,0,1,0,2,1,106.65815400716383,157.14327500609215,291.8184640002437,161.9609670015052
21,6,0,0,3,0,2,0,126.75987299007829,140.4571060120361,173.3831810124684,102.4238240061095
16,7,0,0,1,0,2,1,73.0234240036225,101.45398299209774,196.02068500535097,93.975784999202
23,1,0,0,2,0,2,1,77.77803199132904,106.59867500362452,222.55580099590588,100.28597399650607
19,3,0,0,1,0,2,2,96.78782901028171,89.73525700275786,117.24910799239296,53.47554299805779
25,5,0,0,1,0,2,1,83.96433299640194,114.84132999612484,225.19034400465898,106.19651900196914
2,1,0,0,0,0,0,3220,60.63268300204072,87.82251899538096,144.87745201040525,93.80621300078928
20,8,0,0,2,0,2,12,62.51988699659705,157.36769601062406,284.63962899695616,165.6371429999126
11,1,0,0,1,0,2,0,144.86165199195966,156.1988229950657,324.2833620024612,166.74125600547995
20,2,0,0,1,0,2,1,73.33709500380792,102.3565989889903,205.25641400308814,96.61880100611597
28,6,0,0,3,0,2,1,78.06321300449781,111.90546800207812,240.9019610058749,107.72230500879232
24,3,0,0,0,0,0,1,77.62963799177669,113.99183400499169,209.11299499857705,104.97015100554563
27,4,0,0,1,0,2,1,108.36892400402576,159.64799000357743,289.71781900327187,162.648266996257
24,4,0,0,1,0,2,1,78.89756900840439,111.79646200616844,220.39983799913898,107.1337999892421
18,3,0,0,1,0,2,1,73.41766598983668,105.60364900447894,104.50297901115846,49.42236699571367
34,1,0,0,2,0,2,1,101.03642400645185,105.23748199921101,200.25799299764913,97.3306939995382
21,1,0,0,0,0,0,1,71.36386599449906,105.00161899835803,193.693038992933,96.57097099989187
23,6,0,0,3,0,2,5,67.55313700705301,80.87078099197242,251.60081099602394,158.33569699316286
17,2,0,0,0,0,0,1,76.61285599169787,110.12212900095619,198.75608899747021,103.14052499597892
3,0,0,0,0,0,0,1858,71.09112899343017,101.00929001055192,164.91528300684877,93.72905199415982
16,1,0,0,1,0,2,0,69.42407299357001,100.12700599327218,193.7330039945664,92.22474400303327
2,0,0,0,0,0,0,3629,19.79675500479061,26.66757100087125,56.26813900016714,47.250232004444115
21,4,0,0,1,0,2,1,79.86058801179752,112.75589000433683,218.96163299970794,108.80015899601858
2,2,0,0,0,0,0,5771,27.449515007901937,36.68552098679356,90.81896499264985,174.4562599924393
14,3,0,0,1,0,2,1,104.6983749984065,154.7492599929683,263.49783400655724,158.67509199597407
11,2,0,0,0,0,0,12,100.94978001143318,148.80298500065692,251.17331399815157,152.7275459957309
13,0,0,0,1,0,2,19,87.02945399272721,107.99145999772009,208.4401289903326,102.02756599755958
7,4,0,0,0,0,0,0,72.97027899767272,110.23499599832576,295.3654140001163,227.15970799617935
19,1,0,0,3,0,2,1,123.11906598915812,152.8436879889341,178.38266098988242,157.52760799659882
25,3,0,0,1,0,2,1,112.20151199086104,156.73213000991382,296.55964400444645,162.26506400562357
21,7,0,0,3,0,2,0,142.33529999910388,221.7209540103795,382.8990499896463,228.20104499987792
32,1,0,0,4,0,2,1,72.55303800047841,58.59630199847743,152.43493601155933,103.35951700108126
19,2,0,0,2,0,2,72,77.71706600033212,123.99244199332315,247.8424820001237,107.32201399514452
10,3,0,0,1,0,2,93,185.37047099380288,208.55810001376085,324.6985110017704,187.32444901252165
3,3,0,0,0,0,0,5631,38.749784987885505,40.75613399618305,50.97389000002295,154.02775999973528
28,5,0,0,1,0,2,1,79.48955699976068,115.13513499812689,225.6502500094939,108.57973100792151
7,3,0,0,0,0,0,93,73.92213599814568,105.32419399532955,178.02320700138807,97.52619899518322
13,2,0,0,2,0,2,11,84.6574659954058,105.27004700270481,202.09069400152657,93.68362899112981
3,2,0,0,0,0,0,3594,36.16843199415598,37.863883990212344,107.08953000721522,151.3735679909587
25,1,0,0,3,0,2,1,75.13333999668248,105.50408400013112,225.36868099996354,98.02588100137655
26,3,0,0,3,0,2,1,101.85582799022086,107.35625198867638,130.56003500241786,96.07015700021293
28,6,0,0,1,0,2,1,78.739691991359,110.81279499921948,224.751068992191,107.16428600426298
24,5,0,0,3,0,2,0,102.76090700062923,119.26376700284891,253.56312999792863,102.18886300572194
21,2,0,0,2,0,2,0,84.09227099036798,114.43475900159683,223.7063430075068,108.0281879985705
22,5,0,0,1,0,2,1,103.38493000017479,152.08465899922885,223.77197300374974,79.4004799972754
32,3,0,0,3,0,2,1,133.00516200251877,104.77864700078499,184.9163759907242,184.26198299857788
19,2,0,0,2,0,4,1,81.34498799336143,114.62705599842593,220.95265600364655,105.25244199379813
21,3,0,0,1,0,2,1,77.38854999479372,108.659125995473,213.9757959957933,82.55678800924215
19,1,0,0,2,0,2,3,103.1671800010372,117.53725199378096,240.7555709942244,97.67599700717255
21,7,0,0,1,0,2,1,122.85135599086061,164.3910029961262,303.5410500015132,173.8846160005778
29,4,0,0,1,0,2,1,74.96755300962832,105.81615300907288,218.87455000251066,100.58724500413518
10,1,0,0,0,0,0,329,74.85949499823619,108.85542700998485,183.75903999549337,105.40206100267824
2,1,0,0,0,0,0,2989,67.85055999353062,96.36477100139018,157.74721799243707,92.34253499016631
11,0,0,0,0,0,0,3,46.32814900833182,108.44853801245335,187.44947300001513,100.05590700893663
16,0,0,0,1,0,2,4,76.52661799511407,51.46087700268254,134.82702600595076,49.059947006753646
23,1,0,0,2,0,2,0,67.70554000104312,94.69029400497675,205.68140401155688,86.82051299547311
10,1,0,0,1,0,2,840,87.82463299576193,123.57417400926352,203.5324010066688,126.77027800236829
22,2,0,0,0,0,0,1,78.22808700439055,110.89813399303239,205.16711399250198,108.75376699550543
18,4,0,0,1,0,2,1,71.26145299116615,101.77335300249979,197.08112700027414,96.15821800252888
21,3,0,0,1,0,2,1,83.24041600280907,112.208571008523,221.87501601001713,107.22639301093295
36,2,0,0,6,0,2,0,88.52812499389984,107.79111299780197,272.34442900225986,102.70796899567358
11,5,0,0,1,0,2,57,173.40776200580876,141.55398499860894,289.53483900113497,125.64648000989109
25,1,0,0,2,0,2,1,99.16586500185076,103.2529169897316,243.32951499673072,96.86089400202036
14,3,0,0,1,0,2,5,51.12621599982958,50.77500100014731,111.40535399317741,48.785017992486246
3,3,0,0,0,0,0,5631,38.09274299419485,52.50010400777683,99.1425789979985,214.74526201200206
1,0,0,0,0,0,0,5937,8.82264100073371,10.305985997547396,47.170152989565395,90.01924400217831
25,9,0,0,1,0,2,1,84.05070099979639,112.31056500400882,194.18263099214528,54.36581899994053
4,4,0,0,0,0,0,5074,59.61132299853489,83.05756900517736,128.47313900419977,245.78542000381276
13,1,0,0,1,0,2,65,98.10315899085253,105.52786699554417,216.54262799711432,98.67840800143313
24,1,0,0,1,0,2,1,79.12988499447238,105.07695400156081,215.05189000163227,99.05325800355058
28,2,0,0,3,0,2,1,79.7875909920549,84.06014200591017,241.0409270087257,106.37761199905071
24,2,0,0,0,0,0,1,39.83098399476148,54.826691004564054,106.94629600038752,53.97085200820584
19,2,0,0,0,0,0,0,101.39768400404137,153.06371400947683,265.2025230054278,157.57089399266988
22,2,0,0,1,0,2,1,98.41072799463291,103.74708700692281,229.16180799074937,96.63784499571193
11,1,0,0,1,0,2,4,47.400439987541176,57.75532500410918,112.18062401167117,55.5019320017891
22,1,0,0,1,0,2,0,95.08622701105196,108.47954600467347,235.67359799926635,103.06947799108457
18,3,0,0,1,0,2,2,178.80942800547928,153.14854300231673,334.36596499814186,160.02178599592298
11,6,0,0,1,0,2,375,118.0668019951554,174.943195990636,281.42984000442084,178.07703699509148
33,1,0,0,3,0,2,1,80.97802600241266,109.92918199917767,247.89489900285844,98.42333900451194
4,3,0,0,0,0,0,1929,121.96095500257798,184.35028300154954,281.79934999207035,231.5063599962741
25,1,0,0,2,0,2,1,96.75326499564108,117.72310800733976,171.93715600296855,52.17983700276818
20,5,0,0,1,0,2,0,77.5198359915521,109.93927699746564,213.46125000854954,105.59113199997228
6,1,0,0,0,0,0,1,100.46930699900258,149.35930000501685,247.5428070029011,153.49476400297135
21,6,0,0,3,0,2,41,99.9113300058525,120.6400249939179,250.78752200352028,106.9500150042586
24,1,0,0,2,0,2,1,50.66812300356105,116.71672500960995,201.62465100293048,53.89771600312088
2,1,0,0,0,0,0,591,96.87475900864229,146.2468550016638,231.03733600873966,152.04193300451152
11,1,0,0,1,0,2,112,76.55101599812042,103.8716209877748,192.6803490059683,95.80167700187303
22,1,0,0,2,0,2,1,75.64482699672226,106.35175299830735,206.96435699937865,47.82490500656422
34,2,0,0,2,0,2,1,101.94815599243157,104.45659499964677,257.5471629970707,96.43356199376285
3,3,0,0,0,0,0,5631,38.52501499932259,53.88035699434113,101.90049301309045,215.83116499823518
24,4,0,0,3,0,2,3,98.64870400633663,118.44748500152491,256.9346029922599,103.75625200686045
3,3,0,0,0,0,0,5631,20.011635002447292,26.913930007140152,68.01971100503579,217.8081820020452
3,1,0,0,0,0,0,2679,50.43841199949384,72.0616019971203,131.8700749980053,98.80482401058543
10,4,0,0,1,0,2,28,103.21684800146613,108.49783300363924,297.3581839905819,103.87339699082077
20,5,0,0,2,0,2,0,54.31433800549712,76.47896501293872,161.87295800773427,160.83641700970475
11,6,0,0,1,0,2,1032,171.74180599977262,168.34254399873316,176.30595799710136,93.4653750009602
28,2,0,0,3,0,2,1,79.55952300108038,111.76918500859756,239.23870800354052,106.11258700373583
22,2,0,0,3,0,2,2,103.14535899669863,119.05131999810692,244.24118899332825,96.7468740127515
9,7,0,0,0,0,0,0,146.0966059967177,227.68440599611495,350.1239519973751,231.98738900828175
19,4,0,0,1,0,2,0,75.50797100702766,108.87445301341359,207.18064600077923,99.19254599662963
13,2,0,0,1,0,2,0,77.23439500841778,100.24499001156073,194.91684400418308,93.43168800114654
23,3,0,0,2,0,2,1,39.97854600311257,51.8108679971192,111.2699670047732,48.74152700358536
32,1,0,0,4,0,3,1,83.85049599746708,114.76381801185198,256.09287299448624,106.06138900038786
1,1,0,0,0,0,0,5937,16.249617998255417,19.302094995509833,72.95018699369393,114.16565100080334
1,0,0,0,0,0,0,3677,47.7177139982814,66.45296499482356,124.08809400221799,91.1219190020347
19,5,0,0,1,0,2,1,105.01117700187024,151.8250710068969,275.93005799280945,154.41241400549188
18,4,0,0,1,0,2,1,86.32429200224578,102.67874499550089,204.4263050047448,93.29171100398526
18,4,0,0,1,0,2,2,186.03354301012587,158.8993609911995,336.0690310073551,160.92016600305215
20,2,0,0,3,0,2,57,132.63084199570585,166.71806300291792,319.9813250103034,163.5875359934289
21,1,0,0,2,0,2,2,74.88232100149617,106.29770600644406,212.9309449956054,97.03381500730757
9,0,0,0,1,0,2,14,73.78947400138713,102.54516299755778,187.09345800743904,95.17073498864193
21,1,0,0,2,0,2,1,94.71194400975946,118.53898101253435,237.81793098896742,111.90533099579625
27,1,0,0,2,0,2,1,82.20782899297774,108.43605600530282,163.23916100373026,49.24227799347136
11,5,0,0,1,0,2,57,88.05681399826426,87.42058200004976,175.04765700141434,155.65147800953127
20,2,0,0,1,0,1,1,76.68884500162676,108.56473600142635,206.30339201306924,103.52927399799228
17,1,0,0,2,0,2,4,100.4098090052139,105.35857199283782,228.76825999992434,97.86303399596363
22,1,0,0,3,0,2,0,70.15539098938461,100.08997799013741,219.7772840008838,91.1998789961217
23,1,0,0,1,0,2,1,76.20532599685248,108.56543900445104,180.13914999028202,50.901914000860415
4,4,0,0,0,0,0,5074,58.571326997480355,82.85821300523821,126.99451499793213,244.98623500403482
28,3,0,0,1,0,2,1,79.35045599879231,111.30978399887681,226.68469199561514,106.5569710044656
26,6,0,0,3,0,2,1,104.60093700385187,121.9003689911915,256.465393002145,104.2829369980609
18,2,0,0,1,0,2,2,94.2165550077334,101.96333700150717,195.8524799993029,148.43354201002512
27,0,0,0,3,0,2,1,78.27725799870677,107.31529800978024,226.3335960014956,99.266789999092
28,4,0,0,1,0,2,1,80.97059800638817,70.69314600084908,113.59349700796884,53.65463500493206
11,2,0,0,1,0,2,564,92.7223420003429,116.4248260029126,210.19322700158227,113.74242001329549
1,0,0,0,0,0,0,3585,62.138010005583055,87.19209799892269,148.16405400051735,91.69234200089704
19,1,0,0,2,0,2,1,125.878279999597,165.91039599734358,306.10953900031745,164.30068098998163
12,0,0,0,2,0,2,44,99.35434701037593,104.27094998885877,190.09142499999143,48.640175999025814
13,3,0,0,1,0,1,1,152.21305799786933,231.06236700550653,368.6736589879729,162.3498010012554
1,1,0,0,0,0,0,5937,8.324270995217375,9.49127899366431,38.12105499673635,56.42715501016937
1,0,0,0,0,0,0,3248,56.80026199843269,78.3619389985688,138.24868100346066,90.23063600761816
19,1,0,0,2,0,2,1,52.97866500040982,109.1808659984963,244.03473899292294,97.2531040024478
8,4,0,0,0,0,0,958,70.46174099377822,102.2448820003774,156.49356800713576,52.6524589949986
28,7,0,0,3,0,2,1,78.23040100629441,113.40698700223584,238.28674299875274,105.41193099925295
14,2,0,0,1,0,2,1,128.93252799403854,188.51603800430894,305.419766009436,170.01896900183056
31,1,0,0,3,0,2,1,191.00675100344233,184.61874101194553,381.0131139907753,162.75800501171034
29,2,0,0,4,0,2,1,94.83016500598751,118.19888799800538,263.75121300225146,102.7303699956974
11,3,0,0,1,0,2,0,182.58297099964693,105.40227800083812,192.40361300762743,97.48303599189967
28,4,0,0,3,0,2,1,108.32624400791246,158.15745599684305,306.52270700375084,161.97154799010605
14,6,0,0,1,0,2,5,186.40607700217515,240.9713200031547,402.48557800077833,240.6007780082291
14,1,0,0,1,0,2,1,52.546045000781305,75.85758398636244,135.96275300369598,81.50595100596547
31,4,0,0,4,0,2,1,107.81013099767733,123.11092100571841,272.7473410050152,106.96554800961167
15,2,0,0,2,0,2,1,85.43215900135692,106.32064599485602,213.39866699418053,94.92508899711538
12,5,0,0,1,0,2,1,73.7688710069051,95.52513700327836,189.12157899467275,87.69699500408024
3,0,0,0,0,0,0,1858,72.13513500755653,101.45587100123521,162.53370000049472,91.75021199916955
3,3,0,0,0,0,0,5631,37.45475700998213,52.18807599158026,98.66870200494304,214.88741600478534
29,0,0,0,2,0,2,0,97.78371900029015,114.26871300500352,245.44075099402107,97.50222199363634
9,2,0,0,1,0,2,1425,95.81024799263105,215.0054179946892,314.01478400221094,245.27452599431854
14,1,0,0,2,0,2,387,97.1698820067104,116.92475499876309,234.39584799052682,115.65273899759632
18,3,0,0,2,0,2,5,68.47333699988667,76.31587100331672,156.29408600216266,81.8992860004073
20,7,0,0,2,0,2,12,105.61499700997956,158.31597200303804,287.94642999127973,162.5692529923981
4,2,0,0,0,0,0,1421,82.66505099891219,120.59938799939118,194.96444400283508,158.16954099864233
37,3,0,0,4,0,2,0,96.95993798959535,117.86402799771167,259.00592700054403,102.53859900694806
21,8,0,0,3,0,2,0,143.26020899170544,222.02962001028936,383.48483000299893,227.67977199691813
22,1,0,0,2,0,2,1,97.59643601137213,116.57312499301042,236.13276200194377,96.16003900009673
24,1,0,0,2,0,2,1,84.28711899614427,112.84399499709252,231.38318600831553,107.11184400133789
22,1,0,0,0,0,0,1,76.50639499479439,108.5437970032217,201.09185899491422,104.22022800776176
13,3,0,0,1,0,1,0,74.17654999881051,112.94658800761681,179.93926999042742,120.4166149982484
5,3,0,0,0,0,0,1896,102.39887499483302,155.87922900158446,236.14618000283372,232.1992910001427
24,2,0,0,3,0,3,1,108.31303001032211,157.22289800760336,301.72812899400014,162.29576100886334
22,3,0,0,2,0,2,2,134.04761299898382,164.73732300801203,316.89244500012137,166.58734300290234
11,3,0,0,1,0,2,564,95.19768098834902,117.76572599774227,208.64688699657563,114.30409300373867
2,0,0,0,0,0,0,1869,59.801039009471424,84.5220449991757,143.4204690012848,92.81263100274373
7,3,0,0,0,0,0,398,70.57039400388021,101.95363601087593,142.312790005235,49.7510920104105
29,3,0,0,2,0,2,2,40.46448299777694,54.57041999034118,190.82061600056477,107.18137699586805
13,3,0,0,1,0,2,5,77.51472399104387,106.83499299921095,193.88001700281166,87.22701600345317
2,0,0,0,0,0,0,2981,67.55858400720172,95.60206900641788,157.63720800168812,92.14736901049037
7,1,0,0,0,0,0,63,37.47664700495079,50.39575800765306,98.91840000636876,96.19430798920803
35,1,0,0,3,0,1,1,83.67136800370645,111.76762299146503,235.748050006805,65.78731098852586
4,0,0,0,0,0,0,667,73.58415199269075,103.5986469942145,170.84890299884137,93.96363199630287
25,3,0,0,2,0,2,1,82.93628599494696,113.16612899827305,235.68474399507977,107.91791399242356
11,5,0,0,1,0,2,57,173.252111999318,175.03487299836706,287.5325679924572,154.49899800296407
24,3,0,0,4,0,2,2,185.30301300052088,195.40695199975744,375.17019800725393,166.87914599606302
32,0,0,0,1,0,2,1,50.505006991443224,52.06072500732262,222.07936500490177,100.0585139991017
26,1,0,0,3,0,2,1,124.88481900072657,165.39362899493426,319.30498300062027,160.50487500615418
24,3,0,0,3,0,2,2,91.34099399670959,104.63274198991712,235.69697499624453,93.08668799349107
25,6,0,0,3,0,2,7,184.18803399254102,217.44313099770807,380.8710779994726,202.92572100879624
11,2,0,0,1,0,1,105,54.7513930068817,78.93843000056222,131.47359401045833,83.66148200002499
27,0,0,0,4,0,2,1,98.85057299106847,103.39121001015883,246.5295790025266,97.20208999351598
27,1,0,0,3,0,2,3,95.8987629855983,111.17153000668623,258.71430699771736,104.52806499961298
7,3,0,0,0,0,0,17,52.750003000255674,112.05972199968528,250.44011099089403,154.89426199928857
18,6,0,0,1,0,2,0,69.42013700609095,95.11137699882966,190.6526370003121,87.07375200174283
23,1,0,0,0,0,0,1,40.13081900484394,54.64843900699634,104.65333399770316,53.47503699886147
15,5,0,0,1,0,1,2,75.23565299925394,103.87444899242837,189.98864998866338,95.80129699315876
29,1,0,0,3,0,2,1,104.54225099238101,118.2779349910561,264.3111719953595,95.60500898805913
21,1,0,0,1,0,2,1,93.80726800009143,110.1558149966877,238.43987999134697,104.23031898972113
11,6,0,0,1,0,2,0,186.4127879962325,109.99633700703271,302.4015050032176,106.89387899765279
25,1,0,0,4,0,2,0,103.06937999848742,118.4387639950728,252.60859899572097,96.11049199884292
24,4,0,0,2,0,2,1,53.191280996543355,60.26847400062252,124.48418499843683,53.306864996557124
7,4,0,0,0,0,0,335,109.37441501300782,166.9133130053524,263.877646997571,174.1217719973065
7,4,0,0,0,0,0,26,103.51402800006326,150.79671201237943,247.9618700017454,154.59489499335177
6,2,0,0,0,0,0,21,74.68664200860076,104.62309200374875,178.35475399624556,98.65984800853767
19,2,0,0,2,0,2,1,104.23069300304633,155.72473799693398,287.6111709920224,160.27719898556825
25,1,0,0,3,0,2,1,39.966972995898686,54.09330299880821,116.37791599787306,52.515032002702355
9,2,0,0,2,0,1,8,118.45588200958446,110.83817300095689,187.30659199354704,94.03501800261438
31,1,0,0,5,0,3,1,127.65862498781644,163.65428600693122,343.8830850063823,159.65958099695854
11,3,0,0,1,0,2,0,177.60714500036556,107.06835200835485,293.85956899204757,99.21796299749985
23,5,0,0,2,0,2,1,78.84473900776356,104.80127300252207,220.9705899877008,93.93125200585928
28,2,0,0,2,0,2,1,74.43537899234798,99.63272899040021,218.42640900285915,93.803162992117
1,0,0,0,0,0,0,5937,16.866064004716463,20.077239998499863,73.4991369972704,89.90401698974892
1,0,0,0,0,0,0,5690,37.59351299959235,50.93388500972651,108.79317100625485,90.36391800327692
16,2,0,0,3,0,2,4,47.23591399670113,52.002808995894156,109.61701800988521,49.5201809972059
28,2,0,0,2,0,2,1,79.78800300043076,114.6363849984482,234.6897759998683,106.03432099742349
3,2,0,0,0,0,0,3023,111.8986159999622,169.54603100020904,264.04674199875444,197.79957299761008
4,1,0,0,0,0,0,0,34.16422200098168,47.59991099126637,81.61990100052208,42.240138005581684
26,1,0,0,1,0,2,1,97.47444500681013,104.07693601155188,234.04651699820533,97.64669901051093
20,3,0,0,3,0,2,3,76.26982800138649,106.64147201168817,220.79694899730384,97.06094999273773
6,4,0,0,0,0,0,2672,67.51601499854587,95.56488499219995,150.1766269939253,120.55151899403427
10,0,0,0,0,0,0,0,72.9111029941123,101.59546900831629,178.91152200172655,96.14067600341514
12,1,0,0,0,0,0,6,79.83075101219583,110.62632499670144,194.3201779940864,109.38297800021246
21,5,0,0,1,0,2,0,119.9585849972209,162.3684199876152,299.18591400200967,169.4938650034601
31,2,0,0,4,0,2,1,96.97022099862806,112.49491300259251,263.1145479972474,102.02465399925131
25,1,0,0,2,0,2,1,108.10803400818259,161.0608329938259,300.94217900477815,229.93339000095148
10,5,0,0,1,0,2,50,95.8593440009281,52.12333000963554,157.04722299415153,48.412894990178756
3,1,0,0,0,0,0,2679,32.6679720019456,70.87095099268481,138.46201699925587,155.1131419982994
12,0,0,0,1,0,2,364,94.58164201350883,113.7007729994366,208.1024720100686,108.61527000088245
1,0,0,0,0,0,0,5937,16.886693993001245,20.35102099762298,74.1638830077136,90.28332799789496
18,2,0,0,1,0,2,1,76.30760400206782,109.11720400326885,205.30464001058135,104.00872598984279
27,6,0,0,2,0,1,0,70.93677399097942,100.88636999716982,203.972844989039,93.64860299683642
27,3,0,0,1,0,2,1,79.30911800940521,111.99817599845119,224.22411700244993,106.1561270034872
14,2,0,0,0,0,0,1,77.84770199214108,107.57245500280987,190.54508200497366,103.66075500496663
7,4,0,0,0,0,0,576,52.85909099620767,76.29675100906752,125.33580799936317,85.5161529907491
19,1,0,0,1,0,2,1,91.04383998783305,107.65821700624656,226.8332280073082,103.49961199972313
28,1,0,0,2,0,4,1,78.1842830037931,111.00590099522378,235.9248629945796,105.28170299949124
21,1,0,0,2,0,2,1,102.79905499191955,115.4790239961585,208.30317999934778,48.46111999358982
29,1,0,0,1,0,2,1,78.7281829980202,109.64711199630983,224.2898920085281,104.84355200605933
21,1,0,0,2,0,2,1,77.37715099938214,104.39148699515499,215.33890800492372,93.81858400593046
19,2,0,0,1,0,2,0,80.46727800683584,105.35275901202112,209.04966999660246,98.22202999203
4,1,0,0,0,0,0,1421,61.58910499652848,88.23220699559897,152.49865700025111,101.27203199954238
23,3,0,0,2,0,2,4,99.8886410088744,119.53614599769935,247.1811449941015,103.31533299176954
15,2,0,0,0,0,0,17,77.63705299294088,111.68454700964503,195.30387899430934,107.83272999105975
22,4,0,0,2,0,2,1,52.071733996854164,57.90857299871277,121.61041400395334,48.29400300513953
6,2,0,0,0,0,0,41,103.58205900411122,154.59229999396484,251.98107899632305,159.74631100834813
6,3,0,0,0,0,0,0,76.58724600332789,148.67896400392056,242.627375992015,149.08589200058486
1,0,0,0,0,0,0,3248,55.61071900592651,79.01125600619707,138.68647599883843,89.63437599595636
6,3,0,0,0,0,0,1896,96.31891699973494,146.0244519985281,217.20215000095777,204.5125820004614
11,2,0,0,1,0,2,278,97.29378699557856,137.0036629959941,212.02088901191019,119.64104301296175
1,0,0,0,0,0,0,2995,67.67292600125074,94.43621701211669,157.54426099010743,88.83271699596662
15,3,0,0,2,0,2,430,93.40029300074093,96.76436099107377,178.33962400618475,97.91043800942134
11,6,0,0,1,0,2,97,195.08331900578924,116.91346300358418,303.69407701073214,109.54075799963903
13,2,0,0,1,0,2,1,105.4166649992112,150.43613899615593,266.60172099946067,150.90034900640603
24,5,0,0,3,0,2,3,99.18007599480916,119.19800800387748,253.1675619975431,104.73337300936691
17,1,0,0,1,0,1,1,83.50113400956616,112.23179100488778,208.49442599865142,106.90128900751006
15,1,0,0,1,0,2,4,124.01595899427775,159.84537999611348,331.14079099323135,164.00062300090212
22,1,0,0,2,0,2,1,99.71254999982193,119.8819609999191,244.50922400865238,103.33045999868773
10,2,0,0,1,0,2,1,44.105916007538326,50.58179600746371,101.1990849947324,47.0657309924718
11,5,0,0,1,0,2,57,175.01717399863992,144.55131499562413,288.3114279975416,120.94268700457178
22,4,0,0,2,0,2,5,102.07676800200716,108.83092299627606,241.9284530042205,98.00659300526604
36,3,0,0,6,0,2,0,96.90573399711866,108.63278999750037,273.95423299458344,101.4957070001401
11,2,0,0,1,0,2,278,80.33501800673548,111.60638699948322,196.6317379992688,105.836390008335
28,8,0,0,3,0,2,1,40.965521009638906,55.837833002442494,120.77550400863402,53.777987995999865
20,1,0,0,1,0,2,1,76.96797599783167,110.5968610063428,213.61352399981115,106.94600899296347
18,3,0,0,2,0,2,1,81.8544869980542,112.68759200174827,216.27452099346556,106.00328800501302
18,0,0,0,2,0,2,1,77.39794500230346,104.19873800128698,212.5091180059826,98.60252299404237
28,5,0,0,3,0,2,1,78.89008900383487,109.98846699658316,237.6220709993504,107.40896900824737
3,1,0,0,0,0,0,555,71.13142698653974,99.5112259988673,164.9786219932139,93.51207999861799
1,0,0,0,0,0,0,49,35.118333995342255,47.41576399828773,79.48839299206156,42.48091101180762
6,2,0,0,0,0,0,187,72.85611699626315,105.78159301076084,178.2998729904648,100.71246500592679
17,2,0,0,1,0,2,1,72.70190698909573,103.47516101319343,198.87376599945128,97.09058899898082
3,1,0,0,0,0,0,547,97.05395498895086,147.7379709976958,231.52504999598023,152.65678199648391
25,9,0,0,1,0,2,2,81.9421749911271,112.5409639935242,225.5543299979763,107.6433810085291
11,2,0,0,1,0,2,864,134.34069699724205,200.96214400837198,317.73926998721436,230.72953798691742
4,3,0,0,0,0,0,1911,88.35453698702622,115.15606600733008,104.76736498821992,101.83080700517166
6,1,0,0,0,0,0,142,74.33522799692582,104.16576100396924,174.73669299215544,94.81279700412415
2,0,0,0,0,0,0,2981,68.81467999482993,97.10011599236168,158.70556599111296,93.55919899826404
21,3,0,0,1,0,2,1,78.57841000077315,111.70994301210158,219.44452599564102,107.76093699678313
27,6,0,0,2,0,1,1,72.68931399448775,102.68518899101764,207.9234200064093,96.64927999256179
12,1,0,0,1,0,2,1,159.3371929920977,106.11452099692542,237.62839200207964,98.74642601062078
23,2,0,0,2,0,2,1,78.40061800379772,105.12933199061081,217.2366989980219,94.26761300710496
22,2,0,0,0,0,0,1,76.29328200710006,109.52230601105839,205.13654500246048,106.27066000597551
20,2,0,0,2,0,2,1,189.0633360017091,182.4907820118824,219.3010310002137,80.51805799186695
20,2,0,0,1,0,2,1,181.2229649949586,152.80323500337545,337.2302740026498,157.91785399778746
10,2,0,0,1,0,2,870,67.57320699398406,100.12788099993486,188.2334969996009,227.66988301009405
18,1,0,0,1,0,2,1,81.3123900006758,105.22311899694614,211.26416200422682,98.33041699312162
25,1,0,0,1,0,2,1,94.23341500223614,108.45325300761033,231.10376500699203,101.54422800405882
14,4,0,0,1,0,1,1,72.36151599499863,101.71487199841067,188.66458600678016,95.44773100060411
5,0,0,0,0,0,0,63,69.20443401031662,95.7158470118884,162.91165200527757,87.23589099827223
25,2,0,0,1,0,2,1,122.57364600372966,153.46953300468158,298.6275699950056,160.97342399007175
28,3,0,0,1,0,2,1,78.08941500843503,111.18820199044421,225.21674299787264,107.9565200052457
8,2,0,0,1,0,2,295,182.23110999679193,232.56300800130703,318.1318499991903,215.76453700254206
1,0,0,0,0,0,0,5937,17.006663998472504,19.92232899647206,74.02043999172747,88.78869099135045
11,5,0,0,1,0,2,5,94.30081299797166,138.7943759909831,201.71737900818698,137.59282299724873
19,1,0,0,1,0,2,1,76.84095900913235,110.51033600233495,209.25206399988383,105.20575700502377
28,1,0,0,5,0,3,1,100.22543699597009,117.76392700267024,259.6986839926103,101.19389199826401
20,1,0,0,1,0,2,1,93.81478199793492,107.03765400103293,226.8772609968437,101.9025529967621
4,3,0,0,0,0,0,1960,74.7378850064706,109.92448999604676,153.70523800083902,159.3792339990614
23,4,0,0,3,0,2,1,181.66709400247782,209.62231600424275,310.07595200208016,147.5599770055851
26,4,0,0,3,0,2,1,98.3502699964447,117.4241959961364,254.6800840063952,104.40318200562615
22,1,0,0,3,0,2,1,83.65155299543403,114.66990699409507,193.33648699102923,53.228577991831116
27,5,0,0,2,0,1,1,54.8776739888126,77.58534200547729,271.5228430024581,165.81556499295402
25,8,0,0,3,0,2,3,115.08343799505383,169.7649010020541,321.37811700522434,178.3336279913783
20,3,0,0,1,0,2,1,184.1688360000262,152.1853000012925,339.1594470012933,158.22913999727461
12,4,0,0,2,0,2,68,149.48909101076424,150.95735200156923,220.2146619965788,165.31223600031808
8,3,0,0,1,0,2,1964,149.73497499886435,200.8814030123176,256.2258079997264,227.85034999833442
22,3,0,0,2,0,2,5,51.14369800139684,53.87137900106609,123.45141099649481,90.04667200497352
23,1,0,0,0,0,0,1,75.87513799080625,107.5219560007099,203.95875300164334,100.73686600662768
24,6,0,0,2,0,2,0,77.11856400419492,112.62638299376704,223.25191399431787,105.52414000267163
15,1,0,0,2,0,2,310,102.37061500083655,119.74633300269488,234.4120759953512,115.17409900261555
7,0,0,0,0,0,0,42,73.74672399600968,105.2274870016845,174.46055299660657,94.22992799954955
18,3,0,0,1,0,2,1,76.12661599705461,53.38619599933736,112.89728600240778,51.534362995880656
13,1,0,0,2,0,2,172,188.93765899701975,178.26437200710643,247.0913989964174,185.20511100359727
29,2,0,0,4,0,2,2,187.10626701067667,179.98376199102495,385.349671007134,161.96425999805797
25,9,0,0,1,0,2,1,84.68927099602297,114.1146900044987,230.1946080115158,110.04347099515144
24,7,0,0,3,0,2,41,113.62584300513845,128.3968729985645,262.52452499466017,107.20505300560035
2,0,0,0,0,0,0,1322,67.59536199388094,96.91465100331698,157.9293919930933,94.08109699143097
24,1,0,0,0,0,0,1,78.25161700020544,112.708354005008,208.45593999547418,106.46646599343512
1,0,0,0,0,0,0,3585,31.69225199962966,43.0708100029733,113.39957900054287,90.44787799939513
2,0,0,0,0,0,0,3629,39.335021006991155,54.766714994912036,110.70882900094148,94.40773900132626
9,2,0,0,0,0,0,1,71.43781300692353,102.29887499008328,177.49226299929433,96.09724399342667
21,3,0,0,2,0,2,2,52.56025699782185,56.73565600591246,123.52343800012022,49.064691993407905
8,1,0,0,1,0,1,38,124.6139110007789,105.75427800358739,198.59460600127932,97.9299809987424
19,4,0,0,1,0,2,2,49.5063249982195,76.45122999383602,230.91785798897035,106.70360900985543
27,1,0,0,3,0,2,1,99.65418500360101,104.54870299145114,244.87483099801466,93.22695899754763
27,2,0,0,3,0,2,1,139.92756001243833,173.97205298766494,334.18198300933,161.9341089972295
1,0,0,0,0,0,0,508,68.00518999807537,96.08005201152992,158.31396500288974,88.31717500288505
19,1,0,0,0,0,0,1,78.11595998646226,112.04794900550041,203.44962300441694,105.18875200068578
20,1,0,0,2,0,2,0,73.5665020038141,103.62849400553387,212.13796400115825,95.47189499426167
22,8,0,0,1,0,2,1,76.84094399155583,105.81351000291761,211.28499100450426,97.32395099126734
19,1,0,0,1,0,2,3,93.66056600993033,107.77958600374404,227.89598201052286,102.29581900057383
3,1,0,0,0,0,0,441,66.88968901289627,96.15167799347546,163.29789299925324,96.24903398798779
16,1,0,0,1,0,2,2,63.68582899449393,75.54620099836029,148.97902999655344,82.40691699029412
20,1,0,0,0,0,0,1,74.87057299294975,108.2261900010053,196.94500700279605,99.21659500105307
3,1,0,0,0,0,0,2337,52.57626400270965,73.4385609976016,132.63579799968284,95.31201000208966
24,3,0,0,3,0,2,2,101.50123300263658,118.1107619922841,247.78821799554862,97.55632099404465
25,1,0,0,0,0,0,1,71.57862499298062,104.36389899405185,198.45655400422402,62.81209000735544
26,4,0,0,2,0,2,1,51.4393339981325,52.536987990606576,124.09279400890227,81.71171900175977
27,4,0,0,2,0,2,1,103.69677300332114,116.79541401099414,252.0448550058063,96.04632499394938
3,2,0,0,0,0,0,3165,72.13168000453152,106.99959599878639,175.59774199617095,202.52946999971755
5,4,0,0,0,0,0,1629,114.59584099065978,173.53805599850602,262.56190800631884,204.085400007898
5,2,0,0,0,0,0,504,122.69032899348531,186.09086000651587,291.4523750077933,201.33691999944858
23,2,0,0,4,0,2,12,100.99868899851572,120.61903599533252,254.98858799983282,104.63747099856846
28,7,0,0,1,0,2,1,39.738563005812466,54.63566399703268,113.93215799762402,53.58529799559619
24,1,0,0,3,0,2,1,101.57843401248101,121.45044899079949,246.70688799233176,105.95792399544735
6,1,0,0,0,0,0,4,72.17561999277677,102.49743099848274,171.76606701104902,91.9884360046126
17,4,0,0,0,0,0,1,77.07111499621533,108.90804599330295,197.25037299213,105.4876870039152
3,1,0,0,0,0,0,922,72.41852500010282,105.42917599377688,169.1911599918967,99.95057400374208
26,3,0,0,3,0,2,1,50.529355998151004,58.3275070093805,131.78140799573157,104.1717729967786
15,5,0,0,1,0,1,1,105.55011400720105,153.3932429883862,267.77511500404216,160.0787909992505
18,1,0,0,3,0,2,4,97.12282801046968,105.06814200198278,225.64080999291036,94.1442570037907
11,0,0,0,1,0,2,40,99.27929600235075,104.81116599112283,215.92664600757416,97.87160399719141
20,4,0,0,1,0,2,1,105.15055299038067,105.06337799597532,142.91508999303915,162.97786500945222
15,1,0,0,1,0,2,1,77.4292610003613,83.40146898990497,101.27865499816835,48.51652200159151
20,7,0,0,2,0,1,1,110.96193300909363,160.12527300335933,280.46787400671747,164.6626329893479
14,2,0,0,1,0,2,30,108.66257100133225,151.51869600231294,272.16320800653193,154.34638199803885
42,6,0,0,5,0,2,1,75.73824000428431,107.76250599883497,257.19776199548505,100.26221399311908
16,2,0,0,2,0,2,1,185.51396099792328,185.87071298679803,345.01018800074235,160.08069999224972
14,1,0,0,1,0,2,1,80.31895699969027,105.30335099610966,205.41320600023028,98.79213500244077
15,2,0,0,2,0,2,310,52.64795100083575,59.10005699843168,117.98648900003172,58.64401100552641
19,1,0,0,0,0,0,1,79.77810999727808,113.69713000021875,201.4755659911316,108.20952799986117
18,4,0,0,1,0,2,1,105.14773899922147,156.59220500674564,276.93149699189235,161.6753959970083
18,6,0,0,1,0,2,1,75.84203498845454,109.63089199503884,210.67828600644134,103.43038299470209
18,2,0,0,1,0,2,1,100.726966993534,109.29775198746938,228.73730900755618,104.61327100347262
8,2,0,0,0,0,0,14,71.69275000342168,102.08662001241464,173.59860699798446,95.7179380056914
17,5,0,0,1,0,2,1,105.1449600054184,156.627625998226,269.35908099403605,156.71794200898148
26,1,0,0,1,0,2,1,94.61175800242927,111.81823500373866,235.78233599255327,102.24541500792839
7,4,0,0,0,0,0,0,43.11481901095249,60.898261013790034,123.6688639910426,60.22803799714893
20,2,0,0,1,0,2,1,98.00866899604443,104.89890200551599,225.11178499553353,98.37871399940923
13,5,0,0,1,0,2,5,91.89346099446993,121.56308098929003,212.28493099624757,107.61958100192714
25,2,0,0,4,0,2,0,66.55666300503071,95.8739679917926,214.5464200002607,86.54148200002965
8,4,0,0,0,0,0,116,38.506137003423646,54.57331698562484,93.03531200566795,50.61091200332157
32,3,0,0,2,0,2,1,73.20720198913477,110.55667499022093,256.5398599981563,96.3943030074006
3,0,0,0,0,0,0,1289,71.84776400390547,99.4949390005786,164.1528680047486,96.23180399648845
19,3,0,0,0,0,0,1,75.6959470018046,107.93880900018848,198.44222199753858,103.07282498979475
25,2,0,0,2,0,2,1,96.84677800396457,110.65801299992017,248.2233029877534,104.18212400691118
17,1,0,0,0,0,0,3,76.89867999579292,109.94166199816391,187.02824899810366,84.66769199003465
23,2,0,0,2,0,2,0,94.72314300364815,106.8633060058346,227.6740790111944,50.10951899748761
14,4,0,0,1,0,2,1,105.56792299030349,153.65404399926774,270.34128599916585,154.74591200472787
2,1,0,0,0,0,0,0,48.753605005913414,70.76661400787998,179.31929099722765,139.02951499039773
21,6,0,0,1,0,2,1,78.2874790020287,113.3195350121241,218.72790399356745,108.17136500554625
8,0,0,0,0,0,0,1,71.10596699931193,103.50770498916972,171.53380300442223,93.65075099049136
9,4,0,0,0,0,0,0,124.92247699992731,189.30039400584064,258.82313000329304,198.4186409972608
20,3,0,0,1,0,2,2,182.0813439990161,157.2051879920764,316.8583250080701,161.8967490067007
17,1,0,0,1,0,1,1,81.98028500191867,110.61531300947536,204.84244399995077,102.4272229988128
7,1,0,0,0,0,0,1401,34.5419109944487,75.26019800570793,161.57978800765704,105.72234699793626
23,5,0,0,1,0,2,1,85.73093300219625,109.8522059910465,224.5486140018329,105.1191909937188
22,3,0,0,1,0,2,1,100.17716200673021,103.34846399200615,232.05446699284948,97.16440399643034
4,0,0,0,0,0,0,751,71.47224000073038,100.85808399890084,165.88287299964577,94.9525430041831
19,3,0,0,3,0,2,1,98.17669801122975,107.52849500568118,239.26589700568002,77.95062199875247
10,2,0,0,1,0,2,1118,79.48310999199748,64.47919300990179,105.95246701268479,103.29885499959346
25,1,0,0,3,0,1,0,81.53453600243665,113.79072000272572,221.55991800536867,107.76590400200803
41,1,0,0,4,0,2,1,80.7866120012477,111.73489899374545,265.6953100085957,107.82469500554726
4,1,0,0,0,0,0,1421,61.68609800806735,86.02384099503979,149.09600200189743,100.26216600090265
20,1,0,0,0,0,0,1,74.88994199957233,107.6200920069823,196.43518301018048,100.8556759916246
24,5,0,0,3,0,2,9,76.29240000096615,101.59753500192892,364.25179000070784,202.857670999947
14,4,0,0,1,0,2,1,52.77373199351132,73.25517598656006,138.41845300339628,79.5482940011425
23,2,0,0,3,0,2,1,71.59617100842297,103.80494099808857,222.2757690033177,95.1607309980318
24,2,0,0,2,0,3,1,107.6556259940844,158.7322569976095,294.14618300506845,163.31037499185186
23,4,0,0,2,0,2,1,78.5305769968545,102.96232799009886,219.1397999995388,94.49785499600694
27,2,0,0,2,0,2,0,97.50365100626368,109.92944300232921,250.25144999381155,101.42063799139578
13,3,0,0,1,0,2,10,108.69111500505824,151.28072699008044,273.17166500142775,155.95131399459206
3,1,0,0,0,0,0,0,71.64958999783266,102.05395400407724,170.37896400142927,92.48358399781864
27,1,0,0,2,0,2,1,52.262664001318626,55.28376500296872,124.80797899479512,51.99424199236091
17,3,0,0,0,0,0,1,77.67565200629178,107.17438100255094,194.79825400048867,101.71118899597786
17,2,0,0,2,0,2,0,84.27867799764499,105.81663400807884,205.08171500114258,96.99581499444321
22,3,0,0,0,0,0,1,122.9306190070929,188.4932949906215,323.7673779949546,199.22308200330008
30,3,0,0,2,0,2,1,105.92768598871771,155.99336200102698,299.28316100267693,159.66490599384997
18,1,0,0,1,0,2,1,80.26363099634182,105.09151700534858,208.68165900174063,97.7046090119984
23,2,0,0,2,0,2,1,97.90666999469977,120.14469099813141,241.6315859882161,103.12766399874818
23,3,0,0,1,0,2,1,54.16503000014927,76.86202200420666,144.77144699776545,83.54401899850927
5,5,0,0,0,0,0,4472,73.84873100090772,110.53476300730836,145.6716339889681,263.7792059977073
23,2,0,0,3,0,2,1,104.2972919967724,117.2474520135438,249.4880910089705,97.07367900409736
17,1,0,0,0,0,0,1,78.88948800973594,111.02822999237105,200.16167699941434,105.26983400632162
9,1,0,0,0,0,0,98,73.98977200500667,105.37961500813253,181.7441369930748,99.15826001088135
16,3,0,0,3,0,2,6,159.87830600352027,156.87797300051898,294.40733199589886,158.79438100091647
30,3,0,0,2,0,2,1,94.46817998832557,111.73720599617809,243.18703699100297,102.92628599563614
11,2,0,0,0,0,0,1,78.04382000176702,113.24087700631935,192.99815098929685,96.13744499802124
20,0,0,0,3,0,3,4,88.27486999507528,106.8011940078577,118.33536400808953,64.35556699580047
16,2,0,0,1,0,2,7,101.31880900007673,114.22722200222779,228.52874000091106,108.21227199630812
27,5,0,0,2,0,2,1,103.42270700493827,117.23054600588512,251.62468499911483,96.0822679917328
46,1,0,0,2,0,2,1,97.67665900290012,106.60821599594783,266.64531299320515,96.99928500049282
18,5,0,0,1,0,2,2,95.16075800638646,77.50129699707031,312.706271011848,160.0741319998633
14,2,0,0,1,0,2,0,98.60754900728352,147.46411600208376,257.599257005495,148.30688100482803
23,3,0,0,2,0,2,1,86.99436100141611,112.56456300907303,231.2537899997551,103.85927399329375
25,4,0,0,3,0,2,1,51.492665996192954,58.524211999611,134.21554600063246,97.70911200030241
13,2,0,0,2,0,2,141,100.07880500052124,118.14393600798212,216.344003987615,91.12880600150675
2,0,0,0,0,0,0,91,73.04620200011414,100.19280399137642,119.7814110055333,46.519508003257215
18,1,0,0,2,0,2,0,74.73663700511679,103.40962500777096,211.23637699929532,95.33947899763007
1,1,0,0,0,0,0,5937,16.288598999381065,19.272309000371024,73.61690800462384,113.79168900020886
24,4,0,0,2,0,2,1,95.73378699133173,109.76059800304938,238.8492629979737,103.02422699169256
23,3,0,0,1,0,2,2,40.98543799773324,54.50487798952963,110.89622598956339,54.077806998975575
18,3,0,0,1,0,2,1,169.02805799327325,191.31231799838133,352.00498800259084,197.78501999098808
18,6,0,0,1,0,2,0,68.50352800393011,94.6194770076545,187.6394159917254,85.76101499784272
23,6,0,0,1,0,2,2,79.24306199129205,114.52279399964027,221.0488400014583,63.851004000753164
29,2,0,0,3,0,2,1,76.60443200438749,109.15652599942405,226.11783700995147,100.8527200028766
6,0,0,0,0,0,0,482,69.39704000251368,99.42462299659383,168.21350499230903,98.60993499751203
21,7,0,0,3,0,2,82,111.81144400325138,126.95182299648877,255.15892999828793,108.93714700068813
14,6,0,0,1,0,2,5,129.32100798934698,196.7915020068176,298.7696060008602,201.0375960089732
3,3,0,0,0,0,0,5631,38.56855499907397,53.243448011926375,99.86958699300885,212.5424640107667
28,8,0,0,3,0,2,0,131.29687000764534,198.62873799866065,367.4251060001552,209.05076699273195
11,3,0,0,0,0,0,12,50.68698299874086,73.9998899953207,143.6169049993623,155.93266299401876
20,2,0,0,1,0,2,1,98.50053899572231,102.89295999973547,223.9954039978329,96.25537900137715
19,6,0,0,1,0,2,1,104.62596200522967,152.11181400809437,272.08060600969475,156.2526589987101
14,2,0,0,0,0,0,1,74.33739199768752,107.75063699111342,188.8344879989745,99.28933400078677
28,1,0,0,2,0,2,1,63.57396898965817,75.5227530025877,159.80631300772075,82.02857899595983
9,1,0,0,0,0,0,41,108.54427599406336,161.77883600175846,263.89799600292463,164.5755429926794
2,0,0,0,0,0,0,1868,69.98193300387356,97.67303899570834,162.2442819934804,91.6563469945686
25,1,0,0,2,0,2,1,104.00385399407241,116.76390400680248,247.12476300192066,97.08476900414098
28,10,0,0,3,0,2,3,154.0584820031654,253.31599199853372,456.6515440092189,268.42055399902165
3,3,0,0,0,0,0,5631,38.251855003181845,52.30785100138746,100.74313299264759,215.95786900434177
22,5,0,0,1,0,2,0,35.22838500794023,46.517351001966745,97.45547799684573,43.12116399523802
20,4,0,0,2,0,1,1,111.5717499924358,161.05282500211615,284.906257991679,163.69637499155942
5,3,0,0,0,0,0,2329,59.15993399685249,84.31854800437577,139.16122600494418,101.78854900004808
12,4,0,0,0,0,0,213,77.29469599144068,110.33762399165425,191.76666700514033,106.28604999510571
7,0,0,0,0,0,0,70,71.39098200423177,101.71996399003547,174.23117598809768,94.68774599372409
24,4,0,0,3,0,2,1,47.76352700719144,51.98968600598164,119.53836599423084,90.21996699448209
40,1,0,0,3,0,2,1,78.13151300069876,111.55625499668531,256.20935900951736,105.39724300906528
13,0,0,0,1,0,2,0,74.4259700004477,106.28983800415881,193.98908400034998,96.44401900004596
22,8,0,0,1,0,2,1,174.07894899952225,258.46540500060655,384.4484030123567,128.54684000194538
20,1,0,0,2,0,2,1,183.62556300417054,182.06145300064236,353.1630799989216,179.9112949956907
9,1,0,0,1,0,2,93,151.7239729873836,147.4802040029317,232.01549699297175,77.17445598973427
7,2,0,0,0,0,0,93,74.34023800306022,105.11109500657767,180.52784599422012,99.05678199720569
3,2,0,0,0,0,0,2988,96.6112960013561,144.7872469871072,224.77150200575124,155.6135249993531
14,4,0,0,2,0,2,116,180.93743799545337,178.87338899890892,346.6167519945884,212.7208019956015
1,0,0,0,0,0,0,508,68.2964540028479,94.93584399751853,139.47566799470223,43.62492199288681
26,2,0,0,0,0,0,1,78.14819698978681,110.72740200324915,213.36168599373195,105.2886419929564
29,4,0,0,2,0,2,2,40.26826001063455,54.508244997123256,176.45991599420086,108.42265200335532
38,0,0,0,1,0,2,1,156.5984490007395,106.78473599546123,320.05479899817146,101.22812900226563
22,1,0,0,2,0,2,1,39.163114997791126,51.65079599828459,109.35470600088593,50.168478992418386
21,2,0,0,1,0,2,1,142.45549000042956,192.28275799832772,355.0167799985502,202.11672599543817
15,4,0,0,2,0,2,430,189.7715649974998,191.54744599654805,340.3326779953204,196.56720600323752
12,3,0,0,1,0,2,11,160.19547800533473,165.50955100683495,252.18688099994324,140.45013699796982
10,7,0,0,1,0,2,1475,176.54021499038208,176.6911570011871,288.4343139885459,180.75717600004282
24,6,0,0,1,0,2,1,80.50189199275337,80.60789000592194,110.49072699097451,54.31428799056448
23,3,0,0,2,0,2,2,129.25446100416593,164.63876000489108,315.8465320011601,125.59554599283729
2,1,0,0,0,0,0,1868,35.28725300566293,76.09775300079491,159.97403000073973,90.2639249979984
24,6,0,0,3,0,2,3,99.41762700327672,117.7619469963247,252.77190799533855,104.4134789990494
14,4,0,0,1,0,2,11,153.63398600311484,157.0909200090682,254.54384899057914,138.31135600048583
4,2,0,0,0,0,0,1421,82.53233799769077,122.19953798921779,196.39987300615758,119.2796129907947
21,2,0,0,2,0,2,1,77.57344299170654,108.184570010053,215.65702999942005,100.39674599829596
26,7,0,0,3,0,2,1,147.92363900050987,201.67742100602482,379.46713200653903,201.5904879954178
18,4,0,0,1,0,2,0,81.99890700052492,101.31333500612527,203.42310499108862,94.63724600209389
23,1,0,0,2,0,2,0,74.97036500717513,104.67355800210498,216.71948999573942,98.89468099572696
25,8,0,0,1,0,2,1,82.17249400331639,111.17901500256266,224.27105900715105,107.13927198958118
34,1,0,0,3,0,3,1,96.64426399103831,108.41744000208564,258.5099689895287,103.80142599751707
11,1,0,0,0,0,0,3,52.17261098732706,73.57088000571821,223.88698600116186,134.77428400074132
26,1,0,0,2,0,2,1,41.406860007555224,53.63038800715003,115.58682400209364,91.82697800861206
18,6,0,0,1,0,2,0,67.9273620044114,95.22588801337406,189.2095819930546,86.05588298814837
24,1,0,0,2,0,2,0,98.63777601276524,102.98181300458964,244.8076690052403,95.21713999856729
14,2,0,0,1,0,2,1,53.25503399944864,73.26149199798238,137.03694600553717,79.15194099768996
27,1,0,0,3,0,2,2,76.8117620027624,106.76912000053562,236.83668999001384,94.53626300091855
8,1,0,0,0,0,0,0,74.57771799818147,105.63955300312955,180.04967099113856,102.95457200845703
24,1,0,0,2,0,2,0,72.71731599757914,102.693270004238,216.64970098936465,95.73385000112467
13,3,0,0,1,0,2,1,104.92318400065415,149.82498699100688,265.06474299822,154.07713399326894
24,4,0,0,4,0,2,2,190.26425400807057,193.35397200484294,380.5291699973168,166.1918309982866
10,1,0,0,2,0,2,102,128.8849510019645,118.11280201072805,214.6729309897637,111.73031499492936
1,0,0,0,0,0,0,5690,38.06170600000769,51.62163700151723,108.00793599628378,90.41059500304982
11,7,0,0,1,0,2,97,194.11538199346978,115.19585200585425,302.8139810048742,108.82202300126664
15,3,0,0,2,0,2,4,180.08270299469586,141.9567859993549,250.44894698658027,104.77482499845792
19,3,0,0,3,0,2,1,146.48151100846007,196.93154100968968,357.1020910021616,200.4965360101778
9,1,0,0,1,0,2,138,91.93576801044401,123.14653099747375,162.1786460018484,109.40598500019405
1,0,0,0,0,0,0,5937,17.24099600687623,20.16203699167818,73.30598299449775,88.62049800518434
21,4,0,0,1,0,2,1,79.43906899890862,112.85121800028719,219.97175800788682,107.68432600889355
3,3,0,0,0,0,0,5631,37.74164000060409,53.11256799905095,99.87420399556868,215.43254000425804
13,4,0,0,1,0,1,0,147.60269300313666,226.9530740013579,364.93344299378805,231.00639300537296
15,6,0,0,1,0,1,1,105.16984498826787,155.11647499806713,264.7340340045048,160.6170589948306
3,2,0,0,0,0,0,3594,28.391721003572457,37.981395013048314,73.5966620122781,156.15930999047123
25,5,0,0,4,0,2,1,99.60950100503396,82.28191499074455,127.21503400825895,47.75842500384897
12,1,0,0,1,0,2,1,74.58817200677004,104.94482600188348,195.76970500929747,98.97405399533454
25,1,0,0,0,0,0,1,75.59676299570128,108.22915699100122,208.79123099439312,102.91317800874822
3,3,0,0,0,0,0,5631,37.82915198826231,52.466890003415756,100.81714700208977,214.3101330002537
13,1,0,0,1,0,2,1,73.05765101045836,102.06677600217517,193.25048400787637,96.04583500185981
10,2,0,0,0,0,0,1,78.72957400104497,107.29448200436309,96.9212019990664,53.645221996703185
3,1,0,0,0,0,0,1111,70.53853599063586,102.18662400438916,166.7725570005132,95.46543999749701
29,1,0,0,2,0,2,1,73.85550299659371,108.29200599982869,226.94617000524886,100.88449998875149
7,3,0,0,0,0,0,2277,82.69282200490125,122.86813399987295,185.00699500145856,89.55119700112846
6,2,0,0,0,0,0,1409,43.35732400068082,62.44451001111884,103.04408099909779,135.28194000537042
23,7,0,0,3,0,2,5,132.04925401078071,168.30359399318695,324.48566899984144,159.0923589974409
36,2,0,0,6,0,2,1,98.19761500693858,112.8429509990383,274.3790429958608,102.40099899237975
20,5,0,0,2,0,1,1,110.55255599785596,158.8159109960543,283.90104000573047,163.2710299891187
6,4,0,0,0,0,0,911,120.07926899241284,189.7053440043237,281.9166609988315,201.98948599863797
15,4,0,0,1,0,1,1,126.34083798911888,192.76278400502633,323.1540849956218,202.1101979917148
25,1,0,0,3,0,2,1,46.946149013820104,57.56409499736037,121.64466800459195,55.43136099004187
28,9,0,0,3,0,2,2,129.1774660057854,196.05155699537136,337.7850589895388,207.13632299157325
30,1,0,0,3,0,2,1,76.34914301161189,104.08705200825352,239.29366099764593,94.70103700004984
18,3,0,0,1,0,2,1,73.73971400375012,103.61612700216938,204.09799199842382,95.42559800320305
20,1,0,0,2,0,2,1,112.889839001582,160.52628500619903,288.16074899805244,162.02926699770615
14,6,0,0,1,0,2,5,183.65030799759552,255.3893739968771,387.1096410002792,247.6094669982558
18,2,0,0,0,0,0,1,53.53214299248066,81.54077899234835,133.89880399336107,81.46428999316413
17,3,0,0,0,0,0,1,76.53687000856735,109.12927800382022,199.13316798920278,103.46012099762447
3,1,0,0,0,0,0,2679,50.51381699740887,71.57528599782381,130.34358399454504,98.89376199862454
33,3,0,0,5,0,2,1,100.3503450046992,105.5685059982352,262.6915630098665,94.30028099450283
21,2,0,0,1,0,2,2,80.43838100275025,112.67993500223383,217.0941939984914,87.51757499703672
1,0,0,0,0,0,0,3585,61.5827680012444,89.2692320048809,149.37671399093233,89.27753599709831
22,2,0,0,0,0,0,1,76.89108399790712,107.046243007062,199.53785199322738,99.99675200378988
16,1,0,0,1,0,2,1,39.919657006976195,50.56382899056189,105.50847699050792,48.112641990883276
24,2,0,0,2,0,2,1,42.21675300505012,60.539237994817086,233.3351080014836,107.3191999894334
14,3,0,0,1,0,2,0,129.1811380069703,191.67425499472301,325.62657998641953,195.97738698939793
14,2,0,0,1,0,2,3,182.94423499901313,160.270363005111,337.3613169969758,164.92579098849092
15,4,0,0,1,0,1,1,71.31240499438718,102.46336000273004,186.95460399612784,94.63259299809579
20,1,0,0,1,0,2,1,96.7697349988157,109.33737098821439,231.49320000084117,102.8193999954965
28,2,0,0,1,0,2,1,79.57807500497438,110.42190100124571,223.75946199463215,107.14405300677754
15,1,0,0,2,0,2,4,177.19346898957156,119.82283100951463,293.4797449997859,100.17929998866748
4,1,0,0,0,0,0,1858,100.63910999451764,151.33848899859004,230.80789200321306,153.72593198844697
28,7,0,0,1,0,2,1,42.24652699485887,55.57885899906978,115.43503600114491,53.677575997426175
1,0,0,0,0,0,0,3966,36.76138099399395,48.428523004986346,105.72798798966687,91.11074499378446
24,1,0,0,1,0,2,1,94.81271699769422,107.91410299134441,234.33771201234777,83.2791040011216
5,4,0,0,0,0,0,1897,91.67644300032407,139.8111250018701,213.9579949871404,203.329734998988
17,3,0,0,2,0,2,1,100.39723200316075,110.25371700816322,239.61951999808662,63.236869013053365
23,2,0,0,1,0,2,1,78.35747800709214,112.90884199843276,217.21866600273643,107.26246100966819
23,4,0,0,2,0,1,1,83.48940199357457,82.53454399527982,217.15092100203037,103.30232999695
20,2,0,0,3,0,2,42,97.73610200500116,119.57958700077143,247.94962198939174,69.50312800472602
26,3,0,0,3,0,2,1,50.810034008463845,59.983123996062204,238.30595800245646,103.46198298793752
3,2,0,0,0,0,0,2988,117.76733600709122,180.7036599930143,274.37653100059833,198.99652000458445
20,1,0,0,2,0,2,34,109.00040599517524,124.07453199557494,247.57683298958,107.18009399715811
28,2,0,0,3,0,2,1,40.44564699870534,54.2672710143961,220.44868901139125,104.75210299773607
20,1,0,0,1,0,2,1,47.97366900311317,53.46425999596249,116.15740098932292,52.318232992547564
9,5,0,0,1,0,2,1849,155.60879900294822,185.67043499206193,259.8589279950829,211.20089199393988
3,1,0,0,0,0,0,0,78.99793599790428,148.33451800222974,236.45585800113622,148.66862099734135
32,2,0,0,2,0,2,1,83.45580099557992,109.43608400702942,241.3060380058596,99.41490199707914
21,4,0,0,3,0,2,62,106.04068399698008,124.79608198918868,253.92822000139859,108.66368899587542
42,3,0,0,6,0,4,1,195.06393300252967,192.90541000373196,404.52997700776905,164.5219240017468
17,0,0,0,1,0,2,1,99.99532099755015,105.16095600905828,226.98422901157755,99.08417500264477
15,2,0,0,0,0,0,30,77.55279900447931,113.4584410028765,198.75104099628516,106.27322399523109
18,2,0,0,2,0,2,1,52.51493401010521,57.90287799027283,123.49989799258765,50.07102500530891
1,1,0,0,0,0,0,5937,16.404466005042195,19.595234000007622,73.9112599985674,113.01112899673171
5,0,0,0,0,0,0,1409,63.253307991544716,89.64373399794567,152.97567799279932,100.54905599099584
26,5,0,0,3,0,2,1,98.73084499849938,119.8215959884692,256.2211299955379,85.87844899739139
11,1,0,0,1,0,2,40,97.97388500010129,107.70889100967906,215.73044000251684,97.13768100482412
21,3,0,0,2,0,2,1,78.13932400313206,106.78660198755097,215.24718700675294,100.48872599145398
10,1,0,0,0,0,0,1,77.68434900208376,111.19909900298808,191.9044409878552,105.97473398956936
25,5,0,0,1,0,2,0,37.43607499927748,52.029933998710476,151.8165180023061,97.77575099724345
20,4,0,0,2,0,2,0,73.85581699782051,104.54020599718206,210.88816800329369,98.0950910015963
25,5,0,0,1,0,2,0,73.94322199979797,101.52415699849371,204.82221199199557,94.49400700395927
2,0,0,0,0,0,0,3629,39.123516995459795,53.67252200085204,111.12812900682911,95.16406200418714
12,6,0,0,1,0,2,5,74.83636200777255,102.45459699945059,189.68638799560722,91.12948199617676
19,2,0,0,1,0,2,0,183.035961992573,154.14687398879323,337.8314260044135,145.40269499411806
13,6,0,0,2,0,1,15,54.27980801323429,77.87773199379444,166.58881399780512,162.69009999814443
18,1,0,0,0,0,0,1,75.7190619915491,105.90925900032744,129.37561499711592,49.7870819963282
22,2,0,0,1,0,2,1,75.51232299010735,105.12056399602443,207.88552299200092,98.56045799097046
6,2,0,0,0,0,0,482,36.063229010323994,49.57135800214019,117.83217800257262,102.62936999788508
19,4,0,0,2,0,1,1,75.50736899429467,107.33259900007397,202.78808400325943,100.731992002693
16,1,0,0,1,0,2,1,102.27357198891696,149.8032149975188,267.0688969956245,154.0736890019616
24,9,0,0,3,0,2,19,111.8482109886827,126.39548900187947,261.0376590018859,106.14187699684408
18,3,0,0,1,0,2,1,71.8766189966118,101.2364299967885,197.72805299726315,94.49554499587975
17,1,0,0,2,0,2,135,103.34070400858764,118.26141799974721,235.45215600461233,105.84322200156748
42,1,0,0,5,0,2,1,77.3100840015104,108.22701999859419,256.60389600670896,104.49261100438889
19,1,0,0,2,0,2,0,38.57258000061847,53.21516300318763,168.87324600247666,57.20338299579453
12,3,0,0,1,0,2,1,75.37541700003203,97.20457601360977,190.65554399276152,88.70308799669147
5,1,0,0,0,0,0,63,35.8374659990659,48.00965300819371,82.36098400084302,43.64560599788092
2,1,0,0,0,0,0,2989,67.49274600588251,95.51353300048504,156.51994000654668,92.01586000563111
22,1,0,0,1,0,2,1,83.77926799585111,105.51224699884187,214.89830999053083,96.97479500027839
37,2,0,0,4,0,2,0,147.64865400502458,203.95389599434566,383.40511699789204,202.74726999923587
25,2,0,0,2,0,2,1,80.34926200343762,111.17667800863273,229.12385799281765,107.07537300186232
10,4,0,0,0,0,0,0,53.59167700225953,106.45411298901308,255.95455900474917,162.29914600262418
22,3,0,0,1,0,2,0,104.19542698946316,149.92004600935616,274.7993600059999,154.3470670003444
29,1,0,0,1,0,2,1,91.92773699760437,110.49018999619875,241.8838800076628,103.93069499696139
26,3,0,0,2,0,2,1,100.21878499537706,104.40551000647247,242.38576900097542,96.26398800173774
23,2,0,0,1,0,2,1,109.52389700105414,150.95983099308796,286.42092099471483,155.1820949971443
22,3,0,0,1,0,2,1,68.07939999271184,52.28270999214146,106.90573501051404,52.29683699144516
38,1,0,0,7,0,3,1,101.52154600655194,120.18070599879138,296.80104900035076,102.83549000450876
6,1,0,0,0,0,0,200,77.3522779927589,109.64476699882653,181.5266729972791,102.8702159965178
24,7,0,0,3,0,2,18,50.736560006043874,100.17263800546061,253.77409199427348,106.25288299343083
27,1,0,0,3,0,2,1,41.00786001072265,53.642127008060925,119.12959400797263,53.16731799393892
12,0,0,0,2,0,3,4,152.36615401227027,111.89118299807888,263.6735939886421,103.47042299690656
26,3,0,0,0,0,0,1,78.06257301126607,110.0924100028351,211.2882270012051,105.05577499861829
10,4,0,0,0,0,0,212,75.94279300246853,109.54740500892513,189.6057859994471,106.87146600685082
12,3,0,0,0,0,0,94,102.71039600775111,154.87189800478518,251.18209100037348,156.04766199248843
21,1,0,0,1,0,2,2,93.81561299960595,103.6541759967804,229.7817880025832,97.67775698855985
28,9,0,0,3,0,2,1,40.7690550055122,55.54652800492477,122.54024400317576,54.755099990870804
26,2,0,0,2,0,2,1,77.4357019981835,109.43801399844233,220.09424399584532,99.48170999996364
23,2,0,0,3,0,2,9,99.20881199650466,118.60718400566839,249.7857239941368,103.27146199415438
39,1,0,0,4,0,2,1,97.50990101019852,112.18600199208595,272.83434399578255,103.38980899541639
4,4,0,0,0,0,0,5074,58.59222299477551,85.46447900880594,127.99250900570769,247.21328799205367
20,1,0,0,1,0,1,1,77.35290699929465,108.66366600384936,204.651587002445,102.70494400174357
23,7,0,0,3,0,2,0,62.30570799380075,79.72789499035571,158.49794600217137,82.22411599126644
11,3,0,0,1,0,2,283,177.87358499481343,265.12272900436074,381.6900469973916,264.8447740066331
26,6,0,0,3,0,2,2,196.09466299880296,237.832774000708,424.7935980092734,230.76759099785704
26,1,0,0,2,0,2,2,110.90605201025028,123.97806299850345,256.8954119924456,104.63268001331016
10,3,0,0,1,0,2,93,179.8153660056414,241.3844330003485,318.98973099305294,181.46098000579514
15,3,0,0,2,0,1,11,72.93178800318856,104.13992700341623,191.2121760105947,96.19088900217321
7,4,0,0,0,0,0,400,99.16935599176213,150.0724910001736,242.63411900028586,159.94802900240757
32,1,0,0,2,0,2,1,101.29412201058585,115.71411800105125,263.01758499175776,108.04282099707052
3,1,0,0,0,0,0,73,74.47307200345676,104.27938899374567,175.2151800028514,98.82582399586681
4,2,0,0,0,0,0,1421,43.464581001899205,119.08285800018348,195.5948899994837,162.5723890028894
22,2,0,0,0,0,0,1,75.35830599954352,112.86315100733191,204.42190500034485,110.35484299645759
42,5,0,0,5,0,2,1,84.07875000557397,106.62078500899952,259.8075419955421,101.54255200177431
2,0,0,0,0,0,0,442,66.23186598881148,96.93536401027814,162.72834899427835,92.8936129930662
27,2,0,0,2,0,2,1,53.72612600331195,57.458755996776745,171.00604399456643,99.22465099953115
18,1,0,0,1,0,2,1,99.65236899734009,114.59990400180686,114.13181098760106,96.12742300669197
3,2,0,0,0,0,0,4035,40.424231003271416,56.80647000554018,109.73427099816035,98.21870399173349
10,2,0,0,1,0,2,93,182.60967200330924,213.31276599084958,319.2671610013349,185.4758509871317
28,1,0,0,1,0,2,1,81.45089399477001,105.17676199378911,221.14506100479048,98.69434000574984
26,7,0,0,3,0,2,1,151.4821269956883,222.08838700316846,385.96979100839235,204.1431990073761
11,1,0,0,1,0,2,1,122.81828898994718,180.83581799874082,278.70042699214537,167.36561799189076
25,1,0,0,3,0,2,0,37.68002700235229,58.432892998098396,217.28465000342112,96.37842999654822
3,1,0,0,0,0,0,175,73.84918500611093,103.1479160010349,170.64901000412647,95.53742599382531
16,3,0,0,2,0,2,0,98.9601670007687,118.28675899596419,233.02404199785087,108.31006499938667
28,8,0,0,3,0,2,1,77.61208899319172,109.69013399153482,238.89618999965023,104.29408699565101
13,1,0,0,1,0,2,21,44.62953199981712,75.22411900572479,173.75684999569785,103.30483899451792
1,0,0,0,0,0,0,5937,16.99399399512913,20.084178991965018,74.55286699405406,91.78943300503306
20,7,0,0,2,0,1,0,169.75523899600375,262.901066991617,209.8930729989661,133.65174099453725
3,3,0,0,0,0,0,5631,38.30268999445252,52.57025599712506,98.10466099588666,217.0593079936225
17,2,0,0,1,0,2,55,79.65547899948433,111.8554260028759,165.9984669968253,54.74910499469843
2,1,0,0,0,0,0,3629,47.69478399248328,69.4031629973324,131.71250199957285,153.45934400102124
23,1,0,0,1,0,2,1,94.69886899751145,110.15025799861178,231.02635800023563,101.46053499192931
5,1,0,0,0,0,0,2337,76.27539199893363,111.08923699066509,175.949907003087,161.29191100480966
10,0,0,0,0,0,0,0,75.08720799523871,105.91835500963498,182.55022600351367,100.40917999867816
28,6,0,0,1,0,2,1,79.53587498923298,111.53754199040122,225.1509900088422,107.42667599697597
19,6,0,0,1,0,2,1,125.398086005589,203.23505900159944,346.9142539979657,209.49136800481938
26,1,0,0,3,0,2,1,53.74002100143116,57.37068099551834,131.9391120050568,50.03590299747884
15,0,0,0,3,0,2,6,133.12322199635673,118.28829800651874,268.3489930059295,101.86633899866138
14,5,0,0,1,0,2,5,130.50533400382847,195.38132898742333,327.58338999701664,198.21380299981683
12,3,0,0,1,0,2,5,75.50267099577468,101.8688629992539,187.77344799309503,90.82159199169837
14,9,0,0,1,0,2,5,129.6135669981595,196.5539179946063,326.4713949902216,200.99460099299904
3,1,0,0,0,0,0,3594,43.87934200349264,59.766473990748636,116.32200499298051,98.59341199626215
24,6,0,0,2,0,2,0,77.55305300815962,112.83544100297149,226.12123399449047,106.83392599457875
15,3,0,0,2,0,2,1,50.41115698986687,51.69326900795568,117.15364499832503,49.27291700732894
27,5,0,0,1,0,2,1,77.51740999810863,106.99376599222887,216.57886799948756,100.39902399876155
19,4,0,0,1,0,2,1,98.99620299984235,110.5809229920851,225.04358600417618,103.1449600122869
12,2,0,0,0,0,0,6,78.73824000125751,101.6610490041785,141.531800996745,109.37116098648403
7,0,0,0,0,0,0,295,71.44363099359907,102.100189003977,169.93357498722617,96.16634999110829
4,3,0,0,0,0,0,1958,133.93681999878027,208.21898999565747,309.77410000923555,230.5252949881833
15,1,0,0,1,0,2,7,94.69198501028586,107.52032200980466,223.24201100855134,101.93813500518445
20,6,0,0,3,0,2,0,132.14161100040656,198.77290500153322,220.2732419973472,192.72715000261087
21,3,0,0,1,0,2,0,38.83468700223602,92.73475800000597,207.86751799460035,97.03276200161781
2,1,0,0,0,0,0,1868,69.07321600010619,96.8510789971333,158.07826899981592,89.45805199618917
10,2,0,0,1,0,2,607,92.27202399051748,115.79401700873859,205.29577998968307,112.86118300631642
20,2,0,0,2,0,2,1,177.9301439964911,98.12956399400719,178.93106199335307,174.69832599454094
20,1,0,0,1,0,1,0,77.41040601104032,110.66396000387613,203.74130700656679,103.82385199773125
22,1,0,0,3,0,2,1,70.49857900710776,51.8113799917046,143.29849999921862,94.70237599452958
25,5,0,0,1,0,2,0,83.79837799293455,110.91426700295415,205.89400200697128,105.17791299207602
8,3,0,0,1,0,1,136,81.46177399612498,104.27031498693395,183.57787799322978,96.95532300975174
10,1,0,0,0,0,0,1,74.97729299939238,105.44144800223876,184.41464300849475,98.58909799368121
24,4,0,0,2,0,2,1,103.80609599815216,121.17782700806856,246.56409499584697,105.00043399224523
7,5,0,0,0,0,0,404,162.54585700517055,251.32458300504368,325.1789390051272,253.64949599315878
29,4,0,0,3,0,3,1,80.24506899528205,96.90600600151811,122.44214999373071,54.469995011459105
20,2,0,0,2,0,2,1,122.01149099564645,183.42139200831298,188.83370999537874,197.07232200016733
30,4,0,0,2,0,2,1,104.81051300303079,154.8928900010651,301.110169995809,158.89337500266265
24,7,0,0,3,0,2,18,99.1687979985727,77.75587499781977,253.80119601322804,106.63739500159863
6,2,0,0,0,0,0,1409,64.47491599828936,91.47514299547765,155.21591699507553,103.22372100199573
2,2,0,0,0,0,0,5771,26.97295800317079,34.692622008151375,66.34027800464537,173.61243200139143
31,1,0,0,2,0,2,1,64.3251900037285,51.37243299395777,129.2485359881539,49.299924008664675
5,2,0,0,1,0,1,0,116.929801995866,108.48501900909469,208.63845299754757,99.92208000039682
26,4,0,0,3,0,2,1,98.8435280014528,120.7329809985822,256.6046090068994,104.46617699926719
16,1,0,0,2,0,2,220,103.53221200057305,119.9478439957602,232.95285399944987,109.47355801181402
28,6,0,0,3,0,2,1,79.19991700327955,112.81174300529528,242.33428899606224,106.00904800230637
13,1,0,0,0,0,0,1,40.555800005677156,54.967828997178,98.89321000082418,54.39298099372536
33,1,0,0,5,0,3,1,100.66314200230408,108.20947699539829,277.8944650053745,97.9862220119685
2,0,0,0,0,0,0,1868,68.70886799879372,96.82813299878035,157.8108149988111,90.83430000464432
22,2,0,0,1,0,2,0,69.11804698756896,96.75088300718926,193.04663498769514,85.58932000596542
11,5,0,0,1,0,2,5,186.2893210054608,275.72172399959527,399.7173960087821,271.74356700561475
29,4,0,0,2,0,2,2,107.17787900648545,158.30805100267753,299.7883939970052,162.16118300508242
14,1,0,0,1,0,2,3,51.047561995801516,50.97950699564535,112.70273099944461,49.238670006161556
27,3,0,0,2,0,2,1,104.89646199857816,117.17544200655539,251.2838459952036,95.69452599680517
26,3,0,0,3,0,2,1,103.55846100719646,117.54789100086782,263.1727230036631,96.34070399624761
1,0,0,0,0,0,0,508,69.48766500863712,96.82580200023949,157.30653700302355,87.48847700189799
28,6,0,0,1,0,2,1,80.28818700404372,111.9982730015181,229.32001399749424,107.69620099745225
22,4,0,0,1,0,2,1,77.11122700129636,104.2907220107736,208.7791730009485,97.40190699812956
28,6,0,0,3,0,2,0,70.77929101069458,99.52328499639407,219.6682969952235,93.30193299683742
25,2,0,0,3,0,2,1,52.84066199965309,57.81926799681969,134.66892500582617,98.03912400093395
6,0,0,0,0,0,0,1409,64.49134000285994,93.09365499939304,156.05644400056917,106.29873198922724
31,4,0,0,4,0,2,0,128.2935070048552,163.52501600340474,337.1892049908638,160.05455699632876
7,2,0,0,0,0,0,115,128.60142000135966,198.6088489938993,308.11491099302657,209.48624800075777
20,1,0,0,1,0,2,1,78.32794800924603,78.11674498952925,110.03370099933818,71.4287279988639
12,0,0,0,1,0,2,21,84.74836699315347,103.04050400736742,198.2078950095456,94.88309199514333
21,7,0,0,3,0,2,82,109.24491200421471,125.89335400843993,169.0888260054635,54.82191199553199
7,4,0,0,0,0,0,593,126.16404399159364,112.7401639969321,269.65741999447346,232.18333600379992
10,3,0,0,1,0,2,1153,173.30393599695526,253.28962500498164,350.0269189971732,274.0843929932453
21,3,0,0,2,0,2,1,83.70474900584668,114.12914699758403,225.5047979997471,105.34846199152526
25,3,0,0,1,0,2,1,82.96639900072478,113.89094100741204,223.71981300238986,105.91694300819654
21,2,0,0,2,0,2,1,108.93143399152905,150.22280999983195,289.21809399616905,154.73594500508625
6,4,0,0,0,0,0,1897,48.76031099411193,74.64496599277481,109.57563699048478,104.62332899624016
26,1,0,0,3,0,2,1,98.60324200417381,118.5486390022561,248.8825050095329,102.57586500665639
33,2,0,0,1,0,2,1,78.0325579980854,112.3438439972233,232.00857700430788,83.2443899998907
16,6,0,0,1,0,2,1,107.35338200174738,160.31168900371995,281.44188498845324,164.7977800021181
7,2,0,0,1,0,1,51,125.90838100004476,107.21019099582918,214.8170969885541,100.33341900270898
20,1,0,0,0,0,0,1,78.14969099126756,110.91096400923561,205.44037099170964,105.6974410021212
22,1,0,0,3,0,2,1,85.3338719898602,113.72180198668502,234.6547199995257,108.77697299292777
28,2,0,0,3,0,2,1,104.07394799403846,117.97998099063989,258.22425600199495,97.84196900727693
14,7,0,0,1,0,2,1,186.56587399891578,228.04423999332357,403.13053100544494,230.69125600159168
6,3,0,0,0,0,0,24,75.70498398854397,109.40727799606975,180.1317060017027,101.92569700302556
22,5,0,0,2,0,2,1,98.79882700624876,107.37192000669893,233.7941360019613,97.7052870002808
13,1,0,0,1,0,2,24,90.00837299390696,109.61692300043069,214.24776398635004,104.254656995181
22,8,0,0,3,0,2,30,116.15938298928086,94.92038999451324,181.2461270019412,82.14368599874433
29,3,0,0,3,0,3,0,80.20646599470638,113.1030800024746,241.35433400806505,105.32585599867161
12,5,0,0,1,0,2,5,122.61997700261418,179.79709200153593,290.87052898830734,177.36078299640212
8,1,0,0,0,0,0,381,72.49652300379239,106.16482498880941,175.82806599966716,104.65702999499626
15,4,0,0,1,0,1,1,74.72907699411735,104.38681500090752,193.25256599404383,98.56432800006587
17,0,0,0,2,0,2,24,106.29131499445066,123.66355300764553,240.7152959931409,112.2718559927307
21,1,0,0,2,0,2,0,98.3609980030451,104.34414401242975,235.94510999100748,62.10586799716111
36,1,0,0,5,0,4,1,100.29476799536496,120.39077599183656,295.30625499319285,103.14811699208803
11,6,0,0,1,0,2,1032,170.79178700805642,167.29778800799977,284.8038750089472,180.01935099891853
18,1,0,0,2,0,2,1,106.18584799522068,118.97686500742566,240.82792300032452,98.1398750009248
32,2,0,0,1,0,1,1,78.1471660011448,109.97945199778769,220.86947500065435,106.21066599560436
6,2,0,0,0,0,0,4,71.25997100956738,103.56944501108956,172.11089299235027,92.15764299733564
10,4,0,0,1,0,2,0,72.65989801089745,111.52902600588277,248.29994300671387,226.61805400275625
22,4,0,0,2,0,3,1,84.59377400868107,113.07218999718316,226.97447800601367,106.43678800261114
18,2,0,0,1,0,2,1,40.41132499696687,52.76488100935239,104.45895799784921,83.89741998689715
21,1,0,0,3,0,2,1,50.32321100588888,51.94441700587049,230.00452401174698,94.0703390078852
3,2,0,0,0,0,0,3176,57.378257013624534,79.95097700040787,140.30952598841395,99.70588100259192
22,2,0,0,2,0,2,2,101.99283598922193,109.06312099541537,237.60520199721213,97.16446700622328
20,2,0,0,0,0,0,1,75.33122099994216,106.48685198975727,197.2934340010397,99.64346799824852
29,4,0,0,3,0,2,1,84.55553799285553,113.01427500438876,240.91390499961562,105.70976299641188
21,2,0,0,1,0,2,1,177.34514799667522,153.56027300003916,210.76896600425243,157.07599300367292
3,1,0,0,0,0,0,412,97.72510699986015,69.82321299437899,116.37265999161173,77.55909900879487
6,0,0,0,0,0,0,482,70.13720399118029,99.37471699959133,169.92742900038138,99.91957599413581
7,5,0,0,0,0,0,593,144.47521900001448,222.6838089991361,338.15907601092476,234.9301590002142
11,2,0,0,1,0,2,1107,96.5623819938628,131.51129000470974,210.7563809986459,127.8896190051455
14,0,0,0,1,0,2,1,75.89485400239937,110.18533400783781,198.85100999090355,99.61653700156603
24,1,0,0,1,0,2,1,40.2273000072455,55.209694008226506,110.69315699569415,52.7774229994975
20,6,0,0,2,0,1,0,106.74661399389151,159.35529900889378,277.8430439939257,162.57323400350288
27,1,0,0,3,0,2,1,74.23871599894483,105.09528800321277,232.29852100485004,95.27391601295676
8,1,0,0,0,0,0,2,72.3042350000469,102.71475500485394,177.63288000423927,95.16364299634006
24,7,0,0,1,0,2,1,79.63617600034922,112.1520200103987,223.32897600426804,107.12197799875867
21,2,0,0,1,0,2,1,78.87451400165446,110.85199199442286,157.4387989967363,54.02808300277684
14,5,0,0,1,0,2,5,108.0444769904716,156.5005839947844,272.07827899837866,158.2863079966046
16,5,0,0,2,0,2,20,49.931910005398095,54.91526499099564,162.3480650014244,108.26628399081528
24,5,0,0,3,0,2,3,98.3101349993376,110.07517299731262,185.5712309916271,103.86124700016808
14,2,0,0,1,0,2,0,68.01657000323758,95.78932900330983,182.08094699366484,85.64040999044664
16,1,0,0,0,0,0,1,76.81437599239871,113.50551899522543,197.3812570067821,105.66815799393225
22,2,0,0,0,0,0,1,75.91932799550705,107.19399299705401,199.56534999073483,100.14096900704317
21,3,0,0,1,0,2,1,183.31652499909978,155.4769789945567,342.8678580094129,159.07586499815807
30,2,0,0,3,0,2,1,102.78392600594088,120.6735169980675,268.30416700977366,107.2889729985036
19,1,0,0,3,0,2,1,51.43714300356805,52.7359990082914,123.0400490021566,51.495437990524806
22,4,0,0,2,0,2,0,97.54216500732582,104.1674640000565,231.7671019991394,98.1785430049058
11,6,0,0,1,0,2,57,171.86945899447892,146.1486739863176,292.7008809929248,123.65249601134565
12,3,0,0,0,0,0,69,78.42754700686783,111.6243169963127,194.7874059987953,106.38313100207597
8,2,0,0,0,0,0,7,37.2320629976457,50.38199199771043,88.79985800012946,47.47456399491057
15,2,0,0,2,0,2,1,83.98266400035936,108.89967599359807,212.34478100086562,96.65177900751587
14,5,0,0,1,0,1,1,71.96234200091567,103.29257500416134,186.02424699929543,93.13024699804373
3,0,0,0,0,0,0,903,65.88888000987936,94.95544999663252,160.8343919942854,97.73276299529243
24,1,0,0,2,0,2,1,40.419433993520215,97.63263301283587,226.88643100264017,105.5736410053214
25,1,0,0,4,0,2,1,101.5399469906697,120.04638000507839,252.98443900828715,101.72253201017156
15,1,0,0,2,0,2,310,101.04039299767464,117.42841600789689,231.61708000407089,114.17400899517816
26,3,0,0,3,0,2,1,97.32066199649125,118.7655910034664,257.33537900669035,103.64899100386538
19,1,0,0,2,0,1,1,37.91262200684287,50.814354995964095,100.59200100658927,48.422414998640306
15,7,0,0,1,0,2,1,78.48610798828304,110.68100199918263,207.05404700129293,102.54285398696084
10,4,0,0,1,0,2,93,184.332089003874,231.4096839982085,329.2890279990388,188.19512099435087
28,6,0,0,1,0,2,0,77.90230699174572,111.83337699912954,222.3492570046801,105.95096400356852
14,2,0,0,0,0,0,1,38.10625401092693,57.15495800541248,96.40552500786725,50.40757800452411
13,1,0,0,1,0,2,38,99.84052999061532,104.81517799780704,220.24177199637052,96.99696200550534
13,3,0,0,2,0,2,11,86.57545800087973,104.35502100153826,206.31642499938607,95.03800301172305
20,5,0,0,1,0,2,2,87.68561099714134,112.04672600433696,219.4855409907177,104.27673000958748
23,1,0,0,1,0,2,1,98.76265199272893,104.87665099208243,230.4919720045291,95.49148399673868
13,0,0,0,1,0,1,2,124.99769499117974,103.95256700576283,205.50747500965372,98.85655500693247
16,8,0,0,1,0,2,1,70.34247599949595,101.53086799255107,194.07661999866832,95.90265100996476
18,3,0,0,1,0,2,4,81.91761700436473,51.50209700514097,137.49317999463528,48.27381198992953
1,0,0,0,0,0,0,2995,66.33947999216616,95.20591200271156,156.3536820031004,88.27532098803204
5,4,0,0,0,0,0,1897,101.33181799028534,155.50931400503032,231.62858400610276,232.49142699933145
10,1,0,0,0,0,0,0,76.51929299754556,108.99882200465072,184.22227499831934,101.03816700575408
14,5,0,0,1,0,2,5,129.29142099164892,195.4421879927395,324.7136260033585,200.0788330042269
6,0,0,0,0,0,0,1409,33.125128989922814,45.43860199919436,78.78970699675847,53.10745800670702
22,3,0,0,2,0,1,1,73.86068299820181,102.85194199241232,204.15713399415836,94.51985100167803
15,5,0,0,2,0,1,2,74.95023000228684,105.06936800084077,198.42676199914422,98.13898999709636
25,7,0,0,1,0,2,1,111.41234500973951,159.02917699713726,292.2350769949844,163.95844100043178
15,2,0,0,2,0,2,310,100.03846600011457,118.42698499094695,231.05326099903323,113.76822199963499
3,2,0,0,0,0,0,3098,33.22593199845869,45.67188299552072,76.3096409937134,50.97314600425307
24,1,0,0,2,0,2,1,83.21703001274727,111.74433999985922,227.7305659954436,105.22263500024565
16,0,0,0,2,0,2,1,77.31009100098163,108.0452490132302,210.6290700030513,100.14679199957754
25,0,0,0,0,0,0,0,70.7072580116801,101.34679800830781,194.90977399982512,89.82967100746464
14,3,0,0,2,0,2,0,116.10202600422781,156.203350998112,275.15247599512804,161.8871719983872
10,1,0,0,0,0,0,329,76.01604299270548,110.8494049985893,183.0458579934202,105.25167699961457
6,0,0,0,0,0,0,482,69.96532800258137,98.58822499518283,168.10470999917015,100.94574399408884
16,1,0,0,0,0,0,1,71.51016900024842,102.5290270044934,185.0842909916537,47.47275001136586
26,1,0,0,2,0,2,1,95.89317398786079,107.48526400129776,244.81966499297414,104.24359099124558
23,1,0,0,1,0,2,1,97.558002002188,107.87841099954676,233.7885209999513,102.83734099357389
3,2,0,0,0,0,0,3559,54.29705700953491,75.24290699802805,130.89140599186067,104.2792430089321
13,1,0,0,2,0,2,1019,96.01682300854009,72.20070599578321,160.20045599725563,124.7437239944702
11,1,0,0,1,0,2,5,95.6396469991887,50.50907799159177,110.23031199874822,48.536349000642076
30,1,0,0,3,0,2,1,99.25577700778376,103.81117998622358,262.54956200136803,97.0489799947245
21,3,0,0,1,0,2,2,80.36990999244153,113.31159000110347,217.32986699498724,107.56529100763146
20,2,0,0,1,0,2,0,72.4494890018832,104.90104400378186,200.2702869940549,94.8569540050812
26,2,0,0,3,0,2,2,79.13384200946894,111.22562900709454,169.95961700740736,102.9434819938615
11,7,0,0,1,0,2,1032,166.94532700057607,170.06678400503006,285.2090340020368,182.20957400626503
21,1,0,0,1,0,2,1,95.73247800290119,104.26893799740355,117.43779000244103,51.97024700464681
29,3,0,0,3,0,3,1,81.00742800161242,112.6478039950598,242.9082700109575,107.69111699482892
4,0,0,0,0,0,0,528,34.499107001465745,48.574357002507895,157.37183501187246,98.776352009736
21,3,0,0,2,0,2,0,84.7976710065268,114.61775099451188,226.5161760005867,105.99203799210954
23,2,0,0,3,0,2,1,129.54633600020315,167.01774300599936,316.2897859874647,160.24096000182908
22,8,0,0,1,0,2,1,137.29914800205734,199.38324199756607,348.85813100845553,166.90668799856212
27,1,0,0,3,0,2,1,98.75492700666655,104.66655799245927,251.9622999971034,94.35111698985565
17,1,0,0,0,0,0,1,37.16523099865299,49.7868969978299,94.64190898870584,81.1775239999406
3,2,0,0,0,0,0,3656,78.87261199357454,118.173562004813,192.02135100204032,199.38662099593785
14,1,0,0,1,0,2,1,74.78862399875652,104.10328199213836,195.7611569960136,94.60202700574882
28,3,0,0,2,0,2,1,80.46048299001995,113.5103710112162,211.98886699858122,53.89113299315795
7,4,0,0,0,0,0,576,77.69838100648485,112.2576039924752,189.0609179972671,109.55744500097353
25,8,0,0,3,0,2,2,79.40231201064307,108.39730300358497,232.18432698922697,101.96496000571642
2,0,0,0,0,0,0,2981,68.88230399636086,98.63619199313689,156.2264740059618,92.72833699651528
22,2,0,0,0,0,0,1,41.606040991609916,55.08692600415088,105.68353100097738,54.403770991484635
28,3,0,0,3,0,2,1,106.72894099843688,158.41568099858705,303.9587200037204,165.19852299825288
19,3,0,0,1,0,2,1,65.11918701289687,109.77956200076733,226.65448000770994,104.51165000267792
28,1,0,0,3,0,2,0,107.90899599669501,157.08845799963456,312.73062000400387,154.39699598937295
28,7,0,0,1,0,2,1,60.3122659958899,112.58724100480322,227.24462699261494,105.54543399484828
26,1,0,0,2,0,2,1,100.43402800511103,103.89889300859068,247.97000399848912,98.61467099108268
10,5,0,0,1,0,2,1065,169.62225300085265,168.38725499110296,224.9028520018328,92.80313699855469
7,5,0,0,0,0,0,336,84.10914000705816,124.30131799192168,205.0107190007111,120.82017200009432
6,3,0,0,0,0,0,645,123.93058299494442,192.73828800942283,295.16718300874345,188.3865969866747
26,1,0,0,4,0,4,1,99.97336099331733,107.58134500065353,260.8713979861932,102.49766100605484
11,0,0,0,0,0,0,0,70.59213699540123,100.32819099433254,179.6812079992378,92.27710599952843
9,5,0,0,0,0,0,0,103.72805899532977,155.9247710101772,254.82875500165392,157.4246890086215
16,3,0,0,1,0,2,2,98.93577899492811,105.31649099721108,222.94705700187478,97.27239100902807
3,2,0,0,0,0,0,0,62.68678299966268,92.83561000484042,257.1958420012379,198.502710001776
1,0,0,0,0,0,0,5937,17.45433900214266,20.20292000088375,74.13169599021785,88.99924099387135
11,4,0,0,1,0,2,0,179.05364399484824,109.94299800950103,190.95673099218402,100.88151298987214
9,2,0,0,2,0,1,8,60.921611002413556,54.455067991511896,105.9810419974383,94.89855299761984
6,5,0,0,1,0,1,1156,143.64601699344348,150.14034800697118,206.8917159922421,146.5894830034813
24,2,0,0,2,0,2,1,98.56308200687636,112.28296199988108,247.21430899808183,103.74779399717227
11,2,0,0,1,0,2,1,77.4698589957552,103.16903400234878,197.18563900096342,96.5286659920821
2,0,0,0,0,0,0,2352,51.364792001550086,70.10014400293585,130.68652899528388,94.02572999533731
11,6,0,0,1,0,2,1298,176.031934999628,112.8247949964134,150.5189750023419,133.41533500351943
22,1,0,0,2,0,2,1,99.7992689954117,119.01611900248099,143.54119601193815,49.032330003683455
12,0,0,0,0,0,0,1,73.2783709972864,103.23468400747515,183.69465399882756,95.98775999620557
13,1,0,0,1,0,2,1,79.55799900810234,108.5307629982708,201.99780700204428,97.55765300360508
5,1,0,0,0,0,0,487,67.77194800088182,93.56833600031678,157.7899670082843,89.06140900216997
5,3,0,0,0,0,0,504,61.452912996173836,118.9978490001522,290.6709990056697,200.2104569983203
24,1,0,0,0,0,0,1,79.5089010061929,111.51643699849956,210.91402300226036,106.25677100324538
28,5,0,0,1,0,2,1,79.5804979861714,111.85271501017269,225.05675800493918,105.73494799609762
22,1,0,0,2,0,2,2,155.87572001095396,131.98974999249913,230.99528400052804,98.63901100470684
23,4,0,0,1,0,2,1,78.36391199089121,112.32814101094846,175.42517399124335,54.62662699574139
27,4,0,0,1,0,2,1,54.909815997234546,76.6873399988981,198.5030929936329,163.87595400738064
20,3,0,0,1,0,2,1,77.08700399962254,110.70382500474807,213.40071799932048,105.09125600219704
7,4,0,0,0,0,0,336,86.48176900169346,126.08525899122469,127.00662300630938,122.51066601311322
3,1,0,0,0,0,0,547,98.97660900605842,146.50185299979057,233.9443660021061,151.5420229989104
10,5,0,0,1,0,2,1065,165.93827900942415,163.66224800003693,280.0770710018696,179.70960200182162
18,3,0,0,2,0,2,1,81.33039099629968,113.35580199374817,193.655586001114,54.62635999720078
27,1,0,0,2,0,2,1,83.76047600177117,114.68211098690517,236.15175399754662,108.06885799684096
1,1,0,0,0,0,0,5937,8.615671991719864,9.635182010242715,37.38584599341266,57.88178800139576
15,3,0,0,2,0,2,5,46.9768709881464,57.06311800167896,161.66920198884327,111.30655300803483
18,3,0,0,2,0,2,70,108.93790800764691,159.5455979986582,284.0343040006701,158.82968400546815
18,0,0,0,0,0,0,1,77.35783299722243,109.59978299797513,200.0529600045411,104.9854779994348
11,4,0,0,1,0,1,139,132.634652996785,203.74791401263792,319.97780200617854,160.11534500285052
1,1,0,0,0,0,0,5937,16.53426499979105,19.14881200355012,73.29661899711937,113.34532299952116
27,1,0,0,2,0,2,1,98.9942680025706,105.36034101096448,248.488493001787,97.20385300170165
25,7,0,0,1,0,2,1,84.04141900246032,113.48634600290097,225.43624599347822,82.17038901057094
35,1,0,0,5,0,2,1,106.41657200176269,118.90091899840627,280.51424500881694,96.56064999580849
27,1,0,0,3,0,2,2,102.87058299581986,117.28521800250746,236.2660499929916,96.16632199322339
33,3,0,0,5,0,2,1,99.72129900415894,106.99387299246155,168.84454899991397,47.8305450087646
4,0,0,0,0,0,0,1421,60.6399730022531,87.20983500825241,152.3923500062665,101.53901101148222
27,0,0,0,2,0,2,1,154.8269660124788,133.2269099948462,298.0491369962692,115.42209598701447
22,3,0,0,0,0,0,1,75.40343100845348,104.67438799969386,101.53914999682456,50.3220950049581
9,1,0,0,1,0,2,1112,58.3049560082145,130.51168799574953,267.9370400001062,188.41739300114568
7,1,0,0,1,0,1,0,121.0980589967221,108.85924700414762,179.0866660012398,99.19404500396922
16,4,0,0,1,0,2,0,100.32297600992024,112.59329199674539,115.93854700913653,53.10310499044135
26,0,0,0,0,0,0,0,76.33213499502745,109.01967799873091,209.6891900000628,102.92069800198078
24,2,0,0,2,0,3,1,73.76762600324582,102.97031399386469,212.6163259963505,94.78885299176909
8,1,0,0,0,0,0,84,63.83803900098428,103.44370400707703,173.94106699794065,96.68614099791739
20,3,0,0,1,0,2,1,97.4685889959801,107.08970300038345,222.7146489894949,96.24674799852073
24,2,0,0,2,0,2,0,99.31982700072695,102.88101198966615,243.86759899789467,96.37856199697126
6,1,0,0,0,0,0,69,72.88283699017484,102.92175100767054,171.30089399870485,48.91545500140637
3,1,0,0,0,0,0,2679,51.161466006306,72.25584800471552,131.02130600600503,99.40475200710353
20,3,0,0,2,0,1,0,103.2185250078328,157.57043698977213,280.19406300154515,160.03986400028225
20,1,0,0,1,0,2,1,98.45271400990896,102.95784000481945,222.06136099703144,96.17048499058001
8,5,0,0,0,0,0,204,68.68694200238679,117.58481799915899,248.4727160044713,110.65630799566861
28,8,0,0,3,0,2,1,80.02839499386027,112.4204270017799,238.0835920048412,103.75070798909292
24,11,0,0,3,0,2,19,210.65010099846404,249.76138799684122,420.2876280032797,230.1631790032843
8,2,0,0,1,0,1,38,124.9968549964251,107.15451299620327,198.16193501173984,98.10766599548515
23,2,0,0,3,0,2,1,79.06038498913404,104.89478000090457,218.14421599265188,94.51276299660094
3,3,0,0,0,0,0,5631,38.30678299709689,53.207689998089336,99.31092298938893,216.08868800103664
28,7,0,0,1,0,2,1,40.92066398879979,55.11511900112964,114.74752800131682,80.44632899691351
11,7,0,0,1,0,2,1413,175.6996910116868,170.8426050026901,289.02468900196254,179.9808590003522
25,9,0,0,3,0,2,3,59.6424190007383,135.2740190050099,323.1241050089011,182.35036999976728
22,2,0,0,0,0,0,0,76.85569000022952,108.92266199516598,199.47563399909995,98.65032900415827
28,5,0,0,3,0,2,0,78.6555020022206,86.41005199751817,120.5954990000464,53.42227699293289
28,3,0,0,3,0,2,1,108.30142299528234,155.39736401115078,303.60503400152083,161.40869600349106
21,7,0,0,3,0,2,0,103.57990600459743,154.39577199867927,293.410437006969,155.69036800297908
28,11,0,0,3,0,2,1,81.11709800141398,114.45421401003841,245.2813120034989,109.74653100129217
17,1,0,0,1,0,2,1,38.28880599758122,50.93580800166819,100.1201159961056,48.76644900650717
10,0,0,0,1,0,2,840,89.22664199781138,125.0409999920521,200.82262498908676,125.08835201151669
6,1,0,0,0,0,0,1409,65.08599499647971,94.06045399373397,156.97511500911787,103.075136008556
22,2,0,0,1,0,2,0,69.90306900115684,98.37064500607084,194.30082201142795,85.63790500920732
26,4,0,0,3,0,2,1,92.77195799222682,116.25880499195773,249.15276499814354,103.38937101187184
16,1,0,0,1,0,2,1,76.67850100551732,101.88274399843067,201.56027800112497,94.44639099820051
7,1,0,0,0,0,0,77,74.15349599614274,101.91137999936473,174.63526400388218,96.58902398950886
18,7,0,0,1,0,2,0,34.91871900041588,46.101922998786904,94.46168100112118,42.70616800931748
16,0,0,0,0,0,0,0,72.6747340086149,100.97821199451573,185.85495499428362,92.73177699651569
21,1,0,0,1,0,2,1,91.14798399969004,107.28711300180294,228.81012101424858,102.80328900262248
27,3,0,0,2,0,2,1,85.04184600315057,114.72177399264183,240.58555100054946,105.81806099798996
26,1,0,0,4,0,2,1,40.34756499459036,49.5832719898317,111.06832401128486,45.01043900381774
20,2,0,0,1,0,2,1,78.22077300806995,115.78334700607229,214.60407700215,109.33651099912822
38,1,0,0,5,0,3,1,96.46787001111079,109.8220090061659,287.4586850084597,103.08467200957239
8,3,0,0,0,0,0,14,71.11256600182969,102.10944099526387,174.55324799811933,95.14170300099067
18,2,0,0,1,0,2,9,94.90093200292904,109.72178800147958,225.6907660048455,102.06705000018701
6,3,0,0,0,0,0,335,80.41973698709626,117.83440499857534,194.45588999951724,112.38597199553624
3,3,0,0,0,0,0,5631,38.29079298884608,52.227070002118126,101.45250700588804,214.92057300929446
11,0,0,0,2,0,2,19,84.00016199448146,107.42335900431499,201.36827600072138,99.81416999653447
6,1,0,0,0,0,0,1409,33.83547499834094,46.83514199859928,79.86467699811328,51.812767997034825
6,1,0,0,0,0,0,1409,64.08443998952862,92.07180500379764,158.1619549979223,103.93519399804063
11,3,0,0,1,0,2,28,182.65314000018407,105.56179599370807,298.97670600621495,98.69691100902855
29,2,0,0,2,0,2,1,76.07845299935434,106.66698998829816,228.00130699761212,100.00178699556272
19,2,0,0,1,0,2,0,92.68643899122253,74.42712599004153,172.95551899587736,79.82871099375188
9,1,0,0,1,0,2,2427,153.7921100098174,188.31480899825692,296.880145004252,203.84171899058856
19,2,0,0,1,0,2,1,98.85861098882742,109.97953299374785,229.43627199856564,103.556642003241
12,1,0,0,2,0,2,6,79.81792400823906,104.0808410034515,195.0826859974768,95.53691200562753
12,5,0,0,0,0,0,69,77.80437500332482,111.92609599675052,192.23073500324972,105.25409699766897
22,3,0,0,3,0,2,21,100.77899199677631,119.62431100255344,253.72509799490217,59.68382199353073
12,2,0,0,1,0,2,1,103.47820199967828,152.1473079919815,263.2431209931383,154.813318993547
20,4,0,0,1,0,2,2,179.66844500915613,154.29884000332095,342.394110004534,161.55015399272088
14,4,0,0,2,0,2,116,180.09963601070922,202.38338600029238,358.0698139994638,106.98663399671204
7,1,0,0,0,0,0,23,37.84175400505774,96.67080000508577,176.13834599615075,95.90365800249856
33,1,0,0,3,0,2,1,98.2780430058483,117.99312599760015,256.9004139950266,102.82242200628389
13,1,0,0,2,0,2,11,83.84250100061763,106.12736899929587,203.81899901258294,96.18475000024773
8,1,0,0,0,0,0,84,72.2987879998982,102.10630399524234,176.40599299920723,95.30740599439014
26,8,0,0,3,0,2,5,109.5376660086913,124.26781599060632,250.70113499532454,72.89439499436412
25,4,0,0,1,0,2,1,79.896381997969,113.72530099470168,222.32239600270987,107.73308400530368
6,4,0,0,1,0,1,0,100.40629000286572,135.74783799413126,210.9456250036601,144.50549498724286
17,3,0,0,2,0,2,182,77.08509100484662,205.6492830015486,262.4040259979665,107.75880800792947
24,3,0,0,3,0,2,1,50.27364099805709,59.66195699875243,207.4119910103036,93.41911699448247
1,1,0,0,0,0,0,5937,17.68315100343898,19.270306001999415,74.3875470070634,114.02955699304584
20,3,0,0,0,0,0,1,76.38175299507566,106.90737899858505,201.21474099869374,101.96521200123243
16,6,0,0,1,0,2,4,76.38505101203918,111.32773800636642,202.64632000180427,101.64691100362688
26,1,0,0,3,0,2,1,95.60826899542008,104.94321399892215,248.08361400209833,97.72202000021935
16,1,0,0,2,0,1,1,76.38375800161157,106.7180000100052,198.21626399061643,101.28109400102403
11,2,0,0,1,0,2,129,78.36150999355596,106.79922100098338,197.20771799620707,100.77557599288411
19,3,0,0,2,0,4,1,41.84455898939632,57.8116679971572,114.37141099304426,53.037300996948034
23,1,0,0,3,0,2,1,77.70874600100797,106.72397101006936,216.3248860015301,93.39046700915787
26,4,0,0,3,0,2,2,109.20780399465002,125.99882700305898,267.65707301092334,104.91323200403713
14,1,0,0,0,0,0,0,37.34469899791293,51.0508529987419,96.42192999308463,61.24791799811646
26,4,0,0,1,0,2,1,79.00178300042171,109.13758000242524,222.4765120045049,74.20839500264265
5,4,0,0,0,0,0,0,98.2835479953792,147.32298499438912,238.13667800277472,152.61991899751592
21,1,0,0,2,0,2,1,101.01123098866083,104.19724500388838,234.0831299952697,96.33324800233822
4,0,0,0,0,0,0,441,68.70344199705869,97.68892399733886,164.44044100353494,93.84425300231669
11,1,0,0,1,0,2,5,155.60985800402705,110.01630499958992,247.86262199631892,101.87080099422019
10,5,0,0,1,0,2,1065,164.65186300047208,163.90040499391034,174.49442100769375,90.91745599289425
23,1,0,0,1,0,2,1,78.3073519996833,110.4200679983478,216.52188900043257,105.36942300677765
25,3,0,0,2,0,2,1,81.37866099423263,111.91359399526846,232.92007399140857,105.6851449975511
16,1,0,0,0,0,0,1,77.39620200300124,109.12570499931462,180.95375499979127,53.68103198998142
16,3,0,0,2,0,2,394,86.18183099315502,126.06311299896333,244.5738020032877,121.25369999557734
7,3,0,0,0,0,0,0,82.94456399744377,116.77923399838619,198.1396369956201,113.29969200596679
18,5,0,0,1,0,2,2,181.51044100522995,158.88551399984863,333.5652579989983,160.6086760002654
21,1,0,0,0,0,0,1,77.70141400396824,111.61958199227229,204.67826099775266,106.42414400354028
14,3,0,0,1,0,2,0,122.79557400324848,189.6638210018864,319.28077500197105,198.74876498943195
20,5,0,0,2,0,2,1,81.21080799901392,105.3790420119185,221.92728200752754,96.99900299892761
3,0,0,0,0,0,0,1858,36.51157999411225,49.13261999899987,83.0528200021945,47.90088399022352
11,6,0,0,1,0,2,50,181.03028000041377,115.34789999132045,295.9342419926543,111.13204799767118
36,7,0,0,6,0,2,1,66.93276599980891,79.20463400660083,345.5406459979713,161.68491099961102
19,1,0,0,1,0,2,1,124.88481399486773,155.44406899425667,291.9863830029499,158.32543899887241
20,5,0,0,1,0,2,1,53.241888992488384,54.349765996448696,121.48323300061747,53.60792399733327
3,0,0,0,0,0,0,441,69.34219200047664,96.53006299049594,160.03823999199085,93.54126299149357
40,1,0,0,5,0,3,1,79.48081000358798,110.53437100781593,260.3794559981907,104.57277800014708
22,3,0,0,2,0,2,4,100.00910199596547,106.64297400217038,239.07861100451555,97.2670869959984
24,7,0,0,3,0,2,12,104.29645000840537,121.555467005237,254.50544200430159,102.74770700198133
7,2,0,0,0,0,0,487,117.0745290000923,180.88645000534598,278.4197239961941,198.6537379998481
31,1,0,0,4,0,2,1,95.40043398737907,110.92471900337841,259.8414719977882,103.92048099311069
24,1,0,0,1,0,2,1,97.71859100146685,104.4322009984171,231.81184798886534,95.99952299322467
6,1,0,0,0,0,0,1409,33.05747399281245,45.968813996296376,78.89200600038748,52.14409201289527
18,2,0,0,0,0,0,1,40.275827996083535,55.32368700369261,167.19569900305942,106.69495799811557
11,5,0,0,1,0,2,0,180.27273898769636,110.14692900062073,295.20480199425947,105.3186080098385
11,1,0,0,0,0,0,1,102.34155900252517,153.67962900199927,253.85388398717623,155.7804529875284
6,2,0,0,0,0,0,1409,85.09239299746696,128.8789230020484,201.4845559897367,161.79036900575738
22,0,0,0,3,0,2,1,77.0713209931273,102.11736700148322,210.6507349963067,89.87678500125185
3,1,0,0,0,0,0,762,65.94895099988207,95.66204799921252,159.84475199365988,97.99517900682986
28,3,0,0,3,0,2,1,78.926787013188,110.77873199246824,238.75713201414328,106.78122399258427
24,7,0,0,3,0,2,27,51.06636400159914,59.06503000005614,129.41160700574983,74.98828100506216
27,1,0,0,2,0,2,1,103.47766098857392,113.61299200507347,251.3231469929451,103.14315599680413
14,1,0,0,1,0,2,1,76.13752598990686,107.70645500451792,201.5833760087844,101.07840699492954
21,2,0,0,2,0,2,2,105.62828299589455,154.55960998951923,291.2585330050206,157.14668500004336
19,2,0,0,2,0,1,1,50.07561499951407,50.47272000228986,100.45003199775238,73.83420399855822
23,4,0,0,1,0,2,1,83.14054500078782,111.60783399827778,222.59646900056396,105.54804198909551
23,4,0,0,1,0,2,1,78.73426200239919,111.128942007781,218.53142899635714,105.5159239913337
14,5,0,0,1,0,2,5,106.47631800384261,155.3280759981135,268.7328660103958,160.45321799174417
31,4,0,0,4,0,2,1,91.9797819951782,60.56958700355608,142.0213050005259,53.699798008892685
3,2,0,0,0,0,0,2988,59.33097800880205,119.65109201264568,274.24305099702906,200.17524200375192
1,1,0,0,0,0,0,5937,16.683106994605623,18.830675006029196,73.65754099737387,102.66555999987759
14,9,0,0,1,0,2,5,128.30523899174295,196.08676500502042,325.43545101361815,201.61288800591137
18,2,0,0,1,0,2,1,99.33933900902048,104.47899599967059,224.98912800801918,95.75172798940912
21,8,0,0,1,0,2,1,190.36491100268904,254.6484400081681,424.6271869924385,248.26946901157498
25,4,0,0,1,0,2,1,42.982049999409355,62.651411004480906,226.4493700058665,106.54939801315777
20,4,0,0,2,0,1,1,110.74662800820079,158.26598199782893,285.46900099900085,163.79214500193484
3,2,0,0,0,0,0,2988,48.977586993714795,70.7547700003488,111.92494399438147,79.04980301100295
23,1,0,0,2,0,2,1,95.02589699695818,111.49521698825993,242.5426459958544,103.08861699013505
12,0,0,0,1,0,2,38,98.90762400755193,104.12381499190815,215.9684510115767,97.40295699157286
7,5,0,0,0,0,0,0,178.40627300029155,277.94435298710596,416.60179299651645,269.6838270057924
21,7,0,0,1,0,2,0,124.69193599827122,166.6502970037982,302.70612399908714,174.03474199818447
29,5,0,0,2,0,2,1,79.24219399865251,112.16038299608044,229.1982780006947,107.58270100632217
23,3,0,0,2,0,2,1,88.30568799749017,110.87169501115568,230.81828199792653,104.39223100547679
18,1,0,0,1,0,2,1,50.73333901236765,50.888986996142194,160.23769999446813,96.28866700222716
18,3,0,0,1,0,2,1,101.92549100611359,109.13725399586838,227.9103189939633,103.92246099945623
11,4,0,0,1,0,2,28,122.29109001054894,54.05501299537718,154.91079799539875,51.357432996155694
10,3,0,0,1,0,2,139,189.03998599853367,277.8063939913409,378.00615800369997,267.7132470125798
14,1,0,0,0,0,0,1,76.23167299607303,106.7296449909918,188.14882700098678,100.15840799314901
25,4,0,0,1,0,2,1,112.68281999218743,159.6222799998941,149.4893420021981,83.33796699298546
3,2,0,0,0,0,0,914,107.15066400007345,165.0836760090897,260.20224300737027,195.47289999900386
23,5,0,0,1,0,2,1,83.71353799884673,114.18406499433331,228.54228899814188,106.49181199551094
24,4,0,0,3,0,2,1,105.63514201203361,124.76282499847002,252.3584459995618,103.0454129941063
2,2,0,0,0,0,0,5771,26.76256799895782,35.9325020108372,88.60390500922222,172.16863900830504
12,3,0,0,1,0,2,1,102.83850099949632,152.87461399566382,314.1827409999678,103.93135499907658
3,2,0,0,0,0,0,2002,106.67148799984716,165.6713620031951,257.0774000050733,198.65974700951483
23,2,0,0,2,0,2,1,79.10256099421531,111.68746500334237,221.8272390018683,107.08774700469803
14,7,0,0,1,0,2,0,183.3960640069563,255.1317119941814,364.8254809959326,246.40805799572263
16,2,0,0,1,0,2,1,83.02041699062102,102.60429199843202,202.79197899799328,96.33776900591329
6,1,0,0,1,0,2,539,161.90545400604606,216.33646500413306,238.72582298645284,136.51601399760693
8,0,0,0,1,0,2,2427,87.44032499089371,140.51886000379454,214.98522200272419,146.44056098768488
18,4,0,0,1,0,2,1,73.02223199803848,105.69163000036497,203.35617200180423,97.89443400222808
11,3,0,0,1,0,2,283,179.99972100369632,269.07306800421793,383.5342660022434,224.92187499301508
27,2,0,0,3,0,2,1,98.05213200161234,105.4699419910321,250.65230998734478,95.01415799604729
3,3,0,0,0,0,0,5631,19.866286995238625,26.40874699864071,71.42585799738299,215.12653699028306
25,3,0,0,3,0,2,1,94.39482798916288,80.09695399960037,302.5953120086342,162.24433899333235
8,4,0,0,1,0,1,310,81.14541099348571,106.92470999492798,185.06206999882124,99.2201839981135
1,0,0,0,0,0,0,3248,28.540785002405755,39.74198299692944,71.34191700606607,90.8070180012146
3,1,0,0,0,0,0,0,49.60727099387441,86.01953698962461,233.07999600365292,75.19370698719285
16,4,0,0,1,0,2,0,102.42581799684558,109.38725000596605,231.47935500310268,102.61008000816219
23,2,0,0,2,0,2,0,181.0783839900978,154.9450720049208,354.49382801016327,161.94115100370254
12,1,0,0,1,0,2,0,145.76859699445777,166.48064999026246,327.2214239987079,179.34759400668554
23,6,0,0,1,0,2,1,87.61028200387955,57.47411299671512,223.99035200942308,104.24074000911787
4,3,0,0,0,0,0,0,144.05696401081514,218.20344700245187,340.4269800084876,228.14396899775602
6,2,0,0,0,0,0,224,78.08167400071397,110.91248200682458,180.93844498798717,102.07654599798843
35,1,0,0,1,0,2,1,70.27709699468687,103.24178499286063,222.35661699960474,96.0547689901432
22,3,0,0,3,0,2,2,102.26905900344718,118.21943600079976,249.54488100775052,96.79558099014685
11,0,0,0,2,0,3,7,78.330148011446,101.24509299930651,135.7792789931409,83.17435800563544
7,2,0,0,0,0,0,318,72.98046999494545,105.82801699638367,174.11439400166273,97.6978029939346
1,1,0,0,0,0,0,5937,16.210490997764282,19.227172000682913,73.48860599449836,113.28398798650596
42,2,0,0,7,0,3,1,127.73161799123045,170.02205998869613,359.99509699468035,160.36478499881923
11,1,0,0,1,0,2,834,90.04623100918252,126.8039149872493,208.8356380118057,127.49016699672211
24,5,0,0,2,0,2,1,53.92776800727006,60.74950999754947,125.40130900742952,53.719928007922135
21,1,0,0,1,0,2,0,76.18863799143583,109.63006599922664,215.07259900681674,103.86364700389095
16,2,0,0,3,0,2,6,161.4610039978288,158.88584101048764,290.09627900086343,157.8396479890216
1,1,0,0,0,0,0,5937,9.177940009976737,9.9996899953112,38.630176000879146,56.39946799783502
15,2,0,0,1,0,2,21,164.98945700004697,108.88203901413362,262.46627600630745,103.37611299473792
1,0,0,0,0,0,0,5937,9.3746979982825,10.352696001064032,38.26953899988439,45.042608995572664
9,4,0,0,1,0,2,1846,138.00375099526718,169.91240000061225,229.03134700027294,165.4750809975667
5,0,0,0,0,0,0,441,68.15839800401591,98.69837400037795,165.09524200228043,94.18285799620207
21,5,0,0,1,0,2,0,121.53249500261154,164.04659100226127,300.2531719976105,170.22343099233694
12,6,0,0,1,0,2,5,186.03709200397134,270.6657929957146,408.4966899972642,265.99939199513756
28,5,0,0,3,0,2,1,77.78948798659258,109.77075199480169,235.69075200066436,105.3618949954398
23,5,0,0,2,0,2,4,102.67837299034,119.7281750064576,250.62798800354358,104.24813299323432
24,3,0,0,3,0,2,3,98.97022799123079,119.73804100125562,197.84053199691698,104.85112499736715
26,8,0,0,3,0,2,1,150.42709500994533,202.49552199675236,299.44515200622845,102.25495998747647
23,2,0,0,1,0,2,1,96.36700100963935,110.81144399940968,232.2226660035085,101.22647498792503
24,1,0,0,3,0,2,3,110.03774800337851,127.15935900632758,260.88702300330624,104.71591899113264
10,6,0,0,1,0,2,1065,84.36055599304382,92.11204799066763,280.8404020033777,181.267697000294
23,5,0,0,1,0,2,1,79.89010300661903,112.84095999144483,220.7391730044037,106.88235401175916
18,4,0,0,2,0,2,6,177.57232798612677,196.58939199871384,372.7486679999856,200.79957199050114
4,1,0,0,0,0,0,441,70.02786100201774,101.46194099797867,169.3339870107593,97.43332100333646
28,4,0,0,2,0,2,1,53.358469012891874,57.31511799967848,130.04196000110824,49.06701800064184
24,4,0,0,2,0,1,1,89.1270949941827,116.66195900761522,225.62923000077717,109.52556099800859
16,3,0,0,2,0,2,220,103.52135400171392,119.36147000233177,240.590304005309,110.67537999770138
16,2,0,0,2,0,2,286,96.2993659923086,119.54360999516211,235.95566999574658,117.46780900284648
4,1,0,0,0,0,0,80,100.3188620088622,149.23500899749342,239.60680900199804,155.18343100848142
15,2,0,0,1,0,2,0,68.68086601025425,53.43865600298159,132.42057099705562,52.88785199809354
20,0,0,0,1,0,2,0,95.90624499833211,109.27958801039495,233.12707898730878,101.13606799859554
25,1,0,0,3,0,1,0,81.69876699685119,111.70562599727418,221.87302900420036,107.44679300114512
22,1,0,0,1,0,2,1,49.67562700039707,50.62578299839515,118.65954300446901,49.49017699982505
21,4,0,0,1,0,2,1,79.52199599822052,112.21365499659441,217.30914899671916,109.28978200536221
19,3,0,0,1,0,2,2,105.96335999434814,153.8432509987615,273.61878599913325,156.68320099939592
1,0,0,0,0,0,0,5937,17.16496799781453,20.430414006114006,75.15293300093617,87.89211700786836
6,2,0,0,0,0,0,1409,64.53258800320327,92.77996599848848,155.0528580119135,104.31832799804397
23,7,0,0,3,0,2,5,135.77549799811095,170.11514600017108,329.10875498782843,160.19515400694218
11,6,0,0,1,0,2,1032,170.87278699909803,170.69296300178394,236.4372089941753,92.41125699190889
1,1,0,0,0,0,0,5937,9.004238003399223,9.908521999022923,63.63482799497433,113.9972079981817
10,2,0,0,1,0,2,1118,92.67643799830694,127.28780199540779,209.83361000253353,131.63127499865368
32,3,0,0,2,0,2,1,107.6011400000425,118.31145301403012,259.8550489929039,99.19580600399058
18,4,0,0,2,0,2,2,148.76739100145642,209.1666969936341,363.3535820117686,217.0095589972334
23,5,0,0,2,0,2,1,78.65711500926409,105.1412149972748,222.3607420019107,93.06844499951694
17,1,0,0,2,0,2,242,104.95334399456624,119.02631299744826,122.52133099536877,61.51667500671465
15,4,0,0,1,0,1,2,74.52066701080184,102.7243249991443,190.25024499569554,95.23896600876469
1,0,0,0,0,0,0,5937,16.933534003328532,20.13677600189112,74.59337799809873,90.64447900163941
26,1,0,0,2,0,2,1,81.20291199884377,111.49291599576827,170.11658201226965,50.08554099185858
26,1,0,0,1,0,2,1,76.91996100766119,110.96776100748684,213.78548500069883,101.43961900030263
25,3,0,0,1,0,2,0,76.25837500381749,113.67597299977206,218.12153300561476,105.483330989955
10,1,0,0,0,0,0,3,73.33918700169306,99.71762800705619,183.06852999376133,98.66655600490049
46,1,0,0,1,0,2,1,97.02094699605368,104.00609199132305,258.4701220039278,98.77161700569559
16,3,0,0,1,0,2,1,78.93840300675947,105.51372000190895,205.15968899417203,99.28405200480483
28,4,0,0,3,0,2,1,40.708296990487725,55.40257699612994,137.8791960014496,106.1198899988085
20,2,0,0,1,0,2,1,120.81040399789345,158.53526099817827,347.5692680076463,138.9171220071148
25,4,0,0,1,0,2,1,80.18006000202149,113.0620780022582,219.9760880030226,105.83087499253452
19,2,0,0,1,0,2,5,83.94314500037581,116.95289799536113,218.3454539917875,109.74036500556394
22,4,0,0,1,0,2,1,81.06639300240204,61.242972005857155,135.37638301204424,108.54923000442795
20,8,0,0,2,0,2,0,75.54869299929123,106.33297800086439,211.23486300348304,99.6925580111565
10,2,0,0,1,0,2,0,103.21524699975271,142.11587500176392,216.73702799307648,114.5469290058827
14,3,0,0,0,0,0,1,75.13349299551919,106.76815999613609,190.57764500030316,99.63961799803656
22,2,0,0,2,0,2,2,54.176813006051816,56.56988199916668,125.08390001312364,54.240418001427315
18,1,0,0,2,0,2,2,75.69353599683382,105.36837900872342,203.95067699428182,96.53923500445671
33,1,0,0,4,0,2,1,82.93568999215495,112.63812599645462,251.22241899953224,98.03612899850123
24,1,0,0,1,0,1,1,78.71319999685511,110.59306000242941,213.5362580011133,107.71439899690449
25,1,0,0,2,0,2,1,83.83869299723301,113.14542299078312,228.67474998929538,106.94842699740548
10,1,0,0,1,0,2,0,177.34159299288876,151.1407960060751,327.0249210036127,155.8771710115252
24,3,0,0,2,0,2,1,84.00665200315416,113.38648700620979,239.89281000103801,107.61698600254022
22,2,0,0,3,0,2,0,52.34374100109562,57.17596999602392,141.2567079969449,96.46566299488768
11,0,0,0,0,0,0,8,74.29546599450987,104.41149900725577,183.3394339919323,98.67883499828167
23,3,0,0,1,0,2,1,99.24860800674651,106.02946300059557,232.91254001378547,98.52352899906691
6,5,0,0,0,0,0,2674,66.219825996086,62.41242200485431,76.72133199230302,60.42175598850008
30,1,0,0,2,0,2,1,92.88589100469835,117.30060700210743,250.18611499399412,103.19725000590552
2,0,0,0,0,0,0,2341,51.62483701133169,71.97367399930954,129.18608798645437,93.00942500703968
7,1,0,0,0,0,0,1401,65.62391300394665,82.911603996763,115.89739499322604,105.28694700042251
10,4,0,0,1,0,2,28,183.36586200166494,109.98853799537756,296.310681005707,102.2242219914915
11,6,0,0,1,0,2,28,150.00490499369334,53.16502800269518,154.3708829995012,50.532458000816405
3,1,0,0,0,0,0,2340,69.77970901061781,101.75084600632545,169.99163098807912,154.38964999339078
5,1,0,0,0,0,0,507,70.2089900005376,99.22666499915067,167.1781790064415,97.38473998731934
3,2,0,0,0,0,0,547,48.20667199965101,101.28163598710671,231.54180998972151,149.67498900659848
24,2,0,0,4,0,2,1,101.41345601005014,106.3243950047763,249.95184600993525,96.19261200714391
22,1,0,0,3,0,2,1,188.5603159898892,185.96046599850524,327.10547000169754,162.45681401051115
31,1,0,0,4,0,3,2,104.55967800226063,123.4991999954218,273.35687101003714,104.22628499509301
32,4,0,0,3,0,2,1,130.47057199582923,197.67740298993886,369.88434300292283,207.7065719931852
21,4,0,0,3,0,2,62,54.72303699934855,60.966903998632915,129.69873900874518,54.31079700065311
32,2,0,0,4,0,2,1,97.5012809940381,120.23023898655083,267.30417599901557,105.13415199238807
6,3,0,0,1,0,1,0,119.11386701103766,114.22158400819171,214.03937198920175,106.08700499869883
34,1,0,0,4,0,3,1,95.7101829990279,112.19305200211238,267.8263300040271,96.10695899755228
24,3,0,0,2,0,2,1,94.42820800177287,109.29675700026564,239.31675498897675,103.63878701173235
24,3,0,0,2,0,2,1,105.4803879960673,98.9537479908904,240.9094660106348,96.14838901325129
20,5,0,0,2,0,2,12,78.84097799251322,109.89872198842932,216.68627999315504,105.04097299417481
11,0,0,0,2,0,2,16,84.78620499954559,103.68258600647096,203.20165799057577,94.31492499425076
11,2,0,0,1,0,2,5,122.86953799775802,179.73152999184094,287.42680000141263,174.29393100610469
10,4,0,0,1,0,2,93,172.4380240048049,121.79970998840872,220.09374600020237,154.74105600151233
28,4,0,0,2,0,2,1,80.57672998984344,112.14919200574514,238.27123000228312,107.48834999685641
13,3,0,0,1,0,2,40,179.66854000405874,203.97001100354828,327.6392839907203,200.5360559996916
23,1,0,0,0,0,0,1,39.28398099378683,55.462335993070155,145.8404370059725,107.22753999289125
17,2,0,0,0,0,0,0,76.90761599224061,110.94688200682867,198.88327398803085,104.31490199698601
7,1,0,0,0,0,0,948,36.35601399582811,50.67361499823164,85.19145999161992,51.7566509952303
25,8,0,0,1,0,2,1,85.25133300281595,113.42440100270323,227.5721350015374,107.30909000267275
26,2,0,0,3,0,2,1,101.0912680067122,107.95564099680632,259.65080699825194,79.5503120025387
57,1,0,0,3,0,1,1,77.7875479980139,114.94486799347214,259.50453500263393,106.84109400608577
12,0,0,0,0,0,0,1,72.83244399877731,104.40805199323222,182.13575199479237,94.94439899572171
21,1,0,0,1,0,1,1,75.92749600007664,105.85381400596816,200.86361600260716,100.41320198797621
13,2,0,0,1,0,2,0,109.71332200278994,153.6114400078077,261.680488998536,156.35776199633256
28,2,0,0,2,0,3,1,83.92465198994614,110.96672200073954,233.8389649958117,105.64998899644706
27,1,0,0,4,0,2,1,98.45278901048005,119.09637200005818,253.2167689932976,102.28308298974298
22,5,0,0,1,0,2,1,40.75846400519367,52.54310599411838,166.56521199911367,99.1589240002213
32,1,0,0,2,0,2,1,99.96029100148007,116.49788099748548,250.35155699879397,97.66259799653199
23,2,0,0,1,0,2,1,79.1633689950686,111.42419600219,219.11819699744228,106.12191799737047
26,5,0,0,3,0,2,2,78.38207599706948,110.05252400354948,197.45386399154086,51.03812699962873
24,1,0,0,3,0,2,2,104.50412399950437,117.97267700603697,247.92985200474504,95.95855999214109
24,5,0,0,3,0,2,0,72.42523899185471,94.00587998970877,186.5870210021967,181.42459899536334
20,1,0,0,0,0,0,1,76.47789100883529,111.107627992169,205.89240800472908,107.43395700410474
20,4,0,0,1,0,2,1,97.1375949884532,102.07970299234148,224.19522199197672,97.62092899472918
19,3,0,0,2,0,4,1,82.23623099911492,111.55955000140239,223.21911399194505,107.43362599168904
24,2,0,0,1,0,2,1,96.70168199227192,108.15328999888152,237.2624999989057,102.58288199838717
20,5,0,0,1,0,2,1,48.70008099533152,51.29437100549694,114.90791400137823,48.642779991496354
18,7,0,0,1,0,2,0,68.42781198793091,93.90878700651228,187.89214700518642,86.34459199674893
29,2,0,0,4,0,2,1,97.34713200305123,121.52661300206091,266.08321799722034,102.75058099068701
1,0,0,0,0,0,0,5937,16.695045997039415,19.997214010800235,73.71514900296461,88.77333700365853
33,1,0,0,4,0,2,1,100.4037469974719,105.57303800305817,264.7946420038352,98.826043002191
32,3,0,0,4,0,2,1,149.2420150025282,204.79346900538076,388.95200700790156,201.43509499030188
11,0,0,0,1,0,2,24,87.68762700492516,108.85002500435803,204.49260699388105,100.16973399615381
21,4,0,0,3,0,2,3,53.88859900995158,74.58709400088992,146.49221999570727,78.83826299803331
36,4,0,0,6,0,2,1,97.11314699961804,109.62056000425946,276.72579999489244,103.55524100305047
24,1,0,0,1,0,2,1,96.27635100332554,108.6001569929067,231.23893899901304,101.93402199365664
16,1,0,0,1,0,2,54,101.62242699880153,105.71889199491125,219.70676000637468,100.9615479997592
1,1,0,0,0,0,0,5937,16.488673994899727,18.658851011423394,73.44091399863828,114.20655800611712
7,5,0,0,0,0,0,27,76.3583270017989,113.18127799313515,185.6288510025479,102.77378199680243
16,4,0,0,1,0,2,1,99.7693929966772,105.32567500195,226.34762899542693,96.55055800976697
13,1,0,0,0,0,0,2,41.21784699964337,55.00008699891623,99.01154100953136,53.197845991235226
35,1,0,0,1,0,2,1,98.80306299601216,103.99935299938079,243.34596599510405,94.83223699498922
24,2,0,0,3,0,2,3,109.38639500818681,126.09634399996139,259.28409400512464,105.30232499877457
7,3,0,0,0,0,0,46,124.64690099295694,189.46817600226495,302.94164700899273,196.3859829993453
8,0,0,0,0,0,0,362,50.449034009943716,50.89645400585141,88.33219300140627,49.40511799941305
21,1,0,0,1,0,2,1,98.13843399751931,109.03138600406237,232.58681899460498,103.48070600593928
2,2,0,0,0,0,0,5771,14.588133999495767,18.60763800505083,45.81163301190827,86.29080999526195
2,1,0,0,0,0,0,2992,95.48180199635681,141.23651300906204,225.56738299317658,152.55545699619688
12,6,0,0,0,0,0,213,75.58274098846596,111.57169200305361,193.3094349951716,108.64123600185849
10,2,0,0,1,0,2,1,85.18609699967783,101.75901700858958,197.73102400358766,78.1659589993069
20,4,0,0,2,0,2,1,98.88967000006232,112.48975900525693,238.9747709967196,107.10904399456922
31,1,0,0,3,0,2,0,77.76981499046087,105.43142400274519,239.1840430063894,94.31102899543475
1,0,0,0,0,0,0,3677,46.662859997013584,65.08209099411033,124.95470799331088,90.61762699275278
17,2,0,0,1,0,2,55,78.34145800734404,111.70141400361899,212.05057398765348,107.59338000207208
24,2,0,0,3,0,2,0,98.89860301336739,104.72969799593557,152.12553901073989,48.42389399709646
11,0,0,0,0,0,0,0,70.64819599327166,101.57078299380373,179.06693900295068,93.48090099229012
11,9,0,0,1,0,2,1494,177.76206599955913,175.32110700267367,291.5973640047014,179.11903900676407
2,2,0,0,0,0,0,5771,27.666187001159415,35.94486400834285,88.889246006147,172.30691100121476
17,3,0,0,1,0,2,16,73.48850600828882,107.05505299847573,227.19075498753227,96.36325199971907
23,2,0,0,1,0,2,1,78.0983120057499,111.41388199757785,219.25418100727256,105.70654598996043
28,6,0,0,1,0,2,0,40.62241000065114,54.627730991342105,114.4689089996973,100.20656300184783
22,5,0,0,2,0,2,5,101.657179009635,110.05735798971727,241.6713529964909,98.41387000051327
22,1,0,0,1,0,2,1,80.89824998751283,104.01501900923904,212.90222999232356,98.68187800748274
21,0,0,0,2,0,2,0,83.16768299846444,109.67766899557319,225.4039210092742,98.54485899268184
22,1,0,0,2,0,2,3,80.7663300074637,60.32831400807481,115.7186300115427,102.24495899456087
30,2,0,0,5,0,2,1,44.36823699506931,52.07173401140608,225.0883619999513,94.44514100323431
24,1,0,0,2,0,2,2,80.83863100910094,113.14528100774623,116.6505400033202,53.81661200954113
4,3,0,0,0,0,0,1958,134.97776399890427,208.66719700279646,308.7580420105951,231.41830299573485
14,4,0,0,1,0,2,1,105.09283498686273,154.6190579974791,269.0827799960971,155.7091440045042
4,3,0,0,0,0,0,2339,119.35829398862552,185.16002599790227,272.0231460116338,201.48405400686897
21,1,0,0,2,0,2,0,76.36163898860104,102.01300500193611,218.36246199382003,93.96071800438222
28,11,0,0,3,0,2,1,79.69969400437549,112.74078900169116,241.64908699458465,107.79711099166889
11,0,0,0,1,0,2,3,39.30517200205941,51.42417400202248,98.44695600622799,47.09752400231082
29,1,0,0,1,0,2,1,97.4795020010788,103.69232599623501,236.22571099258494,96.34985699085519
20,2,0,0,3,0,2,0,93.46174000529572,115.63324100279715,225.10456200689077,103.70321301161312
2,0,0,0,0,0,0,2981,68.25123900489416,97.22807399521116,157.06244700413663,93.4023510053521
28,8,0,0,3,0,2,1,78.60634700045921,113.84555901167914,236.42868098977488,107.8678729973035
18,0,0,0,1,0,2,1,95.80295800697058,108.55952800193336,230.30764200666454,101.93515299761202
10,0,0,0,1,0,2,0,41.79151900461875,57.283771006041206,109.53267400327604,61.854287996538915
18,1,0,0,2,0,2,1,76.84598299965728,102.91703400434926,204.2711409885669,93.912309006555
18,1,0,0,2,0,2,1,73.33742099581286,105.24747300951276,207.69487500365358,97.72749700641725
24,1,0,0,2,0,2,1,97.65816399885807,115.88461400242522,238.31822100328282,103.50984700198751
2,0,0,0,0,0,0,3629,39.62194699852262,54.780908991233446,111.62342700117733,94.88750300079118
22,2,0,0,2,0,2,2,99.29135499987751,113.65778700564988,243.90484299510717,93.07973099930678
7,1,0,0,0,0,0,482,70.43100299779326,99.2020620033145,170.27795399189927,99.22729300160427
21,3,0,0,1,0,2,1,39.11969299952034,52.870460000121966,103.7834489980014,84.99609300633892
19,2,0,0,1,0,2,1,81.17449900601059,104.38633199373726,211.31285600131378,98.46585399645846
16,2,0,0,1,0,2,2,120.92080799629912,154.4535589928273,293.2289260061225,156.93163400283083
27,5,0,0,2,0,1,1,73.7946080043912,103.58077600540128,211.03444199252408,96.0234559897799
24,1,0,0,2,0,2,3,40.568456999608316,54.79079901124351,118.0808040080592,105.49220599932596
5,3,0,0,0,0,0,490,113.91005899349693,177.73198199574836,263.5909960081335,114.07753999810666
32,3,0,0,4,0,2,1,96.15038199990522,118.52749000536278,265.2672919939505,58.742023989907466
23,5,0,0,1,0,2,1,77.95464599621482,111.51617299765348,219.63090400095098,106.21495598752517
14,2,0,0,1,0,2,1,77.3024989903206,105.84526798629668,199.18192901241127,99.7625090094516
14,1,0,0,1,0,2,1,77.51591599662788,110.05067700170912,202.97239899809938,99.95835500012618
28,3,0,0,1,0,2,1,79.43854099721648,112.08184200222604,224.8116360133281,106.67138500139117
7,2,0,0,0,0,0,0,104.3329269887181,155.4737650003517,253.59336000110488,161.11725899099838
21,1,0,0,1,0,2,1,62.25945599726401,59.73634200927336,214.45635199779645,98.36692200042307
18,2,0,0,0,0,0,1,53.40066600183491,75.37769299233332,133.83616200007964,102.60412299248856
28,9,0,0,3,0,2,2,129.47160299518146,200.94389498990495,362.4192120041698,207.53268800035585
20,2,0,0,2,0,2,1,73.58437900256831,104.84989600081462,204.2033059988171,96.84605199436191
30,2,0,0,3,0,2,1,102.58808100479655,121.69404099404346,269.7652569913771,105.74998499942012
29,1,0,0,2,0,2,1,97.29900500678923,109.19366800226271,254.05255900113843,103.17758499877527
2,1,0,0,0,0,0,3220,31.177967000985518,41.606658007367514,73.07558000320569,63.52634199720342
28,6,0,0,1,0,2,1,44.94651799905114,54.03614800889045,198.7115910014836,106.4383490011096
3,2,0,0,0,0,0,547,97.84080499957781,146.79921299102716,235.49083899706602,149.90307900006883
19,2,0,0,2,0,4,1,83.04305300407577,109.4489029928809,223.7203069962561,101.94354198756628
14,1,0,0,2,0,2,100,101.2365289934678,118.41853799705859,224.17064500041306,108.42928900092375
23,5,0,0,2,0,2,2,102.55215100187343,119.72711599082686,245.83279399666935,103.7982900015777
35,2,0,0,1,0,2,1,72.73219400667585,103.26196899404749,221.46103100385517,95.44368399656378
3,2,0,0,0,0,0,3023,111.23131999920588,90.02078999765217,130.75882200791966,101.0519870033022
2,0,0,0,0,0,0,2981,68.12662800075486,94.554657000117,154.84808100154623,90.77493500080891
12,2,0,0,1,0,2,273,122.97224900976289,180.64741499256343,279.22800500527956,177.143443012028
1,0,0,0,0,0,0,2356,48.80332500033546,68.33639999968,125.10946900874842,88.1669569935184
10,2,0,0,1,0,2,61,84.81881600164343,105.2136549988063,192.3289549886249,47.89721600536723
5,0,0,0,0,0,0,1409,62.56123699131422,91.53286799846683,154.7046699997736,100.84121300315019
23,3,0,0,2,0,2,1,132.3614660068415,164.37328499159776,318.6815340013709,158.63531100330874
34,3,0,0,4,0,2,0,78.42377400083933,107.82108599960338,197.27723600226454,102.68088401062414
20,3,0,0,2,0,2,1,80.92894300352782,106.43050500948448,224.9111449928023,98.82183298759628
19,2,0,0,3,0,2,1,101.78306300076656,108.9073110051686,239.26913499599323,102.58876001171302
16,7,0,0,1,0,2,51,79.64537100633606,113.56598399288487,214.18589900713414,109.95464499865193
25,3,0,0,1,0,1,0,53.404919992317446,110.7550910091959,214.9161169945728,107.70944801333826
20,6,0,0,2,0,2,12,80.417151999427,110.82020500907674,217.57139099645428,107.44593800336588
16,3,0,0,3,0,2,6,81.3635910017183,76.60244300495833,148.22873000230175,81.21080399723724
9,4,0,0,1,0,2,1849,112.26837200229056,148.19069700024556,258.2653709978331,161.75345500232652
3,1,0,0,0,0,0,1289,73.52251801057719,105.02345299755689,167.09065000759438,99.39393399690744
10,1,0,0,1,0,2,0,142.631432012422,176.17990598955657,200.03334899956826,104.25361798843369
2,0,0,0,0,0,0,2981,67.7035799890291,95.26578799705021,156.3587159907911,91.12555599131156
22,2,0,0,2,0,2,1,99.75698200287297,118.56466199969873,243.53161100589205,104.4225720106624
4,2,0,0,0,0,0,555,98.87438600708265,148.56493199476972,238.0797179939691,153.88523200817872
17,1,0,0,1,0,2,7,100.43728299206123,106.33306800446007,231.64812600589357,98.23618301015813
14,7,0,0,1,0,2,66,75.89119799376931,108.36320399539545,197.23147999320645,100.41511199960951
13,3,0,0,1,0,2,35,181.6519940039143,242.7643439878011,326.77520099969115,227.72670599806588
5,2,0,0,0,0,0,490,113.58102801023051,173.97707000782248,276.92673400451895,197.85050899372436
47,0,0,0,6,0,2,0,80.51681499637198,107.88431001128629,276.73868399870116,98.55279700423125
17,1,0,0,2,0,2,7,156.26321099989582,51.94084299728274,128.32385899673682,49.63976099679712
11,0,0,0,0,0,0,121,38.66754499904346,51.8216219934402,167.18763900280464,100.02668200468179
7,0,0,0,0,0,0,482,70.19723799021449,100.6424649967812,171.0387569910381,98.02217299875338
16,2,0,0,1,0,2,82,187.96624799142592,161.06812699581496,340.9547229966847,165.139081000234
1,1,0,0,0,0,0,5937,16.43216999946162,19.37330399232451,73.92663200153038,114.16881400509737
16,4,0,0,1,0,2,6,102.83623200666625,93.64129000459798,115.45936099719256,48.73390300781466
19,1,0,0,3,0,2,1,98.44825399341062,106.6195930034155,226.99617099715397,94.25652500067372
9,2,0,0,0,0,0,98,73.74203800281975,106.57458299829159,180.31846299709287,100.8369280025363
18,6,0,0,1,0,2,2,107.1508289896883,159.48558000673074,216.84857699437998,84.2162759945495
17,1,0,0,0,0,0,1,74.96828900184482,105.44125598971732,192.38115000189282,98.77520099689718
17,1,0,0,1,0,2,2,68.68308800039813,108.82107500219718,227.28874400490895,103.12069900101051
1,0,0,0,0,0,0,508,68.01460999122355,97.99609100446105,132.45656200160738,88.44949600461405
29,2,0,0,4,0,3,1,181.64734399761073,165.9580800042022,375.72291800461244,163.18990899890196
28,2,0,0,2,0,2,1,75.1624419935979,105.57807600707747,226.4807949977694,95.83778800151777
21,1,0,0,2,0,2,0,64.24078599957284,59.665302993380465,122.1908320003422,98.6551679961849
8,2,0,0,0,0,0,958,95.96564000821672,142.14104699203745,207.75169400440063,154.06291600083932
17,1,0,0,2,0,2,35,189.2728709935909,164.51662000326905,353.5176409932319,186.16837800072972
27,3,0,0,3,0,2,1,82.92599699052516,110.4631630005315,241.83600599644706,99.05407999758609
17,2,0,0,1,0,2,1,77.56986800814047,102.22839801281225,203.03045300533995,94.35879500233568
32,0,0,0,2,0,2,0,70.71111300319899,100.76217900495976,219.8855330061633,91.34971498860978
7,3,0,0,0,0,0,0,122.5053630041657,184.53777799732052,298.49720299534965,193.99898999836296
13,2,0,0,2,0,2,7,67.91206799971405,56.998143991222605,110.25773601431865,60.124294002889656
23,5,0,0,3,0,2,13,134.50334400113206,169.09104700607713,322.59296299889684,160.39568900305312
10,1,0,0,0,0,0,5,74.28217600681819,106.53312099748291,184.60726299963426,99.8878579994198
17,1,0,0,1,0,2,2,79.930117004551,106.86325700953603,207.82291400246322,97.10240199638065
20,0,0,0,1,0,1,0,42.6989749976201,55.81628599611577,106.373735005036,53.036085999337956
25,6,0,0,1,0,2,1,83.57993800018448,113.0228289985098,227.80918900389224,105.86602499824949
19,2,0,0,2,0,1,1,74.78158001322299,103.1999539991375,199.89252601226326,95.75058000336867
3,0,0,0,0,0,0,2679,50.856346992077306,69.6188520087162,128.97654499101918,99.32318699429743
3,1,0,0,0,0,0,1858,71.72949500090908,98.99185800168198,160.85587500128895,93.22365499974694
42,2,0,0,6,0,4,1,102.24640199157875,118.91696699603926,299.06744399340823,97.61756099760532
28,0,0,0,1,0,2,0,97.1138430031715,108.35790299461223,236.66188299830537,103.99898600007873
20,5,0,0,1,0,2,1,104.17313399375416,152.67782800947316,271.54233898909297,185.47775600745808
14,4,0,0,1,0,2,1,123.26363699685317,156.60595099325292,292.9776840028353,187.59580099140294
11,3,0,0,0,0,0,0,72.59844400687143,101.53519900632091,197.2650850075297,91.15654599736445
24,1,0,0,3,0,3,2,103.80893600813579,150.891885990859,316.68854600866325,153.95643100782763
6,0,0,0,0,0,0,310,70.49940498836804,114.67941600130871,168.9194310019957,95.26813100092113
19,1,0,0,2,0,2,2,105.15094100264832,117.3697489866754,248.464285992668,97.25435699510854
28,5,0,0,1,0,2,1,107.90735299815424,157.07348599971738,303.3532310073497,162.7096279989928
17,3,0,0,2,0,2,263,102.3667999979807,119.64603899104986,233.2506730017485,114.61264098761603
5,3,0,0,0,0,0,0,73.02950900339056,110.53239800094161,328.8242650014581,229.1158890002407
18,3,0,0,2,0,2,2,84.70236499852035,111.78871100128163,222.15952000988182,102.48895900440402
15,2,0,0,1,0,2,0,163.10734699072782,108.83910399570595,262.26974999008235,105.30217998893932
25,1,0,0,2,0,2,1,102.03222100972198,118.27217300015036,261.54295000014827,103.92686499108095
28,5,0,0,1,0,2,1,80.30142298957799,113.48997199092992,239.87154399219435,113.68582300201524
18,2,0,0,0,0,0,0,76.72828799695708,109.46313000749797,202.04282100894488,119.94410199986305
15,3,0,0,2,0,2,1,83.72843200049829,115.7837409991771,176.25023500295356,108.22197499510366
2,1,0,0,0,0,0,591,96.69489199586678,148.7675109965494,238.01005899440497,171.475366994855
28,8,0,0,3,0,2,0,131.8070299894316,201.51609300228301,392.91790800052695,223.72985900437925
3,1,0,0,0,0,0,239,111.88564899202902,149.14579500327818,224.25878900685348,76.97208599711303
14,5,0,0,1,0,2,5,128.55631500133313,195.55537300766446,346.91986499819905,199.19749499240424
7,2,0,0,0,0,0,120,101.67905500566121,155.10879599605687,262.74764598929323,155.22988099837676
16,3,0,0,1,0,2,0,148.47254200140014,164.13904601358809,348.7902579945512,161.48219499154948
27,1,0,0,4,0,3,2,87.77727399137802,134.81580300140195,250.46166899846867,109.58326200488955
4,4,0,0,0,0,0,5074,30.49316098622512,43.145679010194726,65.48110900621396,125.45373999455478
26,1,0,0,2,0,2,1,79.15090800088365,113.53856600180734,232.53296900657006,107.38392799976282
28,6,0,0,1,0,2,1,80.59516399225686,112.70387499826029,228.6630759917898,105.6214369891677
26,0,0,0,3,0,2,0,74.06850099505391,107.62292699655518,224.49204399890732,98.87511200213339
7,1,0,0,1,0,2,0,151.32194499892648,105.96514098870102,244.8443489993224,100.56650600745343
24,3,0,0,3,0,2,1,99.48198900383431,97.14478401292581,127.62891499733087,51.397584000369534
15,3,0,0,1,0,2,0,159.87881399632897,111.25766999612097,257.0865900052013,101.3973920053104
36,2,0,0,4,0,2,1,95.67752700240817,111.95012200914789,275.0865030102432,103.88034899369814
14,2,0,0,1,0,2,2,77.69206899683923,108.39231900172308,201.187309998204,100.54073999344837
22,1,0,0,2,0,2,1,103.98083200561814,118.45022099441849,242.97199200373143,97.50896699551959
6,0,0,0,0,0,0,1409,64.29967000440229,92.17687300406396,154.33945000404492,103.02853900066111
10,4,0,0,1,0,2,1300,130.66267599060666,194.5454180095112,309.21382700034883,227.20604200731032
27,4,0,0,2,0,2,1,99.2753820028156,90.33584300777875,186.6412639938062,80.76644300308544
36,2,0,0,4,0,3,1,97.81440399819985,120.58923399308696,278.0330179957673,104.98183699382935
31,1,0,0,2,0,2,1,99.55145200365223,105.53727801016066,250.80532100400887,98.43420899414923
18,8,0,0,2,0,2,29,118.81176299357321,174.8039470112417,309.1608229879057,181.16912800178397
4,4,0,0,0,0,0,5074,58.86826099595055,82.32132899865974,128.13253101194277,244.86558299395256
21,3,0,0,3,0,2,1,101.066950999666,116.45292499451898,247.93557600060012,99.99909799080342
7,2,0,0,0,0,0,1639,93.18787200027145,138.1145990017103,210.12949199939612,164.5169950061245
23,4,0,0,2,0,2,2,128.23116101208143,165.36491599981673,314.73667500540614,158.72268099337816
27,1,0,0,5,0,2,0,96.93955899274442,103.45567100739572,136.33610399847385,87.77821900730487
2,1,0,0,0,0,0,4114,50.91179799637757,71.58241199795157,136.64029199571814,153.81340400199406
11,2,0,0,0,0,0,0,51.93473299732432,122.92643399268854,143.5860309866257,78.01954098977149
1,0,0,0,0,0,0,5937,16.645012990920804,19.863738998537883,74.26989599480294,90.02663999854121
20,1,0,0,1,0,2,1,99.98759999871254,109.31722100940533,187.34437300008722,52.60002899740357
4,0,0,0,0,0,0,2337,56.45670200465247,79.64859598723706,135.8718800038332,97.21180699125398
23,2,0,0,2,0,2,1,125.15066099877004,167.19224699772894,307.42604700208176,166.48468300991226
24,3,0,0,4,0,2,1,98.41650399903301,106.07574399909936,249.81463899894152,94.32262899645139
9,1,0,0,0,0,0,511,74.40540500101633,105.82136099401396,180.9587680036202,80.37657500244677
28,4,0,0,3,0,2,1,80.01409600547049,111.11015500500798,240.26104299991857,107.06713399849832
12,1,0,0,1,0,2,475,93.70543199474923,120.64480000117328,212.9981360048987,117.70213600539137
15,5,0,0,1,0,1,2,74.52874399314169,104.07303299871273,192.21493900113273,95.12853999331128
13,0,0,0,1,0,2,226,93.3832570008235,130.64830399525817,218.38829798798542,122.83059199398849
18,2,0,0,1,0,2,1,121.46337499143556,76.90215499314945,174.85600301006343,80.34188400779385
8,3,0,0,0,0,0,1388,68.00222500169184,100.07709999626968,160.69580600014888,104.88501799409278
22,7,0,0,1,0,2,0,69.43636199866887,94.47945500141941,195.5527259997325,85.75682999799028
7,2,0,0,1,0,1,317,124.3435639917152,110.67013700085226,198.5675219912082,106.7444880027324
10,0,0,0,1,0,2,1017,92.22099799080752,125.44842499482911,203.24120999430306,125.29284300399013
26,3,0,0,3,0,2,1,51.40374800248537,58.81061201216653,129.6602030051872,51.615421994938515
25,2,0,0,3,0,2,0,69.04648500494659,95.65316399675794,204.74343899695668,86.3650490064174
10,4,0,0,1,0,2,93,155.01422599481884,241.86196499795187,318.9092549873749,209.0308690094389
11,4,0,0,1,0,2,0,162.17100201174617,169.1713250038447,189.89284199778922,130.32435000059195
19,3,0,0,1,0,2,1,148.6354740045499,195.55669400142506,347.7877580007771,202.95480999629945
11,2,0,0,1,0,2,1107,96.70558699872345,134.553522002534,211.30487399932463,128.89688400900923
25,7,0,0,1,0,2,1,84.92525199835654,112.04480100423098,227.14060799626168,106.92055399704259
22,1,0,0,2,0,2,1,94.47534500213806,109.56108399841469,235.7429669937119,104.35690000304021
21,2,0,0,2,0,2,1,37.45334300037939,52.033481988473795,154.21989499009214,96.18467900145333
19,3,0,0,4,0,2,0,82.83610999933444,108.2228489976842,219.53074799966998,98.71421199932229
16,0,0,0,1,0,2,0,75.15115100250114,106.0187809925992,204.0530809899792,99.13981099089142
22,6,0,0,1,0,2,1,78.95248000568245,106.72214301303029,212.0721140090609,99.05871900264174
27,6,0,0,2,0,2,1,54.0997690113727,58.08476300444454,130.6698940024944,48.60827799711842
1,1,0,0,0,0,0,5937,17.24039900000207,20.31695299956482,74.30937200842891,114.71081600757316
19,1,0,0,1,0,2,1,98.45033900637645,102.79184600221924,225.19852699770126,95.98162199836224
11,4,0,0,0,0,0,79,38.77269801159855,52.222033991711214,93.3376769971801,51.14290500932839
34,3,0,0,2,0,2,1,100.2122460049577,104.23419599828776,257.28033199266065,96.86314899590798
40,1,0,0,3,0,2,1,78.34738200472202,109.94580900296569,258.8789619912859,105.11373699409887
12,2,0,0,1,0,2,12,160.6961769866757,108.10108100122306,248.5192059975816,101.44098999444395
1,0,0,0,0,0,0,3585,62.31003600987606,89.56818700244185,148.68333999766037,89.13957201002631
1,0,0,0,0,0,0,5937,17.036549994372763,20.36772899737116,73.93146799586248,90.91358500882052
25,1,0,0,3,0,2,2,136.03724700806197,171.8775339977583,330.8606740029063,164.8845580057241
28,7,0,0,1,0,2,1,78.93665799929295,112.24883000249974,224.81802701076958,105.9675519936718
17,5,0,0,0,0,0,1,75.53080000798218,109.1184610122582,199.68220000737347,104.07256899634376
3,3,0,0,0,0,0,5631,38.056009987485595,53.11095400247723,53.475605993298814,108.91483700834215
17,4,0,0,1,0,2,1,75.92276298964862,104.4701610080665,201.59493299433962,97.54392600734718
1,0,0,0,0,0,0,5937,17.039861995726824,20.22243100509513,74.25507500011008,89.93511399603449
13,1,0,0,0,0,0,1,72.17843699618243,102.90442599216476,184.1960469901096,94.2707679932937
15,5,0,0,2,0,1,2,37.358656991273165,52.44651700195391,97.98489499371499,47.47779399622232
12,3,0,0,1,0,2,5,54.56812500779051,93.02755699900445,269.694785005413,160.9842540055979
10,3,0,0,1,0,2,93,180.9127769956831,240.97665199951734,320.1728779968107,212.39001900539733
20,1,0,0,3,0,2,1,101.43165799672715,106.49924400786404,236.61453700333368,94.24664299876895
7,4,0,0,0,0,0,0,100.97040899563581,151.82938899670262,244.1687430109596,156.42015398771036
24,3,0,0,0,0,0,1,77.27990600687917,111.36355399503373,211.38191199861467,106.14486900158226
1,1,0,0,0,0,0,5937,16.15917999879457,19.348834990523756,74.45218700740952,113.40526001004037
24,1,0,0,2,0,2,0,37.546855994150974,51.98154899699148,120.59251400933135,96.4056079974398
16,7,0,0,1,0,2,4,112.30842399527319,175.34001800231636,249.4177699991269,88.4699640009785
10,6,0,0,1,0,2,0,195.34321599348914,107.72870598884765,301.866097986931,100.03520200552884
26,1,0,0,3,0,2,1,103.52835401135962,117.74735499056987,247.4397830083035,95.45495800557546
3,1,0,0,0,0,0,2981,95.20377000444569,143.3593230030965,224.7133219934767,155.76361799321603
23,2,0,0,2,0,2,1,39.26411201246083,52.48340600519441,110.66309199668467,49.433540989411995
1,0,0,0,0,0,0,5937,16.82430799701251,19.932593990233727,74.24867700319737,89.72444100072607
8,3,0,0,1,0,1,0,81.01184800034389,102.88461300660856,186.24036000983324,94.1520229971502
47,1,0,0,6,0,2,0,82.15713000390679,108.03357099939603,277.09043900540564,100.11693400156219
1,0,0,0,0,0,0,5937,17.035835990100168,20.09411201288458,74.5947949908441,91.2891370098805
28,2,0,0,1,0,1,1,77.40306400228292,114.50970500300173,215.09503199195024,105.5672130023595
14,0,0,0,2,0,2,7,105.05183899658732,112.09279800823424,226.7423669982236,99.42567499820143
11,7,0,0,1,0,2,1032,168.04131599201355,167.29331800888758,281.3791999942623,179.8796789953485
28,8,0,0,1,0,2,1,41.23818100197241,55.51824999565724,114.03445599717088,52.803665996179916
20,1,0,0,0,0,0,1,76.0357160033891,111.10483799711801,204.93344399437774,105.86620899266563
24,6,0,0,3,0,2,3,98.68296400236432,117.3171429982176,257.1275320078712,102.57392100174911
6,4,0,0,0,0,0,1896,97.02246999950148,145.74878801067825,219.66338600032032,205.85731898609083
8,0,0,0,0,0,0,5,74.4589869864285,104.26509300305042,178.22776599496137,95.41855899442453
22,2,0,0,1,0,2,1,39.153698991867714,89.41012399736792,169.9088770110393,70.95522599411197
11,0,0,0,1,0,1,1,125.64865600143094,107.20322398992721,205.81433600455057,98.88487399439327
7,2,0,0,0,0,0,1639,92.39287699165288,135.8184929995332,191.08655900345184,83.78587799961679
19,1,0,0,1,0,2,1,77.76578899938613,87.46257801249158,141.67662199179176,99.82327200123109
32,1,0,0,1,0,2,1,97.676624005544,103.34887598583009,239.35379700560588,96.89460899971891
22,1,0,0,1,0,2,1,82.52319999155588,107.0818629959831,217.06038400589023,99.05740300018806
13,4,0,0,1,0,2,126,135.86035100161098,96.75085700291675,283.35682800388895,210.52656600659247
27,1,0,0,2,0,2,1,154.83347899862565,140.27067899587564,300.18049900536425,167.58196899900213
11,6,0,0,1,0,1,105,107.2080250014551,159.31666200049222,264.26332398841623,168.7092039937852
6,4,0,0,0,0,0,386,123.8616769987857,188.63450299249962,298.0205299973022,196.50847899902146
3,1,0,0,0,0,0,903,89.99051799764857,138.506765011698,228.86598500190303,156.24587899947073
19,5,0,0,2,0,1,1,47.73833800572902,73.79332800337579,203.11012599267997,102.81799601216335
26,1,0,0,1,0,2,1,92.606127000181,111.274624010548,235.98742901231162,104.05787000490818
27,5,0,0,1,0,2,1,108.18160799681209,162.1143659867812,291.70473900740035,162.00794200995006
14,4,0,0,1,0,2,0,67.38557500648312,95.5872949998593,133.29852100287098,87.30695399572141
33,4,0,0,5,0,2,1,98.92155299894512,106.99697400559671,239.53032300050836,96.38638999604154
30,1,0,0,4,0,2,1,162.71308400609996,135.7439129933482,312.0327700016787,99.94195500621572
34,1,0,0,3,0,2,1,99.83626600296702,104.05337499105372,260.49103199329693,98.42968499287963
20,1,0,0,2,0,2,1,107.54347700276412,158.01066599669866,285.78667900001165,164.0831559925573
11,5,0,0,1,0,2,2,125.57383300736547,53.645906009478495,152.28568499151152,50.40203699900303
14,7,0,0,1,0,2,0,93.69741599948611,154.7159760084469,224.00703800667543,244.128300997545
16,7,0,0,1,0,2,4,113.54221899819095,170.1888709940249,293.6269140045624,174.3728010042105
7,5,0,0,0,0,0,336,110.77663100149948,169.88729299919214,270.24489699397236,176.88372699194588
34,1,0,0,2,0,2,1,94.4667130097514,112.72062399075367,253.62279098771978,102.44098599650897
5,1,0,0,0,0,0,1409,83.68489200074691,125.18196699966211,196.90565999189857,158.58747699530795
24,1,0,0,1,0,2,1,41.8830670096213,54.02328600757755,132.55687399941962,107.89836301410105
22,3,0,0,0,0,0,1,104.49846398842055,158.59016199829057,274.65011599997524,160.49690899671987
23,2,0,0,2,0,2,1,141.06595600605942,53.60955999640282,149.86929899896495,50.523369005532004
11,5,0,0,1,0,2,0,187.98044399591163,115.46468500455376,191.38842400570866,105.8252319926396
13,2,0,0,2,0,2,23,185.17564798821695,119.3840089981677,248.1498319975799,99.30398401047569
31,1,0,0,2,0,2,1,94.11562200693879,117.24896900705062,248.01229500735644,102.16037499776576
3,3,0,0,0,0,0,5631,38.04581600707024,52.60504600300919,98.65967399673536,216.99743000499438
7,4,0,0,0,0,0,97,76.32899199961685,107.03693800314795,98.46309199929237,68.05359799182042
27,1,0,0,3,0,2,2,100.88030000042636,107.55430800782051,255.36376400850713,97.602663008729
23,4,0,0,2,0,2,0,152.4656099936692,204.83508700272068,341.6858230048092,192.74147300166078
21,2,0,0,0,0,0,1,74.96365001134109,106.8304140062537,195.49916899995878,97.77717098768335
20,3,0,0,0,0,0,1,78.05375401221681,110.91771299834363,204.0244649979286,104.79553799086716
23,3,0,0,2,0,2,1,64.22233799821697,104.21593599312473,220.86625501106028,94.7529469995061
9,3,0,0,1,0,2,64,107.70120100642089,81.21937399846502,137.92445400031283,89.11390100547578
12,0,0,0,0,0,0,0,68.282979002106,97.38563100108877,173.20226100855507,85.72963300684933
2,0,0,0,0,0,0,1868,70.26609701279085,98.26372600218747,160.3376529965317,89.2122290097177
26,0,0,0,4,0,3,2,82.14806899195537,110.94228801084682,243.98285799543373,102.81404000124894
14,1,0,0,2,0,2,25,86.82717000192497,108.42280599172227,214.3618050031364,102.83326799981296
26,1,0,0,2,0,2,1,53.08002400852274,75.46397099213209,149.16697899752762,80.58757400431205
26,1,0,0,2,0,2,1,105.19900399958715,117.55616799928248,251.60276198585052,97.89389700745232
12,4,0,0,1,0,2,611,123.5822819871828,168.00270599196665,279.95516400551423,177.2022980003385
1,0,0,0,0,0,0,3585,31.463929000892676,43.253580006421544,75.77204299741425,46.16550399805419
24,1,0,0,1,0,2,1,84.27517401287332,110.98452100122813,224.21963499800768,106.73411200696137
17,0,0,0,3,0,2,1,98.35478500463068,102.55091599537991,228.11688799993135,94.3753189931158
19,2,0,0,1,0,2,1,147.5882999948226,195.47309199697338,347.2603690024698,200.00125200022012
18,1,0,0,2,0,2,2,77.79332999780308,106.11024100217037,215.6021060072817,93.39027499663644
2,0,0,0,0,0,0,501,68.43833500170149,96.5960870089475,160.84135699202307,87.75129599962384
8,5,0,0,1,0,1,273,153.43889100768138,170.5305240029702,270.918509006151,172.96503600664437
7,0,0,0,1,0,2,235,157.85550700093154,211.70542600157205,227.2282080084551,166.92039200279396
9,7,0,0,0,0,0,1263,126.41564100340474,192.46496399864554,276.2761890044203,239.98355100047775
28,1,0,0,2,0,2,1,99.04497700335924,107.92033799225464,252.19647500489373,97.69399600918405
22,1,0,0,1,0,2,1,42.20878999331035,101.19684200617485,217.88138001284096,97.86203200928867
20,1,0,0,0,0,0,1,77.23565700871404,111.70271900482476,203.32772999245208,103.81448800035287
22,4,0,0,2,0,2,1,78.83145000960212,105.88534599810373,219.4584849930834,96.9168779993197
21,4,0,0,3,0,2,13,67.65182000526693,81.60641000722535,166.63840199180413,82.51183800166473
25,1,0,0,2,0,1,1,75.85227899835445,107.16963300365023,213.0603709956631,100.07771399978083
12,0,0,0,1,0,2,1,97.17741000349633,132.62465099978726,213.2658090122277,104.169156998978
2,0,0,0,0,0,0,3629,20.327688005636446,26.967363999574445,57.499254995491356,48.75963399535976
6,3,0,0,0,0,0,0,101.33273999963421,155.27191299770493,242.38769500516355,154.92415000335313
30,4,0,0,2,0,2,1,104.79604399006348,154.07337198848836,300.66587100736797,158.31857100420166
22,4,0,0,2,0,2,1,178.19176201010123,158.16138799709734,341.3789290061686,162.54267099429853
14,3,0,0,1,0,2,0,97.38542800187133,145.65232099266723,261.1016900045797,147.918465998373
28,8,0,0,3,0,2,0,80.85321199905593,113.99933599750511,239.87839400069788,116.1663750099251
20,1,0,0,1,0,1,0,82.45834600529633,112.61421599192545,211.98122399800923,106.45193599339109
24,1,0,0,2,0,2,1,99.62523500144016,112.11292800726369,247.51364999974612,103.46410100464709
23,5,0,0,1,0,2,1,79.10729499417357,111.29242400056683,219.1171000013128,75.96733700484037
13,1,0,0,0,0,0,1,38.05076899880078,84.7085939894896,185.8943819970591,96.04331800073851
29,6,0,0,2,0,2,1,78.54822400258854,111.32294400886167,234.2816349992063,108.12389200145844
17,2,0,0,0,0,0,3,72.45505499304272,54.65156500576995,143.77723798679654,107.69372699724045
24,3,0,0,1,0,1,1,80.8219780010404,114.47990500892047,213.4861069935141,105.83498601044994
26,1,0,0,3,0,4,1,73.95711200661026,104.23949999676552,231.50479000469204,96.58837200549897
27,1,0,0,2,0,2,1,43.78439900756348,55.93491000763606,118.46533400239423,55.104951999965124
27,2,0,0,2,0,2,1,83.48707400728017,115.9884590015281,236.98977199092042,105.16487799759489
25,2,0,0,2,0,2,1,50.09313399204984,53.92536398721859,243.76206599117722,104.50002900324762
19,1,0,0,0,0,0,1,78.00865000172053,112.01811699720565,203.55491200461984,107.18956000346225
15,1,0,0,1,0,2,1,100.04736299742945,104.33516500052065,220.7045680115698,95.52319400245324
18,1,0,0,1,0,2,1,151.99318500526715,111.61036700650584,266.15364001190756,102.4887929961551
14,9,0,0,1,0,2,5,95.41356499539688,249.35492400254589,404.5131540042348,254.2620369931683
25,3,0,0,3,0,2,1,98.93665098934434,119.58132500876673,247.0094159943983,105.01339899201412
26,1,0,0,1,0,2,1,54.69370800710749,77.97393300279509,146.6949979949277,82.93646399397403
7,3,0,0,0,0,0,0,102.64571598963812,152.098014994408,252.7852979983436,156.9884299969999
7,0,0,0,0,0,0,295,70.2049739920767,100.77954200096428,169.88906799815595,95.89864600275178
22,2,0,0,1,0,2,0,68.80927500606049,94.54205200017896,191.89943600213155,87.69887599919457
39,0,0,0,5,0,2,0,93.4245279931929,108.16752299433574,280.46624299895484,103.49327498988714
16,1,0,0,2,0,2,2,40.674393996596336,51.63326000911184,108.6108050076291,47.3185070004547
3,2,0,0,0,0,0,3023,111.58435400284361,170.07456700957846,258.1711740058381,199.81480899150483
9,2,0,0,0,0,0,357,98.97676701075397,148.13346399751026,238.5454640025273,159.19149700494017
28,5,0,0,1,0,2,1,79.58691500243731,112.02048399718478,169.00231600448024,53.062893988681026
19,3,0,0,0,0,0,0,103.03644998930395,152.25209700292908,265.59930699295364,156.68387300684117
10,0,0,0,1,0,2,1017,92.10879099555314,125.1454479934182,199.51943600608502,123.9923050015932
18,1,0,0,3,0,2,5,167.88385499967262,136.02031899790745,291.0465330060106,106.5809509891551
26,3,0,0,3,0,2,2,77.69407999876421,110.26110898819752,233.74294699169695,104.32301899709273
23,1,0,0,2,0,2,1,49.1124120017048,55.36505799682345,120.66097999922931,52.17333699692972
17,3,0,0,2,0,2,2,88.03015800367575,111.5288269938901,223.70108400355093,102.25298299337737
9,2,0,0,0,0,0,25,74.82746700407006,106.77001500152983,180.83688900514971,82.36929899430834
16,0,0,0,3,0,2,24,101.12598800333217,104.98799898778088,228.38011200656183,96.45759499107953
13,6,0,0,2,0,1,15,106.53403399919625,159.23254399967846,267.0645310136024,164.72315799910575
22,2,0,0,1,0,2,1,81.11686399206519,106.59732799103949,140.72080899495631,50.490084002376534
33,2,0,0,4,0,2,1,105.88483000174165,119.04136999510229,274.6720430004643,96.44065900647547
20,5,0,0,2,0,1,1,109.71111799881328,156.61605600325856,282.84017799887806,116.64924399519805
1,1,0,0,0,0,0,5937,8.30721200327389,9.393188011017628,37.82845300156623,55.825212999479845
24,1,0,0,2,0,2,1,51.56781700497959,109.03741700167302,224.20649899868295,99.62461500253994
23,3,0,0,2,0,2,0,99.27005799545441,104.65773000032641,236.57442200055812,99.07293200376444
20,1,0,0,2,0,2,1,107.16054600197822,121.51638600334991,245.09799100633245,97.34274000220466
1,0,0,0,0,0,0,5690,37.544375998550095,50.68867299996782,109.13192099542357,90.1689749880461
25,1,0,0,4,0,2,1,105.09229300078005,119.9256950058043,256.25061399478,95.689350986504
13,2,0,0,1,0,2,191,180.5193420004798,192.53113999729976,327.27143600641284,185.96231100673322
24,5,0,0,3,0,2,1,48.46582999743987,50.74919700564351,181.85815699689556,93.62737099581864
31,2,0,0,4,0,2,0,102.79249599261675,120.25707999418955,273.64114800002426,103.10887399828061
20,7,0,0,3,0,2,0,133.78814001043793,197.91244399675634,348.1739160051802,202.8065579943359
3,3,0,0,0,0,0,5631,38.041578998672776,53.55941300513223,97.86467200319748,214.40397699188907
3,2,0,0,0,0,0,2988,58.66954999510199,87.8808499983279,137.45635899249464,104.03355798916891
16,4,0,0,2,0,1,16,112.10501700406894,162.3186600045301,172.69805799878668,96.27890599949751
23,3,0,0,1,0,2,1,78.29314799164422,112.98584801261313,160.45888799999375,53.350888993008994
28,3,0,0,3,0,2,1,104.13830100151245,157.156273999135,307.7884759986773,161.33041099237744
22,1,0,0,2,0,2,3,84.68462999735493,113.94072900293395,230.22351000690833,107.62139500002377
12,5,0,0,1,0,2,57,180.21107200183906,210.74895600031596,345.74433299712837,208.403783995891
14,7,0,0,1,0,2,1,183.10094100888819,221.9155400089221,401.35030199598987,231.93154200271238
34,1,0,0,3,0,3,1,102.43688500486314,151.8067319993861,307.4244219897082,157.1043389994884
19,6,0,0,1,0,2,1,104.9875580065418,153.18337199278176,271.99239100445993,153.28568499535322
21,1,0,0,3,0,2,41,99.6846930065658,119.97993299155496,250.00256999919657,105.69360799854621
23,4,0,0,2,0,2,3,108.87233100947924,122.94750499131624,251.10610599222127,104.38253000029363
20,3,0,0,2,0,2,0,70.78804199409205,101.37611599930096,207.241789001273,94.72599800210446
1,0,0,0,0,0,0,5937,17.09650999691803,20.02506100689061,74.16949199978262,90.95408000575844
25,6,0,0,4,0,2,1,98.11648399045225,104.78883598989341,224.00630300398916,94.44916399661452
13,0,0,0,0,0,0,18,75.4544840019662,105.3030140028568,188.13147499167826,100.26217599806841
19,2,0,0,2,0,2,3,95.3363239968894,89.38818601018284,240.81208699499257,159.65766699810047
4,0,0,0,0,0,0,1421,61.1843460064847,86.45573700778186,151.04020599392243,100.89417699782643
28,9,0,0,3,0,2,2,131.63254600658547,200.50696600810625,261.59586499852594,106.92589699465316
31,3,0,0,4,0,2,1,147.76074700057507,205.54466200701427,390.914839998004,202.99863300169818
30,1,0,0,5,0,2,1,81.50426599604543,108.10723800386768,250.94813900068402,97.57867100415751
11,3,0,0,1,0,2,1107,95.13911099929828,130.0959630025318,212.255317994277,130.57564200425986
7,6,0,0,0,0,0,1431,169.8213659983594,170.6165229988983,360.42902201006655,270.0151610042667
24,1,0,0,2,0,3,1,77.75819499511272,112.46015600045212,221.61320899613202,105.7446000049822
10,6,0,0,1,0,2,51,98.23784399486613,55.412332993000746,156.73215400602203,53.08029100706335
10,0,0,0,1,0,2,840,88.36883399635553,123.20964800892398,201.51432800048497,123.95801000820938
10,2,0,0,1,0,2,88,95.78721100115217,131.15963099699002,207.3920039983932,108.98267099400982
27,1,0,0,1,0,2,1,96.10929100017529,108.07891399599612,233.93612800282426,103.4544230060419
30,1,0,0,4,0,2,1,100.1827959989896,105.70361999270972,252.98432499403134,97.07203300786205
18,4,0,0,1,0,2,1,105.53692499524914,154.35868100030348,220.79954299260862,160.2033679955639
1,0,0,0,0,0,0,5937,17.275838006753474,20.347223995486274,76.01233599416446,89.45295999001246
11,2,0,0,1,0,2,0,171.23828899639193,99.96390600281302,189.93039600900374,93.90377899399027
34,3,0,0,2,0,2,1,99.30102300131693,104.14056500303559,256.91270698735025,98.2574969966663
2,1,0,0,0,0,0,4383,34.26960999786388,46.4349090034375,99.72114699485246,95.60156399675179
5,2,0,0,0,0,0,693,68.69739398825914,99.06296500412282,165.1715990010416,96.07016100198962
8,2,0,0,1,0,2,295,111.93304500193335,121.17134600703139,158.89834200788755,109.23749899666291
21,3,0,0,2,0,2,1,107.68289399857167,152.19903300749138,244.41945800208487,79.17697999801021
23,2,0,0,2,0,2,2,102.55841199250426,124.43327999790199,245.7640979991993,103.68794000532944
3,1,0,0,0,0,0,2679,64.55202899815049,95.20595500362106,160.21303000161424,157.88792799867224
30,4,0,0,2,0,2,1,107.01831500045955,159.14421901106834,299.7387340001296,164.89321099652443
24,5,0,0,2,0,2,0,77.40717600972857,111.44382099155337,219.50444699905347,106.09039799601305
27,5,0,0,1,0,2,1,108.42672199942172,160.92265299812425,291.73262100084685,164.1888470039703
23,2,0,0,2,0,2,1,51.647386004333384,51.996569003676996,124.95611500344239,49.182197006302886
25,2,0,0,2,0,2,1,84.70161199511494,112.40283399820328,228.51458001241554,107.99306900298689
20,6,0,0,2,0,2,0,107.55738399166148,159.98466999735683,287.5157900125487,162.67351600981783
13,3,0,0,1,0,2,1,99.57279200898483,148.23473499563988,264.366086004884,150.26295099232811
22,3,0,0,1,0,2,1,97.201277007116,102.83487000560854,159.57682799489703,47.68959799548611
1,0,0,0,0,0,0,5937,16.824394013383426,20.098957000300288,74.180350988172,91.8094960070448
11,3,0,0,1,0,2,5,121.76755099790171,179.58923299738672,289.02475400536787,174.89038899657317
7,3,0,0,0,0,0,1640,109.39129299367778,168.00896300992463,247.72421798843425,205.18344799347688
1,0,0,0,0,0,0,5937,17.02843800012488,19.980309007223696,74.38732899026945,89.25072000420187
5,0,0,0,0,0,0,175,35.843253004713915,78.89366800372954,168.71700499905273,93.00128799804952
27,3,0,0,2,0,2,1,101.72514199803118,110.05558399483562,252.67521900241263,104.53040899301413
6,4,0,0,0,0,0,0,97.1525799977826,144.49431799585,237.4232599977404,148.1955829949584
13,0,0,0,1,0,2,268,98.21258000738453,110.27737500262447,216.0453209944535,104.29191299772356
22,1,0,0,0,0,0,1,74.9528579908656,69.46809499640949,100.18313999171369,49.658742995234206
4,4,0,0,0,0,0,5074,30.62363799836021,43.4373550087912,65.31872801133431,236.96514700714033
16,2,0,0,1,0,2,2,120.75542700767983,156.6476150037488,296.71564999443945,85.6534280028427
13,2,0,0,2,0,1,15,72.76118600566406,103.7177379912464,191.28668900521006,94.74009700352326
25,7,0,0,1,0,2,1,83.46309700573329,111.47233600786421,226.8653929932043,81.69256598921493
8,1,0,0,0,0,0,381,72.58280299720354,106.23304000182543,177.4256350036012,103.63988600147422
8,1,0,0,0,0,0,114,74.16327300597914,104.5548480033176,178.85832699539606,98.70646700437646
1,1,0,0,0,0,0,5937,16.105839007650502,19.117121992167085,72.69092799106147,113.4014960116474
17,0,0,0,1,0,2,0,95.59852001257241,106.54835100285709,223.55242000776343,103.74635299376678
28,2,0,0,2,0,2,1,41.88316100044176,104.84238500066567,235.25463900296018,107.46127199672628
18,6,0,0,1,0,2,0,34.47749500628561,46.41680500935763,173.4592029970372,48.836569010745734
24,9,0,0,3,0,2,0,102.39691800961737,107.90334700141102,255.52721199346706,105.98620100063272
20,2,0,0,0,0,0,1,107.17769399343524,156.48233900719788,272.7937919989927,177.10011299641337
25,2,0,0,4,0,2,2,98.61028099840041,105.29719400801696,245.33573701046407,95.84724000887945
29,1,0,0,4,0,3,1,190.6325769959949,160.8246359974146,375.27886500174645,165.0511309999274
35,0,0,0,5,0,2,0,43.18276600679383,55.13892800081521,225.54745900561102,110.95418799959589
2,0,0,0,0,0,0,2199,59.06873800267931,83.10765599890146,169.39937201095745,95.37806299340446
14,1,0,0,1,0,2,3,117.04239300161134,171.70772899407893,291.4841549936682,170.5654189863708
26,5,0,0,3,0,2,2,55.87451899191365,60.25511500774883,134.61861500400119,52.505943007417955
30,2,0,0,2,0,2,1,108.027531998232,137.03815400367603,253.36948700714856,98.09003998816479
17,3,0,0,2,0,2,1,105.3729390114313,110.97336500824895,236.08737700851634,101.4897760032909
3,1,0,0,0,0,0,794,71.08085100480821,99.30040800827555,164.46730999450665,99.91573898878414
7,6,0,0,0,0,0,2359,94.0580900060013,142.63068400032353,198.37320999067742,179.99654599407222
12,1,0,0,1,0,2,4,92.86589799739886,110.96355700283311,212.64892900944687,104.51915000157896
22,2,0,0,3,0,2,9,94.70382599101868,119.44096900697332,250.5366760015022,103.79526400356553
6,2,0,0,0,0,0,531,73.328603990376,105.98872500122525,172.10049199638888,79.50029699713923
17,2,0,0,3,0,2,1,50.18089900841005,50.522475998150185,171.853061998263,94.54774600453675
2,0,0,0,0,0,0,3629,39.62319299171213,53.692872999818064,109.774987999117,94.99500200035982
24,1,0,0,0,0,0,1,77.91385300515685,110.98470899742097,209.17147600266617,104.40962899883743
21,3,0,0,2,0,2,2,106.87584699189756,158.29234098782763,294.66418900119606,160.63422099978197
11,4,0,0,1,0,2,5,127.63408799946774,185.39061398769263,288.75639199395664,176.92479099787306
1,0,0,0,0,0,0,5937,17.056384996976703,20.63269799691625,75.47489399439655,91.30272899346892
13,1,0,0,2,0,2,0,86.25387400388718,104.08036599983461,204.0434499940602,91.7920520005282
7,2,0,0,0,0,0,16,72.79318000655621,102.85979000036605,175.43812000076286,96.78392299974803
30,1,0,0,3,0,2,1,91.05322200048249,104.3827359972056,259.40470599744003,98.6572889960371
32,2,0,0,4,0,2,1,100.69373001169879,119.63797399948817,270.88657701096963,64.91359700157773
18,3,0,0,1,0,2,1,94.72646299400367,75.57795400498435,245.1552510028705,157.30272899963893
3,1,0,0,0,0,0,555,70.27348600968253,99.76019400346559,166.00233799545094,91.98995599581394
3,0,0,0,0,0,0,0,72.1065599936992,101.58496101212222,141.50651199452113,47.02450800687075
3,1,0,0,0,0,0,1111,71.32526299392339,93.48049099207856,102.70352600491606,95.48082100809552
25,8,0,0,3,0,2,3,116.09594999754336,170.36912799812853,322.59910499851685,178.44756699923892
6,3,0,0,0,0,0,400,73.06249199609738,101.0033009952167,173.5552909958642,98.97814100258984
16,3,0,0,1,0,2,2,77.20916900143493,75.33434199285693,236.53845800436102,160.2445570024429
27,1,0,0,2,0,2,1,80.76412900118157,109.15374600153882,231.78776999702677,98.95365301053971
25,5,0,0,1,0,2,1,79.11238700035028,113.69764199480414,220.00881400890648,106.20101800304838
13,1,0,0,1,0,2,1,95.80184301012196,108.98422000173014,220.72734699759167,103.28099899925292
3,0,0,0,0,0,0,2679,50.94753499724902,71.48345399764366,130.6330180086661,99.56645499914885
26,4,0,0,3,0,2,1,56.46684899693355,58.826220003538765,130.61993900919333,51.29992699949071
4,2,0,0,0,0,0,363,101.53300299134571,154.5095610053977,243.7295540003106,159.04856999986805
17,5,0,0,1,0,2,1,52.62217299605254,73.18399399810005,235.63527700025588,156.0054289875552
18,4,0,0,1,0,2,1,71.03002999792807,102.4808270012727,200.86730799812358,95.17518499342259
17,1,0,0,1,0,2,1,75.5501980020199,106.58104199683294,201.9601720094215,81.4845060085645
29,4,0,0,3,0,3,1,81.79457100050058,113.30056899168994,243.45852399710566,107.51607900601812
19,6,0,0,2,0,1,0,106.88260900496971,159.6429899946088,276.58456600329373,161.33387600712012
22,1,0,0,1,0,2,1,80.30299299571197,106.72014400188345,211.34509300463833,99.27742400032002
16,3,0,0,2,0,2,0,49.32793299667537,100.44204001314938,239.20399700000416,110.83235499972943
11,4,0,0,1,0,2,0,174.88649200822692,112.3718440067023,187.85322600160725,106.36727399833035
21,2,0,0,1,0,2,1,92.6980310032377,110.96452199853957,230.20500999700744,103.36926700256299
18,0,0,0,1,0,2,9,79.20548200490884,109.5805399963865,208.81299499887973,103.5186410008464
22,1,0,0,3,0,2,7,98.04516501026228,91.53593900555279,189.77510399417952,88.0263019935228
27,7,0,0,3,0,2,2,107.79783299949486,159.92378498776816,304.4958350074012,164.65125500690192
4,0,0,0,0,0,0,1626,62.048898995271884,86.71461899939459,149.92000599158928,95.60720699664671
14,4,0,0,0,0,0,1,102.22009599965531,153.80035901034717,258.2069439959014,156.1411440052325
10,2,0,0,1,0,2,93,181.2797739985399,244.06187499698717,321.75588099926244,211.49018500000238
28,6,0,0,1,0,2,1,109.97475200565532,159.3605890084291,291.746182992938,162.64428400609177
30,1,0,0,3,0,2,1,39.926899000420235,55.013866993249394,127.87191799725406,105.78763800731394
25,4,0,0,3,0,2,1,135.36543599911965,168.63672599720303,331.7015869979514,157.38211499410681
23,2,0,0,2,0,2,1,82.02010500826873,108.77535100735258,221.72333700291347,98.96757599199191
8,2,0,0,0,0,0,114,74.34360600018408,105.20755300240126,176.27344799984712,95.88322399940807
1,0,0,0,0,0,0,2995,66.80206199234817,96.28850399167277,156.03988400835078,88.18327001063153
14,4,0,0,1,0,2,1,107.92700199817773,124.82078299217392,137.35291099874303,79.23908700468019
5,2,0,0,0,0,0,507,70.23116899654269,100.2896249992773,167.55755800113548,96.91948599356692
38,2,0,0,5,0,2,1,101.43686000083108,122.18165599915665,284.51556198706385,106.1853449937189
28,1,0,0,3,0,2,1,100.69310301332735,121.1550360021647,257.86140499985777,104.83482100244146
8,0,0,0,1,0,2,64,82.15676000691019,117.67734299064614,194.10252600209787,105.07196800608654
20,9,0,0,2,0,2,19,129.88139000663068,196.85691999620758,342.5865729950601,208.5029870067956
11,4,0,0,1,0,2,57,87.7986499981489,71.74746799864806,152.9124489898095,60.60836699907668
7,4,0,0,0,0,0,1506,65.77402600669302,95.66509698925074,160.93596500286367,105.12641599052586
27,1,0,0,3,0,3,1,73.73724700300954,103.33980098948814,225.74000799795613,94.47224599716719
22,3,0,0,0,0,0,1,76.7558369989274,109.76827998820227,204.81819000269752,106.48763300559949
25,8,0,0,1,0,2,1,84.48704400507268,112.78011399554089,227.2806480032159,108.54436201043427
20,8,0,0,2,0,2,12,107.25175299739931,157.96892199432477,287.94474799360614,162.48237300897017
24,2,0,0,0,0,0,1,40.56139099702705,54.52674999833107,105.8500740036834,53.115435992367566
11,1,0,0,1,0,2,278,105.8227859903127,158.06105399678927,259.3886329996167,164.01187400333583
19,2,0,0,0,0,0,1,79.43750800041016,113.59592000371777,202.43143900006544,107.24633099744096
29,3,0,0,3,0,2,1,84.80959000007715,114.17609101044945,242.6323669933481,106.52614900027402
24,1,0,0,1,0,2,1,76.95514299848583,113.88727600569837,217.14753500418738,104.74825499113649
27,1,0,0,3,0,2,0,99.1272429964738,117.17275298724417,147.64357499370817,95.27963800064754
6,0,0,0,0,0,0,111,69.28068000706844,100.04857000603806,169.68170400650706,91.52069099945948
23,1,0,0,2,0,2,1,85.25480299431365,114.12414300139062,234.4003350008279,109.17800400056876
11,6,0,0,1,0,2,1032,166.0291300067911,163.80141899571754,231.3748949964065,91.40685899183154
29,1,0,0,4,0,2,1,99.12823399645276,114.50100500951521,259.1549339995254,95.11932800523937
10,1,0,0,0,0,0,65,44.22624899598304,102.54962000180967,178.7892269931035,96.2117879971629
11,1,0,0,1,0,2,4,37.65907700289972,52.99901201215107,97.68125800474081,50.63834600150585
3,2,0,0,0,0,0,0,68.96098899596836,95.79701100301463,160.53658799501136,85.3657249972457
3,3,0,0,0,0,0,5631,38.11927400238346,51.101005999953486,98.43752899905667,214.80083800270222
42,2,0,0,3,0,2,1,95.93784899334423,109.99793699011207,280.41024100093637,108.29078400274739
28,2,0,0,3,0,2,1,77.2105450014351,107.08340699784458,224.0548010013299,102.77757699077483
21,2,0,0,0,0,0,1,71.45047199446708,102.3643990047276,191.8534680007724,99.65183699387126
13,0,0,0,1,0,2,0,41.36725499120075,51.94168401067145,188.79152099543717,47.895929994410835
12,1,0,0,1,0,2,37,148.3707369916374,251.6771289956523,330.12819300347473,230.5358659941703
27,1,0,0,4,0,2,1,98.71440200367942,119.97167998924851,241.9471819885075,103.12544000044
3,2,0,0,0,0,0,2988,119.56109199672937,180.18012501124758,278.1070990022272,199.73112099978607
38,2,0,0,5,0,2,1,126.52332600555383,168.04442599823233,359.59768599423114,102.90800999791827
19,2,0,0,1,0,2,1,118.73481200018432,154.26686000137124,298.80173499986995,159.79683000477962
17,2,0,0,2,0,2,4,99.21820400631987,103.67815299832728,227.16099000535905,98.11680999700911
16,2,0,0,1,0,2,1,99.68023200053722,106.22604699165095,225.0564209971344,82.69011799711734
22,2,0,0,2,0,3,1,83.58002699969802,113.36195000330918,226.92966800241265,107.21201199339703
14,6,0,0,1,0,2,5,133.1624849990476,198.63707599870395,326.29992500005756,200.55350700567942
22,2,0,0,3,0,2,3,134.00900299893692,165.05491301359143,322.00128900876734,159.57277100824285
20,1,0,0,1,0,2,1,99.30188600264955,104.79517800558824,224.36510100669693,97.0842660026392
24,1,0,0,3,0,2,1,99.87836799700744,116.71173400827684,250.28866100183222,102.78856799413916
36,2,0,0,4,0,2,1,96.72395599773154,110.09805300273001,273.8527469919063,102.89113300677855
19,2,0,0,0,0,0,0,102.91819600388408,152.76438600267284,269.2133259988623,157.40701000322588
3,2,0,0,0,0,0,0,48.86835200886708,72.85563100595027,119.5014439872466,75.35653100057971
1,1,0,0,0,0,0,5937,16.158830010681413,18.982724999659695,72.989549007616,113.5955250065308
14,9,0,0,1,0,2,5,93.31179299624637,127.47810099972412,350.7995879917871,254.61220399301965
24,2,0,0,0,0,0,1,78.38868799444754,113.06902600335889,208.57434600475244,105.1517129963031
22,3,0,0,2,0,2,1,98.29198000079487,103.52035600226372,228.80614799214527,97.97089100175072
14,5,0,0,1,0,2,1,187.48695201065857,225.58608699182514,400.91210599348415,232.10330099391285
20,2,0,0,1,0,2,0,79.27903300151229,103.25880598975345,209.82705299684312,98.79864999675192
35,1,0,0,5,0,2,0,79.8122090054676,76.94473100127652,166.84194499976002,80.15248199808411
16,0,0,0,1,0,2,6,96.79369701188989,101.98293399298564,217.19286100415047,96.60807299951557
22,6,0,0,1,0,2,1,56.542703008744866,106.12712299916893,209.94405099190772,98.72321100556292
23,2,0,0,1,0,2,1,78.60306699876674,111.0145190032199,218.39403599733487,104.5001879974734
11,7,0,0,1,0,2,1032,168.87558400048874,168.22424199199304,285.85368300264236,182.17188901326153
3,1,0,0,0,0,0,4112,57.934928001486696,81.69167200685479,143.1747919996269,163.95520500373095
3,1,0,0,1,0,1,1445,60.67510099092033,76.52101400890388,93.45633001066744,76.03578100679442
24,1,0,0,1,0,2,1,96.3949830038473,103.2070119981654,227.251755000907,98.19026199693326
29,4,0,0,2,0,2,0,76.36181300040334,111.31900199688971,226.15675299311988,103.20943799160887
3,2,0,0,0,0,0,547,97.70072599349078,146.86438500939403,231.33672100084368,151.79809799883515
28,5,0,0,2,0,3,1,84.5449229964288,111.64161800115835,236.07145200367086,108.31885800871532
33,2,0,0,2,0,2,1,75.59648899768945,106.12034000223503,235.30886699154507,101.27062599349301
16,0,0,0,2,0,2,1,74.3741729966132,105.07695100386627,198.6539189965697,94.73475499544293
33,4,0,0,5,0,2,1,53.31975100853015,51.2362270092126,134.02200699783862,47.848861999227665
4,1,0,0,0,0,0,860,76.17299999401439,107.04048300976865,172.0015320024686,102.43082500528544
15,8,0,0,2,0,1,12,74.5904040086316,105.76874000253156,195.31140400795266,97.17624599579722
21,1,0,0,2,0,2,1,122.93901499651838,154.44058799766935,311.2667440000223,159.25551300460938
15,5,0,0,1,0,1,1,74.16570400528144,106.01550900901202,196.07922800059896,97.53746600472368
3,2,0,0,0,0,0,2988,120.11476799671073,180.62019000353757,274.3375110003399,198.16699500370305
4,0,0,0,0,0,0,1421,60.748000993044116,86.7162670037942,150.6209939980181,101.71637500752695
9,2,0,0,0,0,0,16,55.164195990073495,80.3402589954203,133.56697899871506,85.72027199261356
9,2,0,0,1,0,2,0,159.66208100144286,198.58858600491658,189.38614400394727,107.25745699892286
3,2,0,0,0,0,0,914,108.22846299561206,165.8264129946474,263.8879860023735,196.1413279932458
16,1,0,0,1,0,2,1,100.23374999582302,103.35730700171553,222.28846499638166,95.16756300581619
10,5,0,0,1,0,2,50,196.42582300002687,106.13871600071434,302.26558199501596,97.76155800500419
12,8,0,0,0,0,0,0,68.09223600430414,94.78947099705692,173.39381300553214,85.916684998665
3,2,0,0,0,0,0,3594,54.38478400174063,77.27748999604955,137.2064170136582,154.50542300823145
31,1,0,0,3,0,2,1,73.07533900893759,53.811753998161294,132.83192200469784,53.725025994936004
29,1,0,0,3,0,2,1,100.47319199657068,118.48063400248066,259.81573200260755,103.51796400209423
18,2,0,0,1,0,2,0,95.49982800672296,107.680524000898,223.29697500390466,102.08798499661498
20,5,0,0,2,0,2,12,106.96554799505975,159.20032899884973,284.7425070067402,164.42882400588132
2,0,0,0,0,0,0,3629,39.44942100497428,52.82100700424053,110.13677100709174,97.1542019979097
15,6,0,0,2,0,1,2,75.33807499567047,108.27445299946703,196.6299030027585,100.0635349919321
1,0,0,0,0,0,0,2995,66.56011599989142,92.92583799106069,154.41081099561416,91.41484899737407
30,1,0,0,3,0,2,1,100.62289799680002,106.6579149919562,259.4254930008901,98.01137799513526
27,1,0,0,2,0,2,1,125.11860899394378,99.04102499422152,221.98476099583786,160.84804300044198
10,0,0,0,0,0,0,19,77.83298600406852,100.88440000254195,150.84708700305782,105.44646199559793
1,0,0,0,0,0,0,3248,56.137367006158456,77.84295099554583,139.33399700908922,90.03254100389313
30,3,0,0,3,0,2,0,38.71914300543722,53.466989993466996,119.19450899586082,46.08121298952028
26,2,0,0,3,0,2,0,149.81631500995718,177.97173399594612,341.4618859969778,202.47341701178811
25,5,0,0,1,0,2,1,42.37088999070693,55.673089998890646,115.07341099786572,54.05749200144783
42,6,0,0,5,0,2,1,75.68463300412986,107.26238999632187,257.4159200012218,99.79192299942952
15,2,0,0,2,0,2,4,174.16578499251045,117.83343400747981,302.87277499155607,97.60838300280739
20,5,0,0,1,0,2,1,138.7099129933631,202.3545150004793,345.4096679924987,211.2330550007755
12,1,0,0,2,0,2,157,154.8830590036232,124.00956299097743,267.32531799643766,121.73099401115905
42,3,0,0,5,0,2,1,77.70607899874449,106.13194800680503,255.71211699570995,100.11559899430722
10,3,0,0,1,0,2,28,178.8604939938523,103.4769699908793,292.6434289984172,98.42379900510423
13,5,0,0,2,0,2,0,52.77968700102065,74.81116300914437,136.97540599969216,78.37920599558856
15,4,0,0,1,0,1,1,127.87771000876091,193.10302600206342,320.9552570042433,202.2007979976479
4,2,0,0,0,0,0,1131,119.98500599293038,187.36185699526686,284.61338600027375,195.8716560038738
11,1,0,0,1,0,2,4,189.83602400112431,158.09151499706786,305.5621419916861,160.82251800980885
10,6,0,0,1,0,2,1065,165.88644300645683,165.8471959963208,278.8440169970272,183.34659399988595
25,2,0,0,2,0,3,1,83.62805600336287,105.45350299798883,141.4368959958665,50.00302899861708
21,5,0,0,1,0,2,1,80.95666499866638,114.3691399920499,220.65493601257913,108.55573600565549
26,2,0,0,3,0,2,1,94.96418600610923,113.17193100694567,247.6834060071269,96.89599700504914
21,4,0,0,1,0,2,1,79.53085898770951,107.0934599993052,215.1259459933499,100.02460499526933
14,1,0,0,2,0,2,7,56.28379799600225,102.16177500842605,228.2733059983002,98.98332601005677
24,5,0,0,3,0,2,0,52.22847600816749,61.18973701086361,130.4619040020043,84.78173198818695
24,1,0,0,0,0,0,1,74.91705000575166,108.348705995013,200.48951198987197,100.66269799426664
24,6,0,0,3,0,2,9,99.575301996083,120.49740200745873,256.01288699544966,104.1487529873848
28,2,0,0,3,0,2,1,126.39579600363504,167.79198800213635,323.89601299655624,161.72104800352827
11,0,0,0,0,0,0,1,73.10754799982533,103.4420299984049,180.93156100076158,95.66964900295716
25,7,0,0,1,0,2,1,57.63688099978026,77.87205299246125,150.5438369931653,82.05326901224907
25,6,0,0,1,0,2,1,84.15402899845503,111.20908199518453,226.6759229969466,106.9934609986376
22,2,0,0,2,0,2,2,157.00916999776382,131.31926600181032,276.248417008901,99.15101900696754
5,4,0,0,0,0,0,0,161.50028799893335,252.88751799962483,382.04999700246844,250.3980259934906
29,2,0,0,4,0,2,2,190.17681299010292,186.7386600060854,380.6363159965258,160.949712008005
16,2,0,0,1,0,2,2,77.70712400088087,113.49754899856634,209.35708600154612,105.71355700085405
19,6,0,0,1,0,2,1,115.13181899499614,153.39241399487946,282.7666609955486,156.7174759984482
18,4,0,0,1,0,2,1,72.1145110001089,102.61593700852245,200.27318599750288,94.41347599204164
23,2,0,0,1,0,2,1,79.07057700504083,111.55063699698076,217.3108470014995,104.71822599356528
26,3,0,0,3,0,2,1,95.02839299966581,116.19031000009272,245.0634779961547,96.4075699885143
19,3,0,0,2,0,1,1,73.98889199248515,102.74244401080068,200.02694099093787,95.52772900497075
25,3,0,0,3,0,2,0,73.9785540063167,106.28269700100645,222.17873700719792,100.55063299660105
9,2,0,0,0,0,0,5,76.80418899690267,110.49741299939342,188.48302599508315,104.14756600221153
10,3,0,0,1,0,2,93,92.19300800759811,121.67254500673153,265.36069899157155,210.3399400075432
20,1,0,0,2,0,2,1,79.6613810089184,109.55004900461063,211.91774499311578,97.07003900257405
24,4,0,0,3,0,2,1,128.11130299814977,168.8884069881169,320.1520519942278,160.6610839953646
1,0,0,0,0,0,0,5937,17.02223600295838,20.144465001067147,74.25016799243167,91.19044399994891
20,2,0,0,1,0,2,1,97.18523500487208,63.591597994673066,152.62873700703494,96.74256200378295
13,3,0,0,1,0,2,1,105.9657940058969,148.6082049959805,200.8323550107889,77.82683799450751
10,5,0,0,1,0,2,0,91.28973699989729,59.5709449989954,247.14894000499044,93.18515199993271
7,2,0,0,0,0,0,1401,66.29802900715731,93.32261100644246,159.47586600668728,105.53326900117099
9,3,0,0,1,0,2,1849,94.41438199428376,154.9254489946179,261.70277400524355,164.1325350065017
11,2,0,0,1,0,2,1107,93.95147800387349,130.09794399840757,209.23708299233112,129.7320510057034
2,2,0,0,0,0,0,5771,27.244740995229222,36.270883996621706,88.85166799882427,172.7236489969073
14,2,0,0,0,0,0,1,75.04469199921004,103.0286979948869,185.15622599807102,95.04056400328409
12,1,0,0,1,0,2,12,133.96128600288648,52.8055609902367,129.8747670080047,78.70660700427834
24,0,0,0,3,0,2,1,76.21601800201461,103.30644500209019,214.87352599797305,90.4783320002025
25,2,0,0,1,0,2,1,93.92166200268548,106.48007800045889,228.9427850046195,96.79771699302364
21,1,0,0,0,0,0,1,40.18062900286168,101.14739500568248,205.12087900715414,107.14761300187092
19,2,0,0,1,0,2,1,77.15960600762628,97.80005100765266,107.57523799838964,101.07209900161251
6,2,0,0,0,0,0,1409,63.97839899000246,94.0729529975215,157.17765199951828,103.65635200287215
25,7,0,0,1,0,2,1,83.30219599884003,110.91892299009487,226.95352700247895,106.97246200288646
20,6,0,0,2,0,2,1,81.70326400431804,106.09819198725745,223.23052599676885,100.63395500765182
21,1,0,0,1,0,1,1,75.43349100160412,106.30743599904235,202.78964198951144,100.88226301013492
15,1,0,0,1,0,2,1,50.74810500082094,50.92066100041848,113.45326999435201,49.15174200141337
23,4,0,0,2,0,2,2,98.99530000984669,118.34977200487629,243.7020829966059,103.39581599691883
32,1,0,0,2,0,2,1,77.27802400768269,108.3199119893834,229.09415999311022,89.98699400399346
30,1,0,0,0,0,0,1,76.98766700923443,111.55934199632611,214.214515988715,106.3466449995758
19,2,0,0,2,0,2,1,92.22755199880339,105.92285700840876,231.95309699804056,96.90762100217398
2,1,0,0,0,0,0,2989,68.22032599302474,96.97499600588344,156.5833280037623,91.01131799980067
20,3,0,0,2,0,2,1,81.55598099983763,106.1271869984921,222.7507079951465,98.60247100004926
5,4,0,0,0,0,0,0,142.70403499540407,220.8778079948388,336.85911499196663,115.10954400000628
25,1,0,0,2,0,2,1,105.75278000032995,115.31491999630816,250.50682500295807,105.07143400900532
9,1,0,0,1,0,2,14,39.278165000723675,50.65217700030189,138.147563993698,94.0756570053054
4,2,0,0,0,0,0,0,50.24055299872998,70.74419400305487,232.93436899257358,150.03826600150205
1,1,0,0,0,0,0,5937,16.444281995063648,19.10343200142961,74.70023100904655,112.83092798839789
23,7,0,0,1,0,2,2,78.69542999833357,111.6749350039754,220.25677700003143,107.58727400389034
26,1,0,0,1,0,2,1,188.85347399918828,154.70052299497183,332.46747800149024,163.7302770104725
15,2,0,0,1,0,2,3,52.47997399419546,55.25322999164928,119.04325899377,52.736011988599785
12,1,0,0,0,0,0,1,72.13364999915939,101.61252001125831,184.29771100636572,96.42082199570723
28,3,0,0,1,0,2,0,41.662996998638846,74.16226099303458,226.7104000056861,105.70374100643676
24,9,0,0,3,0,2,41,205.34098098869435,241.96450599993113,420.19314400386065,232.76170800090767
13,6,0,0,1,0,2,0,99.58671699860133,150.5986990086967,257.17470099334605,148.16255800542422
19,3,0,0,1,0,2,1,80.83178701053839,114.09049600479193,216.6367710015038,109.10799000703264
23,1,0,0,2,0,2,0,98.63417000451591,101.0720320045948,236.04329099180177,94.20465900620911
18,4,0,0,2,0,2,1,110.11229599535,159.8536279925611,288.2351240114076,162.69738899427466
11,7,0,0,1,0,2,1032,167.60548700403888,169.16092600149568,263.32924199232366,90.93929000664502
29,2,0,0,2,0,2,2,52.49172099865973,59.501133000594564,221.584161001374,104.05401399475522
13,2,0,0,1,0,2,38,98.96131799905561,107.13494099036325,216.74105800047982,97.417372991913
1,0,0,0,0,0,0,5937,16.748530993936583,20.157350998488255,74.23962000757456,90.71266099635977
31,0,0,0,2,0,2,1,97.40148599667009,117.28756799129769,248.54321200109553,103.04435600119177
8,0,0,0,1,0,2,148,102.76596598851029,135.0203869951656,204.65587500075344,114.64676199830137
6,4,0,0,0,0,0,593,40.1855450036237,55.45729699952062,93.17523401114158,54.88143299589865
23,4,0,0,1,0,2,1,99.43111600296106,107.47694000019692,230.77839099278208,98.78852900874335
37,3,0,0,4,0,2,0,147.12077401054557,205.41255100397393,380.0610000034794,200.72754099965096
14,4,0,0,1,0,2,1,106.50388800422661,153.70170600363053,268.7131739949109,156.88596799736843
20,7,0,0,2,0,2,13,105.20457399252336,159.66582599503454,285.0390500098001,163.34505399572663
20,2,0,0,1,0,1,0,83.00317700195592,111.99599599058274,211.35242299351376,106.7361609893851
20,5,0,0,1,0,2,0,39.628537997487,54.15412598813418,108.07316699356306,99.34437599440571
28,2,0,0,3,0,2,1,78.817372006597,108.6254249967169,232.98831499414518,102.55873600544874
16,0,0,0,2,0,2,286,98.23770599905401,121.90379400271922,238.79353899974376,117.30810299923178
11,1,0,0,1,0,2,24,98.41833599784877,106.21380599332042,189.29402501089498,98.37591600080486
24,2,0,0,0,0,0,1,74.68141701247077,106.18506198807154,154.1990230034571,94.6431170013966
2,2,0,0,0,0,0,5771,27.66882001014892,35.31415099860169,87.64214800612535,171.89659501309507
14,1,0,0,1,0,2,1,63.45409600180574,63.516716996673495,194.75746600073762,50.368259006063454
3,2,0,0,0,0,0,2988,118.20964000071399,172.39415399671998,136.84845498937648,190.37105501047336
19,2,0,0,1,0,2,1,79.44271199812647,105.69149399816524,208.32326498930342,97.3144159943331
20,5,0,0,2,0,2,0,74.9753919953946,105.6255840085214,212.25748299912084,101.4745280117495
3,3,0,0,0,0,0,5631,37.80201300105546,53.60392600414343,101.49503400316462,214.53284200106282
26,5,0,0,1,0,2,1,78.57608899939805,107.56910500640515,142.50358399294782,104.21812899585348
28,9,0,0,3,0,2,0,79.98447598947678,112.37211999832653,242.13153099117335,106.20172201015521
4,2,0,0,0,0,0,0,35.5972700053826,51.128829989465885,160.50389799056575,85.77109700127039
15,0,0,0,2,0,2,310,100.24274600436911,119.53480500960723,127.89227400207892,57.91389099613298
22,2,0,0,0,0,0,1,78.08090301114134,110.05779101105873,208.04486999986693,108.43832200043835
1,0,0,0,0,0,0,3585,62.374901986913756,90.01233000890352,148.03642500191927,91.200918002869
1,1,0,0,0,0,0,5937,16.445139001007192,19.572332996176556,74.25146299647167,113.97805900196545
11,4,0,0,1,0,2,5,121.31096699158661,178.0347960011568,213.89487099077087,118.94177699286956
20,1,0,0,0,0,0,1,75.4602300003171,107.16842400142923,171.10904000583105,49.73823500040453
28,8,0,0,3,0,2,1,79.93776399234775,113.18727899924852,241.0639539884869,108.13037300249562
22,9,0,0,3,0,2,30,227.676470996812,177.8990869934205,348.57051698782016,165.75227199064102
18,2,0,0,1,0,2,2,77.76294701034203,114.66519300302025,211.2677199911559,107.26668700226583
25,6,0,0,1,0,2,1,43.17046899814159,54.768747999332845,113.81532800442073,53.824939008336514
9,0,0,0,1,0,2,133,96.890788001474,133.54177100700326,207.89342300849967,108.18550999101717
26,2,0,0,3,0,2,2,66.82392899529077,127.59653299872298,264.12495400290936,106.02976899826899
16,4,0,0,2,0,2,0,102.6176570012467,120.61602399626281,235.65521399723366,108.20629799854942
20,2,0,0,3,0,2,42,99.97526700317394,121.92647700430825,254.67695700353943,107.75208700215444
23,1,0,0,2,0,2,1,78.96511499711778,112.74495499674231,226.86597499705385,106.12355399644002
5,0,0,0,0,0,0,1409,63.94381199788768,89.88489001058042,154.32678900833707,101.8593500048155
19,5,0,0,1,0,2,1,77.1714339934988,110.91720299737062,211.32171899080276,105.96378799527884
4,0,0,0,0,0,0,244,76.11293900117744,108.10748499352485,179.15244000323582,103.51525900478009
11,1,0,0,1,0,2,558,41.71390300325584,56.46022700238973,100.68872600095347,56.325507001020014
16,3,0,0,1,0,2,1,98.96328300237656,106.71108300448395,222.84390300046653,97.21340500982478
2,0,0,0,0,0,0,2981,69.58662999386434,97.17131000070367,158.46939400944393,94.30835199600551
20,1,0,0,1,0,2,1,74.51750899781473,103.80868799984455,205.47266000357922,95.77303800324444
19,1,0,0,1,0,2,4,78.64061099826358,115.55846799456049,212.433926993981,106.81313800159842
3,0,0,0,0,0,0,2679,50.912895996589214,70.95952800591476,129.68000399996527,97.7267970010871
17,5,0,0,0,0,0,1,39.48888200102374,53.563262001262046,99.17043799941894,53.09991199465003
33,1,0,0,5,0,3,1,197.30891699146014,163.65926100115757,375.1352160034003,162.1049780078465
10,5,0,0,1,0,2,0,194.27241700759623,102.25173299841117,300.43489900708664,93.19797799980734
18,2,0,0,1,0,2,1,97.12877300626133,103.29317599826027,223.75606499554124,96.24188300222158
30,3,0,0,3,0,2,1,75.87389298714697,103.39745599776506,234.09128499042708,94.02636799495667
10,3,0,0,1,0,2,61,42.41960900253616,50.75484099506866,101.1085960053606,47.7927679894492
20,3,0,0,2,0,2,35,94.1866960056359,118.12919400108512,241.64985200332012,109.99024099146482
21,0,0,0,1,0,2,1,77.04355200985447,100.20323601202108,205.48353099729866,94.91666400572285
23,5,0,0,1,0,2,2,79.61241499288008,111.74443300114945,218.78358400135767,108.13423900981434
28,1,0,0,3,0,2,1,102.11512498790398,120.33185099426191,255.67508400126826,97.44971399777569
27,4,0,0,1,0,2,1,79.75871799862944,112.58786299731582,170.89072000817396,53.7934539897833
18,3,0,0,1,0,2,1,95.40289400320034,109.00509600469377,223.79511200415436,103.85369299910963
15,2,0,0,1,0,2,9,81.62594299938064,108.79746499995235,207.77087300666608,101.58387300907634
8,0,0,0,1,0,2,189,78.35241100110579,53.620923004928045,162.2997660015244,101.87157298787497
12,6,0,0,0,0,0,0,127.05841899150982,193.51824600016698,314.4325009925524,185.4397470015101
19,2,0,0,1,0,2,1,110.64705699391197,158.32954899815377,286.0751510015689,163.45968100358732
30,2,0,0,4,0,2,1,103.28884600312449,116.95945300743915,268.80275600706227,97.47371800767723
13,1,0,0,2,0,2,141,101.61461400275584,119.31388199445792,224.69447599723935,111.81267400388606
8,1,0,0,0,0,0,362,36.955976000172086,52.032531006261706,91.30308200838044,50.835925998399034
26,4,0,0,3,0,2,1,100.13628900924232,119.26916599622928,256.34736100619193,82.76146699790843
30,3,0,0,2,0,4,1,78.83876201231033,113.03004300862085,237.85298300208524,106.75224800070282
28,7,0,0,1,0,2,1,80.69564501056448,112.07575599837583,226.9658760051243,105.29922699788585
26,3,0,0,3,0,2,1,92.36029000021517,118.90519299777225,249.68232298851945,105.6605690100696
16,2,0,0,0,0,0,2,78.42731699929573,111.9315960095264,197.39982800092548,104.97667899471708
30,0,0,0,4,0,2,0,102.16421099903528,107.45736000535544,264.9893659981899,98.81083699292503
6,5,0,0,0,0,0,1433,165.4257839982165,169.99379800108727,185.94958698668052,138.32796300994232
9,6,0,0,1,0,2,2388,152.54753699991852,185.84964500041679,261.43111700366717,209.17212900531013
8,3,0,0,1,0,2,1964,148.75333399686497,201.32489000388887,254.69950000115205,226.01374800433405
25,7,0,0,1,0,2,2,84.08028999110684,113.44036099035293,227.34407299140003,107.6185970014194
10,4,0,0,0,0,0,0,73.20098800119013,102.83103201072663,177.600490002078,93.02602100069635
2,2,0,0,0,0,0,5771,27.3296939994907,36.275922000641,89.70986900385469,172.24830800842028
1,0,0,0,0,0,0,4115,39.33067798789125,52.77228400518652,111.74700099218171,89.78652099904139
4,2,0,0,0,0,0,1145,68.6053190001985,88.2462290028343,130.59027200506534,96.5130330005195
3,2,0,0,0,0,0,2988,49.37721000169404,70.46316500054672,111.25071599963121,81.85801799118053
21,4,0,0,2,0,2,0,71.70927000697702,101.68065699690487,206.65123700746335,95.33354100130964
17,6,0,0,1,0,2,1,104.38497900031507,153.2115750014782,272.2937619982986,155.03439999883994
7,4,0,0,0,0,0,593,146.0747300006915,226.7757219960913,339.6230999933323,235.33239398966543
15,2,0,0,1,0,2,7,94.43201900285203,111.32488299335819,222.6298500027042,101.15273299743421
24,2,0,0,2,0,2,1,42.66562299744692,55.62257600831799,117.85781399521511,54.345062002539635
29,1,0,0,1,0,2,1,80.71693900274113,111.61299700324889,228.59750500356313,106.0377889953088
26,4,0,0,0,0,0,1,77.76699399983045,109.15648798982147,209.42084598937072,104.71241100458428
23,3,0,0,2,0,2,1,136.9124040065799,167.48262499459088,325.2667109918548,158.92758200061508
2,1,0,0,0,0,0,2988,78.90929099812638,118.12111501058098,195.11804200010374,151.87977800087538
3,1,0,0,0,0,0,0,99.60444399621338,152.08960000018124,238.13346499809995,153.34541999618523
25,4,0,0,1,0,2,1,84.47078400058672,111.46403600287158,226.23762401053682,108.92490099649876
27,8,0,0,3,0,2,2,153.23157599777915,233.28706300526392,412.5958439981332,147.66902900009882
17,3,0,0,2,0,2,4,48.89612000260968,55.024226996465586,169.6837850031443,97.85765399283264
14,0,0,0,2,0,2,7,86.08392099267803,108.89158700592816,149.7195690026274,50.39272800786421
11,0,0,0,1,0,2,278,78.84042400110047,113.49856099695899,194.7078929952113,106.45960799593013
19,7,0,0,1,0,2,1,104.09142999560572,154.73045999533497,273.98752300359774,155.50362100475468
7,5,0,0,0,0,0,0,105.35875600180589,161.33734199684113,258.7510699959239,164.05357400071807
28,1,0,0,3,0,2,1,86.57607599161565,104.40318001201376,190.79500900988933,48.101481996127404
16,0,0,0,2,0,2,0,99.94947499944828,102.30610599683132,229.83691400440875,93.18713800166734
28,5,0,0,1,0,2,1,79.78319100220688,111.78578600811306,227.50547699979506,105.91700200166088
21,1,0,0,0,0,0,1,77.87253400601912,113.67674999928568,203.07209600287024,106.37222300283611
18,2,0,0,0,0,0,1,40.38206000404898,54.92257700825576,102.83630101184826,57.01190000399947
29,1,0,0,4,0,3,1,78.83918200968765,105.35021500254516,241.6635720001068,96.03826100646984
28,1,0,0,4,0,2,1,97.9391450091498,119.81381200894248,254.6231589949457,108.21163300715853
18,3,0,0,1,0,2,0,71.70380601019133,103.19338498811703,197.01445300597697,92.8244080132572
10,2,0,0,0,0,0,329,74.62086199666373,107.07344100228511,184.4128759985324,105.2816849987721
24,8,0,0,3,0,2,27,101.86994000105187,122.24510899977759,255.071206993307,105.55021899926942
25,9,0,0,1,0,2,1,85.14824599842541,113.75584300549235,131.31046999478713,61.955614990438335
27,5,0,0,1,0,2,1,76.31867400777992,109.03358599171042,182.54550799611025,50.06657300691586
22,3,0,0,2,0,2,1,128.4018870064756,157.39523599040695,314.7872559929965,160.63273600593675
30,4,0,0,2,0,2,1,105.04595200472977,155.6514789990615,299.2865889973473,159.20803300105035
41,2,0,0,2,0,2,1,51.28265399252996,61.384017011732794,263.59379100904334,96.63201500370633
1,0,0,0,0,0,0,3585,62.35154999012593,89.15744100522716,151.0479580028914,90.67014300671872
24,1,0,0,1,0,2,1,76.24685399059672,106.20119399391115,215.81066799990367,99.52068800339475
18,7,0,0,1,0,2,0,70.17115200869739,96.53655400325079,190.39584799611475,85.7092779915547
3,2,0,0,0,0,0,3023,110.18910899292678,168.54919800243806,263.69345298735425,198.25257000047714
20,5,0,0,1,0,2,1,100.30803699919488,109.28474900720175,235.9883799945237,105.2822420024313
26,1,0,0,2,0,2,2,95.22113300045021,107.80442800023593,245.63690400100313,104.0886090049753
29,0,0,0,2,0,2,1,97.42877999087796,113.12354900292121,255.60107499768492,104.64763701020274
9,2,0,0,1,0,2,138,90.80099000129849,123.98386000131723,160.62786399561446,171.29018300329335
25,4,0,0,3,0,2,1,99.90618600568268,120.48985000001267,256.103712003096,104.81621099461336
24,2,0,0,2,0,2,1,81.42978898831643,110.9791380004026,230.2439180057263,100.38716800045222
5,0,0,0,0,0,0,485,68.82454799779225,100.65451999253128,168.70900099456776,99.03699699498247
16,1,0,0,2,0,2,0,104.67042500386015,121.70420000620652,235.90463001164608,108.48412499763072
8,2,0,0,0,0,0,381,72.84433100721799,104.24801699991804,156.88394899189007,59.37059999268968
18,2,0,0,1,0,2,3,77.63477700063959,104.5280269900104,205.18305400037207,98.63872099958826
21,3,0,0,1,0,2,1,178.8991579960566,77.0000619959319,240.7868089940166,158.96533800696488
3,1,0,0,0,0,0,1858,36.15340999385808,49.25736699078698,82.24835198780056,47.11154398682993
13,3,0,0,2,0,2,172,190.11271900672,196.4385760074947,325.9088140039239,198.1300120096421
22,8,0,0,1,0,2,1,79.66076700540725,110.22584099555388,215.95601199078374,102.86396500305273
8,4,0,0,0,0,0,381,100.95704000559635,120.90863700723276,241.8888620013604,160.74502700939775
21,6,0,0,3,0,2,0,157.3408560070675,238.27389400685206,400.2990199951455,230.97747600695584
23,0,0,0,2,0,2,0,103.11922700202558,117.93619798845612,244.02620999899227,96.03090600285213
29,1,0,0,1,0,2,1,96.08074399875477,108.22789098892827,238.65721799666062,55.369127992889844
8,0,0,0,1,0,1,19,135.08660200750455,105.81118499976583,193.96532300743274,100.11518299870659
23,2,0,0,2,0,2,1,99.71087500161957,106.33247600344475,236.2168020044919,98.17666500748601
23,4,0,0,2,0,2,1,41.722975991433486,97.25766099290922,224.33087399986107,97.992504001013
25,1,0,0,2,0,2,1,83.76671001315117,112.84890800016001,180.54257999756373,53.8515600055689
17,1,0,0,2,0,2,3,71.28456300415564,70.33034799678717,238.60373499337584,115.04286399576813
3,1,0,0,0,0,0,2679,51.58701199979987,72.24835499073379,130.86991300224327,99.31306198996026
24,3,0,0,3,0,2,1,50.55368100875057,58.83728699700441,215.04494300461374,103.16310000780504
25,2,0,0,2,0,2,1,72.71915100864135,102.65121699194424,215.31616800348274,95.33791399735492
17,2,0,0,1,0,2,1,94.71257099357899,108.589491006569,224.8238489992218,102.58399001031648
8,3,0,0,1,0,1,42,158.31368300132453,156.13673299958464,271.84174899593927,161.72510701289866
20,5,0,0,2,0,1,1,110.48829200444743,159.11108499858528,282.04411298793275,163.0784490116639
13,2,0,0,1,0,2,1,100.27427598834038,150.05853900220245,258.32486600847915,152.80260099098086
22,2,0,0,2,0,2,1,100.55857800762169,117.44524400273804,244.71323599573225,103.68962200300302
26,2,0,0,3,0,2,1,75.47009899280965,102.48140800104011,189.16729200282134,104.28722099459264
23,6,0,0,1,0,2,1,79.6367909933906,112.11627599550411,221.3808649976272,107.09465699619614
29,2,0,0,1,0,2,1,76.58315499429591,107.19558499113191,217.32596500078216,100.45961799914949
9,0,0,0,1,0,2,1066,89.55195799353532,122.3751500074286,197.37906201044098,123.3595730009256
3,2,0,0,0,0,0,2988,94.37693400832359,179.57521400239784,275.38601199921686,198.14347200735938
25,8,0,0,1,0,2,1,85.81633400171995,114.45477700908668,224.07393700268585,107.85185499116778
23,3,0,0,2,0,2,1,79.88896599272266,114.04453399882186,222.98240999225527,109.01795800600667
19,4,0,0,2,0,1,0,53.70457100798376,76.92820399824996,140.1987909921445,83.03751800849568
33,2,0,0,4,0,2,1,97.90165199956391,104.72163899976294,261.77696298691444,97.22190600587055
1,0,0,0,0,0,0,5937,16.84004299750086,20.033761000377126,73.97410599514842,91.24366000469308
24,2,0,0,2,0,2,1,79.62266099639237,114.93230100313667,223.40430101030506,105.42647399415728
1,1,0,0,0,0,0,5937,16.24496500880923,19.552083991584368,73.05013699806295,113.64055798912887
25,2,0,0,3,0,2,0,100.60292499838397,149.28549400065094,283.25830900575966,152.26871299091727
30,2,0,0,3,0,2,1,77.44123500015121,106.57497799547855,237.86412600020412,97.80393898836337
20,6,0,0,1,0,2,1,77.93230499373749,112.19568501110189,216.63471098872833,106.90423999039922
3,2,0,0,0,0,0,3594,53.58927800261881,76.06294800643809,136.8722430052003,156.0603749967413
2,1,0,0,0,0,0,3629,47.69439299707301,68.46589600900188,131.83635599853005,151.80772400344722
28,7,0,0,1,0,2,1,79.81220599322114,111.67968799418304,228.11747399100568,108.18897299759556
29,2,0,0,1,0,2,1,48.48841100465506,51.26221099635586,128.1773670052644,96.48302699497435
12,1,0,0,0,0,0,1,76.92899501125794,111.66570198838599,119.96267399808858,53.00418600381818
1,0,0,0,0,0,0,3585,62.241305990028195,88.94210899597965,147.40859100129455,89.61197799362708
7,1,0,0,0,0,0,948,70.35933599399868,85.3755730058765,117.33450400060974,104.6581490081735
1,0,0,0,0,0,0,5937,17.214069011970423,20.48570499755442,74.81227000243962,89.53755100083072
13,0,0,0,1,0,2,11,77.30303800781257,110.24454300059006,202.77282399183605,102.61246800655499
19,3,0,0,1,0,2,5,83.91936299449299,117.53533799492288,219.84664398769382,109.69416199077386
4,2,0,0,0,0,0,630,69.67022200115025,98.80173900455702,167.71707200678065,95.48714300035499
9,0,0,0,0,0,0,357,72.24204900558107,105.38536300009582,176.18376899918076,99.85449899977539
30,5,0,0,2,0,2,1,53.0628739943495,75.8830510021653,149.20314300979953,80.18174099561293
7,0,0,0,1,0,2,325,148.02062600210775,110.60117000306491,238.12645200814586,103.99410499667283
19,1,0,0,3,0,2,5,177.76744600269012,119.19186399609316,282.5420620065415,98.89152699906845
1,0,0,0,0,0,0,3585,62.378015005378984,88.4239129954949,149.574342998676,90.37982499285135
4,0,0,0,0,0,0,159,36.60902600677218,50.91669700050261,87.00168099312577,47.90934700577054
26,1,0,0,3,0,2,1,105.78019398963079,119.09035600547213,254.01201700151432,97.93125100259203
16,5,0,0,1,0,2,3,186.03779800469056,225.84474500035867,401.905232007266,232.52945201238617
15,6,0,0,1,0,1,1,37.088377997861244,51.17515999882016,95.6258770020213,47.220055013895035
23,3,0,0,3,0,2,5,131.87969700084068,168.651667991071,323.2195520104142,159.11028799018823
22,1,0,0,1,0,2,0,84.92128799844068,103.71418799331877,215.10706198750995,95.57027700066101
3,3,0,0,0,0,0,5631,38.17590800463222,51.40151399245951,99.63880600116681,215.36284500325564
12,2,0,0,1,0,2,475,118.73044200183358,164.2720520030707,273.95420499669854,174.30670799512882
28,3,0,0,2,0,3,1,84.61695098958444,111.22843300108798,234.48615000233985,106.36381400399841
25,3,0,0,3,0,2,1,188.36248299339786,183.51470898778643,356.6945990023669,160.0160469970433
18,4,0,0,2,0,1,1,76.0599000059301,106.79025400895625,197.13838399911765,96.80992799985688
12,1,0,0,0,0,0,1,37.8618649992859,50.89862098975573,91.25076700001955,47.941526005160995
32,1,0,0,3,0,2,1,92.20093999465462,117.99072800204158,264.44967699353583,103.75622200081125
7,0,0,0,1,0,2,9,60.64933900779579,92.074344996945,235.02438499417622,146.7698300111806
12,2,0,0,1,0,2,273,124.32938200072385,182.34575999667868,281.77186800166965,177.35341801017057
18,4,0,0,1,0,2,1,97.9048119916115,105.23059099796228,218.805673008319,99.4131930056028
27,1,0,0,1,0,2,1,77.7453430055175,110.58900300122332,219.64154900342692,107.23248199792579
8,4,0,0,0,0,0,36,124.66953501279932,190.72330500057433,302.40067800332326,114.24567799258512
25,2,0,0,3,0,2,1,103.9045279903803,118.56538499705493,238.26277200714685,97.386502995505
3,2,0,0,0,0,0,2124,103.45450601016637,157.83227900101338,248.94091801252216,198.59757299127523
30,1,0,0,2,0,2,1,50.88093200174626,69.94734100589994,246.91088301187847,98.25301999808289
8,3,0,0,0,0,0,0,129.05432999832556,196.21930699213408,310.40372600546107,205.37475300079677
19,4,0,0,1,0,2,0,39.43641998921521,53.118376003112644,168.3235259988578,91.90068999305367
6,4,0,0,0,0,0,911,119.87178599520121,183.48002700076904,282.3492890020134,200.55198899353854
21,3,0,0,1,0,2,1,95.0005129998317,107.96157398726791,229.17942100320943,102.2878780058818
30,1,0,0,3,0,2,2,75.46510199608747,103.43690600711852,232.40992399223614,98.391895997338
1,0,0,0,0,0,0,3585,62.29606000124477,87.5148060003994,76.37079400592484,45.64815299818292
20,7,0,0,1,0,2,1,79.11131299624685,111.45143400062807,213.4290910034906,105.0072350044502
31,4,0,0,4,0,2,1,109.77174500294495,125.41755399433896,273.5328480048338,106.26314100227319
29,2,0,0,1,0,2,1,40.76862000511028,84.03579601144884,225.334966002265,105.38840800290927
33,2,0,0,5,0,2,1,39.45836899220012,71.80664400220849,240.6582499970682,52.21784100285731
16,2,0,0,1,0,2,0,71.03968500450719,101.9196980050765,192.22291799087543,91.23116500268225
18,4,0,0,2,0,2,2,61.73603801289573,101.7382410063874,210.14901499438565,94.51586300565396
1,0,0,0,0,0,0,3585,31.891724007437006,84.77544099150691,149.20191500277724,90.42240100097843
3,3,0,0,0,0,0,5631,20.142892986768857,27.80881299986504,50.323652001679875,108.07986299914774
24,2,0,0,1,0,2,1,104.38631000579335,152.76814899698365,284.44458900776226,157.32901998853777
24,10,0,0,3,0,2,19,110.0446189957438,126.55035298666917,262.54060100473,106.22434399556369
26,1,0,0,1,0,2,1,98.34270899591502,104.48508900299203,239.24628300301265,97.112504998222
24,7,0,0,3,0,2,0,72.27396499365568,103.22659098892473,221.3946690026205,97.51178798615001
23,4,0,0,3,0,2,13,67.60977499652654,141.29686199885327,326.69974699092563,156.9832819950534
21,1,0,0,1,0,2,1,100.58417399704922,104.42335699917749,229.8560719937086,95.51000701321755
18,4,0,0,1,0,1,0,108.41495999193285,159.47849200165365,275.28616700146813,165.55701800098177
12,1,0,0,1,0,2,1,75.23571299680043,109.7017560095992,194.98246999864932,98.474450991489
2,2,0,0,0,0,0,5771,27.408256006310694,37.10189800767694,90.04133299458772,173.32354100653902
16,8,0,0,1,0,2,4,58.74568400031421,89.70050499192439,173.9284359937301,179.87355099467095
16,2,0,0,1,0,2,1,76.94572299078573,104.68349199800286,199.28093600901775,96.84463300800417
19,4,0,0,1,0,2,1,41.80981399258599,53.053488009027205,109.9373639881378,50.42757699266076
14,1,0,0,3,0,2,13,169.71506300615147,117.68746901361737,269.62905999971554,102.36121399793774
8,0,0,0,1,0,2,154,84.83980799792334,105.42630100098904,193.02240600518417,98.93652200116776
25,4,0,0,3,0,2,1,185.43813000724185,167.96025799703784,366.29310600983445,165.28132199891843
20,2,0,0,2,0,2,1,113.7925740040373,160.4486750002252,291.79835101240315,162.66973500023596
24,2,0,0,1,0,2,1,40.443783000227995,50.71168500580825,105.87708999810275,48.61039300158154
9,1,0,0,0,0,0,403,73.74232199799735,107.12377200252376,178.09918399143498,103.179026991711
4,4,0,0,0,0,0,5074,58.992614998715,85.80397799960338,128.57721399632283,244.150669008377
22,3,0,0,0,0,0,0,73.51754599949345,108.02839900134131,199.7807479929179,98.30673900432885
23,0,0,0,4,0,2,12,101.14470300322864,119.92489399563055,255.36700499651488,104.50522099563386
26,1,0,0,3,0,2,1,78.34143200307153,106.9643270020606,232.54797300614882,92.82661300676409
26,1,0,0,1,0,2,1,96.65663100895472,109.12448599992786,238.09581399837043,103.62982100923546
22,7,0,0,1,0,2,0,79.77079099509865,109.69067399855703,218.89957699750084,105.54756100464147
20,2,0,0,2,0,2,1,97.27983600168955,118.97688900353387,246.08392499794718,102.82372200163081
22,2,0,0,1,0,2,1,80.90233099937905,105.36876300466247,216.12605400150642,98.53974299039692
20,2,0,0,0,0,0,1,78.41947999258991,111.47576800431125,205.6057550071273,105.10543300188147
16,4,0,0,1,0,2,3,96.46609998890199,114.81023400847334,205.69007001176942,117.34437699487898
17,2,0,0,0,0,0,0,70.52221399499103,100.64830200280994,185.25738299649674,91.65045199915767
9,2,0,0,0,0,0,98,74.59834599285387,103.71426900383085,179.87948599329684,98.7791660008952
6,0,0,0,0,0,0,3,72.34644499840215,101.15852000308223,171.49084199627396,92.00354501081165
15,0,0,0,1,0,2,8,42.65442800533492,52.3490349878557,106.18417701334693,51.421818003291264
15,2,0,0,0,0,0,2,108.25538799690548,161.16806499485392,270.3633159981109,164.27408400340937
17,0,0,0,2,0,2,1,81.048580002971,113.32569899968803,217.37436900730245,106.91504200804047
3,2,0,0,0,0,0,3098,64.15612899581902,90.98470000026282,150.58282199606765,99.22244699555449
30,3,0,0,3,0,2,0,123.87778700212948,162.8972330072429,323.13081801112276,157.65055299561936
14,3,0,0,1,0,2,5,108.22368798835669,156.6188019933179,270.37342300172895,157.88995299953967
11,4,0,0,1,0,2,630,168.48486299568322,183.75480800750665,178.34627701085992,147.6709730050061
22,3,0,0,2,0,3,1,137.01681399834342,197.3303590057185,353.9333410008112,207.33479100454133
31,3,0,0,4,0,2,1,106.95480299182236,123.30083099368494,274.84013501089066,104.29985298833344
20,2,0,0,1,0,2,1,75.8214789966587,101.40372900059447,170.44322300353087,47.29397100163624
3,0,0,0,0,0,0,61,67.81211600173265,96.69170899724122,162.50573200522922,88.14703200187068
25,7,0,0,1,0,2,1,84.00249500118662,63.46551899332553,137.93001101294067,107.31415200280026
16,1,0,0,1,0,2,6,96.58331700484268,102.67072801070753,219.4427119975444,96.28984000300989
23,1,0,0,2,0,2,1,83.54575099656358,112.00294000445865,235.80524200224318,105.77692899096292
20,0,0,0,1,0,2,1,77.42557799792849,101.00735099695157,204.68179699673783,95.91657698911149
17,1,0,0,0,0,0,1,78.71804399474058,110.70925999956671,199.34923900291324,106.1931279982673
18,2,0,0,0,0,0,1,41.65139299584553,52.70212200412061,172.57775100006256,100.2502040064428
25,4,0,0,1,0,2,1,43.172132995096035,54.75517000013497,114.0353899972979,53.879983999649994
8,1,0,0,0,0,0,0,71.96195899450686,103.6853490077192,174.40413100121077,94.55206998973154
5,5,0,0,0,0,0,4472,73.92165200144518,109.57474299357273,146.5310479979962,263.241647000541
25,6,0,0,3,0,2,2,183.02258000767324,215.34485601296183,381.2357599963434,199.71587999316398
15,3,0,0,2,0,1,0,71.54890798847191,100.82390700699762,153.34686300775502,87.73617300903425
21,3,0,0,1,0,2,1,92.95849599584471,108.39283600216731,232.59229901304934,103.56049898837227
28,9,0,0,3,0,2,0,77.64865799981635,109.45734700362664,241.20882998977322,104.44265000114683
14,3,0,0,0,0,0,1,58.293231995776296,52.16415200266056,96.36946499813348,49.80982399138156
10,4,0,0,1,0,2,50,188.42191201110836,105.40473100263625,298.1123880017549,97.1532169933198
20,6,0,0,1,0,2,0,78.386266992311,111.05418999795802,216.3700399978552,105.29079000116326
1,1,0,0,0,0,0,5937,16.2331049941713,19.484218006255105,73.96992600115482,114.73051800567191
5,2,0,0,0,0,0,1409,84.46817500225734,124.65066098957323,198.81318698753603,157.0082879916299
3,1,0,0,0,0,0,3594,43.89417699712794,60.12570299208164,117.68296599620953,99.17605000373442
11,1,0,0,0,0,0,121,74.92493900645059,107.40035799972247,189.13608700677287,102.08791799959727
13,0,0,0,1,0,2,321,80.21454699337482,115.5963659984991,209.39686099882238,113.1207159924088
11,3,0,0,0,0,0,0,50.51168499630876,72.17869200394489,125.09273400064558,78.48194400139619
3,1,0,0,0,0,0,2679,32.9810660041403,46.6625180124538,82.35116700234357,80.34785899508279
6,3,0,0,0,0,0,0,99.5980790030444,146.69234000029974,239.94617399876006,149.91493499837816
7,2,0,0,1,0,2,247,162.5911799928872,219.65884299424943,274.7452350013191,196.1747900058981
22,1,0,0,2,0,2,2,101.05016198940575,122.11203000333626,242.26894800085574,104.58901399397291
7,2,0,0,1,0,1,51,120.55295299796853,103.9200530067319,183.3011849957984,94.71124300034717
29,2,0,0,4,0,2,1,104.38430999056436,117.29142699914519,265.6895940017421,95.66840699699242
17,2,0,0,2,0,2,5,99.11354500218295,107.1121840068372,231.06101401208434,97.98710199538618
11,3,0,0,1,0,2,2,177.478161000181,106.24579999421258,290.64894700422883,97.60603999893647
1,0,0,0,0,0,0,508,68.17857301211916,95.6159320048755,157.42577399942093,87.89469600014854
28,6,0,0,3,0,2,1,79.24167400051374,112.69573000026867,240.78634200850502,106.97591099597048
4,0,0,0,0,0,0,0,73.47801899595652,105.29607599892188,172.33621199557092,96.62611100065988
24,4,0,0,0,0,0,1,41.183117995387875,55.049274989869446,108.18394100351725,53.372281006886624
1,0,0,0,0,0,0,3966,36.574648998794146,48.03000400715973,104.89561600843444,89.94868799345568
5,0,0,0,0,0,0,1622,64.80509099492338,91.68515099736396,152.79119199840352,100.48373800236732
1,0,0,0,0,0,0,2995,66.16882000525948,94.05588699155487,155.9884339949349,89.65890899708029
16,2,0,0,1,0,2,0,71.2288630020339,101.25029500341043,150.98594999290071,45.884270992246456
19,2,0,0,1,0,2,1,45.34227399562951,53.13175400078762,123.11333099205513,102.6324530103011
25,1,0,0,3,0,2,2,98.2842279918259,115.82449800334871,249.95258399576414,97.04711700032931
30,1,0,0,3,0,2,1,97.84186400065664,112.60343699541409,262.5884019944351,104.56121400056873
21,1,0,0,2,0,2,1,76.36842598731164,105.20644301141147,181.86791399784852,46.73198799719103
7,2,0,0,1,0,1,274,145.61582999886014,157.88051301205996,268.50281200313475,165.36731900123414
21,3,0,0,2,0,2,1,190.80772799497936,189.85529799829237,332.40575100353453,166.55659199750517
9,1,0,0,0,0,0,122,77.9382489999989,108.46609999134671,186.4680910075549,104.47214300802443
15,0,0,0,2,0,2,310,98.08811599214096,117.96296600368805,232.5906720070634,115.76430400600657
6,1,0,0,0,0,0,0,71.28579399432056,99.90020400437061,167.80040800222196,88.97388000332285
23,8,0,0,3,0,2,7,181.7973110009916,210.58587500010617,401.7366149928421,199.91582799411844
21,8,0,0,3,0,2,85,202.80800601176452,239.24669600091875,419.08586099452805,234.68618300103117
18,5,0,0,1,0,2,1,63.37184700532816,94.83147200080566,266.6373889951501,202.178218998597
23,3,0,0,2,0,2,1,49.96242100605741,59.55476500093937,121.57911600661464,51.8316550005693
2,0,0,0,0,0,0,3629,39.32422600337304,54.48870400141459,109.38836500281468,94.48373199847993
20,8,0,0,2,0,2,12,107.04632400302216,157.8474519919837,290.55253499245737,164.41391299304087
20,2,0,0,1,0,2,2,94.15005100890994,107.35267000563908,226.09852699679323,102.22374998556916
4,2,0,0,0,0,0,1421,31.636856001568958,43.1701380002778,91.08293599274475,100.69598599511664
3,0,0,0,0,0,0,1858,70.55850399774499,102.38604099140503,162.21752400451805,92.89878398703877
20,6,0,0,2,0,1,1,106.0534540010849,159.0330239996547,278.391276995535,163.17383499699645
34,4,0,0,4,0,2,0,77.39218200731557,106.97162100404967,244.78050098696258,100.13652298948728
22,3,0,0,1,0,2,1,75.841080993996,103.80363799049519,139.58531199023128,48.34944898902904
22,1,0,0,0,0,0,1,75.52293299522717,105.86090300057549,201.09573999070562,100.051513989456
2,2,0,0,0,0,0,5771,27.33869200164918,36.18931499659084,88.53827801067382,173.25092801183928
22,1,0,0,3,0,2,0,70.55046899768058,101.2089350115275,219.9023059947649,93.4330339950975
14,5,0,0,1,0,2,5,108.13619499094784,159.13949398964178,269.8432210017927,158.64668801077642
20,1,0,0,1,0,2,1,51.403514997218736,61.01719298749231,231.78602098778356,104.60585501277819
1,1,0,0,0,0,0,5937,16.22972199402284,19.19818100577686,72.478496003896,112.611256990931
25,2,0,0,3,0,1,0,82.46019000944216,109.80352299520746,197.57584799663164,53.323467989685014
21,2,0,0,2,0,2,1,97.31049300171435,103.1458680081414,230.58501299237832,95.07786099857185
27,3,0,0,3,0,3,1,79.71220299077686,110.5126539914636,234.97760899772402,105.53185699973255
20,2,0,0,2,0,2,1,105.86452200368512,116.80777199217118,241.1482379975496,49.680356998578645
3,3,0,0,0,0,0,5631,38.18642000260297,53.581209998810664,99.2534480028553,215.75175599718932
14,1,0,0,1,0,2,1,75.52801500423811,103.3703879948007,163.72113200486638,77.4478219973389
16,2,0,0,1,0,2,1,100.3171690099407,104.4084989989642,223.26057999453042,97.93852899747435
5,3,0,0,0,0,0,0,61.71963700035121,92.50815899576992,199.57194200833328,193.2986419997178
5,1,0,0,0,0,0,1409,63.14450599893462,91.10517299268395,154.22839800885413,103.67950198997278
23,3,0,0,2,0,2,1,81.09846500155982,111.79165198700503,225.63784700469114,106.10526699747425
25,8,0,0,1,0,2,1,82.00273200054653,77.31090098968707,113.2712340040598,53.500987007282674
22,3,0,0,5,0,2,1,125.36980000732001,68.85018300090451,122.5664250086993,45.70641799364239
7,1,0,0,0,0,0,381,71.84096399578266,106.53552299481817,176.7279750056332,102.02836499956902
13,0,0,0,1,0,2,168,91.41516899398994,129.0137420000974,217.06913199159317,122.97423699055798
22,4,0,0,1,0,2,1,126.11369199294131,173.65792399505153,314.59071300923824,179.52290699759033
29,1,0,0,2,0,2,1,81.55354899645317,104.75698599475436,234.88163799629547,98.63404699717648
10,2,0,0,1,0,2,0,154.11678099189885,106.10351599461865,273.0157240002882,97.55605401005596
16,9,0,0,1,0,2,4,135.24490399868228,203.93918101035524,252.44110499625094,111.7401920055272
35,1,0,0,4,0,2,1,72.72330099658575,117.20574999344535,267.157729002065,97.99293000833131
43,1,0,0,3,0,2,1,96.31118200195488,107.93305200058967,269.18433399987407,103.3316380053293
8,0,0,0,1,0,2,9,125.59449000400491,169.13791200204287,239.62435001158156,155.21790798811708
4,3,0,0,0,0,0,2340,139.77831300871912,209.82296999136452,316.41740100167226,233.63032800261863
21,1,0,0,3,0,2,0,71.28494800417684,101.68650999548845,206.83060299779754,92.4245600035647
30,1,0,0,2,0,2,1,53.53693899814971,108.87374199228361,256.77888400969096,104.03202699671965
7,2,0,0,0,0,0,1401,65.975220000837,95.41567400447093,161.45337399211712,105.7346849993337
24,2,0,0,1,0,2,1,103.51414000615478,111.26707099901978,239.2910810012836,104.08743399602827
19,3,0,0,1,0,2,1,104.56363100092858,85.33795599942096,290.49261700129136,158.16797599836718
15,8,0,0,2,0,1,12,74.57239199720789,106.78485300741158,197.22734999959357,100.9082880045753
1,1,0,0,0,0,0,5937,16.105661998153664,19.24667600542307,73.2654269959312,113.58490098791663
16,1,0,0,0,0,0,1,73.3880890038563,103.33305699168704,185.93587299983483,94.55653400800657
13,2,0,0,1,0,2,0,146.79133699974045,72.22926599206403,179.1599449934438,154.00372201111168
7,6,0,0,0,0,0,1183,69.65891001163982,129.37593199603725,313.00069399003405,233.854223988601
24,3,0,0,0,0,0,1,78.99493900185917,109.82814700400922,209.68809598707594,106.80908999347594
10,4,0,0,1,0,2,1300,130.6865830119932,145.09015099611133,156.01247099402826,117.9108949872898
21,1,0,0,0,0,0,1,78.54196599510033,112.20914399018511,204.23246400605422,106.90771999361459
24,3,0,0,2,0,2,1,85.12166400032584,61.41773899435066,119.01889900036622,94.38898599182721
24,8,0,0,3,0,2,0,74.62601400038693,106.51035798946396,221.1977709957864,95.3132220020052
11,7,0,0,1,0,2,58,112.06163599854335,279.11170000152197,411.76493201055564,278.84280699072406
4,0,0,0,0,0,0,0,76.45605399738997,108.19072999584023,115.55704099009745,69.82701999368146
12,4,0,0,0,0,0,213,77.29789298900869,109.46900500857737,188.99513900396414,55.56187700130977
24,10,0,0,3,0,2,19,204.27441800711676,242.41263199655805,423.8000899931649,231.34017900156323
30,1,0,0,3,0,4,1,121.12002100911923,165.92468999442644,327.7153730014106,160.09068899438716
11,2,0,0,1,0,2,834,90.12217800773215,116.73278700618539,179.46474700875115,126.82629100163467
15,0,0,0,1,0,2,1,99.98605999862775,100.9784889902221,221.33054900041316,95.59060500760097
4,3,0,0,0,0,0,0,142.74967199889943,218.93051599909086,341.87711399863474,227.1242760034511
7,2,0,0,0,0,0,1401,33.165235989145,46.285675998660736,81.08471000741702,52.09597300563473
2,2,0,0,0,0,0,5771,27.863283990882337,36.26659599831328,90.76107500004582,176.1815889913123
3,1,0,0,0,0,0,794,70.0035449990537,101.09715400903951,168.65969500213396,99.46379900793545
11,2,0,0,1,0,2,1107,96.96981000888627,132.56891300261486,212.4675269878935,129.4089500006521
22,4,0,0,1,0,2,0,35.50451299815904,47.064785001566634,97.3011579917511,42.36018500523642
20,2,0,0,1,0,2,1,98.56025699991733,108.45037900435273,226.9262250047177,105.09272299532313
26,5,0,0,1,0,2,1,79.40789200074505,110.74691300746053,220.21068600588478,103.33616500429343
2,0,0,0,0,0,0,2352,50.00813699734863,69.1393059969414,130.1779679924948,93.32942598848604
9,7,0,0,0,0,0,1263,84.13294100319035,169.08504799357615,249.4723590061767,209.41277699603233
42,3,0,0,5,0,2,1,77.64001800387632,109.08588700112887,242.64998100989033,51.664904996869154
8,3,0,0,1,0,2,1964,150.7577379961731,200.91176600544713,261.84270599333104,162.018071001512
22,1,0,0,3,0,2,1,41.46650699840393,91.6075360000832,211.3121680013137,49.579778002225794
28,2,0,0,3,0,2,1,106.83731800236274,119.99812700378243,252.45048600481823,95.6347359897336
13,2,0,0,1,0,2,38,99.18507799739018,105.14293500455096,219.44421100488398,96.27265499148052
20,2,0,0,0,0,0,1,75.27895699604414,107.75327798910439,198.13524800701998,99.05800399428699
7,3,0,0,0,0,0,120,103.18437000387348,150.72048000001814,243.31166200863663,157.0391059940448
24,8,0,0,3,0,2,0,38.067489993409254,50.66226399503648,190.61435898765922,96.62451299664099
24,10,0,0,3,0,2,41,111.92223000398371,128.502979001496,217.4647429928882,89.92382600263227
24,4,0,0,3,0,2,2,98.77417299139779,105.31434199947398,192.9934490035521,47.04324499471113
3,3,0,0,0,0,0,5631,19.976583993411623,26.278688994352706,50.733870011754334,188.79920900508296
12,4,0,0,1,0,2,1,187.25022600847296,222.9832880111644,395.00501498696394,229.7201709880028
13,4,0,0,1,0,1,51,111.19170198799111,160.02178099006414,249.0177430008771,82.45411000098102
22,1,0,0,1,0,2,1,95.90594700421207,111.11776900361292,232.518542004982,102.72673300642055
30,2,0,0,3,0,2,1,78.49667700065766,111.23733800195623,239.22900699835736,105.49281600106042
18,4,0,0,1,0,2,1,147.98273099586368,196.01689900446218,342.5592109997524,203.08979299443308
6,1,0,0,0,0,0,310,70.28167600219604,101.23705600562971,168.48460999608506,94.77555299235974
21,2,0,0,2,0,2,2,77.55696401000023,102.1828560042195,217.64784799597692,95.01514800649602
14,1,0,0,0,0,0,0,73.99008500215132,103.04255200026091,186.99410099361558,95.49896699900273
26,6,0,0,3,0,2,1,50.993237004149705,112.64987901085988,256.64619798772037,102.65866600093432
1,0,0,0,0,0,0,5937,17.219037996255793,20.322027994552627,74.91043000482023,90.08075599558651
21,6,0,0,3,0,2,0,54.54317499243189,77.90962100261822,149.0868050022982,80.78330699936487
11,1,0,0,1,0,2,2,159.5856320054736,106.21030699985567,283.02931699727196,99.01205300411675
1,0,0,0,0,0,0,5937,17.263022004044615,20.26924600068014,74.68475498899352,90.73914200416766
14,2,0,0,1,0,2,206,108.68185000435915,160.03122400434222,271.66275899799075,167.98338500666432
11,0,0,0,1,0,2,1,44.115810000221245,50.32072700851131,121.81640398921445,92.31166700192261
11,2,0,0,1,0,2,611,96.9048980041407,120.40856399107724,206.65269500750583,113.95754799013957
24,3,0,0,3,0,2,1,97.75222800089978,163.48177500185557,121.44012500357348,94.46085199306253
11,6,0,0,1,0,1,0,170.69198400713503,264.88767699629534,406.81484900414944,264.25012000254355
18,2,0,0,3,0,2,0,103.26267700293101,114.64541900204495,241.39153200667351,96.09057400666643
21,1,0,0,0,0,0,1,79.57992899173405,111.01554799824953,208.43350699578878,107.28621299494989
25,2,0,0,3,0,1,0,83.45016700332053,113.73048300447408,224.259249996976,81.02287299698219
20,5,0,0,2,0,1,0,105.40440800832585,155.40506999241188,274.14379199035466,162.1004820044618
9,1,0,0,0,0,0,357,73.27378299669363,105.94101900642272,181.18352799501736,102.35402699618135
19,3,0,0,1,0,2,2,128.2374979928136,176.18722100451123,167.49520499433856,173.1430069921771
6,4,0,0,0,0,0,424,143.37814200553112,222.11776800395455,335.6798839959083,231.42982700665016
23,5,0,0,1,0,2,1,78.8536309992196,113.59225999331102,221.97837599378545,107.8530039958423
18,2,0,0,1,0,2,1,77.49343999603298,105.8884170051897,202.75494898669422,96.26781500992365
33,3,0,0,4,0,2,1,50.736664998112246,51.174302003346384,171.97777600085828,96.36403099284507
17,2,0,0,1,0,2,1,56.520104000810534,51.4484379964415,99.09557799983304,47.946359001798555
29,4,0,0,2,0,2,2,78.97863299876917,113.59822400845587,229.8251110041747,105.67241099488456
29,4,0,0,2,0,2,2,80.16775800206233,114.38074699253775,231.2338720075786,106.76999199495185
13,3,0,0,1,0,2,1,100.47940199729055,150.59132200258318,262.81455099524464,151.62734298792202
23,1,0,0,1,0,2,1,96.19492299680132,109.07546700036619,234.06541999429464,102.72493999218568
57,2,0,0,3,0,1,1,79.15217800473329,110.33268700703047,262.91326199134346,105.04840599605814
24,5,0,0,3,0,2,1,105.18678100197576,121.83349499537144,252.5845170021057,105.93024399713613
20,1,0,0,2,0,2,0,73.31071300723124,103.71944500366226,215.10467899497598,96.33654600474983
10,0,0,0,1,0,2,0,96.55119098897558,66.4346309931716,108.41977699601557,54.5913989917608
30,1,0,0,3,0,3,1,74.8564210080076,58.314818001235835,204.30550498713274,103.22939499747008
28,7,0,0,3,0,2,1,41.02852400683332,83.78418799838983,238.9007519959705,104.2183940007817
11,4,0,0,1,0,2,719,174.4773440004792,202.32335200125817,309.3705589999445,206.990845996188
2,2,0,0,0,0,0,5771,27.26872499624733,36.035880009876564,79.86394999898039,135.4270090087084
19,1,0,0,1,0,2,1,95.94176500104368,108.96770100225694,230.36969799431972,103.12008899927605
16,2,0,0,0,0,0,1,67.64903699513525,47.88022898719646,91.62364999065176,45.122503986931406
10,6,0,0,0,0,0,401,158.2597149972571,250.24856900563464,268.3617839938961,264.05692800472025
17,4,0,0,0,0,0,1,78.13510499545373,108.15550199185964,197.04649200139102,105.74584000278264
11,0,0,0,1,0,2,37,153.97177200065926,153.8643930107355,240.29798999254126,172.45030699996278
20,3,0,0,1,0,2,1,93.33754199906252,103.75203800504096,224.38886000600178,96.54978799517266
5,2,0,0,0,0,0,31,71.68423400435131,101.40240199689288,172.3434930026997,93.03214598912746
8,1,0,0,1,0,2,154,85.06115300406236,115.04279599466827,192.00979100423865,103.41407699161209
24,5,0,0,2,0,2,2,82.67489400168415,108.37758600246161,227.90449399326462,99.02655000041705
25,8,0,0,1,0,2,2,42.135608004173264,55.000986001687124,113.01504600851331,54.03668699727859
1,0,0,0,0,0,0,5937,17.03180700133089,20.040385992615484,74.58699999551754,88.72867700119969
10,3,0,0,1,0,2,1325,162.77657999307849,215.5519230000209,290.94728399650194,222.01793099520728
15,1,0,0,0,0,0,2,74.17411699134391,103.41920299106278,187.03795300098136,95.22073600965086
20,1,0,0,2,0,2,1,77.91243100655265,109.91677700076252,147.76651399733964,49.62044100102503
3,0,0,0,0,0,0,903,72.74990000587422,103.05572299694177,169.8887870006729,102.75969900249038
14,5,0,0,1,0,2,1,185.30167399148922,223.82105499855243,404.10257400071714,230.72001700347755
3,1,0,0,0,0,0,635,71.42440500319935,100.85094800160732,164.59675400983542,89.11247098876629
8,3,0,0,0,0,0,14,73.45475400506984,102.09950400167145,175.3281080018496,95.98818499944173
4,1,0,0,0,0,0,2337,55.315642995992675,78.1951940007275,135.89866799884476,97.61012000672054
18,5,0,0,1,0,2,1,100.18347200821154,104.50536500138696,219.9294950114563,98.17209700122476
26,4,0,0,3,0,2,1,49.722777999704704,82.39052499993704,257.2614480013726,103.43667199776974
26,3,0,0,1,0,2,1,95.68490799574647,107.73994099872652,235.73542200028896,104.24274000979494
3,2,0,0,0,0,0,3165,71.11406499461737,105.39076500572264,176.73566499433946,198.33387499966193
7,5,0,0,0,0,0,753,77.29982800083235,113.33783599548042,186.20384200767148,109.92916599207092
22,1,0,0,1,0,2,1,97.72863700345624,76.79389099939726,169.7688720014412,79.85491199360695
11,1,0,0,1,0,2,0,80.61616300255992,103.99151900492143,211.94357800413854,100.03020400472451
13,0,0,0,0,0,0,2,76.71572400431614,107.41111500828993,189.98773899511434,100.11211699747946
24,1,0,0,0,0,0,1,77.11812100023963,111.74234899226576,206.90894199651666,105.34584600827657
9,3,0,0,0,0,0,98,99.62853300385177,149.67106000403874,246.7125419934746,155.8934430067893
24,1,0,0,2,0,2,1,90.8065039984649,109.10205700201914,242.36550599744078,102.27998200571164
1,0,0,0,0,0,0,2995,66.30109899560921,93.29182299552485,154.95370399730746,89.29313899716362
14,2,0,0,1,0,2,295,62.03579998691566,78.40184499218594,142.70307500555646,85.59783500095364
29,1,0,0,4,0,2,1,122.4132630013628,166.44652700051665,332.3082169954432,159.68875199905597
11,3,0,0,0,0,0,23,101.44369800400455,149.48084100615233,251.00976700196043,154.0123019949533
24,2,0,0,3,0,2,0,67.70504399901256,95.30902300321031,182.99144999764394,42.24821200477891
32,5,0,0,3,0,2,1,133.41616099933162,200.1922859926708,369.0277139976388,209.5072789961705
25,9,0,0,3,0,2,3,118.22350100555923,176.86035399674438,327.82277699152473,180.83907999971416
11,1,0,0,1,0,2,365,94.36589700635523,112.0610799989663,213.60019900021143,106.38526800903492
22,3,0,0,1,0,2,1,80.89596300851554,89.52550200046971,108.58096698939335,49.23602700000629
18,1,0,0,1,0,2,2,85.28460600064136,113.87537300470285,216.12941099738237,106.13762300636154
7,0,0,0,1,0,2,113,77.52195200009737,140.01949499652255,248.73920700338203,163.38283600634895
36,6,0,0,6,0,2,1,132.1792579983594,161.05342999799177,297.70526800712105,163.7196529918583
19,4,0,0,3,0,2,1,101.70557300443761,108.74461100320332,244.56493499747012,101.84709199529607
30,1,0,0,4,0,2,1,160.66666699771304,132.62650599062908,312.72917400929146,101.63510500569828
29,2,0,0,1,0,2,1,98.59596200112719,107.21771100361366,237.05023499496747,97.94041499844752
25,3,0,0,3,0,1,1,42.7923160023056,60.73718699917663,170.5729229870485,52.94144799700007
20,2,0,0,2,0,2,1,183.66871900798287,184.23083699599374,348.7961589999031,179.1850000008708
11,0,0,0,1,0,2,834,89.72811300191097,126.70208400231786,204.96717700734735,125.75133999052923
22,2,0,0,2,0,2,1,99.87643899512477,104.40279700560495,228.84310499648564,96.94880599272437
1,0,0,0,0,0,0,5937,17.086337989894673,20.161749998806044,74.47675100411288,91.90295900043566
7,1,0,0,0,0,0,381,72.45544600300491,105.65412099822424,177.81954001111444,102.88154000591021
12,1,0,0,1,0,2,11,55.75000400131103,104.7833260090556,200.6027220049873,97.10672000073828
1,0,0,0,0,0,0,5937,17.350390000501648,20.444110996322706,76.366538007278,91.28278099524323
1,1,0,0,0,0,0,5937,16.381855006329715,19.148902996676043,73.13740500831045,113.6456160020316
6,0,0,0,0,0,0,1409,64.2987669998547,92.43896600673907,158.87817299517337,103.48954300570767
24,5,0,0,2,0,1,1,58.42809600289911,78.37018401187379,145.77514000120573,83.20937798998784
6,3,0,0,0,0,0,1409,64.4600950035965,90.77515399258118,157.30225399602205,103.79157500574365
19,1,0,0,1,0,2,1,104.45135700865649,155.43167799478397,279.6996879915241,161.22353900573216
19,1,0,0,2,0,2,0,80.21990800625645,113.98081900551915,146.67332600220107,53.501565009355545
24,11,0,0,3,0,2,19,149.11265298724174,227.70331001083832,423.79920100211166,234.0835170034552
20,1,0,0,1,0,2,1,77.76379100687336,110.76956600300036,211.77795699622948,103.58139699383173
8,4,0,0,0,0,0,1388,67.41133600007743,97.41457599739078,166.2376280000899,107.45441800099798
16,0,0,0,0,0,0,0,71.27401800244115,102.20862898859195,183.74321900773793,94.5980530086672
17,1,0,0,0,0,0,1,39.51583600428421,76.65358000667766,196.13584699982312,106.067221990088
24,4,0,0,2,0,2,2,77.67542800866067,110.96497200196609,218.90652300498914,104.16106299089734
12,2,0,0,2,0,2,157,170.6837009987794,120.1402269944083,266.5701680089114,92.829059009091
28,1,0,0,2,0,2,1,74.11178399343044,105.02507799537852,222.91085800679866,96.51060799660627
15,1,0,0,1,0,1,1,40.762995995464735,56.58608299563639,137.9026460053865,106.29547000280581
20,5,0,0,2,0,2,12,107.09818000032101,158.2315940031549,286.27716600021813,161.34722699644044
34,2,0,0,2,0,2,1,94.45407601015177,108.35449500882532,256.9633210077882,97.83073200378567
25,1,0,0,0,0,0,0,72.93215701065492,103.32441399805248,199.6805399976438,96.65671800030395
22,2,0,0,0,0,0,1,74.14744200650603,106.61467400495894,198.4804620005889,99.90056999959052
4,4,0,0,0,0,0,5074,59.164019010495394,84.17814600397833,130.1890570030082,245.98570801026653
8,4,0,0,1,0,1,0,146.85412700055167,149.28503400005866,271.3030169979902,154.1573470021831
21,5,0,0,3,0,2,3,54.29307700251229,78.15017600660212,240.81279599340633,161.45728899573442
14,5,0,0,1,0,2,0,165.32330900372472,112.76209499919787,203.082521999022,116.61591500160284
16,1,0,0,2,0,2,1,98.64570401259698,115.94750398944598,224.12815999996383,96.39689599862322
25,2,0,0,0,0,0,1,77.01343699591234,109.52357700443827,210.19162899756338,105.25220500130672
20,7,0,0,2,0,2,0,100.5117440072354,148.8090060011018,272.57558300334495,153.30381000239868
24,3,0,0,2,0,2,1,106.52918700361624,124.76883000636008,246.40290200477466,105.55156599730253
13,1,0,0,1,0,2,1,81.71896899875719,116.41552299261093,208.37146299891174,111.37034700368531
18,0,0,0,2,0,2,44,42.79974599194247,55.60888799664099,111.57396499766037,54.63745699671563
25,1,0,0,2,0,2,2,76.92659299937077,109.39776699524373,218.53520399599802,101.28533400711603
23,3,0,0,2,0,2,1,102.1119240031112,106.62432499520946,241.56676800339483,98.2874330074992
5,2,0,0,0,0,0,2332,78.04700698761735,115.98523400607519,180.04474700137507,159.11703200254124
22,5,0,0,1,0,2,1,39.353428001049906,51.402502998826094,105.43406999204308,49.63341899565421
20,1,0,0,1,0,2,1,81.708340003388,112.20652099291328,217.7260330063291,104.62565399939194
19,3,0,0,1,0,2,2,184.74613399303053,157.81874700041953,344.64164699602406,162.9004790011095
22,1,0,0,2,0,2,1,100.19152899621986,104.37296199961565,237.35202399257105,96.87587300140876
28,9,0,0,3,0,2,1,77.96233099361416,113.56306400557514,241.28744399058633,108.60371599846985
14,3,0,0,1,0,2,31,130.77159599924926,191.2978220061632,325.81072200264316,198.65484700130764
17,2,0,0,1,0,2,4,80.58343001175672,104.34141098812688,210.74964600848034,99.0550780115882
3,1,0,0,0,0,0,903,90.0628250092268,134.50027599174064,217.39517599053215,153.82103899901267
20,1,0,0,3,0,2,7,170.2286379877478,136.0977720032679,176.78294199868105,50.59676000382751
4,1,0,0,0,0,0,1421,62.80281599902082,89.68839100270998,151.5745920041809,100.2383250015555
23,2,0,0,0,0,0,1,78.94970700726844,112.30506798892748,207.312002996332,108.10725699411705
17,1,0,0,2,0,1,1,72.1442600042792,102.84066700842232,175.11871800525114,48.58385899569839
17,2,0,0,0,0,0,1,76.85194700025022,113.06302700540982,197.20203999895602,103.531672997633
21,1,0,0,2,0,2,1,76.33785900543444,104.78402099397499,209.8272720031673,92.93174699996598
10,4,0,0,1,0,2,28,94.84411400626414,110.26625899830833,297.7542999869911,103.60130100161768
12,2,0,0,1,0,2,0,96.20023099705577,146.5058760077227,200.35863299563061,148.44018599251285
6,1,0,0,0,0,0,1409,64.33935598761309,92.87403100461233,157.79683900473174,103.6732659995323
25,2,0,0,0,0,0,1,72.03546600067057,104.39844499342144,199.26132800173946,95.71139101171866
24,4,0,0,3,0,2,1,45.405711003695615,72.51694898877759,232.68531200301368,103.86752999329474
15,1,0,0,2,0,2,0,159.10127200186253,134.90494100551587,141.42731699394062,98.80098699068185
14,0,0,0,1,0,2,1,96.73637300147675,108.57939500419889,180.08434001239948,51.695307993213646
17,4,0,0,1,0,2,16,98.72257401002571,107.3660639958689,227.72501000144985,97.24259699578397
21,2,0,0,1,0,2,1,81.17920799122658,106.76657799922395,213.7589899939485,97.58199499628972
25,1,0,0,1,0,2,1,95.81937400798779,109.30459499650169,232.46060700330418,102.6192209974397
14,3,0,0,1,0,2,2,77.132441001595,74.73326800391078,129.6011179947527,101.72981600044295
12,3,0,0,1,0,2,22,158.26847800053656,109.20880900812335,246.1464139923919,103.50603199913166
18,7,0,0,1,0,2,0,35.08599899942055,47.74147200805601,95.1069379952969,42.94189299980644
22,2,0,0,0,0,0,1,72.47099300730042,100.5236429919023,191.74716400448233,95.22611899592448
1,1,0,0,0,0,0,5937,16.243841993855312,19.337557008839212,73.42951200553216,68.40102700516582
26,1,0,0,1,0,2,1,40.71333499450702,105.72479698748793,219.73192000587005,104.75788499752525
31,2,0,0,4,0,2,1,110.02634601027239,125.20973199571017,275.2202169940574,105.60552499373443
17,3,0,0,2,0,2,4,100.42963198793586,105.27932200056966,227.72912299842574,99.41603099287022
20,6,0,0,1,0,2,1,103.31202800443862,151.4933110011043,271.75251800508704,153.69521400134545
3,3,0,0,0,0,0,5631,38.01507300522644,52.520073993946426,97.8355300030671,216.89251300995238
11,6,0,0,1,0,2,5,121.44499299756717,177.83339499146678,287.4069459940074,174.31673299870454
32,1,0,0,5,0,2,1,54.654777006362565,75.38960198871791,161.64982398913708,78.53253200300969
10,2,0,0,1,0,2,840,86.48103800078388,121.48105700907763,206.19875100965146,126.49478600360453
27,1,0,0,2,0,2,1,78.68855498963967,112.2993309982121,231.3506869977573,102.31790400575846
5,0,0,0,0,0,0,441,68.634426992503,97.85661898786202,165.200121991802,94.66843699919991
24,3,0,0,1,0,2,1,77.01377700141165,107.05640299420338,214.24207999370992,102.78993898828048
22,1,0,0,1,0,2,1,84.26543399400543,111.4299420005409,187.5326099980157,53.73159400187433
14,1,0,0,0,0,0,1,77.22567499149591,109.85592199722305,196.6079300036654,106.39331499987748
17,2,0,0,0,0,0,1,103.82666999066714,156.8063339946093,264.25572000152897,162.65697400376666
22,2,0,0,2,0,3,1,84.95441300328821,74.33585300168488,209.50612900196575,107.1240589953959
4,1,0,0,0,0,0,737,36.267661009333096,49.13340200437233,83.55567199760117,52.50499400426634
26,2,0,0,2,0,2,1,80.29381399683189,112.88498500653077,232.95376900932752,107.17872600071132
19,1,0,0,2,0,4,1,81.9485100073507,105.06885300856084,217.85313601139933,99.81566599162761
7,3,0,0,0,0,0,335,84.93156600161456,122.02189100207761,199.46754600096028,119.2145709937904
17,2,0,0,0,0,0,1,77.6289560017176,110.41416600346565,197.31543300440535,105.09478999301791
26,4,0,0,3,0,2,1,90.62765300041065,118.01625599036925,252.74219099082984,104.61687800125219
19,2,0,0,0,0,0,1,75.50654900842346,106.41419999592472,194.6928389952518,100.47850001137704
18,2,0,0,0,0,0,1,54.08759199781343,77.2858849959448,137.23891699919477,83.35494100174401
35,2,0,0,5,0,2,1,102.40328499639872,117.19590700522531,279.7540439933073,97.0629649964394
11,3,0,0,0,0,0,1,77.46664898877498,113.13047700969037,195.0860289944103,105.98735700477846
24,1,0,0,1,0,2,1,100.86152100120671,76.29696799267549,119.20800599909853,48.66440600017086
16,1,0,0,1,0,1,1,78.34280299721286,111.65837600128725,200.93640600680374,105.25523299293127
12,3,0,0,1,0,2,278,176.9381160120247,249.78715399629436,381.77432799420785,247.8483330050949
19,2,0,0,4,0,2,0,84.66415900329594,109.20687399629969,223.34207699168473,97.50287000497337
28,5,0,0,1,0,2,1,40.75231599563267,102.350857006968,224.72159899189137,106.5165089967195
14,1,0,0,1,0,2,60,93.8110259885434,108.96307899383828,217.2220819920767,105.58146600669716
10,2,0,0,0,0,0,1,104.81397900730371,154.94177999789827,257.8930460003903,159.15815500193276
8,2,0,0,0,0,0,302,73.00049399782438,105.5550569872139,179.71500400744844,103.61464400193654
11,2,0,0,1,0,2,719,176.12706500221975,184.00084500899538,311.99524299881887,189.2549919866724
2,1,0,0,0,0,0,4383,33.91784700215794,46.33145101252012,101.01087100338191,96.03102000255603
26,1,0,0,2,0,2,0,52.54792699997779,56.364959993516095,133.39804200222716,53.63647099875379
12,4,0,0,1,0,2,1,102.03791200183332,151.1467009986518,262.14196100772824,153.69591998751275
27,2,0,0,2,0,1,1,77.80955500493292,109.50210200098809,220.59686499414966,104.34917100064922
3,2,0,0,0,0,0,3176,29.21645899186842,39.161020002211444,69.99520599492826,49.058083997806534
16,3,0,0,2,0,2,394,101.28440799599048,125.3081180038862,239.56734899547882,121.99209300160874
4,4,0,0,0,0,0,5074,59.17595399660058,86.95055700081866,128.16960699274205,244.56479400396347
24,1,0,0,3,0,2,1,75.68993199674878,103.42889100138564,224.45096098817885,93.86231099779252
1,0,0,0,0,0,0,2995,66.57179699686822,93.6412519949954,155.18560299824458,87.51258900156245
24,1,0,0,3,0,2,1,98.52405400306452,118.48314800590742,229.4173190020956,54.228566004894674
9,2,0,0,1,0,2,1098,89.49963199847843,120.35437700978946,197.58986399392597,124.29720899672247
25,6,0,0,1,0,2,0,74.93479701224715,105.4801340069389,209.9765250022756,100.41347499645781
11,5,0,0,0,0,0,272,125.44968699512538,193.92649200744927,209.59128500544466,105.95018300227821
7,3,0,0,0,0,0,117,129.24634499358945,198.774885997409,311.85826000000816,206.76170900696889
10,2,0,0,1,0,2,88,92.381465001381,129.0996890020324,152.60923698951956,54.435284007922746
14,5,0,0,1,0,2,1,130.08777199138422,189.961067007971,325.0513819948537,198.26334800745826
9,6,0,0,0,0,0,354,61.83409500226844,138.45143499202095,294.0777259937022,204.88382599432953
19,1,0,0,0,0,0,1,78.05360198835842,113.25755999132525,202.0468249975238,106.98833499918692
24,4,0,0,1,0,1,1,78.82179999432992,111.42800199741032,214.33243500359822,106.28689400618896
22,1,0,0,2,0,2,1,93.99130698875524,119.1392480104696,243.01400598778855,110.68444699048996
3,1,0,0,0,0,0,2981,97.45412600750569,141.37319299334195,222.605618997477,157.27443200012203
26,1,0,0,2,0,2,1,48.167397995712236,57.928362002712674,124.23243299417663,52.26903599395882
20,1,0,0,2,0,2,1,61.64557998999953,116.19748998782597,232.09752200637013,105.76846700860187
17,6,0,0,1,0,2,41,76.84264698764309,112.27043499820866,210.0415540044196,106.56229600135703
15,5,0,0,2,0,1,2,108.37265900045168,159.2852110043168,275.7329219894018,125.27309601136949
21,4,0,0,1,0,2,2,116.02494200633373,160.72455499670468,295.65355699742213,163.1316940038232
7,0,0,0,0,0,0,15,73.29217500227969,105.1390659995377,175.91983899183106,94.87275799619965
2,0,0,0,0,0,0,442,69.91894300153945,99.11240599467419,158.95517000171822,92.80977900198195
24,5,0,0,3,0,2,1,105.92278600961436,77.9427210072754,254.75867099885363,105.58084299555048
11,1,0,0,0,0,0,258,75.45471600315068,109.21291100385133,189.67390000761952,106.07829700165894
29,4,0,0,3,0,3,1,41.30653299216647,55.19129600725137,152.14745499542914,108.22512999584433
20,5,0,0,2,0,1,1,108.20522801077459,159.9641209904803,283.6068609904032,163.2740890054265
18,3,0,0,2,0,2,1,92.41769099025987,172.04818299796898,217.3463959916262,87.51958899665624
26,3,0,0,2,0,2,1,97.8648489981424,105.2111099998001,239.8099879937945,97.48338999634143
1,1,0,0,0,0,0,5937,16.455288990982808,19.13169199542608,74.16770899726544,113.64283799775876
25,1,0,0,3,0,3,2,105.82279801019467,156.26978100044653,295.50383900641464,157.3089259909466
17,1,0,0,1,0,2,5,77.25940800446551,106.4517769991653,205.16358299937565,100.93314400000963
21,2,0,0,1,0,2,1,48.76407400297467,55.23948499467224,119.45535401173402,51.753688996541314
6,1,0,0,0,0,0,62,109.37964399636257,165.30051600420848,262.46090899803676,169.8563599929912
23,1,0,0,3,0,2,1,87.09836100752,121.00710799859371,249.17634201119654,107.31477300578263
8,1,0,0,0,0,0,941,71.9340089999605,103.22286299197003,169.89970199938398,105.23860200191848
22,0,0,0,1,0,2,1,76.06257099541835,105.54232000140473,208.91021699935663,101.1844780005049
3,2,0,0,0,0,0,2988,95.68549299729057,144.4307539932197,223.11746299965307,156.0259100078838
26,4,0,0,3,0,2,1,51.085668994346634,59.05310099478811,132.5113880011486,51.81520999758504
10,4,0,0,1,0,2,93,187.2718010126846,253.81488900166005,325.41999701061286,212.98007099539973
4,2,0,0,0,0,0,441,71.98051900195424,103.39965400635265,173.20926699903794,100.45790199365001
11,0,0,0,1,0,2,1,146.69691800372675,103.09673199662939,238.13033199985512,93.39605100103654
8,1,0,0,0,0,0,362,72.64732899784576,104.33388799719978,175.38861600041855,100.41063900280278
3,1,0,0,0,0,0,723,91.58572299929801,136.9268240086967,217.99733700754587,125.14630099758506
12,2,0,0,2,0,2,91,99.3276499939384,106.67859199747909,224.34130699548405,97.74642600677907
27,5,0,0,3,0,2,1,40.854170001694,54.4551990024047,157.07907699106727,104.77903600258287
4,3,0,0,0,0,0,1536,127.95981200179085,195.20424600341357,284.9309819866903,118.21401999623049
20,2,0,0,3,0,2,3,116.34964100085199,158.45737399649806,298.85428899433464,159.4771100062644
25,2,0,0,1,0,2,1,122.71270398923662,154.94063500955235,297.3180979897734,161.01053699094336
19,2,0,0,1,0,2,1,80.290910002077,107.52013399905991,210.22411099693272,96.71364800306037
26,7,0,0,3,0,2,2,58.117883003433235,62.478815991198644,136.65722700534388,54.12069500016514
27,2,0,0,2,0,2,1,159.22134199354332,140.47214300080668,301.43796699121594,126.11230100446846
20,2,0,0,2,0,2,1,111.31988100532908,160.47342799720354,290.3437559871236,162.44874699623324
20,5,0,0,2,0,2,1,125.69218099815771,161.2674850039184,304.92952199711,163.42651800368913
4,2,0,0,0,0,0,860,39.61529300431721,53.32318499858957,89.62169899314176,92.00863300065976
21,1,0,0,3,0,3,2,136.0068189969752,173.68563899071887,292.1918409992941,90.22932300285902
13,4,0,0,1,0,2,5,105.75968299235683,153.4685119986534,268.8939270010451,152.39089699753094
6,5,0,0,0,0,0,1627,156.90954100864474,244.5077509910334,347.40068000974134,253.65838600555435
16,3,0,0,1,0,2,1,97.58043401234318,105.61988299014047,221.45578599884175,97.35035299672745
25,2,0,0,0,0,0,0,72.0768219907768,102.31591000047047,197.4223730067024,95.15213000122458
17,5,0,0,2,0,2,1,181.34105199715123,225.4966920008883,408.0733919981867,230.85061799793039
27,3,0,0,2,0,1,1,77.42443999450188,110.14345000148751,168.93139100284316,54.924245006986894
12,1,0,0,1,0,2,1,101.87285000574775,103.54637500131503,217.17600799456704,95.2152770041721
20,4,0,0,2,0,2,1,82.37884899426717,106.1600079992786,222.69487600715365,100.42582701134961
4,0,0,0,0,0,0,1421,61.380006998660974,87.03227400837932,150.05939699767623,101.84067999944091
29,1,0,0,1,0,2,1,76.25809400633443,108.04476198973134,216.84522400028072,51.967926003271714
9,5,0,0,1,0,2,2388,154.32263498951215,188.24428800144233,264.4435130059719,211.20479299861472
35,1,0,0,3,0,2,1,84.94873400195502,111.77802000020165,257.03951800824143,105.85731400351506
5,4,0,0,0,0,0,1897,52.47628300276119,106.32854599680286,235.74872000608593,232.49673200189136
21,5,0,0,3,0,2,3,141.29420499375556,202.886036990094,360.5433430057019,204.5791470009135
3,2,0,0,0,0,0,2988,59.09645899373572,135.5351050005993,273.6962329945527,197.15286800055765
6,1,0,0,0,0,0,482,47.85488601191901,68.08931900013704,211.74699401308317,155.59738600859419
18,3,0,0,1,0,2,1,72.66198701108806,102.07243100740016,199.24480200279504,95.94841899524909
9,3,0,0,1,0,1,12,76.12662800238468,94.31128100550268,94.13087500433903,49.98086499108467
7,1,0,0,0,0,0,1401,33.89369900105521,72.28260699776001,159.83654199226294,105.19441400538199
12,1,0,0,1,0,2,34,122.48230499972124,179.97213899798226,292.553956998745,178.06211599963717
28,2,0,0,3,0,2,1,78.71609000721946,110.37164699519053,239.09257700142916,104.23692100448534
28,9,0,0,3,0,2,1,78.98471799853723,112.59599900222383,239.60067899315618,107.72707901196554
19,3,0,0,3,0,2,1,90.63357699778862,108.77068099216558,236.88713899173308,99.43175199441612
16,2,0,0,2,0,2,1,79.40418198995758,51.89033999340609,141.73974200093653,50.41963400435634
4,1,0,0,0,0,0,1421,61.76037000841461,87.82888700079639,152.9145290114684,101.28195499419235
14,1,0,0,2,0,2,0,155.8450299926335,149.69100899179466,272.66935000079684,133.37293999211397
26,1,0,0,3,0,2,1,104.90349799511023,116.95859899919014,254.7144520067377,96.36194798804354
2,0,0,0,0,0,0,3629,39.47153199987952,53.62856799911242,111.50903900852427,95.03684099763632
20,3,0,0,2,0,2,1,80.05348900042009,104.4234110013349,220.31751699978486,98.35990000283346
36,5,0,0,6,0,2,1,124.37683600001037,156.76817701023538,274.41506799368653,81.80052100215107
24,1,0,0,1,0,2,1,84.1061359969899,112.4656260071788,223.66023900394794,105.66540001309477
6,1,0,0,0,0,0,1409,44.28328799258452,62.69457998860162,159.21712599811144,162.62339300010353
1,0,0,0,0,0,0,5937,16.892928993911482,19.932148992666043,74.17559801251628,90.49438699730672
30,1,0,0,3,0,2,1,101.30716899584513,110.7479299971601,256.2004689971218,97.3668579972582
24,6,0,0,3,0,2,0,191.84774400491733,225.1074520027032,416.59841100045014,228.7101719994098
3,2,0,0,0,0,0,3212,67.73608000366949,99.01816199999303,165.71658800239675,133.57844200800173
26,2,0,0,3,0,2,1,49.60553700220771,51.296966994414106,189.58111500251107,95.8119740098482
13,3,0,0,1,0,1,1,106.34710598969832,155.69321501243394,266.5108650107868,160.57832799560856
16,7,0,0,0,0,0,0,75.2108720043907,56.056601999443956,101.77441099949647,94.37978299683891
24,1,0,0,3,0,2,1,106.91084100108128,121.17562298953999,260.95165900187567,105.2481519873254
19,7,0,0,1,0,2,1,139.5504150132183,204.08409500669222,349.1481639939593,210.91100400371943
21,1,0,0,0,0,0,1,76.6582770011155,110.3241259988863,206.2603499944089,105.93945300206542
4,3,0,0,0,0,0,2340,137.98874100029934,210.01839800737798,316.02235400350764,233.1335630005924
24,8,0,0,3,0,2,41,114.44732100062538,129.4382669875631,260.6319610058563,107.70525700354483
26,3,0,0,3,0,2,1,73.878073002561,99.51262699905783,189.5115349907428,103.77170699939597
6,4,0,0,0,0,0,1013,117.8847919945838,183.0448789987713,274.4990610081004,213.4400450013345
11,6,0,0,1,0,2,1298,175.39647599915043,139.68841600581072,292.2531920048641,140.11119300266728
24,7,0,0,2,0,2,0,79.30599800602067,112.22630699921865,226.653734993306,107.70468899863772
28,1,0,0,2,0,2,1,100.36370799934957,119.76466000487562,250.93509099679068,102.53993399965111
11,1,0,0,1,0,2,41,93.91115298785735,111.12707799475174,209.80342199618462,103.95167100068647
17,1,0,0,1,0,1,0,83.22968801076058,112.3242140020011,207.3150059877662,105.52722400461789
25,4,0,0,1,0,2,1,42.60576100205071,56.548233013018034,114.09040199941956,54.414035999798216
2,1,0,0,0,0,0,2988,79.31852000183426,120.02138500974979,193.59457200334873,152.49869499530178
24,2,0,0,2,0,2,0,82.34502900450025,108.38737100129947,230.95241299597546,99.18259100231808
19,2,0,0,1,0,2,2,99.84573700057808,95.86476998811122,115.8367810130585,49.949724998441525
1,0,0,0,0,0,0,2995,67.22118699690327,93.24255200044718,154.83954499359243,90.75863700127229
23,1,0,0,1,0,2,1,79.8641159926774,104.30542500398587,214.8604260000866,98.80555000563618
20,9,0,0,2,0,2,13,106.70443999697454,158.88044799794443,283.03508200042415,162.7369249908952
10,3,0,0,0,0,0,0,39.077492998330854,55.800251007894985,97.40782399603631,54.28186598874163
23,6,0,0,3,0,2,13,134.52108300407417,170.49171098915394,324.92679200368,160.41989099176135
28,1,0,0,3,0,2,1,78.4142199991038,102.41940700507257,234.84880299656652,94.50989500328433
13,5,0,0,2,0,2,0,107.21518099308014,158.6311430000933,280.88468400528654,162.6091770012863
20,5,0,0,2,0,2,1,99.2363480036147,109.96444900229108,235.69481300364714,106.3067420036532
11,2,0,0,1,0,2,2,126.98955400264822,185.29200498596765,283.67767100280616,171.13955901004374
28,1,0,0,3,0,2,1,77.23344200348947,104.87612200086005,232.6340660074493,96.0710189974634
18,5,0,0,0,0,0,1,41.0469830094371,57.87983100162819,105.20739700587,78.62531699356623
20,4,0,0,2,0,2,1,80.89680399280041,107.25996299879625,129.91753600363154,50.499974997364916
25,4,0,0,1,0,2,1,85.00489799189381,112.29995000758208,225.38757001166232,105.90136099199299
27,2,0,0,3,0,2,1,102.45120999752544,122.91661799827125,253.45788399863522,105.12146200926509
17,4,0,0,2,0,2,1,179.6474939910695,225.60932699707337,408.2222300057765,231.74618001212366
22,2,0,0,1,0,2,3,51.78725399309769,51.18256299465429,118.72925699572079,48.57760299637448
17,1,0,0,2,0,2,1,78.3267750084633,111.36979098955635,215.46450100140646,106.78033001022413
11,3,0,0,2,0,2,121,88.96346000256017,108.74953398888465,207.91745399765205,105.34868499962613
6,5,0,0,0,0,0,1472,119.2145880049793,179.17692300397903,268.09330699325074,200.21596999140456
23,5,0,0,1,0,2,1,108.90675599512178,160.16603699245024,288.7811580003472,166.54306500277016
19,2,0,0,3,0,2,1,95.56226299901027,108.7213130085729,240.27595200459473,101.50376499223057
37,4,0,0,4,0,2,0,148.10101900366135,204.93039199209306,382.92492600157857,203.9940709946677
15,3,0,0,2,0,2,5,44.52164500253275,55.62865501269698,110.08597099862527,55.2509670087602
14,3,0,0,1,0,2,1,127.4329400039278,187.69560099462979,326.9054650008911,198.2259350043023
1,0,0,0,0,0,0,4115,39.595416994416155,53.34545399819035,111.87270499067381,91.11601499898825
24,7,0,0,3,0,2,3,99.65809300774708,119.68318599974737,255.9006070077885,104.01085199555382
21,1,0,0,0,0,0,1,77.90671000839211,111.32683498726692,207.15714099060278,106.91746600787155
29,0,0,0,2,0,2,0,51.78539401094895,59.53180200594943,128.40302899712697,51.2124800006859
1,1,0,0,0,0,0,5937,16.246301995124668,19.333463002112694,73.10473699180875,114.81935699703172
43,2,0,0,3,0,2,1,97.12011799274478,113.3914309903048,269.7374519921141,101.81645301054232
21,0,0,0,1,0,2,2,77.83285099139903,107.59995000262279,211.13445299852174,92.78787500807084
30,1,0,0,5,0,2,1,82.41189901309554,110.00881099607795,252.89564300328493,98.39423200173769
3,2,0,0,0,0,0,914,107.80115200032014,166.63436699309386,259.72793200344313,196.49265400948934
14,3,0,0,0,0,0,10,78.95809400361031,112.63794101250824,199.77715398999862,108.09582800720818
22,7,0,0,1,0,2,1,77.38596299896017,105.27476300194394,210.39063700300176,98.90355198876932
20,1,0,0,2,0,2,1,83.61915599380154,112.88734499248676,222.45445199951064,106.47908599639777
6,2,0,0,0,0,0,1409,33.36689400020987,58.219953993102536,155.70333099458367,102.13342300266959
11,0,0,0,1,0,2,34,46.8639729951974,63.375254001584835,109.37140500755049,59.26273899967782
8,2,0,0,0,0,0,0,77.01247801014688,106.71177699987311,184.86640899209306,101.54101999069098
23,5,0,0,3,0,2,7,182.88703299185727,213.28137700038496,376.60792699898593,201.4822930068476
8,3,0,0,0,0,0,1388,68.73645000450779,96.45326000463683,162.22291300073266,107.9476250015432
20,9,0,0,2,0,2,19,129.9770250043366,198.4209749934962,343.68218599411193,206.34225799585693
28,0,0,0,2,0,2,0,40.5304790037917,56.18122899613809,119.31433799327351,52.486247004708275
12,3,0,0,1,0,2,5,75.59504899836611,102.39715399802662,190.8771610033,91.10631600196939
20,5,0,0,2,0,1,1,106.86442199221347,156.51660799630918,281.0703330032993,163.28051099844743
3,0,0,0,0,0,0,1289,72.9430700012017,101.46294100559317,165.9835119935451,95.81963799428195
26,4,0,0,2,0,2,1,98.97321999596898,106.52528499485925,242.9854600050021,99.60868100461084
22,1,0,0,1,0,2,3,98.00718699989375,113.661821000278,236.20980100531597,106.8172829982359
9,1,0,0,0,0,0,1,76.74408600723837,111.23000299267005,190.11880899779499,106.43673498998396
25,9,0,0,1,0,2,1,43.187135001062416,55.367253997246735,142.57919100055005,109.89742299716454
16,0,0,0,2,0,2,35,164.22576599870808,140.22704400122166,283.63262199854944,124.24167300923727
18,4,0,0,1,0,2,0,73.84852100221906,104.96575399884023,201.9452620006632,97.37605899863411
10,1,0,0,0,0,0,0,73.81766899197828,90.80990300572012,92.19883600599132,48.904654002399184
23,2,0,0,0,0,0,1,78.34248400467914,112.69364799954928,207.6008549920516,105.76520499307662
16,4,0,0,1,0,2,3,102.79481999168638,111.48318099731114,232.6033169956645,105.15604700776748
3,1,0,0,0,0,0,1198,63.14592699345667,69.8924390017055,228.68717099481728,151.79598399845418
16,1,0,0,2,0,2,1,100.65491100249346,106.7797420109855,229.76249401108362,100.05783000087831
2,0,0,0,0,0,0,1868,68.6773479974363,97.51315899484325,158.74054799496662,90.40341699437704
21,5,0,0,1,0,2,0,80.68799501052126,113.77629300113767,218.8281920098234,106.57987999729812
22,8,0,0,1,0,2,1,80.96977599780075,111.04265700851101,216.97016200050712,104.01274300238583
10,4,0,0,0,0,0,235,52.06394899869338,74.25481300742831,158.02165800414514,162.29751100763679
28,1,0,0,1,0,2,1,106.35582299437374,143.1130629935069,147.18886399350595,82.75879800203256
24,3,0,0,4,0,2,1,100.05827799614053,108.77204900316428,250.43941599142272,94.73192899895366
28,1,0,0,2,0,2,0,77.66389500466175,113.1349910137942,234.94957499497104,104.8533910070546
32,1,0,0,3,0,2,1,98.34007899917196,118.37772699072957,246.64555198978633,96.63924601045437
16,6,0,0,2,0,2,20,80.5461259878939,112.33302099572029,193.22019400715362,82.24178999080323
13,3,0,0,1,0,2,4,101.73815999587532,151.9996849965537,263.01720399351325,154.01295499759726
13,1,0,0,0,0,0,1,71.30430500546936,103.90423699573148,185.64307599444874,95.91741999611259
17,2,0,0,2,0,2,135,104.53940999286715,119.24024799373001,236.5354999928968,104.68560000299476
24,2,0,0,1,0,2,1,80.8630639949115,106.2988900084747,216.8265119980788,98.55664199858438
9,7,0,0,0,0,0,480,60.85308000911027,115.58761900232639,143.73254599922802,103.25479001039639
7,2,0,0,0,0,0,200,80.07761399494484,116.3918329984881,193.19397000072058,111.62157599756029
2,0,0,0,0,0,0,337,70.76130600762554,103.08359201007988,163.18564300308935,96.11935100110713
22,0,0,0,2,0,2,1,105.91112601105124,123.21660600719042,250.1215950032929,113.44568501226604
4,0,0,0,0,0,0,423,70.15648800006602,99.72619600011967,166.08119501324836,91.89259899721947
12,2,0,0,1,0,2,1,38.227944998652674,51.68588999367785,98.69824199995492,49.52197099919431
20,6,0,0,2,0,2,1,189.81879499915522,196.9322920049308,356.6914389957674,195.96542599902023
33,2,0,0,4,0,2,1,85.07783399545588,115.0448789994698,250.81715300621,106.35010700207204
33,1,0,0,2,0,2,1,98.84352999506518,108.89509599655867,253.159953004797,99.20653299195692
9,1,0,0,1,0,2,11,74.25700899329968,101.29946999950334,182.71745700621977,90.77157099090982
5,4,0,0,0,0,0,1897,46.94703199493233,68.56410000182223,107.7980469999602,103.03237799962517
10,3,0,0,1,0,2,93,175.48270399856847,245.51848099508788,317.74855400726665,211.53223198780324
20,2,0,0,3,0,2,11,187.51466600224376,143.33892799913883,292.32426099770237,99.65486500004772
27,1,0,0,2,0,2,1,81.06133701221552,115.98442299873568,234.8083079996286,107.87657499895431
26,8,0,0,3,0,2,1,150.65473200229462,205.01729199895635,368.06945799617097,192.71761100389995
3,1,0,0,0,0,0,0,68.96457199763972,97.50897999037988,158.72000400850084,84.82058798836078
11,4,0,0,1,0,2,2,172.50955700001214,108.46163499809336,289.5231759903254,99.71999100525863
14,1,0,0,0,0,0,1,40.401966994977556,55.798260000301525,101.15764000511263,53.840200998820364
19,1,0,0,3,0,3,0,72.4812970001949,105.9463860001415,214.0642259910237,96.42042199266143
10,1,0,0,0,0,0,54,74.42861600429751,105.72808599681593,183.01980900287163,101.121322994004
25,6,0,0,1,0,2,1,83.20432899927255,112.69627799629234,227.89186899899505,106.77228700660635
13,2,0,0,2,0,2,7,108.9939490047982,110.75146800430957,209.43647700187284,102.52892300195526
28,10,0,0,3,0,2,2,131.82537599641364,200.6800990056945,368.8986839988502,208.6259139905451
6,3,0,0,0,0,0,0,50.15190099948086,71.72136098961346,120.80790799518581,74.37499798834324
38,2,0,0,5,0,3,1,97.36535100091714,112.13440699793864,287.5257749983575,103.9306669990765
16,0,0,0,2,0,2,0,71.1272740009008,101.35655599879101,201.95599499857053,90.99965800123755
3,3,0,0,0,0,0,5631,37.90963799110614,53.061413011164404,100.38327200163621,216.01891600585077
26,1,0,0,4,0,2,1,99.79082198697142,106.36197098938283,251.22659699991345,93.9827740075998
3,3,0,0,0,0,0,5631,38.336622004862875,52.056482003536075,99.12160600651987,215.86078600375913
30,1,0,0,4,0,3,2,102.10205199837219,107.49225699692033,266.3482679927256,96.92717700090725
16,2,0,0,2,0,2,178,160.3273209912004,134.0545480052242,280.0825750018703,112.94010799610987
20,5,0,0,1,0,2,1,45.0275920011336,55.780634997063316,115.37577700801194,53.42876000213437
28,4,0,0,3,0,2,1,78.72955600032583,109.44241599645466,234.14133499318268,102.47007400903385
5,5,0,0,0,0,0,4472,73.30219700816087,110.25897499348503,146.90652801073156,264.31107200914994
16,2,0,0,1,0,2,6,98.42946600110736,103.33014999923762,220.72150898748077,95.12900600384455
10,2,0,0,1,0,2,93,182.36818800505716,219.6279079944361,319.6739809936844,186.53606799489353
16,4,0,0,1,0,2,6,101.12466200371273,104.6608749893494,225.6195569934789,97.57405999698676
28,1,0,0,2,0,2,2,96.19963000295684,112.29276200174354,250.37390399666037,103.13088199472986
19,5,0,0,1,0,2,2,96.0336889984319,113.55973599711433,206.23388099193107,117.23873199662194
23,5,0,0,1,0,2,1,148.80096398701426,196.00040900695603,362.119782002992,200.89937999728136
25,4,0,0,1,0,2,1,113.19706399808638,159.72335399419535,291.5507050056476,164.24989399092738
13,0,0,0,1,0,2,0,70.69761700404342,100.86498700547963,224.92479799257126,46.29500099690631
17,3,0,0,1,0,2,0,153.47757400013506,105.3103239974007,253.4965879895026,95.27893499762286
24,2,0,0,2,0,2,1,76.74139899609145,105.87538400432095,222.72433400212321,98.64317999745253
15,2,0,0,1,0,2,0,67.17967499571387,94.94653799629305,191.1771330051124,86.95000699663069
22,2,0,0,1,0,2,0,35.18840900505893,48.79487899597734,150.68208999582566,86.19050700508524
11,3,0,0,1,0,2,90,165.21678600111045,196.09430999844335,343.8730000052601,199.26146700163372
29,2,0,0,4,0,3,1,187.11462600913364,169.012042999384,383.6328710021917,165.85829001269303
28,2,0,0,4,0,2,1,186.9894679985009,164.84541200043168,378.194106000592,162.0552139938809
23,2,0,0,1,0,2,1,55.71749999944586,73.07376099925023,142.322507002973,78.21932299702894
21,1,0,0,1,0,2,1,98.47552099381573,106.21543000161182,228.57636999106035,97.30019999551587
12,2,0,0,2,0,1,17,73.1717180024134,103.6173169995891,188.54241499502677,95.58124699105974
20,4,0,0,2,0,1,1,74.91235299676191,106.44055799639318,203.468118008459,100.67646800598595
15,2,0,0,1,0,2,7,187.16569599928334,157.3393079888774,330.98957399488427,157.7575269911904
27,3,0,0,2,0,2,1,84.07444899785332,114.81966800056398,238.02761999832,108.21978899184614
20,7,0,0,2,0,2,1,98.48014700401109,111.9352299865568,239.25090799457394,106.62127999239601
26,2,0,0,1,0,2,1,98.52591599337757,109.28348900051787,238.25887600833084,103.958366002189
36,0,0,0,5,0,2,1,54.300764997606166,61.58674799371511,192.33037099184003,96.48192199529149
13,3,0,0,2,0,2,172,196.64634398941416,195.70381699304562,327.7717680030037,195.3406550019281
24,1,0,0,3,0,2,1,74.8692079941975,60.41481198917609,107.57270699832588,45.846295994124375
18,4,0,0,2,0,2,6,170.83169099350926,195.60647499747574,371.6642619983759,201.87736200750805
2,1,0,0,0,0,0,3220,60.11651600420009,83.77734399982728,144.08741400984582,96.45088200340979
18,0,0,0,4,0,1,1,124.3581640010234,111.21942900354043,223.1082649959717,93.77046300505754
4,2,0,0,0,0,0,0,68.75698200019542,97.60258899768814,161.14668500085827,85.38889199553523
9,0,0,0,1,0,2,242,38.52989499864634,52.27169800491538,95.43611800472718,50.994628996704705
25,4,0,0,4,0,2,1,172.96133599302266,82.19556599215139,357.2039189893985,154.39597099612
26,1,0,0,2,0,2,1,74.23471700167283,111.33175599388778,245.26599299861118,103.27303200028837
29,4,0,0,3,0,3,1,80.72637100121938,112.87470199749805,242.8530339966528,107.15723800240085
8,1,0,0,0,0,0,941,71.82114300667308,104.34403299586847,171.39378299179953,104.60639701341279
1,0,0,0,0,0,0,5937,16.770999995060265,20.374742001877166,75.36549300129991,90.5179550027242
20,4,0,0,1,0,2,1,186.77553499583155,152.9097169986926,339.88649801176507,159.68677899218164
12,2,0,0,1,0,2,5,101.61152100772597,105.44568400655407,216.14888700423762,95.15394899062812
4,4,0,0,0,0,0,5074,58.84410299768206,85.05824299936648,128.90275901008863,245.17044400272425
10,5,0,0,1,0,2,1849,83.18600901111495,106.83288599830121,151.1865950014908,130.29615599953104
14,2,0,0,0,0,0,0,72.21154498984106,105.12279700196814,185.75114800478332,97.35227598866913
19,1,0,0,2,0,2,1,102.8139359987108,119.53005098621361,242.71682900143787,96.10980098659638
24,3,0,0,0,0,0,1,78.43180499912705,112.9679259902332,208.18974600115325,105.90293600398581
23,3,0,0,1,0,2,1,104.32983200007584,159.6791649935767,281.8807899893727,158.45640399493277
15,5,0,0,1,0,2,1,136.21604900981765,201.15419098874554,332.7497360005509,206.57693299290258
25,3,0,0,2,0,2,1,80.12136298930272,112.57782000757288,217.70777998608537,85.53144600591622
7,0,0,0,1,0,2,260,82.11799499986228,114.24120901210699,193.27692399383523,108.37910299596842
29,1,0,0,1,0,2,1,72.81356499879621,104.04645699600223,212.66594699409325,93.32735399948433
23,2,0,0,1,0,2,1,80.11579500453081,104.74524099845439,217.02600199205335,98.61653699772432
32,1,0,0,3,0,4,1,56.03645500377752,77.30150500719901,163.7541150121251,83.62852600112092
5,1,0,0,0,0,0,1409,64.39654401037842,90.93466099875513,156.25056700082496,102.63301098893862
24,1,0,0,2,0,2,1,98.7350250070449,116.83906300459057,246.2300399929518,102.27124400262255
23,1,0,0,1,0,1,1,78.36648500233423,111.55189399141818,208.77624199783895,107.02347999904305
11,1,0,0,1,0,2,8,98.37117900315206,104.62584100605454,214.4846309965942,96.02621500380337
37,2,0,0,2,0,2,1,107.55865200189874,154.13329399598297,308.42017199029215,156.96874099376146
19,2,0,0,2,0,2,1,104.24318100558594,154.1505839995807,286.60354600287974,160.95539199886844
43,3,0,0,5,0,3,1,40.76325999631081,55.49639099626802,134.72678100515623,53.70555100671481
14,1,0,0,2,0,2,100,102.24040399771184,120.73711400444154,224.66377800446935,107.65128000639379
20,0,0,0,2,0,2,0,72.03441899036989,101.39812200213782,211.18737298820633,93.68345499387942
21,1,0,0,3,0,2,2,102.69323900865857,119.08343200047966,246.05080900073517,99.20065899495967
21,0,0,0,2,0,1,1,81.11426599498373,113.31051999877673,214.76649199030362,106.21521600114647
2,2,0,0,0,0,0,5771,27.321344998199493,36.23932899790816,89.25986599933822,173.65363500721287
7,5,0,0,0,0,0,0,144.04600700072479,220.4302350000944,343.5557310003787,228.2383959973231
22,1,0,0,0,0,0,1,77.67244400747586,110.83878600038588,207.0845099951839,106.86675499891862
23,1,0,0,1,0,2,1,95.43531900271773,110.32027599867433,239.22461399342865,104.17151599540375
28,9,0,0,3,0,2,0,172.2017970023444,272.8435979952337,434.73276299482677,265.9068259963533
6,5,0,0,1,0,1,1156,72.6834550005151,91.32367999700364,203.32906799740158,142.88796500477474
13,2,0,0,2,0,2,0,155.1153189939214,105.90981600398663,259.7218369919574,97.65603300184011
20,8,0,0,2,0,2,1,169.8538280033972,116.71774899878073,205.50297199224588,117.49870999483392
1,0,0,0,0,0,0,3966,36.72353600268252,48.355446007917635,105.29973699885886,87.85560900287237
24,2,0,0,0,0,0,1,78.02930400066543,110.69016400142573,207.44274200114887,106.60904199176002
12,1,0,0,1,0,2,0,66.19533199409489,94.24799300904851,180.2194970077835,86.3301350036636
25,1,0,0,3,0,2,1,103.73283499211539,86.06048599176574,130.31145599961746,51.36983300326392
1,0,0,0,0,0,0,3677,47.68845799844712,67.70962200243957,127.77567699959036,91.72297199256718
29,1,0,0,2,0,2,1,99.88241399696562,119.31473299046047,258.4482780075632,103.56590799347032
25,2,0,0,2,0,2,1,99.51376599201467,104.40838099748362,248.0049049918307,96.2487479991978
42,3,0,0,6,0,4,1,101.98249600944109,120.11719700240064,300.0893400021596,96.79951801081188
4,1,0,0,0,0,0,1421,31.740613994770683,43.16481099522207,76.65807800367475,88.09694700175896
25,1,0,0,2,0,2,1,50.568320002639666,57.99565099005122,120.84991500887554,49.81413600035012
7,6,0,0,0,0,0,1201,76.39687600021716,109.0297150076367,173.54355700081214,100.59196400106885
16,2,0,0,1,0,2,1,182.53355099295732,156.85913700144738,340.68368400039617,159.29940198839176
8,0,0,0,1,0,2,171,149.10732199496124,110.81187499803491,240.69670301105361,103.1598489935277
13,3,0,0,1,0,2,3,181.98622300405987,187.51466099638492,283.2872120052343,96.35545799392276
8,1,0,0,0,0,0,381,75.15910601068754,105.95423000631854,179.5015899988357,104.81164199882187
19,3,0,0,2,0,2,1,105.02871799690183,156.34037200652529,287.6763160020346,159.32018600869924
8,2,0,0,1,0,2,295,175.9338419942651,223.74649399716873,310.0443510047626,213.1679680023808
10,1,0,0,1,0,2,1118,97.08987300109584,131.89915999828372,214.27652200509328,129.2734489979921
2,2,0,0,0,0,0,5771,27.750952998758294,36.69271800026763,89.5499589969404,172.7254020079272
28,1,0,0,3,0,2,1,50.15914399700705,58.69183299364522,133.79252199956682,103.77739199611824
2,0,0,0,0,0,0,2981,70.04688799497671,97.30729399598204,158.83247200690676,93.3262799953809
11,1,0,0,0,0,0,12,78.17569600592833,112.11278098926414,191.84185400081333,103.48672600230202
11,6,0,0,1,0,2,381,179.8020970018115,266.00565000262577,390.49147500190884,275.9440249938052
7,0,0,0,1,0,2,238,152.88994999718852,197.85585299541708,241.28053200547583,160.25729999819305
5,2,0,0,0,0,0,487,66.69152100221254,93.5722860012902,163.0118259927258,89.21602499322034
5,5,0,0,0,0,0,4472,74.46256901312154,60.14835300447885,73.13586999953259,133.76555999275297
2,2,0,0,0,0,0,5771,26.7511230049422,36.29973299393896,89.73591300309636,172.7080660057254
2,1,0,0,0,0,0,1940,64.65691699122544,91.08207900135312,151.7215759959072,91.81038600218017
15,0,0,0,1,0,2,0,98.57695699611213,105.17418599920347,220.96096599125303,96.52010499848984
18,1,0,0,1,0,2,8,190.70885799010284,160.1629920041887,339.8302040004637,163.07193400280084
8,2,0,0,0,0,0,381,73.93144399975426,107.02599099022336,179.2369690083433,105.67920799076091
10,5,0,0,1,0,2,1065,88.75284799432848,82.65875700453762,146.80644299369305,91.3593440054683
4,1,0,0,0,0,0,1421,62.085382000077516,86.13673200306948,150.75996398809366,99.27255900402088
15,3,0,0,1,0,2,8,78.90230999328196,109.75617700023577,124.70647899317555,51.34833700140007
20,5,0,0,2,0,2,12,106.43718400388025,158.58417500567157,283.9428130100714,164.1277849994367
15,4,0,0,2,0,1,11,106.55764500552323,158.69400100200437,271.2032909912523,163.70326500327792
23,3,0,0,3,0,2,1,131.07761299761478,164.63234300317708,316.517732993816,81.72405199729837
7,1,0,0,1,0,2,260,81.7178269935539,115.5775470106164,190.7987020094879,109.07700700045098
23,4,0,0,2,0,2,2,100.18600799958222,120.33865400007926,188.30778999836184,103.54276500584092
38,2,0,0,3,0,2,1,80.3018919978058,112.34283000521827,245.9118779952405,106.19849599606823
19,1,0,0,1,0,2,1,92.52834699873347,112.47358699620236,230.441179999616,103.51264099881519
16,2,0,0,1,0,2,11,143.6926169990329,216.4523389947135,341.48641300271265,220.02645999600645
7,1,0,0,0,0,0,42,72.30155100114644,105.67765199812129,174.2937639937736,94.46487999230158
11,4,0,0,1,0,2,64,154.7225999966031,242.38744399917778,379.7033219889272,225.946695994935
21,2,0,0,2,0,2,0,71.38240701169707,101.69585401308723,167.2201170003973,93.03938200173434
22,1,0,0,2,0,2,1,39.05448201112449,50.46546000812668,208.17086599709,94.7117449977668
23,3,0,0,0,0,0,1,79.05801699962467,110.69092400430236,207.87178601312917,106.08179899281822
22,1,0,0,1,0,2,2,78.80194700555876,98.56092499103397,174.98725200130139,106.2528649927117
28,6,0,0,1,0,2,1,42.26067700074054,55.65820600895677,124.85806799668353,55.02100399462506
12,0,0,0,1,0,2,170,95.72746099729557,135.03317399590742,211.70718800567556,120.7436659897212
17,0,0,0,1,0,2,1,79.33285699982662,112.47108400857542,218.4109990048455,111.60019200178795
25,3,0,0,2,0,2,1,82.54180299991276,111.6925490059657,248.77634400036186,106.10554300365038
22,2,0,0,2,0,2,1,81.7409029987175,111.79699499916751,243.87435299286153,97.94180799508467
8,1,0,0,0,0,0,941,96.24974799226038,143.6502870055847,239.1747369983932,164.98805599985644
12,7,0,0,0,0,0,0,68.54270199255552,102.4292860092828,174.40460999205243,88.70480699988548
16,2,0,0,1,0,2,6,98.2878590002656,112.90512600680813,222.08742599468678,96.47918900009245
7,1,0,0,0,0,0,0,74.43568400049116,104.90781300177332,176.5489469980821,96.69219399802387
27,1,0,0,2,0,2,1,83.30800700059626,107.27018100442365,233.3145809971029,99.58294899843168
28,6,0,0,1,0,2,1,106.16667599242646,172.60756899486296,294.24683599791024,164.52194299199618
28,5,0,0,1,0,2,0,80.42830300109927,113.0808989983052,162.5850230047945,54.194619006011635
19,8,0,0,1,0,2,1,196.7506500077434,283.7215589970583,451.5302009967854,266.80749098886736
12,0,0,0,2,0,2,0,80.5370239977492,104.12182899017353,194.45074300165288,96.15021399804391
18,5,0,0,1,0,1,0,98.30863699608017,147.04649600025732,229.4814269989729,162.56424100720324
20,2,0,0,0,0,0,1,75.61753899790347,108.16928099666256,199.10545099992305,100.0719350122381
11,3,0,0,1,0,2,564,91.42638399498537,115.72785799216945,205.91750300081912,113.21011399559211
24,2,0,0,0,0,0,1,78.54316099837888,110.11937400326133,207.69491799001116,106.5731720009353
28,12,0,0,3,0,2,2,170.81377800786868,311.90655899990816,446.7497360019479,261.96487099514343
10,2,0,0,1,0,2,1118,47.517711005639285,63.14458999258932,107.46149500482716,65.23195099725854
3,3,0,0,0,0,0,5631,38.48956199362874,50.94368300342467,99.26133000408299,215.90239999932237
20,1,0,0,1,0,1,1,77.58388300135266,109.27284500212409,204.84974898863584,103.15991299285088
28,8,0,0,3,0,2,1,80.08104500186164,112.48245899332687,242.54455299524125,107.0095390023198
22,1,0,0,0,0,0,1,39.612645996385254,54.440357998828404,105.07273499388248,52.97485199116636
5,1,0,0,0,0,0,140,74.30167999700643,104.18108799785841,174.3106960057048,100.48127800109796
11,1,0,0,2,0,2,0,123.00318000779953,102.94749200693332,213.00382500339765,93.58140498807188
11,2,0,0,0,0,0,12,105.63398600788787,156.1689549998846,258.5396080103237,161.41193099610973
28,5,0,0,1,0,2,1,79.17630199517589,111.43980600172654,224.15580399683677,106.20880199712701
3,1,0,0,0,0,0,1479,67.51126100425608,94.49916900484823,156.477193988394,95.28300100646447
22,1,0,0,0,0,0,1,76.9753100030357,110.5521179997595,204.47300899832044,107.00798399921041
26,4,0,0,3,0,2,1,100.43341798882466,121.14516699512023,259.0681330038933,103.50794599798974
15,0,0,0,1,0,1,0,71.0010990005685,99.40382299828343,187.71284000831656,93.11669600720052
20,3,0,0,0,0,0,1,75.28544399247039,108.28310099896044,198.7108290049946,99.88850299851038
21,2,0,0,3,0,2,2,89.8687470034929,66.67967401153874,146.86142400023527,49.93042699061334
25,5,0,0,3,0,2,1,133.95316200330853,169.75397799978964,329.29737100494094,158.30655000172555
7,2,0,0,0,0,0,74,51.08382999605965,103.88931799388956,245.53951399866492,152.410687005613
1,0,0,0,0,0,0,3585,62.31643899809569,87.10237698687706,147.92357099941,90.61751401168294
13,2,0,0,1,0,2,4,91.72018700337503,116.93638798897155,222.67152000858914,112.06991999642923
32,1,0,0,5,0,4,0,74.46812700072769,106.46011600329075,250.94066599558573,100.79160799796227
23,4,0,0,1,0,2,1,41.79811000358313,54.70822200004477,111.05363999377005,53.68600299698301
21,4,0,0,1,0,2,0,77.4097109970171,112.37854599312413,215.5906339903595,106.74572800053284
16,2,0,0,2,0,2,1,94.05274299206212,109.79723600030411,229.35983900970314,101.60487699613441
23,1,0,0,0,0,0,1,101.60882800118998,151.4534579910105,266.9617959909374,156.51688000070862
28,5,0,0,1,0,2,1,78.74780498968903,112.74299399519805,227.52755500550848,106.97669399087317
15,3,0,0,2,0,2,0,76.22331200400367,106.62978599430062,203.04938399931416,97.3671420069877
13,3,0,0,1,0,2,1,129.9362379941158,192.9004589910619,322.8475560026709,197.29086999723222
18,2,0,0,3,0,3,1,88.11632500146516,116.83230000198819,226.43517499091104,81.44689700566232
18,3,0,0,0,0,0,1,53.64951000956353,73.44194799952675,145.51186299649999,79.97095299651846
23,0,0,0,2,0,2,1,77.0023140066769,101.05836299771909,210.48092699493282,93.46585399180185
20,4,0,0,2,0,2,1,108.72654999548104,151.2140639970312,286.482879993855,156.54589599580504
2,1,0,0,0,0,0,2988,79.26628000859637,118.87286900309846,192.99777499691118,153.07032900454942
13,2,0,0,2,0,2,141,98.7296750099631,119.35109400656074,224.01954999077134,112.12530499324203
34,2,0,0,4,0,2,0,39.63817500334699,52.739555001608096,123.09705000370741,50.97346700495109
1,0,0,0,0,0,0,3585,62.80168601369951,88.56032000039704,148.6469399969792,89.03639500204008
5,5,0,0,0,0,0,4472,73.79931100877002,108.62266800540965,144.8344569944311,264.58980700408574
15,1,0,0,1,0,2,1,96.46082599647343,108.16474400053266,225.44743899197783,103.0222959961975
33,1,0,0,2,0,2,1,82.25993999803904,110.03885199897923,200.92978700995445,49.60945699713193
26,6,0,0,3,0,2,1,152.36414699757006,207.23642800294328,381.050497002434,201.68605499202386
23,2,0,0,2,0,3,1,79.9499190034112,114.80161000508815,222.96884999377653,107.09618599503301
23,1,0,0,2,0,2,1,48.52060599660035,54.92693699488882,122.85431499185506,51.81362899020314
28,1,0,0,3,0,2,1,164.7288039966952,134.6066549886018,306.22220200893935,98.7307250034064
13,1,0,0,0,0,0,18,76.850369994645,110.52433200529777,192.43506899510976,104.63958300533704
29,1,0,0,3,0,2,1,86.09356499800924,111.64247299893759,238.5537399968598,106.0639649949735
18,3,0,0,1,0,2,1,99.26611100672744,105.04505300195888,224.18231099436525,65.16607500088867
18,3,0,0,0,0,0,1,104.01258799538482,157.56907600734849,269.1336349962512,161.2443140038522
20,9,0,0,2,0,2,14,104.65001201373525,158.45445699233096,281.940354994731,163.78460499981884
8,2,0,0,0,0,0,381,98.62724599952344,146.60348799952772,235.75290899316315,162.56720600358676
9,1,0,0,1,0,2,64,112.09120199782774,167.33972400834318,267.6127449958585,167.37596999155357
10,1,0,0,1,0,2,88,50.34953499853145,65.28580699523445,165.2816249988973,109.21196400886402
24,2,0,0,0,0,0,1,79.05718999973033,112.20413399860263,209.2890189960599,106.79932399943937
31,2,0,0,3,0,2,1,48.010644008172676,54.50801800179761,133.7984589918051,52.49780400481541
6,2,0,0,0,0,0,1409,85.9682150039589,128.82380599330645,202.39378299447708,160.14648899727035
32,1,0,0,4,0,1,1,75.63743999344297,108.2664949935861,228.3743699954357,101.18107999733184
18,2,0,0,1,0,2,1,99.5533489913214,102.72668198740575,224.05393900407944,96.3984550035093
13,1,0,0,1,0,2,0,34.82574500958435,46.68813801254146,92.28931399411522,43.74753498996142
14,2,0,0,2,0,2,387,99.21289600606542,117.91324899240863,231.59520998888183,115.0205960002495
6,1,0,0,0,0,0,70,72.37957599863876,98.89924799790606,168.04758500074968,91.47250300156884
14,5,0,0,1,0,2,1,128.26028298877645,188.3409739966737,325.72881900705397,194.69861401012167
12,0,0,0,1,0,2,0,72.91431000339799,101.99892400123645,190.34638999437448,96.44175200082827
14,1,0,0,0,0,0,1,77.47492099588271,112.870163997286,197.7789130032761,104.83390200533904
20,2,0,0,3,0,2,0,68.42121400404721,95.15797899803147,204.51951399445534,84.64807100244798
13,3,0,0,1,0,1,1,151.39850799459964,230.14912600046955,217.37836899410468,120.7920919987373
26,2,0,0,3,0,2,5,126.51330600783695,155.78946100140456,293.51231700275093,158.99835400341544
4,0,0,0,0,0,0,217,73.50123599462677,100.24654699373059,166.42429601051845,88.34966999711469
26,1,0,0,3,0,2,1,104.54903299978469,117.49261899967678,255.84395999612752,98.39267301140353
22,4,0,0,1,0,2,1,76.47069099766668,104.03256800782401,206.1456040100893,96.884794998914
19,1,0,0,2,0,2,0,77.96536300156731,112.69259899563622,213.5273820022121,104.3886539991945
21,1,0,0,3,0,2,2,77.97216800099704,106.11796101147775,221.81642599753104,94.26705200166907
16,6,0,0,1,0,2,1,91.98991200537421,160.3953140001977,284.7599280066788,165.15719699964393
20,2,0,0,1,0,2,2,96.34077298687771,109.3817159999162,230.65331000543665,101.70892099267803
15,1,0,0,1,0,2,7,93.26968099048827,75.44335699640214,169.53739000018686,79.02413200645242
24,4,0,0,1,0,2,1,76.7665089952061,108.81736098963302,215.73768099187873,101.31657699821517
9,2,0,0,0,0,0,41,109.17043799418025,160.39161599474028,262.97933000023477,165.51469899422955
25,2,0,0,4,0,2,1,100.92622599040624,105.48488999484107,250.7324340112973,93.72467499633785
28,8,0,0,3,0,2,1,78.58749899605755,112.3463090043515,238.7751149944961,104.33862199715804
3,1,0,0,0,0,0,2337,53.12326799321454,74.36776800022926,134.12366500415374,96.61227698961738
11,1,0,0,1,0,2,112,75.09246301196981,105.0746779947076,191.45532500988338,98.03509298944846
31,1,0,0,3,0,3,1,41.56923800474033,56.00204400252551,141.8379440001445,64.4743940065382
10,2,0,0,1,0,1,7,150.61351899930742,157.0516430074349,288.14007400069386,169.24666399427224
23,2,0,0,2,0,2,0,78.40875900001265,105.66200800531078,223.25353699852712,96.72384799341671
3,1,0,0,0,0,0,555,70.77357600792311,100.6633229990257,174.63993000274058,103.31387400219683
8,0,0,0,0,0,0,8,77.05748100124765,107.16080700512975,195.7672360003926,100.98503199697006
8,4,0,0,0,0,0,0,129.10070299403742,196.0165469936328,321.41558500006795,205.79104899661615
3,0,0,0,0,0,0,1289,72.17354400199838,117.25262299296446,169.21357499086298,95.71186800894793
9,5,0,0,0,0,0,354,124.3832299951464,189.37585400999524,325.28455200372264,206.91335400624666
19,2,0,0,1,0,2,1,80.99725699867122,106.82730600819923,209.7435080067953,98.69586100103334
4,1,0,0,0,0,0,2337,62.76411599537823,87.95651799300686,145.6237860111287,96.92225299659185
3,1,0,0,0,0,0,0,98.79806700337213,148.7289310025517,233.75855099584442,156.66021801007446
1,1,0,0,0,0,0,5937,16.20016100059729,20.989081996958703,62.94892801088281,119.37503800436389
21,2,0,0,1,0,2,0,82.25066999148112,112.16496200358961,223.61852999893017,111.2524580094032
22,1,0,0,1,0,2,1,81.96423899789806,106.44830600358546,226.08471699641086,110.34217900305521
10,4,0,0,1,0,2,50,193.70688700291794,106.54473000613507,316.06955599272624,102.05016500549391
20,2,0,0,2,0,2,1,182.67626898887102,178.45847200078424,358.1514630059246,194.12602999364026
15,0,0,0,3,0,2,28,99.22191899386235,118.90166498778854,246.85341501026414,102.87592699751258
23,6,0,0,1,0,2,1,80.44098899699748,132.09923499380238,282.88697500829585,121.92758600576781
20,4,0,0,2,0,2,1,100.49227101262659,112.87288599123713,255.67140000930522,105.30561199993826
12,2,0,0,1,0,2,4,170.24959699483588,194.9700719997054,372.88918999547604,217.7701869950397
28,2,0,0,3,0,2,1,74.29516900447197,143.76223199360538,143.42939299240243,48.35002699110191
12,1,0,0,1,0,2,2,189.01969100988936,159.43688599509187,355.81385499972384,156.94642100424971
20,4,0,0,1,0,2,0,119.12947800010443,128.94403999962378,224.48110798723064,108.57339299400337
24,1,0,0,1,0,2,0,89.06018600100651,116.05701099324506,216.43495799798984,100.59293400263414
26,1,0,0,4,0,2,1,50.53323500033002,50.97134999232367,127.59759101027157,47.40419999870937
26,1,0,0,4,0,3,2,91.05662199726794,110.22623199096415,244.43270299525466,102.35356299381237
16,4,0,0,1,0,2,0,92.63328601082321,116.30396101099905,221.65876100189053,109.85679599980358
22,8,0,0,1,0,2,1,171.64763998880517,205.40424600767437,349.5521159929922,209.79565399466082
11,6,0,0,1,0,2,28,179.72961800114717,110.43901900120545,296.20956898725126,103.25206400011666
27,2,0,0,2,0,2,1,84.60365199425723,114.86481000611093,234.2182819993468,106.33793399028946
26,3,0,0,3,0,2,1,100.56573498877697,121.69204201200046,258.600410001236,104.4151999958558
5,1,0,0,0,0,0,487,65.90369800687768,95.58083699084818,157.38778900413308,61.89944100333378
31,3,0,0,4,0,2,1,100.33402900444344,120.93115800234955,274.72463899175636,103.31592199509032
9,2,0,0,0,0,0,511,76.40166599594522,86.93976599897724,105.75422600959428,106.36049200547859
19,3,0,0,2,0,1,1,36.655556003097445,54.55074999190401,198.95351699960884,95.42295499704778
4,0,0,0,0,0,0,0,68.49207000050228,96.65057899837848,163.20822499983478,86.22604899574071
26,0,0,0,2,0,2,1,86.95396500115748,111.49574699811637,239.73517499689478,104.80849401210435
14,4,0,0,2,0,2,56,69.705021000118,109.34001700661611,217.8556050057523,102.84807599964552
42,2,0,0,7,0,3,0,127.10784601222258,167.94629899959546,213.0409560049884,81.51426399126649
8,4,0,0,1,0,1,719,74.93023001006804,83.88019900303334,201.06951300112996,178.979440999683
9,2,0,0,0,0,0,0,68.89834500907455,95.64235901052598,165.77880800468847,84.40152498951647
25,2,0,0,3,0,2,0,74.21573800093029,105.78492400236428,214.83492699917406,95.20653299114201
23,2,0,0,2,0,2,1,97.37339599814732,111.10074899625033,246.3185579981655,101.41231100715231
9,0,0,0,1,0,2,283,73.53183299710508,103.57703501358628,184.32924499211367,95.78556900669355
33,3,0,0,5,0,2,1,183.86624599224888,159.51879999192897,233.43141000077594,77.59324199287221
23,3,0,0,2,0,2,1,161.28884599311277,105.22986001160461,285.3518679912668,99.20366000733338
25,2,0,0,2,0,2,1,189.22156900225673,194.62695099355187,366.61145801190287,186.47930400038604
3,0,0,0,0,0,0,2679,51.52798299968708,71.28431300225202,129.7433989966521,100.48987799382303
22,1,0,0,0,0,0,1,78.12088500941172,109.7037269937573,206.06434500950854,105.28070299187675
14,5,0,0,1,0,2,1,182.03294300474226,220.19022899621632,404.69760898849927,229.75980800401885
4,4,0,0,0,0,0,5074,58.95887799852062,82.83393998863176,127.70021900360007,246.5301040065242
18,3,0,0,1,0,2,0,68.18019799538888,94.46472600393463,188.7464150058804,84.4848289998481
15,1,0,0,0,0,0,1,78.38178599195089,111.15950299426913,199.56683399504982,106.0050280066207
3,3,0,0,0,0,0,5631,37.891971005592495,51.308186011738144,99.03284499887377,215.47161400667392
10,4,0,0,1,0,2,28,91.64744400186464,54.09706699720118,181.59207999997307,103.28575498715509
2,0,0,0,0,0,0,2981,51.2697539961664,48.26325700560119,80.57810801255982,56.594819005113095
2,0,0,0,0,0,0,3629,39.010237000184134,53.29568398883566,110.5411270109471,94.53445000690408
3,2,0,0,0,0,0,3023,109.86625700024888,171.14078799204435,261.35013200109825,200.80059400061145
6,0,0,0,0,0,0,1409,64.41777799045667,92.99071198620368,156.0261749982601,104.86456099897623
7,4,0,0,0,0,0,0,82.18219698756002,121.26175500452518,198.9909389958484,116.14565900526941
16,1,0,0,2,0,2,1,72.89429999946151,103.56937799951993,170.74262800451834,48.18527300085407
21,1,0,0,3,0,2,2,106.28685599658638,92.91929400933441,136.20256699505262,109.90758500702213
2,0,0,0,0,0,0,754,65.49255800200626,95.77070199884474,156.55623099883087,92.1209810039727
9,0,0,0,1,0,2,1066,91.00129100261256,125.01107700518332,199.38701299543027,123.42343000636902
2,1,0,0,0,0,0,4383,33.612861996516585,45.90679099783301,101.31060500862077,94.06944499642123
27,1,0,0,1,0,2,1,75.103274997673,105.90740300540347,216.704888996901,100.08667700458318
16,4,0,0,3,0,2,1,61.91131001105532,54.42423699423671,123.32093001168687,49.84445199079346
10,1,0,0,1,0,1,14,93.68243800417986,106.07908100064378,195.74398000258952,96.39106699614786
22,5,0,0,1,0,2,1,83.34646000002977,107.0103309903061,216.36046399362385,101.27950500464067
2,2,0,0,0,0,0,5771,26.90675199846737,36.55947500374168,89.85673599818256,172.26457899960224
6,1,0,0,1,0,2,539,158.98342600848991,216.1764240008779,223.45926299749408,190.5255049932748
5,1,0,0,0,0,0,396,37.690944998757914,51.42897898622323,88.99793498858344,48.92118299903814
28,2,0,0,2,0,2,1,76.05929199780803,104.23304101277608,227.2962079878198,95.02210401115008
31,1,0,0,2,0,2,1,99.55640298721846,119.71172300400212,262.05454899172764,102.46433099382557
11,7,0,0,1,0,2,57,173.24477799411397,181.06783099938184,288.58368100191,156.04925999650732
7,4,0,0,0,0,0,291,127.21845699707046,195.86303899995983,294.68993199407123,102.27328799373936
6,1,0,0,0,0,0,33,74.44020500406623,105.50684700137936,177.890191989718,98.42003999801818
14,1,0,0,1,0,2,32,79.97102300578263,105.76573299476877,202.3650560004171,99.15521000220906
7,2,0,0,1,0,2,0,172.63108500628732,107.86684500635602,246.03105999995023,99.57878501154482
10,0,0,0,2,0,2,102,135.4127530066762,118.66957899474073,107.7638380083954,61.34336898685433
8,4,0,0,0,0,0,0,128.12755699269474,194.36946698988322,309.99654800689314,166.38348500418942
22,3,0,0,3,0,2,2,40.38909598602913,52.63223999645561,178.10359100985806,101.3922980055213
20,2,0,0,2,0,2,1,182.2107609914383,182.999890006613,357.48301300918683,180.1622039929498
20,4,0,0,2,0,2,1,126.05240099946968,159.20443800860085,307.1782819897635,162.8159149986459
11,6,0,0,0,0,0,272,92.42962699499913,193.67587499436922,304.5327410072787,209.19487200444564
3,1,0,0,0,0,0,2981,97.50920100486837,146.1639219924109,227.33599999628495,155.84136100369506
25,1,0,0,2,0,2,1,48.339564993511885,53.27023399877362,132.87532299000304,51.925741994637065
8,2,0,0,0,0,0,381,72.61152099817991,107.42868800298311,178.2158529968001,103.76009700121358
30,0,0,0,4,0,2,0,170.33451099996455,136.21627300744876,314.6109490044182,96.8797870009439
28,3,0,0,1,0,2,0,67.02079599199351,95.99361300934106,202.70518799952697,86.00376000686083
27,4,0,0,2,0,2,1,103.0719910049811,110.688378001214,200.27149601082783,52.57392500061542
36,1,0,0,4,0,2,1,86.0543409944512,116.29881500266492,257.28307499957737,106.94639499706682
16,2,0,0,1,0,2,0,70.93005899514537,100.38687800988555,195.09890799236018,92.23856900644023
4,0,0,0,0,0,0,0,68.20198899367824,95.32808000221848,159.52870198816527,85.70946600229945
10,2,0,0,0,0,0,0,72.47823900252115,104.83835499326233,180.62815499433782,97.96335001010448
38,0,0,0,5,0,3,0,50.24940599105321,55.40717201074585,144.73638900381047,51.8545999948401
23,3,0,0,2,0,2,2,104.62786900461651,123.54192900238559,248.68392299686093,105.41067799204029
10,3,0,0,1,0,2,93,184.18721899797674,247.59691399231087,317.1466499916278,208.41406600084156
24,3,0,0,2,0,2,1,68.92492299084552,111.05394799960777,247.55924500641413,104.01588901004288
1,1,0,0,0,0,0,5937,8.75925000582356,9.752689002198167,48.24522499984596,112.36466999980621
16,1,0,0,1,0,2,2,51.2248000013642,54.848878004122525,117.53159400541335,52.60094700497575
23,2,0,0,2,0,2,0,82.70795299904421,109.11810299148783,218.3902850083541,99.88265500578564
27,2,0,0,2,0,2,1,109.55221499898471,154.83973300433718,293.4622399916407,156.67763700184878
10,6,0,0,1,0,2,1475,171.06861699721776,166.31025199603755,283.21618399058934,180.2859890012769
23,1,0,0,1,0,2,1,77.79743400169536,113.24366800545249,213.43213300860953,103.57756899611559
28,3,0,0,4,0,2,1,175.74518200126477,210.72883601300418,386.16356199781876,104.97064400988165
11,3,0,0,1,0,2,129,79.23042398761027,105.93506599252578,194.88080800510943,100.86882000905462
3,2,0,0,0,0,0,914,107.85095200117212,164.76668900577351,261.97231200058013,194.8387640004512
30,2,0,0,2,0,2,1,93.98216698900796,109.512866998557,252.67404101032298,102.35379099322017
8,2,0,0,0,0,0,142,36.80214598716702,49.17693200695794,166.8235300021479,94.63209999375977
2,0,0,0,0,0,0,3629,39.43282400723547,53.83570000412874,110.56910900515504,95.13503601192497
11,2,0,0,1,0,2,719,170.39293800189625,181.71890699886717,313.0961460119579,189.56501298816875
30,2,0,0,3,0,2,1,111.4288599928841,126.58623199968133,274.55517899943516,108.78331400454044
28,1,0,0,2,0,2,1,78.49681499646977,111.69182599405758,235.7679989945609,105.4067690129159
14,2,0,0,0,0,0,1,75.18345399876125,107.44306900596712,188.459953002166,99.76485799415968
1,1,0,0,0,0,0,5937,16.50855300249532,19.513847000780515,73.33074999041855,113.47975999524351
15,4,0,0,2,0,2,0,120.638863008935,95.11156399094034,169.04021899972577,101.37335699982941
18,4,0,0,1,0,2,1,96.39305800374132,109.18700900219847,222.321102002752,104.83306400419679
6,1,0,0,1,0,2,9,79.69429199874867,108.96807700919453,266.40499400673434,184.06593600229826
12,4,0,0,1,0,2,611,123.39942499238532,166.05630599951837,281.49655199376866,176.57425299694296
28,4,0,0,3,0,2,1,79.65678800246678,112.8597799979616,241.0614669934148,106.20243700395804
24,6,0,0,3,0,2,0,105.02822799026035,123.64574600360356,252.5823309988482,105.65844799566548
8,5,0,0,0,0,0,1388,67.25541599735152,99.42068700911477,163.66073999961372,107.01687399705406
4,1,0,0,0,0,0,755,73.69422899500933,104.44227000698447,171.27689700282644,97.54091300419532
24,1,0,0,0,0,0,0,36.60153300734237,48.672215998522006,96.28740599146113,45.69453399744816
20,1,0,0,0,0,0,1,104.07249699346721,152.75474899681285,266.07275400601793,155.96398699562997
8,3,0,0,0,0,0,381,73.04097499581985,109.0757080091862,177.69339399819728,106.29783300100826
28,3,0,0,2,0,2,2,41.85855200921651,104.6811950072879,234.06818800140172,105.39161000633612
20,4,0,0,0,0,0,1,77.0213869982399,109.62382399884518,201.74413999484386,103.23018000053708
17,5,0,0,1,0,2,0,54.0295989922015,76.50508200458717,140.09700898895971,81.71252800093498
25,4,0,0,3,0,2,2,186.5629399981117,210.02541300549638,382.30333299725316,199.84219400794245
1,0,0,0,0,0,0,5937,17.23156099615153,20.088541001314297,73.77304100373294,88.98473500448745
3,2,0,0,1,0,1,1761,127.07128901092801,163.8945870072348,183.0611719924491,153.18260599451605
28,4,0,0,3,0,2,1,108.03303199645597,162.92314098973293,307.51949800469447,163.86914798931684
28,4,0,0,3,0,2,1,79.12679499713704,112.66554999747314,241.89384900091682,107.63312999915797
24,1,0,0,3,0,2,1,99.7073949984042,118.51283299620263,249.18320700817276,107.4203369935276
8,1,0,0,0,0,0,16,76.04879899008665,106.77543398924172,183.06898399896454,99.50259201286826
16,6,0,0,1,0,2,0,112.33722999168094,169.76258599606808,292.63166000600904,175.31003399926703
12,1,0,0,1,0,2,0,97.92421500605997,147.69730699481443,259.8039969889214,148.07280799141154
12,3,0,0,1,0,2,0,162.20999301003758,103.67886000312865,254.20448200020473,99.36308598844334
16,0,0,0,2,0,2,0,67.82487699820194,97.52047400979791,194.72365100227762,85.28076199581847
7,5,0,0,0,0,0,40,52.78902698773891,95.30551399802789,253.5055929911323,149.33460499742068
26,2,0,0,3,0,2,1,55.872497003292665,78.74991100106854,191.25173600332346,165.6314830033807
11,6,0,0,1,0,2,0,91.42278299259488,50.65592699975241,154.8424399952637,78.92910100053996
19,0,0,0,2,0,2,14,107.91545100801159,117.47926499811001,241.76698000519536,97.5545770052122
28,5,0,0,3,0,2,0,66.72691099811345,55.66067498875782,121.03944500267971,53.54947299929336
20,1,0,0,0,0,0,1,77.9775450064335,110.58121599489823,202.64063100330532,106.20249599742237
14,3,0,0,1,0,2,5,190.28317899210379,155.81586299231276,332.77448698936496,161.8561320065055
28,1,0,0,4,0,2,1,111.38357399613596,158.0345839902293,318.9547079964541,154.29100100300275
26,1,0,0,1,0,2,1,74.83639899874106,103.36300400376786,212.7982349920785,95.59944499051198
6,3,0,0,1,0,1,0,133.10878101037815,203.2072340080049,312.9312370001571,211.81284099293407
28,4,0,0,2,0,2,1,78.23681501031388,110.55438000767026,227.1940060018096,104.63160899234936
12,0,0,0,0,0,0,1,78.12199500040151,111.47503000393044,189.37309300235938,104.2903909983579
22,2,0,0,2,0,2,3,85.0630189961521,114.17517099471297,136.63292200362775,54.76303301111329
7,5,0,0,0,0,0,593,142.5931489939103,224.50007699080743,334.6846269996604,192.67669299733825
19,1,0,0,2,0,4,1,43.20540100161452,53.85675499564968,221.5611409919802,99.6459930029232
18,1,0,0,1,0,2,5,84.43695600726642,112.84430600062478,217.66456798650324,105.43457900348585
3,3,0,0,0,0,0,5631,38.079045989434235,52.97080699529033,99.62383999663871,214.98544799396768
29,4,0,0,3,0,2,1,85.03593500063289,101.08520899666473,121.00832800206263,53.09354999917559
10,1,0,0,1,0,2,840,88.44088899786584,121.28620700968895,202.71387200045865,126.43081200076267
17,1,0,0,1,0,2,1,77.4436420033453,106.06062499573454,204.97289099148475,100.46295999200083
38,1,0,0,2,0,2,1,97.51482200226746,115.81184100941755,256.8887429952156,95.24830599548295
14,5,0,0,1,0,2,1,121.41556601272896,155.9343609987991,290.31436299555935,162.46776000480168
28,5,0,0,2,0,2,1,41.73501499462873,54.70532100298442,119.246853995719,54.73137699300423
15,7,0,0,1,0,2,6,88.8386279984843,126.74901699938346,231.69914000027347,125.64887800544966
19,5,0,0,2,0,2,0,103.03395400114823,154.26519500033464,280.1046099921223,155.59986200241838
26,1,0,0,2,0,2,1,104.45894500298891,118.02625299606007,246.43975700018927,96.04437698726542
3,2,0,0,0,0,0,3594,54.483576997881755,78.06028900085948,137.94871700520162,154.20051099499688
15,2,0,0,1,0,2,5,83.2825740071712,112.63261298881844,211.48636100406293,106.73935500381049
33,3,0,0,4,0,2,1,84.2473369993968,114.56618999363855,254.72704699495807,105.7290189928608
2,1,0,0,0,0,0,4383,33.90069700253662,45.76815100153908,81.0499590006657,47.297064011218026
5,2,0,0,0,0,0,31,73.71534200501628,102.33764100121334,167.9454590048408,90.71470699564088
4,3,0,0,0,0,0,3560,55.90098300308455,77.5896620034473,105.72664499341045,55.18636599299498
3,2,0,0,0,0,0,2988,48.54707099730149,71.45719400432426,185.6133130058879,154.7751220059581
25,3,0,0,0,0,0,1,73.09046799491625,101.76967500592582,198.3790560043417,95.02513600455131
23,1,0,0,4,0,2,1,96.94077100721188,105.48805100552272,246.35825400764588,95.57124599814415
25,4,0,0,1,0,2,1,85.59594099642709,112.39795500296168,226.6850269952556,106.55703200609423
21,2,0,0,0,0,0,1,73.0818039883161,102.07243599870708,193.66687099682167,94.87318100582343
28,7,0,0,1,0,2,1,78.91006299178116,111.51493800571188,226.25425399746746,108.74342700117268
7,5,0,0,0,0,0,336,110.22823301027529,165.87228399293963,265.81241500389297,174.93029500474222
24,3,0,0,2,0,2,1,49.26569099188782,61.568641001940705,238.3941499865614,102.50171700317878
17,5,0,0,0,0,0,1,75.81704900076147,110.94668299483601,199.18819099257234,103.21946701151319
23,5,0,0,1,0,2,1,42.07198000221979,55.90939700778108,111.85953200038057,53.52499699802138
1,1,0,0,0,0,0,5937,16.660505993058905,19.746423000469804,74.87710200075526,113.72849599865731
17,3,0,0,1,0,2,55,78.99034100410063,114.57934399368241,211.80224299314432,107.14589100098237
14,6,0,0,2,0,2,26,83.7235210055951,117.69743799231946,217.72763499757275,115.47070600499865
41,3,0,0,2,0,2,1,49.974933004705235,52.02246300177649,132.05583600210957,64.64238499756902
26,6,0,0,3,0,2,1,97.88350999588147,122.09627599804662,255.55791500664782,105.66113900858909
8,2,0,0,0,0,0,84,70.66542499524076,102.18040700419806,173.89628199453,98.84239599341527
23,2,0,0,2,0,2,2,99.99082100694068,118.26401100552175,246.682769007748,102.06408299563918
12,1,0,0,1,0,2,0,72.47622600698378,102.86220398847945,207.46591700299177,47.80871399270836
27,1,0,0,4,0,2,1,105.6974539969815,119.46281998825725,257.91717298852745,97.19547900022008
25,3,0,0,2,0,2,1,83.85905101022217,110.83389799750876,229.40628200012725,106.42256900609937
1,1,0,0,0,0,0,5937,16.19629499327857,18.827128995326348,74.33265200234018,114.08774599840399
10,2,0,0,2,0,2,103,129.65861600241624,130.21916900470387,195.63069399737287,62.040554999839514
13,3,0,0,0,0,0,20,78.69319699238986,114.78318199806381,194.26705400110222,123.59724099223968
5,4,0,0,0,0,0,2330,57.910456001991406,83.27005100727547,140.8927399897948,103.2404829893494
12,3,0,0,0,0,0,123,100.89838800195139,150.30383999692276,235.5251459957799,99.57242700329516
17,0,0,0,2,0,2,0,96.46402799990028,119.07831899588928,235.57074999553151,98.30455199698918
3,1,0,0,0,0,0,1866,97.99095201015007,145.8576489967527,248.45320799795445,160.7970790064428
7,3,0,0,1,0,1,317,63.06876499729697,69.07971799955703,222.23251599643845,107.1295059955446
19,3,0,0,0,0,0,1,75.93630801420659,65.35855800029822,213.45206600381061,101.64195200195536
1,1,0,0,0,0,0,5937,16.336261993274093,19.64511199912522,75.72975500079338,113.40727600327227
25,2,0,0,1,0,2,1,119.73440300789662,154.08556300099008,311.7869049892761,162.17866900842637
30,2,0,0,5,0,3,1,112.814496998908,163.73315700911917,321.7350949998945,91.46242600400001
7,5,0,0,0,0,0,1428,168.61918701033574,268.77532999787945,389.46266000857577,269.3187639961252
10,2,0,0,1,0,2,1,197.12061900645494,163.0452710087411,330.61694201023784,159.97096100181807
19,2,0,0,2,0,2,3,108.53360600594897,125.43444300536066,244.06690199975856,105.50423299719114
21,1,0,0,1,0,2,1,73.6780579900369,102.92037000181153,204.55663598841056,96.12108499277383
28,7,0,0,1,0,2,1,81.47218399972189,116.29902399727143,227.64615299820434,106.98589700041339
31,3,0,0,4,0,2,1,108.4230689884862,124.7738579986617,227.3772309999913,104.16225000517443
10,2,0,0,0,0,0,1,52.608960002544336,75.3294449968962,144.98354800161906,161.44512199389283
3,1,0,0,0,0,0,3594,44.242668998776935,61.22374799451791,117.22572598955594,98.02662400761619
11,0,0,0,2,0,3,4,160.24114799802192,104.0517630026443,211.77524600352626,98.59666299598757
8,4,0,0,0,0,0,0,84.41864400811028,243.6833179963287,292.4458159977803,130.80330500088166
16,2,0,0,1,0,2,2,103.22367900516838,110.3975919977529,226.56993300188333,104.34280800109264
16,1,0,0,1,0,2,4,151.98353400046472,104.54802001186181,259.94933499896433,98.67440699599683
12,1,0,0,0,0,0,1,73.52158598951064,83.37136900809128,92.55237800243776,47.64687200076878
9,3,0,0,0,0,0,380,73.84160099900328,107.6024670037441,179.82887699326966,107.52832300204318
3,1,0,0,0,0,0,555,71.02585899701808,98.50997099420056,165.67342900088988,93.37829799915198
24,1,0,0,1,0,2,1,39.00793999491725,54.84888900537044,109.45931600872427,52.70997098705266
3,1,0,0,0,0,0,441,70.49492100486532,99.33679200184997,167.30677499435842,96.28190900548361
28,3,0,0,1,0,2,1,80.27270800084807,113.8171990023693,226.37812299944926,108.35280099126976
12,3,0,0,1,0,2,475,89.82442399428692,118.52545200963505,209.1920720122289,117.12313099997118
23,5,0,0,2,0,1,1,83.40351299557369,111.54000299575273,213.2387750025373,101.93348400935065
15,4,0,0,2,0,2,20,75.76872000936419,105.08434400253464,202.2640029899776,101.16083100729156
20,1,0,0,1,0,2,1,98.0768550070934,104.16574100963771,222.02295598981436,97.9694409907097
11,6,0,0,1,0,2,1032,170.10532699350733,166.31666099419817,283.4877709974535,181.96158000500873
24,7,0,0,3,0,2,9,97.81928699521814,120.77529399539344,257.23290799942333,104.68089200730901
22,0,0,0,2,0,2,0,50.48761500802357,50.13165700074751,121.1806460050866,47.12168900005054
20,2,0,0,0,0,0,1,78.59734399244189,111.4885259885341,203.2396900031017,105.81492500205059
16,1,0,0,2,0,2,1,97.19830000540242,116.1754619970452,227.5647909991676,96.81552099937107
2,0,0,0,0,0,0,2981,69.19616900268011,98.62845700990874,158.31239099497907,92.03064999019261
30,2,0,0,3,0,2,1,77.02179500483908,105.08574898994993,236.98127799434587,93.18088500003796
20,1,0,0,3,0,2,1,51.61356499593239,52.67612700117752,118.67210900527425,47.253067008568905
32,1,0,0,5,0,2,1,96.9482579967007,112.75805000332184,263.56368699634913,104.36313500395045
32,4,0,0,2,0,2,1,102.79153499868698,117.19662099494599,258.27616700553335,97.03074800199829
18,3,0,0,1,0,2,2,39.51962599239778,56.12849799217656,107.08737900131382,53.40234200411942
20,1,0,0,1,0,2,0,77.17585300270002,112.87094399449416,210.98897699266672,103.74668300210033
17,1,0,0,1,0,2,2,120.10242200631183,153.07697400567122,294.07545999856666,158.08221101178788
30,5,0,0,2,0,2,1,127.88573499710765,194.35130900819786,354.87065100460313,202.35071200295351
11,4,0,0,1,0,2,2,175.64780201064423,115.86027800512966,289.9519320053514,107.966233001207
19,7,0,0,1,0,2,1,116.6045879945159,155.53713799454272,284.58183001202997,158.44472400203813
5,3,0,0,0,0,0,718,94.9517490080325,142.07226000144146,227.28590299084317,152.75714198651258
17,3,0,0,2,0,2,20,76.03679200110491,104.27345801144838,206.74563500506338,98.48098699876573
10,4,0,0,0,0,0,0,53.2278890023008,77.54352600022685,130.03514599404298,82.71489100297913
43,3,0,0,5,0,3,1,78.58400599798188,111.07255700335372,262.6736170059303,107.08535100275185
23,4,0,0,2,0,2,1,134.84157000493724,167.65306099841837,317.54758799797855,157.83686899521854
11,1,0,0,0,0,0,1,75.72945801075548,108.86356799164787,113.67552400042769,50.46605500683654
15,2,0,0,0,0,0,2,106.99341200233903,160.43940700183157,267.22501299809664,166.6923080047127
18,1,0,0,1,0,2,1,93.47800898831338,109.46950899960939,227.56559700064827,104.16205000365153
1,1,0,0,0,0,0,5937,16.471597002237104,19.604446002631448,74.52940598886926,115.81486600334756
11,2,0,0,0,0,0,209,76.06323699292261,108.67001299629919,186.78572999488097,103.98187299142592
21,2,0,0,3,0,2,1,99.14273000322282,116.68950600142125,244.894220988499,100.36126599879935
15,3,0,0,1,0,2,75,107.33009599789511,158.65371299150866,271.6315550060244,162.83039501286112
17,2,0,0,1,0,2,3,156.33257699664682,108.6266680067638,265.20863399491645,104.53409000183456
30,1,0,0,3,0,2,1,51.19938901043497,58.41283900372218,129.57178900251165,48.19330800091848
14,3,0,0,1,0,2,1,103.77455200068653,152.9827569902409,241.75831899628974,78.17490899469703
14,7,0,0,1,0,2,1,130.04119601100683,187.53363100404385,323.57750000664964,199.42231399181765
21,0,0,0,1,0,2,0,95.46464700542856,109.05804499634542,228.6244830029318,101.43996500119101
16,1,0,0,1,0,2,3,78.2346689957194,112.18853900209069,207.60959800099954,108.33747300785035
10,2,0,0,1,0,2,1107,91.9284389965469,125.15920399164315,202.72860600380227,122.37827900389675
18,5,0,0,3,0,2,0,81.34021300065797,106.25233600148931,214.99750899965875,97.12375499657355
20,2,0,0,1,0,2,4,83.94116300041787,113.26517100678757,217.98286700504832,109.92655900190584
24,3,0,0,4,0,2,1,49.97352699865587,51.844365007127635,189.14455799676944,95.12041699781548
34,1,0,0,5,0,2,1,96.02779500710312,117.17192801006604,273.6582469951827,96.91372599627357
9,2,0,0,1,0,2,0,153.8732040062314,190.17312000505626,189.27439900289755,138.33760799025185
4,1,0,0,0,0,0,118,37.870795000344515,51.46738300391007,139.19656199868768,95.0940130132949
21,3,0,0,3,0,2,1,182.67107800056692,191.71516899950802,358.80643599375617,155.2882059913827
18,1,0,0,3,0,2,5,174.08834600064438,139.2788290104363,286.9160150003154,106.12536501139402
8,1,0,0,1,0,1,40,79.66957800090313,51.237506995676085,174.68418201315217,99.17313999903854
15,0,0,0,1,0,2,0,80.49468901299406,105.1988760009408,115.10577000444755,49.29437099781353
21,1,0,0,0,0,0,0,79.68655299919192,109.96168400743045,205.1229799981229,104.55458499200176
4,1,0,0,0,0,0,354,72.13049300480634,103.79914700752124,171.1498840013519,97.87699900334701
16,2,0,0,1,0,2,0,51.47762499109376,82.16355100739747,225.8205249963794,102.74041700176895
28,3,0,0,2,0,2,1,73.48944200202823,101.21539499959908,217.16580200882163,92.40064899495337
4,4,0,0,0,0,0,5074,30.7424299971899,42.930006005917676,64.66737900336739,123.54525999398902
26,5,0,0,1,0,2,1,80.15176499611698,110.72974100534339,224.08613600418903,106.984169993666
29,1,0,0,3,0,2,1,84.69071998842992,121.42033399140928,261.1926410027081,104.71985599724576
34,1,0,0,3,0,2,1,105.7044069893891,118.42704699665774,270.2557090087794,97.13708100025542
1,0,0,0,0,0,0,2995,33.90340998885222,46.803436998743564,83.77307098999154,45.21260799083393
24,1,0,0,3,0,2,1,99.80027000710834,105.08054599631578,239.33251498965546,94.38269400561694
5,2,0,0,0,0,0,507,69.36727999709547,100.79124799813144,166.5061770036118,97.04163399874233
11,3,0,0,0,0,0,0,131.59225799608976,201.5258120081853,318.15438700141385,209.16552099515684
23,2,0,0,2,0,2,1,97.13580700918101,109.70940299739596,240.74136599665508,103.93925300741103
11,6,0,0,0,0,0,0,69.00836298882496,99.47830300370697,169.43066898966208,85.35933899111114
24,2,0,0,2,0,2,1,85.62112499203067,113.3243089861935,230.55855100392364,107.05483600031585
5,0,0,0,0,0,0,27,69.41476099018473,102.48595400480554,171.085777998087,94.45202600909397
24,3,0,0,3,0,2,1,180.16012699808925,159.15298600157257,348.646579994238,129.14722600544337
8,2,0,0,0,0,0,114,38.47951500210911,53.609412992955185,92.04378200229257,73.545102000935
21,0,0,0,0,0,0,1,76.14332900266163,107.55290000815876,197.1085499972105,97.49696799553931
25,1,0,0,2,0,2,1,77.56802400399465,107.69267799332738,225.93500999209937,101.21400399657432
4,1,0,0,0,0,0,423,72.50221898721065,101.90002901072148,165.23166598926764,91.62868700514082
19,3,0,0,1,0,2,1,81.28163500805385,106.42611399816815,213.2298779906705,99.72662098880392
12,1,0,0,0,0,0,8,71.65709098626394,104.75598298944533,180.83666199527215,93.88607100117952
25,2,0,0,2,0,2,1,54.83793299936224,76.39472400478553,150.59323099558242,82.60649899602868
16,3,0,0,1,0,2,1,77.92505099496339,104.63075600273442,202.69826700678095,98.25563200865872
9,1,0,0,0,0,0,7,77.78495100501459,110.84268199920189,192.09292301093228,105.91674500028603
3,2,0,0,0,0,0,3594,55.029769995599054,77.22684199688956,136.7425659991568,156.66965300624724
27,1,0,0,1,0,2,1,93.0461230018409,106.92072899837513,237.5219019886572,103.75673600356095
12,0,0,0,0,0,0,3,73.16786200681236,106.57124099088833,188.13072399643715,101.45246099273209
10,2,0,0,0,0,0,342,75.64888599154074,109.57238099945243,186.7639970005257,105.56667399941944
15,6,0,0,1,0,1,2,74.90061200223863,64.32156800292432,96.83521300030407,48.4686400013743
1,0,0,0,0,0,0,5937,16.879607996088453,19.892265991074964,73.72861899784766,88.9613869949244
23,3,0,0,1,0,2,1,40.92303600918967,87.24875000189058,219.2971629992826,105.67221100791357
1,0,0,0,0,0,0,5937,17.40696000342723,20.488045003730804,74.62451999890618,89.53383199695963
11,3,0,0,1,0,2,278,79.01353100896813,110.55295800906606,120.98055701062549,72.16417499876115
18,2,0,0,2,0,2,0,73.73075101349968,106.47905801306479,206.88557499670424,98.89995999401435
28,4,0,0,1,0,2,0,80.0082750065485,113.58447000384331,226.6337420005584,106.37911000230815
10,1,0,0,1,0,2,1325,161.86209900479298,200.83119499031454,232.84691499429755,104.34757301118225
6,0,0,0,1,0,1,158,82.33402999758255,108.88319299556315,195.8295249933144,103.79839999950491
3,3,0,0,0,0,0,5631,20.138544001383707,26.716662003309466,51.35682300897315,109.15915700024925
23,4,0,0,2,0,2,2,127.74444899696391,164.22972599684726,312.3328939982457,162.3747440025909
28,10,0,0,3,0,2,2,152.3888390074717,229.6781619952526,408.26693299459293,239.62784800096415
24,1,0,0,1,0,2,1,79.46417700441089,107.86883599939756,215.17722800490446,99.84261600766331
25,9,0,0,1,0,2,2,83.02634999563452,113.81201099720784,225.39331699954346,106.76711199630518
32,3,0,0,2,0,2,1,105.33842700533569,117.20642299042083,259.39420898794197,97.05886599840596
26,3,0,0,3,0,2,0,151.94843300560024,206.23024200904183,379.18102300318424,202.76632100285497
12,1,0,0,1,0,2,3,151.7481089977082,105.63730201101862,253.22162899828982,100.1768069982063
14,9,0,0,1,0,2,5,105.42273099417798,193.74651300313417,328.8046820089221,199.47901699924842
21,5,0,0,3,0,2,62,54.552476009121165,60.9216939919861,131.15428200399037,54.95968399918638
14,4,0,0,2,0,2,22,81.64908899925649,114.27061998983845,213.15568400314078,111.54741600330453
14,1,0,0,2,0,2,0,98.32796298724134,120.22799999976996,139.97889100573957,58.496953002759255
30,4,0,0,2,0,2,1,105.77695799292997,159.5187749917386,300.02739699557424,161.1319090006873
17,4,0,0,0,0,0,1,77.17394600331318,111.07743099273648,196.488200002932,102.70404299080838
11,1,0,0,0,0,0,8,73.99826199980453,105.08086600748356,187.11149199225474,100.43605300597847
21,1,0,0,3,0,2,1,97.6947289891541,103.10932999709621,229.70169701147825,94.59686999616679
17,1,0,0,2,0,2,1,74.52106299751904,107.08580500795506,209.86142099718563,96.90844999568071
25,4,0,0,2,0,2,1,81.9643730064854,111.22814699774608,230.08892498910427,107.02862100151833
13,2,0,0,0,0,0,18,57.28538800030947,108.84607200569008,132.99931099754758,54.385467010433786
21,2,0,0,2,0,2,1,125.19678499666043,80.79592400463298,164.1960690030828,158.18722000403795
11,5,0,0,1,0,1,105,108.77398400043603,166.13508900627494,263.6663680023048,167.06371700274758
35,3,0,0,1,0,2,1,74.58869100082666,103.34536498703528,218.9479310036404,58.827207001741044
7,1,0,0,0,0,0,2,105.48767900036182,156.292736006435,256.20686598995235,159.57273700041696
23,1,0,0,3,0,2,0,96.14366199821234,100.96158499072772,238.19990400807,93.28062200802378
22,2,0,0,0,0,0,1,78.39687500381842,111.35548099991865,205.91282199893612,105.63652901328169
18,3,0,0,2,0,2,1,80.83985598932486,112.52388000139035,217.53384699695744,109.49869100295473
24,2,0,0,1,0,2,0,56.80511798709631,107.11520300537813,215.37278599862475,98.65960900788195
30,1,0,0,4,0,2,1,99.44214500137605,87.29226900322828,216.08449499763083,97.67334601201583
20,3,0,0,1,0,2,1,40.47028200875502,54.799723002361134,109.64582899759989,54.558745003305376
21,4,0,0,1,0,2,1,38.85611399891786,101.78311698837206,207.8518130001612,98.0848189938115
23,1,0,0,1,0,2,1,96.96766099659726,102.68326700315811,230.5958590004593,95.5838810041314
21,1,0,0,3,0,2,5,101.49688798992429,116.90646299393848,241.56267300713807,97.44506800780073
28,8,0,0,1,0,2,1,96.94341699650977,155.2989509946201,293.09511500468943,161.73724299005698
19,7,0,0,1,0,2,1,105.63757100317162,155.4981360095553,274.76156000921037,153.4096200048225
1,1,0,0,0,0,0,5937,16.305911005474627,19.52284900471568,75.20842700614594,114.16021198965609
1,0,0,0,0,0,0,5937,17.109899010392837,20.247715001460165,73.95699199696537,90.98177299892996
25,4,0,0,2,0,2,1,43.2604200032074,55.16406499373261,120.58387699653395,54.07453699444886
1,0,0,0,0,0,0,3722,54.488987996592186,74.83418600168079,134.79113900393713,92.27394599292893
27,1,0,0,3,0,3,1,84.41127999685705,114.72779400355648,243.46516199875623,108.94826900039334
3,3,0,0,0,0,0,5631,37.96811500797048,52.24786499456968,98.88599401165266,214.5259360113414
24,4,0,0,3,0,2,0,99.41901799174957,120.92972800019197,255.84352300211322,103.71940300683491
19,3,0,0,1,0,2,1,50.79773299803492,53.34124999353662,157.0366749947425,53.49649701383896
18,1,0,0,2,0,2,0,70.96022200130392,101.21252501267008,197.56934700126294,91.59397901385091
9,0,0,0,0,0,0,45,77.53928301099222,109.24309300025925,185.16961800924037,104.12946999713313
27,5,0,0,3,0,2,1,79.28789099969435,112.3852460004855,233.9702539902646,107.13086600298993
24,1,0,0,1,0,1,1,79.96901399747003,111.26791399146896,212.4719389976235,105.2021500072442
1,0,0,0,0,0,0,5937,16.977075996692292,17.030970004270785,39.65271600463893,45.05463100213092
7,5,0,0,0,0,0,0,177.79041099129245,281.76020899263676,416.17645299993455,267.62926499941386
12,3,0,0,0,0,0,71,40.38474000117276,98.49074999510776,191.96713699784596,107.56610700627789
34,2,0,0,2,0,2,1,100.74182700191159,104.00793400185648,255.41601800068747,97.20611599914264
36,7,0,0,6,0,2,1,132.4353389936732,162.7575029997388,350.02803000679705,161.17430198937654
12,5,0,0,0,0,0,102,39.753455988829955,63.11719999939669,195.73104300070554,107.21222800202668
17,2,0,0,0,0,0,1,75.49887099594343,106.73330799909309,193.15216499671806,100.25842499453574
16,0,0,0,1,0,2,0,50.63324699585792,53.99495700839907,114.88557800475974,51.61940598918591
15,1,0,0,1,0,1,0,72.81003601383418,102.69641400373075,187.0059869979741,93.5151329904329
20,0,0,0,1,0,2,0,37.30586999154184,50.889421996544115,101.28371100290678,48.451665992615744
2,0,0,0,0,0,0,2199,58.611593005480245,83.75311200506985,142.55193900316954,93.93780700338539
24,3,0,0,3,0,2,2,81.16243900440168,108.83274699153844,234.24765600066166,97.11716599122155
7,0,0,0,1,0,1,87,124.11906299530528,107.85386900533922,196.77166899782605,100.582516999566
20,5,0,0,2,0,2,1,128.5098759981338,160.5588860111311,306.54820399649907,162.75558799679857
10,1,0,0,0,0,0,60,111.96194600779563,165.81155199673958,267.8009889932582,170.977389003383
14,2,0,0,2,0,2,0,80.67898900480941,114.5631920080632,211.88709800480865,108.09806200268213
3,1,0,0,0,0,0,903,64.68090100679547,93.22271800192539,160.5809920001775,97.40472699922975
28,3,0,0,3,0,2,1,78.9773129945388,111.32784000074025,240.16071000369266,106.01537799811922
28,7,0,0,3,0,2,0,151.10307799477596,231.95219399349298,407.37257299770135,239.09022100269794
30,3,0,0,2,0,2,1,53.411836008308455,78.063356995699,155.1251930068247,87.1448079997208
12,4,0,0,1,0,2,5,185.80358100007288,249.80842998775188,369.93177099793684,124.88678499357775
18,1,0,0,3,0,2,4,97.29868901195005,106.02644500613678,227.20528399804607,95.0754679943202
26,1,0,0,1,0,2,1,78.33565601322334,111.57244200876448,226.72036700532772,106.2124070012942
25,4,0,0,1,0,2,1,83.26222500181757,110.68880000675563,223.07784500299022,105.7082229963271
23,2,0,0,1,0,2,1,98.5977520031156,104.7086660109926,233.66090199851897,96.17179598717485
10,3,0,0,1,0,2,0,145.1317289902363,117.13620400405489,272.0996130083222,119.278395010042
6,1,0,0,0,0,0,0,108.36614499567077,116.69630798860453,129.27134399069473,83.6471680086106
23,1,0,0,2,0,2,1,96.06415100279264,110.67800399905536,243.10741601220798,104.83863900299184
18,3,0,0,1,0,2,1,122.74178799998481,156.4842649968341,293.0369710084051,159.1558950021863
27,3,0,0,5,0,2,1,51.349369998206384,98.48778700688854,260.45087999955285,93.98038701328915
22,3,0,0,1,0,2,1,125.66646400955506,189.51570498757064,333.26285300427116,199.57684200198855
13,0,0,0,2,0,2,0,101.24678400461562,121.21073598973453,228.33796199120115,111.89652000030037
31,1,0,0,3,0,2,1,99.85863899055403,109.18713100545574,272.5000160135096,97.86255500512198
11,4,0,0,1,0,2,50,91.90501799457707,53.7458430044353,153.2451899984153,50.100263993954286
28,5,0,0,1,0,2,1,79.28831499884836,111.393939005211,227.2034089983208,106.6823589935666
28,7,0,0,3,0,2,2,150.67758299119305,229.29543600184843,408.04842600482516,236.91554200195242
19,1,0,0,1,0,2,2,99.12639899994247,103.01013699790929,225.66167700279038,95.95874699880369
24,0,0,0,1,0,2,1,100.51422000105958,106.13154699967708,229.52579401317053,97.06718000234105
11,5,0,0,1,0,2,5,122.82037299883086,181.50122099905275,286.066867003683,176.3957160001155
29,3,0,0,1,0,2,1,100.542708998546,103.53457099699881,237.6195840042783,96.93658900505397
26,4,0,0,3,0,2,1,99.66575200087391,121.47870399348903,255.00683599966578,103.67267999390606
21,5,0,0,1,0,2,1,58.85827601014171,81.3447980035562,150.82720000646077,86.86361799482256
21,5,0,0,1,0,2,0,77.13229701039381,112.09324801166076,218.50464800081681,106.14096499921288
25,1,0,0,4,0,2,1,100.81497000646777,122.13962399982847,256.69064999965485,103.40140099287964
10,4,0,0,1,0,2,93,185.96072398941033,247.65670699707698,320.4705909884069,209.05951199529227
24,4,0,0,2,0,2,1,95.64013400813565,110.03161499684211,241.36850400827825,102.22933199838735
26,1,0,0,3,0,2,2,80.69306501420215,111.73235699243378,235.5075409868732,106.29080000217073
19,3,0,0,1,0,2,3,100.35438000340946,111.38930400193203,231.14394101139624,104.20723300194368
24,4,0,0,2,0,2,2,78.46040501317475,109.78528000123333,128.9576900016982,52.54684000101406
7,3,0,0,0,0,0,0,51.16483199526556,73.98977399861906,128.22816999687348,155.36597299796995
23,4,0,0,3,0,3,1,81.96842699544504,114.05657799332403,228.98176198941655,106.80224900715984
25,4,0,0,2,0,2,1,80.08816299843602,110.70948600536212,231.5636400016956,106.3703039981192
2,0,0,0,0,0,0,3629,20.345700992038473,26.8938109948067,58.25446400558576,47.47118899831548
22,6,0,0,1,0,2,1,75.879497002461,106.1363899934804,210.94986100797541,97.29718999005854
14,5,0,0,1,0,2,5,129.17518500762526,192.38773500546813,327.0402939961059,200.5284729966661
11,1,0,0,0,0,0,0,73.25030499487184,102.65499500383157,162.17432900157291,47.97577999124769
11,0,0,0,2,0,2,0,70.77548700908665,99.28786801174283,187.1912470087409,91.21604799292982
27,6,0,0,2,0,1,1,73.91252799425274,104.9991120089544,211.6840980015695,99.1337439918425
25,0,0,0,3,0,2,0,99.54793899669312,120.37509899528231,253.95720900269225,101.75517899915576
18,3,0,0,2,0,2,1,82.96922399313189,115.96588201064151,217.96131500741467,108.66537100810092
16,2,0,0,2,0,2,1,97.28369100776035,111.10094700416084,228.2736650086008,100.98910100350622
24,3,0,0,1,0,2,1,94.29768299742136,106.4939450006932,185.98594500508625,51.43372400198132
24,7,0,0,3,0,2,19,56.36525899171829,61.82164800702594,154.33019000920467,108.08296600589529
26,5,0,0,3,0,2,1,98.20364099869039,117.60529500315897,256.8870850082021,103.2618789904518
28,5,0,0,3,0,2,1,80.42542499606498,112.84748300386127,240.0125699932687,107.45315298845526
12,1,0,0,0,0,0,3,76.43778099736664,109.83581500477158,146.84149400272872,52.64576799527276
27,2,0,0,2,0,2,1,85.3591269988101,114.98805000155699,241.50421300146263,106.83188399707433
9,0,0,0,1,0,2,242,75.17366998945363,107.91147800046019,188.33926600927953,99.64543499518186
8,3,0,0,0,0,0,381,99.84980399894994,149.6289360075025,240.05903500074055,160.26710999722127
18,2,0,0,1,0,2,0,34.94766599033028,46.289610996609554,94.61587000987493,43.314144990290515
13,1,0,0,1,0,2,0,66.76778799737804,97.2673819924239,180.4601149924565,87.71230700949673
23,0,0,0,2,0,2,1,49.75340901000891,105.96247800276615,220.54622099676635,94.23531600623392
16,2,0,0,1,0,2,2,78.24202200572472,114.77389000356197,210.44096299738158,106.30401399976108
28,6,0,0,3,0,2,1,79.00767000683118,113.22934700001497,240.8855879912153,108.09070301183965
27,1,0,0,2,0,2,1,82.99660400371067,112.79274099797476,238.47716700402088,106.0824500018498
8,4,0,0,0,0,0,1868,104.2774899979122,159.01645600388292,224.52821099432185,208.29876899369992
26,1,0,0,3,0,2,1,101.47355899971444,81.05443300155457,201.12752700515557,97.68585099664051
4,1,0,0,0,0,0,118,71.04771700687706,102.66615200089291,170.35066800599452,94.10384899820201
10,2,0,0,1,0,2,0,143.12725800846238,175.17348899855278,166.53003200190142,118.04219899931923
21,1,0,0,2,0,2,1,77.8817730024457,101.65986498759594,219.88250099821016,95.312509991345
21,1,0,0,2,0,2,1,73.99976599845104,102.5126970052952,210.94709499448072,95.3036360006081
3,2,0,0,0,0,0,2341,116.56665899499785,176.49536399403587,269.2985570029123,198.8619479961926
5,0,0,0,0,0,0,144,70.55299599596765,100.92025500489399,167.94887100695632,91.19566599838436
22,1,0,0,2,0,2,1,77.58815299894195,100.89385601168033,219.01885900297202,94.21211900189519
22,3,0,0,2,0,2,1,77.88991600682493,104.80845300480723,118.79417599993758,47.595798008842394
25,5,0,0,1,0,2,1,43.30899599881377,55.13292299292516,183.86087399267126,106.15958100243006
18,0,0,0,2,0,2,1,76.1088270082837,99.04089500196278,198.80889599153306,89.6085559943458
29,6,0,0,2,0,2,1,39.18847999011632,56.31972599076107,118.30303499300499,53.95520599267911
3,0,0,0,0,0,0,2341,55.41970000194851,75.8097249927232,133.55275099456776,93.61429800628684
15,1,0,0,1,0,1,1,74.01981500152033,101.72075299487915,189.369006009656,97.31415400165133
28,7,0,0,1,0,2,1,79.14231499307789,112.34967899508774,226.27464900142513,106.92590300459415
25,5,0,0,2,0,2,1,81.57380900229327,111.55999600305222,237.0655050035566,104.86897800001316
6,0,0,0,1,0,2,1800,89.99598800437525,122.6145739929052,197.58355800877325,130.2148069953546
8,4,0,0,0,0,0,1388,34.94564100401476,49.02163700899109,84.85762000782415,53.1144749984378
6,4,0,0,0,0,0,424,142.41729100467637,222.19749398936983,339.49257800122723,232.67637100070715
22,3,0,0,0,0,0,0,75.06025899783708,106.33766399405431,201.3972040003864,100.54487000161316
25,1,0,0,1,0,2,1,180.69062900030985,153.51170100620948,347.7441959985299,159.9004210002022
23,6,0,0,1,0,2,1,78.3932110061869,112.87882899341639,221.25251199759077,107.4676680000266
5,2,0,0,0,0,0,487,66.63819900131784,92.71961099875625,159.7922090004431,50.013842002954334
3,2,0,0,0,0,0,3098,33.39754600892775,46.41899200214539,76.7001180065563,77.29015100630932
9,4,0,0,1,0,2,15,183.12757099920418,274.0437610045774,392.9666789917974,273.52915599476546
21,6,0,0,1,0,2,0,68.89633201353718,97.0614910038421,193.1252780050272,87.2580779978307
12,1,0,0,0,0,0,0,34.273327997652814,46.9723339920165,123.97297800634988,43.24411699781194
9,0,0,0,1,0,2,0,156.1174420057796,101.8515369942179,256.40102800389286,92.14840899221599
20,1,0,0,2,0,2,9,104.74637300649192,119.12756798847113,240.9891580027761,100.00577000027988
23,2,0,0,2,0,3,1,78.46888499625493,114.48040200048126,223.97854799055494,108.16343400801998
20,5,0,0,2,0,2,1,126.46820800728165,159.8162189911818,303.1783449987415,161.79751500021666
27,1,0,0,2,0,2,1,96.28588499617763,113.18434900022112,247.30081598681863,103.4906989953015
11,1,0,0,1,0,2,1,66.23962899902835,87.8855569899315,192.19068599340972,95.41178699873853
30,1,0,0,2,0,2,1,98.27288700034842,122.3045750084566,260.70230500772595,105.07983100251295
9,1,0,0,2,0,2,1,63.00018400361296,53.696993010817096,102.37289201177191,51.11583700636402
10,4,0,0,1,0,2,28,187.7506140008336,109.76103400753345,302.41170499357395,102.91457200946752
18,3,0,0,1,0,2,1,72.49401300214231,102.13603600277565,199.63396499224473,93.75916300632525
23,2,0,0,2,0,2,0,59.99840400181711,157.46526799921412,308.9583099936135,166.77367400552612
5,0,0,0,0,0,0,46,73.44001000456046,100.79843999119475,170.84927399992011,94.8957530054031
18,3,0,0,0,0,0,1,77.53422400855925,110.68842900567688,202.77994500065688,107.59538999991491
31,2,0,0,3,0,2,1,100.31807998893782,109.77186801028438,209.47483599593397,49.190865000127815
18,1,0,0,2,0,2,1,50.29606200696435,52.084875002037734,164.37901700555813,96.58577899972443
19,1,0,0,0,0,0,1,72.26311598788016,102.12332700029947,192.9912979976507,95.4510070005199
18,4,0,0,2,0,2,1,82.81792300113011,114.54391699226107,218.30375099671073,106.57127499871422
4,0,0,0,0,0,0,1421,31.618136999895796,43.463016001624055,75.85411400941666,50.830512001994066
32,0,0,0,5,0,4,0,76.83866198931355,109.84935199667234,253.89278298825957,101.18951198819559
25,8,0,0,1,0,2,1,83.65362499898765,113.13008899742272,227.78181300964206,106.64323899254669
12,0,0,0,1,0,2,0,159.15166299964767,101.82910399453249,227.73770400090143,91.44962899154052
42,4,0,0,5,0,2,1,38.66595700674225,52.13030999584589,131.15137499698903,50.32197400578298
23,4,0,0,3,0,2,0,184.6573980001267,208.8002590026008,369.44101699918974,199.85308799368795
22,3,0,0,0,0,0,1,76.6064199997345,105.7671899907291,199.4451139908051,101.67996400559787
34,1,0,0,2,0,2,1,96.46229099598713,108.0389870039653,255.3824490023544,103.16191799938679
1,0,0,0,0,0,0,5937,17.393144997186027,20.10547799000051,74.52248399204109,88.53531299973838
13,1,0,0,1,0,2,0,101.95682400080841,152.5324739923235,258.1186159950448,154.12844000093173
28,4,0,0,1,0,2,1,80.31144199776463,113.18718500842806,226.78335700766183,107.53355298948009
16,4,0,0,2,0,2,0,95.4397820023587,122.7462170063518,237.90341999847442,111.434777994873
17,1,0,0,0,0,0,1,37.83805800776463,52.99250700045377,98.76597300171852,50.92242899991106
43,1,0,0,6,0,2,1,106.18998599238694,117.37653298769146,294.01881599915214,97.16476399626117
18,2,0,0,1,0,2,1,102.31430499698035,111.16637400118634,227.0202479994623,105.02030300267506
17,1,0,0,0,0,0,1,72.09515100112185,102.28335300053004,187.99708200094756,93.44717400381342
21,0,0,0,2,0,2,1,103.39160700095817,119.60148900107015,242.9083690076368,99.0107719990192
28,8,0,0,1,0,2,1,54.411533987149596,77.47207699867431,148.24294899881352,83.60412099864334
3,1,0,0,0,0,0,1858,69.88550499954727,102.24093600118067,163.59867301071063,92.76149499055464
12,0,0,0,1,0,2,0,157.8612949961098,101.36077500646934,190.9722429991234,92.88576401013415
26,1,0,0,3,0,2,1,98.40375700150616,105.37808100343682,254.543310002191,98.40420000546146
28,1,0,0,3,0,2,1,106.28115700092167,120.55476200475823,260.31245199555997,101.85190199990757
13,0,0,0,1,0,2,168,95.17622200655751,132.3071369988611,212.29508599208202,117.67191899707541
22,1,0,0,2,0,2,1,76.53210499847773,110.62794001190923,218.6039759981213,103.43579399341252
3,3,0,0,0,0,0,5631,38.00779998709913,49.35066800680943,51.00442199909594,109.0428979950957
35,2,0,0,5,0,2,1,106.43498798890505,120.35744800232351,279.49187300691847,97.83184398838785
11,1,0,0,1,0,1,1,64.16230399918277,52.09345300681889,146.94454599521123,99.22776601160876
18,0,0,0,1,0,2,3,98.5792989959009,103.71940200275276,220.83104000193998,96.44519200082868
27,9,0,0,3,0,2,2,153.73436101072002,235.76803899777588,410.39916800218634,242.04683100106195
28,3,0,0,2,0,3,1,82.81919300497975,113.20485900796484,234.09874900244176,107.96985200431664
13,2,0,0,0,0,0,18,75.37069301179145,107.31224701157771,190.96240699582268,104.10976300772745
28,6,0,0,3,0,2,1,78.43223900999874,112.06006500287913,241.40868200629484,106.73856300127227
7,3,0,0,0,0,0,1639,45.99906300427392,66.90742100181524,106.3515819987515,82.83806499093771
23,7,0,0,1,0,2,1,78.68581100774463,111.01064199465327,218.40269399399403,106.01556900655851
21,3,0,0,3,0,2,1,100.06475099362433,115.3403780044755,243.65215099533089,100.38487499696203
30,1,0,0,5,0,3,1,103.99138600041624,121.98053199972492,274.06675199745223,95.68495300482027
14,1,0,0,0,0,0,10,78.13097200414632,111.75478401128203,197.06310899346136,105.52190100133885
5,0,0,0,0,0,0,1409,62.04273099137936,88.27561500947922,152.80044500832446,103.43130100227427
10,1,0,0,1,0,2,1017,46.93387199949939,61.18395099474583,105.76216199842747,61.13100200309418
27,1,0,0,3,0,2,2,96.27568899304606,112.17949099955149,259.97612399805803,105.71913499734364
22,0,0,0,3,0,3,1,102.27856400888413,117.52309199073352,252.56345300294925,110.3996870078845
8,3,0,0,0,0,0,1388,66.90328000695445,97.17621401068754,161.06292000040412,107.2400589910103
13,2,0,0,1,0,2,4,92.24243799690157,116.04289300157689,222.38237199780997,111.88438600220252
12,2,0,0,1,0,2,13,84.62336999946274,103.4546919981949,200.79490999341942,96.58764899359085
24,1,0,0,4,0,2,1,78.047921997495,104.19973199896049,234.0184709901223,95.29156300413888
18,7,0,0,1,0,2,0,35.45164599199779,46.132556002703495,95.0440449960297,43.660865994752385
3,2,0,0,0,0,0,0,98.59928500372916,147.41576899541542,234.369195997715,151.08049799164291
3,1,0,0,0,0,0,1111,72.34053300635424,103.22025000641588,166.97629500413314,96.21085299295373
1,0,0,0,0,0,0,4115,20.61489300103858,26.57996499328874,55.79554400173947,46.86612200748641
1,0,0,0,0,0,0,5690,38.55574398767203,50.59776200505439,107.95000899815932,89.25806899787858
16,2,0,0,1,0,2,2,97.60265500517562,108.70036401320249,225.43779700936284,103.0898610042641
23,1,0,0,1,0,2,1,98.0988060036907,101.77686299721245,232.47768299188465,96.0180519905407
36,1,0,0,1,0,2,1,97.8942859946983,110.36289000185207,250.86504001228604,103.47324699978344
3,3,0,0,0,0,0,5631,20.355142987682484,26.60673699574545,52.94666199188214,113.75411599874496
22,3,0,0,2,0,2,2,153.0743019975489,128.47949900606181,274.03140999376774,97.4309169978369
28,3,0,0,3,0,2,1,79.963673997554,112.79173100774642,239.64223999064416,107.06512299657334
10,0,0,0,1,0,2,18,72.96699000289664,99.57384099834599,184.21928599127568,89.79595800337847
25,9,0,0,1,0,2,1,137.01785499870311,199.6184219897259,353.5377719963435,206.61025801382493
10,1,0,0,1,0,2,840,44.893521000631154,60.53471101040486,135.35723400127608,75.1745619927533
26,1,0,0,3,0,2,0,74.08554501307663,105.28395399160217,232.51381500449497,95.63892500591464
4,2,0,0,0,0,0,2335,119.81320200720802,183.66173400136176,274.7206750063924,202.91060699673835
18,6,0,0,1,0,2,0,176.43564500031061,166.0965689952718,275.59492200089153,164.6775879926281
24,2,0,0,2,0,2,1,110.95228198973928,121.48342200089246,183.7768200057326,154.46599801362026
30,2,0,0,4,0,2,1,165.75289200409316,134.71146000665613,314.96020600025076,100.74288000760134
12,3,0,0,1,0,2,0,98.4537820040714,152.55088900448754,254.38468799984548,151.55698700982612
11,1,0,0,1,0,2,5,101.08773400133941,103.02679800952319,217.25989300466608,96.17729800811503
6,0,0,0,0,0,0,43,71.02563099761028,98.77044000313617,166.6525970067596,89.1820260003442
11,5,0,0,1,0,2,57,174.86297999857925,143.31401299568824,263.00157299556304,121.67443700309377
24,2,0,0,3,0,2,1,50.215961993671954,51.26316100358963,142.00717098719906,95.17494800093118
23,2,0,0,1,0,2,1,105.29162800230552,129.9304940039292,251.9373499962967,162.21131398924626
34,1,0,0,3,0,3,1,75.06520301103592,107.6248699973803,240.11699800030328,100.16327800985891
3,2,0,0,0,0,0,2988,117.44533000455704,176.59860500134528,277.2241689963266,196.07286600512452
19,2,0,0,2,0,2,3,60.24200399406254,79.79993199114688,150.3079020039877,83.83132999006193
10,6,0,0,1,0,2,28,181.527280001319,110.39288100437261,293.39282600267325,102.51079800946172
21,1,0,0,1,0,2,0,76.40930700290482,111.29085799620952,210.01071999489795,102.98122798849363
11,2,0,0,0,0,0,1,77.58665501023643,110.11173500446603,193.38444000459276,104.99025200260803
28,8,0,0,3,0,2,0,76.57826200011186,108.5128130071098,235.47544601024128,103.63115300424397
23,2,0,0,1,0,2,1,109.70119500416331,151.349809995736,284.88089999882504,156.01102700748015
16,6,0,0,1,0,2,3,53.93630999606103,56.56358499254566,118.40254899288993,52.62436698831152
3,2,0,0,0,0,0,914,108.18405701138545,166.43039700284135,260.5006340018008,197.37157700001262
16,4,0,0,1,0,2,3,104.21574900101405,110.31033299514093,219.57292799197603,52.34274599933997
11,4,0,0,1,0,2,0,179.95035399508197,105.52432799886446,289.5410799974343,98.16826699534431
17,5,0,0,0,0,0,1,127.95730200014077,196.04980500298552,320.54107599833515,205.6240940000862
25,4,0,0,1,0,2,0,39.448976996936835,52.55535600008443,175.28738699911628,99.91087400703691
21,2,0,0,3,0,2,1,97.86968899425119,106.5697710000677,232.80171099759173,93.53528000065126
21,4,0,0,1,0,2,1,74.77354600268882,102.33208299905527,203.07556899206247,96.95545199792832
9,2,0,0,2,0,1,8,118.73599801037926,109.89363100088667,188.0791020084871,93.31309600383975
30,4,0,0,2,0,2,1,63.97115800064057,94.58123499643989,176.9323960033944,100.42222999618389
16,6,0,0,2,0,2,4,192.6239460008219,185.51321599807125,324.3864089890849,161.80486600205768
25,6,0,0,1,0,2,1,82.38013299705926,114.95264001132455,224.39321099955123,108.42867199971806
22,8,0,0,1,0,2,1,172.84942499827594,261.5652560052695,423.004233991378,255.2873350068694
8,4,0,0,1,0,2,319,188.66232800064608,270.74414800154045,316.3347260124283,261.3560000027064
26,4,0,0,3,0,2,1,98.99711998878047,119.77955499605741,258.47148899629246,103.82808500435203
22,4,0,0,3,0,2,21,99.98090499721002,118.70531800377648,252.93985899770632,107.25538099359255
28,2,0,0,2,0,2,0,79.53703500970732,111.63514999498148,234.75244399742223,105.27261400420684
20,8,0,0,2,0,2,0,98.47228300350253,146.91124499950092,267.5261730037164,151.21386000828352
42,1,0,0,5,0,2,1,96.87642900098581,109.37123399344273,283.73141901101917,76.52247599617112
9,3,0,0,1,0,2,143,168.67602099955548,249.1735039948253,355.69544999452773,252.04233700060286
2,2,0,0,0,0,0,5771,27.462814992759377,35.31995299272239,88.22745799261611,173.6071180057479
10,3,0,0,1,0,2,93,91.33260798989795,121.17759601096623,193.4646449954016,210.48892399994656
4,2,0,0,0,0,0,2338,85.4204689967446,127.75095400866121,199.9844439997105,200.68928600812797
16,5,0,0,1,0,2,1,37.79812100401614,50.78897799830884,97.8370700031519,48.57805899519008
27,3,0,0,2,0,2,1,96.84687999833841,112.01556598825846,246.2038920057239,102.52901399508119
24,2,0,0,1,0,2,1,77.06799599691294,107.45393999968655,214.31230299640447,100.67937900021207
22,2,0,0,0,0,0,0,78.54036199569236,112.63668499304913,178.1171940092463,55.570014999830164
14,3,0,0,2,0,2,0,105.47727798984852,156.3637840008596,278.6019689956447,162.94947800633963
2,1,0,0,0,0,0,4383,33.843703000457026,38.42096000153106,81.57709200168028,96.22312600549776
24,2,0,0,1,0,2,1,104.56753600738011,110.3788119944511,241.42597599711735,103.84775100101251
26,5,0,0,3,0,2,2,105.19916500197724,124.39059099415317,262.86369799345266,105.42461299337447
15,4,0,0,1,0,2,1,42.017622996354476,56.46013098885305,108.13506500562653,58.345165991340764
25,9,0,0,1,0,2,1,83.99874799943063,114.3015230045421,227.3540559981484,107.95678199792746
20,3,0,0,2,0,2,0,75.03477598947939,105.91269200085662,206.83664600073826,97.83498299657367
17,2,0,0,1,0,2,7,99.21364400361199,102.68276599526871,225.31551201245748,98.81075799057726
22,9,0,0,1,0,2,1,81.42761199269444,112.41914000129327,216.00746299372986,106.0433130041929
17,1,0,0,1,0,2,1,75.02594399556983,105.01003100944217,198.57853099529166,95.36358799959999
8,2,0,0,1,0,2,154,83.18429900100455,114.66413301241118,191.98286000755616,102.8164399904199
11,1,0,0,1,0,2,1,76.18000700313132,102.94648198760115,194.124671004829,94.3694460002007
18,5,0,0,1,0,2,1,72.5520030100597,105.64494600112084,199.52782600012142,95.38620800594799
12,1,0,0,0,0,0,1,39.563262995216064,53.96482200012542,155.78795000328682,102.97301200625952
29,1,0,0,3,0,2,1,98.72071599238552,108.02368298755027,257.6036730024498,95.9855770051945
22,6,0,0,1,0,2,1,75.85848298913334,105.27307700249366,211.4982460043393,99.44935099338181
7,6,0,0,0,0,0,2359,71.0143760079518,102.64598799403757,160.67370600649156,124.5758020086214
6,1,0,0,0,0,0,482,72.29262500186451,104.04924501199275,170.83804799767677,99.98464699310716
25,1,0,0,2,0,2,1,78.48447399737779,81.04472199920565,117.25681700045243,53.20443799428176
42,3,0,0,7,0,3,1,65.60991899459623,83.05010599724483,217.38508901034947,160.19568000047002
29,1,0,0,3,0,2,1,104.3750130047556,119.58648200379685,261.39651199628133,96.50333999888971
3,1,0,0,0,0,0,1866,100.5116369924508,148.74822400452103,232.65726599493064,152.96936899540015
14,2,0,0,2,0,2,36,89.13381700403988,111.03706499852706,219.03937601018697,105.62431599828415
12,4,0,0,1,0,2,1,104.45122300006915,155.71583600831218,270.0098450004589,159.38485100923572
15,1,0,0,0,0,0,1,75.46513399574906,105.75299900665414,188.09661400155164,101.61986599268857
29,4,0,0,3,0,2,1,45.50439599552192,56.55230800039135,121.86981798731722,54.21057499188464
12,0,0,0,1,0,2,21,85.7056660024682,103.84316700219642,203.01487599499524,93.7008059991058
16,0,0,0,2,0,2,35,163.84383400145452,140.37734999146778,280.62729600060266,123.14867299573962
42,3,0,0,7,0,3,0,126.88400399929378,166.45414699451067,358.6307380028302,162.06145100295544
21,7,0,0,1,0,2,1,79.95254300476518,114.0322060091421,218.01968599902466,106.92498600110412
23,0,0,0,0,0,0,0,73.28502599557396,105.79758200037759,197.99111800966784,98.73376799805555
2,2,0,0,0,0,0,5771,27.13990700431168,35.614827007520944,88.41368400317151,174.2023760016309
22,6,0,0,1,0,2,1,51.633446011692286,73.15998099511489,140.17772499937564,78.21602099284064
29,4,0,0,3,0,2,1,85.71133999794256,114.30436400405597,238.88703400734812,105.89142100070603
24,10,0,0,3,0,2,19,114.29669999051839,128.43159399926662,262.0427619986003,105.62860500067472
2,1,0,0,0,0,0,2988,79.61768300447147,118.44435799866915,194.25072899321094,153.05867399729323
9,1,0,0,1,0,2,183,177.14036100369412,162.40283199294936,319.4614009989891,168.01047399349045
22,2,0,0,2,0,2,1,39.4722179917153,49.940131008042954,109.88816199824214,47.904613995342515
7,5,0,0,0,0,0,153,77.94328199815936,112.35841500456445,186.1246519983979,100.38594300567638
17,4,0,0,0,0,0,1,76.65894499223214,108.58176200417802,196.70937200135086,104.412629007129
10,0,0,0,0,0,0,14,79.34679399477318,114.94640599994455,163.15354700782336,54.73666200123262
22,1,0,0,2,0,2,1,99.36307401221711,106.32658899703529,240.13578600715846,98.83747600542847
22,1,0,0,2,0,2,1,81.03105799818877,109.1358109988505,218.47880000132136,99.26497600099538
24,1,0,0,2,0,2,1,190.93557399173733,181.27656700380612,362.9375699965749,162.40232200652827
3,3,0,0,0,0,0,5631,20.00007800234016,26.593787988531403,51.83705099625513,138.99351499276236
16,2,0,0,0,0,0,5,104.885186010506,156.22168300615158,266.6211620089598,162.43917201063596
32,1,0,0,2,0,4,1,85.37635000539012,114.3898499867646,244.53688100038562,107.81166999367997
25,2,0,0,3,0,2,2,133.58287699520588,170.407024997985,334.4474170007743,164.36738899210468
16,3,0,0,1,0,2,2,121.68683799973223,148.0835630063666,148.10842199949548,80.34924000094179
6,1,0,0,1,0,2,1790,111.45611399842892,121.51174900645856,228.77326699381229,133.14480900589842
28,2,0,0,3,0,2,1,100.03434900136199,120.41635399509687,264.0754080057377,104.69897699658759
3,2,0,0,0,0,0,3212,67.90174198977184,98.4137930063298,165.37652601255104,197.72842300881166
20,3,0,0,2,0,2,1,81.96777000557631,106.66592100460548,224.55831900879275,99.66235300817061
29,2,0,0,4,0,3,1,184.1754290071549,164.30172500258777,377.20936800178606,167.6369790075114
32,1,0,0,2,0,2,1,96.50258198962547,109.71915299887769,253.39021800027695,102.37270199286286
4,2,0,0,0,0,0,488,70.99384999310132,100.3348759986693,166.0511739901267,91.98350099904928
32,3,0,0,1,0,2,1,97.12798199325334,86.22714200464543,126.56239900388755,49.49792500701733
16,1,0,0,2,0,2,2,40.00871400057804,50.97491201013327,190.62744999246206,94.80159399390686
26,1,0,0,4,0,2,1,77.28608300385531,107.80577299010474,236.12541699549183,100.1421209948603
17,0,0,0,3,0,2,2,80.9083660133183,105.89736899419222,213.60288599680644,96.05622100934852
22,6,0,0,1,0,2,1,75.87325299391523,104.39568599394988,211.16753200476523,97.17037199879996
2,2,0,0,0,0,0,5771,27.319971995893866,35.85499498876743,89.16005901119206,172.4681089981459
11,1,0,0,0,0,0,1,39.145205009845085,55.13299099402502,95.76399899378885,52.57070099469274
1,1,0,0,0,0,0,5937,16.442168009234592,19.4398900057422,72.54844599810895,113.74645300384145
13,2,0,0,0,0,0,20,75.26469499862287,106.79506001179107,191.80802600749303,102.82403099699877
13,2,0,0,0,0,0,11,40.03154099336825,53.97296899172943,98.10385000309907,53.261876993929036
29,1,0,0,2,0,2,1,103.30498000257649,116.58342699229252,246.15757999708876,97.86130800785031
22,4,0,0,0,0,0,1,77.12729899503756,110.8001399989007,207.88267499301583,104.82415799924638
7,0,0,0,0,0,0,0,68.4134479961358,94.99413600133266,163.03848700772505,85.20216499164235
14,3,0,0,1,0,2,1,105.37219699472189,156.17283699975815,264.7217549965717,156.81380100431852
25,6,0,0,1,0,2,1,82.48892999836244,112.83716899924912,226.84703300183173,107.28927199670579
15,4,0,0,1,0,2,1,173.27664299227763,157.64208399923518,323.7594140082365,163.05807100434322
22,0,0,0,3,0,2,1,74.04066099843476,104.16891300701536,212.07651600707322,95.30377300688997
14,4,0,0,1,0,2,0,50.21914700046182,71.1421499872813,132.3426580056548,74.74300099420361
13,2,0,0,2,0,2,15,191.18276600784156,161.72844800166786,317.6891940092901,155.88594099972397
12,1,0,0,0,0,0,1,77.14543199108448,111.15782099659555,193.13672400312498,104.37267398810945
20,4,0,0,1,0,2,2,181.60082399845123,160.92642600415275,342.0075299945893,163.16795500461012
4,1,0,0,0,0,0,123,50.238394003827125,73.48008299595676,120.10597399785183,77.97379499243107
13,1,0,0,2,0,2,11,83.67183500376996,103.54307999659795,202.53432399476878,93.57892400294077
30,2,0,0,3,0,2,1,100.70123300829437,116.3634349941276,255.01556298695505,97.18422799778637
17,7,0,0,1,0,2,41,77.11642500362359,110.7919889909681,207.85239299584646,106.733232998522
6,3,0,0,0,0,0,191,77.67977198818699,112.30458700447343,182.50532601086888,102.56309600663371
21,2,0,0,3,0,2,62,105.65746999054682,121.68571499933023,253.6038430116605,108.7064289895352
21,7,0,0,1,0,2,1,121.59865099238232,165.23016699647997,298.6417359934421,171.51350100175478
19,4,0,0,2,0,2,8,123.03333100862801,163.78909299965017,300.0493770086905,160.59857000072952
24,3,0,0,3,0,2,1,99.62907100270968,119.82515199633781,253.53863601048943,103.48031300236471
25,7,0,0,1,0,2,0,68.16999800503254,94.76126098888926,197.70323400734924,85.01691698620562
23,1,0,0,1,0,2,1,63.2323890022235,77.0267369953217,167.7095979976002,159.45402899524197
21,5,0,0,1,0,2,1,79.19528099591844,56.06714400346391,111.92347000178415,55.800711998017505
24,2,0,0,3,0,2,1,76.14339899737388,103.35098000359721,224.5194739953149,94.10981800465379
6,1,0,0,0,0,0,33,75.00454600085504,104.74698100006208,176.21502999099903,97.9171770013636
32,3,0,0,2,0,2,1,98.27958699315786,108.49314100050833,248.8531389972195,97.89263899438083
8,4,0,0,1,0,2,138,176.01324499992188,238.2096729998011,281.7015479959082,188.5055909951916
3,0,0,0,0,0,0,3566,55.50758900062647,74.7091899975203,132.6074639946455,105.9166540071601
1,0,0,0,0,0,0,5937,17.392351001035422,20.362367999041453,74.6361499914201,90.13589601090644
26,3,0,0,3,0,2,1,52.86811898986343,60.028217994840816,131.42593299562577,52.49442999775056
9,1,0,0,1,0,2,1112,114.8548969940748,168.53054199600592,264.98204898962285,187.85874100285582
1,0,0,0,0,0,0,5937,17.492386992671527,20.313452012487687,74.84222299535759,89.8196630005259
12,2,0,0,1,0,2,11,152.6825769979041,159.4262980070198,253.19990899879485,139.55275500484277
14,0,0,0,0,0,0,1,69.7765960067045,97.71807899232954,176.6261219891021,90.43222600303125
19,3,0,0,1,0,2,1,112.40090100909583,161.29590099444613,283.94790200400166,163.09406199434306
25,1,0,0,2,0,2,1,99.81177300505806,104.28988900093827,243.9683299890021,97.33414700895082
15,3,0,0,1,0,2,7,94.37261000857688,109.97453199524898,224.83391099376604,103.86220899818
14,2,0,0,1,0,2,1,74.97844600584358,104.20507400704082,195.7591090031201,95.43454500089865
14,1,0,0,0,0,0,10,78.83268700970802,80.33195800089743,113.0797179939691,106.53361299773678
3,2,0,0,0,0,0,1915,66.12910299736541,67.65535500016995,78.10214399069082,47.145514996373095
2,0,0,0,0,0,0,1868,69.94370699976571,99.13835499901325,159.98714498709887,91.62031499727163
28,1,0,0,3,0,2,1,41.24580499774311,55.58318900875747,225.9584779967554,106.10381799051538
2,2,0,0,0,0,0,5771,14.47242200083565,17.873069999041036,45.648251005331986,86.09276299830526
22,3,0,0,0,0,0,1,77.07247600774281,111.97651700058486,207.35723699908704,105.87313798896503
23,1,0,0,2,0,2,2,104.48148800060153,118.62104901229031,249.83684200560674,97.70777000812814
22,1,0,0,2,0,2,1,99.85553599835839,105.57561300811358,237.02482599765062,98.63193200726528
8,0,0,0,0,0,0,2,75.25705199805088,105.72138600400649,180.27746499865316,100.03623100055847
5,1,0,0,0,0,0,441,35.34044499974698,49.1588309960207,85.89102800760884,47.39404798601754
12,4,0,0,0,0,0,213,77.3863509966759,111.40882599283941,192.16299000254367,106.15407000295818
23,6,0,0,3,0,2,13,133.14346500555985,166.99766500096302,325.94006799627095,159.76723899075296
14,0,0,0,1,0,1,1,84.11990800232161,106.86695299227722,202.71216199034825,100.55685800034553
17,1,0,0,0,0,0,1,78.01562499662396,112.32339299749583,200.0761329982197,107.40104800788686
5,4,0,0,0,0,0,0,97.0624870096799,147.6557340065483,236.48358600621577,150.14757600147277
15,1,0,0,0,0,0,1,38.982889003818855,54.61346400261391,98.5262199974386,52.61890499969013
25,1,0,0,4,0,2,1,100.37191900482867,122.32551998749841,265.6364019931061,104.01495199766941
11,2,0,0,1,0,2,278,97.52820499124937,135.18057299370412,213.02327199373394,118.63421399903018
35,1,0,0,6,0,3,1,85.23965300992131,115.56521699822042,272.0648859976791,82.16739099589176
21,1,0,0,1,0,2,1,92.95063499303069,110.81887200998608,230.23114301031455,102.11094599799253
21,1,0,0,1,0,2,1,70.83904600585811,102.8228740033228,202.35302300716285,95.24150200013537
22,2,0,0,1,0,2,1,49.696858011884615,53.21952600206714,190.73632000072394,97.12045099877287
18,4,0,0,0,0,0,1,106.49415399529971,159.38004400231875,268.51350399374496,163.7855659937486
19,4,0,0,2,0,4,1,84.0365679905517,116.93513998761773,226.41350500634871,107.16250899713486
17,1,0,0,1,0,1,2,81.88185600738507,112.90507599187549,204.3197360035265,104.83680899778847
28,1,0,0,1,0,2,1,39.708319993223995,51.59140199248213,110.29529600637034,92.87648099416401
22,2,0,0,3,0,2,1,100.89478100417182,116.43129300500732,245.2161800028989,95.77706600248348
19,3,0,0,1,0,2,1,111.42204799398314,160.3891489939997,282.86539801047184,164.49566000665072
27,1,0,0,2,0,2,1,101.66882400517352,104.997660004301,242.4968120030826,96.32186400995124
22,3,0,0,0,0,0,1,75.71286099846475,106.20277300768066,199.99580200237688,100.52322500268929
23,1,0,0,1,0,2,1,68.8816509937169,54.94282700237818,109.75635099748615,53.692543995566666
29,1,0,0,3,0,2,1,48.267266000038944,93.09162899444345,246.39683600980788,93.61201799765695
22,4,0,0,2,0,2,2,77.10811001015827,109.27059699315578,214.67077199486084,99.37367799284402
24,3,0,0,2,0,2,2,76.5284600056475,107.93603700585663,221.05152999574784,99.71431099984329
25,4,0,0,2,0,2,1,78.78834698931314,107.59103199234232,222.49911499966402,98.5940259997733
20,1,0,0,2,0,2,1,75.81670999934431,105.82133699790575,211.82901099382434,101.14374899421819
25,1,0,0,1,0,2,1,93.58057899225969,109.49550601071678,221.6001119959401,75.85742000082973
18,6,0,0,1,0,2,1,125.59037099708803,194.9426460050745,328.03170700208284,203.82344399695285
20,7,0,0,2,0,2,0,106.82054900098592,160.00722300668713,286.1735460028285,115.76364800566807
23,1,0,0,2,0,2,1,110.00260399305262,164.0119359944947,350.2161369979149,162.04692800238263
21,2,0,0,2,0,2,4,66.50687799265143,80.6503089988837,243.50559900631197,160.49476200714707
11,5,0,0,1,0,2,5,181.95496300177183,272.53730499069206,401.36075600457843,274.1381609957898
42,7,0,0,5,0,2,1,76.6128779941937,106.74186999676749,256.41834099951666,100.62603499682155
11,1,0,0,0,0,0,3,78.31437599088531,110.99933501100168,192.04427499789745,104.18704399489798
28,9,0,0,3,0,2,1,40.57542399095837,55.43635100184474,122.26793600711972,64.56238000828307
7,7,0,0,0,0,0,3735,100.65272300562356,89.70802898693364,163.26642099011224,287.90634499455336
17,1,0,0,1,0,2,35,75.95916499849409,109.28130999673158,204.91086899710353,55.04228299832903
29,5,0,0,2,0,2,2,79.56317299976945,112.53891300293617,232.40324899961706,108.28654500073753
3,0,0,0,0,0,0,2679,51.27070800517686,71.97831200028304,130.56782200874295,99.38133900868706
25,1,0,0,3,0,2,1,98.6080779985059,106.01556800247636,242.62895100400783,94.28378799930215
10,2,0,0,1,0,2,1118,95.09997999703046,131.59682998957578,208.40113300073426,130.05770900053903
31,1,0,0,3,0,2,1,50.4729530075565,52.86982700636145,128.09480899886694,51.53561499901116
11,5,0,0,1,0,2,0,179.14808199566323,180.37342900061049,192.2078500065254,131.64385300478898
21,2,0,0,1,0,2,1,72.91187999362592,102.1811070095282,204.35550599358976,95.80218901101034
27,1,0,0,1,0,1,1,77.67888100352138,111.62591600441374,215.852018998703,103.11719099991024
14,0,0,0,1,0,2,86,80.30051901005208,108.83686099259648,205.74919099453837,100.72135900554713
13,1,0,0,0,0,0,2,41.186927002854645,52.48722099349834,95.36791799473576,50.95647199777886
21,0,0,0,3,0,2,5,174.18434499995783,108.22521899535786,267.23471900913864,98.7461449985858
29,1,0,0,0,0,0,1,76.94931200239807,108.92285099544097,208.26838799985126,101.51765101181809
2,0,0,0,0,0,0,754,65.38764300057665,95.29107699927408,156.58460299891885,92.89465101028327
2,1,0,0,0,0,0,3966,47.920022989274,68.29190900316462,130.5003610032145,153.23903399985284
19,2,0,0,3,0,2,39,104.50051400403026,119.45845899754204,247.41444099345244,100.88797799835447
11,0,0,0,1,0,2,54,39.0702379954746,49.88090899132658,97.87267498904839,47.62579099042341
18,3,0,0,1,0,2,1,79.62900400161743,103.95354600041173,206.9461220089579,97.8322620067047
35,1,0,0,5,0,2,1,98.12317900650669,119.0194600058021,274.13580399297643,103.67394299828447
3,3,0,0,0,0,0,5631,38.18676099763252,51.53556998993736,98.61104100127704,216.36916900752112
24,10,0,0,3,0,2,41,112.15476600045804,126.2022720038658,260.9434250043705,108.14119099813979
15,2,0,0,0,0,0,1,73.44367699988652,103.5332110041054,186.42015400109813,95.97043000394478
12,2,0,0,1,0,2,34,121.33223599812482,180.43216300429776,289.1624649928417,180.90839800424874
21,6,0,0,1,0,2,1,80.54841500415932,114.08433900214732,220.23976099444553,120.50912599079311
15,0,0,0,1,0,2,13,64.57899999804795,104.9989980092505,240.9387660009088,97.46135499153752
11,4,0,0,1,0,2,719,176.05314700631425,112.96543400385417,261.87929400475696,207.20635799807496
25,2,0,0,2,0,2,1,103.70680200867355,134.16701000824105,249.33306100137997,96.40023799147457
5,0,0,0,0,0,0,1409,63.46835399745032,91.26271099376027,154.01126300275791,103.4949110035086
13,3,0,0,1,0,2,56,169.68449200794566,252.09227000596002,377.01664300402626,235.2108170016436
24,6,0,0,3,0,2,0,146.12477799528278,193.41990200337023,375.6653269956587,201.6956350125838
18,2,0,0,1,0,2,8,102.06475701124873,108.8701469998341,227.46794199338183,104.02358100691345
19,2,0,0,3,0,2,1,100.73891800129786,109.20787800569087,254.89577300322708,114.43029499787372
30,1,0,0,4,0,3,1,146.75326299038716,173.6298260075273,329.20079499308486,178.23094900813885
24,3,0,0,3,0,2,3,107.50512000231538,125.60565599414986,268.1862320023356,123.27766399539541
22,3,0,0,2,0,3,1,82.9867370048305,111.1580370052252,244.1033100039931,119.03113500738982
20,4,0,0,2,0,2,0,73.67712100676727,130.13090699678287,230.23862899572123,115.84349500481039
12,2,0,0,1,0,2,4,175.73938000714406,195.98329400469083,361.7460480018053,225.5371009960072
23,4,0,0,1,0,2,1,80.68231200741138,120.5874449951807,244.11520900321193,162.132177996682
22,1,0,0,3,0,2,2,87.6638570043724,123.24174300010782,252.0258919976186,106.79662600159645
8,5,0,0,0,0,0,0,180.1076449919492,280.47083600540645,455.98027200321667,306.4422009920236
26,1,0,0,3,0,2,1,107.08246899594087,116.99286599468905,236.5795569930924,108.34581099334173
14,5,0,0,1,0,2,0,133.32820798677858,231.001923995791,375.4901309876004,197.00125700910576
16,1,0,0,1,0,2,4,170.45884700200986,106.16490300162695,260.1459099969361,100.51068499160465
24,2,0,0,2,0,2,1,95.52268400148023,114.48835000919644,226.17901099147275,106.57047900895122
30,1,0,0,4,0,2,1,207.49128800525796,170.97757100418676,384.69668000470847,165.36769599770196
16,5,0,0,3,0,2,2,148.03826100251172,115.19385199062526,237.30667699419428,102.58535899629351
25,1,0,0,1,0,2,1,102.60992500116117,110.7956589985406,276.87476998835336,104.40049100725446
29,2,0,0,2,0,2,1,94.91957300633658,124.26588199741673,253.0209870019462,105.72009099996649
17,3,0,0,2,0,2,2,117.08569999609608,182.29128798702732,291.88773898931686,164.29462599626277
18,4,0,0,1,0,2,1,71.95919800142292,102.6513559918385,201.74897499964572,97.25302500010002
22,2,0,0,2,0,2,1,73.09862801048439,104.42034099833108,218.88426000077743,97.74649000610225
10,3,0,0,0,0,0,0,78.29534998745658,112.73118200188037,193.65868699969724,109.35585500556044
12,5,0,0,2,0,2,68,159.87044000939932,175.48032000195235,306.4174350001849,169.27689099975396
22,4,0,0,1,0,2,1,76.71459000266623,107.11984599765856,215.62727600394282,99.89753400441259
10,3,0,0,1,0,2,93,205.04586599417962,221.249460009858,366.2722970038885,197.84674901166
19,2,0,0,3,0,2,39,104.74278900073841,124.12063300143927,250.69032500323374,101.86299899942242
17,1,0,0,0,0,0,1,79.0129779925337,112.72451200056821,203.9944900025148,106.35266899771523
3,1,0,0,0,0,0,3594,44.97834799985867,60.592494992306456,117.10166400007438,100.98493999976199
16,0,0,0,2,0,2,1,98.49868499441072,104.53897800471168,242.71749699255452,69.65188999311067
11,4,0,0,0,0,0,1,72.91855801304337,105.94103499897756,204.0240069909487,93.04263899684884
17,0,0,0,2,0,2,1,78.58287400449626,102.02960700553376,212.42875499592628,89.06530200329144
27,1,0,0,0,0,0,1,80.24301899422426,126.22269800340291,227.90011898905504,108.41347099631093
9,3,0,0,1,0,2,0,253.19693599885795,224.9449039954925,191.2294720095815,138.64502801152412
3,3,0,0,0,0,0,5631,38.296694998280145,53.79811499733478,102.15761400468182,215.7879669975955
17,1,0,0,0,0,0,1,98.5768639948219,111.88870201294776,206.07380499131978,109.09844101115596
25,1,0,0,2,0,2,2,95.47569400456268,112.46714199660346,250.2164359902963,103.35109499283135
3,2,0,0,1,0,1,1761,127.42521399923135,171.11831600777805,214.08287300437223,160.78003498842008
27,3,0,0,2,0,2,1,192.43950900272466,185.87129899242427,374.71503000415396,160.2485799958231
21,1,0,0,1,0,2,1,76.2828450097004,106.29564500413835,205.18899499438703,94.89648599992506
1,0,0,0,0,0,0,3585,63.100640996708535,90.94475099118426,148.98503600852564,91.1523910035612
12,1,0,0,0,0,0,2,74.81488000485115,109.44964000373147,173.18483399867546,88.00343300390523
12,2,0,0,1,0,2,17,75.13730900245719,105.5487129924586,193.8403149979422,96.25035899807699
1,1,0,0,0,0,0,5937,14.524853992043063,17.130193999037147,64.95346300653182,102.9643440124346
21,2,0,0,1,0,2,0,77.6200390100712,111.51814401091542,213.3791179949185,104.52006899868138
22,1,0,0,3,0,2,1,83.75027899455745,111.02030100300908,238.55956899933517,100.7053989887936
24,3,0,0,4,0,2,2,187.01198400231078,186.8996590055758,380.6500579958083,166.15126399847213
28,1,0,0,1,0,2,1,76.22850999177899,108.65848099638242,219.83536699553952,101.94332200626377
17,2,0,0,2,0,2,150,135.20930700178724,169.42775600182358,313.600920009776,167.49056600383483
8,0,0,0,1,0,2,148,100.8912699908251,137.09894999919925,210.54771899071056,114.20770300901495
24,8,0,0,3,0,2,18,100.02732901193667,122.09136199089698,259.99155300087295,106.21451000042725
27,0,0,0,3,0,2,0,74.76803100144025,106.52226400270592,227.85347999888472,99.12576799979433
11,1,0,0,1,0,2,0,122.35533699276857,179.61226300394628,280.50572000211105,168.39436399459373
37,4,0,0,4,0,2,0,94.78857599606272,115.98797200713307,264.44460700440686,103.6078219913179
17,1,0,0,1,0,2,1,102.80956099450123,105.89457000605762,231.34537000441924,98.96434900292661
28,9,0,0,3,0,2,2,151.92955599923152,234.3004669965012,404.7468070057221,236.36981900199316
16,0,0,0,2,0,1,1,72.20513399806805,103.02317900641356,197.1065770048881,95.01777299738023
13,4,0,0,1,0,2,126,148.0893260013545,196.68729200202506,343.8845000055153,208.55188599671237
38,2,0,0,5,0,3,1,97.43715600052383,112.83036699751392,290.53067200584337,107.39362800086383
11,6,0,0,1,0,2,50,183.13825900258962,117.05240099399816,300.23656600678805,111.50149899185635
14,2,0,0,2,0,2,36,90.67694000259507,114.47573800978716,221.17075399728492,106.21636500582099
26,2,0,0,3,0,2,0,68.85655299993232,95.88923399860505,212.49706399976276,89.19312099169474
3,1,0,0,0,0,0,1858,70.8189470024081,102.00102099042851,164.50569999869913,94.70839401183184
20,1,0,0,3,0,2,1,97.77855199354235,108.37476899905596,230.18697400402743,95.99030399112962
32,1,0,0,5,0,4,0,77.91432499652728,107.96164600469638,253.43003300076816,99.46662999573164
13,0,0,0,1,0,2,1,72.29435800400097,103.42861300159711,189.97183900501113,95.54971499892417
24,7,0,0,3,0,2,0,194.13622700085398,222.24218299379572,415.84148099354934,232.14486899087206
18,3,0,0,0,0,0,1,105.28723799507134,161.66004800470546,267.42146200558636,161.0409620043356
7,3,0,0,0,0,0,0,68.10010300250724,97.9778260079911,166.7908789968351,88.25440199871082
22,2,0,0,2,0,2,2,98.28472499793861,114.28881800384261,239.73389698949177,106.09889999614097
32,1,0,0,4,0,3,2,76.41783398867119,112.24979699181858,246.42106299870647,101.09806800028309
14,7,0,0,1,0,2,66,76.8635760032339,107.22000799432863,199.69111699901987,102.89005999220535
5,2,0,0,1,0,1,0,118.3320980053395,109.55882399866823,209.0214859927073,100.28539500490297
20,2,0,0,2,0,2,0,73.47374600067269,106.28989900578745,213.1835429900093,95.54997899977025
22,9,0,0,1,0,2,1,140.00324100197759,203.19595700129867,356.3129780086456,213.14756899664644
23,1,0,0,3,0,2,1,78.2214109931374,104.76935699989554,218.66923199559096,94.29000400996301
34,1,0,0,3,0,2,1,96.8174149893457,112.69903799984604,278.1800169905182,103.76974300015718
2,0,0,0,0,0,0,3629,40.05960600625258,56.177359001594596,111.14903599082027,94.57874699728563
30,1,0,0,2,0,3,1,74.46468999842182,107.6217850059038,228.06681800284423,100.54814799514133
18,0,0,0,2,0,2,0,101.03112399519887,102.99124498851597,230.65519100055099,92.93545800028369
27,5,0,0,2,0,1,1,72.25094299064949,105.30214199388865,211.54175899573602,96.01125300105195
21,2,0,0,2,0,2,1,133.17980800638907,211.39435199438594,358.01879900100175,213.98925500398036
19,2,0,0,1,0,2,2,105.28147099830676,154.32496399444062,275.5484319932293,158.5848320100922
18,0,0,0,1,0,2,4,98.82166500028688,106.98406299343333,226.07382301066536,96.1667459923774
3,0,0,0,0,0,0,903,66.5583149966551,93.98480001254939,158.22520799702033,97.30138500162866
27,2,0,0,4,0,2,1,100.23710099630989,121.1648369935574,262.814410001738,104.14030599349644
27,2,0,0,1,0,1,1,78.27898999676108,110.48985099478159,216.87273000134155,105.3075380041264
19,3,0,0,2,0,2,2,112.67963700811379,153.12313799222466,286.4212169952225,154.46748401154764
30,4,0,0,3,0,2,0,78.55120500607882,110.93768899445422,238.32050600321963,97.794557994348
11,0,0,0,1,0,2,54,91.41074000217486,112.08689500926994,211.06143199722283,107.27870000118855
41,2,0,0,6,0,4,1,105.16045200347435,119.42988300870638,300.96680398855824,98.31333500915207
24,5,0,0,1,0,2,1,84.68352899944875,114.84671400103252,227.94784199504647,108.70405699824914
5,2,0,0,0,0,0,401,102.02000300341751,150.91404899430927,240.59800800750963,158.13411999261007
12,3,0,0,0,0,0,1,101.84577299514785,151.78372399532236,255.89648500317708,156.7990000039572
38,2,0,0,5,0,3,1,97.50706500199158,113.51079799351282,287.07138101162855,105.93215801054612
4,0,0,0,0,0,0,9,72.10529199801385,103.37012600211892,170.59347999747843,93.10976999404375
22,1,0,0,0,0,0,1,78.99648600141518,110.60076499416027,204.10462499421556,105.01867700077128
25,5,0,0,1,0,2,1,85.0279479927849,113.97926400240976,226.7930800007889,108.32113199285232
16,3,0,0,0,0,0,5,106.144133998896,160.11384199373424,267.87508600682486,164.29364700161386
23,0,0,0,2,0,2,2,79.30315399426036,111.2844660092378,244.50031599553768,132.3283289966639
19,0,0,0,2,0,2,54,101.2126290006563,108.93428399867844,241.26248600077815,101.82811399863567
23,0,0,0,3,0,2,2,103.6811070080148,120.36202900344506,252.9484889964806,97.75128100591246
1,0,0,0,0,0,0,2995,66.91617300384678,94.92769600183237,157.23697199427988,88.95425600348972
15,5,0,0,2,0,1,2,156.86322399415076,238.80003399972338,385.5402980116196,243.97957399196457
16,1,0,0,1,0,2,1,76.84927000082098,101.78159999486525,203.7982479960192,95.90936900349334
11,3,0,0,0,0,0,1,78.49727000575513,114.5090610079933,196.7914460110478,107.13398898951709
20,2,0,0,1,0,1,0,83.47369100374635,112.4578710005153,210.71188899804838,107.17524800566025
4,3,0,0,0,0,0,2699,75.5508650036063,116.49317099363543,186.42010699841194,139.03899700380862
7,5,0,0,0,0,0,291,126.28372199833393,197.14318399201147,302.31738700240385,199.76704299915582
26,1,0,0,2,0,2,1,99.9136189930141,104.94992500753142,239.5325460092863,97.868508004467
20,3,0,0,1,0,2,2,97.08735899766907,111.83502800122369,232.16686699015554,105.13580200495198
25,4,0,0,1,0,2,1,83.37937798933126,113.53962200519163,226.2339539884124,106.93481999624055
20,4,0,0,3,0,2,0,105.3937609976856,152.886365991435,289.32207899924833,157.73070600698702
21,7,0,0,2,0,2,19,149.60224700917024,233.68325699993875,384.4217620062409,239.93624199647456
15,0,0,0,1,0,2,4,74.95290599763393,107.30649100150913,198.59531499969307,99.90640300384257
11,1,0,0,1,0,2,20,95.81242200511042,104.41399199771695,214.42708000540733,97.44390400010161
36,1,0,0,3,0,3,1,96.70322301099077,110.65422800311353,265.3891500085592,104.15217900299467
28,5,0,0,3,0,2,1,79.21321399044245,113.07365699030925,238.95052800071426,105.39490298833698
4,0,0,0,0,0,0,487,66.36776700906921,94.59592899656855,156.9293899956392,87.95759599888697
4,1,0,0,0,0,0,755,73.62843300506938,103.48274100397248,172.5696479988983,98.02701300941408
10,1,0,0,1,0,2,88,86.620424001012,117.0759400120005,177.36426999908872,100.79394500644412
23,1,0,0,1,0,2,1,78.39639799203724,102.50263300258666,213.14887500193436,95.34816999803297
14,0,0,0,2,0,2,0,75.8699589932803,106.14153600181453,200.86759699916,97.05889099859633
22,1,0,0,1,0,2,1,96.73687499889638,104.76659100095276,229.02610199525952,97.50877101032529
2,0,0,0,0,0,0,239,69.9935849988833,98.02146400033962,159.84646299330052,87.7488859987352
20,2,0,0,1,0,2,1,96.11416699772235,108.58675400959328,229.17533801228274,103.50495099555701
14,1,0,0,1,0,2,6,100.23145000741351,104.2003990005469,222.43032700498588,96.90917799889576
6,0,0,0,0,0,0,0,67.39040699903853,96.15391898842063,161.57003100670408,89.61522599565797
34,2,0,0,5,0,2,1,97.68982899549883,120.99515000591055,270.47458400193136,98.36328300298192
18,3,0,0,3,0,2,8,97.74400500464253,108.0959039973095,234.09508800250478,96.63397300755605
19,1,0,0,2,0,2,1,95.26480799831916,108.89352300728206,231.33793199667707,103.88290899572894
8,2,0,0,1,0,2,295,174.52136900101323,226.75662700203247,312.88857299659867,216.56042500399053
25,1,0,0,1,0,2,1,81.77747200534213,106.27258899330627,219.29084400471766,99.96577000129037
25,3,0,0,2,0,2,1,75.10804900084622,107.45813199901022,222.38796199962962,98.24377899349201
21,1,0,0,1,0,2,1,77.31011600117199,101.13541799364612,206.45293900452089,96.06917000201065
22,3,0,0,0,0,0,1,78.77233800536487,111.86709500907455,209.60443999501877,107.4247770011425
24,5,0,0,3,0,2,5,105.16318700683769,123.69909600238316,261.25774400134105,105.7521980110323
18,1,0,0,0,0,0,1,77.76759999978822,109.96111700660549,200.85511499200948,104.8920399916824
21,0,0,0,2,0,2,1,71.21012700372376,93.98307600349654,220.82001400121953,99.18887699313927
11,1,0,0,0,0,0,12,74.91660899540875,106.503889997839,182.50846900627948,97.42343000834808
2,0,0,0,0,0,0,2981,68.57144499372225,97.05488399777096,158.6262899945723,93.60067200032063
30,2,0,0,3,0,2,1,76.41647499985993,105.31801900651772,241.32861499674618,93.89148600166664
23,1,0,0,1,0,1,1,76.94029700360261,112.84864200570155,215.9932959912112,105.42264999821782
2,0,0,0,0,0,0,1868,70.64329599961638,98.20671500347089,157.65640301106032,91.88264000113122
10,1,0,0,0,0,0,0,72.8041639958974,105.17073799564969,183.1913529895246,96.5157500031637
3,1,0,0,0,0,0,2340,71.08843300375156,103.62785600591451,173.42434699821752,155.04493399930652
23,2,0,0,0,0,0,1,78.31525399524253,110.68044300191104,206.4091189968167,103.61826600274071
15,2,0,0,1,0,2,9,80.77381399925798,108.35451100138016,207.8563130053226,104.04157999437302
26,1,0,0,0,0,0,1,78.0470530007733,110.51487899385393,210.45693599444348,105.24272300244775
12,2,0,0,2,0,2,162,161.8626999988919,136.25285800662823,272.9668300016783,136.7821180028841
23,2,0,0,1,0,2,1,79.71536100376397,113.16667099890765,217.43248999700882,107.02995599422138
18,1,0,0,2,0,2,1,192.19680099922698,183.70152299758047,352.9632449935889,161.3988080061972
14,0,0,0,1,0,2,2,72.93919200310484,104.4008169992594,192.63557200611103,105.21566998795606
16,1,0,0,1,0,2,1,99.02103801141493,110.03603499557357,227.97149600228295,103.35996600042563
7,2,0,0,1,0,1,274,147.45747599226888,161.32239600119647,268.4268279990647,167.53609299485106
20,1,0,0,1,0,2,1,99.33723500580527,105.85787399031688,232.88134799804538,96.53120599978138
22,1,0,0,1,0,2,1,81.72342000762,104.44670100696385,214.2385769984685,96.99520500726067
8,3,0,0,0,0,0,381,74.95937400381081,108.46753099758644,183.06889200175647,105.17310199793428
16,4,0,0,0,0,0,2,74.57163999788463,107.2969259985257,188.19936500221957,95.61460599070415
14,0,0,0,2,0,2,95,100.32013400632422,121.68791600561235,226.96475799602922,107.83052099577617
27,5,0,0,3,0,2,1,80.7929989969125,114.24122199241538,239.62447899975814,106.42150099738501
24,2,0,0,1,0,2,1,101.23321099672467,104.63337299006525,233.31639700336382,99.60998500173446
24,6,0,0,3,0,2,5,106.12944900640287,126.42062699887902,263.37491000595037,105.73939100140706
32,1,0,0,4,0,3,1,197.30450000497513,187.09526999737136,389.6442859986564,161.0172340006102
24,4,0,0,3,0,2,1,109.75614900235087,126.31564000912476,254.75671399908606,111.93693699897267
19,1,0,0,1,0,2,1,187.17232601193246,159.6537069999613,341.3768550090026,161.9817540049553
22,1,0,0,1,0,2,1,76.23965399398003,107.89103301067371,210.93820199894253,101.74705999088474
2,0,0,0,0,0,0,3629,40.04882198933046,54.14618499344215,108.9382909995038,94.61085700604599
11,2,0,0,0,0,0,1,76.61527900199872,114.69208399648778,193.23354799416848,104.58660700533073
24,4,0,0,4,0,2,2,189.32496699562762,196.39955401362386,380.9370149974711,166.04231600649655
2,1,0,0,0,0,0,3267,89.9119950045133,132.6820480026072,211.2900880019879,153.12060600263067
11,0,0,0,1,0,2,10,154.97819699521642,214.07274600642268,205.3845610062126,145.68185499229003
17,0,0,0,2,0,2,2,86.27207500103395,108.63139199500438,217.77771100460086,98.43719498894643
20,2,0,0,2,0,2,0,35.09825799847022,67.543619996286,201.0450439993292,86.31493200664409
10,5,0,0,1,0,2,93,92.9441210028017,193.27623599383514,162.3163240001304,106.28557098971214
29,3,0,0,2,0,2,2,109.39425899414346,72.16524900286458,240.802847998566,104.9272230011411
59,1,0,0,6,0,2,1,99.88558199256659,106.98343100375496,315.75219800288323,97.62559900991619
27,1,0,0,3,0,2,2,101.64818300108891,108.4146770008374,259.1411820030771,91.77849898696877
23,4,0,0,2,0,2,0,72.23036099458113,101.72810299263801,211.78619800775778,91.73477700096555
12,2,0,0,0,0,0,3,77.24235201021656,110.14769699249882,194.05254599405453,105.91719699732494
22,4,0,0,0,0,0,1,77.80161300615873,108.38988098839764,204.4644289999269,103.89285499695688
27,3,0,0,2,0,2,1,95.7233700028155,112.04103300406132,246.50114600080997,102.90527399047278
18,3,0,0,1,0,2,8,48.665616996004246,62.118595000356436,225.70498900313396,103.36258199822623
7,3,0,0,0,0,0,0,103.30231500847731,154.83321200008504,250.926389999222,155.01112899801228
7,1,0,0,0,0,0,482,70.80698700156063,102.59888001019135,172.4066740134731,99.456073003239
22,2,0,0,2,0,2,1,76.6031910025049,110.5555490066763,218.62893100478686,105.2936499909265
23,6,0,0,3,0,2,0,67.98497999261599,83.485966999433,167.93259100813884,102.15541899378877
12,0,0,0,2,0,2,0,73.2419270061655,103.66303299088031,189.61429101182148,112.57770100201014
22,2,0,0,0,0,0,1,72.21100699098315,102.79627199633978,206.15733099111822,95.55662900675088
16,3,0,0,2,0,2,296,146.71347099647392,203.34010799706448,359.9340650107479,220.8398840011796
8,3,0,0,0,0,0,1388,71.6731830034405,99.97994800505694,164.21750000154134,106.44380799203645
24,1,0,0,2,0,2,1,43.315933013218455,57.569178999983706,120.34672799927648,54.37512800563127
5,3,0,0,0,0,0,571,75.65039600012824,106.89970299426932,172.65896999742836,103.39800799556542
28,4,0,0,1,0,2,1,109.20428800454829,162.1843360044295,291.9020920089679,163.00883500662167
20,1,0,0,3,0,2,1,72.70723400870338,102.36956999870017,208.63512899086345,94.72779699717648
26,1,0,0,3,0,2,1,97.74379899317864,117.70231400441844,247.8260099887848,96.94654800114222
5,3,0,0,0,0,0,1014,97.89056800946128,142.3083910049172,228.0521500069881,167.50558899366297
7,5,0,0,0,0,0,336,109.75236100784969,166.328725987114,216.72488799958955,94.07115500653163
20,3,0,0,0,0,0,1,75.87601899285801,108.3280540042324,195.9634980012197,100.76483599550556
4,3,0,0,0,0,0,2401,53.87943499954417,76.91746301134117,135.65229999949224,102.62110500480048
23,7,0,0,3,0,2,5,131.0044310084777,164.44001300260425,327.1285189985065,159.69942600349896
25,2,0,0,2,0,2,1,84.74497900169808,111.03591400024015,229.91886000090744,106.38678600662388
5,0,0,0,0,0,0,216,73.5585039947182,103.84660499403253,172.08939899865072,90.30542700202204
1,0,0,0,0,0,0,5937,17.226080992259085,20.583505000104196,74.18831299582962,89.83321899722796
6,1,0,0,0,0,0,33,37.649873993359506,52.10070300381631,88.91689599840902,48.57612799969502
1,0,0,0,0,0,0,5937,16.990224001347087,20.460357001866214,74.27607401041314,90.3450019977754
19,2,0,0,2,0,4,1,82.63948699459434,107.12704100296833,224.41526500915643,99.65394501341507
1,0,0,0,0,0,0,3585,62.23688799946103,87.54069200949743,148.8000870012911,90.49713700369466
18,1,0,0,2,0,2,1,84.66231299098581,114.60856400663033,221.06197799439542,106.36326199164614
29,5,0,0,2,0,2,2,40.09871899324935,54.60118199698627,116.23404298734386,53.25782499858178
14,6,0,0,1,0,2,5,95.11707900674082,225.0284379988443,406.17390398983844,243.68166900239885
25,1,0,0,1,0,2,1,98.74299001239706,107.89304799982347,236.16167501313612,103.02974499063566
1,1,0,0,0,0,0,5937,16.51694200700149,19.562258006772026,74.0402810042724,113.27346399775706
21,2,0,0,3,0,2,1,97.90293299010955,105.35106300085317,233.42961100570392,95.16379499109462
15,0,0,0,1,0,2,83,90.57409400702454,115.77825898712035,220.95708499546163,110.32900400459766
30,1,0,0,3,0,2,1,191.07953700586222,157.41591199184768,356.8549339979654,161.02110299107153
12,2,0,0,0,0,0,123,38.09081499639433,51.06400599470362,152.4112659972161,100.62483500223607
17,1,0,0,2,0,2,1,100.4806830023881,119.41435700282454,229.99153299315367,103.72404000372626
13,5,0,0,1,0,2,159,185.209663992282,231.87720599526074,391.60847799212206,207.59867900051177
21,6,0,0,1,0,2,1,118.67455900937784,164.16098299669102,300.5640610062983,170.12363899266347
10,0,0,0,1,0,2,1017,92.83231200242881,99.05079899181146,105.1650589943165,62.65481100126635
34,1,0,0,4,0,2,0,76.96065200434532,109.80827700404916,245.77933599357493,100.17221100861207
8,3,0,0,0,0,0,381,72.7762949973112,105.73910600214731,178.6590630072169,104.7089650091948
14,0,0,0,2,0,2,1,77.63215000159107,111.12899699946865,252.68893400789239,98.15055600483902
21,2,0,0,0,0,0,1,78.45402100065257,113.2574360090075,204.2508930026088,104.45401599281467
6,1,0,0,0,0,0,1409,64.03262900130358,92.41025999654084,155.83445598895196,102.52625700377394
9,0,0,0,0,0,0,41,75.2315560093848,108.7862020067405,215.01500300655607,51.354773007915355
8,0,0,0,0,0,0,941,70.908370995312,104.0483490069164,173.78962099610362,104.37953099608421
17,1,0,0,1,0,2,1,49.91804200108163,54.51400199672207,195.8729149919236,101.07980300381314
13,2,0,0,0,0,0,1,108.86825100169517,158.21004399913363,262.95755499450024,163.77418499905616
28,3,0,0,2,0,2,0,81.14705499610864,113.14046400366351,236.61579200415872,106.54025299299974
8,2,0,0,0,0,0,381,73.1973990041297,107.47597999579739,181.32701401191298,106.97334200085606
35,3,0,0,5,0,2,1,103.78414300794248,115.98990998754743,275.6664100015769,96.86315400176682
20,5,0,0,2,0,2,0,53.233009995892644,76.35425899934489,142.81904499512166,141.19368299725465
28,6,0,0,3,0,2,1,78.83978600148112,110.22357101319358,238.95339699811302,104.47699800715782
10,1,0,0,0,0,0,1,78.09373499185313,93.89560398994945,97.22486899408977,53.503490998991765
17,3,0,0,1,0,2,1,72.11999800347257,104.42992999742273,201.890012001968,96.7907719896175
10,3,0,0,0,0,0,2,104.85684999730438,158.50204600428697,256.2761570006842,163.61620099633
28,11,0,0,3,0,2,3,173.08132100151852,268.5347520018695,456.2835039978381,267.93344100588
2,1,0,0,0,0,0,4383,33.53141900151968,45.1317580009345,99.24694300570991,96.43984600552358
27,2,0,0,2,0,2,1,42.329370000516064,55.61381399456877,119.12703199777752,54.28112100344151
22,3,0,0,2,0,2,2,77.85017500282265,108.84724700008519,217.3695560049964,103.99773699464276
23,2,0,0,1,0,2,1,95.55369699955918,112.15926799923182,233.3489940065192,102.08308699657209
4,1,0,0,0,0,0,396,101.16905999893788,155.80121999664698,236.92919700988568,149.22619199205656
29,1,0,0,2,0,2,1,99.1793089924613,117.43425100576133,256.23699599236716,102.56000301160384
9,3,0,0,2,0,1,50,61.70142799965106,55.475165994721465,99.40087998984382,47.53666500619147
29,5,0,0,2,0,2,2,78.62768400809728,112.9343539942056,233.1362499971874,107.09413400036283
28,11,0,0,3,0,2,3,174.1762470046524,272.26692700060084,456.2279890087666,270.8125879871659
19,5,0,0,2,0,2,0,101.50817199610174,150.5425649957033,286.1016969982302,154.19161699537653
28,4,0,0,1,0,2,1,80.34352799586486,111.98089600657113,228.91779600467999,106.97462300595362
24,3,0,0,3,0,2,1,92.34359698893968,105.77940299117472,236.32500000530854,93.95809899433516
25,1,0,0,2,0,2,1,106.44062799110543,116.17975700937677,252.03695500385948,104.47470301005524
24,3,0,0,3,0,2,3,53.52020400459878,59.30451999302022,131.36226999631617,53.07105800602585
9,0,0,0,1,0,2,1098,89.74946499802172,121.67817399313208,201.48364099441096,124.63208900589962
21,4,0,0,1,0,2,1,97.52324000874069,109.14469600538723,229.8047569929622,103.99771499214694
18,4,0,0,1,0,2,1,120.20873399160337,154.14615398913156,293.0226510070497,159.2994069942506
25,1,0,0,2,0,2,1,75.04837500164285,107.56470600608736,214.2400440061465,86.82046200556215
20,2,0,0,2,0,2,1,108.90704700432252,153.49096999852918,292.4477329943329,154.87412000948098
19,2,0,0,1,0,2,0,100.6078369973693,103.74319400580134,155.9387820016127,47.610751003958285
9,3,0,0,2,0,1,8,117.82689300889615,106.80068300280254,193.999008013634,95.22832999937236
15,4,0,0,2,0,2,1,51.494287996320054,52.777745004277676,168.84948300139513,98.93332900537644
13,2,0,0,1,0,2,1,100.13728299236391,109.33768900576979,217.90857799351215,103.95423200679943
4,3,0,0,0,0,0,2340,137.4585219891742,212.2590179933468,314.2005020054057,188.96538800618146
17,1,0,0,1,0,2,1,92.88147299957927,107.46042299433611,216.75369500007946,100.98811899661086
35,2,0,0,3,0,1,1,83.8893559994176,112.27292800322175,240.85009600094054,105.52607200224884
17,8,0,0,1,0,2,46,77.91190399439074,111.6044460068224,209.1053440090036,107.47281099611428
31,5,0,0,4,0,2,1,55.26022199774161,60.15298100828659,242.01106900000013,123.94541499088518
10,3,0,0,1,0,2,1107,46.184052000171505,61.127934997784905,134.51628600887489,67.50344199826941
21,1,0,0,2,0,1,1,82.32315399800427,113.86329800006934,228.67697100446094,105.68049098947085
15,2,0,0,1,0,2,4,177.37804898933973,231.4899999910267,331.19229300064035,212.39210599742364
12,3,0,0,1,0,2,273,123.64860699744895,185.72168200626038,278.40359999390785,178.8405349943787
5,0,0,0,0,0,0,52,36.936486008926295,52.06608799926471,104.9928199936403,50.922820999403484
28,5,0,0,3,0,2,1,81.01354900281876,149.2728290031664,240.56469000061043,109.40789298911113
16,1,0,0,1,0,2,1,97.52873099932913,111.06866100453772,223.33240599255078,101.76823299843818
12,2,0,0,1,0,2,457,177.9966489993967,202.73045399517287,316.8273540068185,184.506258010515
11,3,0,0,1,0,2,278,79.837501005386,111.60528199980035,198.35459299793,107.07737800839823
22,10,0,0,1,0,2,1,80.11022499704268,111.9851809926331,216.2149479991058,102.93514300428797
7,1,0,0,0,0,0,77,74.90851198963355,105.51199999463279,177.08129598759115,96.57949500251561
24,4,0,0,4,0,2,2,191.4915159868542,216.2055689987028,376.8718389910646,166.9610489916522
14,9,0,0,1,0,2,5,183.94847700255923,255.46911099809222,405.85499099688604,254.3366949976189
22,4,0,0,2,0,2,1,100.46796999813523,117.88856799830683,241.4494039985584,97.40954601147678
24,0,0,0,2,0,2,0,78.67755900952034,109.61777699412778,221.35630800039507,101.62084001058247
1,0,0,0,0,0,0,5937,16.470687012770213,20.282169003621675,75.002608995419,90.56700300425291
5,0,0,0,0,0,0,283,74.07046399021056,106.35932099830825,170.91600599815138,94.27867800695822
13,5,0,0,1,0,2,159,93.84504400077276,118.78819800040219,196.56364199181553,120.62555599550251
12,6,0,0,0,0,0,0,69.05723898671567,97.58336300728843,182.33755500114057,85.65863000694662
8,0,0,0,1,0,2,9,100.39415999199264,138.51888600038365,208.68663900182582,114.51730800035875
26,2,0,0,4,0,2,1,99.03339600714389,106.7268610058818,250.82206798833795,93.86596099648159
14,3,0,0,2,0,2,0,113.40877499605995,154.87792099884246,273.0038540030364,160.8425129961688
26,6,0,0,3,0,2,1,101.72653499466833,120.16736800433137,172.98716799996328,52.09195699717384
22,2,0,0,1,0,2,0,43.49355699378066,50.96906099061016,163.63928900682367,97.30781501275487
9,3,0,0,0,0,0,98,101.59678799391259,151.42911400471348,249.54572800197639,147.73596500162967
11,0,0,0,1,0,2,834,90.31275598681532,126.22290500439703,205.62506699934602,125.69200199504849
20,4,0,0,2,0,1,2,134.05737100401893,198.01844299945515,340.57772099913564,205.86353799444623
12,6,0,0,0,0,0,0,67.97843200911302,95.2585380000528,104.68020099506248,42.71442200115416
10,2,0,0,1,0,2,12,158.09858999273274,108.2106819958426,198.95721900684293,101.79305299243424
10,2,0,0,0,0,0,68,72.19353399705142,103.52361199329607,180.9224360040389,96.95731400279328
3,1,0,0,0,0,0,0,69.05064299644437,96.03965899441391,160.12587599107064,86.23318799072877
33,0,0,0,5,0,2,0,106.26766498899087,119.50023000827059,273.54462099901866,79.38428899797145
16,1,0,0,2,0,2,1,79.86587399500422,103.60426899569575,220.88618100679014,96.29486600169912
4,0,0,0,0,0,0,1421,61.27049299539067,87.0505399943795,151.73332201084122,85.93365600972902
31,4,0,0,4,0,2,1,61.16673699580133,126.0955200123135,276.10095900308806,105.23380700033158
22,6,0,0,1,0,2,0,68.89083799615037,95.06758599309251,193.4845649957424,84.92127900535706
26,6,0,0,3,0,2,2,198.16945899219718,242.23583299317397,364.8348860006081,230.62183399451897
4,4,0,0,0,0,0,5074,60.15596199722495,84.64354700117838,127.9949080053484,245.57702300080564
25,5,0,0,1,0,2,1,109.84647199802566,161.45397898799274,207.33673199720215,82.37545299925841
18,3,0,0,1,0,2,0,34.847132992581464,46.82117499760352,163.4918369963998,87.07277401117608
23,5,0,0,2,0,2,2,79.13539699802641,118.9670070016291,250.44847100798506,103.98062200692948
20,3,0,0,2,0,2,1,183.60496600507759,192.75161900441162,352.17111599922646,189.01153600018006
1,0,0,0,0,0,0,0,67.61556900164578,97.16264900634997,156.93948400439695,85.2161229995545
5,3,0,0,0,0,0,1409,42.79419100203086,61.02013200870715,100.08275200380012,81.67737600160763
19,5,0,0,2,0,1,0,106.1472639994463,160.57630100112874,278.3021459908923,165.00468699086923
26,2,0,0,2,0,2,1,130.23029199393932,165.62097299902234,321.108689007815,159.45705499325413
7,0,0,0,0,0,0,8,73.4607160120504,104.96745900309179,176.46882201370317,97.0520859991666
2,1,0,0,0,0,0,2992,96.46748000523075,142.41639200190548,207.3552359943278,78.35557300131768
22,2,0,0,2,0,2,1,100.66945099970326,94.68660500715487,121.08645199623425,97.42756199557334
11,5,0,0,2,0,2,239,169.92163799295668,206.92785299615934,352.64717099198606,225.48813000321388
5,2,0,0,0,0,0,1409,63.09424199571367,90.62700199137907,156.87499899649993,101.38695800560527
4,1,0,0,0,0,0,860,74.32569999946281,106.1594290076755,174.07602100865915,99.55009800614789
11,6,0,0,1,0,2,0,155.12088499963284,164.02981500141323,270.2945450000698,150.61883701127954
5,1,0,0,0,0,0,1409,85.0309079978615,123.8544469961198,197.24776298971847,159.17318199353758
17,4,0,0,2,0,2,1,50.951397002791055,55.29048199241515,123.56214699684642,52.86553601035848
22,4,0,0,1,0,2,1,76.99121499899775,105.70661799283698,207.89194699318614,98.98225500364788
31,1,0,0,5,0,2,1,101.60179900412913,119.35086900484748,268.4031069948105,103.39573200326413
5,1,0,0,0,0,0,277,38.13735301082488,52.56156199902762,88.55806100473274,49.85955500160344
26,5,0,0,3,0,2,1,100.27827799785882,120.07742199057247,259.31187700189184,103.04904899385292
23,4,0,0,2,0,2,1,100.52699700463563,104.43122500146274,238.65467800351325,98.09025200956967
3,2,0,0,0,0,0,0,121.14402299630456,186.6895109997131,291.1629919981351,195.5784289893927
28,1,0,0,2,0,2,1,73.25543800834566,104.17208999569993,220.16419300052803,95.21518299879972
24,1,0,0,3,0,2,1,75.34188601130154,104.62399599782657,217.0401449984638,95.83489900978748
27,3,0,0,2,0,2,1,97.99464800744317,111.02743899391498,250.66218699794263,101.58147700713016
22,5,0,0,1,0,2,0,68.86590100475587,94.89401400787756,193.5844760009786,86.01041800284293
5,0,0,0,0,0,0,1409,62.923215999035165,89.11276400613133,152.61278799152933,101.73999700054992
4,1,0,0,0,0,0,925,69.01391300198156,97.18878399871755,161.30684000381734,98.22592099953908
22,0,0,0,3,0,2,0,172.48549300711602,134.7587110067252,291.7935550067341,101.72488600073848
14,3,0,0,1,0,2,1,66.55033800052479,95.4866399988532,163.9369850017829,164.08174399111886
12,2,0,0,2,0,1,2,88.67818198632449,61.73886699252762,107.26251799496822,110.1899030036293
17,1,0,0,1,0,2,1,98.58453299966641,105.14686499664094,218.65255100419745,96.50225599762052
4,1,0,0,0,0,0,244,102.36753500066698,153.11423399543855,242.80629100394435,159.6718030050397
24,5,0,0,1,0,2,1,85.088526000618,79.37839100486599,216.7745840124553,106.09714699967299
28,8,0,0,3,0,2,2,170.52204000356141,269.19024999369867,446.8283130117925,264.895529995556
14,6,0,0,1,0,2,0,68.28701100312173,95.11623499565758,184.64242399204522,86.21680599753745
22,2,0,0,2,0,2,1,51.508727003238164,60.62947100144811,182.60360199201386,111.02127899357583
27,1,0,0,1,0,2,1,77.57970498641953,111.2118390010437,160.74356698663905,116.74347500957083
18,2,0,0,1,0,2,0,67.76867399457842,96.24764700129163,190.6751259957673,85.27972400770523
14,8,0,0,1,0,2,0,183.44888200226706,220.19553900463507,403.1683380017057,243.68664900248405
7,1,0,0,1,0,2,839,84.78914100851398,118.91743299202062,194.74916200852022,113.72233799193054
27,3,0,0,2,0,2,1,118.34537801041733,99.10256799776107,255.46884299546946,95.82863799005281
21,4,0,0,1,0,2,1,143.56601600593422,214.14299499883782,323.6800349986879,102.61220000393223
31,1,0,0,4,0,2,1,119.29204499756452,117.02994399820454,270.3049550036667,103.52852600044571
23,5,0,0,3,0,2,13,116.86615299549885,81.2942960037617,195.74938299774658,161.4733389869798
11,2,0,0,1,0,2,41,88.77203598967753,111.603944998933,200.65521699143574,51.64838500786573
8,1,0,0,1,0,2,14,77.21209699229803,109.08496299816761,191.09975099854637,100.80849299265537
28,7,0,0,1,0,2,1,79.86870099557564,112.28099800064228,225.05687299417332,113.03094300092198
3,3,0,0,0,0,0,5631,37.77526399062481,52.878393995342776,98.93583400116768,220.3588810079964
7,3,0,0,0,0,0,0,101.76144000433851,152.84301299834624,253.90381801116746,155.14835799694993
18,2,0,0,1,0,2,2,105.93223200703505,152.80540099774953,291.9606270006625,159.2872289911611
30,1,0,0,3,0,2,1,105.89931000140496,83.66886600560974,127.46608100133017,71.4592900039861
19,3,0,0,3,0,2,119,241.257025001687,186.45908100006636,356.54739500023425,166.2834400049178
32,2,0,0,5,0,2,1,49.63725099514704,119.39363599231001,239.3677159998333,52.005555990035646
20,7,0,0,2,0,2,12,78.88467700104229,112.95716201129835,216.08706399274524,106.64856500807218
27,2,0,0,3,0,2,1,101.47508900263347,109.18085199955385,259.0645750024123,102.38736499741208
20,1,0,0,2,0,2,1,83.8224059989443,111.20128400216345,227.796537001268,108.06783600128256
5,2,0,0,1,0,1,0,118.79090499132872,101.48487100377679,209.0254630020354,94.67983100330457
16,3,0,0,0,0,0,2,74.47727900580503,107.11850099323783,195.31909000943415,99.60093500558287
24,4,0,0,2,0,2,1,105.62402200594079,125.6546140066348,243.10596600116696,104.26040699530859
22,3,0,0,2,0,2,0,65.6609559955541,79.4430630048737,157.51343699230347,83.09379899583291
19,2,0,0,1,0,2,1,76.94942300440744,112.02841500926297,212.9304309928557,105.33014198881574
15,5,0,0,1,0,2,1,81.76538499537855,116.51208899274934,214.70628899987787,112.60524700628594
19,5,0,0,1,0,2,0,74.9841149954591,107.83790999266785,208.14159700239543,100.4196400026558
26,1,0,0,2,0,2,1,74.74551000632346,106.87970799335744,213.20868900511414,97.61377598624676
26,6,0,0,3,0,2,1,53.18543699104339,60.94044999917969,131.22624599782284,51.728639999055304
23,1,0,0,0,0,0,0,73.37268299306743,103.10405099880882,195.8321190031711,97.0311549899634
31,1,0,0,3,0,2,1,99.08751300827134,109.9998670106288,251.95090399938636,96.75162599887699
23,3,0,0,1,0,2,1,99.59380299551412,105.64778999832924,234.65543299971614,95.21743599907495
3,0,0,0,0,0,0,1858,71.43130099575501,100.98770399054047,163.68983199936338,94.01023401005659
25,1,0,0,2,0,2,1,74.93435000651516,103.89574999862816,219.62990699103102,97.3482520057587
13,1,0,0,0,0,0,2,75.78968699090183,109.94475800544024,187.7299129992025,100.18765900167637
22,9,0,0,1,0,2,1,39.35055498732254,52.75789799634367,106.35345299670007,78.33651399414521
19,2,0,0,0,0,0,1,76.92042698909063,109.61883800337091,176.49550399801228,53.453726999578066
3,3,0,0,0,0,0,5631,38.038651007809676,51.306968001881614,98.27532900089864,221.10707800311502
16,3,0,0,1,0,2,12,185.217279009521,274.4875999924261,400.08007200958673,271.32505099871196
20,3,0,0,2,0,1,0,104.30986800929531,155.36002100270707,278.12695200555027,158.6505279992707
6,0,0,0,0,0,0,13,80.90341599017847,115.27159198885784,190.92173600802198,109.16664499382023
8,4,0,0,0,0,0,0,71.94296400120948,103.97372800798621,175.51063999417238,95.51863599335775
18,4,0,0,1,0,1,0,54.532057998585515,134.7664789936971,154.3425859999843,82.54763299191836
11,2,0,0,1,0,2,129,79.38589400146157,107.68400799133815,196.44134999543894,100.25490500265732
17,3,0,0,3,0,2,4,138.3043660025578,196.34637900162488,349.2015540105058,200.09060100710485
14,2,0,0,1,0,2,206,81.68607899278868,115.77004000719171,209.76364599482622,110.67238700343296
27,1,0,0,3,0,3,1,78.96478500333615,112.2142460080795,238.8171429920476,105.63152500253636
4,4,0,0,0,0,0,5074,58.944235992385074,84.76405199326109,129.43185899348464,192.87543300015386
17,1,0,0,2,0,2,2,102.71229500358459,102.44480099936482,116.31305199989583,94.75949300394859
22,3,0,0,2,0,2,2,96.80722799384966,111.76271100703161,241.66125101328362,107.91863199847285
3,0,0,0,0,0,0,1858,72.14477800880559,103.01126699778251,164.01820299506653,91.85645599791314
11,1,0,0,1,0,2,0,48.01252500328701,104.2984989908291,201.4040530048078,109.66603600536473
25,0,0,0,2,0,2,0,105.83671600033995,117.75216599926353,250.27627300005406,96.11661499366164
14,4,0,0,2,0,2,36,89.53554299660027,55.48836701200344,113.33055699651595,56.972830003360286
5,2,0,0,1,0,1,0,117.63359099859372,102.39055300189648,209.0846709907055,92.97188599884976
19,3,0,0,1,0,2,1,81.20142499683425,106.33029400196392,212.94576300715562,98.4663170092972
22,0,0,0,1,0,2,0,100.36041699640919,103.32077099883463,230.5772980034817,95.6747419986641
20,1,0,0,1,0,2,1,51.01537700102199,89.00558100140188,228.4936030046083,95.70507900207303
28,7,0,0,3,0,2,2,149.3911239958834,228.36200600431766,405.8747620001668,237.57344199111685
28,3,0,0,1,0,2,1,67.91715801227838,54.61205598840024,113.3121909952024,54.01337299554143
21,3,0,0,2,0,2,0,71.50344100955408,100.77115299645811,204.54473799327388,92.9631939943647
1,0,0,0,0,0,0,3585,62.56140299956314,89.8277149972273,151.1433020059485,90.3402219992131
17,3,0,0,1,0,2,55,79.76660199346952,111.83186199923512,212.85462399828248,109.45666399493348
3,2,0,0,0,0,0,1915,33.54327099805232,46.096767007838935,78.89870098733809,47.41806798847392
16,1,0,0,1,0,2,1,73.81303200963885,105.81592700327747,200.43511599942576,96.61119400698226
16,2,0,0,1,0,2,2,97.2399259917438,102.13006800040603,222.1793990029255,96.65493399370462
34,1,0,0,3,0,2,1,76.08631999755744,107.16729899286292,232.65225399518386,101.39103799883742
25,3,0,0,2,0,2,1,83.62312799727079,86.95200899092015,115.31337800261099,53.72906199772842
11,1,0,0,1,0,2,47,94.91197200259194,134.4142779998947,213.78504199674353,119.66969601053279
11,4,0,0,0,0,0,1,72.8322200011462,102.35120099969208,177.63503099558875,91.28476299520116
11,1,0,0,1,0,1,1,110.46805798832793,162.23786800401285,271.50616800645366,165.70915500051342
25,1,0,0,4,0,3,1,102.28953500336502,119.32766999234445,256.1978169978829,97.55930400569923
21,1,0,0,1,0,1,1,43.510222996701486,51.39216699171811,99.82109200791456,48.81240500253625
2,2,0,0,0,0,0,5771,27.516620000824332,36.3152009958867,89.238420012407,173.87911801051814
17,3,0,0,3,0,2,19,159.45368900429457,131.67305900424253,287.69596699567046,104.24520200467668
32,3,0,0,2,0,2,1,106.08868199051358,118.08187900169287,258.5222759953467,98.12087399768643
31,1,0,0,4,0,3,1,43.84515700803604,57.56259200279601,128.2813379948493,51.02240000269376
40,1,0,0,5,0,3,1,101.72726800374221,118.61749399395194,293.72261599928606,101.84020300221164
28,5,0,0,1,0,2,1,80.00814900151454,112.89243299688678,226.1803520086687,108.52415399858728
22,0,0,0,2,0,2,1,97.14140099822544,109.16367699974217,240.0332430115668,103.03847100294661
11,2,0,0,1,0,2,458,177.21962300129235,178.5905660071876,316.2639669899363,182.17319699760992
16,4,0,0,1,0,2,2,191.72359000367578,157.68546899198554,337.4408170056995,162.49471400806215
3,1,0,0,0,0,0,239,100.03480200248305,149.08797699899878,236.66469599993434,150.25998099008575
24,2,0,0,3,0,2,1,54.212900999118574,61.15454500832129,123.68971300020348,53.42100300185848
19,1,0,0,2,0,2,1,85.1548909995472,115.97079799685162,227.87419300584588,108.34711400093511
19,5,0,0,1,0,2,0,82.15248199121561,110.13143700256478,216.37013299914543,108.01241699664388
18,1,0,0,0,0,0,1,106.20971400931012,158.92145900579635,264.9349639978027,163.602949003689
19,4,0,0,1,0,2,0,78.19315600499976,111.23485999996774,213.04007100115996,106.24809000000823
26,9,0,0,3,0,2,3,150.25914998841472,203.19389300129842,380.2599089976866,201.6819969867356
3,2,0,0,0,0,0,0,67.78860799386166,97.01998801028822,129.66309799230658,42.4671969958581
22,6,0,0,3,0,2,2,84.06446099979803,117.39521600247826,237.10845300229266,112.31162399053574
28,3,0,0,3,0,2,1,79.80573800159618,77.08704500691965,131.0986460011918,105.62307598593179
16,3,0,0,1,0,2,2,105.58417600987013,156.0404070041841,274.7825539991027,162.21072401094716
30,6,0,0,2,0,2,1,53.41355699056294,74.54746800067369,275.71260699187405,157.0859439962078
29,3,0,0,3,0,2,1,108.97678999754135,155.84098600083962,304.62042198632844,83.4813569963444
27,2,0,0,3,0,3,1,85.10200599266682,115.25549000361934,244.3304629996419,108.94269400159828
26,3,0,0,3,0,2,1,109.19897799612954,160.58608501043636,298.7182640063111,85.44306301337201
4,1,0,0,0,0,0,667,37.38433100807015,65.71764599357266,170.29598000226542,95.97836200555321
28,1,0,0,3,0,2,1,80.5551480007125,109.60849099501502,236.3042420038255,98.72237200033851
32,2,0,0,3,0,4,1,112.87941499904264,162.9813090112293,323.70618599816225,165.44365999288857
8,3,0,0,0,0,0,7,73.13894899562001,102.71704600017983,175.13954499736428,95.41344399622176
23,4,0,0,3,0,3,1,82.6553189981496,113.17502900783438,230.9871149918763,92.51576899259817
8,0,0,0,1,0,2,148,97.67432800435927,135.5024200020125,205.06616598868277,115.2279020025162
20,3,0,0,2,0,1,1,111.82044900488108,159.86045099270996,279.8684849985875,165.29476999130566
16,4,0,0,1,0,2,3,102.38888498861343,111.25414000707678,231.41448499518447,103.60131299239583
25,5,0,0,1,0,2,1,85.05431399680674,113.64199400122743,227.72797099605668,106.30133798986208
25,1,0,0,3,0,2,1,104.92510999029037,120.4583549988456,259.20828100061044,102.34462399967015
27,1,0,0,5,0,2,0,38.77068300789688,53.767509991303086,119.83764200704172,50.18400099652354
11,7,0,0,1,0,2,1032,85.77814399905037,82.84678900963627,224.06607700395398,180.3759309987072
27,1,0,0,2,0,2,1,100.86878700531088,105.3204560012091,241.75578699214384,96.1162739986321
2,2,0,0,0,0,0,5771,27.18211300089024,35.83835800236557,89.0207949996693,172.98223500256427
5,2,0,0,0,0,0,507,71.5676919935504,101.70956100046169,168.95841900259256,97.46222599642351
31,0,0,0,4,0,3,0,94.75584499887191,117.95049099600874,258.38113299687393,101.3489859906258
15,0,0,0,3,0,1,3,62.16795700311195,54.087739990791306,106.89602499769535,46.58348500379361
24,3,0,0,1,0,2,1,102.21553799055982,112.58584298775531,236.0884819936473,103.91499800607562
32,1,0,0,5,0,2,1,82.3827580024954,109.48231200745795,257.66938700689934,98.69127500860486
30,1,0,0,3,0,2,1,84.80320699163713,115.9717139962595,237.3438009963138,106.36059699754696
36,2,0,0,4,0,3,1,98.40073199302424,120.35344200558029,279.1741289984202,100.45350099971984
7,5,0,0,0,0,0,0,123.59186200774275,189.48003399418667,281.28708600706887,96.01927000039723
23,2,0,0,3,0,2,0,178.61550499219447,151.20689700415824,356.36659400188364,155.90443299151957
9,0,0,0,1,0,2,1066,47.063137011718936,62.74938899150584,112.91876999894157,125.80082500062417
15,0,0,0,2,0,2,49,100.01677100080997,120.43721799273044,226.74543398898095,110.15816099825315
25,8,0,0,1,0,2,1,84.53886699862778,111.42963699239772,225.90377999586053,107.85266000311822
24,2,0,0,2,0,2,1,84.42473999457434,111.54212499968708,234.42391899880022,107.78672400920186
17,4,0,0,2,0,2,2,44.019510998623446,55.14609500824008,110.18265900202096,51.141496005584486
26,9,0,0,3,0,2,1,151.82521000679117,207.11467300134245,377.23552699026186,206.2152239959687
23,5,0,0,2,0,2,1,77.47421601379756,106.79153200180735,219.98983398952987,94.29283801000565
6,0,0,0,1,0,2,167,151.28983299655374,198.9412200055085,234.38244800490793,157.51282799465116
27,4,0,0,2,0,2,1,83.81497400114313,115.74353399919346,238.07194700930268,106.22305401193444
4,2,0,0,0,0,0,123,102.10976899543311,149.21567900455557,240.58093200437725,153.81792299740482
24,5,0,0,2,0,2,1,48.49207299412228,55.09814800461754,121.42631299502682,50.93304598995019
17,1,0,0,3,0,2,10,95.45027000422124,105.19208500045352,232.93302099045832,96.8171069980599
18,0,0,0,1,0,1,3,78.69999400281813,110.13016899232753,201.99616700119805,104.30088899738621
7,0,0,0,1,0,1,15,81.86681299412157,104.66833499958739,184.90155099425465,96.66312900662888
30,1,0,0,5,0,2,1,100.26167199248448,119.99035299231764,266.96516199444886,102.79888598597609
40,2,0,0,3,0,2,1,76.7502759990748,111.15032699308358,257.3797990044113,106.94896199856885
23,5,0,0,2,0,2,5,53.73191500257235,61.247767007444054,126.00734300212935,52.91524500353262
24,2,0,0,1,0,1,1,79.05236199439969,111.72189300123136,212.8643070027465,106.50216799695045
18,7,0,0,1,0,2,1,71.44367099681403,101.28051000356209,196.74657499126624,95.36263400514144
24,4,0,0,1,0,1,0,79.3628230021568,112.98549000639468,213.8233560108347,106.38383800687734
22,4,0,0,1,0,2,1,77.84203899791464,108.38593500375282,213.78211099363398,99.86008699343074
24,8,0,0,3,0,2,19,110.37747999944258,124.71029799780808,260.13225100177806,106.2157029955415
6,3,0,0,0,0,0,1409,86.42410900210962,125.94855400675442,199.67043299402576,160.38438299437985
17,2,0,0,2,0,2,5,181.97328099631704,88.91164399392437,175.2156339935027,83.74773900141008
19,1,0,0,3,0,2,1,97.93192900542635,116.17739801295102,236.46720999386162,97.93904799153097
29,1,0,0,4,0,2,1,69.66470999759622,113.1483630015282,238.0112880055094,105.96857900964096
16,1,0,0,1,0,2,0,179.1801469953498,155.81670199753717,335.37710600649007,157.36151600140147
16,6,0,0,2,0,2,4,199.49414099392015,190.8224130020244,223.1859730090946,83.8130760093918
3,3,0,0,0,0,0,5631,38.29165500064846,52.92751900560688,100.53544100082945,214.33562001038808
3,0,0,0,0,0,0,2679,51.286329005961306,71.91959100600798,131.61126300110482,97.74402499897406
17,1,0,0,2,0,2,1,98.73496799264103,117.84111699671485,227.14998399897013,103.24754199245945
21,1,0,0,2,0,2,1,105.12948600808159,117.37918599101249,244.7445480065653,99.46231001231354
21,4,0,0,2,0,2,0,43.553862007684074,56.954037994728424,116.04305500804912,54.12268299551215
28,5,0,0,1,0,2,1,79.22352899913676,112.3418799979845,224.51885300688446,106.90728299960028
9,2,0,0,0,0,0,534,121.80013999750372,185.0619960023323,286.28225201100577,208.09190299769398
23,4,0,0,3,0,2,5,131.54087400471326,166.83881200151518,326.97323699539993,160.07093600637745
23,2,0,0,2,0,2,1,95.76113600633107,108.62626899324823,242.25845599721652,103.5672260040883
11,3,0,0,2,0,2,257,101.04679899814073,113.57051800587215,198.43089500500355,54.795918011222966
33,2,0,0,3,0,4,1,106.52273299638182,160.2598460012814,317.8497780027101,163.14022500591818
3,1,0,0,0,0,0,903,66.81715400191024,93.98334000434261,158.64647198759485,97.50618899124674
22,3,0,0,0,0,0,1,78.50862899795175,111.00264400010929,208.66649999516085,106.68073799752165
10,6,0,0,0,0,0,0,121.5690690005431,187.99242599925492,303.4588329901453,193.60337300167885
7,5,0,0,0,0,0,1428,169.22726400662214,266.6618000075687,372.787636006251,274.08133300195914
25,1,0,0,4,0,2,1,72.51490799535532,50.18527900392655,115.00907799927518,46.79347800265532
2,0,0,0,0,0,0,1289,36.09829899505712,49.25029899459332,163.23302099772263,93.3753169956617
15,5,0,0,1,0,1,2,75.10514499153942,107.95123199932277,194.09103000361938,97.65043700463139
26,4,0,0,3,0,2,1,76.21248300711159,147.00466900831088,387.67326399101876,202.82010099617764
25,1,0,0,2,0,2,1,93.53055601241067,116.60106400086079,238.91571900458075,103.77913298725616
6,2,0,0,0,0,0,165,74.47994999529328,108.37730800267309,180.124940990936,98.18019899830688
21,1,0,0,1,0,2,1,100.33024600124918,106.24637099681422,230.4723660054151,96.27878399624024
19,2,0,0,2,0,2,1,106.01436100841966,155.17428300518077,286.50823900534306,160.31304700300097
11,6,0,0,1,0,2,0,175.14341200876515,101.31534800166264,290.216003995738,93.67547700821888
2,1,0,0,0,0,0,3629,49.00927501148544,68.02133799646981,131.29330599622335,161.98716301005334
9,4,0,0,0,0,0,380,74.60213800368365,107.58369800169021,183.29690299287904,106.9510280067334
32,1,0,0,3,0,2,1,47.35199200513307,103.066042996943,231.70492699136958,93.6763060017256
20,10,0,0,2,0,2,19,86.63659599551465,133.61750000331085,215.4337979882257,133.7641169957351
12,5,0,0,0,0,0,213,76.00563300366048,110.50196700671222,190.85541999083944,105.96792599244509
21,3,0,0,3,0,2,40,98.15049599274062,120.84999500075355,247.51557200215757,106.66487900016364
8,0,0,0,0,0,0,1,71.48797399713658,101.0757600015495,174.99407001014333,94.15049300878309
3,3,0,0,0,0,0,5631,38.83910000149626,50.914635008666664,100.40137299802154,214.6953680057777
28,6,0,0,1,0,2,1,80.96412899612915,112.1369509928627,226.3872710027499,107.16354299802333
13,3,0,0,0,0,0,20,77.50540200504474,112.82140199909918,195.09446099982597,107.75475400441792
18,6,0,0,3,0,2,0,81.00181899499148,106.66406400559936,211.97274400037713,95.09910900669638
9,3,0,0,2,0,2,397,149.3776140123373,130.14887399913277,253.96403700869996,131.91738599562086
20,4,0,0,2,0,2,1,65.15084901184309,77.50073799979873,156.18566299963277,82.95282200560905
15,2,0,0,1,0,1,0,68.92859798972495,98.50173599261325,179.11018400627654,85.86170899798162
23,7,0,0,3,0,2,7,185.69693800236564,210.00492699386086,315.8189840032719,100.29463398677763
42,3,0,0,7,0,3,1,127.46068299748003,167.9707980074454,359.8268990026554,160.02483198826667
22,8,0,0,1,0,2,1,80.30701699317433,112.18898999504745,215.37036099471152,103.34286399302073
43,1,0,0,2,0,2,1,94.51791600440629,108.47016799380071,264.3621909955982,61.69690100068692
23,2,0,0,3,0,2,0,97.19135699560866,116.71575398941059,235.91141699580476,98.73209400393534
18,1,0,0,3,0,2,0,96.15331899840385,115.59933600074146,216.37367199582513,96.14076100115199
37,1,0,0,2,0,2,1,56.650657003046945,113.13898500520736,257.89848700514995,106.55151400715113
27,1,0,0,1,0,2,1,75.93902699591126,106.78155699861236,215.97903899964876,101.14335099933669
16,8,0,0,1,0,2,89,171.64637599489652,271.3915589993121,303.11070900643244,136.42767000419553
22,6,0,0,3,0,2,13,103.3442680054577,117.70298299961723,249.2573540075682,97.64546000224072
3,2,0,0,0,0,0,3212,34.344386993325315,61.19901000056416,166.2869830033742,200.4084890068043
26,2,0,0,4,0,3,2,81.15180699678604,108.71601299731992,242.8711940010544,103.18095399998128
14,4,0,0,1,0,2,5,130.2766739972867,195.94906400016043,330.2600379975047,201.3884870102629
1,0,0,0,0,0,0,4115,20.220445992890745,26.312464993679896,56.17734699626453,44.770659995265305
19,6,0,0,2,0,2,0,71.14860799629241,100.5908960069064,198.9562310045585,91.40268100600224
24,3,0,0,3,0,2,3,100.73114899569191,120.9790020075161,254.7007920074975,103.39758000918664
11,4,0,0,1,0,2,5,181.4142980001634,249.6695239969995,400.43725099531,271.8399230070645
10,4,0,0,1,0,2,93,137.52946200838778,240.99222499353345,317.2186369920382,209.27844500693027
9,4,0,0,1,0,1,11,125.91160301235504,113.14630899869371,204.13686000392772,102.21542500948999
8,1,0,0,0,0,0,381,37.30051800084766,51.38585400709417,134.0372630074853,105.85198100307025
28,5,0,0,1,0,2,1,81.23464000527747,75.66648299689405,115.05542999657337,53.65602498932276
21,4,0,0,1,0,2,1,97.46133600128815,111.9820140011143,229.50343499542214,101.89116599212866
3,0,0,0,0,0,0,2679,51.333829993382096,70.11741999303922,129.35174799349625,98.98403499391861
32,1,0,0,5,0,4,0,76.59465799224563,108.63745999813545,252.5799370050663,100.4758600029163
21,5,0,0,1,0,2,1,94.73564100335352,109.29450500407256,230.2729359944351,103.60042499087285
25,7,0,0,1,0,2,1,83.93275800335687,112.05194100330118,223.92518499691505,105.50586799217854
9,6,0,0,0,0,0,0,113.26493200613186,95.2658479945967,154.6705389919225,101.95050000038464
24,2,0,0,1,0,2,0,80.50287599326111,107.64561599353328,215.14534000016283,98.20299998682458
26,1,0,0,3,0,2,1,78.89014200191014,108.86083600053098,230.454100004863,96.8884410103783
28,8,0,0,3,0,2,1,78.64109899674077,111.49358199327253,238.8925150007708,105.04289199889172
24,0,0,0,2,0,2,0,72.59427099779714,100.43337500246707,212.9907960043056,93.35912999813445
18,6,0,0,1,0,2,0,34.81465400545858,47.03774501103908,94.14585099148098,42.02480599633418
26,2,0,0,3,0,2,1,96.25001100357622,121.79649400059134,246.3688040006673,103.38230000343174
33,3,0,0,2,0,2,1,74.95076098712161,108.41025500849355,233.11774399189744,100.4398489894811
8,5,0,0,0,0,0,23,73.02458700723946,103.89023600146174,176.30484999972396,96.26313199987635
28,5,0,0,3,0,2,1,81.17679500719532,112.5403229962103,239.1716239944799,106.95873999793548
26,1,0,0,3,0,2,1,83.6165069922572,114.62701900745742,239.44037601177115,95.88792400609236
16,3,0,0,3,0,2,0,161.47186000307556,157.94512300635688,293.1093919905834,158.8499799981946
27,4,0,0,2,0,1,1,38.16672399989329,50.656199993682094,173.5912139993161,95.8132369996747
28,5,0,0,1,0,2,1,80.44766800594516,114.68793000676669,226.09844998805784,107.28407700662501
21,1,0,0,1,0,2,1,96.38877998804674,110.24583100515883,229.02945199166425,103.25742000713944
24,7,0,0,3,0,2,29,54.367580989492126,62.13219299388584,131.852536011138,53.0867759953253
18,4,0,0,1,0,2,2,71.69099598831963,104.26217499480117,197.89803700405173,97.07330800301861
17,5,0,0,1,0,2,1,103.95280699594878,152.82133100845385,271.1385410075309,156.61701299541164
7,0,0,0,0,0,0,70,72.70351800252683,103.29208199982531,174.24415300774854,94.48949499346782
16,2,0,0,1,0,2,2,119.98351699730847,154.78584199445322,293.75912000250537,128.2021840015659
24,1,0,0,2,0,2,1,100.70884801098146,119.96121400443371,244.21993200667202,104.94542199012358
2,2,0,0,0,0,0,5771,27.258382993750274,36.43850599473808,89.18946000630967,173.6480039980961
4,2,0,0,0,0,0,1018,102.10127399477642,144.15711800393183,119.1503290028777,78.84627900784835
11,7,0,0,1,0,2,1413,174.40738399454858,171.44912100047804,230.37597199436277,182.52181500429288
28,2,0,0,1,0,2,1,76.3063409976894,106.09160100284498,216.67793601227459,99.71939399838448
23,3,0,0,2,0,2,1,155.0059860019246,104.7527379996609,283.423244007281,99.61768799985293
3,3,0,0,0,0,0,5631,38.46683300798759,52.93998301203828,100.44654199737124,214.558905994636
13,1,0,0,0,0,0,18,54.43346800166182,107.81907199998386,191.59957699594088,101.28055200038943
15,1,0,0,0,0,0,1,39.10230900510214,54.859167998074554,95.3990660054842,50.79975299304351
28,8,0,0,1,0,2,1,78.75386999512557,111.69194499962032,225.19089200068265,108.64065299392678
14,0,0,0,2,0,2,2,81.03580799070187,110.81292400194798,209.3842400063295,101.86462799902074
38,3,0,0,5,0,3,1,100.75256299751345,111.99143801059108,289.4621369923698,105.87041999679059
24,1,0,0,0,0,0,1,78.94203400064725,110.94144498929381,209.91579399560578,106.1841400078265
9,2,0,0,1,0,2,1425,153.8427430059528,222.41815099550877,306.3617659936426,246.62033200729638
2,0,0,0,0,0,0,1322,69.06219400116242,96.67224399163388,158.28996599884704,91.09049101243727
24,0,0,0,0,0,0,0,77.37057999474928,111.98051099199802,209.22362500277814,107.95656399568543
14,0,0,0,1,0,2,11,76.7926569969859,102.93067499878816,197.78627199411858,93.36138899379876
24,4,0,0,4,0,2,1,157.34527198947035,113.30299900146201,293.3333510009106,68.02576199697796
27,3,0,0,2,0,2,1,86.94193100382108,113.24465299549047,232.93233499862254,106.41348799981643
25,4,0,0,3,0,2,0,76.63977600168437,106.90294399682898,221.71955699741375,101.35349399934057
8,1,0,0,1,0,2,14,76.09571899229195,109.39633198722731,191.33217399939895,101.22095300175715
10,1,0,0,2,0,2,391,171.54824000317603,100.9201779961586,121.1358620057581,56.99537800683174
11,4,0,0,1,0,2,64,79.96636400639545,121.10298799234442,189.36659098835662,236.93898099008948
10,1,0,0,1,0,2,0,68.45542800147086,97.10365999490023,176.7765669937944,84.93559900671244
1,1,0,0,0,0,0,5937,16.201083999476396,19.474751999950968,73.10657399648335,114.12769100570586
3,0,0,0,0,0,0,1858,71.15827800589614,99.99812699970789,161.74347199557815,92.32602900010534
12,1,0,0,0,0,0,8,72.9273530014325,103.26433999580331,182.8180809970945,96.22619699803181
20,6,0,0,2,0,1,1,111.24463500163984,160.2665060054278,282.2818790009478,163.22516699437983
10,0,0,0,1,0,2,840,89.996100999997,123.83174400019925,201.2651430122787,124.80365700321272
26,3,0,0,3,0,2,2,40.09732400299981,54.5540689927293,117.37260500376578,52.53465799614787
3,0,0,0,0,0,0,2679,51.64727699593641,71.00011600414291,128.73945198953152,100.3330669918796
8,2,0,0,0,0,0,941,72.1827300003497,102.96623500471469,170.87343799357768,107.78972100524697
17,1,0,0,0,0,0,1,77.94514599663671,112.18476500653196,197.93852299335413,105.30140199989546
5,1,0,0,0,0,0,144,70.75190100295004,100.55006999755278,165.71264900267124,89.06501399178524
15,1,0,0,1,0,2,0,99.37053400790319,103.21461899729911,217.18151099048555,96.04236399172805
22,3,0,0,1,0,2,3,50.44733600516338,51.65484099416062,188.76657099463046,96.86558200337458
11,3,0,0,1,0,2,611,92.7454869961366,118.00731299445033,206.9007359968964,114.89293500198983
23,2,0,0,1,0,2,1,78.25310299813282,112.47824000020046,219.06006100471132,106.4865340013057
27,1,0,0,4,0,2,1,97.7000980055891,118.79607501032297,259.4701670022914,102.96567498880904
7,0,0,0,1,0,2,2495,91.25129399762955,82.27822999469936,118.98844300594646,91.3344459986547
26,4,0,0,3,0,2,1,99.67121799127199,119.84220800513867,256.3224389887182,104.03728499659337
18,1,0,0,2,0,2,1,72.43222100078128,103.52055499970447,202.574476992595,93.66480600147042
15,3,0,0,0,0,0,2,108.32407699490432,159.50125800736714,268.5307979991194,164.86488499504048
13,4,0,0,1,0,2,0,35.64307899796404,46.83357500471175,91.29313999437727,71.92904000112321
23,2,0,0,0,0,0,0,72.56546498683747,102.55951099679805,197.0277999935206,93.78887200728059
18,1,0,0,2,0,2,1,61.164127007941715,102.3190880077891,203.2756880071247,69.06705400615465
14,2,0,0,1,0,2,3,184.87976801407058,155.01719000167213,340.5783960042754,158.70146799716167
21,2,0,0,2,0,2,1,77.3322070017457,109.28535999846645,216.46522199444007,62.901420998969115
24,4,0,0,1,0,2,1,124.95160500111524,156.585468997946,298.176918993704,161.77820300799794
23,1,0,0,3,0,2,1,102.58806800993625,119.38378900231328,247.31096600589808,114.40205000690185
18,0,0,0,1,0,2,0,100.61697599303443,103.83321899280418,226.75765899475664,94.7353759984253
11,5,0,0,1,0,2,630,161.8052580015501,93.65878801327199,263.7913570069941,209.55914098885842
22,3,0,0,2,0,3,1,84.20923999801744,113.19962500419933,226.26865698839538,107.34619200229645
19,0,0,0,2,0,4,0,74.03773799887858,103.2005410088459,211.80686900333967,96.18994400079828
3,2,0,0,0,0,0,2988,118.13101799634751,181.03290699946228,274.2042719910387,201.29576200270094
7,6,0,0,0,0,0,2359,51.2173439929029,103.53939101332799,167.35955199692398,61.604982998687774
23,1,0,0,2,0,2,1,97.29449400037993,118.08557499898598,246.33579299552366,104.55351500422694
28,3,0,0,3,0,2,1,41.59383800288197,55.48603199713398,233.83902899513487,108.37189599988051
24,1,0,0,2,0,2,1,39.57633700338192,54.67440700158477,112.33472199819516,53.31789499905426
3,3,0,0,0,0,0,5631,37.61942200071644,52.769658010220155,98.2036089990288,215.5324930063216
3,2,0,0,0,0,0,3098,64.04327899508644,91.56148000329267,151.65908201015554,101.13467699557077
43,2,0,0,2,0,2,1,94.65561099932529,111.15888399945106,264.0953460067976,102.02505400229711
22,5,0,0,1,0,2,1,76.03767100954428,105.09646900754888,208.01500498782843,98.64025400020182
2,0,0,0,0,0,0,3629,39.380720001645386,54.59663399960846,111.11281299963593,96.5153629949782
3,2,0,0,0,0,0,3023,108.9052439929219,169.268956000451,261.0240869980771,200.55052699171938
22,1,0,0,2,0,2,0,70.28708099096548,103.24030999618117,214.24413099884987,92.93661599804182
27,0,0,0,3,0,3,1,99.2518349958118,113.52104099933058,254.1752399993129,106.34484799811617
10,2,0,0,1,0,2,1107,91.3643820094876,128.10659100068733,203.78818800963927,122.85908299963921
12,1,0,0,0,0,0,6,40.87851700023748,55.406173996743746,99.12110200093593,54.12299600720871
1,0,0,0,0,0,0,4117,41.90971799835097,58.59046700061299,116.98043000069447,91.72229700197931
23,1,0,0,1,0,2,1,54.20420700102113,52.71518899826333,117.41810401144903,51.10685199906584
1,0,0,0,0,0,0,914,61.55466800555587,88.60442299919669,145.53456100111362,85.94873899710365
20,0,0,0,1,0,1,1,73.13983599306084,103.72405299858656,193.15580000693444,96.55294900585432
25,5,0,0,1,0,2,1,78.77936700242572,110.20056100096554,220.84571499726735,54.47939201258123
22,2,0,0,0,0,0,0,56.222892002551816,108.30913900281303,204.27000999916345,101.75294299551751
28,7,0,0,1,0,2,1,78.86261199018918,113.07622099411674,224.6682260010857,106.31888400530443
24,5,0,0,4,0,2,2,190.52644399926066,194.6316239918815,373.9522770047188,165.45232399948873
3,2,0,0,0,0,0,547,98.07830199133605,144.89941200008616,231.1699419951765,149.69998800370377
23,5,0,0,3,0,3,1,83.13163300044835,113.72644299990498,228.73662899655756,107.36408000229858
2,0,0,0,0,0,0,2981,34.51070099254139,47.92688100133091,143.81317399966065,91.33269800804555
18,8,0,0,1,0,2,6,178.39370199362747,189.3180520128226,329.11264699941967,174.89315501006786
4,2,0,0,0,0,0,1858,85.00989500316791,73.34047900803853,116.76424200413749,77.28669699281454
14,3,0,0,1,0,2,1,129.30920500366483,188.04707200615667,327.51492300303653,199.07361500372645
28,1,0,0,2,0,2,0,78.5181190003641,113.60085100750439,233.83029000251554,105.49332699156366
11,1,0,0,1,0,2,47,93.03346800152212,131.6096279915655,213.98228401085362,119.94327399588656
23,3,0,0,2,0,2,1,130.2844440069748,169.84587800106965,312.89854799979366,168.98234000836965
31,0,0,0,3,0,4,1,76.07691599696409,57.87021201103926,133.97230899136048,48.89323899988085
3,0,0,0,0,0,0,1858,71.45072500861716,101.90358299587388,163.65377500187606,95.260556001449
18,4,0,0,1,0,2,1,63.361281994730234,104.65096699772403,199.69717600906733,95.6066819926491
16,6,0,0,1,0,2,3,186.76294200122356,223.71549899980891,400.07213498756755,231.44141399825457
20,1,0,0,2,0,2,4,111.78854799072724,156.5652989957016,293.1403480033623,131.18560198927298
11,4,0,0,1,0,2,50,191.08916100231,106.70961599680595,307.40052300097886,99.54708300938364
9,2,0,0,1,0,2,1330,121.38167100783903,154.02499100309797,242.4799680011347,146.17433000239544
11,3,0,0,1,0,2,864,134.63771299575455,203.58022399886977,316.37714699900243,227.8922740078997
2,1,0,0,0,0,0,2989,69.27192999864928,98.27907099679578,156.24498399847653,91.97937599674333
5,1,0,0,0,0,0,441,70.0392550061224,101.93936200812459,112.79721700702794,78.1552200060105
5,2,0,0,0,0,0,1896,47.104946002946235,69.02046898903791,123.76980800763704,178.45911798940506
20,4,0,0,1,0,2,2,85.34848800627515,109.67534300289117,221.5838959964458,103.94506900047418
6,1,0,0,0,0,0,487,74.5378670108039,106.0018830030458,175.56158499792218,106.02572100469843
34,2,0,0,3,0,2,1,102.18535499006975,106.28382999857422,262.5080300058471,97.78998099500313
13,2,0,0,0,0,0,18,39.92187998665031,112.35565500101075,166.83339400333352,102.93194699625019
10,0,0,0,1,0,1,3,81.18575600383338,104.7729099955177,187.21826300316025,97.53120699315332
22,3,0,0,2,0,2,2,82.02540100319311,63.644342008046806,126.04075600393116,55.620177008677274
3,2,0,0,0,0,0,3594,53.78427600953728,77.91423100570682,137.34754199685995,156.79415100021288
14,1,0,0,0,0,0,9,76.48603001143783,112.66261299897451,192.74813299125526,102.43601800175384
12,3,0,0,1,0,2,5,93.41824099828955,121.23136999434792,216.72495600068942,108.7674759910442
28,6,0,0,1,0,2,0,75.88910999766085,109.67409299337305,219.75533200020436,103.93162599939387
8,2,0,0,0,0,0,2,37.50647300330456,100.07726101321168,175.5597269948339,95.92108899960294
24,1,0,0,2,0,2,1,97.06538800674025,117.26857500616461,240.95028000010643,97.53423700749408
17,0,0,0,2,0,2,1,70.98922498698812,100.05445400020108,202.2109669924248,91.34876399184577
1,0,0,0,0,0,0,3248,55.99912899197079,75.17451699823141,70.06615800492,45.509643998229876
24,1,0,0,2,0,2,1,105.2928020071704,119.92631100292783,248.28799499664456,96.19907599699218
22,5,0,0,0,0,0,1,78.095607997966,109.61847899307031,202.27403900935315,103.36494199873414
27,1,0,0,4,0,2,1,100.37460300372913,115.93086000357289,255.5154369911179,97.09019899310078
18,4,0,0,0,0,0,1,77.28867499099579,113.286199994036,200.83404699107632,104.4468140025856
21,3,0,0,3,0,2,1,67.25955400906969,87.62902500166092,309.3794809974497,135.0693809945369
32,2,0,0,3,0,4,1,113.11142799968366,116.93722299241927,270.6235719961114,161.65716700197663
26,2,0,0,0,0,0,1,77.6935140020214,110.84167601075023,213.21420501044486,107.17681299138349
28,7,0,0,3,0,2,0,37.2801189951133,49.06740100705065,134.37147899821866,92.9621870018309
5,3,0,0,0,0,0,658,99.61456399469171,149.47921500424854,239.51764400408138,169.88681799557526
20,4,0,0,2,0,1,1,109.07711699837819,161.6145269945264,288.1679269921733,163.30531900166534
27,0,0,0,1,0,2,0,48.399609993794,54.1696599975694,119.49979299970437,51.412808999884874
20,5,0,0,2,0,1,1,112.07688899594359,159.90704399882816,283.1800919957459,161.88522599986754
2,0,0,0,0,0,0,514,67.25710300088394,96.12929799186531,157.6183739962289,93.56655199371744
25,1,0,0,3,0,2,1,78.10859500023071,112.14398899755906,231.55914300878067,104.55555899534374
20,5,0,0,1,0,2,3,78.9563190046465,113.46989899175242,219.52642399992328,56.17776500002947
26,1,0,0,2,0,2,1,95.90401899185963,109.36705200583674,247.05622800684068,103.92540399334393
10,0,0,0,1,0,2,834,88.13842800736893,120.52840599790215,200.29501199314836,120.97090600582305
5,1,0,0,0,0,0,0,100.220852997154,152.52150100423023,243.65250499977265,152.30135699675884
14,4,0,0,1,0,2,1,102.3632200085558,154.34777300106362,262.8275409952039,155.2686100039864
17,2,0,0,3,0,2,10,94.24890599620994,106.3523049961077,167.21154301194474,47.21517500001937
28,5,0,0,1,0,2,1,53.81574199418537,76.77413000783417,286.07233198999893,165.12333699211013
20,2,0,0,2,0,2,0,71.9362529926002,103.3763940067729,214.24136699351948,97.32447400165256
26,3,0,0,1,0,2,1,50.38287599745672,53.75833599828184,155.58290400076658,104.61163900617976
20,5,0,0,2,0,2,0,107.04547200293746,155.0294920016313,285.4309359972831,160.31916299834847
6,2,0,0,0,0,0,0,69.70317299419548,96.68911500193644,84.54876800533384,44.62238600535784
20,3,0,0,3,0,2,42,98.57292998640332,122.15465800545644,246.78755301283672,107.10489499615505
3,3,0,0,0,0,0,5631,38.0509759997949,54.088453005533665,99.86606200982351,218.0062440020265
18,3,0,0,1,0,2,1,104.31675799190998,155.9475219983142,273.88497498759534,158.29435200430453
28,4,0,0,4,0,2,1,178.34506199869793,188.9811980072409,385.7895780092804,198.90594099706504
15,5,0,0,1,0,1,10,75.49329899484292,102.13415899488609,189.46255299670156,96.98553700582124
16,1,0,0,1,0,2,1,79.02331699733622,108.16004899970721,205.37974601029418,100.80718499375507
17,1,0,0,2,0,1,1,73.17166100256145,102.7725099993404,198.36958800442517,96.4520849956898
6,5,0,0,0,0,0,0,121.9973109982675,189.58229299460072,296.2349930021446,194.93550699553452
20,1,0,0,2,0,2,0,107.86567599279806,156.4316269941628,285.62029798922595,155.11028199398424
7,4,0,0,0,0,0,0,71.50265300879255,109.6791620075237,280.8790540002519,226.72229699674062
19,2,0,0,1,0,2,1,118.34452400216833,156.06396799557842,294.6154649980599,158.97848400345538
27,2,0,0,2,0,2,1,81.32555500196759,70.03076600085478,156.491925008595,110.11066200444475
16,1,0,0,0,0,0,1,71.9952499930514,105.3127030027099,188.61209000169765,95.84516899485607
20,1,0,0,1,0,1,0,77.59348099352792,108.78067900193855,115.04570300166961,51.70160399575252
24,1,0,0,1,0,2,1,99.37116201035678,106.66589200263843,231.9563159981044,97.73909699288197
11,4,0,0,1,0,2,0,180.2345600008266,111.41297299764119,191.2078329914948,99.97580799972638
21,5,0,0,3,0,2,0,150.68514599988703,203.79248600511346,309.03778300853446,156.62088099634275
26,4,0,0,3,0,2,1,101.34446999290958,120.93572699814104,261.20695599820465,104.13942199375015
15,1,0,0,1,0,2,86,80.7123349950416,108.71578399382997,204.26411500375252,101.52247200312559
30,1,0,0,5,0,3,1,100.96839998732321,121.06122401019093,170.68492600810714,52.334203995997086
27,5,0,0,2,0,2,1,85.58803699270356,114.92144400835969,241.10580900742207,106.82590100623202
20,1,0,0,1,0,2,1,99.87128899956588,104.20525599329267,232.06023099191952,96.14806200261228
26,0,0,0,3,0,2,0,96.54947200033348,110.92685800394975,234.90916599985212,102.9375229991274
28,7,0,0,1,0,2,1,41.45701599190943,55.649570989771746,155.2736419980647,109.27363199880347
25,2,0,0,0,0,0,1,76.62408900796436,111.72301598708145,146.2190960010048,102.87825600244105
28,1,0,0,2,0,2,1,106.72294699179474,117.71147500257939,133.85716298944317,48.42024599201977
20,6,0,0,2,0,1,0,104.71964899625164,159.2686980002327,277.40614500362426,162.7331259951461
28,3,0,0,1,0,2,1,78.7366650038166,113.72501800360624,222.59025600214954,106.79505599546246
20,1,0,0,0,0,0,1,79.24128900049254,110.8127999905264,203.5028649988817,105.12474000279326
19,6,0,0,1,0,2,1,77.77647300099488,111.72553399228491,212.03550799691584,104.8976289894199
1,0,0,0,0,0,0,3248,56.33180899894796,79.407594006625,139.25194200419355,51.73480400117114
22,1,0,0,3,0,2,0,188.16011099261232,185.033283996745,364.3448850052664,158.93178200349212
19,1,0,0,1,0,2,3,42.99125200486742,65.29694399796426,172.91736698825844,53.36607800563797
21,4,0,0,3,0,2,0,104.46008598955814,156.88427900022361,289.9126630072715,157.91211799660232
10,0,0,0,0,0,0,329,38.75293298915494,78.3937230007723,182.30430800758768,107.75546600052621
17,2,0,0,1,0,1,0,82.67166200676002,115.19595599384047,205.61717699456494,108.55394900136162
17,2,0,0,2,0,2,2,102.08071800298057,118.21311200037599,230.0364270049613,97.55851699446794
18,3,0,0,1,0,2,1,95.91555999941193,109.50907500227913,222.86937100579962,104.34610999072902
30,4,0,0,3,0,2,1,128.02955499500968,168.94658499222714,300.5435039958684,81.52324099501129
28,10,0,0,3,0,2,1,78.72506001149304,113.57903799216729,240.19154399866238,108.89831600070465
14,5,0,0,1,0,2,5,105.82738700031769,156.03457200631965,270.1237539877184,158.18940199096687
26,1,0,0,3,0,2,1,96.2948399974266,119.50889600848313,253.569217005861,104.13704300299287
8,2,0,0,0,0,0,1388,67.84219399560243,97.72193399840035,162.30477900535334,106.02466600539628
29,1,0,0,3,0,2,1,43.665418997989036,54.914720996748656,209.4773019925924,106.33905600116123
26,1,0,0,3,0,1,1,71.63382200815249,107.6631379983155,210.34833100566175,97.01504900294822
25,2,0,0,2,0,2,2,76.7660980054643,110.42435398849193,218.36792399699334,101.28604200144764
28,1,0,0,2,0,2,1,98.02476600452792,104.82213200884871,242.5784310034942,50.01372599508613
27,4,0,0,2,0,2,1,96.45386999181937,110.75729399453849,251.10483900061809,101.3349080021726
9,0,0,0,0,0,0,0,71.82755299436394,104.77916400122922,179.56440898706205,96.77584799646866
24,9,0,0,3,0,2,27,101.62520800076891,119.0038830100093,253.13201600511093,106.20140899845865
18,1,0,0,1,0,2,4,97.53580899268854,104.33490401192103,221.41526799532585,96.62583700264804
28,9,0,0,3,0,2,1,79.13331101008225,113.46392201085109,238.9137970021693,104.82475900789723
14,9,0,0,1,0,2,5,94.63153700926341,131.03632199636195,215.56301300006453,223.76665699994192
3,1,0,0,0,0,0,3594,23.163540987297893,31.106634996831417,59.349762988858856,75.48270099505316
26,0,0,0,3,0,2,1,103.95187899121083,117.65658999502193,254.93954999546986,96.38516799896024
17,1,0,0,2,0,2,1,75.1840359880589,98.08573099144269,206.51531999465078,89.15011800127104
13,2,0,0,0,0,0,20,75.73139399755746,108.08279899356421,192.93193900375627,102.21780500432942
23,3,0,0,1,0,2,1,95.01117200125009,111.31763699813746,232.4029310111655,102.93016000650823
20,2,0,0,1,0,2,1,65.93295799393672,77.72598699375521,140.13543899636716,81.73862200055737
17,3,0,0,0,0,0,0,77.61868099623825,111.77023100026418,200.05883199337404,105.99771000852343
20,2,0,0,0,0,0,1,78.50369799416512,110.16940799891017,202.59980899572838,104.39664800651371
21,1,0,0,1,0,2,1,37.56975200667512,86.93182600836735,207.19560999714304,95.4704390023835
27,3,0,0,5,0,2,1,98.32128400739748,105.29287801182363,258.7299599981634,94.08751499722712
28,11,0,0,3,0,2,2,171.61755199776962,270.2653809974436,447.3895320115844,264.0444760036189
28,1,0,0,2,0,2,1,97.89350999926683,110.0926189974416,250.8412859897362,103.32151300099213
13,2,0,0,0,0,0,0,37.96655200130772,51.42889499256853,92.69197999674361,75.17367300170008
15,1,0,0,0,0,0,1,71.68819999787956,82.55880299839191,93.56414301146287,48.278232003212906
27,2,0,0,4,0,2,1,128.220546990633,169.36647301190533,331.26432599965483,162.17210100148804
24,4,0,0,3,0,2,9,99.87539700523484,120.38795799890067,255.45367099402938,104.36282500450034
23,3,0,0,1,0,2,1,79.45209500030614,114.2024510045303,219.51039700070396,107.04576299758628
24,8,0,0,3,0,2,27,103.10316699906252,121.85512100404594,251.7002950044116,52.93423299735878
26,2,0,0,3,0,2,1,49.8958149983082,55.65681599546224,186.9803010049509,50.11057898809668
22,3,0,0,1,0,2,1,75.53747500060126,107.35270100121852,212.15877200302202,100.32780098845251
12,2,0,0,2,0,2,50,155.6759789964417,165.27899500215426,296.2085949984612,169.31762399326544
18,1,0,0,1,0,2,1,92.29908700217493,108.89375199622009,226.70492700126488,101.84711599140428
15,4,0,0,1,0,2,0,127.95082700904459,195.13903300685342,323.6367759964196,200.78120799735188
1,0,0,0,0,0,0,5937,17.147467005997896,20.261413999833167,74.96454000647645,88.58924900414422
3,2,0,0,0,0,0,2988,119.4584580080118,181.14291899837554,274.95515398913994,199.3540529947495
6,1,0,0,0,0,0,482,44.63113901147153,101.71650600386783,173.25427100877278,103.27802199753933
7,5,0,0,0,0,0,593,144.0251320018433,226.25692099973094,343.25523300503846,232.38082199532073
11,6,0,0,1,0,1,0,52.80021799262613,77.70226600405294,132.84888400812633,82.99301400256809
10,2,0,0,1,0,2,12,156.53629900771193,108.59529899607878,198.21923699055333,101.42040299251676
18,6,0,0,1,0,2,1,105.34151400497649,158.1069959938759,274.80388901312836,112.71953499817755
19,2,0,0,1,0,2,0,98.65475699189119,105.20317500049714,202.2029579966329,95.37593899585772
2,2,0,0,0,0,0,5771,26.951938998536207,35.47737599001266,88.45408000343014,173.8949720020173
25,3,0,0,1,0,2,1,129.7827829985181,155.21307299786713,303.69605201121885,164.28163499222137
28,5,0,0,3,0,2,1,78.77903700864408,112.07876200205646,239.01293700328097,105.2691109944135
24,2,0,0,2,0,2,1,88.62409100402147,116.21377599658445,237.30649398930836,110.1653640071163
4,0,0,0,0,0,0,441,35.304241013363935,95.80366399313789,163.5909479955444,93.84522499749437
25,5,0,0,3,0,2,0,75.91691000561696,108.49394400429446,223.45869899436366,101.81189999275375
15,1,0,0,1,0,2,1,72.6378020044649,103.97038600058295,170.6407869933173,95.25556101289112
9,0,0,0,0,0,0,0,40.92327099351678,97.71475900197402,188.31184500595555,103.68387399648782
5,2,0,0,0,0,0,46,74.79607600544114,107.38996400323231,177.85727699811105,98.60880400810856
13,4,0,0,1,0,2,11,89.23539299576078,104.59461099526379,165.76509999867994,100.91676701267716
13,1,0,0,1,0,2,65,98.94705799524672,108.49094000877813,218.06745399953797,98.03076401294675
8,1,0,0,1,0,2,2495,150.02572699449956,207.9698180023115,279.14647400029935,225.42460198746994
2,0,0,0,0,0,0,2981,68.13147099455819,98.15589799836744,160.1920700049959,92.31866800109856
35,1,0,0,1,0,2,1,99.18945400568191,106.74188801203854,246.62529199849814,96.97822299494874
24,9,0,0,3,0,2,0,110.92821900092531,127.88316101068631,261.5967140009161,104.94621000543702
32,2,0,0,2,0,2,0,105.2565240097465,117.20534499909263,259.7766409890028,97.1439559943974
11,6,0,0,1,0,2,50,178.54227199859452,116.0877439979231,302.30722299893387,108.9343519997783
27,1,0,0,3,0,2,0,71.37038599466905,102.51865998725407,226.97871200216468,92.79886599688325
9,4,0,0,1,0,2,0,87.6631129940506,108.70440099097323,149.72293500613887,154.2017720057629
23,1,0,0,0,0,0,1,73.76002399541903,108.30300700035878,203.28680000966415,99.38416200748179
16,3,0,0,1,0,1,3,82.0479219983099,111.29479500232264,203.5654569917824,107.72991900739726
20,5,0,0,1,0,2,1,192.09350700839423,158.4280579991173,340.29929200187325,160.09914698952343
4,2,0,0,0,0,0,860,77.31405200320296,110.16732599819079,177.73046300862916,102.4195649952162
20,1,0,0,2,0,2,2,66.74870899587404,59.272372993291356,120.26312699890696,51.41815199749544
22,2,0,0,1,0,2,1,98.107998011983,103.00740899401717,229.6764820057433,96.6753249958856
2,0,0,0,0,0,0,29,69.75047898595221,97.55382398725487,158.6342499940656,88.1054539931938
7,1,0,0,0,0,0,482,70.11157499800902,101.20003300835378,174.10241499601398,99.99904900905676
26,1,0,0,3,0,2,1,105.12883000774309,118.01837000530213,256.3990240014391,97.06854399701115
25,7,0,0,1,0,2,1,43.18465599499177,54.787934001069516,113.53411601157859,53.18120699666906
28,6,0,0,1,0,2,1,81.22479300072882,114.76001699338667,225.85805699054617,107.27355899871327
8,6,0,0,0,0,0,0,182.3829979985021,286.3241070008371,430.34660701232497,276.9498090056004
25,6,0,0,1,0,2,1,84.84095199673902,113.05122199701145,227.42070000094827,106.5483319980558
22,3,0,0,2,0,2,0,103.70796600182075,110.3404750028858,147.50733401160687,52.837533003184944
1,0,0,0,0,0,0,508,67.23859599151183,96.38289500435349,157.21510200819466,87.37384299456608
22,4,0,0,2,0,3,1,84.30252299876884,114.63189500500448,225.6318209983874,107.05484199570492
30,1,0,0,2,0,2,1,94.60553199460264,108.48778199579101,245.75324999750592,102.33412300294731
23,3,0,0,1,0,2,1,98.67773100268096,109.39491499448195,230.55384799954481,104.68096900149249
17,2,0,0,2,0,2,242,107.20439901342615,125.62541500665247,245.30829800642096,115.76642199361231
26,1,0,0,2,0,2,1,42.76360999210738,56.825263003702275,119.53765100042801,53.2819340005517
18,2,0,0,2,0,2,1,72.8726929955883,102.52144900732674,204.18786199297756,95.44163300597575
16,0,0,0,2,0,2,44,90.55560499837156,116.99989398766775,193.2695769937709,55.337849000352435
5,4,0,0,0,0,0,0,122.31908399553504,189.10832700203173,298.63772200769745,195.26611700712238
17,1,0,0,3,0,2,2,80.19155499641784,105.67094800353516,211.57603499887045,96.92539500247221
4,1,0,0,0,0,0,737,68.23906701174565,98.48800899635535,162.26506199745927,103.72222700971179
22,5,0,0,1,0,2,1,76.8173120013671,107.50615100550931,209.48799799953122,101.35736101074144
19,2,0,0,1,0,2,2,99.41079700365663,110.88283700519241,229.97626900905743,104.56400898692664
13,3,0,0,2,0,2,11,42.58850499172695,51.758146000793204,104.30537900538184,47.070139000425115
26,1,0,0,1,0,2,1,96.77172898955178,110.17415300011635,239.35282599995844,102.52424899954349
9,2,0,0,1,0,2,93,159.78345400071703,199.43687900376972,249.67401300091296,151.41728600428905
10,2,0,0,1,0,2,93,174.58954099856783,240.94791000243276,322.6846510078758,210.38137999130413
4,0,0,0,0,0,0,1421,31.213790003675967,42.91875200578943,76.20704799774103,50.174998003058136
11,0,0,0,1,0,2,365,98.54400499898475,111.41663200396579,212.36714400583878,106.6839099948993
27,1,0,0,3,0,2,1,77.60099000006448,108.47782700147945,223.98264599905815,99.0573500021128
31,2,0,0,2,0,2,1,98.70659098669421,104.53355401114095,253.0606039945269,96.86726299696602
27,2,0,0,3,0,3,1,40.93410199857317,54.41973100823816,118.55147799360566,52.12793100508861
4,3,0,0,0,0,0,1958,135.8937490003882,209.01878499716986,314.2998700059252,232.59045300073922
19,8,0,0,1,0,2,1,105.62070000742096,152.9295530053787,273.43332998862024,154.29240198864136
20,0,0,0,2,0,2,1,100.4376930068247,106.1919660132844,235.42164399987087,97.59401000337675
23,2,0,0,2,0,2,1,98.06303400546312,112.16654400050174,239.01732299418654,102.85039000154939
30,2,0,0,3,0,2,1,128.39597299171146,166.95053600415122,331.6255529935006,158.4175860043615
5,1,0,0,0,0,0,441,36.71634399506729,51.613467003335245,84.77406601014081,49.23954499827232
22,5,0,0,2,0,2,1,106.75444500520825,159.4956680055475,285.9892359992955,163.59311899577733
4,3,0,0,0,0,0,1960,73.76240400481038,108.65905600076076,178.39713400462642,159.3134239956271
28,3,0,0,3,0,2,1,79.66178099741228,112.28006600867957,156.26301399606746,53.842994006117806
28,10,0,0,3,0,2,2,130.73781800630968,200.91141399461776,364.37504600326065,207.25892699556425
2,1,0,0,0,0,0,3629,48.19442400184926,68.31399700604379,132.11486500222236,152.003073002561
23,1,0,0,2,0,2,1,98.58210700622294,112.02817500452511,241.11830300535075,102.61780700238887
25,7,0,0,3,0,2,2,77.50475998909678,109.61876399233006,225.37935900618322,101.70802699576598
22,1,0,0,1,0,2,1,80.12706501176581,65.55117700190749,162.7304150024429,49.46992400800809
2,2,0,0,0,0,0,5771,27.324483002303168,35.93228000681847,89.46841300348751,173.0945029994473
12,1,0,0,1,0,1,1,69.18825699540321,98.20440399926156,175.60461501125246,86.35322700138204
20,5,0,0,1,0,2,4,82.11051099351607,115.99751900939737,218.94528600387275,109.89674599841237
22,3,0,0,0,0,0,1,61.12333099008538,56.2011709989747,174.54510999959894,107.90683999948669
20,2,0,0,2,0,2,1,99.18953200394753,117.50390801171307,247.51888499304187,104.46043699630536
4,4,0,0,0,0,0,5074,59.08865400124341,86.11642799223773,127.86069100548048,245.01441800384782
20,3,0,0,1,0,2,1,79.0671020076843,60.14203900122084,108.51006000302732,82.5718690030044
8,5,0,0,0,0,0,1868,119.20362799719442,182.38178500905633,248.69805699563585,237.21747899253387
4,2,0,0,0,0,0,667,73.12336000904907,105.68487999262288,176.13563199120108,99.25103500427213
18,1,0,0,1,0,2,1,99.17080600280315,85.36492798884865,113.93706400122028,48.93956700107083
15,2,0,0,3,0,2,0,85.38105299521703,110.01900500559714,208.97635399887804,97.53912899759598
17,2,0,0,0,0,0,1,76.52427999710198,109.7798669943586,198.65240600483958,104.54113000014331
36,4,0,0,6,0,2,1,125.87317499855999,159.11791400867514,334.565327008022,81.20939299988095
29,2,0,0,4,0,3,0,147.7657840005122,147.1949510014383,373.9690959919244,165.00739399634767
38,2,0,0,4,0,3,1,101.44178300106432,105.4511810070835,273.7821130140219,98.22360999532975
3,0,0,0,0,0,0,433,70.57337000151165,102.75995200208854,163.50922398851253,91.10823601076845
17,1,0,0,1,0,2,1,78.32505900296383,88.3042000059504,147.6844529970549,107.42633100016974
22,1,0,0,2,0,2,1,39.2826939933002,83.83047199458815,218.78505499626044,98.86797699437011
21,5,0,0,1,0,2,0,81.67587401112542,107.31474099156912,212.53877600247506,99.08172200084664
13,1,0,0,0,0,0,2,40.240394009742886,54.8083120083902,98.57357399596367,52.770269991015084
8,4,0,0,1,0,2,1964,143.583352008136,196.6842039983021,254.5892729976913,230.07484400295652
10,5,0,0,1,0,2,28,180.02413099748082,110.07518599217292,294.25067199917976,101.68364200217184
6,2,0,0,0,0,0,1409,84.49960799771361,129.4281859882176,201.79248800559435,159.67984599410556
7,5,0,0,0,0,0,336,84.8784039990278,125.10829798702616,203.6205859913025,120.56198700156529
20,3,0,0,1,0,2,1,39.5746220019646,56.466674999683164,134.24092398781795,109.18675299035385
18,3,0,0,1,0,2,1,104.79944599501323,155.40979700745083,218.90302599058487,83.21453900134657
24,0,0,0,1,0,2,0,79.08620599482674,110.40309300005902,218.64352200645953,108.20981899450999
28,7,0,0,1,0,2,1,79.82770900707692,112.32906999066472,223.67365399259143,105.81085200828966
27,2,0,0,2,0,2,1,122.27765099669341,156.13889899395872,274.9506349937292,159.1854350117501
14,3,0,0,1,0,2,1,128.3928589982679,187.21625399484765,294.42586000368465,151.74271300202236
27,2,0,0,1,0,2,1,78.10492099088151,110.96448398893699,156.270029998268,51.93517000589054
3,3,0,0,0,0,0,5631,38.13021400128491,53.796379987034015,100.95943999476731,216.13452599558514
25,2,0,0,3,0,2,0,72.41848998819478,104.53672299627215,215.38480000162963,96.78968800290022
16,1,0,0,0,0,0,2,73.80417399690486,110.50386799615808,192.59611499728635,99.803081000573
11,1,0,0,2,0,2,54,127.57296201016288,114.66038099024445,235.2317359909648,102.9472570080543
29,1,0,0,3,0,2,1,68.16703600634355,57.838170003378764,129.87563099886756,51.059648001682945
19,5,0,0,2,0,4,3,194.64810700446833,287.971812998876,435.19399598881137,267.41633701021783
20,2,0,0,1,0,2,1,74.56150399229955,104.20822000014596,202.76833498792257,96.80520900292322
21,1,0,0,1,0,2,1,95.22800700506195,109.16196000471245,230.79816700192168,102.36212601012085
22,1,0,0,2,0,2,1,68.2461350079393,157.80735200678464,308.9869980030926,160.39391499361955
9,0,0,0,1,0,2,19,75.94309499836527,106.49308199936058,189.34853000973817,97.72413400060032
8,2,0,0,1,0,1,38,125.14912699407432,107.90026499307714,201.44222499220632,98.43802900286391
26,4,0,0,1,0,2,1,78.88905399886426,109.87790299986955,220.4569250025088,101.75055199943017
14,0,0,0,2,0,2,430,79.79057499323972,66.61756400717422,140.04271000158042,63.910830998793244
29,2,0,0,1,0,2,1,79.60583300155122,112.75619000662118,225.31558500486426,106.04855700512417
19,0,0,0,1,0,2,1,73.03110099746846,103.51838199130725,197.9066950007109,90.27086399146356
15,2,0,0,0,0,0,2,60.503903005155735,103.6437100119656,186.85737600026187,95.7504580001114
1,0,0,0,0,0,0,5937,17.03145400097128,19.8635390115669,75.6974399992032,90.27126600267366
23,1,0,0,0,0,0,1,75.35777600423899,106.80659599893261,203.84773801197298,100.67574100685306
19,0,0,0,2,0,2,1,101.45162101252936,110.22678000153974,241.49799600127153,98.10007500345819
13,1,0,0,1,0,2,1,93.68913600337692,87.56733700283803,136.64338999660686,78.35706100740936
11,6,0,0,1,0,2,28,180.16189000627492,110.4380970064085,295.9676629980095,102.04604400496464
22,2,0,0,2,0,2,0,97.30732798925601,102.74381400085986,227.47293800057378,94.46238201053347
26,2,0,0,3,0,2,1,60.310842003673315,96.03656800754834,252.2623489930993,96.22564900200814
14,0,0,0,1,0,2,49,100.74651800096035,106.79573999368586,220.3210309962742,99.79415399720892
13,3,0,0,1,0,2,46,184.96930199034978,158.90500199748203,340.1121269998839,163.46904099918902
27,3,0,0,2,0,2,1,84.10452799580526,113.02044399781153,230.769211993902,106.97554000944365
20,6,0,0,1,0,2,1,70.00092299131211,153.80271300091408,316.4800840022508,203.7070150108775
27,4,0,0,2,0,2,1,123.82101600815076,154.98666500207037,315.1042149984278,158.3891729969764
20,3,0,0,1,0,2,1,181.59096999443136,152.45264500845224,337.32266699371394,160.88528900581878
18,2,0,0,2,0,2,2,72.06193599267863,103.65132000879385,204.54916699964087,94.83005799120292
20,3,0,0,1,0,1,1,76.90222399833146,110.58594299538527,204.57983401138335,102.49414600548334
11,6,0,0,1,0,2,1298,89.41996199428104,69.56238200655207,264.3757299956633,136.9909990025917
24,1,0,0,3,0,2,0,72.2957849939121,99.77874699688982,209.5423200080404,90.44697700301185
16,3,0,0,1,0,2,2,79.46516500669532,114.06804800208192,142.04055700975005,53.34177600161638
19,2,0,0,0,0,0,1,76.28563900652807,111.05657700682059,203.2363619946409,105.74069099675398
18,6,0,0,1,0,2,2,187.63832199329045,159.29447599046398,338.09738300624304,162.2223070007749
27,2,0,0,4,0,2,1,100.2966230007587,119.41269900125917,232.28768799162935,52.44703400239814
26,5,0,0,3,0,2,2,107.15149399766233,127.29781000234652,261.57799099746626,105.58240399404895
19,3,0,0,1,0,2,5,84.17493999877479,116.96749299881049,217.59577900229488,110.51675700582564
10,2,0,0,1,0,2,93,90.93410499917809,146.12161999684758,320.4692310100654,207.81942999747116
12,1,0,0,0,0,0,0,68.24839899491053,94.72040500259027,138.42158899933565,41.84023800189607
24,4,0,0,3,0,2,1,99.78515299735591,107.48741200950462,238.2035329937935,94.88223100197501
3,0,0,0,1,0,1,1445,68.08034800633322,143.83241200994235,176.82995699578896,145.69505999679677
10,3,0,0,1,0,2,1530,93.85879899491556,129.41562201012857,211.54238800227176,134.32364499021787
12,2,0,0,1,0,2,0,72.57339201169088,80.61404600448441,269.33194500452373,90.48223099671304
20,2,0,0,3,0,2,4,77.59264200285543,106.66802199557424,212.54841399786528,94.59471600712277
21,1,0,0,1,0,2,1,83.40592500462662,102.57103099138476,203.34311200713273,46.56069600605406
9,3,0,0,1,0,1,28,38.24154500034638,50.46543199568987,178.68445700150914,95.99498200987
16,4,0,0,1,0,2,0,142.88778899936005,154.47235001192894,327.66791099857073,159.35127600096166
21,6,0,0,3,0,2,3,139.89242499519605,201.27241300360765,359.3959940044442,204.44477400451433
22,1,0,0,1,0,1,1,75.94000600511208,107.77225199854001,202.95655699737836,100.796951999655
8,3,0,0,0,0,0,381,74.96967799670529,106.25969999819063,181.72872099967208,106.70944000594318
9,3,0,0,0,0,0,25,74.13663499755785,105.14311300357804,182.32741000247188,98.79356800229289
12,6,0,0,1,0,2,371,180.3618429985363,266.2186640081927,402.40959700895473,272.2158149990719
31,1,0,0,3,0,2,1,40.193712993641384,97.32119599357247,238.35699900519103,94.09729299659375
14,1,0,0,0,0,0,1,37.22891800862271,51.31322699890006,149.3815340072615,96.41955999541096
29,2,0,0,3,0,2,1,74.89338600134943,54.73189600161277,114.77418898721226,51.53398199763615
19,1,0,0,1,0,2,1,58.595399998012,111.39852800988592,229.1840239922749,103.86907300562598
17,1,0,0,1,0,2,1,84.12600700103212,118.15319399465807,215.79685700999107,110.5444940039888
21,1,0,0,2,0,2,1,74.11617899197154,107.28525499871466,214.07085300597828,100.2657960052602
10,6,0,0,1,0,2,0,196.11341098789126,102.31800300243776,302.2640169947408,93.46827899571508
16,1,0,0,2,0,2,22,101.21548299503047,108.63678200985305,227.33103000791743,101.83132399106398
22,0,0,0,0,0,0,0,76.82032899174374,108.64543300704099,202.34448299743235,102.65585599699989
28,4,0,0,1,0,2,1,54.51758900017012,76.46533800289035,148.39342900086194,83.54958100244403
4,0,0,0,0,0,0,217,70.08095399942249,102.5750609987881,165.3329160035355,87.56673100288026
12,2,0,0,1,0,1,5,102.37647300527897,150.54990000498947,257.6350720046321,109.27514301147312
19,2,0,0,2,0,4,1,81.1067230097251,112.36258900316898,221.436163992621,103.53951000433881
1,1,0,0,0,0,0,5937,8.661416009999812,10.179214004892856,38.17608900135383,102.2726240043994
21,0,0,0,0,0,0,1,78.03487399360165,109.50924300414044,201.8862520053517,104.8413359967526
20,4,0,0,1,0,2,1,78.42452000477351,111.8407869944349,216.02085400081705,105.9586220071651
17,5,0,0,1,0,2,1,147.14345100219361,108.43478199967649,253.19900699832942,101.26573100569658
17,1,0,0,0,0,0,1,78.38881299539935,111.59969499567524,202.46362799662165,107.97307299799286
2,2,0,0,0,0,0,5771,27.261954004643485,36.590189003618434,88.5082039894769,171.86854900501203
32,1,0,0,2,0,2,1,78.90738500282168,114.25563300144859,238.349492996349,106.8069720058702
28,7,0,0,1,0,2,1,80.44073800556362,111.90055900078733,199.7311369923409,53.628258989192545
30,1,0,0,4,0,2,1,39.08585700264666,51.32024000340607,159.59506000217516,93.89034900232218
25,6,0,0,1,0,2,1,83.47870899888221,114.02591200021561,228.87085999536794,106.5784619859187
18,1,0,0,1,0,2,1,72.35895599296782,95.14298700378276,99.30085200176109,47.419465001439676
25,4,0,0,1,0,1,0,104.13810099998955,158.45167099905666,283.23158298735507,161.4847769960761
24,3,0,0,2,0,2,1,96.00322399637662,113.06660900299903,241.16583399882074,103.87767798965797
16,2,0,0,1,0,2,1,60.72616399615072,102.05503199540544,220.97437600314151,96.00292600225657
2,1,0,0,0,0,0,2254,39.32505598641001,56.397436987026595,97.21775499929208,75.92163699155208
29,1,0,0,3,0,2,1,99.16343100485392,103.52520999731496,254.75899800949264,97.76468700147234
24,7,0,0,3,0,2,5,108.47363699576817,125.4532130114967,262.41887800279073,105.18711000622716
24,5,0,0,3,0,2,9,99.84089199861046,120.58588500076439,254.3888079962926,105.27179099153727
30,3,0,0,4,0,2,1,105.44472599576693,118.23657598870341,271.0536939994199,97.4540700117359
23,2,0,0,1,0,2,1,94.7446820064215,108.3861799997976,233.01024799002334,102.44628600776196
18,5,0,0,1,0,2,0,34.52811400347855,46.527685000910424,94.65777900186367,42.241589006152935
42,1,0,0,5,0,2,1,82.07832899643108,111.86804900353309,269.47609399212524,98.53578600450419
23,1,0,0,2,0,2,0,75.01940299698617,107.56553499959409,215.97628299787175,97.0185530022718
16,5,0,0,1,0,2,3,184.29416400613263,220.0586539984215,396.13938599359244,114.96133900072891
21,0,0,0,0,0,0,1,77.72612100234255,109.17019500629976,202.91742400149815,57.19350300205406
4,0,0,0,0,0,0,0,76.05920199421234,109.80923799797893,181.11937399953604,103.97943199495785
2,2,0,0,0,0,0,5771,27.32938500412274,36.554367005010135,88.92490499420092,172.24850499769673
7,5,0,0,0,0,0,1888,100.55079699668568,149.3062820081832,219.96113100613002,207.568939003977
21,4,0,0,3,0,2,60,107.19040800177027,126.45413499558344,254.98939400131349,108.96336800942663
21,5,0,0,1,0,2,1,143.33604100102093,195.18701700144447,353.45045500434935,202.42180400236975
24,2,0,0,2,0,2,1,50.85662199417129,111.59155800123699,245.22106899530627,102.25601300771814
12,1,0,0,0,0,0,1,72.57250101247337,103.3545809914358,179.7865679982351,92.04264200525358
7,1,0,0,0,0,0,42,73.92230600817129,102.60582099726889,176.96172499563545,93.52630100329407
25,3,0,0,4,0,2,1,92.69753900298383,77.48023798922077,181.95043699233793,77.50940699770581
13,3,0,0,1,0,2,3,176.7184409982292,188.97038800059818,313.01834199985024,191.83682999573648
28,3,0,0,3,0,2,1,130.97696499607991,193.50549299269915,363.9260979980463,197.84205600444693
2,0,0,0,0,0,0,91,71.02267099253368,99.97861299780197,167.14372599381022,93.62857999803964
17,0,0,0,2,0,1,0,37.016116999438964,49.48817800323013,96.93031699862331,46.567529992898926
36,1,0,0,1,0,2,1,77.69689000269864,113.2709800003795,232.44105199410114,106.26251599751413
23,2,0,0,3,0,3,1,82.20871999219526,113.81335499754641,229.53851700003725,107.96244200901128
11,0,0,0,1,0,2,10,156.56010300153866,105.92255699157249,253.3562710013939,96.51916200527921
22,2,0,0,2,0,3,1,110.77206500340253,164.30054999364074,293.9042700018035,167.70348300633486
9,3,0,0,0,0,0,952,70.75806600914802,102.74156600644346,172.64965501090046,107.52336899167858
10,4,0,0,1,0,2,28,179.79233800724614,105.52716000529472,293.52848599955905,97.83299200353213
31,1,0,0,4,0,3,0,47.79413600044791,58.151439006906,131.0021490062354,52.103730995440856
19,2,0,0,1,0,2,3,84.97842500219122,112.79609400662594,219.12199301004875,105.46748399792705
1,1,0,0,0,0,0,5937,16.61295299709309,19.401345009100623,71.9841320096748,113.24880800384562
18,2,0,0,0,0,0,1,106.28565200022422,159.0997509920271,273.15133399679326,162.5818910106318
3,3,0,0,0,0,0,5631,37.66546900442336,52.47114099620376,99.52937001071405,213.9255950023653
31,4,0,0,4,0,2,1,111.22508900007233,125.20118198881391,257.02978600747883,52.07540999981575
3,3,0,0,0,0,0,5631,38.03299400897231,52.025491997483186,99.89132499322295,213.5215629969025
16,0,0,0,1,0,1,0,77.30058699962683,109.58326199033763,199.15934900927823,105.26194199337624
23,1,0,0,3,0,2,1,97.95414700056426,103.75735200068448,239.94161500013433,94.61556900350843
4,0,0,0,0,0,0,0,71.80188600614201,104.45790299854707,170.91603999142535,94.20043499267194
22,2,0,0,2,0,3,1,42.37536100845318,99.39813399978448,229.0553839993663,107.00435898615979
15,1,0,0,1,0,2,1,73.14693598891608,103.08008000720292,192.83883599564433,92.71620099025313
3,0,0,0,0,0,0,2679,51.648302003741264,70.6538889935473,129.7160609974526,99.91772301145829
7,6,0,0,0,0,0,1431,171.84740600350779,220.90975100582,187.28068999189418,140.27615799568594
6,2,0,0,0,0,0,1409,44.087364003644325,99.68013800971676,200.91609899827745,161.0211560036987
21,3,0,0,3,0,2,1,101.56840000126977,118.64042899105698,245.26305300241802,85.45311501075048
11,4,0,0,2,0,2,257,100.56372599501628,113.9326350094052,224.53137900447473,106.58454900840297
16,1,0,0,1,0,2,1,124.47465799050406,153.7491180060897,295.5485919956118,157.4638669990236
9,2,0,0,1,0,2,93,152.2180850006407,196.20778399985284,276.34704699448776,76.69166299456265
24,2,0,0,2,0,2,1,84.22391299973242,113.89475098985713,237.34870000043884,106.13211199233774
24,1,0,0,2,0,2,1,80.09063100325875,112.01370100025088,230.62958699301817,105.37971400481183
25,1,0,0,2,0,2,1,108.89520500495564,153.47868300159462,292.60596200765576,156.94111699122004
14,2,0,0,0,0,0,1,59.96964900987223,106.5768699918408,189.38128600711934,99.87290798744652
17,2,0,0,0,0,0,1,40.79317000287119,54.660107009112835,184.84806999913417,108.70759299723431
27,2,0,0,3,0,2,1,77.92732698726468,112.08664301375393,233.37212699698284,105.81572700175457
17,0,0,0,1,0,2,34,79.32148600229993,110.22400000365451,205.895874009002,106.11956199863926
1,1,0,0,0,0,0,5937,16.582441996433772,19.561749999411404,74.08043599571101,73.7665199994808
9,1,0,0,0,0,0,357,75.51695099391509,105.47890800808091,178.71438201109413,99.7048650024226
18,3,0,0,2,0,2,0,38.80302399920765,52.28957399958745,105.24408500350546,65.24085899582133
12,2,0,0,1,0,2,0,67.770699999528,96.78874499513768,179.9868840025738,86.03306699660607
25,1,0,0,2,0,2,1,72.71670199406799,117.26253799861297,239.92868800996803,108.4762250102358
6,4,0,0,0,0,0,1896,96.5981179906521,139.21228800609242,107.82270500203595,103.69779499887954
22,1,0,0,0,0,0,0,74.74505300342571,104.2004979972262,198.6231650080299,98.56678800133523
22,1,0,0,1,0,2,1,80.18809600616805,105.54878100811038,212.38017101131845,77.50452299660537
11,1,0,0,1,0,2,3,178.4621730039362,199.72565400530584,301.34028200700413,206.1068800103385
3,3,0,0,0,0,0,5631,38.8665869977558,52.302273994428106,100.48459700192325,214.5023330085678
21,3,0,0,1,0,2,1,93.30408299865667,110.15903600491583,233.4499889984727,102.79679000086617
1,1,0,0,0,0,0,5937,8.555574007914402,9.66211999184452,38.522284012287855,56.911947001935914
26,1,0,0,3,0,2,2,102.89142599503975,116.64705400471576,254.46235600975342,97.4465390027035
5,0,0,0,0,0,0,441,69.23782099329401,97.50944000552408,166.23539599822834,94.47429500869475
1,0,0,0,0,0,0,5937,17.234276994713582,20.356648004963063,73.88305499625858,89.71551799913868
30,0,0,0,1,0,2,1,79.1505369998049,115.64716199063696,226.78909500245936,108.57055400265381
24,2,0,0,3,0,3,2,76.41137999598868,105.63511899090372,225.0728430080926,98.49934501107782
7,3,0,0,0,0,0,16,75.8528930018656,107.85821900935844,181.09091000223998,98.95488899201155
17,1,0,0,2,0,2,177,50.77562799851876,59.704387007514015,216.69817400106695,113.38600900489837
7,4,0,0,0,0,0,317,144.05066600011196,163.91894400294404,171.44923300656956,117.23207600880414
22,1,0,0,3,0,2,1,75.51790699653793,104.70745099883061,221.0471839935053,95.78707099717576
11,7,0,0,1,0,2,381,182.7680220012553,274.2101559997536,393.47354699566495,278.05477900255937
11,1,0,0,1,0,2,9,128.07813899416942,151.21324599022046,285.2930029912386,157.21965400734916
3,2,0,0,0,0,0,2988,115.05744999158196,179.234256997006,273.20311999937985,198.24350700946525
9,0,0,0,1,0,2,41,81.40085800550878,57.94754899397958,98.37133099790663,51.99341400293633
22,4,0,0,2,0,2,0,77.22041200031526,106.12291299912613,217.46630100824405,72.75312600540929
25,3,0,0,2,0,2,1,76.04014300159179,55.00454000139143,211.0880140098743,105.66140299488325
28,8,0,0,3,0,2,2,149.0701869915938,229.41372900095303,405.429374994128,235.87200899783056
9,4,0,0,0,0,0,14,74.7717409976758,106.80859499552753,181.63226899923757,98.57724199537188
6,3,0,0,1,0,1,0,116.52589599543717,108.4191989939427,209.5547539938707,101.76264301117044
24,4,0,0,1,0,1,1,80.58610999432858,112.8414880076889,213.95762299653143,107.3245649895398
28,2,0,0,2,0,2,1,53.18464899028186,57.28595099935774,129.60183799441438,73.63511700532399
21,1,0,0,2,0,2,1,99.62646100029815,105.26252900308464,237.84462199546397,96.05527100211475
17,4,0,0,0,0,0,2,103.18099000141956,153.28821299772244,159.35485500085633,81.20786299696192
14,1,0,0,1,0,2,223,123.61175499972887,161.4973529940471,280.6821639969712,167.4962360120844
7,3,0,0,0,0,0,16,74.10732599964831,106.55354600748979,179.47718298819382,99.53172999667004
22,2,0,0,3,0,2,1,185.18886499805376,185.58696200489067,312.08040099591017,160.07008400629275
22,2,0,0,2,0,2,2,108.62562099646311,123.57426001108252,249.66765299905092,104.69840999576263
11,1,0,0,0,0,0,8,75.81391499843448,108.98860100132879,184.9361479980871,100.02704600628931
20,1,0,0,1,0,1,1,79.05732899962459,110.69618200417608,208.67605799867306,106.60223099694122
10,2,0,0,1,0,2,1,82.84519100561738,103.287222009385,200.8676760015078,94.22123200783972
3,0,0,0,0,0,0,2679,51.07546999352053,70.76935199438594,130.22149600146804,99.82317600224633
1,0,0,0,0,0,0,2995,66.01012698956765,93.59518700512126,154.99791399633978,89.13622300315183
3,3,0,0,0,0,0,5631,38.3595739986049,53.637043994967826,99.57332699559629,213.4786289971089
8,3,0,0,0,0,0,7,72.3065109923482,103.35499698703643,176.7170039966004,95.41948400146794
22,3,0,0,3,0,2,8,106.23708099592477,96.19293001014739,190.59689399728086,153.03694299655035
25,3,0,0,3,0,2,1,192.0436090003932,183.52813700039405,356.8313499999931,114.4021590007469
43,4,0,0,5,0,3,1,79.15407698601484,112.43807298887987,268.74048900208436,106.9451770017622
13,1,0,0,0,0,0,6,76.3243850087747,112.33344998618122,195.28968300437555,104.49208399222698
3,2,0,0,0,0,0,547,99.00319699954707,147.40756701212376,235.1715490076458,149.55234200169798
23,2,0,0,2,0,2,0,65.20184999681078,58.11478900432121,230.64116000023205,106.3097300066147
20,1,0,0,1,0,2,1,40.518177003832534,54.05031300324481,105.24424198956694,80.01012999739032
24,5,0,0,1,0,1,0,79.83663100458216,112.22498999268282,218.06348000245634,105.42265701224096
14,2,0,0,1,0,2,1,77.88611399882939,108.06032700929791,203.04464698710945,100.06498100119643
12,2,0,0,1,0,2,2,73.92208599776495,103.06952800601721,188.5179130040342,94.2719809972914
20,1,0,0,1,0,2,1,108.02938501001336,159.47702901030425,281.8397849914618,162.4368560005678
36,5,0,0,6,0,2,1,128.3765699918149,119.39913799869828,174.3948920047842,82.46516999497544
3,1,0,0,0,0,0,0,69.79825800226536,101.17752999940421,169.0972529904684,93.23921200120822
21,1,0,0,3,0,2,1,76.62307099963073,105.38000300584827,219.92459500324912,95.03039000264835
2,2,0,0,0,0,0,5771,27.459771998110227,36.24139500607271,89.86002000165172,171.89251999661792
25,3,0,0,0,0,0,0,107.72579599870369,158.97599399613682,279.3865069979802,165.80397199140862
12,1,0,0,0,0,0,1,78.90611400944181,111.4137840049807,194.5380630058935,106.31809500046074
4,1,0,0,0,0,0,3565,36.97623100015335,51.32187300478108,84.43920500576496,165.63576699991245
27,2,0,0,1,0,1,1,78.23573700443376,111.4084429864306,215.93588800169528,105.13421100040432
27,3,0,0,2,0,1,1,71.8915720062796,104.62366299179848,183.27426198811736,96.03213099762797
22,1,0,0,2,0,2,1,97.68949499994051,80.43988200370222,193.2899059902411,97.64411899959669
6,3,0,0,0,0,0,386,123.32378000428434,192.36441999964882,292.8817330102902,199.47158799914178
7,3,0,0,0,0,0,224,80.87047400476877,115.4719420010224,193.1534199975431,112.27913299808279
17,2,0,0,2,0,2,5,125.10078299965244,78.31634199828841,173.51466699619778,83.32742999482434
20,3,0,0,2,0,2,1,112.58359500789084,158.90199299610686,293.53400299442,162.43768800632097
11,0,0,0,1,0,2,457,153.08885800186545,123.69220599066466,249.94175900064874,115.80187699291855
21,2,0,0,3,0,3,1,77.00274600938428,107.14144799567293,221.612367007765,97.9072600021027
18,2,0,0,1,0,2,0,75.71017100417521,107.82566000125371,201.79325100616552,99.99116200197022
35,1,0,0,0,0,0,1,76.40558399725705,107.88666899316013,217.7807970001595,98.84232899639755
35,2,0,0,5,0,2,1,48.41627999849152,58.97286499384791,137.88905199908186,52.54707900166977
22,1,0,0,2,0,2,1,96.07845499704126,118.90255998878274,240.39369099773467,102.56150299392175
10,4,0,0,0,0,0,379,74.59620200097561,108.46659199160058,184.13367899484,106.62987400428392
14,1,0,0,1,0,2,28,99.96831600437872,104.54134199244436,218.65792199969292,99.50525700696744
27,1,0,0,3,0,2,1,97.05199299787637,120.04451699613128,253.1674479978392,102.16080900863744
12,2,0,0,0,0,0,1,77.81717299076263,113.54341500555165,192.77740200050175,107.6149460132001
21,3,0,0,3,0,2,1,98.46409199235495,104.91866299707908,235.85485501098447,94.0579739981331
26,3,0,0,3,0,2,0,152.40264500607736,205.3272139892215,384.27078598761,201.80970898945816
20,2,0,0,3,0,2,7,88.42258900403976,66.92912199650891,147.4826860066969,55.12359099520836
10,0,0,0,0,0,0,5,77.94054399710149,110.90683600923512,192.46604200452566,105.93565698945895
19,5,0,0,3,0,2,1,105.10215599788353,110.04604600020684,241.9340050109895,101.96188700501807
7,1,0,0,0,0,0,948,69.92012400587555,99.82194199983496,168.44659199705347,103.70535800757352
21,3,0,0,1,0,2,1,80.16204200976063,110.47975398832932,206.97984599974006,54.149214993231
10,2,0,0,1,0,2,0,184.34460200660396,153.92512301332317,245.83044998871628,133.230271996581
27,2,0,0,2,0,2,1,42.97621799923945,55.53118100215215,118.09505098790396,54.157751001184806
26,3,0,0,3,0,2,1,98.39500700763892,119.9991119938204,255.37637500383426,103.79017700324766
5,4,0,0,0,0,0,2691,94.25335199921392,145.1488160091685,207.7966149954591,256.1695019976469
6,3,0,0,0,0,0,1896,96.96015200461261,144.9978439923143,214.73638899624348,205.07279699086212
1,0,0,0,0,0,0,508,68.95216599514242,97.30658199987374,158.14040599798318,87.62665999529418
18,0,0,0,1,0,2,6,99.9868959916057,108.8406259950716,232.7423649985576,104.2218229995342
15,1,0,0,1,0,2,4,128.83309400058351,154.28493400395382,290.59491799853276,158.45623199129477
10,2,0,0,1,0,2,1325,160.25519800314214,220.92134901322424,293.25936899113003,225.91201300383545
28,12,0,0,3,0,2,2,170.123293006327,266.73883700277656,450.65367499773856,261.5990990016144
28,2,0,0,3,0,2,1,53.58039699785877,59.25209399720188,221.3337209977908,96.1850330058951
18,5,0,0,2,0,2,6,171.77141600404866,195.58049199986272,187.44203099049628,102.72363600961398
20,2,0,0,2,0,2,1,184.47339099657256,179.975455001113,349.2807110014837,177.61109900311567
18,2,0,0,0,0,0,1,76.38529399991967,110.95837499306072,197.86659799865447,102.64148999704048
24,3,0,0,3,0,2,1,98.14103499229532,121.8234049883904,249.4752999919001,104.33318500872701
21,1,0,0,2,0,2,0,54.10282900265884,57.08583899831865,124.11199799680617,48.64032099430915
27,3,0,0,2,0,2,1,104.62146300415043,118.01101799937896,252.8196420025779,97.77781399316154
2,1,0,0,0,0,0,3629,48.13227399426978,67.38976000633556,132.18184698780533,152.31628199398983
16,0,0,0,1,0,1,0,70.20135800121352,100.92751499905717,185.62206700153183,91.29250100522768
21,2,0,0,1,0,2,1,98.3613940043142,103.5099329892546,227.60580900649074,98.04979700129479
25,2,0,0,2,0,1,1,77.64965599926654,107.74764799862169,211.7739969980903,101.11578500072937
38,3,0,0,5,0,2,1,129.88730300276075,172.094040986849,351.5333319955971,135.77472399629187
11,1,0,0,2,0,2,13,178.9710969896987,166.73172000446357,331.38345599581953,171.68432800099254
27,1,0,0,3,0,2,1,81.43872999062296,113.66666000685655,233.34210000757594,105.48988399386872
2,1,0,0,0,0,0,3629,47.98985899833497,66.81172800017521,129.6075990103418,152.83236899995245
6,1,0,0,0,0,0,1409,65.17631300084759,93.97760899446439,159.87734601367265,104.43381500954274
30,4,0,0,2,0,2,0,62.44095500733238,99.6588959969813,311.0313819925068,182.61780100874603
19,4,0,0,1,0,2,1,81.65191100852098,105.93181199510582,213.7963759887498,97.69067299203016
23,1,0,0,1,0,2,1,102.7299569977913,153.39450900501106,148.5210209939396,80.0678489904385
20,4,0,0,2,0,2,1,99.02996799792163,137.14754801185336,306.2516710051568,159.231682002428
6,3,0,0,0,0,0,1896,48.967932001687586,138.68355899467133,216.60429799521808,205.2180529863108
9,2,0,0,1,0,2,1425,154.62989298976026,158.88722700765356,270.1347230031388,248.2273189962143
11,6,0,0,1,0,2,5,122.2757210052805,175.749697998981,286.93229900090955,176.63113100570627
2,2,0,0,0,0,0,5771,27.20117299759295,36.16188200248871,89.59505200618878,172.0941890089307
16,1,0,0,1,0,2,1,96.69480100274086,110.58727499039378,231.00981999596115,103.52176199376117
20,1,0,0,2,0,2,2,74.63610099512152,103.6607480054954,213.33422600582708,96.413877006853
22,3,0,0,3,0,2,0,177.93106099998113,112.32342800940387,208.61950400285423,113.3268770063296
33,1,0,0,1,0,2,1,68.86582799779717,107.29048600478563,242.03310899611097,102.57378200185485
5,3,0,0,0,0,0,2329,58.61551400448661,82.02254900243133,139.10480300546624,99.5569820079254
28,4,0,0,1,0,2,1,79.91911200224422,113.71036099444609,224.41244700166862,106.60562200064305
11,4,0,0,1,0,2,283,182.79544600227382,271.66942099574953,381.87155200284906,264.7012730012648
18,2,0,0,3,0,2,1,49.624149993178435,50.995315992622636,118.00188299093861,47.81633599486668
21,1,0,0,1,0,2,1,95.73879600793589,109.57854299340397,226.81758999533486,102.3231020080857
22,5,0,0,1,0,2,1,104.37411999737378,150.56570500019006,274.8364849976497,153.71518599567935
7,1,0,0,1,0,2,325,152.1731349930633,183.262687001843,236.6494839952793,155.47122299904004
6,3,0,0,0,0,0,0,68.32007999764755,94.5168279868085,162.57791600946803,86.96589400642551
8,5,0,0,1,0,1,719,145.19697400100995,169.18239499500487,277.7009540004656,179.20173399033956
15,3,0,0,1,0,2,9,37.897068992606364,49.818004001281224,100.24961600720417,47.38072799227666
34,2,0,0,3,0,3,1,93.72999399784021,109.18667499208823,262.4513460032176,104.97572598978877
3,2,0,0,0,0,0,0,99.62170899962075,150.6777690083254,240.22532800154295,149.46734100522008
1,1,0,0,0,0,0,5937,8.541543007595465,9.610799999791197,55.31372000405099,113.09575899213087
2,1,0,0,0,0,0,2992,94.83428800012916,131.8097809999017,113.18662200937979,77.78106200566981
11,0,0,0,1,0,2,834,90.31719500489999,126.96653699094895,202.4456530052703,125.60332599969115
13,1,0,0,1,0,2,0,70.70125800964888,100.95061399624683,188.50243800261524,92.47429799870588
36,0,0,0,5,0,4,0,82.50097000563983,112.8887009981554,264.6368040004745,102.02906299673487
9,1,0,0,1,0,2,183,178.05479500384536,158.43748500628863,200.53250300406944,82.90182099153753
12,3,0,0,1,0,2,1,76.12395299656782,108.44036198977847,195.67180100420956,99.03122400282882
14,1,0,0,2,0,2,2,102.24901599576697,89.38925700203981,227.73009700176772,95.88176799297798
17,1,0,0,3,0,2,1,183.57512800139375,161.28934899461456,338.3165569975972,158.24375899683218
9,3,0,0,0,0,0,25,37.85164300643373,51.59476299013477,91.52197200455703,50.1905440032715
4,3,0,0,0,0,0,2339,118.39521100046113,182.4112539907219,274.5193299924722,202.3187750019133
16,4,0,0,3,0,2,1,116.90562599687837,109.47776399552822,235.5541160068242,98.19483800674789
17,2,0,0,1,0,2,1,74.04127001063898,103.33561500010546,196.6385679988889,95.80697200726718
21,4,0,0,3,0,2,1,101.59004900197033,116.85301701072603,247.55084700882435,100.23681999882683
18,5,0,0,1,0,2,5,110.07671599509194,164.00136399897747,284.6614390000468,168.9703309966717
20,3,0,0,1,0,2,4,112.53239099460188,163.6792960052844,285.6875630095601,166.43312200903893
24,1,0,0,0,0,0,1,78.45814700704068,114.63730401010253,208.52277899393812,106.87717799737584
21,1,0,0,3,0,2,5,112.15161699510645,52.35393499606289,135.78607399540488,48.86398899543565
14,1,0,0,1,0,1,2,92.56269100296777,105.01452899188735,199.62075700459536,99.55595500650816
28,10,0,0,3,0,2,0,172.70662100054324,273.51925300899893,455.78105399908964,267.2922310011927
19,2,0,0,1,0,2,1,96.37724299682304,108.83540399663616,229.98960000404622,103.5471639916068
31,4,0,0,4,0,2,1,65.45492299483158,124.37017798947636,273.0254929920193,91.35516799869947
33,2,0,0,5,0,2,1,99.87757200724445,105.13140499824658,232.93823300627992,81.07008200022392
2,0,0,0,0,0,0,0,73.43568801297806,105.12578999623656,166.4717399980873,92.58045299793594
8,0,0,0,0,0,0,0,35.25038799853064,98.66174399212468,170.0014270027168,90.15207199263386
19,7,0,0,1,0,2,1,104.78967499511782,158.955507009523,279.81020299193915,161.5357710106764
3,3,0,0,0,0,0,5631,38.092295988462865,52.623093011789024,99.2319770011818,191.19461299851537
12,2,0,0,2,0,2,0,45.334869995713234,72.2785279940581,210.62680799514055,107.08696900110226
15,2,0,0,1,0,2,1,78.66121501137968,62.62986200454179,103.18610399554018,52.57692300074268
26,1,0,0,2,0,2,1,51.340225007152185,53.97082299168687,198.33096100774128,98.27067799051292
4,2,0,0,1,0,1,1264,94.37343699391931,182.1341929899063,249.61596200591885,206.64758699422237
9,4,0,0,1,0,2,1964,156.41016500012483,214.35470100550447,294.0825940022478,260.7678560016211
20,9,0,0,2,0,2,12,107.9237720114179,160.07686100783758,289.3357489956543,166.98803300096188
17,2,0,0,1,0,2,0,160.63895499974024,107.53545799525455,270.0112390011782,100.583209990873
32,2,0,0,1,0,1,1,39.78690299845766,53.6526009964291,111.24069399375003,52.56513200583868
3,1,0,0,0,0,0,239,71.93960700533353,101.77735799516086,164.8282520036446,92.88129799824674
30,1,0,0,2,0,2,1,79.88071400905028,111.94944399176165,239.4300109881442,105.92003198689781
23,1,0,0,2,0,2,1,101.08731299987994,105.87676100840326,245.17156199726742,96.69130799011327
3,2,0,0,0,0,0,2988,97.09159600606654,144.7467990074074,220.1130430039484,79.19638999737799
2,1,0,0,0,0,0,2355,65.91646300512366,94.83178499795031,166.20911000063643,151.4505749946693
1,0,0,0,0,0,0,3248,56.259889010107145,79.49099400138948,138.33279500249773,90.78578399203252
17,1,0,0,0,0,0,1,77.90944300359115,112.26933900616132,201.34130999213085,105.32527200120967
8,0,0,0,1,0,2,148,51.78676398645621,68.60450899694115,105.23399799421895,85.36624700354878
10,2,0,0,2,0,2,0,129.43128201004583,129.89397799537983,214.065099004074,121.74779700580984
7,0,0,0,0,0,0,295,70.59772699722089,101.35994499432854,172.9615259973798,94.89551599835977
20,1,0,0,2,0,2,19,109.10832899389789,160.00469200662337,261.73371700861026,81.06803499686066
6,0,0,0,0,0,0,0,74.07510999473743,103.49909399519674,175.2241780050099,98.0514730035793
21,0,0,0,2,0,2,1,78.18769599543884,110.1019960042322,212.50825400056783,100.45495998929255
29,1,0,0,2,0,2,1,98.17863100033719,108.44232499948703,238.77022801025305,97.82617900054902
14,4,0,0,2,0,2,0,113.50830800074618,155.5517980013974,274.69560600002296,158.9256250008475
1,1,0,0,0,0,0,5937,16.081102992757224,19.267972005764022,72.67455899273045,113.54944000777323
12,3,0,0,1,0,2,0,68.28285900701303,95.08512400498148,181.84307399496902,85.86486999411136
5,4,0,0,0,0,0,1897,92.18950499780476,140.3669919964159,214.585187000921,203.71299599355552
12,2,0,0,2,0,2,6,80.79329600150231,78.50376699934714,98.90645800624043,47.79188000247814
6,1,0,0,0,0,0,1409,64.40306799777318,91.87753799778875,157.38874599628616,104.8932080011582
26,4,0,0,3,0,2,0,98.09844801202416,119.47820000932552,258.7524190021213,103.02577298716642
2,1,0,0,0,0,0,4383,33.80458799074404,45.788212009938434,101.11986899573822,93.86951800843235
21,4,0,0,2,0,2,1,169.22509399591945,193.74316900211852,334.20963599928655,165.61221099982504
11,1,0,0,0,0,0,1,53.78692000522278,75.87233099911828,131.93858800514136,82.835917986813
14,3,0,0,0,0,0,1,74.18058199982625,107.93714899045881,192.12969900399912,101.53081199678127
10,3,0,0,1,0,2,1,83.39403099671472,102.43458399781957,195.48149799811654,92.63985800498631
2,0,0,0,0,0,0,2981,70.52235600713175,55.14322700037155,80.59544900606852,46.92255599366035
27,4,0,0,2,0,2,1,116.9375720055541,188.13711000257172,369.26961300196126,161.4333390025422
24,4,0,0,2,0,2,1,128.74877000285778,160.02900899911765,310.8710740052629,160.16208699147683
21,1,0,0,0,0,0,1,110.59205299534369,164.97667400108185,285.74711400142405,173.926183997537
25,5,0,0,1,0,2,1,83.17902199632954,112.3887870053295,224.48752100171987,107.86579998966772
6,0,0,0,0,0,0,1409,64.45250099932309,92.7997899998445,158.3948280022014,103.45853700709995
10,1,0,0,1,0,2,1325,160.14428000198677,196.03303998883348,212.07752599730156,125.13926399697084
6,4,0,0,0,0,0,336,81.10501899500377,120.10161300713662,194.9917049932992,118.00294200656936
49,1,0,0,7,0,4,1,98.88484900875483,109.27754899603315,313.1808610050939,98.59062801115215
26,6,0,0,3,0,2,2,78.51473499613348,74.03833299758844,156.1795520101441,100.89738499664236
13,1,0,0,1,0,2,321,81.61261200439185,116.33033100224566,203.7838520045625,114.01942900556605
18,1,0,0,0,0,0,1,77.00995499908458,109.80253999878187,199.96684599027503,107.63837599370163
16,1,0,0,2,0,2,286,96.51797999686096,95.4107770085102,237.79791900597047,120.98647899983916
2,0,0,0,0,0,0,903,67.74654300534166,95.75671200582292,164.28614099277183,96.4389799919445
24,0,0,0,1,0,2,1,78.14049799344502,114.0626330015948,221.7142959998455,107.59011399932206
18,2,0,0,0,0,0,1,99.81023099680897,74.77622899750713,163.33321599813644,160.80271800456103
11,8,0,0,1,0,2,1413,181.8912220041966,175.10361199674662,258.8357200002065,92.30137000849936
18,2,0,0,1,0,2,0,99.7743729967624,105.23165699851234,230.44153100636322,95.68284200213384
2,0,0,0,0,0,0,3629,39.76307500852272,54.78649299766403,109.29780500009656,94.21249698789325
24,3,0,0,3,0,2,2,85.05834599782247,111.2948179943487,234.23373900004663,99.5224100042833
22,4,0,0,3,0,2,2,82.30549498694018,107.72811200877186,223.34749199217185,99.47522400761954
30,2,0,0,3,0,2,2,76.1066050035879,104.45411399996374,231.45756100711878,97.96884399838746
3,2,0,0,0,0,0,3098,64.90575899078976,92.83479700388853,151.6003729921067,100.37149899289943
18,3,0,0,1,0,2,0,72.01218900445383,102.97183199145366,196.44307800626848,46.975980993011035
15,5,0,0,1,0,1,10,37.910635001026094,51.76583499996923,95.90257301169913,91.39639200293459
11,1,0,0,1,0,2,834,45.98098200222012,62.21081600233447,193.9966249919962,127.14074199902825
7,3,0,0,1,0,1,0,78.50694000080694,115.1194400008535,193.9757729996927,109.32733099616598
18,3,0,0,0,0,0,1,105.1268169976538,159.05213200312573,267.232680998859,164.28368800552562
3,0,0,0,0,0,0,2679,50.02880199754145,71.8551089958055,131.09750399598852,98.83308799180668
3,1,0,0,0,0,0,635,68.08129099954385,49.083190999226645,114.15505201148335,90.0528630008921
11,1,0,0,0,0,0,1,70.32092299778014,52.19241400482133,94.23414099728689,50.591405990417115
28,7,0,0,1,0,2,1,80.97900199936703,115.3913640009705,228.07929800183047,108.15997399913613
21,3,0,0,3,0,2,1,188.27090399281587,161.74842900363728,349.8101180011872,154.98542999557685
18,1,0,0,2,0,2,4,98.4688040043693,107.86400800861884,229.50449600466527,72.23316599265672
4,0,0,0,0,0,0,632,71.54547098616604,101.55316699820105,166.34817200247198,69.6741940046195
22,3,0,0,2,0,3,1,83.33418500842527,112.77634400175884,225.8409549976932,108.20177900313865
26,2,0,0,0,0,0,1,78.08238099096343,112.06208799558226,212.0207110128831,106.58996099664364
16,5,0,0,1,0,2,5,101.548274004017,112.72571799054276,228.16817100101616,105.85212399018928
10,0,0,0,1,0,2,1,101.80856700753793,106.20926000410691,211.41234699462075,97.57796900521498
36,3,0,0,6,0,2,1,98.8381630013464,111.98535800212994,276.63251299236435,102.66272899752948
34,1,0,0,1,0,2,1,75.76318799692672,110.97542899369728,231.46306500711944,104.79711300285999
5,3,0,0,0,0,0,557,74.3809559935471,107.67344800115097,171.8746579863364,100.45308400003705
6,2,0,0,1,0,1,892,72.83482700586319,79.42728999478277,131.61216001026332,90.50220101198647
18,4,0,0,1,0,2,1,60.69783499697223,103.90251500939485,295.3601460030768,159.82775500742719
11,4,0,0,1,0,2,129,78.74317599635106,108.32275199936703,197.05283400253393,101.03749600239098
42,3,0,0,6,0,4,1,105.72153399698436,117.6863750006305,300.3806060005445,95.93172599852551
28,9,0,0,3,0,2,1,40.50001400173642,56.98434400255792,121.36843900952954,53.68852999527007
11,6,0,0,1,0,2,50,180.930840986548,117.56074499862734,297.844514992903,107.95646499900613
15,3,0,0,2,0,2,5,88.41636800207198,114.87531500461046,217.9466769885039,108.29155299870763
25,3,0,0,1,0,2,1,128.81453699083067,159.59789999760687,306.49248899135273,161.31517599569634
11,5,0,0,1,0,2,0,96.62866700091399,150.2785100019537,255.55701600387692,148.3791249920614
20,2,0,0,3,0,2,3,75.10756699775811,102.95242299616802,215.66285299195442,94.6662250062218
9,7,0,0,0,0,0,1263,113.12931000429671,173.69233499630354,166.81257500022184,107.63520000909921
1,1,0,0,0,0,0,5937,16.360945999622345,19.486295990645885,72.8946460003499,113.97423601010814
29,1,0,0,3,0,3,0,70.00068201159593,101.67361599451397,221.69754300557543,92.00669699930586
3,1,0,0,0,0,0,2981,50.41166700539179,142.1344629925443,223.2780449994607,156.7830470012268
10,4,0,0,1,0,2,93,183.85351699544117,246.7195119970711,321.2402299977839,209.32955700845923
21,4,0,0,1,0,2,1,79.36440499906894,115.28241500491276,217.37104500061832,106.2637159920996
11,5,0,0,1,0,2,5,185.81314099719748,279.07655500166584,391.92209400061984,138.94623100350145
25,1,0,0,1,0,2,2,148.36409100098535,132.26509200467262,352.6711000013165,162.87328899488784
16,0,0,0,1,0,2,0,100.86922701157164,101.3690499967197,194.60289800190367,93.67353799461853
25,2,0,0,3,0,1,0,82.39421100006439,113.28838000190444,225.06671301380266,107.09497399511747
26,5,0,0,1,0,2,1,54.51520699716639,76.68212099815719,257.83588500053156,162.8442850051215
8,2,0,0,0,0,0,381,74.73771298828069,106.84428499371279,177.19840499921702,103.88297800091095
25,1,0,0,1,0,1,1,106.94168400368653,157.6310420059599,281.6179109941004,111.34776900871657
17,2,0,0,2,0,2,0,79.33762700122315,105.73128500254825,204.2117840028368,97.24750400346238
23,3,0,0,3,0,2,1,39.551916997879744,51.6203520091949,192.94123799772933,94.46339200076181
8,1,0,0,0,0,0,2,71.37262000469491,103.44516500481404,175.7871549925767,95.23982199607417
37,1,0,0,5,0,4,1,85.38533600221854,52.873533000820316,142.70144701004028,49.239355997997336
20,3,0,0,0,0,0,1,74.83630900969729,107.20936999132391,196.91120900097303,97.91224400396459
35,1,0,0,5,0,3,1,97.90277799766045,116.17708099947777,276.79045900003985,102.99823999230284
18,5,0,0,1,0,2,1,96.04224299255293,108.12920599710196,220.14254500390962,74.95468801062088
2,1,0,0,0,0,0,3350,59.57591999322176,82.68579600553494,144.0334119979525,96.99698199983686
16,2,0,0,2,0,2,0,99.74184099701233,118.36605999269523,231.40830801276024,105.90879200026393
2,0,0,0,0,0,0,903,62.79698100115638,90.01015400281176,150.54710498952772,91.1696630064398
20,6,0,0,2,0,2,12,107.26283100666478,103.89973000565078,186.8126059998758,165.68609200476203
24,4,0,0,3,0,2,1,94.07364900107495,103.28886398929171,234.1652049944969,94.89429500536062
22,10,0,0,1,0,2,1,103.48522699496243,151.8751019902993,277.6005420018919,153.91662299225572
3,2,0,0,0,0,0,3098,64.13106400577817,89.70797101210337,150.58598399627954,99.94700999232009
15,1,0,0,1,0,2,8,75.75347999227233,102.07842499949038,197.05976099066902,94.50606199970935
6,2,0,0,0,0,0,0,70.65678300568834,101.01564599608537,173.02427599497605,92.37928900984116
11,6,0,0,1,0,2,0,95.67276999587193,54.327631994965486,155.7564880058635,49.5229860098334
20,1,0,0,0,0,0,1,79.76237699040212,111.59233799844515,151.12425600818824,59.7209449915681
3,3,0,0,0,0,0,5631,38.2964229938807,52.91959499299992,99.29441500571556,215.1886539941188
3,2,0,0,0,0,0,1858,70.86824699945282,100.4679949983256,164.87650699855294,92.62324999144766
32,4,0,0,2,0,2,1,104.19057299441192,116.68590900080744,199.00497200433165,49.38093600503635
22,2,0,0,2,0,2,2,128.11438301287126,169.6821370132966,307.04480499844067,163.18525301176123
13,1,0,0,1,0,2,1,39.2146769881947,59.09408800653182,202.24211701133754,55.574409998371266
15,3,0,0,1,0,2,25,97.33622999920044,104.75332499481738,222.11375400365796,98.25434700178448
26,4,0,0,3,0,2,0,151.3989049999509,204.43040599639062,380.738042993471,201.83567999629304
27,2,0,0,1,0,2,1,40.58138698746916,57.25350799912121,111.92489700624719,52.64062900096178
2,0,0,0,0,0,0,2981,67.90371499664616,96.41503100283444,157.17658899666276,92.73252899583895
11,6,0,0,1,0,2,0,189.35615099326242,186.89433499821462,191.4550930086989,129.34188501094468
18,3,0,0,2,0,2,2,183.39261300570797,159.98385300918017,353.3841299940832,159.8581970029045
25,8,0,0,1,0,2,1,84.21647100476548,113.08148800162598,224.4394379958976,107.53516800468788
15,9,0,0,2,0,1,12,75.22976800100878,107.70433599827811,198.38476300355978,98.05211999628227
10,4,0,0,1,0,2,93,179.1943040007027,246.93165700591635,324.37695800035726,210.62468900345266
32,1,0,0,6,0,4,1,98.36205099418294,103.68911401019432,270.5032559897518,96.51722999115009
20,1,0,0,1,0,2,1,40.37301200150978,56.31807100144215,109.00666899397038,54.17154099268373
11,2,0,0,0,0,0,232,76.79991700570099,109.98392300098203,189.3012539949268,107.06554900389165
25,1,0,0,3,0,2,1,72.84461500239559,104.9468120036181,221.570124005666,94.9470640043728
4,1,0,0,0,0,0,0,68.42203499400057,95.93192199827172,161.59766000055242,84.99551100248937
10,6,0,0,0,0,0,304,142.41231699998025,221.51350100466516,336.5235980018042,237.9178759874776
27,1,0,0,3,0,3,1,96.90378200320993,111.23644799226895,253.4329850022914,104.39813500852324
22,3,0,0,0,0,0,1,75.46449500659946,107.85393598780502,203.66174199443776,100.67669099953491
23,1,0,0,3,0,2,0,102.51372501079459,116.33743401034735,250.42979599675164,96.56393699697219
20,1,0,0,2,0,1,1,79.53243800147902,73.0424130015308,106.08955600764602,105.10930999589618
3,1,0,0,0,0,0,1866,99.5267749967752,146.4741330128163,230.10081100801472,152.28959001251496
23,3,0,0,2,0,2,1,98.26248299214058,107.67754599510226,238.20238700136542,97.42118998838123
5,0,0,0,1,0,1,487,78.74725000874605,105.56644201278687,175.07485300302505,100.73887999169528
10,3,0,0,1,0,2,1153,87.68067799974233,170.33953599457163,210.03781899344176,230.58983600640204
21,1,0,0,2,0,1,1,75.78074300545268,103.16336700634565,201.3351300120121,95.44218399969395
8,2,0,0,2,0,1,56,118.41315300262067,107.49218999990262,184.15271500998642,94.42924401082564
28,7,0,0,3,0,2,2,80.25631999771576,97.42995401029475,180.1470379868988,103.70052199868951
18,5,0,0,1,0,2,1,72.80736199754756,105.55385099723935,202.23489300406072,95.259959998657
9,3,0,0,0,0,0,1,80.21825998730492,115.53692699817475,193.183366995072,109.09688299580012
26,1,0,0,5,0,2,1,76.65135999559425,102.64721400744747,238.49607398733497,92.6263010042021
20,2,0,0,2,0,2,43,97.05069899791852,120.67087700415868,239.43691499880515,109.16928300866857
7,5,0,0,0,0,0,1428,172.12939499586355,268.8121379906079,373.3571039920207,268.88022098864894
23,2,0,0,1,0,2,1,99.30905999499373,104.89788399718236,235.17759300011676,96.08210599981248
23,2,0,0,1,0,2,1,52.98386099457275,76.34754700120538,143.45458000025246,111.47135999635793
2,1,0,0,0,0,0,3629,47.69945899897721,67.93520800420083,129.9009969952749,153.68026500800624
26,2,0,0,2,0,2,1,107.00566299783532,117.90493100124877,139.31695399514865,49.55671199422795
26,1,0,0,0,0,0,1,78.20046400593128,109.87384799227584,211.77548400009982,103.26035600155592
20,4,0,0,2,0,2,1,82.45981199434027,106.92081700835843,221.97302398853935,99.09947100095451
10,4,0,0,1,0,2,93,184.48651098879054,246.4213819912402,317.5676750106504,208.47496599890292
15,3,0,0,1,0,1,0,128.2734190026531,196.91530099953525,320.484330994077,203.13182700192556
1,1,0,0,0,0,0,5937,16.564327001105994,19.66163399629295,73.8730800076155,113.89475599571597
29,5,0,0,2,0,2,2,78.48487999581266,112.08673199871555,228.31728500023019,106.3156009913655
18,0,0,0,0,0,0,5,40.03037199436221,55.80139299854636,101.73788799147587,52.76215399499051
25,10,0,0,1,0,2,1,137.845273988205,200.36178700684104,351.09254300186876,207.7371040068101
3,1,0,0,0,0,0,1289,72.36830900365021,100.97034600039478,163.87214600399602,94.37688799516764
7,4,0,0,0,0,0,0,106.30672899424098,159.43541900196578,261.21530300588347,164.03510799864307
5,2,0,0,0,0,0,441,70.30412599851843,101.20476099837106,168.68524499295745,97.21942800388206
2,1,0,0,0,0,0,501,35.28064700367395,47.1930159983458,81.23162599804346,43.40695099381264
1,1,0,0,0,0,0,5937,16.504569997778162,19.895183999324217,73.85216999682598,113.59398899367079
37,1,0,0,3,0,2,1,99.99106200120877,110.62108499754686,270.66976799687836,103.93173899501562
25,5,0,0,1,0,2,1,82.16549499775283,113.69034300150815,226.2463579972973,107.75890000513755
29,2,0,0,2,0,2,1,96.5965430077631,111.15147899545263,252.51100500463508,103.78725599730387
18,1,0,0,1,0,2,5,43.657165006152354,56.24047700257506,109.92481300490908,55.167559010442346
21,5,0,0,3,0,2,62,106.65773898654152,123.26740700518712,255.78016199870035,109.30638099671341
21,2,0,0,2,0,2,1,78.3673039986752,108.94391800684389,219.64745300647337,96.22309199767187
23,5,0,0,2,0,2,1,101.34394399938174,107.23742299887817,240.1234519929858,97.22098099882714
7,6,0,0,0,0,0,0,142.14250400254969,218.86617700511124,343.22611600509845,115.06775699672289
9,3,0,0,1,0,2,93,159.47148599661887,202.5083890039241,246.39329500496387,148.64959300030023
35,1,0,0,2,0,2,1,75.6800580129493,106.00251999858301,234.44281300180592,100.97573199891485
20,5,0,0,1,0,2,1,130.39868400665,160.11908499058336,306.06428199098445,159.69548499560915
7,2,0,0,0,0,0,0,75.8870889985701,109.92148300283588,183.7126690079458,74.81175400607754
1,0,0,0,0,0,0,508,67.97776100574993,96.10667800006922,158.30226299294736,87.67704899946693
16,3,0,0,1,0,2,16,111.51954399247188,91.60988999065012,187.7608970098663,165.53086099156644
19,3,0,0,1,0,2,1,118.84026799816638,152.35708499676548,185.01969700446352,80.35676900180988
6,4,0,0,0,0,0,1896,107.62179399898741,165.87936399446335,240.13725300028455,235.75643300137017
1,0,0,0,0,0,0,5937,17.120203003287315,20.944336007232778,75.44400400365703,90.72422399185598
3,2,0,0,0,0,0,0,121.0512160032522,191.71290600206703,294.9220660084393,196.639066998614
17,3,0,0,0,0,0,2,79.30461599607952,111.75557499518618,202.0451470016269,109.36523499549367
11,1,0,0,1,0,2,0,97.72807499393821,102.96545400342438,219.29396799532697,96.05476299475413
10,6,0,0,1,0,2,1065,128.85199900483713,169.04978500679135,282.69304100831505,182.35552399710286
4,2,0,0,0,0,0,1018,50.76804100826848,105.55774900421966,234.32261300331447,157.42585199768655
18,4,0,0,0,0,0,2,53.53282800933812,77.50174099055585,134.86996000574436,81.69684899621643
11,4,0,0,1,0,2,283,180.2668409945909,267.7162329928251,377.8342939913273,264.5953259925591
22,1,0,0,2,0,2,1,185.13589999929536,188.40883100347128,359.64932800561655,184.78110899741296
4,1,0,0,0,0,0,100,72.79367200681008,102.32471198833082,169.5468629914103,92.18834299826995
8,0,0,0,1,0,2,154,84.30633999523707,108.83267100143712,189.61042900627945,97.33161098847631
12,1,0,0,0,0,0,0,34.23134300101083,47.83419700106606,86.50624100118876,43.08540100464597
10,1,0,0,0,0,0,112,104.52964299474843,159.8270539980149,256.19811700016726,162.9056980018504
22,0,0,0,0,0,0,0,79.64149799954612,111.1378780042287,206.6316190030193,106.03496299881954
7,0,0,0,1,0,1,0,124.92102700343821,100.32733999832999,197.2106699977303,93.90928399807308
17,3,0,0,1,0,2,0,78.52417998947203,112.2707110043848,211.70407799945679,107.67515999032184
23,1,0,0,1,0,2,1,95.83652000583243,110.33985701214988,221.15356200083625,54.762940999353305
2,0,0,0,0,0,0,903,63.55423700006213,90.09068600425962,149.82090699777473,92.94107201276347
1,0,0,0,0,0,0,4117,42.41665100562386,58.571898000082,116.31404199579265,92.41190199099947
22,2,0,0,1,0,2,1,84.39673099201173,101.29613299795892,109.37106198980473,48.404228989966214
23,3,0,0,2,0,2,1,95.63194900692906,111.08016601065174,248.74408899631817,104.51764801109675
24,1,0,0,1,0,2,1,84.04421601153444,74.82913399871904,232.6464700017823,97.64359499968123
19,1,0,0,1,0,2,1,79.27967100113165,105.84932699566707,210.27576000778936,98.66677199897822
12,1,0,0,1,0,2,475,94.45437300018966,121.58054899191484,214.81510999728926,118.00704699999187
10,5,0,0,1,0,2,1683,168.33202699490357,246.46002099325415,353.9856730058091,278.1135510012973
7,1,0,0,1,0,2,325,151.54321400041226,99.49949200381525,123.37737300549634,80.0692210032139
9,1,0,0,1,0,2,1379,121.19738099863753,223.84843899635598,287.8302890021587,227.7181599929463
20,1,0,0,2,0,2,1,194.9428119987715,184.83742700482253,363.09666400484275,126.38458900619298
8,1,0,0,0,0,0,8,101.87540198967326,153.24296899780165,249.31473800097592,156.71379599370994
29,1,0,0,4,0,2,1,64.44090700824745,119.67032100073993,261.7658380040666,103.1873239990091
17,1,0,0,2,0,2,1,103.9985659881495,117.08482100220863,231.44088400295004,96.18972599855624
24,1,0,0,2,0,2,1,82.563559000846,115.7989930070471,235.25952399359085,111.3537650089711
3,1,0,0,0,0,0,175,37.79158899851609,61.463470992748626,170.5134670046391,94.81670199602377
21,1,0,0,3,0,2,1,77.96329099801369,106.84775799745694,225.1249909895705,95.70753699517809
28,1,0,0,4,0,2,1,85.03886898688506,112.29680500400718,244.30478501017205,106.0698249930283
22,4,0,0,0,0,0,1,105.82467899075709,154.7194250015309,271.4115220005624,159.3949570087716
27,2,0,0,2,0,2,1,99.92957999929786,114.32282598980237,250.4812179977307,104.23885101045016
28,7,0,0,3,0,2,1,55.720467993523926,77.11170399852563,155.5527680029627,158.42096199048683
7,4,0,0,0,0,0,0,69.00066298840102,95.70784099923912,162.44820099382196,86.34949999395758
12,3,0,0,0,0,0,123,75.66515699727461,109.70405000261962,186.51012900227215,103.36045399890281
22,4,0,0,2,0,2,0,93.21284400357399,107.05275100190192,238.69647399988025,103.47907099639997
26,1,0,0,4,0,2,1,74.79995000176132,105.48137700243387,235.2558399870759,98.17230699991342
22,3,0,0,2,0,2,5,100.98650598956738,111.20675000711344,244.05983999895398,99.03414800646715
10,4,0,0,1,0,2,1846,158.96387300745118,209.9626950075617,235.20535900024697,115.69729199982248
24,2,0,0,2,0,2,0,101.97989500011317,116.7653309967136,245.2296529954765,96.76970100554172
27,1,0,0,0,0,0,1,77.14532599493396,110.26745699928142,211.08987099432852,104.82076100015547
24,1,0,0,1,0,2,1,101.87612799927592,104.515127997729,235.3210580040468,82.78704000986181
14,3,0,0,1,0,2,1,108.78836800111458,151.14829699450638,269.58994900633115,156.18282700597774
20,3,0,0,1,0,2,1,97.32461100793444,102.90912300115451,223.2380930072395,96.41521499725059
20,3,0,0,2,0,2,1,62.346000006073155,92.79753199371044,258.067700007814,196.4554459991632
22,1,0,0,3,0,2,1,102.26913000224158,117.98904498573393,238.68518898962066,96.95006599940825
3,2,0,0,0,0,0,2338,53.23882900120225,73.76810400455724,133.6311269988073,94.93553799984511
20,3,0,0,1,0,2,6,97.17451600590721,103.7692850077292,224.50188700167928,97.66166300687473
3,2,0,0,0,0,0,547,99.15538200584706,145.35979300853796,233.9543109992519,151.39523000107147
28,6,0,0,3,0,2,1,41.79102300258819,68.37016799545381,241.3860999949975,107.51359899586532
3,1,0,0,0,0,0,1289,36.93080799712334,50.158437006757595,83.42550000816118,86.08310300041921
1,0,0,0,0,0,0,3585,62.063842997304164,88.85446199565195,149.50595000118483,91.04292900883593
19,3,0,0,2,0,2,1,95.42657400015742,59.825996999279596,116.49459799809847,50.77428799995687
22,3,0,0,2,0,2,1,77.21775899699423,110.00677000265568,217.11146099551115,103.03230199497193
49,2,0,0,7,0,4,1,94.55962799256667,107.35208701225929,308.20424199919216,96.89911801251583
7,1,0,0,1,0,2,325,151.7269370087888,111.1272660054965,240.47437698754948,104.04871198988985
13,0,0,0,2,0,2,1,103.47195800568443,113.45946900837589,223.73906000575516,96.45940500195138
17,2,0,0,2,0,2,34,80.59417500044219,108.43694800860249,216.1560439999448,101.59940399171319
20,2,0,0,0,0,0,1,77.65228000062052,112.94656500103883,205.0354450038867,106.68552599963732
4,3,0,0,0,0,0,0,141.98617699730676,223.4798229910666,225.77839498990215,229.28026400040835
17,2,0,0,1,0,2,1,97.29924501152709,107.26989200338721,219.99415299796965,97.49264700803906
5,4,0,0,0,0,0,2691,95.20187698944937,143.21563100384083,204.88359000592027,255.38980799319688
3,2,0,0,0,0,0,0,78.01322700106539,188.59389000863302,292.11869899882004,97.66109299380332
10,4,0,0,1,0,2,1153,168.89568101032637,202.8600800113054,186.4830270060338,266.1903319967678
28,4,0,0,1,0,2,1,79.2719470045995,111.0424310027156,223.79373799776658,104.9125110002933
12,2,0,0,1,0,2,8,103.52944800979458,105.06753499794286,220.22956400178373,97.79971600801218
13,1,0,0,0,0,0,1,71.35907199699432,52.984619003837,184.66592900222167,101.56139099854045
10,1,0,0,2,0,2,259,71.6895109944744,70.35354801337235,218.67650900094304,109.75770199729595
35,1,0,0,2,0,2,1,82.0770169957541,106.49342900433112,182.70212000061292,50.328882003668696
12,0,0,0,1,0,1,3,37.947181990602985,50.84193000220694,145.54895499895792,95.17510099976789
1,1,0,0,0,0,0,5937,16.408270996180363,19.54385999124497,74.10545999300666,114.61017100373283
2,0,0,0,0,0,0,3629,39.55672000302002,54.037547000916675,110.52269299398176,95.58984500472434
28,5,0,0,1,0,2,1,80.74853099242318,113.09433699352667,227.42666699923575,107.75836899119895
11,2,0,0,1,0,2,278,125.89258499792777,182.02675500651821,276.0971090028761,176.1584630003199
6,3,0,0,1,0,1,1,74.81926999753341,53.59153499011882,107.7538630052004,48.25503801112063
25,11,0,0,1,0,2,1,181.03848600003403,271.4542489993619,445.0677370041376,268.6668300011661
26,3,0,0,2,0,2,1,100.0117679941468,104.0050300071016,241.33328000607435,97.43560399510898
14,1,0,0,2,0,2,3,127.70199800434057,113.6060249991715,221.22999400016852,100.49191300640814
23,2,0,0,2,0,2,1,95.24784301174805,108.38036700442899,236.33024899754673,101.47439299908001
11,7,0,0,1,0,2,1413,173.44105399388354,166.65768399252556,285.8408889878774,180.63596000138205
10,3,0,0,1,0,2,1601,87.89357899513561,118.23246799758635,200.8961929968791,122.88326599809807
15,2,0,0,0,0,0,1,76.9935889984481,110.39239499950781,196.50480400014203,104.70651200739667
21,3,0,0,1,0,2,1,94.72573599487077,53.20143299468327,137.95554799435195,49.347289008437656
7,2,0,0,0,0,0,482,71.24476500030141,99.96331599541008,171.45463099586777,99.62372000154573
1,0,0,0,0,0,0,2995,66.95584100089036,96.92971600452438,158.97574300470296,89.17582700087223
24,1,0,0,1,0,1,1,78.65938599570654,110.80772399145644,215.0832899933448,106.83727099967655
3,3,0,0,0,0,0,5631,37.933090003207326,52.73334600497037,97.56358001322951,215.86590199149214
3,0,0,0,0,0,0,555,70.57248998899013,100.16721399733797,163.0545899970457,90.51715199893806
17,2,0,0,2,0,2,177,97.16699700220488,118.70402599743102,241.5135290066246,114.00593900179956
1,1,0,0,0,0,0,5937,16.639940993627533,19.73177799663972,73.78970700665377,113.04086400195956
10,0,0,0,1,0,2,0,67.41290500212926,95.49318699282594,179.4705890060868,86.0344829998212
15,2,0,0,1,0,2,7,48.93768399779219,56.284243997652084,148.6060559982434,105.64696599612944
8,2,0,0,0,0,0,62,102.31365700019524,137.662923996686,125.29490700399037,79.37772499280982
11,8,0,0,1,0,2,1032,169.99442499945872,168.1242480117362,293.2905909983674,140.85441699717194
19,3,0,0,1,0,2,0,98.12794601020869,103.1225550104864,227.83706898917444,95.73098600958474
3,1,0,0,0,0,0,2981,87.42659799463581,143.55367499229033,225.63277400331572,156.22379900014494
18,1,0,0,1,0,2,7,83.23925000149757,115.04041400621645,213.63249800924677,107.57849700166844
20,6,0,0,2,0,2,1,98.71720400406048,113.85614599566907,238.01172200182918,106.65585999959148
4,4,0,0,0,0,0,5074,30.85859600105323,43.33847299858462,65.93554899154697,123.97569700260647
28,5,0,0,1,0,2,1,80.03179100342095,112.88832299760543,226.355260994751,108.3935110073071
17,5,0,0,1,0,2,16,98.70167999179102,104.32260000379756,229.39544000837486,96.79772400704678
26,2,0,0,2,0,2,1,96.89878199424129,109.97836099704728,247.87367199314758,84.44698600214906
8,5,0,0,1,0,2,2544,156.91413599415682,212.52542299043853,264.4664020044729,228.44558699580375
28,2,0,0,3,0,2,1,81.08839199121576,114.55316199862864,237.14657699747477,107.35548700904474
15,1,0,0,1,0,2,1,76.24862900411244,102.8571560018463,196.578960007173,93.59775100892875
12,0,0,0,2,0,2,15,107.89135898812674,119.20617500436492,235.04796299675945,110.38563599868212
10,0,0,0,1,0,2,1,102.43895300664008,104.09893898759037,141.62345700606238,48.665053996955976
18,7,0,0,1,0,2,0,34.468008001567796,74.63251499575563,187.84966599196196,86.2003009970067
26,2,0,0,0,0,0,1,76.57784500042908,113.32341100205667,209.4856979965698,107.23388599581085
10,0,0,0,0,0,0,6,37.45225298916921,89.32288999494631,175.99472700385377,93.63367701007519
11,1,0,0,1,0,2,5,82.02755400270689,104.2901670007268,197.54573599493597,96.10781000810675
8,0,0,0,1,0,2,29,99.81805300049018,137.84809299977496,207.89225200132933,113.48240800725762
23,5,0,0,3,0,3,1,42.56449300737586,57.19011600012891,118.6757820105413,64.09937900025398
26,2,0,0,4,0,2,1,99.3293170031393,104.45548100688029,244.36057200364303,46.94244300480932
3,0,0,0,0,0,0,2679,50.649337004870176,72.38476199563593,131.68805300665554,53.02565700549167
5,0,0,0,0,0,0,144,70.77918999129906,99.01084499142598,165.40311100834515,92.08151200436987
23,1,0,0,2,0,2,4,100.50593000778463,110.34502000256907,242.36497400852386,98.63685700111091
16,2,0,0,1,0,2,28,95.67010099999607,109.92204099602532,222.2469190019183,104.39417099405546
22,1,0,0,3,0,2,1,38.52749899670016,50.78249200596474,107.04304798855446,48.19898700225167
7,3,0,0,0,0,0,1640,108.56524200062267,165.34032399067655,245.3427919972455,205.6897040019976
25,2,0,0,2,0,2,1,80.57052698859479,113.81542099115904,229.73288499633782,107.37631500524003
16,0,0,0,1,0,2,1,75.78012099838816,108.03771100472659,200.94260800397024,101.22807200241368
25,3,0,0,2,0,2,1,83.11937100370415,110.97102600615472,236.14996699325275,107.07444700528868
29,2,0,0,3,0,2,1,100.582430997747,117.95397399691865,256.180217009387,84.39858999918215
16,6,0,0,0,0,0,0,106.36519899708219,159.19584200310055,267.65952799178194,164.23754800052848
6,1,0,0,0,0,0,0,102.77293300896417,154.6172529924661,250.17873500473797,157.68595899862703
22,3,0,0,2,0,3,1,84.89164098864421,113.4417710127309,225.29430799477268,108.17523099831305
15,1,0,0,2,0,1,0,74.98282300366554,104.12622000148986,193.85276900720783,94.13132398913149
2,0,0,0,0,0,0,2981,68.17752099595964,97.42113700485788,159.13333398930263,93.16733400919475
5,1,0,0,1,0,1,1066,76.91051399160642,80.89697800460272,207.08064299833495,176.07902000600006
2,2,0,0,0,0,0,5771,27.38257199234795,35.59801100345794,88.50847999565303,173.98095699900296
14,4,0,0,1,0,2,0,123.12165800540242,188.53420500818174,160.71630400256254,97.59210799529683
18,8,0,0,1,0,2,0,68.96017800318077,98.40549899672624,190.18559899996035,86.74246999726165
19,2,0,0,1,0,2,1,50.085622002370656,53.704709993326105,208.96290999371558,101.91248600312974
10,0,0,0,0,0,0,40,76.51120101218112,109.09732599975541,189.0781689871801,103.76186600478832
13,1,0,0,2,0,2,0,172.09935499704443,115.42820300383028,242.76723799994215,94.55866100324783
23,1,0,0,0,0,0,1,74.03840500046499,68.08694600476883,102.03990299487486,50.41370799881406
28,5,0,0,1,0,2,0,80.40826700744219,115.41432999365497,228.82915700029116,107.55987800075673
10,0,0,0,1,0,2,9,157.95573599461932,105.10732000693679,236.33129699737765,47.460204994422384
25,1,0,0,2,0,2,1,102.82338800607249,109.02762299519964,240.1162820024183,96.4252980047604
11,0,0,0,0,0,0,2,74.86954699561466,108.0338350002421,135.11554199794773,51.057464006589726
1,1,0,0,0,0,0,5937,16.381587003706954,19.34310799697414,73.38902899937239,113.50208100338932
28,8,0,0,3,0,2,0,76.36909699067473,108.99610100022983,231.25324399734382,101.51007899548858
3,1,0,0,0,0,0,2981,96.8817489920184,145.70454900967889,226.1468770011561,154.76966500864364
14,2,0,0,2,0,2,100,102.59556700475514,118.40401600056794,224.72336801001802,108.22812499827705
18,1,0,0,2,0,2,2,58.997325992095284,103.56289299670607,213.71684499899857,94.88909599895123
21,2,0,0,2,0,2,3,74.91713098715991,103.13996698823757,211.85285900719464,95.16926399373915
28,3,0,0,1,0,2,1,70.38093199662399,112.82329000823665,155.02133200061508,106.97528900345787
12,2,0,0,0,0,0,1,81.4853539923206,113.72573699918576,127.5137740012724,76.9253139878856
30,3,0,0,2,0,2,1,127.14227300602943,191.75278198963497,354.11046200897545,200.35208300396334
16,2,0,0,1,0,2,0,185.68428300204687,120.75138099316973,313.0980130081298,141.62099998793565
24,4,0,0,3,0,2,0,97.27024300082121,121.57342399586923,199.894981997204,52.62576100358274
41,1,0,0,2,0,2,1,79.09003700478934,112.61706599907484,251.68679699709173,106.70025699073449
30,6,0,0,2,0,2,1,105.03582800447475,156.7237080016639,299.6556089929072,159.15918299288023
10,4,0,0,1,0,2,93,186.6184069949668,250.34884399792645,316.7899959953502,208.7399779993575
18,3,0,0,1,0,2,4,159.60066199477296,105.45640099735465,262.49797899799887,97.9983059951337
28,1,0,0,2,0,2,1,40.859766988432966,56.00989100639708,119.24157600151375,52.92919800558593
31,1,0,0,5,0,2,1,73.71643299120478,109.76973600918427,252.82565099769272,100.28079799667466
10,1,0,0,0,0,0,1,71.51452099788003,102.46229500626214,177.05512199609075,94.55762901052367
7,4,0,0,0,0,0,0,122.36504000611603,187.3577060032403,297.2099549951963,192.7892840030836
9,2,0,0,1,0,2,14,107.5316170026781,160.91678199882153,261.7497729952447,146.02016600838397
10,2,0,0,1,0,2,313,161.94855999492574,197.60169999790378,332.3062529962044,232.43869699945208
30,1,0,0,3,0,2,1,100.91378699871711,120.40251799044199,259.32544500392396,102.54093800904229
1,0,0,0,0,0,0,5937,17.206140997586772,20.608071004971862,74.1522000025725,89.79065199673641
27,2,0,0,5,0,2,0,61.99508099234663,52.280945994425565,117.78423900250345,49.941300007048994
26,1,0,0,3,0,2,0,73.29252100316808,106.69161099940538,227.63936400588136,99.44119201099966
18,2,0,0,2,0,2,17,78.00111699907575,110.21790599625092,208.4472279966576,101.89799500221852
22,1,0,0,3,0,2,1,78.35972199973185,104.10013000364415,221.00323799531907,93.28997299598996
21,1,0,0,3,0,2,41,66.55379799485672,120.58951999642886,247.5667520047864,106.60081899550278
23,1,0,0,0,0,0,1,58.702529000584036,106.92551500687841,199.5977979968302,99.32314499747008
21,2,0,0,0,0,0,1,76.77936999243684,111.04644100123551,204.04521000455134,105.58742500143126
14,2,0,0,1,0,2,1,103.22998800256755,151.85389800171833,269.19177499075886,158.59490000002552
22,3,0,0,0,0,0,1,77.55409499804955,112.31527899508364,204.79599499958567,104.20601500663906
22,2,0,0,2,0,2,1,77.9664579895325,105.94251399743371,213.09281399589963,99.4177469983697
21,2,0,0,1,0,2,1,73.21761100320145,98.49729501002003,181.50870798854157,103.11569699842948
42,4,0,0,7,0,3,0,126.62405500304885,166.18596299667843,358.94684500817675,160.6150049919961
28,8,0,0,3,0,2,1,78.39169801445678,112.64634199324064,239.11681199388113,105.64795800019056
5,1,0,0,0,0,0,441,69.21018401044421,99.79290899354964,163.8062239944702,94.7180500079412
7,0,0,0,0,0,0,0,74.13222899776883,107.65402499237098,177.89872900175396,97.99359200405888
26,1,0,0,1,0,2,1,72.33235400053672,102.74257299897727,207.18491000297945,95.47134800232016
30,0,0,0,5,0,3,1,103.84529999282677,120.55625799985137,272.48908700130414,98.61759599880315
10,1,0,0,1,0,2,0,50.72263399779331,52.587790007237345,111.59366198990028,94.15837599954102
28,1,0,0,3,0,2,1,83.29904600395821,113.53022500406951,245.0490220071515,106.34480000589974
23,4,0,0,1,0,2,1,77.95179200184066,111.79724699468352,218.16282399231568,105.21088399400469
20,1,0,0,2,0,2,1,96.46131801127922,111.02503299480304,238.53038599190768,103.97863898833748
22,3,0,0,3,0,2,3,134.28408600157127,170.2245570049854,328.60781099589076,160.15425400109962
31,5,0,0,4,0,2,1,55.62631100474391,61.60205599735491,145.020805997774,105.33458700228948
26,1,0,0,3,0,2,1,96.12249700876419,109.37202800414525,207.22840300004464,51.383332000114024
31,1,0,0,2,0,2,1,78.4672129957471,111.23058000521269,238.82836601114832,106.05811700224876
3,2,0,0,0,0,0,2988,97.50722200260498,144.60043000872247,225.27666900714394,153.48122399882413
13,1,0,0,0,0,0,1,76.3497240113793,70.6615600065561,193.66221599921118,72.82168000529055
23,2,0,0,1,0,2,0,77.7797129994724,111.69137401157059,216.79301001131535,107.70926099212375
24,0,0,0,2,0,2,0,100.25782999582589,115.91921899525914,248.96029000228737,97.16370400565211
36,4,0,0,6,0,2,1,98.11779699521139,112.00774500321131,275.75458500359673,104.3415079911938
15,0,0,0,1,0,2,6,152.45262699318118,110.11394399974961,261.75726899236906,99.87817400542554
18,1,0,0,1,0,2,2,78.48791099968366,112.89713600126561,205.54379699751735,101.97582699765917
5,2,0,0,0,0,0,0,50.95431600057054,73.64866900024936,122.10495700128376,79.22550299554132
9,5,0,0,0,0,0,480,119.65983000118285,187.7743719960563,283.2964870030992,206.09089700155891
22,2,0,0,0,0,0,1,73.87749300687574,107.0085669925902,200.59323399618734,56.48301899782382
18,1,0,0,1,0,2,0,99.37575200456195,147.83709599578287,265.7972589950077,148.82370000123046
10,4,0,0,1,0,2,28,124.87893800425809,106.29045900714118,294.3999929993879,98.99706901342142
28,2,0,0,1,0,1,1,77.97745800053235,110.86199199780822,217.62266699806787,104.44772899791133
11,2,0,0,1,0,2,3,46.11856600968167,61.40505500661675,104.37197500141338,64.35603799764067
4,2,0,0,0,0,0,1131,120.2876559982542,187.12018700898625,287.9409979941556,195.49197000742424
4,0,0,0,1,0,1,27,74.0358860057313,101.54626000439748,167.32919700734783,90.80217200971674
26,2,0,0,3,0,1,1,73.45534200430848,104.09201600123197,209.83320199593436,96.31161000288557
8,0,0,0,0,0,0,45,76.58123600413091,110.84216799645219,184.60611600312404,103.288104000967
7,4,0,0,0,0,0,0,121.95417200564407,185.1138140045805,300.2197860041633,195.303922999301
2,0,0,0,0,0,0,2981,69.19730101071764,95.95164500933606,156.5533250104636,93.8438700104598
2,1,0,0,0,0,0,506,97.06055300193839,148.0733360076556,230.33311001199763,150.7504990004236
18,3,0,0,2,0,2,2,184.48502800310962,103.7994409998646,177.69736199988984,81.30421600071713
26,3,0,0,3,0,2,1,100.31910700490698,109.58876900258474,253.91044199932367,99.13884900743142
18,8,0,0,1,0,2,0,67.840513002011,98.0669469863642,186.90896101179533,88.08412999496795
16,5,0,0,0,0,0,0,68.4769819927169,97.52006799681112,176.1438349931268,87.63258099497762
16,2,0,0,1,0,2,2,39.86060699389782,55.27811399952043,105.24187599366996,53.3936099964194
32,4,0,0,2,0,2,1,97.93469800206367,109.45838199404534,251.6266910097329,96.56751200964209
13,2,0,0,1,0,2,65,96.07751200383063,104.64535900973715,217.66311100509483,98.41737999522593
18,1,0,0,1,0,1,1,74.89799000904895,103.29534200718626,198.10635701287538,95.74059599253815
8,5,0,0,0,0,0,1388,68.38533900736365,98.44740100379568,162.46714800945483,107.56757299532183
26,6,0,0,3,0,2,1,98.6482000007527,120.97164300212171,257.99181598995347,103.53961700457148
22,1,0,0,3,0,2,2,101.50837500987109,118.22496500099078,246.8844800023362,97.15532200061716
3,1,0,0,0,0,0,514,94.59128700837027,142.88776100147516,229.10386500007007,157.12776900909375
15,1,0,0,1,0,2,2,98.14613600610755,76.05150299787056,111.33469099877402,47.70092300896067
12,1,0,0,1,0,1,3,72.80923900543712,103.50734200619627,187.29059099860024,95.64237401355058
11,6,0,0,1,0,2,1032,166.86339299485553,93.2977269985713,285.06031198776327,138.6350160028087
2,1,0,0,0,0,0,3267,89.78265200858004,133.60096399264876,213.11824300209992,153.80965499207377
19,6,0,0,1,0,2,1,57.98533000051975,74.12350199592765,141.8065280013252,79.79077500931453
30,2,0,0,3,0,2,1,100.08216901042033,109.33548500179313,260.9352819999913,96.82627300207969
1,1,0,0,0,0,0,5937,16.645870011416264,19.89386000786908,74.4766330026323,113.03684499580413
24,2,0,0,1,0,2,1,77.27572599833366,112.46118899725843,217.6464770018356,107.7800499915611
7,5,0,0,0,0,0,291,124.12523200327996,194.29683200723957,300.2334399934625,201.442046003649
10,1,0,0,1,0,2,1,154.09630499198101,243.90242600929923,317.0702259958489,214.35878600459546
24,1,0,0,1,0,2,1,51.641320998896845,51.047589993686415,121.48820899892598,48.36340100155212
1,1,0,0,0,0,0,5937,16.30857000418473,19.166400001267903,73.61977800610475,113.47604700131342
11,5,0,0,1,0,2,2,174.83170999912545,116.9288059900282,291.99274299026,108.05359898949973
19,0,0,0,0,0,0,0,77.40576501237229,111.1626170022646,203.36309800040908,105.96298000018578
2,0,0,0,0,0,0,1868,69.73004499741364,100.40675199707039,160.8235390012851,90.5402589996811
11,5,0,0,1,0,2,1062,174.10692300472874,202.85832899389789,311.8527949991403,205.18246899882797
10,1,0,0,1,0,1,1,77.0403499918757,109.52634100976866,150.29494400369003,53.00967399671208
10,3,0,0,1,0,2,93,182.40417900960892,219.88947300997097,320.4365309939021,183.504165004706
4,2,0,0,0,0,0,1461,69.27945499774069,96.68162500020117,159.56092899432406,96.65631999087054
19,1,0,0,2,0,2,14,103.53182899416424,58.63464200228918,201.89138600835577,98.24605900212191
17,4,0,0,0,0,0,2,79.25846900616307,114.70871399797034,201.57188099983614,107.5818499957677
18,3,0,0,2,0,2,0,67.91534999501891,94.70915999554563,199.83806399977766,85.88834200054407
22,2,0,0,3,0,2,2,95.37214100419078,120.35753999953158,254.89988099434413,108.34133700700477
20,4,0,0,1,0,2,1,93.95446399867069,104.01765200367663,225.22121701331344,86.52795599482488
1,1,0,0,0,0,0,5937,16.045461990870535,19.420591997914016,74.2692369967699,113.6850670009153
24,2,0,0,2,0,3,1,55.609417002415285,77.87234199349768,149.49611299380194,123.56272699253168
16,1,0,0,1,0,2,1,100.6889720010804,104.11117799230851,223.59507299552206,94.64736300287768
4,3,0,0,0,0,0,3044,81.73652400728315,120.7599099871004,188.33644699770957,233.87746801017784
1,1,0,0,0,0,0,5937,16.118822997668758,19.538674008799717,73.61955899978057,112.76249900402036
21,3,0,0,2,0,2,1,79.75770799384918,110.20138500316534,217.0679150003707,104.50905800098553
12,2,0,0,0,0,0,6,81.25758399546612,114.27788900618907,200.09684399701655,109.81061900383793
7,4,0,0,0,0,0,0,123.4782729879953,188.83119999372866,297.1248079993529,194.3661859986605
17,1,0,0,1,0,2,2,49.1459280019626,54.2904119938612,115.03386599360965,51.94575700443238
2,2,0,0,0,0,0,5771,27.716791999409907,35.47227299713995,88.26677400793415,173.6105919990223
4,0,0,0,0,0,0,0,70.29746400075965,99.52199300460052,168.43340398918372,91.03104699170217
17,2,0,0,2,0,2,4,99.22768799879123,105.91844699229114,227.44662599870935,97.67897499841638
6,2,0,0,0,0,0,1409,43.32198199699633,62.13347701122984,101.38746300071944,80.63056199171115
3,1,0,0,0,0,0,1858,70.8980839990545,99.67965900432318,161.7071649961872,92.15871601190884
28,7,0,0,1,0,2,1,79.12913600739557,113.59041900141165,229.42009299003985,107.91149400756694
27,1,0,0,3,0,3,1,78.09183400240727,110.67917199397925,229.23847199126612,105.95238400856033
28,4,0,0,1,0,2,1,108.27419000270311,160.48400300496724,292.10683499695733,165.0643780012615
38,1,0,0,5,0,3,1,97.15384899755009,111.23921199759934,284.94951099855825,104.31641100149136
18,3,0,0,2,0,1,3,83.5716840083478,112.37588900257833,212.944572995184,104.0025520051131
23,10,0,0,3,0,2,46,193.50912499066908,212.12166499753948,378.69100700481795,201.15739498578478
30,1,0,0,3,0,2,1,178.71929300599732,154.97364100883715,372.54163398756646,159.66278398991562
3,1,0,0,0,0,0,1112,37.81099000480026,51.77219500183128,86.32294900598936,49.86475600162521
20,4,0,0,2,0,2,1,80.63197899900842,106.29836400039494,224.28880901134107,99.58589098823722
10,4,0,0,1,0,2,1065,171.21772200334817,137.64604700554628,282.272971002385,138.4854079951765
10,7,0,0,1,0,2,1475,89.66106800653506,93.24041500804015,290.08820799936075,182.84088899963535
20,1,0,0,1,0,2,1,76.77333099127281,102.30721900006756,208.11065899033565,94.43026200460736
31,1,0,0,3,0,2,1,51.89739201159682,53.30788801074959,130.16414199955761,48.84910199325532
8,1,0,0,0,0,0,1,73.1298469909234,102.31406500679441,176.4745190012036,94.3416350055486
47,2,0,0,6,0,2,1,81.15975500550121,107.61170300247613,273.19279800576624,98.43451500637457
8,1,0,0,1,0,2,106,158.62556999491062,105.60485700261779,236.91689400584437,96.47541899175849
26,1,0,0,1,0,2,1,97.79843199066818,102.61168600118253,231.67023999849334,95.52700599306263
14,2,0,0,1,0,2,1,122.53244400199037,187.31100700097159,317.7045139891561,193.73496300249826
14,3,0,0,0,0,0,1,75.57705799990799,110.52012100117281,189.91152200032957,64.12088200158905
7,5,0,0,0,0,0,404,163.27124400413595,255.66148800135124,373.2052389968885,252.63084498874377
10,5,0,0,1,0,2,28,180.943491999642,111.5207660041051,291.96224999031983,101.78517799067777
22,2,0,0,2,0,2,2,68.0272879981203,78.91316599852871,175.84204800368752,129.2195780115435
28,7,0,0,3,0,2,1,79.67706400086172,111.68686099699698,237.3943220009096,106.8236379942391
36,1,0,0,5,0,4,0,81.33398400968872,112.51661599089857,289.6930679999059,103.75589599425439
9,1,0,0,0,0,0,357,75.02708800893743,106.36561500723474,179.52625401085243,103.5714210011065
3,3,0,0,0,0,0,5631,38.27401799208019,53.546882001683116,99.36058199673425,214.93501000804827
3,3,0,0,0,0,0,5631,38.16172300139442,51.84276400541421,98.21211799862795,214.85659301106352
20,4,0,0,2,0,1,1,111.73768600565381,160.90232999704313,282.64371000113897,120.4348119936185
13,2,0,0,2,0,2,11,85.4492799990112,103.47539100621361,206.95514800900128,87.55454698984977
20,3,0,0,3,0,2,56,74.01545799802989,124.0054449881427,253.66179199772887,106.89084099431057
8,4,0,0,0,0,0,958,48.220658994978294,69.70641900261398,164.7171229997184,164.59682199638337
23,3,0,0,2,0,3,1,79.69494599092286,114.11658400902525,224.67743800370954,108.88042600709014
21,2,0,0,1,0,2,0,73.82457600033376,103.47417400043923,205.6863570032874,96.80018200015184
8,3,0,0,1,0,1,308,40.479643997969106,52.915088992449455,93.28143100719899,50.22704799193889
11,0,0,0,1,0,2,457,118.32201700599398,92.98013600346167,253.92097800795455,116.19495799823198
3,2,0,0,0,0,0,3098,59.39572500938084,89.60884300176986,149.5881750015542,99.13272300036624
22,1,0,0,1,0,1,1,81.92754299670924,111.09285599377472,214.9689460056834,105.77164799906313
7,0,0,0,1,0,2,325,156.40926601190586,111.39560700394213,244.16452899458818,105.5178360111313
22,1,0,0,2,0,2,0,101.76656900148373,101.97749400686007,240.89974699018057,93.19888400204945
4,1,0,0,0,0,0,1421,62.79593201179523,90.22641100455076,150.38232700317167,103.10962599760387
22,4,0,0,3,0,2,3,135.4327849985566,170.5685250053648,323.8064650067827,159.63182799168862
1,1,0,0,0,0,0,5937,16.538021998712793,19.366196996998042,73.39301900356077,113.44012299377937
20,3,0,0,2,0,2,0,53.72061498928815,75.778641999932,143.67110500461422,78.89741200779099
3,1,0,0,0,0,0,1289,72.78861099621281,103.8654830044834,169.02076499536633,99.08012198866345
17,1,0,0,2,0,2,1,77.36620400100946,106.4720499998657,211.21708500140812,95.6063269986771
12,4,0,0,0,0,0,132,103.19904799689539,152.85591899009887,254.9958610034082,144.16788298694883
24,0,0,0,1,0,2,0,74.95563600969035,109.12498099787626,212.19574099814054,102.32416300277691
26,1,0,0,3,0,2,0,38.17467699991539,52.71456799528096,187.51692899968475,99.30283600988332
14,1,0,0,0,0,0,1,74.91881500754971,108.93807800312061,187.62786700972356,98.40568399522454
12,3,0,0,0,0,0,69,78.87911899888422,113.17571699328255,192.78290899819694,106.71996700693853
25,6,0,0,1,0,2,1,137.38696998916566,204.50881400029175,239.2568870127434,106.62197800411377
22,1,0,0,4,0,2,1,99.40401099447627,105.67310499027371,240.74120399018284,93.76646199962124
24,8,0,0,3,0,2,0,74.31918798829429,105.38855200866237,224.3193550093565,96.95412000291981
16,1,0,0,2,0,2,4,74.09133699547965,120.49172799743246,235.48164300154895,111.70804699941073
4,2,0,0,0,0,0,1960,57.71483700664248,82.04644899524283,144.03013700211886,101.66786900663283
11,3,0,0,1,0,2,762,161.9853320007678,203.2071889989311,337.9278220090782,219.77915300522
20,2,0,0,2,0,2,1,112.66648099990562,160.83380801137537,289.78113101038616,162.8402860078495
21,9,0,0,1,0,2,1,192.63420499919448,256.22650800505653,242.1768409985816,127.95059100608341
20,1,0,0,0,0,0,1,52.6132769882679,107.33023298962507,199.07521200366318,101.35804700257722
19,0,0,0,3,0,2,0,71.08905899804085,108.19658999389503,236.09596700407565,102.26441499253269
17,3,0,0,1,0,2,1,97.81640699657146,108.76144299982116,219.42871999635827,98.63304899772629
23,1,0,0,4,0,2,5,82.26782899873797,111.35764699429274,230.61671500909142,97.93511001043953
17,4,0,0,0,0,0,1,39.18276299373247,53.87303000316024,100.74108900153078,85.94694999919739
4,1,0,0,0,0,0,528,69.45945200277492,100.20246100611985,167.92605099908542,99.54803698929027
1,1,0,0,0,0,0,5937,16.381346998969093,19.50829999987036,74.31709000957198,113.36959799518809
19,1,0,0,2,0,2,2,96.06364800129086,109.65454101096839,242.70755400357302,104.22382300021127
5,1,0,0,1,0,1,0,119.14855599752627,84.52212800330017,108.59631800849456,49.868932997924276
10,0,0,0,2,0,1,2,118.62271500285715,108.34661399712786,190.04332800977863,94.00272999482695
14,1,0,0,2,0,2,0,76.88067299022805,104.61546199803706,200.75833299779333,95.21384100662544
14,5,0,0,2,0,2,120,180.89741498988587,216.90230700187385,367.656757007353,220.87818798900116
28,6,0,0,1,0,2,0,79.26434199907817,95.92614299617708,113.4158900094917,53.24731500877533
1,0,0,0,0,0,0,5690,37.976773994159885,51.397231000009924,109.03682099888101,91.49602700199466
19,4,0,0,2,0,2,8,122.84343600913417,164.4746789970668,298.0364569957601,161.1195849982323
4,1,0,0,0,0,0,423,71.49962401308585,99.96322600636631,167.40372699860018,93.5953019943554
1,1,0,0,0,0,0,5937,16.518085991265252,19.471224004519172,73.41855400591157,114.00978399615269
30,2,0,0,3,0,2,1,79.43625900952611,112.04663899843581,234.3316940095974,106.42536399245728
19,2,0,0,2,0,2,2,95.73061700211838,113.31836599856615,236.60403200483415,104.69854000257328
11,7,0,0,1,0,2,1032,166.4771999930963,168.20484500203747,287.65645099338144,182.9143710056087
31,1,0,0,3,0,1,1,72.994843008928,102.82810199714731,215.9109730127966,95.18453100463375
14,5,0,0,2,0,2,120,90.26967200043146,106.98590199172031,184.25873201340437,110.89675499533769
25,1,0,0,0,0,0,0,73.07003300229553,103.7701049936004,199.47189898812212,97.28808399813715
22,1,0,0,1,0,2,1,102.9010450001806,104.52109499601647,232.90684599487577,96.87764999398496
25,1,0,0,3,0,2,1,183.2145559892524,184.3072360061342,359.16397398978006,161.3854379975237
24,1,0,0,3,0,2,1,162.3393720074091,133.64957200246863,272.77490199776366,53.0402580043301
22,1,0,0,2,0,2,1,101.92100499989465,110.81860899867024,246.10381299862638,105.06697300297674
10,0,0,0,0,0,0,2,75.3164170018863,106.68575100135058,183.21909599762876,99.99625499767717
26,2,0,0,1,0,2,1,96.56941700086463,110.71454899501987,235.82920600892976,103.79570799705107
7,1,0,0,0,0,0,948,35.46759800519794,74.79611500457395,170.09908000181895,104.55813400039915
17,2,0,0,2,0,1,3,83.99262800230645,112.11723199812695,207.4831360077951,102.71579399704933
7,4,0,0,0,0,0,335,56.33392599702347,81.8460329901427,132.9773649922572,88.95547600695863
23,1,0,0,0,0,0,1,78.14612600486726,110.69744899577927,210.90232300048228,107.10265400120988
15,6,0,0,1,0,1,1,71.66572399728466,103.86256998754106,189.16305399034172,94.36758499941789
18,1,0,0,2,0,2,3,100.66387699043844,104.87743400153704,235.57797200919595,99.14947299694177
7,5,0,0,0,0,0,336,110.65094299556222,164.90846300439443,262.4973750062054,175.40115799056366
10,4,0,0,0,0,0,20,128.2667289924575,192.6279259932926,309.80346399883274,190.55542300338857
28,5,0,0,1,0,2,1,107.87611200066749,154.89011199679226,180.54858599498402,135.6796820036834
16,2,0,0,0,0,0,1,103.78280599252321,154.81601899955422,263.73128799605183,95.88940399407875
11,6,0,0,1,0,2,5,181.98347599536646,273.65013099915814,398.4095110063208,272.40059699397534
31,1,0,0,4,0,2,1,85.18876798916608,115.24935299530625,249.62169300124515,105.37319100694731
14,0,0,0,1,0,1,1,42.06157098815311,107.85779199795797,196.77113300713245,101.22696700273082
10,3,0,0,1,0,2,0,68.54081600613426,98.31560400198214,180.533969993121,87.05402200575918
12,4,0,0,1,0,2,0,38.97123500064481,95.09522099688184,181.3331970042782,86.15293899492826
17,1,0,0,1,0,2,1,73.75178200891241,104.87649700371549,202.14792400656734,97.91523400053848
25,1,0,0,4,0,2,1,102.08351700566709,117.22030201053713,256.1336309881881,97.50602199346758
13,1,0,0,1,0,2,1,109.27906200231519,151.34961799776647,268.8006480020704,154.91339699656237
19,3,0,0,1,0,2,0,92.89048600476235,75.57179100695066,187.05537499045022,80.44901701214258
11,4,0,0,1,0,2,719,174.08130600233562,201.52670300740283,308.95038100425154,205.59502999822143
23,2,0,0,2,0,2,1,84.05761499307118,115.72266100847628,202.06472600693814,107.67680998833384
10,3,0,0,0,0,0,0,79.37997800763696,113.5276349959895,192.4593720032135,78.89723400876392
11,1,0,0,1,0,2,564,96.00692700769287,118.1726889917627,209.09213001141325,114.40803400182631
16,0,0,0,1,0,2,2,98.72460199403577,106.59671500616241,228.13601700181607,97.16651600319892
1,0,0,0,0,0,0,5937,17.47927199176047,20.33393399324268,75.41435000894126,91.5843930124538
25,1,0,0,3,0,2,1,102.0860040007392,107.06110100727528,249.21721700229682,98.59634899476077
6,2,0,0,0,0,0,531,73.5866850009188,105.24082000483759,171.8052229989553,103.63004900864325
6,1,0,0,0,0,0,0,36.803156006499194,50.410822994308546,143.50110600935295,92.71644899854437
13,1,0,0,1,0,2,277,100.91182199539617,139.7741499968106,220.78041201166343,124.82786799955647
27,1,0,0,3,0,2,2,40.326709000510164,52.198182995198295,117.71917299483903,47.897091004415415
28,8,0,0,1,0,2,1,59.39708900405094,113.20931800582912,228.2447809993755,108.11887998715974
14,2,0,0,1,0,1,2,92.33805199619383,105.32911799964495,199.59345400275197,97.7242520020809
11,4,0,0,1,0,2,2,161.85093099193182,111.91082099685445,281.9537580071483,101.36879299534485
27,4,0,0,2,0,2,1,111.35808899416588,161.53940799995326,308.01934699411504,163.9126679947367
29,1,0,0,1,0,2,1,75.40915500430856,107.2836660023313,218.3941830007825,100.77157198975328
13,3,0,0,0,0,0,18,39.48009599116631,53.13586400006898,96.86008900462184,52.07902300753631
27,2,0,0,0,0,0,1,79.11355800752062,112.44508599338587,214.737703994615,106.9522479956504
2,1,0,0,0,0,0,2989,67.17398499313276,95.78417299780995,158.23236900905613,92.15358798974194
11,0,0,0,1,0,2,278,80.39321700925939,114.00566999509465,195.39690400415566,106.27926798770204
27,5,0,0,1,0,2,1,77.59093200729694,108.9596350066131,219.86564100370742,102.5486720027402
16,1,0,0,1,0,2,31,84.01867400971241,113.95990000164602,213.24120899953414,106.3402430008864
22,3,0,0,0,0,0,1,76.73987701127771,106.90921000787057,203.1653090089094,68.15432899747975
20,2,0,0,2,0,2,1,98.74009199847933,88.41026600566693,208.84532600757666,107.32854800880887
32,2,0,0,4,0,1,1,75.85570799710695,112.11446599918418,226.60062900104094,99.75309600122273
5,3,0,0,0,0,0,1897,67.75111000752077,68.55536000512075,176.90404799941462,202.0986779971281
16,6,0,0,3,0,2,2,146.73389900417533,115.39901098876726,234.97059699730016,98.35566600668244
19,3,0,0,2,0,2,30,103.90380100579932,118.63746900053229,240.96110700338613,98.46479800762609
8,5,0,0,0,0,0,0,99.81186100048944,149.28517100634053,245.6467559968587,113.27101800998207
42,4,0,0,5,0,2,1,74.96630601235665,107.03957699297462,256.2025649967836,99.42375199170783
15,4,0,0,2,0,1,2,75.50830999389291,106.41774599207565,198.39112499903422,100.12947900395375
1,1,0,0,0,0,0,5937,16.221605997998267,19.13788399542682,73.52389299194328,113.85271900508087
18,3,0,0,1,0,2,0,50.530848995549604,51.54954100726172,115.26957000023685,48.935216007521376
11,0,0,0,1,0,2,292,95.39815000607632,131.41745699977037,206.99387999775354,118.60309301118832
7,0,0,0,0,0,0,295,71.42881999607198,102.33599500497803,171.70614599308465,94.10261400626041
27,10,0,0,3,0,2,2,78.6987070023315,118.93167599919252,315.95568399643525,242.91897399234585
24,5,0,0,3,0,2,0,146.88511898566503,194.44550199841615,370.8828660019208,201.88813599816058
2,0,0,0,0,0,0,584,69.64159698691219,98.96450200176332,160.24476499296725,92.62174199102446
23,4,0,0,2,0,1,1,42.63427000842057,53.99821899482049,108.5310920025222,51.21774799772538
20,3,0,0,2,0,2,1,183.55815998802427,179.77455900108907,353.36150400689803,178.97763699875213
22,4,0,0,2,0,2,2,77.46850499825086,109.43613000563346,219.62790099496488,103.98996900767088
36,4,0,0,6,0,2,1,97.3117999965325,111.58006000914611,274.4740079942858,104.02858599263709
22,3,0,0,2,0,2,1,129.11719600379,167.8179369919235,311.335007994785,159.5969990012236
3,1,0,0,0,0,0,73,76.41808099288028,106.73123699962161,175.0155600020662,98.47453300608322
5,5,0,0,0,0,0,4472,37.795288997585885,55.46259800030384,74.43723198957741,133.87011100712698
28,0,0,0,4,0,1,0,79.01005800522398,110.27901498891879,228.57401298824698,105.08373699849471
24,3,0,0,2,0,2,1,180.7865139999194,155.02257000480313,358.186110999668,163.23428000032436
15,3,0,0,0,0,0,1,76.92570899962448,111.22098099440336,195.72273800440598,105.40203998971265
23,1,0,0,4,0,2,12,98.92501401191112,120.60708699573297,251.46007600415032,103.60987699823454
18,2,0,0,1,0,2,1,80.76782700663898,106.75716600962915,212.90526300435886,99.23951000382658
1,0,0,0,0,0,0,2995,34.69760899315588,46.262623989605345,78.93280001007952,45.422308990964666
10,3,0,0,0,0,0,235,76.05033100116998,109.32952800067142,184.10006701014936,105.18848900392186
20,7,0,0,2,0,2,0,100.30719799397048,150.41650700732134,272.1721139969304,152.3965060041519
22,4,0,0,2,0,2,1,46.1623979936121,104.52808199624997,201.0258399968734,47.60798599454574
19,4,0,0,1,0,2,1,98.40598299342673,111.61994599387981,225.5019370059017,104.72229299193714
23,1,0,0,3,0,2,1,81.3492099987343,108.98068100505043,228.12409600010142,98.12946199963335
37,1,0,0,4,0,4,1,98.50108000682667,111.58911899838131,280.05391999613494,103.72234699025284
9,4,0,0,1,0,2,1849,151.9730700092623,182.4750740051968,259.6348759980174,210.5365699972026
9,3,0,0,1,0,2,1425,157.59541300940327,229.9199130065972,160.77571400091983,125.89298500097357
22,2,0,0,3,0,2,0,100.57632099778857,146.0322070051916,288.2309490087209,148.32243000273593
28,7,0,0,3,0,2,1,51.23098799958825,112.98006000288296,238.44537799595855,105.98977500922047
28,3,0,0,2,0,2,1,75.37737800157629,102.41990500071552,221.63350399932824,97.33799699461088
25,5,0,0,1,0,2,0,39.13213299529161,53.29962800897192,107.63455599953886,50.12413699296303
15,3,0,0,1,0,2,5,109.89960300503299,156.7122699925676,280.38989700144157,164.26289700029884
15,3,0,0,1,0,2,5,83.64794999943115,114.50094399333466,214.05931099434383,107.46247100178152
23,5,0,0,3,0,2,13,98.21244300110266,165.59093599789776,324.4445499876747,161.0315959987929
17,2,0,0,2,0,2,1,180.594575998839,180.06480300391559,336.4392829971621,173.15370000142138
6,5,0,0,1,0,1,1156,140.6409750052262,147.87918799265753,203.0539349943865,142.03908399213105
23,2,0,0,1,0,2,3,76.51660800911486,108.27784200955648,211.06616999895778,98.32754801027477
26,1,0,0,2,0,2,0,81.74320199759677,110.83277899888344,237.11256400565617,98.85205200407654
22,3,0,0,1,0,2,1,99.24637699441519,103.62557400367223,225.9637139941333,49.06417500751559
4,3,0,0,0,0,0,2699,89.7093769890489,133.93613298831042,206.02846599649638,136.11674700223375
30,2,0,0,0,0,0,1,76.35312099591829,111.25143700337503,213.04372399754357,103.45263298950158
20,2,0,0,0,0,0,1,38.9521750039421,52.710798001498915,196.05930399848148,100.967596998089
3,1,0,0,0,0,0,903,71.82481201016344,104.23692599579226,169.4673000019975,101.30140298861079
25,2,0,0,3,0,2,1,101.7096300056437,85.62410500599071,125.0038680009311,48.94279500877019
3,2,0,0,0,0,0,3176,56.65209799190052,78.03192200663034,136.7514739977196,97.2346830094466
24,5,0,0,1,0,1,0,79.12415200553369,57.37622600281611,209.5803449919913,107.34153300290927
33,1,0,0,3,0,2,1,98.55752599833068,116.58614501357079,255.12358199921437,97.81147800094914
21,4,0,0,3,0,2,0,103.14989800099283,154.19527600170113,291.77936499763746,153.57083900016733
24,3,0,0,4,0,2,0,99.40723000909202,104.73164900031406,248.77399399701972,94.4478859892115
19,3,0,0,1,0,2,4,42.71321099076886,58.11631398682948,109.00069800845813,54.54954599554185
25,2,0,0,1,0,2,1,95.89348299778067,108.11572300735861,233.18189800193068,101.54537500056904
7,3,0,0,0,0,0,228,98.31463800219353,149.20302499376703,240.76950800372288,154.97753700765315
16,2,0,0,0,0,0,4,77.057436996256,112.85026901168749,199.68947999586817,104.8480949975783
25,3,0,0,2,0,2,1,79.39177300431766,106.78815600113012,224.70753200468607,96.94747500179801
12,4,0,0,0,0,0,69,40.57139699580148,54.6983829990495,96.5647739940323,53.39498500688933
16,3,0,0,1,0,2,0,123.04387599579059,155.87044699350372,296.80397899937816,158.59280100266915
18,4,0,0,3,0,2,8,100.29956900689285,105.97724400577135,233.72474500501994,97.48490499623585
7,0,0,0,0,0,0,948,70.631073002005,102.95600599783938,168.5063210024964,102.49709100753535
24,6,0,0,3,0,2,0,191.33412800147198,219.24061300524045,418.5216869955184,229.08178699435666
19,2,0,0,1,0,2,3,52.00809700181708,54.09078599768691,118.5096569970483,55.80585799179971
23,4,0,0,1,0,2,1,80.01725099165924,109.10289599269163,220.35867399245035,104.07397299422882
23,0,0,0,3,0,3,1,75.72719900053926,58.11869600438513,111.93798000749666,48.77084799227305
2,1,0,0,0,0,0,2988,79.28654699935578,116.40106100821868,194.469174995902,154.47984100319445
37,5,0,0,4,0,2,0,148.61164799367543,206.96507800312247,381.5160390076926,204.55440199293662
25,1,0,0,3,0,2,1,97.60186000494286,107.15746699133888,239.33027000748552,94.40815100970212
26,3,0,0,2,0,2,1,104.0025499969488,113.85311200865544,254.2587219941197,105.80353499972261
25,1,0,0,3,0,4,2,129.62706699909177,172.65843199857045,329.3161090114154,173.44746399612632
16,4,0,0,1,0,2,3,188.04515399097,224.88423899631016,399.0084969991585,171.51141200156417
35,1,0,0,6,0,3,1,85.81065999169368,115.37667599623092,267.5460250029573,110.9263129910687
24,4,0,0,2,0,2,1,96.82066099776421,110.43603700818494,238.8925279956311,102.63063199818134
3,3,0,0,0,0,0,5631,38.116969997645356,53.13836700224783,99.13073999632616,214.31215200573206
20,4,0,0,2,0,1,0,53.53867801022716,105.79572299320716,276.81650601152796,160.22254299605265
10,0,0,0,0,0,0,6,74.7442160063656,104.90882600424811,157.05256699584424,48.94456001056824
5,1,0,0,1,0,1,0,151.15462099493016,183.8997430022573,250.69415599864442,174.7226810111897
8,0,0,0,1,0,2,148,100.6170420005219,137.63626500440296,209.73922799748834,115.83347299892921
27,5,0,0,2,0,2,1,55.78673799755052,78.34422000451013,276.78244799608365,164.51874699851032
20,2,0,0,2,0,2,1,52.80549499730114,58.699399000033736,218.68815200286917,97.01434000453446
3,3,0,0,0,0,0,5631,20.01082999049686,26.326176986913197,51.07910800143145,112.20445200160611
22,4,0,0,3,0,2,0,185.6125560007058,222.58264599076938,420.6040759891039,226.88021599606145
28,5,0,0,3,0,2,1,79.18902700475883,115.0711280060932,236.15875600080471,106.51404400414322
23,1,0,0,1,0,2,1,179.1747840034077,152.73646998684853,341.3496699940879,159.44957699684892
16,2,0,0,2,0,2,1,176.31693299335893,188.15267099125776,335.6954969931394,161.42111699446104
18,4,0,0,2,0,2,1,81.89261799270753,112.59951599640772,216.77461100625806,107.34992900688667
19,0,0,0,1,0,2,3,49.05571599374525,55.4537040006835,114.75902399979532,52.79016599524766
26,5,0,0,3,0,2,1,100.11619799479377,119.2676390055567,256.7490590008674,101.91404100623913
20,0,0,0,2,0,1,0,75.4818669956876,100.2912490075687,198.58141099393833,90.64655100519303
20,3,0,0,2,0,2,1,103.71344198938459,116.76630399597343,243.1564860016806,97.99006099638063
4,2,0,0,0,0,0,860,76.28085499163717,104.02494799927808,123.00526699982584,100.8250149898231
8,3,0,0,0,0,0,400,74.7413010103628,107.47268100385554,177.2146009898279,102.88540599867702
3,0,0,0,0,0,0,239,70.77046700578649,100.59026299859397,166.1925750086084,92.2474270046223
6,3,0,0,0,0,0,531,75.14403499953914,107.641845010221,179.22896800155286,111.75638399436139
8,1,0,0,1,0,2,70,152.5247660028981,199.8677130031865,202.07064200076275,93.84012800001074
8,4,0,0,1,0,1,273,148.75251799821854,167.61294200841803,273.66840599279385,174.36007798823994
25,0,0,0,2,0,2,1,51.382445002673194,82.12171000195667,249.61694599187467,103.77745400182903
25,0,0,0,2,0,2,0,50.77035501017235,51.32554499141406,204.70808599202428,95.77930699742865
14,5,0,0,1,0,2,1,139.72877500054892,213.14022300066426,342.9681540001184,217.8875530080404
39,1,0,0,3,0,2,1,77.03090699214954,107.37516000517644,238.70964600064326,100.78702999453526
4,0,0,0,0,0,0,423,70.89916200493462,100.26013899187092,167.45225299382582,91.2665559881134
15,4,0,0,1,0,2,25,99.89914500329178,104.48711000208277,224.14467600174248,95.25445599865634
4,3,0,0,0,0,0,0,72.42555700941011,111.20271000254434,169.36031500517856,114.67766299028881
5,0,0,0,0,0,0,441,71.35997999284882,97.72688000521157,164.0126109996345,93.4449449996464
21,1,0,0,1,0,2,1,98.68005600583274,102.9175319999922,227.10409699357115,95.7590479956707
13,3,0,0,1,0,2,5,106.93013100535609,154.29316900554113,267.4617019947618,158.5739319998538
4,2,0,0,0,0,0,2335,120.4099460010184,182.31467599980533,275.94491599302273,200.8733469992876
15,1,0,0,3,0,2,6,156.77762900304515,118.12879200442694,273.16342800622806,101.70387799735181
15,2,0,0,1,0,2,9,74.72416000382509,91.02623599756043,99.26357799849939,47.88435199589003
1,0,0,0,0,0,0,5937,17.277385006309487,20.508172005065717,74.39479800814297,89.1171370021766
26,7,0,0,3,0,2,2,115.49124200246297,128.35623598948587,263.1482720025815,104.92651999811642
21,2,0,0,2,0,3,2,42.316185994422995,55.40840400499292,162.33613599615637,108.79957501310855
30,3,0,0,5,0,2,1,79.72605699615087,106.50844099291135,246.5239519951865,94.52366299228743
22,2,0,0,2,0,2,1,122.09322999115102,154.50508501089644,303.1673950026743,163.67404599441215
27,4,0,0,2,0,1,1,73.04533600108698,105.1157749898266,210.25580100831576,95.23909400741104
33,2,0,0,5,0,2,1,97.57647100195754,105.37737100094091,265.1723290036898,93.94732299551833
1,1,0,0,0,0,0,5937,8.42933400417678,9.599078010069206,37.683668997487985,95.67287299432792
23,9,0,0,3,0,2,34,182.8730400011409,206.59796299878508,397.19581999816,201.058616003138
30,5,0,0,3,0,2,0,77.38228699599858,108.59265300678089,240.58195999532472,97.3311179986922
1,0,0,0,0,0,0,2995,66.43538799835369,96.01715300232172,155.22419099579565,89.15886700560804
28,1,0,0,1,0,2,1,74.55576099164318,107.12247500487138,218.63177399791311,99.78473400406074
4,1,0,0,1,0,1,0,77.88512099068612,146.80390899593476,153.0011110007763,197.3051319946535
5,0,0,0,0,0,0,1409,64.3533840047894,90.50542701152153,154.64378499018494,105.45640600321349
25,2,0,0,1,0,2,1,96.3263550074771,107.89463900437113,234.93396800768096,102.11770801106468
21,1,0,0,3,0,2,2,97.98414100077935,105.03793301177211,244.99391399149317,96.88271100458223
17,2,0,0,1,0,2,1,51.573770004324615,52.41706999368034,193.6311530007515,98.87871499813627
3,2,0,0,0,0,0,1915,65.59839399415068,93.39519699278753,117.05599499691743,47.7699519979069
20,3,0,0,2,0,2,1,179.43098999967333,187.4380840017693,347.82459601410665,186.71006099611986
7,5,0,0,0,0,0,1008,87.87489299720619,107.11790400091559,206.8554529978428,117.37587499374058
27,5,0,0,3,0,2,1,79.39489399723243,112.63852298725396,237.94188599276822,104.47880199353676
28,3,0,0,3,0,2,1,101.85777000151575,116.15243699634448,251.5435919922311,97.92364700115286
20,5,0,0,1,0,2,4,82.3703670030227,116.93828499119263,217.84540999215096,86.19282899599057
16,1,0,0,3,0,2,24,98.21717199520208,108.8438010046957,226.26495199801866,97.90379299374763
12,7,0,0,0,0,0,0,67.61705900134984,95.72110600129236,171.90677599865012,85.16428299481049
22,0,0,0,0,0,0,0,75.34056800068356,107.74760699132457,202.8928069921676,101.27564499271102
3,1,0,0,0,0,0,4112,30.04268700897228,41.12074899603613,72.10073100577574,143.3687259996077
24,4,0,0,4,0,2,2,186.06331400224008,192.61842999549117,373.87444500927813,165.71046999888495
18,1,0,0,1,0,2,1,38.896536003449,51.44915801065508,104.11836100684013,49.80988000170328
22,3,0,0,0,0,0,1,78.57962801062968,112.28896300599445,207.93103300093208,105.62824500084389
20,4,0,0,2,0,1,0,105.30155600281432,155.71938299399335,279.52290400571655,158.72203999606427
11,6,0,0,1,0,2,50,182.20831899088807,116.11008399631828,169.69785500259604,53.3503059996292
28,11,0,0,3,0,2,2,151.5988430037396,234.87776098772883,410.53435299545527,237.6673929975368
20,1,0,0,1,0,2,1,99.12649598845746,105.15705900616013,227.66057698754594,96.38119499140885
19,2,0,0,0,0,0,1,75.15259900537785,108.17491800116841,198.08230899798218,99.54042099707294
25,7,0,0,1,0,2,2,84.75487599207554,115.3717039996991,228.06901899457444,107.46506899886299
24,1,0,0,4,0,2,1,99.35091700754128,118.64844099909533,252.6037530042231,103.45986000902485
30,3,0,0,3,0,2,1,40.22044499288313,53.61223200452514,120.9479429962812,48.280834991601296
17,3,0,0,2,0,2,4,99.68599799321964,105.1272170006996,230.69486500753555,96.80258599109948
6,2,0,0,0,0,0,224,79.96163499774411,117.09144800261129,189.23354799335357,109.67832499591168
30,1,0,0,3,0,2,1,100.58185999514535,109.47726199810859,223.15868800797034,76.47259200166445
8,4,0,0,0,0,0,0,129.0753050125204,194.40475599549245,310.4008590016747,205.5570259981323
3,3,0,0,0,0,0,5631,38.279903994407505,52.77235199173447,99.06034400046337,213.0161309905816
23,3,0,0,2,0,2,1,187.84579299972393,163.59266299696174,289.9718840053538,155.63855800428428
28,7,0,0,1,0,2,1,81.01658899977338,111.44158399838489,228.71087500243448,108.6269630031893
7,3,0,0,0,0,0,19,60.868221000419,52.0657049928559,110.51705499994569,98.34653399593662
22,1,0,0,2,0,2,1,101.58625499752816,108.23726300441194,241.409800000838,98.772198005463
13,6,0,0,1,0,2,84,75.97301299392711,110.42254099447746,107.92406399559695,51.19564299820922
15,1,0,0,1,0,2,1,96.41860799456481,103.59115799656138,219.7302150016185,96.09504300169647
24,5,0,0,3,0,2,0,100.30111100059003,118.86801799118984,256.02959300158545,103.85664099885616
9,0,0,0,0,0,0,3,76.24313599080779,109.77396200178191,187.33015499310568,101.18823700759094
10,1,0,0,0,0,0,2,73.90059900353663,108.58305500005372,184.03065099846572,99.68986199237406
28,3,0,0,1,0,2,1,41.60332000174094,54.63945299561601,113.5812669963343,54.402986002969556
11,4,0,0,1,0,2,0,147.48277999751735,146.20453999668825,191.38380499498453,74.3883409886621
7,5,0,0,0,0,0,404,162.819885998033,256.94594900414813,374.5575919892872,254.076195997186
19,5,0,0,1,0,2,9,97.37574400787707,128.9312839944614,219.916596004623,58.79456899128854
20,6,0,0,1,0,2,1,77.87331299914513,113.60672599403188,213.32070500648115,106.38499700871762
17,2,0,0,1,0,2,1,73.8891259970842,107.06264201144222,203.19288098835386,100.21327499998733
14,5,0,0,1,0,2,0,123.2163389940979,152.73161701043136,295.8662119926885,157.5180069921771
10,5,0,0,0,0,0,0,104.41818999242969,159.22342099656817,258.4148719906807,160.63708798901644
19,1,0,0,2,0,2,2,107.02793300151825,126.50384700100403,194.6385850023944,87.67923599225469
11,2,0,0,1,0,2,0,41.706046991748735,56.3676210003905,145.8061900048051,61.008553006104194
22,4,0,0,0,0,0,1,71.56656000006478,106.80301699903794,199.24045998777729,100.89347099710722
26,1,0,0,3,0,4,1,100.7162320020143,148.30549899488688,300.4226019984344,153.1423080014065
19,1,0,0,2,0,2,2,102.66134000266902,117.7170790033415,238.94427900086157,96.30269100307487
30,1,0,0,0,0,0,1,78.79967500048224,111.17585998727009,215.1009810040705,104.70496599737089
32,3,0,0,3,0,2,1,76.3364750018809,106.51099700771738,220.8604110055603,99.67543599486817
1,0,0,0,0,0,0,5937,17.379828001139686,20.17186299781315,73.96193499153014,90.59079999860842
12,3,0,0,0,0,0,91,38.21495200099889,53.89943299815059,94.74998401128687,50.16095099563245
4,1,0,0,0,0,0,922,74.55842499621212,107.24991800088901,170.67976199905388,98.9853360078996
4,2,0,0,0,0,0,1421,81.1272069986444,120.11285799962934,194.28057898767292,158.74625099240802
16,6,0,0,1,0,2,1,71.56629499513656,101.67422400263604,197.2135310061276,94.6200559992576
29,1,0,0,0,0,0,1,78.19616398774087,111.24398298852611,132.55195099918637,52.910091006197035
1,0,0,0,0,0,0,928,65.13543799519539,90.17907599627506,151.50584699586034,86.64351400511805
12,1,0,0,0,0,0,1,73.23589100269601,105.29177299758885,183.81741900520865,99.25407300761435
23,4,0,0,2,0,2,1,123.77817400556523,165.8131549920654,322.2353529999964,157.65844300040044
10,1,0,0,1,0,2,1325,161.3852529990254,199.9401380016934,293.86059900571126,205.2920200076187
28,4,0,0,1,0,2,1,79.98158599366434,110.43720999441575,225.7335750036873,107.06315099378116
16,3,0,0,1,0,2,88,62.353278990485705,113.08739699597936,209.88169900374487,109.71789000905119
9,4,0,0,1,0,2,1849,148.95611700194422,107.68700299377088,248.38531100249384,184.84079898917116
18,2,0,0,2,0,2,1,53.54686200735159,91.97010399657302,143.3633410051698,101.14030800468754
21,1,0,0,2,0,2,2,76.86654799908865,108.03603500244208,222.68708600313403,100.46272100589704
14,0,0,0,1,0,2,8,74.0453620092012,105.80745500919875,166.3561080058571,49.83052299940027
12,0,0,0,1,0,2,120,96.34463398833759,111.75859099603258,215.9565469919471,107.21915800240822
22,5,0,0,1,0,2,1,125.4647569876397,175.1355849992251,310.07830500311684,180.2638399967691
2,2,0,0,0,0,0,5771,26.850756999920122,36.334071002784185,89.14429400465451,172.05750400898978
23,5,0,0,1,0,2,1,83.84689599915873,114.13311799697112,221.2458930007415,107.12402498757001
38,4,0,0,5,0,3,1,77.52543399692513,61.8733279989101,291.07204599131364,105.37230598856695
16,0,0,0,2,0,2,286,49.743979005143046,59.84233100025449,121.32620399643201,59.01472800178453
26,2,0,0,3,0,2,1,99.75760600354988,117.3486430052435,249.20725999982096,97.24369799369015
7,7,0,0,0,0,0,3735,102.4389880039962,152.37610599433538,169.90684799384326,288.8300480117323
17,2,0,0,2,0,2,5,191.1457209935179,158.74081999936607,343.8925089867553,164.21300600632094
2,2,0,0,0,0,0,5771,26.88752900576219,36.60241299076006,88.58304101158865,174.27926301024854
17,2,0,0,0,0,0,1,42.18194499844685,54.88944301032461,99.75491899240296,52.76217499340419
11,3,0,0,1,0,2,1142,166.97971000394318,233.17417201178614,362.05254499509465,258.5448530007852
25,6,0,0,1,0,2,1,83.98686999862548,112.78748699987773,176.38222400273662,76.18626899784431
15,1,0,0,2,0,2,44,87.9456399998162,111.9756120024249,221.43370799312834,102.53218600701075
7,5,0,0,0,0,0,593,145.480104998569,225.98520398605615,338.31521100364625,134.21904199640267
17,1,0,0,1,0,2,35,39.07044499646872,53.745555007481016,102.75392400217243,51.4131040108623
8,2,0,0,0,0,0,0,104.14903200580738,156.43950100638904,254.30994799535256,161.8035000137752
18,3,0,0,2,0,2,2,114.62030399707146,157.8543489886215,290.15644401079044,160.0772980018519
3,2,0,0,0,0,0,0,121.93190200196113,186.3193409953965,291.49408399825916,194.3793940008618
1,0,0,0,0,0,0,5937,8.971289003966376,10.400162005680613,38.74053599429317,45.660807998501696
2,0,0,0,0,0,0,903,69.61663800757378,97.16326100169681,162.53311600303277,96.58108599251136
3,0,0,0,0,0,0,555,70.0666079937946,99.71272500115447,161.1507750058081,90.22583499609027
25,3,0,0,3,0,2,0,100.89722200063989,150.91900299012195,282.6895620091818,153.62685799482279
12,0,0,0,1,0,2,1,152.88295199570712,201.2123889871873,259.4768999988446,164.65062700444832
31,2,0,0,4,0,3,2,104.39031299029011,123.17810000968166,270.49878700927366,105.61038000741974
26,5,0,0,1,0,2,1,170.297340999241,263.49317500717007,430.0111330085201,258.66537100228015
6,1,0,0,1,0,2,9,155.20816200296395,214.9043109966442,262.74358699447475,189.97676999424584
14,2,0,0,1,0,2,4,91.67190200241748,87.92079900740646,110.00118499214295,47.32276999857277
24,4,0,0,3,0,2,15,54.770239992649294,62.473690006299876,195.92575200658757,106.683025995153
23,2,0,0,0,0,0,1,78.0714540014742,113.02129000250716,207.25568798661698,108.31901300116442
22,3,0,0,0,0,0,1,75.25726899621077,108.09622099623084,203.02200800506398,101.00799500651192
12,1,0,0,0,0,0,1,74.59178801218513,105.3852829936659,186.14972499199212,97.94647699163761
16,1,0,0,2,0,1,1,72.97456401283853,101.03532600624021,192.9633109975839,94.32525000011083
11,2,0,0,1,0,2,24,100.00023500469979,104.13744900142774,212.90348800539505,99.03201198903844
28,7,0,0,1,0,2,1,106.68353800429031,159.20186600123998,266.34155900683254,141.9431340036681
8,2,0,0,0,0,0,1388,69.1865249973489,98.27375599707011,163.13091199845076,107.32030399958603
29,6,0,0,2,0,2,2,78.91289200051688,111.82020499836653,232.57497500162572,105.79360900737811
1,0,0,0,0,0,0,3585,63.18485799420159,87.58765300444793,147.15243999671657,90.99713200703263
14,5,0,0,1,0,2,5,93.96327201102395,144.99411500582937,190.2286609984003,120.20300900621805
3,2,0,0,0,0,0,3212,67.81557599606458,97.98396599944681,166.9130660011433,200.47433300351258
27,1,0,0,1,0,2,1,96.06327599612996,110.2710190025391,236.45465298614,102.52808700897731
23,0,0,0,3,0,2,1,99.70932800206356,116.49930701241829,244.66068900073878,97.07588599121664
15,2,0,0,1,0,2,4,172.47864700038917,231.9619759946363,331.66551000613254,214.0204720053589
35,1,0,0,3,0,2,1,46.486728999298066,54.30665898893494,132.54588800191414,51.06803300441243
5,5,0,0,0,0,0,4472,74.42897999135312,111.07315399567597,144.34034000441898,265.15396501054056
27,3,0,0,2,0,1,1,78.06884701130912,111.29926700959913,221.57785801391583,105.86484099621885
13,2,0,0,1,0,2,65,100.07208200113382,106.42060999816749,221.5106689982349,97.81007799028885
19,4,0,0,2,0,1,0,106.11073698964901,157.63759599940386,276.07899899885524,160.44110100483522
33,1,0,0,6,0,2,1,128.92637099139392,165.19135600537993,353.1294720014557,158.95577598712407
24,4,0,0,3,0,2,5,105.6149270007154,124.60695099434815,260.18942800874356,105.18134999438189
31,1,0,0,2,0,2,1,79.12502100225538,112.01891899690963,239.40555700391997,108.38125199370552
19,1,0,0,1,0,1,0,37.79736699652858,49.86538099183235,131.9920550013194,96.35302999231499
23,2,0,0,2,0,2,1,98.9796719950391,110.17365100269672,245.39716499566566,105.15016000135802
13,1,0,0,1,0,2,1,76.7208559991559,112.03729700355325,201.34698699985165,103.44866100058425
32,2,0,0,4,0,2,1,97.30025299359113,121.58842499775346,266.9553250016179,103.48527700989507
16,5,0,0,2,0,1,16,87.80529900104739,77.33517199812923,154.78793400689028,163.6902150057722
15,4,0,0,2,0,1,2,107.89061398827471,159.83524899638724,140.76838101027533,83.85445299791172
21,1,0,0,2,0,2,1,72.17520900303498,103.99535599572118,214.83342599822208,95.91061400715262
3,3,0,0,0,0,0,5631,38.660806996631436,53.867623006226495,101.08466100064106,210.12431501003448
15,3,0,0,1,0,1,1,73.71609800611623,106.69345199130476,191.17796400678344,96.84620700136293
25,2,0,0,3,0,2,1,77.94755400391296,112.88227600743994,230.97807000158355,104.77310699934606
2,0,0,0,0,0,0,1646,33.89406800852157,56.31699498917442,157.17681100068148,95.20932399027515
28,4,0,0,1,0,2,1,80.21985999948811,114.10774799878709,224.05950700340327,106.89111799001694
30,5,0,0,2,0,2,1,127.87402801041026,195.82060900575016,211.97543099697214,102.65180400165264
10,2,0,0,1,0,1,1,77.10248799412511,110.5365690018516,193.49509400490206,104.36892400321085
7,4,0,0,0,0,0,204,109.10476800927427,164.69651499937754,260.6693640118465,170.6651749991579
22,1,0,0,4,0,2,1,127.58895200386178,153.12776299833786,316.49244800792076,155.3329769958509
5,0,0,0,0,0,0,309,72.82934999966528,102.03256200475153,172.12597600882873,95.19881699816324
17,3,0,0,1,0,2,1,38.07878399675246,52.87383499671705,101.27974300121423,50.03022600430995
24,5,0,0,3,0,2,5,71.35124299384188,125.99718000274152,262.01885699993,105.19006999675184
8,3,0,0,1,0,2,1964,144.0736439981265,194.77383699268103,252.31301100575365,226.6308679973008
7,3,0,0,0,0,0,1401,67.22715900104959,96.31037100916728,162.98654398997314,106.42042600375134
27,3,0,0,2,0,2,3,125.66495800274424,155.49039699544664,319.9280199914938,160.21608898881823
6,1,0,0,0,0,0,22,37.627022989909165,51.567004004027694,88.21176900528371,49.26896899996791
26,2,0,0,1,0,2,1,97.40641999815125,107.24220899282955,239.30992200621404,97.53437199105974
1,1,0,0,0,0,0,5937,16.326149008818902,19.866761009325273,74.02601600915659,112.9560530098388
2,0,0,0,0,0,0,903,63.881694004521705,87.84338699479122,149.19971299241297,90.55248700315133
20,0,0,0,3,0,2,1,102.35644299245905,114.48283299978357,241.40405500656925,98.51640400302131
23,2,0,0,3,0,2,1,85.1026680029463,114.24795100174379,230.74114799965173,106.54470999725163
9,0,0,0,1,0,2,1,73.8044479949167,104.67508100555278,183.24318301165476,93.17695500794798
16,1,0,0,2,0,2,286,48.381165994214825,59.81443199561909,121.21451599523425,59.248568999464624
17,4,0,0,1,0,2,1,73.82774200232234,105.93315400183201,203.00282999232877,97.49244700651616
8,4,0,0,0,0,0,0,166.70451399113517,264.74301400594413,392.8097829921171,262.14918999176007
25,2,0,0,1,0,2,1,122.47770400426816,154.3410070007667,304.9278190010227,159.16901800665073
16,0,0,0,2,0,2,2,43.168456002604216,54.11516400636174,107.26187599357218,50.0286610040348
1,0,0,0,0,0,0,5937,16.978106999886222,19.923456988180988,72.89194299664814,91.74666400940623
17,6,0,0,1,0,2,0,73.23893001012038,105.41085299337283,201.58000598894432,99.54065200872719
12,1,0,0,1,0,2,2,106.28473998804111,157.232669997029,267.67952799855266,160.15824500937015
42,2,0,0,5,0,2,1,95.09785698901396,112.6847420091508,282.95978299865965,102.47970699856523
18,1,0,0,2,0,2,1,99.52446799434256,107.1824170066975,238.2656580011826,97.42797000217251
22,2,0,0,2,0,2,2,97.46819299471099,113.19375799212139,242.58464299782645,107.63179999776185
28,1,0,0,3,0,3,1,97.96197499963455,109.81559100036975,255.1627970096888,102.98428799433168
24,3,0,0,1,0,2,1,97.2558449866483,109.21625701303128,235.13409499719273,101.58579600101802
16,0,0,0,2,0,2,0,105.7829519995721,117.70493500807788,237.30328198871575,95.60648899059743
29,3,0,0,4,0,3,1,190.6615449988749,166.3476149988128,272.5057170027867,84.55884399882052
4,3,0,0,0,0,0,2339,59.97386599483434,89.77353399677668,192.2858510079095,200.98336599767208
22,4,0,0,0,0,0,1,75.57582500157878,110.25705799693242,199.98038701305632,100.94409399607684
24,4,0,0,3,0,2,1,87.01406899490394,75.1935659936862,252.94556500739418,102.8524080029456
28,2,0,0,2,0,2,1,75.14070099568926,104.05792499659583,225.2208059944678,94.15835699473973
4,2,0,0,0,0,0,631,100.50793799746316,150.25940899795387,234.10034499829635,165.61022600217257
17,1,0,0,1,0,2,1,78.05595899117179,101.39032200095244,202.44633000402246,94.30358499230351
12,1,0,0,1,0,2,0,72.11788700078614,102.07965200243052,190.78579898632597,93.96928201022092
11,5,0,0,1,0,2,72,184.79249699157663,151.56908400240354,296.0451819963055,121.06217700056732
8,0,0,0,1,0,2,73,78.75065199914388,101.79300598974805,125.9507780050626,85.67820300231688
28,8,0,0,3,0,2,1,78.91217900032643,112.63943898666184,240.51095500180963,106.4682039868785
4,2,0,0,0,0,0,1421,62.48308099748101,89.06722400570288,153.17788599350024,102.8401679941453
14,3,0,0,1,0,2,32,108.74672500358429,155.9273500024574,272.3622199991951,157.72308700252324
3,2,0,0,0,0,0,1866,51.58116600068752,72.02980099827982,116.83068299316801,78.82530300412327
22,3,0,0,1,0,2,0,105.35524800070561,152.0172559976345,275.35682600864675,154.3339339987142
8,0,0,0,1,0,1,11,134.07525600632653,105.9515810047742,193.21818399475887,98.52523400331847
22,1,0,0,3,0,2,1,100.01162199478131,104.59762300888542,237.44843299209606,93.66973799478728
25,2,0,0,3,0,2,1,97.08419800153933,104.78668501309585,233.67476699058898,93.73919799691066
4,1,0,0,0,0,0,860,73.5879109997768,104.84912899846677,173.89633400307503,100.58265901170671
11,0,0,0,1,0,1,1,36.086837004404515,50.038258006679825,91.2715700105764,62.252641990198754
18,2,0,0,1,0,2,1,135.3192030073842,207.50321200466715,337.6271890010685,121.38231699645985
29,1,0,0,2,0,2,1,84.60774099512491,112.2036620072322,240.1866180007346,106.1647940077819
5,3,0,0,0,0,0,0,130.54599500901531,201.03849199949764,310.4308069887338,210.60001899604686
42,2,0,0,5,0,2,1,76.40398999501485,110.33932499412913,258.0413830000907,102.56949700124096
19,3,0,0,1,0,2,1,94.58578999328893,111.54723798972555,224.57369799667504,103.48956499365158
2,0,0,0,0,0,0,3629,20.410226003150456,27.039701002649963,55.372642003931105,48.166699009016156
3,3,0,0,0,0,0,5631,37.84131100110244,52.553943009115756,98.33517800143454,216.32569600478746
30,3,0,0,3,0,2,1,76.4822410128545,104.45754599641077,238.13510600302834,93.99201998894569
26,5,0,0,2,0,2,1,101.74093299428932,114.20069899759255,259.1382300015539,106.7198480013758
9,3,0,0,0,0,0,302,100.96113198960666,154.23320600530133,248.28546500066295,161.633415002143
20,1,0,0,0,0,0,1,74.70165999257006,103.73552000964992,192.60572899656836,95.8423129923176
3,2,0,0,0,0,0,2124,52.87229499663226,78.45204700424802,124.00610900658648,99.823207987356
18,2,0,0,1,0,2,1,137.2474969975883,206.59543899819255,337.6560649921885,207.02230899769347
29,1,0,0,2,0,2,1,96.74835400073789,112.62716799683403,247.97892400238197,103.26115399948321
23,2,0,0,1,0,2,1,79.61404799425509,114.38980999810155,220.67140399303753,106.95260899956338
24,2,0,0,3,0,2,1,158.61354100343306,132.35429499763995,285.77660300652497,99.77326900116168
19,3,0,0,3,0,2,2,93.81464000034612,110.18807400250807,235.25885998969898,102.37618400424253
24,2,0,0,2,0,3,1,77.81476200034376,112.14540700893849,222.75676499702968,105.55479901086073
3,3,0,0,0,0,0,5631,37.886848993366584,53.83332299243193,100.95160100900102,215.3847260051407
26,4,0,0,2,0,2,1,193.42930799757596,214.54625998740084,209.17761100281496,116.54546300997026
3,3,0,0,0,0,0,5631,19.859683990944177,49.656294999294914,98.8399570051115,214.77938600583002
28,1,0,0,3,0,2,1,102.87243798666168,119.49303701112512,254.77245700312778,96.98938600195106
17,1,0,0,1,0,2,2,84.25690699368715,112.94907100091223,216.14871101337485,105.62143399147317
3,2,0,0,0,0,0,1915,66.85239299258683,93.12881300866138,155.51426900492515,91.8286399974022
22,3,0,0,1,0,2,0,70.36466899444349,95.29770800145343,194.64245600102004,85.89835799648426
1,1,0,0,0,0,0,5937,16.20483899023384,19.074873998761177,72.63930399494711,113.53139301354531
42,1,0,0,5,0,4,1,80.28415900480468,111.97496199747548,219.28330000082497,49.39935699803755
2,1,0,0,0,0,0,4383,33.81674700358417,46.00270099763293,101.60107699630316,95.84842099866364
27,1,0,0,5,0,2,1,49.21199999807868,51.33738199947402,182.39572500169743,94.73933899425901
3,1,0,0,0,0,0,555,70.23969299916644,99.03019398916513,162.65295499761123,90.27349800453521
21,2,0,0,3,0,2,40,98.55999599676579,119.04512598994188,249.23505599144846,107.3157279897714
6,2,0,0,0,0,0,1409,85.82041699264664,125.68087500403635,203.05704699421767,161.54360699874815
43,2,0,0,5,0,3,1,78.7692279991461,112.64961000415497,266.2477229896467,108.20834100013599
17,4,0,0,2,0,2,4,100.43161299836356,107.28373100573663,231.3956239959225,98.41384600440506
20,3,0,0,3,0,2,0,77.59909100423101,60.071629006415606,115.64368900144473,53.91271000553388
29,4,0,0,3,0,3,0,80.17096800904255,113.46932699962053,242.58155400457326,106.3888130011037
5,1,0,0,0,0,0,258,100.04131200548727,151.0088279901538,236.92968300019857,156.17620800912846
20,3,0,0,1,0,2,1,92.66587400634307,95.02449599676766,334.52156899147667,96.99845299473964
24,7,0,0,1,0,2,1,78.95695199840702,110.58711199439131,197.80970500141848,53.55624799267389
22,0,0,0,4,0,2,10,105.38622199965175,119.10614400403574,254.4365219946485,98.68486800405663
20,6,0,0,2,0,2,12,79.09373000438791,111.61818099208176,216.9238589995075,107.24740900332108
11,1,0,0,1,0,2,834,88.63030199427158,124.5173109928146,205.91598200553562,126.18627300253138
8,5,0,0,0,0,0,1321,114.39096499816515,173.48751598910894,237.90726700099185,104.86875199421775
31,3,0,0,2,0,2,1,50.03825799212791,105.1763249997748,252.37817798915785,96.79353899264243
24,4,0,0,4,0,2,2,187.727968004765,190.74191199615598,378.0348239961313,164.1868529986823
9,1,0,0,0,0,0,32,112.20404200139455,169.58409099606797,268.0515859974548,173.62752299231943
24,3,0,0,1,0,2,1,98.26860099565238,107.74714600120205,119.9278789863456,48.85826900135726
2,1,0,0,0,0,0,1940,63.4949250088539,91.27967500535306,149.2528030066751,93.33318599965423
4,2,0,0,0,0,0,1858,100.86461801256519,151.14596000057645,236.52916100400034,154.72627700364683
26,4,0,0,3,0,2,1,53.104585997061804,117.29313000978436,257.08625999686774,103.19380801229272
7,1,0,0,0,0,0,8,38.86762399633881,51.69957299949601,89.41668599436525,48.36183499719482
17,1,0,0,1,0,2,1,95.5276679887902,108.8394469988998,226.82643499865662,101.92535999522079
18,1,0,0,1,0,2,0,77.58730900241062,102.75368099974003,202.10740900074597,94.30129500105977
28,2,0,0,3,0,2,1,110.07856400101446,157.3963129922049,308.5173970030155,155.35019199887756
1,0,0,0,0,0,0,0,35.36232000624295,48.007612000219524,78.3233999973163,42.962164006894454
27,3,0,0,3,0,2,1,137.50608000555076,170.17357000440825,334.4561689882539,161.12791599880438
7,3,0,0,0,0,0,23,76.13282398961019,109.54159600078128,183.69125500612427,105.36356898956001
28,4,0,0,3,0,2,1,107.47537099814508,160.04566299670842,303.80295900977217,163.02812698995695
21,3,0,0,1,0,2,1,111.61594299483113,158.84929199819453,289.8364099964965,163.92860301129986
1,0,0,0,0,0,0,0,68.61084299453069,96.28139399865177,156.6737289977027,86.29673199902754
42,4,0,0,6,0,4,1,103.95609900297131,120.32316900149453,301.1422339914134,97.78031299356371
25,2,0,0,1,0,2,1,96.29614600271452,107.37695200077724,233.81810799764935,102.89804800413549
12,5,0,0,2,0,2,68,152.566424003453,174.12183999840636,292.3921390029136,167.62029599340167
28,6,0,0,1,0,2,0,75.05663100164384,109.04956499871332,217.73656000732444,99.35238800244406
29,1,0,0,3,0,2,1,87.95804499823134,59.487561011337675,132.14945599611383,51.68489400239196
25,3,0,0,1,0,2,1,79.80505100567825,112.18532599741593,221.13090100174304,103.24623099586461
10,2,0,0,0,0,0,2,64.74557500041556,122.9235650098417,313.5747180058388,204.2702909966465
26,2,0,0,3,0,2,1,103.10021099576261,115.06802499934565,176.53184400114696,48.91149800096173
7,1,0,0,0,0,0,0,74.26093200047035,105.10708700167015,177.17266399995424,98.52337899792474
29,1,0,0,2,0,2,1,98.07296199142002,93.54854200500995,194.1165890020784,63.67710900667589
24,1,0,0,2,0,2,1,105.37754200049676,123.18152199441101,247.2035780083388,108.80189400631934
27,5,0,0,2,0,2,2,77.71204800519627,109.8718269931851,225.85093999805395,107.5823209976079
3,1,0,0,0,0,0,514,47.819292012718506,130.77889899432193,231.29441699711606,155.40299900749233
28,3,0,0,3,0,2,1,78.9276990108192,111.91604199120775,238.32446899905335,107.92266500357073
37,2,0,0,3,0,2,1,100.67459099809639,110.35491399525199,272.16014299483504,103.22199499933049
1,0,0,0,0,0,0,0,68.24633100768551,96.30760899744928,121.70895599410869,42.183952988125384
7,5,0,0,0,0,0,2427,118.59793300391175,184.7972180112265,239.3151959986426,263.34328699158505
27,1,0,0,3,0,3,1,107.64250200008973,158.4840369905578,301.5286739973817,161.98564700607676
15,1,0,0,0,0,0,1,74.89415099553298,106.66793800191954,128.6498960107565,50.387777999276295
2,1,0,0,0,0,0,3966,47.45299799833447,67.98127600632142,128.59330599894747,148.51633900252637
20,1,0,0,1,0,2,1,98.08499299106188,107.89342000498436,230.14791100285947,102.56092000054196
25,4,0,0,2,0,2,1,73.97123701230157,109.31068799982313,138.70681199477986,49.381018994608894
22,2,0,0,2,0,2,4,99.84169199015014,106.86678500496782,238.19359600020107,48.59708799631335
26,10,0,0,3,0,2,1,76.48165700084064,140.8681299944874,381.25656500051264,202.62035299674608
18,5,0,0,1,0,2,1,52.38400099915452,101.86129399517085,179.56211999990046,93.75839401036501
21,3,0,0,1,0,2,0,81.64327300619334,111.0705580067588,219.71387200755998,106.0911560052773
26,2,0,0,3,0,2,0,74.03451699065045,106.77435500838328,226.35197099589277,99.41907500615343
3,0,0,0,0,0,0,1289,45.643354998901486,102.07328299293295,163.35286799585447,94.0121640014695
28,1,0,0,1,0,1,1,80.00579501094762,114.12387700693216,218.92137500981335,107.81491099623963
4,3,0,0,0,0,0,1958,133.9838959975168,207.81336599611677,308.8019340066239,232.51237900694832
10,2,0,0,1,0,2,840,45.979782997164875,60.36713099456392,125.20363900694065,125.3209309943486
14,4,0,0,1,0,2,0,129.94860600156244,193.0585130030522,324.9539940006798,198.32903999486007
3,2,0,0,0,0,0,0,60.37582100543659,70.72863000212237,117.59341700235382,137.90628699644003
42,2,0,0,3,0,2,0,97.28943298978265,109.17898600746412,213.61599399824627,103.85770900757052
11,3,0,0,1,0,2,5,121.97795200336259,180.30839000130072,286.43224100233056,174.6328440058278
25,2,0,0,2,0,2,1,84.1650660004234,112.82814500737004,230.62789700634312,106.94586799945682
10,1,0,0,1,0,2,264,65.32001501182094,53.24090100475587,96.93309001158923,51.424538003630005
28,7,0,0,3,0,2,2,130.9007640084019,198.3185790013522,367.8527879965259,205.693687996245
17,3,0,0,0,0,0,1,77.46155699715018,109.06291000719648,196.66611800494138,104.61291600950062
6,5,0,0,1,0,1,1156,139.89784399745986,146.42255299258977,200.69210800284054,139.57510399632156
19,3,0,0,1,0,2,3,106.67587100761011,154.7284300031606,277.3893639969174,160.57159900083207
20,4,0,0,2,0,1,1,110.65828100254294,158.52658099902328,284.812508005416,164.6763659955468
11,4,0,0,1,0,2,611,94.36021800502203,118.51006399956532,212.30813200236298,113.97529700479936
7,1,0,0,0,0,0,482,48.38719899998978,70.31351199839264,116.28276100964285,78.8638469966827
16,5,0,0,1,0,2,3,102.77838099864312,112.19508899375796,228.4609540074598,104.48897400056012
26,1,0,0,4,0,2,1,102.30205299740192,119.60193001141306,258.15505199716426,98.0355240026256
20,1,0,0,0,0,0,1,37.682866997784004,51.85239699494559,99.16855000483338,49.96511399804149
2,1,0,0,0,0,0,0,97.7378130046418,148.31603300990537,232.23727400181815,149.46373201382812
21,3,0,0,1,0,2,1,97.00036399590317,109.58552399824839,232.7430379955331,102.25287399953231
20,8,0,0,2,0,2,13,106.64345099939965,155.8859780052444,287.66670598997734,163.19847099657636
6,5,0,0,1,0,1,1156,139.85557400155813,144.22437400207855,201.60558499628678,142.73798500653356
11,1,0,0,0,0,0,1,37.18621199368499,50.54730900155846,91.72061800200026,47.41107900917996
33,4,0,0,5,0,2,1,100.53766999044456,105.65845599921886,268.65560199075844,94.6196210134076
14,4,0,0,0,0,0,1,75.60355299210642,109.15340700012166,189.60700000752695,100.77840700978413
21,3,0,0,1,0,2,1,178.66807099198923,157.22760200151242,344.48496700497344,161.1850310000591
10,2,0,0,1,0,2,0,183.88006898749154,153.241887994227,323.40016499802005,154.52878100040834
12,1,0,0,1,0,1,0,81.93879300961271,112.18972300412133,197.95229099690914,102.89873801229987
23,5,0,0,3,0,2,1,174.72823199932463,214.57783899677452,382.5037079950562,202.18358899001032
27,1,0,0,5,0,2,0,75.47599900863133,105.25231198698748,235.22587200568523,100.6839749898063
19,1,0,0,2,0,2,9,106.31159499462228,118.47230000421405,242.84089599677827,95.8904440049082
22,1,0,0,2,0,2,1,62.39152399939485,74.35759100189898,155.58632000465877,79.86382200033404
14,1,0,0,0,0,0,1,76.19148801313713,110.0241609965451,194.0884169889614,104.6636069950182
4,0,0,0,0,0,0,423,71.63881900487468,97.90162699937355,165.12152200448327,90.65916600229684
1,1,0,0,0,0,0,5937,16.299354989314452,19.229935001931153,73.2407140021678,113.36786999891046
21,2,0,0,3,0,2,1,76.6423559980467,103.43808800098486,214.03983599157073,94.51431900379248
24,6,0,0,1,0,1,0,79.30116300121881,114.36369399598334,214.06147799280006,106.590684998082
7,5,0,0,0,0,0,336,55.54210199625231,81.81470799900126,203.0924990103813,88.7651619996177
20,3,0,0,1,0,2,4,82.93277400662191,116.8874550057808,220.44937399914488,109.99333098880015
6,4,0,0,0,0,0,0,124.07701899064705,188.82023899641354,296.12967900175136,197.19398800225463
22,2,0,0,0,0,0,1,79.40770100685768,113.77270599768963,204.75922401237767,106.1228199978359
30,2,0,0,4,0,2,1,101.6480409889482,114.02683700725902,266.58125400717836,95.90554400347173
24,6,0,0,3,0,2,5,107.31728699465748,124.52933899476193,263.6439760099165,105.67992799042258
26,5,0,0,1,0,2,1,107.94471099507064,158.95705598813947,290.5653789930511,163.2298879994778
20,2,0,0,3,0,2,1,156.95435801171698,138.7926509924,283.7019930011593,110.6860050058458
27,1,0,0,3,0,2,1,99.05435598921031,110.53321200597566,243.3133159938734,97.24840299168136
20,1,0,0,2,0,2,1,81.63329400122166,110.19753399887122,215.9478169924114,98.8033609901322
30,2,0,0,2,0,2,1,53.331547998823225,74.86163100111298,151.60405200731475,79.64684499893337
22,0,0,0,3,0,3,2,84.01341599528678,112.3297380108852,229.3170960037969,100.07489299459849
3,2,0,0,0,0,0,3098,64.48041000112426,93.36733000236563,152.10553699580487,100.31644700211473
3,3,0,0,0,0,0,5631,19.48543499747757,26.73194899398368,51.53072900429834,109.00271200807765
12,4,0,0,0,0,0,71,77.92995400086511,109.88599499978591,191.80138999945484,106.02864999964368
31,2,0,0,4,0,2,1,98.5413580056047,119.02755699702539,268.22580900625326,102.47358899505343
27,1,0,0,2,0,2,1,83.23024099809118,113.95302599703427,235.76867599331308,106.6349290049402
10,0,0,0,1,0,2,1017,92.05801899952348,123.65670698636677,199.85228599398397,125.61275200278033
4,4,0,0,0,0,0,5074,59.49516099644825,82.90642900101375,126.69839400041383,243.8098500133492
11,1,0,0,1,0,2,834,92.98815998772625,81.99925300141331,135.561602000962,94.46266500162892
23,7,0,0,3,0,2,13,130.84821999655105,165.8586809935514,326.7173470085254,159.7192159970291
12,4,0,0,1,0,2,5,106.76040999533143,160.2542420005193,270.90742900327314,159.96340799028985
20,7,0,0,2,0,2,0,96.15014100563712,146.17476200510282,279.2128030123422,148.3281129912939
23,3,0,0,2,0,2,0,95.26792100223247,111.30400199908763,241.47406900010537,102.45283300173469
24,1,0,0,0,0,0,1,78.19736198871396,112.05431500275154,208.9786099968478,106.55562600004487
14,1,0,0,0,0,0,1,40.85096799826715,55.29563999152742,99.9069329991471,53.50454698782414
4,0,0,0,1,0,1,497,75.45584900071844,105.86130600131582,170.55063700536266,101.11066800891422
2,2,0,0,0,0,0,5771,27.554508997127414,35.36346199689433,87.74175400321838,172.76184099318925
22,1,0,0,2,0,2,1,85.7431530021131,116.27342000429053,224.71158900589217,107.44258400518447
6,1,0,0,0,0,0,0,68.1292640074389,96.11794700322207,163.07500400580466,86.1766719899606
27,1,0,0,1,0,2,1,72.75726400257554,100.83116100577172,210.7924739975715,95.41594800248276
32,3,0,0,2,0,2,1,105.36387401225511,118.67410999548156,257.0262439985527,95.56016599526629
35,2,0,0,4,0,2,1,104.9234130041441,116.7862900038017,269.9698970100144,97.79336000792682
4,4,0,0,0,0,0,5074,30.13441299844999,43.66268099693116,66.64585499675013,126.98316799651366
42,2,0,0,5,0,2,1,103.94097100652289,153.57671199308243,260.9061080001993,79.57885500218254
40,0,0,0,0,0,0,0,79.26709699677303,112.4595919973217,228.99839699675795,107.39468700194266
11,7,0,0,1,0,2,1032,167.10780099674594,136.25574400066398,282.6956909993896,143.52965299622156
27,0,0,0,3,0,2,0,97.23951200430747,112.4690270080464,140.77839300443884,52.41139599820599
29,3,0,0,2,0,2,2,78.78152800549287,114.03910000808537,228.60950999893248,106.2906510051107
11,2,0,0,1,0,2,5,81.02181401045527,104.00024200498592,198.28158400196116,94.86423199996352
23,3,0,0,1,0,2,2,80.32256299338769,111.00268000154756,177.83056599728297,107.5485190085601
29,5,0,0,2,0,2,2,79.34920499974396,110.99716600438114,229.56678699119948,107.33820500900038
34,1,0,0,4,0,3,1,93.80379000504036,108.97814499912784,268.0058900004951,103.37768099270761
1,0,0,0,0,0,0,508,64.48786400142126,96.72057398711331,157.5652949977666,88.72058099950664
30,2,0,0,3,0,2,1,178.25663600524422,153.79281400237232,373.22098699223716,161.53502800443675
8,1,0,0,1,0,2,189,152.5584129994968,109.09238399472088,247.42339699878357,102.8687100042589
23,0,0,0,3,0,2,1,140.82578399393242,72.57770499563776,146.99597100843675,49.772292011766694
19,4,0,0,0,0,0,1,75.32136199006345,107.72798499965575,199.54508299997542,100.9227680042386
16,6,0,0,1,0,2,3,103.75327699875925,111.06689399457537,228.13463500642683,104.28805300034583
5,3,0,0,0,0,0,0,149.21742699516471,230.84050799661782,349.45173498999793,235.2347060077591
16,1,0,0,1,0,1,1,82.19961999566294,112.2811879904475,203.62532799481414,108.15310399630107
31,4,0,0,4,0,2,0,111.81786999804899,124.2567709996365,273.22129299864173,103.7246110063279
19,1,0,0,2,0,2,1,102.82815700338688,119.24109200481325,232.14195000764448,96.74201101006474
21,1,0,0,3,0,2,41,49.32670301059261,58.93450300209224,127.03110599250067,53.57645500043873
28,2,0,0,4,0,2,1,124.34526899596676,164.6334510005545,324.67789101065136,159.84584600664675
28,8,0,0,3,0,2,1,79.27813200512901,111.24145200301427,238.71751999831758,104.75850499642547
3,3,0,0,0,0,0,5631,37.566087004961446,52.87964700255543,102.02149800898042,216.24734198849183
2,1,0,0,0,0,0,4114,51.934564995463006,74.79488500393927,146.42986199760344,153.63812500436325
28,13,0,0,3,0,2,2,97.43730199988931,205.80528599384706,500.38601498818025,283.887407000293
3,0,0,0,0,0,0,2679,51.190446989494376,73.3585209964076,130.85726500139572,97.99857701000292
11,6,0,0,1,0,2,1032,172.5886950007407,95.28208899428137,147.49503599887248,93.1418090040097
25,5,0,0,3,0,2,1,100.53242099820636,122.43876299180556,255.7498609967297,104.04415900120512
12,2,0,0,1,0,2,86,158.5422399948584,114.71668499871157,259.39253700198606,107.27405599027406
28,5,0,0,3,0,2,1,54.146128008142114,112.06832798779942,239.32453400630038,106.04313400108367
7,3,0,0,0,0,0,1401,66.27514598949347,94.86477699829265,160.03463299421128,71.4344070001971
10,0,0,0,0,0,0,6,72.6139750040602,103.64627999661025,180.63507400802337,96.01771298912354
9,0,0,0,1,0,2,242,74.27355099935085,106.37461001169868,190.2450789930299,100.86429399962071
25,0,0,0,2,0,2,0,72.47871201252565,104.28834900085349,216.46611399773974,96.5954739949666
16,1,0,0,1,0,2,16,39.803560997825116,53.48493000201415,201.29647800058592,102.69416199298576
9,3,0,0,2,0,1,8,118.58061399834696,110.31418498896528,188.69243499648292,94.54667899990454
6,5,0,0,0,0,0,2691,51.9914879987482,77.7201610035263,105.58285200386308,130.66926099418197
8,5,0,0,0,0,0,0,163.60715999326203,256.5197930089198,381.7746109998552,238.6348790023476
17,3,0,0,2,0,2,34,79.44779000536073,109.64787501143292,217.49160400941037,100.39981800946407
26,2,0,0,2,0,2,1,100.56540700315963,104.61327301163692,240.82801399345044,97.94490899366792
13,0,0,0,1,0,1,1,71.63715601200238,114.53189399617258,120.82308299432043,47.701908988528885
11,0,0,0,1,0,2,834,91.06683000572957,125.18522300524637,208.6978720035404,126.98957599059213
13,4,0,0,1,0,1,1,106.14982599508949,157.18436399765778,263.70126398978755,160.86980399268214
21,4,0,0,3,0,2,42,150.38581500994042,204.28640200407244,374.72007000178564,206.68162500078324
25,4,0,0,3,0,2,0,78.95289799489547,111.32077799993567,228.59613799664658,106.59655400377233
10,4,0,0,1,0,2,93,181.28476999117993,213.60255400941242,319.3288690090412,184.79956498777028
22,2,0,0,1,0,2,3,102.24207599821966,111.21318700315896,239.09536100109108,105.49942999205086
28,2,0,0,1,0,2,1,81.84814699052367,105.17089199856855,223.03045200533234,66.38525900780223
17,1,0,0,3,0,1,1,88.43628400063608,108.4598719899077,212.75181700184476,96.78472300583962
11,2,0,0,1,0,2,1,63.067825001780875,87.20268800971098,142.62460099416785,165.52313099964522
10,2,0,0,1,0,2,93,180.16807601088658,217.50563599925954,316.94873799278866,188.14392400963698
19,1,0,0,2,0,2,1,97.38307500083465,107.12135600624606,229.06860199873336,93.89437499339692
4,1,0,0,0,0,0,164,98.92909099289682,150.74490700499155,235.8562800072832,153.84046400140505
31,1,0,0,2,0,2,1,50.38466499536298,56.9805510021979,177.4428019998595,76.34974300162867
18,3,0,0,0,0,0,1,106.10212699975818,158.72565600147936,293.9329219952924,165.69678598898463
32,1,0,0,3,0,2,1,99.34944999986328,118.51323400333058,124.91198199859355,49.033930990844965
17,2,0,0,1,0,1,2,82.74451200850308,115.54099699424114,208.64233800966758,106.57513300247956
13,2,0,0,0,0,0,1,72.7539289946435,102.63216099701822,182.78319999808446,95.41741700377315
21,2,0,0,1,0,1,1,38.378736993763596,51.55519599793479,99.83420799835585,48.99025699705817
22,1,0,0,2,0,2,2,103.69464100222103,117.8645059990231,243.8892990030581,97.76565899665002
1,0,0,0,0,0,0,0,67.4326219887007,97.22589900775347,158.57039799448103,86.81523000996094
14,6,0,0,1,0,2,5,183.94177900336217,243.06848300329875,416.8490300071426,243.13153899856843
11,1,0,0,1,0,2,564,94.31560900702607,117.26163400453515,209.53399200516287,114.25628699362278
28,9,0,0,3,0,2,2,135.1125400105957,201.01634199090768,364.4857180042891,208.89748400077224
2,0,0,0,0,0,0,754,65.83968899212778,94.02985000633635,157.07274300802965,92.87088899873197
25,6,0,0,1,0,2,1,42.96321899164468,55.12543000804726,114.36965299071744,64.50387499353383
9,6,0,0,1,0,2,2388,157.714606000809,196.13412499893457,265.5976899986854,212.73801699862815
25,0,0,0,2,0,2,0,106.06473000370897,117.78998299269006,250.06127799861133,97.6538169925334
14,1,0,0,1,0,2,1,73.73646199994255,106.50797700509429,124.04950399650261,49.613642986514606
22,2,0,0,2,0,2,1,98.18468600860797,104.91232899948955,233.68379700696096,63.21271401247941
6,2,0,0,0,0,0,0,75.29782599885948,106.37935600243509,181.32414198771585,99.20899399730843
11,3,0,0,1,0,2,762,161.3834780000616,203.3320629998343,333.155751999584,219.86436600855086
21,4,0,0,1,0,2,0,78.44001200282946,111.61626600369345,217.63556799851358,107.00053500477225
3,0,0,0,0,0,0,239,68.57374000537675,58.843890990829095,159.56033000838943,85.86871300940402
37,1,0,0,4,0,2,1,53.69903999962844,105.90598500857595,241.00688699400052,94.45869699993636
22,1,0,0,1,0,2,1,102.15817000425886,111.48351700103376,235.06604999420233,103.65336599352304
20,3,0,0,2,0,2,44,145.6247460009763,206.40176700544544,331.01920899935067,106.54280899325386
28,5,0,0,3,0,2,1,78.37524000206031,113.2560809928691,239.96133299078792,108.47413800365757
10,2,0,0,1,0,2,1118,94.11795499909203,129.99038300768007,211.29404100065585,133.8051769998856
10,0,0,0,1,0,2,840,89.89640900108498,125.18439799896441,201.73050099401735,125.75919399387203
35,1,0,0,3,0,2,1,52.42629699932877,54.91379799786955,226.1631529981969,105.4512370028533
25,3,0,0,4,0,2,0,38.6483850015793,47.33150699757971,108.33415099477861,42.84144200209994
16,0,0,0,2,0,2,23,89.09632300492376,113.22785099036992,224.77445100957993,101.35188300046138
28,2,0,0,2,0,2,1,74.02744400314987,101.26111999852583,219.12927999801468,92.08930199383758
3,1,0,0,0,0,0,490,65.0932700082194,91.17224399233237,153.43635699537117,88.48968500387855
21,1,0,0,1,0,2,1,95.06786400743295,109.68888300703838,229.5395099936286,102.91228799906094
12,1,0,0,1,0,2,2,106.67578899301589,156.07690199976787,266.8380749964854,164.26431998843327
10,5,0,0,0,0,0,304,124.73930299165659,190.93401500140317,296.21985599806067,207.05388000351377
26,3,0,0,2,0,2,1,104.05447000812273,114.7225669992622,258.41416300681885,105.64096900634468
5,4,0,0,0,0,0,2691,96.03446199616883,144.06474199495278,206.09099199646153,257.9975520056905
21,1,0,0,1,0,2,0,96.98149700125214,109.31078500289004,231.159300004947,102.99370599386748
26,3,0,0,3,0,2,1,50.78771100670565,72.74771299853455,257.59786501294,97.4442370061297
23,6,0,0,2,0,2,4,101.51328700885642,120.98665899247862,248.10336899827234,105.41464800189715
25,12,0,0,1,0,2,1,135.35451900679618,143.87707199784927,246.80376099422574,192.16996199975256
22,1,0,0,1,0,2,1,97.54978799901437,108.6499509983696,232.47400899708737,101.63050600385759
25,1,0,0,1,0,2,1,77.8588929970283,104.0456000046106,213.04684999631718,93.54401899327058
14,1,0,0,2,0,2,2,43.978305999189615,100.16685299342498,110.27790600201115,52.457726997090504
29,5,0,0,3,0,3,1,80.24973400461022,113.1206790014403,238.6100949952379,107.55361001065467
21,2,0,0,0,0,0,1,40.68002899293788,109.86353000043891,208.32611400692258,106.72059399075806
8,2,0,0,0,0,0,1,77.79033500992227,108.53781100013293,188.80404999072198,103.42158000275958
11,6,0,0,1,0,2,0,178.75488700519782,184.10209300054703,191.68303499463946,133.481301003485
25,6,0,0,1,0,2,0,104.5549879927421,155.21406699554063,288.64603900001384,161.73687399714254
9,0,0,0,1,0,2,1066,91.5006509894738,126.55053699563723,145.1711650006473,62.59266700362787
22,2,0,0,3,0,2,1,84.42857599584386,73.22727599239442,192.58432398783043,100.0355540018063
15,6,0,0,1,0,2,1,81.7557289992692,117.91534599615261,214.89552900311537,112.48347099171951
3,2,0,0,0,0,0,496,121.35139100428205,188.70082499051932,289.8755119967973,198.06518399855122
26,3,0,0,3,0,2,0,35.037798996199854,47.29907400906086,108.39115099224728,43.25320299540181
24,1,0,0,1,0,2,1,97.91988700453658,104.01339500094764,225.8414090028964,97.39877001265995
22,1,0,0,2,0,2,1,99.99063599389046,104.11911200208124,239.90707499615382,95.945130000473
19,2,0,0,1,0,2,0,93.17729499889538,109.81873600394465,228.06298499926925,103.52478800632525
8,1,0,0,1,0,1,73,121.86689900408965,157.78576300363056,272.2703809995437,158.90124399447814
38,1,0,0,0,0,0,1,78.78026300750207,109.64832399622537,225.51043900602963,105.32133300148416
30,3,0,0,3,0,2,1,178.6363680002978,155.90174299723003,373.9520689996425,161.9944160047453
10,5,0,0,1,0,2,1065,165.95923498971388,132.99904399900697,277.807667007437,137.40695199521724
3,2,0,0,0,0,0,3212,67.11358499887865,99.3228720035404,168.18502699607052,199.49239899870008
15,4,0,0,1,0,1,1,64.87095200282056,97.00041101314127,163.74289999657776,103.4419630013872
19,1,0,0,1,0,2,1,96.87800001120195,102.40930700092576,221.4488709869329,98.75442599877715
27,2,0,0,3,0,2,1,82.60847799829207,107.72873200767208,240.28465399169363,98.60985999694094
17,2,0,0,0,0,0,1,72.87386400275864,101.78068399545737,188.24481300543994,95.69441800704226
22,6,0,0,1,0,1,0,78.19601600931492,112.7103159960825,212.54898198822048,106.63030098658055
28,5,0,0,1,0,2,1,41.314321002573706,55.284836009377614,115.48334099643398,55.00421699252911
2,0,0,0,0,0,0,0,67.83227300911676,95.2832210023189,156.20839800976682,86.61287500581238
11,3,0,0,0,0,0,1,102.23848500754684,150.05412999016698,251.53441799920984,151.48025800590403
7,4,0,0,0,0,0,576,77.89413200225681,114.48649200610816,186.27238400222268,111.06688799918629
8,1,0,0,0,0,0,941,73.06554699607659,103.56390599918086,171.13805400731508,94.33879599964712
15,1,0,0,2,0,2,51,97.82884499873035,121.64220100385137,226.3567430054536,113.0275640025502
11,5,0,0,0,0,0,8,128.77579699852504,196.81325199780986,317.95976200373843,206.1822779942304
24,1,0,0,3,0,2,1,159.30299599131104,134.94300500315148,288.23881001153495,100.00622700317763
1,1,0,0,0,0,0,5937,16.635936000966467,18.855087997508235,72.91481200081762,114.02461800025776
4,0,0,0,0,0,0,487,66.190433994052,92.1995090029668,158.44899899093434,89.3844530073693
14,2,0,0,0,0,0,1,39.269162007258274,53.09503099124413,95.56016500573605,50.07461099012289
22,7,0,0,3,0,2,3,88.57531400281005,122.08077000104822,246.86380400089547,117.83495800045785
32,1,0,0,2,0,2,1,78.32700001017656,110.59678099991288,239.94983700686134,105.72160499577876
18,1,0,0,3,0,2,5,87.548039999092,86.11000199744012,283.1146110111149,80.30020800651982
14,1,0,0,2,0,2,2,90.0350680021802,109.61708999820985,213.02007399208378,98.91081000387203
26,4,0,0,3,0,2,1,151.13765899150167,205.76899600564502,379.63001200114377,203.58935500553343
3,1,0,0,0,0,0,927,69.63016699592117,98.63539400976151,160.44693998992443,93.54078600881621
30,2,0,0,1,0,2,1,39.32133500347845,54.683007998391986,114.34646499401424,52.781349993892945
16,1,0,0,1,0,2,0,96.84572300466243,109.47844399197493,222.16444798687007,104.1399929963518
23,0,0,0,3,0,2,1,82.7560259931488,109.80666399700567,226.50570099358447,98.27188399503939
28,1,0,0,1,0,2,1,81.62909500242677,106.660749996081,222.60932500648778,97.61175299354363
2,0,0,0,0,0,0,0,69.22937699710019,96.57337098906282,158.52807101327926,86.72140000271611
28,7,0,0,1,0,2,0,76.6748909954913,108.50452099111862,223.1197049986804,103.47229499893729
32,1,0,0,1,0,2,1,85.63882700400427,111.32895699120127,242.3184359940933,103.16541699285153
10,1,0,0,0,0,0,0,73.41517599707004,106.11063000396825,182.34696400759276,99.39090000989381
13,1,0,0,0,0,0,1,53.88498600223102,77.13379300548695,131.74608400731813,102.60258399648592
8,4,0,0,0,0,0,34,104.663662990788,156.7719120066613,252.92368700320367,159.89477399853058
23,3,0,0,3,0,2,1,77.24018099543173,105.14478199183941,217.8537379950285,94.27156099991407
26,1,0,0,3,0,2,2,77.52715599781368,103.61815500073135,233.1374070054153,93.38682699308265
24,1,0,0,2,0,2,2,77.95189401076641,108.51505999744404,148.20944600796793,104.00265500356909
15,3,0,0,2,0,1,11,73.40092000958975,104.20578600314911,194.5601150073344,94.89306798786856
1,0,0,0,0,0,0,5690,20.792133000213653,25.58976400177926,92.10281900595874,94.22589199675713
7,1,0,0,1,0,2,62,75.73605999641586,106.64861800614744,182.75180000637192,94.65385600924492
5,2,0,0,0,0,0,1410,84.83489599893801,124.86076701316051,199.2946079990361,158.35385599348228
21,3,0,0,2,0,2,4,126.67646900808904,169.0206110069994,317.982448003022,160.50382499815896
21,3,0,0,1,0,2,1,188.9046709984541,123.59835300594568,198.13003900344484,114.62306400062516
29,2,0,0,2,0,2,1,101.7294790071901,113.30202399403788,252.0424690010259,104.90051300439518
24,1,0,0,1,0,2,1,77.17677600157913,112.92381399834994,222.0664110063808,74.88465600181371
4,0,0,0,0,0,0,423,70.9589890029747,99.83068400470074,163.40220799611416,91.34017600445077
29,7,0,0,2,0,2,1,77.91347500460688,115.11127700214274,230.11092700471636,107.90187300881371
27,2,0,0,2,0,2,1,80.50464499683585,113.26452699722722,235.7354590058094,106.1406599910697
19,4,0,0,2,0,2,0,75.84807599778287,107.21194300276693,209.63785500498489,99.10423899418674
23,1,0,0,0,0,0,0,68.27204600267578,96.19971600477584,171.34484100097325,87.36306699574925
10,0,0,0,1,0,2,15,76.19643698853906,105.80158200173173,95.93678898818325,67.42130500788335
23,0,0,0,2,0,2,0,100.12715800257865,103.20025699911639,237.26228899613488,95.49015598895494
29,1,0,0,2,0,2,1,42.012876001535915,71.8356729921652,167.3836910049431,55.19772399566136
14,0,0,0,1,0,2,10,78.58018600381911,103.14751400437672,216.30532399285585,98.44566699757706
10,4,0,0,0,0,0,212,78.76917399698868,113.11180799384601,189.78303599578794,108.75583899905905
12,1,0,0,0,0,0,3,77.86713801033329,110.96501498832367,194.07900399528444,72.48487400647718
11,4,0,0,1,0,2,283,129.02617199870292,195.1024040026823,312.73905700072646,205.7338449958479
30,3,0,0,3,0,2,1,109.14979998779017,127.15223000850528,270.50376700935885,109.3550150108058
17,1,0,0,3,0,1,1,135.86537599621806,107.05051400873344,211.8948349962011,98.07739699317608
17,6,0,0,1,0,2,3,152.31934199982788,120.84543799574021,262.0361290028086,110.46970798633993
22,3,0,0,0,0,0,1,75.71467099478468,112.91116499342024,203.96354899276048,105.859806004446
7,3,0,0,0,0,0,44,103.87536999769509,159.07456699642353,251.58849700528663,159.20762698806357
3,1,0,0,0,0,0,2981,95.8340309880441,119.65377099113539,112.63898400648031,77.61904200015124
3,0,0,0,0,0,0,1289,37.750674004200846,50.767357999575324,164.96998500952031,94.82890499930363
10,5,0,0,1,0,2,1065,84.63120300439186,163.87281598872505,285.0103270029649,182.76482999499422
10,2,0,0,1,0,2,1176,45.85087399755139,60.82113900629338,104.0988749882672,62.15090400655754
3,3,0,0,0,0,0,5631,38.340553001035005,51.8516160082072,99.86360699986108,218.58003598754294
23,0,0,0,1,0,2,1,98.40000398980919,105.71355400315952,230.6948379991809,77.34109100420028
19,1,0,0,1,0,2,1,78.09133599221241,110.71898799855262,211.86102800129447,105.44988799665589
20,6,0,0,1,0,2,1,137.15509000758175,201.9848250056384,349.051586992573,210.2563030057354
10,3,0,0,1,0,2,0,155.667844999698,134.8170170094818,277.79663099499885,121.48418198921718
26,1,0,0,4,0,3,1,98.16649698768742,118.4769800020149,245.27993399533443,97.4114290002035
21,8,0,0,1,0,2,1,126.72451000253204,169.10979799285997,306.01570499129593,171.1636800027918
3,0,0,0,0,0,0,390,56.21248700481374,105.91684900282416,170.23117099597584,99.50795798795298
3,2,0,0,0,0,0,3023,111.69437599892262,169.78016900247894,264.5149180025328,198.7538859975757
11,6,0,0,1,0,1,105,109.5077019999735,162.46887600573245,266.40147100260947,168.2427519990597
22,1,0,0,2,0,2,1,100.11902799305972,115.98852499446366,237.94254900712986,96.28093599167187
21,5,0,0,3,0,2,60,108.3896540076239,127.04486600705422,210.25927500159014,55.537193999043666
28,7,0,0,1,0,2,1,67.51572398934513,98.59555600269232,175.21926401241217,182.36858799355105
3,0,0,0,0,0,0,903,66.76157999027055,94.33155300212093,158.79680099897087,97.26117900572717
12,3,0,0,2,0,1,2,88.09449800173752,116.84322801011149,210.2890509995632,108.69829999865033
13,1,0,0,1,0,2,1,96.60910000093281,108.59411500860006,222.02972900413442,102.33050200622529
1,0,0,0,0,0,0,5937,17.144223995273933,19.739276001928374,74.14823600265663,88.97899299336132
17,0,0,0,2,0,2,1,73.19138900493272,101.25213500577956,202.82243500696495,94.09645800769795
11,1,0,0,1,0,2,2,160.1710159884533,106.50246200384572,231.92804100108333,97.78402899974026
22,3,0,0,1,0,2,1,79.88565300183836,110.91442700126208,216.7742699966766,105.7706340070581
32,4,0,0,1,0,2,1,95.57131498877425,105.2469299902441,251.13805799628608,97.39805200661067
9,5,0,0,1,0,1,30,54.20110900013242,131.8987010017736,262.8809299931163,108.38117700768635
6,5,0,0,1,0,1,1156,141.71289998921566,149.2206559923943,201.78547900286503,141.63019999978133
10,3,0,0,1,0,2,1020,92.388919001678,78.18943700112868,101.91119500086643,120.37405000592116
3,2,0,0,0,0,0,2988,59.63444500230253,91.60114100086503,178.32730099326,197.65348600049037
16,1,0,0,1,0,2,0,76.10139099415392,107.68270200060215,204.74306600226555,100.86910999962129
13,2,0,0,2,0,2,4,79.39771600649692,108.29454399936367,204.88361599564087,109.95289401034825
28,6,0,0,1,0,2,1,48.37718199996743,54.68007500167005,113.51777199888602,53.968395994161256
1,0,0,0,0,0,0,5937,17.20549099263735,19.895510995411314,73.23809299850836,91.94294300687034
2,0,0,0,0,0,0,3629,39.31017000286374,56.071632003295235,111.4418680081144,94.45885100285523
27,2,0,0,2,0,2,1,82.96909200726077,114.87373898853548,231.38419500901364,106.19748699537013
27,3,0,0,0,0,0,1,77.75856099033263,111.20752801070921,213.5323620022973,106.53054699650966
16,5,0,0,1,0,2,3,100.76870299235452,109.73318299511448,230.3852680051932,105.03471000993159
17,2,0,0,3,0,3,2,111.13267600012477,93.93387800082564,140.6812629866181,77.202843996929
14,2,0,0,0,0,0,1,77.40316599665675,112.13908900390379,195.99185101105832,104.6735759882722
16,6,0,0,2,0,2,535,204.47268499992788,242.70080200221855,401.6376210056478,250.8943150023697
9,3,0,0,1,0,2,138,183.76676501065958,259.7021340043284,315.50566499936394,211.09677301137708
10,5,0,0,0,0,0,379,74.6930559980683,107.38982999464497,92.41837200534064,52.611834995332174
3,2,0,0,0,0,0,2988,97.73171000415459,142.53762799489778,221.5217430057237,155.4272729990771
8,2,0,0,0,0,0,958,71.94724799774121,104.44136799196713,175.1917810033774,107.04954199900385
25,8,0,0,1,0,2,1,84.93825599725824,112.88721099845134,226.139788996079,107.07870399346575
18,0,0,0,2,0,2,24,97.96592401107773,122.01809299585875,238.73770699719898,116.66808500012849
22,4,0,0,3,0,2,15,106.1178099917015,123.65557400335092,254.19749598950148,53.63993199716788
28,5,0,0,1,0,2,1,79.12129600299522,112.44185401301365,226.68130899546668,107.63091300032102
19,3,0,0,1,0,2,0,98.40649100078736,103.8653389987303,225.20949800673407,96.60740601248108
24,4,0,0,3,0,2,2,97.99114899942651,106.79298600007314,237.72840699530207,95.74722799879964
13,4,0,0,1,0,2,17,51.900464997743256,83.08380200469401,261.0455239919247,155.42248300334904
20,1,0,0,1,0,2,1,104.13568599324208,110.9137089952128,255.4713029967388,158.6819700023625
12,1,0,0,0,0,0,1,72.22200999967754,103.0480439949315,182.68115899991244,94.7391360095935
9,2,0,0,1,0,2,1330,145.90929599944502,155.09479699539952,207.79747900087386,73.70193200767972
9,5,0,0,0,0,0,480,120.90971700672526,185.95550399913918,286.0392669972498,206.1427519947756
15,3,0,0,2,0,2,7,170.65362799621653,158.5856000019703,278.6443350050831,141.27819800341967
22,5,0,0,1,0,2,1,52.682476001791656,75.42166000348516,227.27412098902278,154.417484998703
3,0,0,0,0,0,0,777,69.88044299941976,98.33526299917139,164.47088599670678,95.83918200223707
10,0,0,0,1,0,2,15,80.86143399123102,52.90388499270193,119.53820500639267,50.15406299207825
27,5,0,0,2,0,2,1,112.60866200609598,162.1729409962427,306.2904679973144,160.9728290059138
2,1,0,0,0,0,0,1868,70.15074699302204,96.89094999339432,157.75921200111043,89.15250899735838
5,3,0,0,0,0,0,364,75.50443999934942,107.6508910045959,176.57859399332665,101.88954600016586
21,1,0,0,2,0,2,2,100.76447299798019,109.98916400421876,243.6474700079998,98.61678400193341
31,1,0,0,2,0,2,1,51.673987007234246,51.80594899866264,128.97985300514847,49.07842300599441
24,2,0,0,3,0,2,1,99.98900898790453,104.55822999938391,237.84875600540545,95.08217399707064
16,3,0,0,0,0,0,1,105.41603701130953,156.10674599884078,268.4431020024931,161.4764709956944
24,2,0,0,2,0,2,1,87.27700900635682,114.66579900297802,235.59831599413883,107.88651800248772
28,9,0,0,3,0,2,3,174.11982599878684,270.0184629939031,456.75290799408685,247.26840399671346
21,7,0,0,3,0,2,0,124.62528400646988,195.4874450020725,346.0974330082536,202.58272999490146
28,5,0,0,1,0,2,1,41.22975999780465,56.41239600663539,113.97648000274785,99.10067899909336
19,2,0,0,1,0,2,1,83.7478449975606,114.60668299696408,219.00922700297087,107.64242100412957
17,1,0,0,2,0,2,1,99.32490800565574,102.26209899701644,231.036782002775,96.0266460024286
20,4,0,0,1,0,2,2,186.63070599723142,155.60357700451277,341.57657000469044,88.91065198986325
4,1,0,0,0,0,0,1421,81.85836899792776,121.41024599259254,198.99147399701178,159.28040799917653
30,2,0,0,4,0,2,1,163.43776100256946,134.50846199702937,311.41933098842856,101.51742500602268
20,4,0,0,1,0,2,0,78.18222600326408,112.27130801125895,212.63230399927124,105.13398000330199
34,2,0,0,2,0,2,1,100.80136300530285,106.78479299531318,261.5736610023305,98.35703599674162
21,8,0,0,3,0,2,82,56.223343999590725,62.85496299096849,129.76811699627433,55.138217998319305
24,4,0,0,1,0,2,1,70.04003999463748,111.07819800963625,232.56951899384148,102.88559099717531
14,0,0,0,1,0,1,0,75.27862800634466,107.03085799468681,195.151651991182,101.53861399157904
11,4,0,0,1,0,2,28,184.97808300890028,106.45061799732503,299.8241060122382,98.5737659939332
26,1,0,0,1,0,2,1,82.41812299820594,107.18151800392661,184.43854499491863,49.55397598678246
11,2,0,0,1,0,2,834,89.73509100906085,124.07501999405213,204.14078200701624,125.5838889919687
11,3,0,0,1,0,2,0,179.61259299772792,100.25504900841042,190.94523700186983,92.73761400254443
8,4,0,0,0,0,0,8,102.85813199880067,151.2308650126215,249.65232699469198,153.7973009981215
15,3,0,0,0,0,0,30,78.24406200961675,111.8608190008672,196.96462899446487,105.78849501325749
20,2,0,0,2,0,2,0,71.20002500596456,94.4779380079126,107.13450399634894,47.86927500390448
2,0,0,0,0,0,0,2981,35.26645799865946,48.074626000015996,138.14612600253895,94.00984999956563
29,2,0,0,3,0,2,1,82.12619798723608,112.2757839912083,241.71388099784963,107.15113799960818
13,5,0,0,2,0,1,16,78.44712299993262,159.42740500031505,271.67801299947314,164.37061200849712
23,3,0,0,2,0,2,1,78.68979100021534,108.4677280014148,221.44815599313006,94.78075099468697
42,2,0,0,3,0,2,1,95.91324700159021,109.32624198903795,277.7686819899827,104.52171099314
28,4,0,0,3,0,2,1,40.79947600257583,54.53974699776154,128.47726099425927,106.0326820006594
37,1,0,0,2,0,2,1,100.81956499197986,53.45332399883773,141.74687898776028,97.01677999692038
24,11,0,0,3,0,2,19,112.82998400565702,126.90999700862449,265.8447680005338,106.25241699744947
7,3,0,0,0,0,0,15,102.46903200459201,151.84690299793147,245.23486800899263,156.45970300829504
26,5,0,0,3,0,2,2,108.519271001569,124.50420200184453,262.78699400427286,104.47483499592636
28,9,0,0,3,0,2,2,153.54199599823914,236.23578599654138,408.48521700536367,240.57305700262077
21,2,0,0,2,0,2,1,42.40569600369781,56.40333899646066,115.15782700735144,53.706028003944084
7,6,0,0,0,0,0,0,186.64002600417007,298.7818229885306,440.7526529976167,277.10131999629084
22,2,0,0,1,0,2,0,68.99928601342253,95.35461700579617,193.83883800765034,85.76429900131188
16,2,0,0,1,0,2,2,93.12371599662583,109.43494200182613,224.28143299475778,104.08741400169674
20,1,0,0,1,0,2,1,96.23729299346451,110.92501200619154,229.6615740051493,103.36685500806198
14,3,0,0,0,0,0,1,76.56182900245767,108.576667989837,191.36640199576505,79.02401300088968
26,6,0,0,3,0,2,1,51.21202899317723,58.540138008538634,203.86054100526962,99.64190800383221
23,2,0,0,1,0,2,1,78.64199599134736,93.27340900199488,137.2563079930842,106.45828799169976
20,1,0,0,1,0,2,0,99.27741199498996,106.42607699264772,223.08691100624856,97.09280199604109
19,1,0,0,1,0,2,1,96.53159600566141,109.87780199502595,225.6608769966988,103.91335000167601
2,2,0,0,0,0,0,5771,27.451816989923827,36.348713998449966,90.04576499864925,173.14767300558742
11,6,0,0,1,0,2,1032,170.2373589941999,169.3893749907147,283.5565800050972,181.27218500012532
21,1,0,0,2,0,1,1,76.99073399999179,106.31124599603936,206.05646699550562,98.86795400234405
26,3,0,0,2,0,2,1,76.97908999398351,107.5812300114194,222.44026500266045,100.74194701155648
19,1,0,0,2,0,2,1,95.92662898648996,90.42427700478584,237.78400199080352,103.51100099796895
16,1,0,0,3,0,2,0,92.21338499628473,55.74950399750378,109.18685600336175,49.068674008594826
15,1,0,0,1,0,2,3,57.663623010739684,109.53241999959573,221.81349899619818,95.80187899700832
20,5,0,0,2,0,1,2,135.04226598888636,199.22525400761515,341.3957000011578,206.01559500209987
19,5,0,0,0,0,0,2,68.39963399397675,90.4993150033988,198.96927299851086,102.03406699292827
21,6,0,0,1,0,2,1,60.037673989427276,105.45024598832242,299.8684469930595,169.75336099858396
30,2,0,0,2,0,2,1,94.41045600397047,121.0335869982373,248.15475899958983,103.70250399864744
24,4,0,0,2,0,2,1,46.96396899817046,54.422045999672264,121.75452400697395,89.41493400197942
20,1,0,0,1,0,2,1,81.11810199625324,106.41420100000687,212.95657100563403,99.41715700551867
25,8,0,0,1,0,2,1,111.86173099849839,161.17885000130627,291.73593899759,103.35688600025605
10,2,0,0,1,0,2,93,181.66461600048933,227.163734001806,331.0902400116902,190.33996798680164
19,1,0,0,1,0,2,1,106.21293899021111,159.16065601049922,240.56636900058948,164.07914200681262
37,6,0,0,4,0,2,0,185.35385999712162,236.05127399787307,327.56017000065185,230.54851000779308
28,6,0,0,1,0,2,0,77.76258100057021,110.39210300077684,223.72753999661654,103.2797810039483
19,3,0,0,1,0,2,1,147.60332299920265,196.5779960009968,354.5609870052431,203.28835501277354
36,1,0,0,3,0,3,1,105.77333500259556,158.95874399575405,314.61143400520086,161.9167449971428
23,6,0,0,2,0,1,1,83.92031300172675,111.69475200586021,218.1167539965827,102.06754399405327
15,2,0,0,0,0,0,1,53.24748200655449,77.38865999272093,162.57537199999206,162.6651280093938
5,2,0,0,0,0,0,224,39.03256601188332,53.116119001060724,91.32732800208032,77.14918701094575
23,0,0,0,4,0,2,3,170.45519599923864,137.10691600863356,288.8721070048632,100.68951699940953
24,3,0,0,4,0,2,2,194.60885600710753,186.08618799771648,382.5186890026089,163.32126600900665
28,1,0,0,3,0,4,1,61.8960879946826,59.057877006125636,135.904644994298,49.81663000944536
16,3,0,0,1,0,2,1,187.75428799563088,155.64701000403147,337.5111850036774,159.73369499261025
16,2,0,0,1,0,2,16,77.1393379982328,106.55976799898781,202.80745699710678,101.68073199747596
17,0,0,0,2,0,2,0,96.44040100101847,114.6833999955561,220.15962599834893,96.8636269972194
20,5,0,0,0,0,0,0,77.81701299245469,111.15210599382408,204.27200800622813,108.13196099479683
31,1,0,0,3,0,2,1,99.82849599327892,110.7861829950707,261.90877599583473,97.57320200151298
27,1,0,0,1,0,1,1,78.49599799374118,110.91742498683743,216.2980410066666,104.43238500738516
15,2,0,0,2,0,2,0,79.37077499809675,103.67811999458354,230.78383899701294,96.4327260007849
27,1,0,0,3,0,2,1,52.58468200918287,58.82241400831845,169.43156700290274,50.475276992074214
15,1,0,0,1,0,2,1,77.10218599822838,101.79673500533681,197.89833600225393,94.8372080019908
3,2,0,0,0,0,0,1915,34.16374800144695,69.94846899760887,156.380051994347,92.99938399635721
21,6,0,0,1,0,2,0,119.57713100127876,166.38586999033578,295.9527489874745,168.00395400787238
25,1,0,0,1,0,2,1,96.40775200386997,108.25249701156281,233.79098699660972,102.06175700295717
5,4,0,0,0,0,0,2776,43.06938798981719,59.34074999822769,95.19134699075948,94.18178899795748
20,2,0,0,1,0,2,0,76.66199299274012,101.38685899437405,203.7994760030415,94.06235200003721
28,7,0,0,3,0,2,0,77.67797801352572,112.4585209909128,236.63811000005808,104.27817900199443
18,2,0,0,1,0,2,0,94.12874300323892,107.13382900576107,224.50440700049512,102.10174099483993
13,0,0,0,1,0,2,226,93.95611799845938,129.10690400167368,213.16672199463937,121.64204999862704
22,4,0,0,2,0,2,0,76.45669500925578,102.41256198787596,217.33077500539366,93.59210499678738
3,3,0,0,0,0,0,5631,38.319347993819974,53.31914400449023,99.4835419987794,215.1371259969892
20,5,0,0,1,0,2,1,39.060327006154694,55.04111299524084,108.53611900529359,54.12367801181972
3,2,0,0,0,0,0,3023,111.05170100927353,172.64021399023477,261.8185790051939,198.36836300964933
8,0,0,0,0,0,0,357,69.9766159959836,98.30776399758179,168.46763499779627,92.11486000276636
19,0,0,0,1,0,1,0,80.25705300678965,110.71800200443249,208.4017919987673,105.43883900390938
2,2,0,0,0,0,0,5771,27.36529200046789,36.5504599903943,89.95794199290685,174.96653799025808
3,1,0,0,0,0,0,2679,51.8668209988391,70.86763599363621,130.7252039987361,98.80846299347468
2,1,0,0,0,0,0,2992,95.47165200638119,141.87002400285564,228.81522298848722,152.96664800553117
3,3,0,0,0,0,0,5631,37.84782699949574,52.70232999464497,99.72743199614342,215.1184279937297
16,1,0,0,2,0,2,2,96.70256300887559,106.93311499198899,231.82616200938355,101.50345100555569
23,2,0,0,0,0,0,1,38.3367300091777,52.25424500531517,153.52383299614303,99.54340299009345
26,2,0,0,0,0,0,1,66.1216250009602,55.21171500731725,107.15910801081918,58.14752299920656
35,2,0,0,6,0,3,1,85.6466580007691,116.97447999904398,263.23909500206355,108.4103079920169
1,0,0,0,0,0,0,3248,55.8926569938194,80.57950700458605,140.53771999897435,89.612498995848
8,3,0,0,0,0,0,1388,67.17336300062016,96.12310599186458,162.71325800335035,106.45957899396308
9,4,0,0,0,0,0,380,73.29502700304147,106.54172500653658,182.53668599936645,105.65222099830862
12,0,0,0,1,0,2,2,39.27116699924227,51.96448598871939,108.83020199253224,47.93741600587964
20,2,0,0,2,0,2,1,106.55535900150426,118.2257010077592,228.32624100556131,74.47615001001395
30,2,0,0,3,0,2,1,192.64450900664087,159.62220300571062,359.5573689963203,162.45360800530761
1,0,0,0,0,0,0,2995,67.01099799829535,92.4198190041352,154.54622900870163,88.09511498839129
14,3,0,0,2,0,2,36,89.17684899643064,113.19221500889398,220.50089100957848,105.2809599932516
30,1,0,0,3,0,2,1,98.98000200337265,105.41350500716362,263.3057789935265,97.18091999820899
25,1,0,0,0,0,0,1,39.81346799992025,54.556380011490546,104.98684099002276,52.87632999534253
25,7,0,0,3,0,2,0,69.85523100593127,102.01543300354388,213.47693099232856,93.02255699003581
14,5,0,0,1,0,2,1,128.75549000455067,189.19705200823955,332.24139201047365,198.14082499942742
20,1,0,0,3,0,2,1,62.78317999385763,53.11358800099697,111.6974580072565,49.78972199023701
15,4,0,0,0,0,0,2,107.21979200025089,161.22588599682786,269.5925440057181,168.43949399481062
22,1,0,0,1,0,1,1,81.85045099526178,111.77726200548932,211.62999200168997,105.94708999269642
9,4,0,0,0,0,0,0,124.53731900313869,191.62498498917557,302.28086598799564,200.36350999725983
27,4,0,0,0,0,0,1,78.42144800815731,111.92851299711037,215.6378340005176,105.98244999710005
10,7,0,0,1,0,2,1475,172.6962730026571,170.36247099167667,286.6407099936623,184.59338099637534
8,1,0,0,0,0,0,38,73.71583000349347,104.18020299402997,177.38502100110054,95.61965100874659
20,3,0,0,2,0,2,1,124.73465900984593,188.67911500274204,340.3375609923387,197.5512520002667
11,7,0,0,1,0,2,1032,171.59560600703117,168.2711759931408,282.9424000083236,174.43546799768228
25,1,0,0,2,0,2,1,103.32555200147908,119.49852800171357,164.3559020012617,103.30172200337984
20,7,0,0,2,0,1,1,110.31493700284045,156.8009320035344,281.83636600442696,162.09630899538752
23,2,0,0,2,0,2,3,75.11625500046648,101.17405299388338,220.83857000689022,203.28944000357296
27,5,0,0,2,0,2,1,186.5232589916559,181.07758300902788,364.93890000565443,160.31221000594087
26,1,0,0,1,0,2,1,97.53177200036589,108.61157800536603,237.75618599029258,149.1786679980578
27,1,0,0,3,0,3,1,76.13671099534258,108.62786100187805,224.26534901023842,100.8113910065731
35,4,0,0,5,0,2,1,53.66079299710691,59.58881900005508,182.51210200833157,49.032345006708056
19,3,0,0,1,0,2,0,99.26874200755265,102.56880799715873,228.94245300267357,97.08882399718277
5,3,0,0,0,0,0,0,69.07612999202684,96.6121630044654,171.787694998784,86.81410198914818
35,1,0,0,5,0,3,1,93.84402001160197,115.00731499108952,273.8328569976147,95.33589000056963
14,1,0,0,1,0,2,8,73.12789600109681,106.87623999547213,197.93661100266036,99.4282750034472
24,1,0,0,1,0,2,0,39.76040700217709,53.31657698843628,110.93193500710186,51.21687598875724
11,4,0,0,1,0,2,28,179.73091000749264,110.24863900092896,294.4102030014619,102.66589400998782
15,1,0,0,1,0,2,0,97.8196560026845,103.53207599837333,219.97632599959616,95.4972559993621
23,1,0,0,2,0,2,1,81.87666699814145,109.22882899467368,226.19737399509177,105.02989101223648
20,2,0,0,1,0,2,1,77.44511700002477,113.26776299392805,210.72125899081584,71.51782199798618
6,2,0,0,0,0,0,69,101.62659799971152,151.65084799809847,242.59275100484956,155.06704499421176
21,1,0,0,1,0,2,1,96.44210600527003,109.64875500940252,230.48476899566595,79.62261499778833
14,4,0,0,1,0,2,1,103.75442400982138,159.0981999906944,265.1372450054623,157.8222379903309
6,1,0,0,0,0,0,482,37.37803299736697,50.368679003440775,155.0536979921162,98.9273240120383
5,0,0,0,0,0,0,144,71.28764099616092,102.29593000258319,165.9888980066171,90.18173599906731
18,8,0,0,1,0,2,0,68.65759199718013,96.99811400787439,100.55604700755794,42.67722200893331
20,5,0,0,2,0,2,1,126.86289600969758,157.87001099670306,309.1322950058384,162.77945000911132
28,7,0,0,1,0,2,1,41.38401099771727,75.67407100577839,229.04626099625602,107.51223801344167
26,5,0,0,3,0,2,0,100.43997300090268,119.7709539992502,256.6082859993912,102.33168899139855
32,2,0,0,4,0,2,1,99.45447598875035,121.1673900106689,274.58147500874475,103.6171409941744
23,4,0,0,1,0,2,1,54.85953499737661,76.77143398905173,144.48673100559972,83.05592299439013
14,2,0,0,1,0,2,1,72.63295799202751,103.85241500625852,195.26525800756644,94.74465101084206
21,2,0,0,1,0,2,1,100.57863700785674,104.5705819997238,230.3800359950401,95.7326910138363
15,0,0,0,1,0,2,6,153.60997700190637,108.35710501123685,258.3602930099005,100.98198999185115
11,7,0,0,1,0,2,0,183.63703599607106,111.10202901181765,298.82535299111623,104.22431500046514
14,0,0,0,0,0,0,23,76.69998100027442,86.54989401111379,98.41347599285655,52.65673498797696
17,6,0,0,1,0,2,0,152.22545599681325,120.25894499674905,258.9850009971997,108.19855899899267
8,2,0,0,0,0,0,381,73.70699499733746,106.7848640086595,178.92614200536627,105.27211100270506
28,2,0,0,3,0,2,0,75.72726799116936,107.86290200485382,233.7556569982553,102.69038499973249
23,5,0,0,3,0,2,19,185.35992100078147,212.4214670038782,378.8988180021988,200.78265099436976
29,3,0,0,2,0,2,2,99.78473899536766,119.57239899493288,246.83413900493179,102.59654000401497
21,1,0,0,1,0,2,1,49.23729199799709,57.31902600382455,116.69883999275044,51.91023199586198
17,2,0,0,1,0,2,2,107.0231240009889,156.71277500223368,294.77988299913704,159.44672499608714
4,1,0,0,1,0,1,1251,119.05215300794225,147.54939299018588,175.27013500512112,140.39261899597477
14,3,0,0,1,0,1,0,39.87669400521554,58.32631199155003,100.86892900289968,53.23437199695036
22,0,0,0,2,0,2,1,96.1514829978114,110.57379998965189,239.0900180034805,101.73078799562063
34,2,0,0,4,0,3,1,97.86362899467349,111.34713298815768,270.93329800118227,104.29596700123511
3,0,0,0,0,0,0,903,65.56171999545768,94.40512199944351,158.1703859992558,99.02647299168166
6,3,0,0,0,0,0,0,122.65474500600249,189.5270360109862,296.1881649971474,183.70807899918873
19,1,0,0,1,0,2,1,101.78578899649438,104.44342400296591,229.9588330060942,99.45205599069595
23,5,0,0,3,0,2,15,109.22708800353575,124.94367299950682,260.1670220028609,105.3753420128487
21,3,0,0,1,0,2,1,178.2874219934456,156.94698500738014,341.59835999889765,162.38025600614492
14,4,0,0,1,0,2,15,51.376265997532755,95.55248099786695,219.1591800074093,97.4276709894184
24,5,0,0,2,0,2,1,48.07269100274425,55.07850200228859,139.37897799769416,103.26883899688255
11,5,0,0,2,0,2,239,163.94800000125542,203.046013994026,347.619678999763,224.72467100305948
3,3,0,0,0,0,0,5631,38.21398499712814,52.886049990775064,56.794377000187524,114.31289100437425
18,4,0,0,1,0,2,1,72.18878300045617,104.89683599735145,199.26173599378671,94.01918800722342
25,3,0,0,4,0,2,2,97.61353900830727,107.78651799773797,244.72578198765405,94.4527089886833
18,1,0,0,1,0,2,1,83.10090099985246,111.02280499471817,215.8200869889697,105.93013100151438
4,0,0,0,0,0,0,0,70.47419100126717,100.35822400823236,166.5356699959375,90.74332799355034
28,8,0,0,3,0,2,0,77.85080700705294,111.52626400871668,236.04607400193345,105.14402700937353
7,1,0,0,0,0,0,1,37.28644299553707,51.57610200694762,89.96558599756099,100.63161001016852
30,1,0,0,3,0,2,1,99.90010599722154,54.86455900245346,131.04163699608762,47.91618300077971
6,2,0,0,0,0,0,0,68.35039700672496,97.9077439988032,164.85478400136344,85.10965399909765
16,1,0,0,2,0,2,1,123.83366700669285,156.21306099637877,303.25406799966004,158.35180699650664
7,0,0,0,1,0,2,260,80.62389500264544,113.60922500898596,190.1308880042052,107.30349099321757
20,7,0,0,1,0,2,1,79.77776799816638,113.76298499817494,218.531851991429,81.56399198924191
24,8,0,0,3,0,2,29,106.77539699827321,125.08849099685904,262.5299589999486,106.88427700370084
22,7,0,0,1,0,2,1,78.62500099872705,109.81237700616475,217.00049100036267,103.49244800454471
19,5,0,0,0,0,0,1,75.05999099521432,71.7993649886921,188.9771370042581,100.24380701361224
12,4,0,0,1,0,2,0,74.61552799213678,97.62796299764886,189.54715800646227,87.08713500527665
16,2,0,0,2,0,2,286,87.19640300842002,121.83767899114173,207.16837600048166,118.95266200008336
11,8,0,0,1,0,2,1032,171.40508799639065,169.1102890035836,284.44950000266545,182.53966499469243
15,1,0,0,0,0,0,1,54.065517004346475,111.36716799228452,196.1376749968622,83.44638400012627
10,4,0,0,1,0,2,1153,173.97931299638003,256.0434249899117,286.24506101186853,285.39439701125957
27,6,0,0,2,0,2,1,83.80050299456343,114.13859399908688,238.4127279947279,107.54067399830092
14,8,0,0,1,0,2,0,185.67767999775242,230.63540799194016,404.3046919978224,231.3024159957422
31,1,0,0,2,0,2,1,96.82382699975278,109.79039399535395,251.2166789965704,103.83467200153973
8,3,0,0,1,0,2,295,151.7062140046619,119.89128399000037,190.56644100055564,213.1421189988032
22,2,0,0,0,0,0,1,76.37666200753301,108.61438899883069,203.2527690025745,102.38764100358821
3,1,0,0,0,0,0,903,34.1360800084658,46.73297199769877,80.99739499448333,49.60754999774508
12,2,0,0,1,0,2,2,128.1088879914023,195.99023000046145,325.7886750070611,204.83562399749644
5,1,0,0,0,0,0,396,40.0599809945561,57.460380005068146,173.86632900161203,97.40601500379853
14,2,0,0,1,0,2,32,81.87623700359836,109.04137000034098,204.48795199627057,101.38122401258443
6,0,0,0,0,0,0,482,70.11495900223963,100.60874100599904,170.89682799996808,98.23756999685429
30,1,0,0,3,0,2,1,50.12279099901207,59.57877299806569,134.53444100741763,51.96287999569904
24,10,0,0,3,0,2,0,67.30691398843192,95.52590199746192,207.03829498961568,86.70646800601389
20,3,0,0,1,0,2,1,93.84703199611977,109.14680999121629,228.94896700745448,102.67626499990001
5,2,0,0,0,0,0,1409,64.3234390008729,91.15269599715248,154.02020499459468,102.47205900668632
28,4,0,0,1,0,2,1,79.62495399988256,112.50515599385835,225.12774399365298,106.39711700787302
23,1,0,0,2,0,2,1,134.72159799130168,169.2947409901535,319.12700000975747,158.71750400401652
5,1,0,0,0,0,0,175,71.89277099678293,102.24279599788133,168.0542069952935,90.54536301118787
20,2,0,0,3,0,2,1,39.09843099245336,52.63848100730684,111.37315999076236,49.75683201337233
7,5,0,0,0,0,0,0,103.16018101002555,155.84692999254912,249.27649399614893,158.09945500222966
26,2,0,0,2,0,2,0,100.74383398750797,121.69435899704695,240.02161700627767,104.73328399530146
21,2,0,0,0,0,0,1,75.69758901081514,107.08164899551775,200.1566550025018,98.60617000958882
25,5,0,0,1,0,2,1,83.78109001205303,112.70355099986773,226.62212999421172,107.50864500005264
8,4,0,0,0,0,0,1388,68.24145599966869,99.60456400585826,163.27206999994814,107.55696799606085
24,1,0,0,3,0,2,1,101.92948399344459,117.21723800292239,191.31622099666856,51.336576012545265
1,0,0,0,0,0,0,0,68.68170300731435,98.00230700057,157.1593330008909,86.09863699530251
12,4,0,0,1,0,2,1,39.42453899071552,53.29501999949571,175.16672301280778,100.64516800048295
27,0,0,0,4,0,3,1,95.61354000470601,113.7284440046642,249.20014399685897,101.21511699981056
20,1,0,0,3,0,2,13,102.81332000158727,118.40136800310574,252.27444199845195,97.35422300582286
26,4,0,0,2,0,2,1,104.37583799648564,150.74881700275,288.32922199217137,156.3453480048338
7,2,0,0,0,0,0,124,77.24175599287264,108.81099398829974,186.00024699117057,102.55258899996988
12,7,0,0,0,0,0,0,68.72864298929926,96.03749398957007,171.73536799964495,53.54122200515121
19,2,0,0,2,0,2,4,74.17926599737257,104.7043529979419,211.0261880006874,97.10262800217606
37,2,0,0,4,0,4,1,49.707582002156414,75.2080580132315,279.4166050007334,102.81355598999653
3,2,0,0,0,0,0,2988,48.81242400733754,69.53754200367257,221.18643300200347,156.79586998885497
16,5,0,0,1,0,2,3,52.208762004738674,54.989123993436806,117.3845080047613,60.9035590023268
10,3,0,0,1,0,2,15,156.07840698794462,121.10163900069892,198.39291198877618,111.05114000383765
34,2,0,0,5,0,2,0,96.50758700445294,115.7492160127731,236.28916499728803,52.88564899819903
8,4,0,0,1,0,1,310,80.84388299903367,108.75246200885158,184.57959000079427,99.57068700168747
20,2,0,0,1,0,2,1,77.33184899552725,113.20081500161905,210.2135180030018,104.89082800631877
30,1,0,0,4,0,3,1,61.6451059904648,121.25486999866553,272.9470580088673,107.9835480049951
23,1,0,0,2,0,3,1,78.44214400392957,111.00741699920036,222.1843360021012,105.48327899596188
19,3,0,0,3,0,2,0,91.79408301133662,107.2160490002716,237.06525401212275,99.48354799416848
37,1,0,0,2,0,2,1,77.54112400289159,111.97434600035194,243.37583099259064,105.41027098952327
25,1,0,0,2,0,2,1,97.52014199330006,115.12536800000817,233.38613098894712,97.44839000632055
26,1,0,0,1,0,2,1,50.631773003260605,53.945698993629776,120.29732899100054,53.66629899071995
1,0,0,0,0,0,0,5937,9.064842000952922,10.155612006201409,38.49675699893851,45.96701999253128
18,1,0,0,0,0,0,1,77.29762799863238,111.89771500357892,200.30132799001876,104.1413310013013
3,0,0,0,0,0,0,0,69.62915598705877,101.13504499895498,165.9390999993775,95.53770800994243
28,2,0,0,3,0,2,1,76.55633000831585,105.23241499322467,121.63266899005976,46.873454994056374
4,3,0,0,0,0,0,3044,80.50463401013985,122.02080700080842,185.5719089944614,232.14270299649797
11,3,0,0,0,0,0,12,101.24592699867208,153.79463499994017,250.65047599491663,153.68349599884823
18,1,0,0,2,0,2,1,103.71485399082303,117.57185400347225,233.89460300677456,96.81974900013302
17,2,0,0,1,0,2,1,78.4561600012239,106.43166999216191,204.645289995824,101.00683399650734
10,4,0,0,1,0,2,286,82.59584699408151,107.54885200003628,194.4317610032158,101.1520699976245
10,5,0,0,1,0,2,1065,166.71112900075968,167.8325459943153,282.48627299035434,185.18557399511337
4,1,0,0,0,0,0,401,50.58968700177502,72.58699199883267,120.6501460110303,81.90467800886836
22,2,0,0,3,0,2,1,84.057653992204,114.74697000812739,237.88593099743593,107.29183300281875
28,2,0,0,2,0,2,1,73.75642099941615,104.36463699443266,226.27186099998653,96.26261200173758
23,4,0,0,1,0,2,1,107.08074099966325,158.3687899983488,288.78892300417647,165.91086599510163
27,1,0,0,3,0,2,1,98.78963799565099,113.18003099586349,252.12958100019023,102.35336699406616
22,4,0,0,0,0,0,1,78.27347100828774,112.96026900527067,205.0551869906485,54.57833901164122
22,1,0,0,1,0,2,1,90.63414498814382,52.119588988716714,146.25013699696865,97.57201799948234
1,0,0,0,0,0,0,5937,8.944835004513152,10.39314099762123,38.638275989796966,45.81896499439608
25,7,0,0,1,0,2,1,84.74519800802227,112.12245898786932,227.2593319939915,106.27810200094245
13,0,0,0,1,0,2,226,97.11437500664033,133.87684400368016,213.56845200352836,121.83627700142097
1,0,0,0,0,0,0,5937,8.941366002545692,10.275740001816303,39.245608990313485,45.55388999870047
11,5,0,0,1,0,2,57,176.2392519885907,146.37258600851055,295.4104309901595,121.92959499952849
20,1,0,0,2,0,2,1,83.30909500364214,112.81900100584608,227.58212599728722,104.06595600943547
33,1,0,0,3,0,2,1,79.18907799466979,111.3857020100113,244.7660859907046,105.33965400827583
7,1,0,0,0,0,0,62,72.5003459956497,102.7616140054306,174.19870301091578,93.46827300032601
11,2,0,0,1,0,2,1107,98.51224100566469,135.7766349974554,214.8670689930441,131.84120100049768
17,2,0,0,2,0,2,0,68.5738530009985,96.05348699551541,190.2316550113028,88.39916899160016
12,4,0,0,1,0,2,1,51.71917501138523,76.66693101054989,134.98214499850292,84.35539799393155
26,2,0,0,3,0,2,1,100.79930500069167,108.26611600350589,259.9510680011008,96.7899589886656
32,3,0,0,3,0,4,1,111.52768999454565,161.71863400086295,218.84019300341606,82.47729499998968
29,2,0,0,4,0,3,0,180.9683860046789,153.47724499588367,369.6054809988709,159.37251600553282
22,2,0,0,2,0,2,2,105.39732599863783,88.14711800368968,230.45973700936884,52.31686199840624
29,5,0,0,3,0,3,1,132.20480299787596,201.28159600426443,366.62978799722623,211.61442600714508
24,1,0,0,2,0,2,1,99.3367730116006,102.72823300329037,239.76426299486775,96.74346999963745
24,1,0,0,2,0,2,2,76.02580799721181,108.10841000056826,200.5241169972578,51.88145699503366
6,2,0,0,0,0,0,1410,64.78418500046246,91.32672799751163,155.3441589931026,103.05425499973353
20,3,0,0,2,0,2,1,82.14026800123975,105.19945800479036,221.0058179916814,98.09008400770836
25,1,0,0,3,0,2,1,39.75729100056924,95.60898299969267,117.54852200101595,52.899547008564696
25,1,0,0,3,0,2,2,129.71996200212743,167.4801490007667,329.6745679981541,163.41693099820986
2,0,0,0,0,0,0,1322,68.41492600506172,97.43317299580667,159.89231600542553,92.5310150050791
1,0,0,0,0,0,0,5690,38.360343998647295,51.64014198817313,97.77377499267459,44.901550994836725
22,2,0,0,1,0,2,0,67.36590201035142,98.13605599629227,192.69932599854656,85.48093699209858
22,2,0,0,2,0,2,1,193.4888520045206,194.31897600588854,358.3585159940412,185.28358500043396
2,2,0,0,0,0,0,5771,14.60218800639268,18.461316009052098,45.63137800141703,88.50138098932803
22,2,0,0,1,0,2,1,78.14951900218148,110.0202649977291,217.45163601008244,106.12577300344128
24,6,0,0,2,0,1,1,115.52569299237803,161.00402700249106,291.69692800496705,165.59141500329133
9,5,0,0,0,0,0,354,139.0067220054334,215.91850600088947,331.5202640078496,236.61097399599385
11,1,0,0,1,0,2,475,89.81334599957336,114.47967900312506,202.95058900956064,112.16845198941883
29,1,0,0,4,0,2,0,94.94391501357313,111.74549200222827,261.419852002291,102.63700700306799
28,7,0,0,1,0,2,0,38.58881400083192,53.09165899234358,130.62581900157966,103.82712699356489
18,1,0,0,1,0,2,0,71.3340509973932,102.05233799933922,192.5283960008528,46.53311699803453
28,6,0,0,3,0,2,1,80.26668999809772,112.51484199601691,243.04124200716615,108.01863900269382
38,2,0,0,0,0,0,1,75.57104500301648,114.69947300793137,128.60911698953714,105.83237001264933
26,2,0,0,3,0,2,0,99.68473399931099,120.5967899877578,258.1671229854692,103.4094089991413
17,2,0,0,2,0,2,5,181.59845999616664,161.659007993876,345.0283559941454,106.18070200143848
12,2,0,0,0,0,0,94,74.53173599787988,106.95398499956354,186.782992008375,100.77201400417835
25,5,0,0,1,0,2,1,83.72255599533673,113.475992999156,230.81357699993532,108.6292690015398
32,1,0,0,5,0,4,1,39.3647820019396,53.14796700258739,127.41756699688267,95.90309900522698
24,3,0,0,0,0,0,1,78.12411899794824,112.38100999617018,208.14162600436248,106.4437850000104
19,4,0,0,1,0,2,2,86.87272398674395,101.49206398637034,223.44512600102462,96.21270599018317
26,5,0,0,3,0,2,1,98.41369499918073,120.06860900146421,255.5144000070868,103.13388500071596
36,4,0,0,6,0,2,1,97.95400500297546,112.50878400460351,251.24206900363788,52.18055099248886
28,7,0,0,3,0,2,1,79.34339399798773,113.77373899449594,238.999535999028,106.99693200876936
22,1,0,0,2,0,2,5,94.3159390008077,114.68082800274715,211.978099992848,97.33987999788951
1,0,0,0,0,0,0,5690,37.4197390046902,50.23464599798899,108.17903799761552,90.15976700175088
16,1,0,0,2,0,2,1,177.82999800692778,131.06676099414472,250.2615830017021,154.74844099662732
27,5,0,0,3,0,2,1,77.248724992387,108.3194730017567,230.9302799985744,101.01644700625911
4,1,0,0,0,0,0,441,70.7518809940666,101.28362500108778,168.89935299695935,98.34291199513245
11,7,0,0,1,0,2,1032,167.5356200139504,164.57899600209203,283.9189600053942,184.1087829961907
6,2,0,0,0,0,0,1896,95.8801439992385,145.89861300191842,218.1882449949626,203.55405900045298
5,4,0,0,0,0,0,1900,77.1111890062457,77.3632769996766,92.49249999993481,80.20758000202477
10,2,0,0,0,0,0,2,54.226603999268264,75.89273399207741,182.42415599524975,165.33931100275367
26,1,0,0,3,0,2,1,96.9682639988605,117.90604201087262,252.22014900646172,105.13202300353441
27,1,0,0,3,0,2,1,100.2135150047252,118.53942900779657,261.9166850054171,102.79863499454223
26,1,0,0,2,0,2,1,99.85881600005087,106.22298299858812,140.76253399252892,48.291845989297144
23,1,0,0,3,0,2,1,91.79517799930181,104.3796080048196,235.37926100834738,94.88477700506337
42,2,0,0,6,0,4,1,100.53481900831684,117.96185000275727,300.2548970107455,97.09949500393122
13,3,0,0,2,0,2,15,167.3068670061184,164.20513299817685,318.1378389999736,156.37117400183342
17,3,0,0,2,0,2,0,68.07741800730582,95.35360301379114,196.6260049957782,85.12182800041046
29,2,0,0,3,0,2,1,51.45832500420511,74.8854970006505,258.7635639938526,104.6655170066515
25,1,0,0,2,0,2,2,101.39686799084302,108.34707799949683,240.65204100043047,98.27957001107279
31,1,0,0,5,0,2,1,51.23279899999034,60.49244198948145,137.21163100854028,51.9745880010305
18,0,0,0,3,0,2,5,185.24611300381366,138.07244699273724,267.20275000843685,107.08292698836885
22,4,0,0,1,0,2,1,76.0526869999012,105.65614499500953,208.72666999639478,102.25219398853369
15,2,0,0,0,0,0,0,107.22397200879641,155.87176999542862,265.13701801013667,163.88487500080373
5,0,0,0,0,0,0,441,69.00995899923146,101.0705390071962,164.323074001004,92.94504299759865
30,2,0,0,1,0,2,0,77.14739099901635,110.91697801020928,221.8772269989131,71.21766199998092
30,1,0,0,3,0,2,1,76.29835499392357,108.28582399699371,235.57874000107404,88.88199800276197
13,2,0,0,1,0,2,136,54.3272559880279,77.01944600557908,135.55041499785148,157.94286799791735
20,4,0,0,2,0,2,0,70.8006060012849,102.29810199234635,209.61703400826082,92.3786769999424
16,5,0,0,1,0,2,3,187.97879600606393,223.8899749936536,402.797268005088,184.24954899819568
19,4,0,0,2,0,1,1,109.41749199992046,159.470890997909,279.7260910010664,162.75678500824142
5,1,0,0,0,0,0,1410,62.690661012311466,90.96072199463379,151.31657900928985,100.49968199746218
12,5,0,0,1,0,2,0,178.8625570043223,148.78944000520278,348.86773698963225,153.53536400652956
1,0,0,0,0,0,0,3585,61.7742860049475,88.96462101256475,150.26463801041245,91.3921609899262
12,4,0,0,0,0,0,7,50.65982899395749,72.54157999705058,125.93426500097848,152.6335160015151
23,7,0,0,1,0,2,1,80.12465199863072,112.675490003312,220.8350979926763,108.09831999358721
38,2,0,0,5,0,3,1,126.84445500781294,159.46134000841994,359.14199000399094,161.76689899293706
10,2,0,0,1,0,2,0,181.86750799941365,147.6567280042218,201.90873599494807,81.57943899277598
16,1,0,0,1,0,2,0,99.26052800437901,104.98627199558541,224.7200310084736,97.5724150048336
23,1,0,0,3,0,2,0,77.05933299439494,104.20428399811499,221.34260500024538,93.71693499269895
21,2,0,0,2,0,2,1,124.88657700305339,168.3209059992805,302.0378180081025,160.80459399381652
4,3,0,0,0,0,0,1864,121.14033800025936,188.5547740093898,223.6349509912543,100.60246399370953
5,1,0,0,0,0,0,477,74.82802499725949,107.3696970124729,175.2909670030931,99.10193299583625
27,0,0,0,3,0,2,1,101.1077379953349,120.88520399993286,259.8420449940022,104.75230000156444
30,1,0,0,3,0,4,1,84.7356300073443,114.13325600733515,251.94351800018921,105.42640800122172
2,2,0,0,0,0,0,5771,27.198990996112116,36.29051899770275,89.3777349992888,172.64556699956302
14,2,0,0,1,0,2,1,73.05071299197152,105.76023800240364,192.87082500522956,97.05954699893482
7,1,0,0,0,0,0,0,73.12419200025033,106.57550899486523,174.91229499864858,98.07557999738492
2,0,0,0,0,0,0,3566,53.14653100504074,72.92892500117887,129.87398999393918,99.97426498739514
19,3,0,0,2,0,2,6,41.259859994170256,52.968685995438136,153.6496890039416,97.95840199512895
24,5,0,0,3,0,2,0,56.597918999614194,60.67525899561588,128.8975829957053,51.746623998042196
3,2,0,0,0,0,0,2988,98.10625000682194,145.3825969947502,224.71461301029194,153.55104798800312
28,6,0,0,1,0,2,1,106.86705198895652,159.0143580106087,295.0049789942568,161.15284599072766
3,3,0,0,0,0,0,5631,20.01660999667365,26.651152002159506,51.16570999962278,110.4502300004242
12,6,0,0,2,0,2,68,150.57931799674407,176.87899200245738,296.02642099780496,180.25179000687785
7,3,0,0,0,0,0,576,79.32142401114106,116.11612800334115,185.99755800096318,111.4252520055743
7,5,0,0,0,0,0,2358,72.08403400727548,104.1143269976601,160.59751799912192,125.96706999465823
4,1,0,0,0,0,0,528,69.49865800561383,98.23336800036486,165.6429379945621,99.01156499108765
25,3,0,0,1,0,2,1,122.83485800435301,158.09460400487296,301.92618499859236,160.4173859959701
26,1,0,0,2,0,2,1,82.70473500306252,110.58154900092632,226.4370779885212,98.99948700331151
27,2,0,0,1,0,2,1,39.495552991866134,57.0920699974522,111.90897598862648,53.17158901016228
4,3,0,0,0,0,0,1858,99.27401300228667,150.23439400829375,230.71932299353648,152.16217401030008
1,1,0,0,0,0,0,5937,16.624308002064936,19.53985699219629,77.1934579970548,63.26711601286661
8,0,0,0,0,0,0,0,74.209473998053,106.7374150006799,181.77430899231695,98.19395499653183
11,3,0,0,1,0,2,5,181.8675909889862,277.20560699526686,381.5876809967449,260.645124988514
23,2,0,0,3,0,2,1,103.10791700612754,118.507822000538,252.464807999786,97.47285000048578
22,1,0,0,2,0,2,1,96.09372800332494,110.67122599342838,141.49903200450353,51.87656699854415
20,5,0,0,2,0,2,12,79.4065980007872,112.77618299936876,219.57632200792432,107.11407600319944
2,1,0,0,0,0,0,4116,57.03636600810569,79.82882100623101,145.78605799761135,155.8322729979409
27,0,0,0,4,0,4,1,118.434371004696,58.33346099825576,212.13768800953403,99.35683199728373
26,2,0,0,4,0,2,1,105.36990499531385,155.84882099938113,304.2315549973864,102.76832200179342
5,1,0,0,0,0,0,46,73.34321300731972,102.60334199119825,171.236919995863,96.01803700206801
26,1,0,0,3,0,2,1,99.66447501210496,104.77919501136057,240.46879999514204,96.08386100444477
12,1,0,0,0,0,0,1,76.41396400867961,111.98605500976555,194.30715800262988,105.1109859981807
29,3,0,0,3,0,2,0,84.8191789991688,115.77337000926491,236.83190200245008,106.69484800018836
18,4,0,0,2,0,2,1,42.91981499409303,57.06365600053687,114.47110200242605,54.71308699634392
16,6,0,0,1,0,2,4,76.30964399140794,109.07575499732047,205.46736600226723,101.690832991153
3,1,0,0,0,0,0,1858,71.28446799470112,101.55071198823862,164.00436499679927,92.42126598837785
31,3,0,0,4,0,2,2,107.57129300327506,125.86122100765351,273.88143600546755,104.87952300172765
28,5,0,0,1,0,2,1,80.20397699146997,110.37542999838479,224.12667599564884,105.9973139927024
7,2,0,0,0,0,0,482,71.12923701060936,102.4948379927082,170.31306598801166,99.62474399071652
19,0,0,0,2,0,2,1,100.28694600623567,125.01655500091147,241.37474500457756,115.17666699364781
30,4,0,0,2,0,2,1,104.69368699705228,154.2372690018965,299.96635600400623,158.437755992054
25,7,0,0,1,0,2,2,83.3989439997822,113.00954500620719,226.3984980090754,107.13742999359965
18,4,0,0,0,0,0,1,77.99286500085145,114.6952679991955,202.091589992051,105.23847601143643
26,1,0,0,2,0,2,1,83.87437301280443,115.19855201186147,236.91653399146162,106.36988098849542
28,8,0,0,3,0,2,2,67.42149899946526,99.65521699632518,182.87291000888217,105.76869299984537
14,3,0,0,0,0,0,30,74.34233800449874,108.18065200874116,190.35446598718408,101.69094400771428
12,0,0,0,1,0,2,1,76.9700500095496,101.9791660073679,195.05764699715655,92.87266100000124
24,3,0,0,0,0,0,1,78.77273399208207,113.56341400824022,208.03075199364685,105.29152800154407
3,2,0,0,0,0,0,2988,97.89327900216449,143.86525499867275,226.50435999094043,154.9876619974384
15,1,0,0,1,0,2,1,96.16805000405293,106.50422000617255,218.006986004184,98.94131500914227
21,2,0,0,2,0,2,1,83.45643700158689,113.7256259971764,225.4423440026585,105.81614199327305
10,2,0,0,1,0,2,1017,90.9795280022081,123.97425399103668,173.9632060052827,121.91426500794478
17,0,0,0,2,0,3,12,83.78817499033175,119.76873398816679,217.8095629933523,110.8091360074468
8,3,0,0,1,0,2,1964,75.47925000835676,99.31397100444883,221.90152099938132,127.68565100850537
11,1,0,0,1,0,2,34,117.51350401027594,174.21507700055372,250.21363800624385,115.4658519953955
9,0,0,0,0,0,0,14,72.09928199881688,99.28675700211897,173.7679060024675,92.35767200880218
29,4,0,0,2,0,2,2,44.15222100215033,55.7147729996359,226.2763110047672,106.55165500065777
10,0,0,0,1,0,2,840,80.59719699667767,105.72259899345227,202.31382800557185,125.80484800855629
29,2,0,0,1,0,2,1,99.6107539976947,104.62251699937042,235.3300699905958,96.46179899573326
25,1,0,0,1,0,2,1,76.81383599992841,107.22627100767568,216.65788600512315,101.11017999588512
23,1,0,0,2,0,2,1,49.88876900461037,54.65820399695076,125.86942499910947,60.61903199588414
27,1,0,0,1,0,2,1,78.60176499525551,112.10401299467776,220.49611699185334,105.2741510065971
3,3,0,0,0,0,0,5631,38.57050400984008,53.97371499566361,101.15597699768841,215.28739799396135
10,3,0,0,0,0,0,68,72.08077399991453,103.9742400025716,177.84451600164175,96.13628499209881
7,1,0,0,1,0,2,472,182.31890999595635,251.69518099573907,295.8213920064736,224.43352499976754
19,2,0,0,1,0,2,4,83.88795399514493,117.45400799554773,157.89972100174055,54.31710201082751
9,1,0,0,0,0,0,37,38.543424001545645,53.61745800473727,91.70433899271302,50.864085991634056
5,5,0,0,0,0,0,4472,74.5629119919613,110.09861800994258,146.56910400663037,266.93474300554954
3,0,0,0,0,0,0,2679,50.98277500655968,71.1074999999255,128.74762499995995,97.59307900094427
3,3,0,0,0,0,0,5631,38.157465009135194,52.45432299852837,98.35117800685111,216.1377089942107
16,1,0,0,1,0,2,1,96.0931849986082,105.58779300481547,228.1567099998938,96.06619499390945
3,1,0,0,0,0,0,3594,22.830713991425,30.251353004132397,61.10440100019332,49.80632399383467
4,1,0,0,0,0,0,100,72.07758098957129,105.24772299686447,175.17793699516915,96.78830699704122
31,2,0,0,2,0,2,1,97.33420399425086,116.15585300023668,239.40463899634778,96.70022600039374
25,4,0,0,4,0,2,1,183.41737499576993,160.31844400276896,354.2346010071924,155.05873700021766
24,3,0,0,3,0,2,1,98.7151589943096,120.05010798748117,253.3339690126013,102.24768999614753
1,0,0,0,0,0,0,5937,17.01306899485644,20.664594005211256,75.30843099812046,89.27042099821847
21,4,0,0,1,0,2,1,40.38093799317721,56.20359400927555,110.43395899469033,53.86355299560819
12,2,0,0,0,0,0,3,76.89234099234454,112.1547070069937,192.9841090022819,53.09231199498754
7,6,0,0,0,0,0,1236,151.19030300411396,236.4933639910305,335.2515690057771,256.48308399831876
20,3,0,0,2,0,2,1,184.81849100498948,193.02031000552233,350.8281959948363,189.22125399694778
22,1,0,0,3,0,3,1,100.55832499347162,122.96034500468522,254.38783899880946,116.67810499784537
28,3,0,0,2,0,2,1,73.78714499645866,101.76452300220262,186.19909998960793,48.52268401009496
22,4,0,0,3,0,2,21,101.4602850045776,121.46856600884348,253.10495500161778,106.86152800917625
18,3,0,0,2,0,2,1,80.97523699689191,112.05299300490879,216.16780900512822,106.86321200046223
15,6,0,0,1,0,1,2,58.480876992689446,75.33419098763261,193.39828999363817,95.67463600251358
22,4,0,0,2,0,2,1,128.33544600289315,169.13702500460204,319.39830600458663,162.69337300036568
14,3,0,0,0,0,0,1,40.492522006388754,85.43628999905195,191.41928499448113,101.02537399507128
5,3,0,0,0,0,0,1079,66.93736200395506,97.09994000149891,161.48318999330513,97.77235500223469
11,9,0,0,1,0,2,1494,177.8149039892014,175.2293909958098,295.88688899821136,185.02918299054727
25,2,0,0,3,0,2,1,190.44901200686581,191.80807399970945,374.3014880019473,169.87071398762055
