num_elements,num_wildcards,num_anything,num_optionals,num_parallels,num_choices,tree_depth,matches,VM,VM_LAZY,DFS,BFS
16,0,0,1,2,0,2,1,131.46297000639606,170.0873460067669,271.3548939937027,80.61840900336392
9,0,0,1,0,0,1,1,247.07905999093782,362.0580510032596,331.7323990049772,155.6036810070509
9,0,0,1,2,0,2,29,130.38211899402086,111.70624999795109,639.413295997656,308.7071280024247
10,0,0,2,0,0,1,1,249.39417598943692,366.32422399998177,387.5614059943473,155.8311349945143
17,0,0,2,2,0,2,1,133.79999199241865,171.9413389946567,739.9508879898349,308.38397999468725
18,0,0,1,3,0,1,1,139.01487599650864,183.01369399705436,745.9445619897451,303.56771500373725
6,0,0,1,1,0,2,536,91.57613800198305,129.2889400065178,626.6829330124892,305.01033799373545
18,0,0,3,2,0,3,1,142.63410300191026,186.630823998712,1167.7810010005487,315.10706500557717
17,0,0,2,2,0,2,1,508.96973999624606,380.44357900798786,373.81482499768026,158.05563099274877
41,0,0,1,4,0,2,1,638.5635500046192,596.5647249977337,1239.5519990095636,733.7060049903812
50,0,0,1,5,0,2,1,1170.9768259897828,632.9589300003136,812.6853799913079,455.830610007979
35,0,0,1,4,0,2,1,383.3389530045679,688.9039419911569,1443.7554689939134,904.1922449978301
51,0,0,2,5,0,2,1,1238.3204250072595,1199.4455310050398,1038.667427987093,578.542639996158
51,0,0,2,5,0,2,1,1250.5568070046138,1180.9961899998598,1358.5214510094374,900.9465020062635
51,0,0,2,5,0,2,1,1245.2408120007021,1005.5981439945754,692.4748519959394,457.1750199975213
11,0,0,1,2,0,2,2,133.46036200528033,129.9565540102776,234.45376999734435,158.01210700010415
10,0,0,1,2,0,2,2,133.72460800746921,172.14293200231623,353.2692720036721,156.42548199684825
17,0,0,2,2,0,3,1,142.3362019995693,182.7820820035413,717.4975980015006,303.8008519943105
18,0,0,3,2,0,2,1,133.30627299728803,171.75732500618324,1425.0149530125782,593.5750409989851
51,0,0,2,5,0,2,1,810.0960370065877,602.7836709981784,1215.0520969880745,929.5891790097812
52,0,0,3,5,0,2,1,1236.050934996456,1720.260663991212,3058.9160779927624,1386.3313770125387
6,0,0,1,1,0,2,536,62.43384600384161,83.53179000550881,317.1639439970022,153.50630399188958
52,0,0,3,5,0,2,1,1241.5382389881415,1188.0108359910082,2995.7959729945287,1782.683874000213
51,0,0,2,5,0,2,1,1237.5777359993663,1734.3699850025587,3990.4370090080192,914.4613870012108
52,0,0,3,5,0,3,1,1341.0930919926614,1708.2675109995762,1651.7262629931793,1158.6831210006494
2,0,0,1,0,0,1,12550,37.383172995760106,45.57699199358467,198.83402100822423,153.12697300396394
10,0,0,2,2,0,3,238,73.75507199321873,93.22445299767423,651.3521230081096,459.6588279964635
19,0,0,4,2,0,3,1,653.4062509890646,581.9429059920367,1365.0767170038307,597.7081650053151
52,0,0,3,5,0,2,1,1156.4368260005722,1714.22412499669,3056.92692300363,1855.7337340025697
51,0,0,2,5,0,2,1,1238.2144379953388,1731.445170007646,1555.6810569978552,915.1559039892163
20,0,0,5,2,0,3,1,643.1780819984851,590.0188759987941,2789.0054559975397,1187.9231600032654
135,0,0,1,5,0,2,1,610.3752509952756,576.3007380010094,813.7860210117651,440.7894390024012
10,0,0,2,0,0,1,1,249.81129400839563,365.8586489909794,653.1749929999933,303.25485800858587
53,0,0,4,5,0,3,1,1239.2854029894806,2265.326968001318,4626.783211002476,2348.8572189962724
12,0,0,1,2,0,1,1,125.43854999239556,170.54794100113213,700.9352390014101,304.35350800689775
10,0,0,1,0,0,1,1,136.50022000365425,287.69622000982054,637.836994996178,262.0818019931903
21,0,0,6,2,0,3,1,429.54188100702595,411.25669800385367,4201.120787009131,2057.387185996049
42,0,0,2,4,0,3,1,638.4439380053664,1036.1610450054286,1789.683579991106,1106.175811990397
9,0,0,1,1,0,1,8,98.21476301294751,87.12893100164365,495.01905900251586,306.5061399975093
53,0,0,4,5,0,2,1,1250.4834669962293,1195.1065920002293,6261.719625006663,6048.939759988571
53,0,0,4,5,0,2,1,1104.6047909912886,1196.364856994478,5790.207205995102,3552.250128996093
4,0,0,0,0,0,0,4,107.65988600905985,94.23733499716036,334.49822099646553,167.8602429892635
11,0,0,3,0,0,1,4,252.10831500589848,365.1099080016138,938.1988179957261,607.1847749990411
6,0,0,1,1,0,2,536,119.7750220017042,166.25062801176682,618.333463993622,152.36358500260394
11,0,0,2,0,0,1,2,124.64717599505093,175.55673100287095,1292.261894006515,601.3580959988758
1,0,0,0,0,0,0,9230,54.277498988085426,69.92978100606706,201.4058019994991,153.02373399026692
52,0,0,3,5,0,2,1,638.1495620007627,744.3826959934086,1598.4219269885216,899.8547429946484
136,0,0,2,5,0,2,1,610.2965629979735,474.8100830038311,2609.0969139913796,853.5442269931082
53,0,0,4,5,0,2,1,1128.7386600015452,1739.9543749925215,5851.198609001585,2797.8138309990754
8,0,0,2,0,0,1,5,118.55358400498517,162.14424799545668,1286.9880870130146,502.20795400673524
10,0,0,2,0,0,1,6,127.3479630035581,174.52232600771822,1289.2576849990292,533.7956540024607
36,0,0,1,6,0,1,1,128.90087498817593,163.26096399279777,1032.835480000358,246.50776899943594
52,0,0,3,5,0,2,1,1230.0449360045604,1729.530751996208,3000.5682069895556,1849.9935229920084
52,0,0,3,5,0,2,1,1083.9681200013729,1193.9146090007853,2744.846878995304,1838.6389249935746
54,0,0,5,5,0,3,1,1030.0778709934093,647.7973970031599,8794.347905000905,5248.246125003789
11,0,0,3,0,0,1,3,248.61512798815966,368.1790690025082,1296.5336830093293,598.7186569982441
52,0,0,3,5,0,2,1,1071.8789539969293,1812.6422650093446,2495.835187000921,1042.3381099972175
30,0,0,0,3,0,1,1,477.3226200049976,456.3968550064601,603.2709399878513,383.9702769910218
53,0,0,4,5,0,3,1,1239.6374970121542,1737.874519007164,2342.350349004846,1354.6394540026085
53,0,0,4,5,0,3,1,1245.9355970058823,1304.8941849992843,3970.9490870009176,2226.7761569964932
53,0,0,4,5,0,2,1,627.4555230047554,932.3617049958557,2912.542650999967,1576.212857995415
54,0,0,5,5,0,2,1,1237.137874995824,1186.0877959989011,11089.281350999954,9252.757873997325
7,0,0,2,1,0,2,9230,80.83249599440023,100.19760100112762,1136.8553089996567,596.1009040038334
9,0,0,1,2,0,2,490,724.4293599942466,827.6551559974905,499.1986969980644,337.3487749922788
8,0,0,1,0,0,1,1,126.29785000171978,169.78135700628627,625.2723780053202,289.1087699972559
133,0,0,2,5,0,2,1,498.4349240112351,467.6997890055645,2736.237090008217,1038.9765770087251
31,0,0,1,3,0,2,1,481.83624500234146,455.2530769869918,1067.2567199944751,757.4654880008893
4,0,0,1,0,0,1,0,122.94495401147287,164.98411299835425,609.8197410028661,201.88368200615514
7,0,0,1,0,0,1,65,63.260447001084685,83.91240300261416,565.7278239959851,289.7295910079265
54,0,0,5,5,0,3,1,1255.1787070115097,1695.8172979939263,9170.439366993378,7522.784075001255
8,0,0,1,0,0,1,6,119.96455201006029,165.38687399588525,639.4903600012185,287.9772199958097
4,0,0,1,1,0,2,12550,64.3275629990967,44.25120299856644,556.9780990044819,466.87259200552944
52,0,0,3,5,0,3,1,1236.8239790084772,1182.809673002339,2346.3719219871564,1365.2351810014807
11,0,0,3,0,0,1,6,246.5592530061258,359.0598230075557,1280.5999300035182,593.5202849941561
105,0,0,2,4,0,2,1,698.235563992057,477.847065005335,1327.50529400073,720.9061850007856
4,0,0,0,1,0,1,295,451.5169960068306,536.8546209938359,500.35370999830775,413.5996080003679
36,0,0,2,4,0,2,1,552.192011004081,900.8084730012342,2576.5863200067542,1845.1639759878162
10,0,0,2,0,0,1,4,252.5070089905057,365.38850198849104,651.6158900049049,303.1469499983359
55,0,0,6,5,0,3,1,1241.6065380093642,1741.1396969982889,9110.660699006985,7889.029541009222
12,0,0,2,2,0,3,2,138.346987994737,185.2010349975899,682.2095090028597,301.51134000334423
19,0,0,4,2,0,3,1,78.30255100270733,102.43783199985046,1788.7562609976158,1186.807079007849
54,0,0,5,5,0,2,1,1250.3087770019192,1776.9334870099556,11670.411883998895,5749.979437008733
53,0,0,4,5,0,3,3,1043.786207010271,1191.7625119967852,3839.580493993708,2696.8739699950675
54,0,0,5,5,0,3,1,1239.1300099989166,1132.49608699698,7664.920518989675,3948.3900390041526
56,0,0,7,5,0,3,1,1246.873024996603,1685.0712440063944,11475.255386001663,8166.139107997878
5,0,0,2,0,0,1,9230,73.94197701069061,101.27012900193222,1108.715298003517,586.7571859998861
4,0,0,0,0,0,0,248,132.97510100528598,186.58592199790291,338.78720899519976,175.1509359892225
53,0,0,4,5,0,2,122,2079.313904992887,3488.315191993024,5848.7507209938485,2918.687464989489
11,0,0,3,0,0,1,0,229.37664200435393,183.01164099830203,730.2168780006468,602.5764160003746
16,0,0,1,1,0,2,12550,113.56406399863772,43.81627899419982,682.9735730134416,497.83889499667566
9,0,0,1,0,0,1,4,61.77186999411788,83.21677400090266,572.4929540010635,288.0778489925433
10,0,0,2,0,0,1,11,119.68717099807691,165.42575300263707,1206.1529720085673,399.9893660075031
18,0,0,3,2,0,2,1,69.44117399689276,86.47093799663708,433.9620160026243,155.27157099859323
7,0,0,1,1,0,1,12,126.25910100177862,176.72889899404254,274.8695689952001,149.5383379951818
54,0,0,5,5,0,3,39,1241.0048340098,2932.656181001221,8945.204862000537,5309.355763005442
9,0,0,2,0,0,1,26,382.6173220004421,584.2910670035053,467.5698700011708,167.73048299364746
53,0,0,4,5,0,2,39,1230.6357920024311,2911.4496679976583,5456.969032995403,3820.631783004501
55,0,0,6,5,0,3,2,1051.5467079967493,2115.479033003794,17533.933165002964,10534.766192999086
93,0,0,1,15,0,2,1,130.55226299911737,166.23714700108394,1314.7536629985552,283.03147900442127
16,0,0,1,1,0,2,12550,58.62584499118384,23.585047994856723,372.36846900486853,434.1081440070411
31,0,0,1,3,0,2,1,386.2243299954571,439.9020790006034,1135.1106209913269,767.8877790021943
34,0,0,1,3,0,2,2,400.70292000018526,656.771698006196,1341.2871200125664,943.7192129989853
11,0,0,0,1,0,1,59,612.6974299986614,693.9628399995854,533.7431410007412,419.0198780124774
54,0,0,5,5,0,3,122,2085.125028999755,3357.173881988274,8225.805448004394,5098.404840988223
54,0,0,5,5,0,3,2,816.6278619901277,2278.260994993616,9159.281899002963,5394.791101993178
27,0,0,2,2,0,2,0,621.6984649945516,365.5183560040314,1405.3571380063659,333.5689609957626
43,0,0,2,3,0,2,4,1242.5573729997268,1207.9768309922656,1274.9353730032453,727.1012340061134
54,0,0,5,5,0,2,1,1244.1926860046806,961.6968089976581,12366.333233003388,6090.651177990367
4,0,0,0,0,0,0,248,132.59694800945,184.29384900082368,338.1329499970889,179.322873998899
20,0,0,5,2,0,3,1,647.8974880010355,596.0513159952825,2429.66587599949,1180.2326960023493
27,0,0,1,3,0,2,4,1158.2277300040005,1121.8333269935101,610.36410399538,403.0880679929396
11,0,0,2,0,0,1,3,124.52195299556479,171.58274300163612,835.0011099973926,605.6898230017396
29,0,0,1,1,0,1,1,126.561031996971,174.49879299965687,690.8919249981409,315.2911470097024
54,0,0,5,5,0,2,12550,330.449936009245,105.72450200561434,11246.459344009054,7803.416194990859
27,0,0,0,3,0,1,0,644.1075190086849,186.87997199594975,584.2333210021025,175.15372698835563
30,0,0,1,3,0,2,1,546.6808490018593,553.8706759980414,1320.6262230087304,955.4571070038946
52,0,0,3,5,0,2,1,970.3133589937352,1192.9063239949755,1344.6559519943548,565.8206259977305
12,0,0,4,0,0,1,3,251.12516499939375,371.05781699938234,1931.4742580027087,1196.9603190082125
2,0,0,0,0,0,0,3160,121.59993800742086,165.45543300162535,304.24301300081424,153.84028699190821
55,0,0,6,5,0,2,2,1287.2441439976683,1664.8503440083005,20873.203490002197,14690.990627001156
48,0,0,3,4,0,2,0,1205.001207999885,1780.5575569946086,2858.6934019986074,536.5391049999744
55,0,0,6,5,0,3,1,1228.8853549980558,1191.8359889968997,17554.730048999772,9625.303684006212
55,0,0,6,5,0,3,8,1593.6933539924212,1625.1127269933932,14900.738242009538,9829.633205998107
53,0,0,4,5,0,3,3,639.8131549940445,1106.3479560107226,4063.2226839952637,2765.5150510108797
106,0,0,1,10,0,2,1,540.1444799936144,520.4839820071356,1461.3040669937618,369.1140129958512
8,0,0,2,0,0,1,76,352.434535001521,541.9022080022842,611.569785993197,290.8594299951801
6,0,0,0,0,0,0,6,121.62238299788442,171.05049100064207,326.8453119962942,156.5894139930606
19,0,0,4,2,0,2,1,134.3583510024473,171.620150009403,2799.1526359983254,834.2122129979543
13,0,0,2,2,0,1,4,256.7901720030932,367.5834580062656,698.7631540105212,303.66236800909974
2,0,0,1,0,0,1,12550,19.916677993023768,24.087023994070478,104.36288200435229,77.28727400535718
11,0,0,3,2,0,3,9230,87.86464799777605,99.04728099354543,1566.205990005983,876.9989840075141
12,0,0,4,2,0,3,12550,117.20182100543752,79.62211700214539,1768.2131089968607,881.3146250031423
5,0,0,1,0,0,1,516,130.22919499780983,184.12988200725522,661.7593209957704,329.5179150009062
5,0,0,1,0,0,1,1868,149.48313299100846,208.47598499676678,647.5483740068739,332.16404799895827
18,0,0,3,2,0,2,1,131.57854600285646,173.429793008836,1039.6612689946778,592.0626540028024
6,0,0,1,1,0,2,101,131.67445399449207,173.59562599449418,341.429602005519,159.31602301134262
16,0,0,1,1,0,2,12550,68.97328500053845,37.7191599982325,674.7280039999168,551.9536029896699
13,0,0,3,2,0,2,2,287.18946600565687,376.26474899298046,361.0462929937057,157.35044499160722
12,0,0,2,2,0,2,2,507.3058510024566,372.3816139972769,356.02786399249453,157.11833300883882
2,0,0,0,0,0,0,136,115.82922699744813,164.3325460026972,301.49288500251714,145.08205800666474
13,0,0,3,2,0,3,25,152.49752200907096,203.89166199311148,1354.6030209981836,595.0011629902292
21,0,0,6,2,0,3,1,545.2633109962335,587.5904069980606,4666.899051007931,2036.2784109893255
53,0,0,4,5,0,2,1,789.3696089886362,1198.6185489950003,3176.6042939998442,1780.6820109981345
4,0,0,0,0,0,0,24,134.97656499384902,188.0505750013981,340.1597010088153,170.02635799872223
106,0,0,3,4,0,2,1,692.8898299956927,650.0015549972886,4179.444435008918,1345.7163900020532
5,0,0,1,0,0,1,516,133.18519000313245,179.86806599947158,649.820926002576,328.1720109953312
53,0,0,4,5,0,2,1,858.2158509962028,941.9277410052018,2687.851986003807,1774.0285109903198
54,0,0,5,5,0,3,4,1237.69173900655,1188.6589479981922,11660.502553000697,5134.14810600807
54,0,0,5,5,0,3,18,1627.3692079994362,2715.4577000037534,8595.522335992428,5451.874435006175
93,0,0,1,15,0,2,0,130.5126469960669,165.28432301129214,1205.0612160091987,291.0749570000917
2,0,0,0,0,0,0,966,141.24178999918513,167.50001300533768,310.55880400526803,166.74457398767117
53,0,0,4,5,0,3,1,1238.5564470023382,1200.8223989978433,2344.546841995907,1385.4453599924454
54,0,0,5,5,0,3,233,1551.3422040094156,2754.693680006312,7398.358525999356,5022.224767002626
40,0,0,6,4,0,3,1,750.607363996096,1628.4087229869328,10702.699383997242,6265.022876003059
10,0,0,2,0,0,1,2,188.89862799551338,276.14737300609704,324.7226819948992,154.36072800366674
23,0,0,1,3,0,2,2,466.5656430006493,343.86887500295416,1237.8369629877852,827.4514650111087
20,0,0,5,2,0,2,1,130.96979800320696,174.84754699398763,5637.6042089978,2373.0564220022643
6,0,0,3,0,0,1,12550,31.322191993240267,39.86529899702873,554.269555999781,293.9868399989791
30,0,0,1,3,0,1,1,547.7781859954121,541.229390000808,1158.3257220045198,404.40494900394697
14,0,0,4,2,0,3,124,793.6731899972074,812.9359570011729,1356.8600969883846,518.0801850074204
9,0,0,0,0,0,0,0,61.45485299930442,141.3973609887762,326.6263920086203,149.56778999476228
55,0,0,6,5,0,3,4,1249.2472540034214,2239.061396001489,9116.306409006938,5024.797165999189
11,0,0,2,0,0,1,3,64.56649099709466,160.39767599431798,1300.9632160101319,604.3108820013003
54,0,0,5,5,0,3,1,1243.369480012916,1202.1011550095864,4737.230012004147,2677.5539649970597
5,0,0,0,1,0,1,490,406.777432988747,486.78472999017686,490.77843299892265,397.8982830012683
107,0,0,2,10,0,2,1,532.4975539988372,1220.363954998902,3116.223461998743,914.7134280065075
24,0,0,2,3,0,3,13,431.7370869976003,426.00111800129525,1842.2049540095031,1279.9666780047119
30,0,0,1,1,0,1,1,128.1701929983683,173.4300539974356,809.1906079935143,299.3889830104308
12,0,0,4,0,0,1,9,251.07158900937065,365.6655579979997,2555.3990799962776,1073.0792789981933
13,0,0,1,1,0,1,3,123.52494600054342,172.59410201222636,695.592153002508,309.4256670010509
6,0,0,3,0,0,1,12550,59.762520002550445,78.39412499743048,1114.2879809922306,577.998701002798
20,0,0,2,3,0,2,0,87.66252099303529,82.47328001016285,1349.2246200039517,547.2574900049949
25,0,0,3,3,0,3,13,429.02134300675243,430.3765549993841,1831.588280008873,1272.2078829974635
14,0,0,4,2,0,3,321,152.55582000827417,202.09566700214054,2615.424632997019,1184.1212269937387
37,0,0,2,6,0,2,1,126.94210499466863,167.20271200756542,1568.981670003268,562.6695569953881
15,0,0,1,1,0,1,1,129.2825529963011,173.4898230060935,702.0514979958534,313.9246040082071
107,0,0,4,4,0,2,1,699.0416920016287,671.3845630001742,8351.975140991271,2800.5334939953173
5,0,0,0,0,0,0,7,120.06416500662453,167.47285399469547,315.29535399749875,151.14309299679007
54,0,0,5,5,0,2,78,1193.188036995707,2675.4016949998913,12081.554628006415,7385.999449004885
107,0,0,4,4,0,3,1,631.3617530104239,624.536748000537,6076.497433008626,2092.1804959943984
31,0,0,2,3,0,2,3,1303.7814809940755,1039.7323119977955,1389.793998998357,963.9348740020068
32,0,0,3,3,0,2,3,1301.2258669914445,1262.2126000060234,1049.1540899965912,951.287333999062
20,0,0,5,2,0,3,1,644.729064006242,404.1225239925552,1963.9309519989183,1181.2181190034607
54,0,0,5,5,0,3,1,1233.2449050009018,1192.2580160025973,2384.76547600294,1369.7721359931165
107,0,0,4,4,0,2,2,689.08264899801,627.7490299980855,8384.452119003981,3723.0789860041114
32,0,0,1,3,0,2,2,723.2478049991187,678.396953997435,1046.216810005717,678.0484990013065
3,0,0,0,0,0,0,1448,116.58048600656912,162.80918700795155,309.62002801243216,161.0307460068725
18,0,0,3,2,0,2,1,509.8600939963944,377.00622499687597,731.3478009891696,305.80335899139754
52,0,0,3,5,0,2,1,632.6911349897273,902.9337319952901,841.7663099971833,913.9996539888671
10,0,0,1,0,0,1,2,124.0085619938327,172.65939300705213,662.4651879974408,163.98641200794373
52,0,0,3,5,0,2,18,1479.200375993969,3266.779611003585,2983.1347940053092,1808.6013510037446
30,0,0,1,3,0,2,0,611.8242800002918,572.0560900081182,1152.3807569901692,775.5814809934236
54,0,0,5,5,0,2,1,904.3696929875296,757.0148590020835,12166.978706998634,6120.5566169956
12,0,0,0,2,0,1,1,64.12537999858614,84.2330680025043,179.45336700358894,78.47966501140036
44,0,0,3,4,0,3,0,1122.0037580060307,701.161154996953,2276.138373010326,551.8386900075711
54,0,0,5,5,0,2,4,1856.7695679957978,1657.8662889951374,10917.800205003005,7194.672698009526
53,0,0,4,5,0,3,1,1240.1643019984476,1191.536962011014,4335.172869003145,1841.138078001677
16,0,0,1,1,0,2,12550,110.87390099419281,43.274780007777736,391.61774500098545,469.1545399982715
107,0,0,2,10,0,2,1,539.4153910019668,503.25892100227065,3202.1822609967785,663.0624950048514
22,0,0,7,2,0,3,1,613.9852820051601,587.6209359994391,9567.71402299637,4727.024687992525
12,0,0,1,1,0,1,1,123.60980399535038,176.90871200466063,685.7460159953916,308.0705089960247
10,0,0,1,1,0,1,1,394.8437459912384,202.5849939964246,984.5270290097687,179.23893900297116
13,0,0,3,2,0,3,2,140.67095099017024,186.67975500284228,1347.2987889981596,602.3032890079776
55,0,0,6,5,0,2,1,1208.6473610106623,1194.800689991098,12004.342807995272,6288.477098001749
52,0,0,3,5,0,2,1,1254.3247130088275,1195.2542929939227,2909.0659339999547,1685.3502710000612
47,0,0,3,4,0,3,3,1243.2639790058602,1114.2272929864703,2092.2853289957857,1255.9333009994589
15,0,0,5,2,0,3,290,771.7289610009175,831.4270199916791,2674.2388290003873,1193.62747699779
9,0,0,2,0,0,1,53,123.24303900822997,169.43058899778407,1250.634103998891,577.3111060116207
6,0,0,1,0,0,1,17,94.72243300115224,93.89587001351174,629.7259679995477,297.54932699142955
10,0,0,3,0,0,1,3,128.57528700260445,179.94684100267477,1698.3529790013563,639.8584679991473
6,0,0,3,0,0,1,12550,31.561334995785728,39.27139099687338,884.0560009994078,584.9670540046645
13,0,0,5,0,0,1,21,364.02744200313464,552.3155739938375,5026.87999799673,2360.915897996165
112,0,0,1,8,0,2,1,682.2237220039824,646.6945550055243,1298.76315400179,483.0894430051558
13,0,0,1,2,0,1,1,122.49597700429149,88.69366599537898,538.3868540084222,305.04389299312606
12,0,0,1,1,0,1,1,75.80522200441919,168.5914529953152,668.4851839963812,286.5670889877947
25,0,0,3,3,0,3,35,553.5734110017074,558.7676720024319,3106.126889004372,2217.5933520047693
20,0,0,5,2,0,2,3,133.07121899561025,168.79226799937896,5111.834600000293,2321.7785750020994
53,0,0,4,5,0,3,3,1248.6580849945312,1210.0607989996206,3373.5373460076516,2782.203651004238
9,0,0,3,0,0,1,21,118.0362439918099,164.95927599316929,2426.3619109988213,1070.542655987083
38,0,0,4,4,0,2,12550,246.10391601163428,88.15917200990953,5395.196849989588,2669.1746080032317
11,0,0,0,1,0,1,1,121.81254700408317,172.36036498798057,348.6410040059127,159.36645500187296
108,0,0,5,4,0,2,2,690.7548960007261,651.2756239972077,16372.91909600026,6090.3206470102305
31,0,0,1,3,0,2,2,985.7345700002043,698.5832630016375,605.5604630091693,386.5999859990552
43,0,0,3,4,0,3,2,641.378011991037,1046.3605639961315,3449.2422719922615,2221.91340700374
32,0,0,1,3,0,2,2,727.8550949995406,437.4520209967159,982.3573440080509,703.7610179977491
12,0,0,1,1,0,1,4,130.75930300692562,144.14984900213312,352.712680993136,152.65767500386573
10,0,0,0,0,0,0,1,117.42558800324332,165.6354669976281,325.8741659956286,165.39407899836078
36,0,0,2,4,0,2,1,752.862658991944,1134.3537110078614,1397.7434940024978,883.5003489948576
33,0,0,4,3,0,2,8,1129.328365001129,1192.1917950094212,2700.9694110020064,1843.9454170002136
6,0,0,3,0,0,1,12550,30.833907003398053,38.87085600581486,953.891177996411,327.67192099709064
1,0,0,0,0,0,0,9914,85.12687199981883,112.22905700560659,247.0026160008274,160.4186810000101
14,0,0,1,2,0,1,1,124.11909499496687,169.36292599712033,698.2797259988729,291.44419899967033
35,0,0,2,3,0,2,4,406.647821990191,665.5788670032052,2483.313831995474,1562.4052499915706
12,0,0,4,0,0,1,37,245.51216000691056,362.0156250108266,1874.74418200145,592.8312660107622
8,0,0,2,1,0,2,1556,228.80060800525825,329.90183398942463,624.3568219942972,293.38027400081046
7,0,0,1,0,0,1,7,130.394685009378,178.22571100259665,645.5441650032299,308.87043799157254
2,0,0,0,0,0,0,536,115.99335800565314,167.0931289991131,308.91046598844696,157.60204099933617
20,0,0,5,2,0,3,1,155.1918659970397,204.5457599888323,5445.374207003624,2361.234059004346
55,0,0,6,5,0,3,1,1241.818530994351,1728.2131319952896,8744.505037990166,5131.352540003718
11,0,0,1,0,0,1,3,123.30690601083916,141.8229890114162,606.7304190073628,307.56839299283456
31,0,0,1,3,0,2,1,482.5869290070841,754.3757390085375,1155.4299929994158,580.6552609865321
10,0,0,0,1,0,1,2,117.7109200070845,167.2583720064722,285.56864098936785,76.70280399906915
6,0,0,0,0,0,0,5,107.63258399674669,93.39639099198394,310.5494000046747,171.8862660054583
19,0,0,4,2,0,2,1,92.65104199585039,173.04200900252908,2669.3132859945763,827.6072120061144
13,0,0,1,2,0,1,1,119.5541310007684,166.35936999227852,687.9124300030526,290.03087199816946
12,0,0,4,0,0,1,3,247.60380000225268,369.82663899834733,2252.6467880088603,1178.8681670004735
13,0,0,1,0,0,1,2,124.82698299572803,181.62787999608554,691.3993219932308,315.80226799997035
10,0,0,3,2,0,3,12550,77.07138799014501,61.269925005035475,1702.0644320000429,1275.0712029956048
53,0,0,4,5,0,3,1,1226.5409560059197,1188.6084580037277,4454.118644003756,1923.571258012089
365,0,0,1,71,0,1,1,136.98183800443076,172.22541199589614,3296.8617840087973,161.55615499883424
86,0,0,1,8,0,2,1,1000.3578629984986,1044.855357002234,712.97615399817,233.1703230011044
55,0,0,6,5,0,3,2,1041.6596209979616,1746.7734359961469,17003.368535995833,10532.48390299268
36,0,0,3,3,0,3,405,1456.0097990033682,1819.493806004175,2677.8407719975803,1999.0341759985313
134,0,0,3,5,0,2,1,605.9116450051079,572.0473059918731,5379.631404997781,2195.2403409959516
137,0,0,3,5,0,2,1,1294.2206070001703,1246.5919300011592,2827.335835987469,869.5827500050655
9,0,0,0,0,0,0,0,125.45536199468188,173.58149000210688,340.76531100436114,162.9683649953222
12,0,0,1,1,0,1,1,126.13762200635392,171.81776800134685,670.1401529862778,293.1575059919851
397,0,0,1,17,0,2,1,711.3175590056926,677.9872750048526,3353.2311349990778,464.1288929997245
64,0,0,1,3,0,2,5,1636.4442040066933,1450.9971249935916,546.0499779874226,287.3153729888145
4,0,0,0,0,0,0,6,126.7405700054951,176.63225399155635,328.9965120056877,156.8722299998626
12,0,0,4,0,0,1,151,305.54302300151903,398.6647990095662,2582.9967360041337,1198.7028319999808
51,0,0,2,5,0,2,1,1369.7087969921995,1255.4682250047335,1606.360042002052,909.3323269917164
12,0,0,1,0,0,1,1,119.33118199522141,168.29107100784313,711.7161140049575,296.1360349872848
13,0,0,2,2,0,1,6,131.3728910026839,175.9307119937148,1396.4443789882353,614.827912999317
31,0,0,2,3,0,2,0,1343.920318002347,1275.9564709995175,1414.1162390005775,974.3551160063362
9,0,0,1,0,0,1,2,131.76307000685483,177.3558129934827,667.6467390061589,315.88433901197277
9,0,0,3,1,0,3,1121,633.5961820004741,563.525286008371,643.7589980050689,301.0597950051306
6,0,0,2,0,0,1,1121,129.0665929991519,177.80696800036822,1274.2603360093199,637.4247950006975
20,0,0,5,2,0,2,1,139.2476689943578,170.99277599481866,5600.885951003875,2353.7671310041333
11,0,0,1,1,0,1,1,125.7404560019495,173.40950299694669,653.9795129938284,158.42678199987859
138,0,0,4,5,0,2,1,1304.726786998799,1242.1574499894632,5140.739057998871,1617.8127849998418
5,0,0,2,0,0,1,8399,98.14696600369643,136.1665440053912,1142.6732960098889,603.5852640052326
52,0,0,3,5,0,2,1,1255.0199109973619,1210.5814759997884,2935.0020569982007,1446.5838030009763
6,0,0,2,0,0,1,1121,66.8119860056322,140.50468200002797,1273.714281996945,643.6538029956864
12,0,0,3,2,0,3,19,647.8014919994166,581.4536880061496,674.8429230065085,307.65165299817454
55,0,0,6,5,0,3,490,2430.771145998733,3249.133460005396,13502.274653001223,6485.334283992415
14,0,0,1,1,0,1,1,127.03171899192967,174.88221899839118,699.7962030000053,310.2769370016176
34,0,0,5,3,0,2,15,1329.552260998753,1337.1117770002456,5329.487223003525,3485.5587460042443
10,0,0,3,0,0,1,54,378.2586900051683,588.6045160004869,1329.2319489992224,585.7758240017574
14,0,0,3,2,0,1,6,618.6145969986683,821.313606997137,1390.7877589954296,607.0632939954521
53,0,0,4,5,0,2,0,1043.754464990343,1454.9563100008527,3105.2232399961213,1826.498652997543
94,0,0,2,15,0,2,1,128.3695479942253,166.66415000509005,2598.891473011463,587.5574469973799
5,0,0,2,0,0,1,8399,99.92526899441145,136.72419500653632,1117.5992000062251,590.3514600067865
12,0,0,1,0,0,1,2,123.60267699114047,170.00175299472176,660.3722810104955,308.67644600220956
18,0,0,3,2,0,2,1,136.86008100921754,175.90017699694727,1403.3221360004973,481.4954310131725
56,0,0,7,5,0,3,124,636.4664050051942,2673.398339000414,33043.757279010606,20629.105236992473
6,0,0,1,0,0,1,33,245.4234860051656,358.7084160099039,316.5338729886571,152.36609100247733
31,0,0,2,3,0,2,0,1316.3295309932437,1262.8083680028794,703.4197299944935,482.6615829952061
13,0,0,3,2,0,3,25,152.40846300730482,202.69500699942,1358.4029030025704,610.5799280048814
32,0,0,3,3,0,2,3,1009.1488340112846,635.4560729960212,1172.842929008766,539.2663609964075
52,0,0,3,5,0,2,1,1260.3405770059908,1205.2355510095367,3099.9992119905073,1808.2685809931718
11,0,0,4,0,0,1,516,395.35447100934107,601.6939929977525,2568.264576999354,1294.868974990095
38,0,0,3,6,0,2,1,90.59413800423499,84.83939900179394,3024.5158209872898,1089.5406259951415
11,0,0,3,0,0,1,11,65.51862999913283,102.50530099438038,2480.3602439933456,1123.9959149970673
14,0,0,1,1,0,2,1,128.50387499202043,174.6985360077815,703.33532699442,309.8231830081204
37,0,0,2,6,0,1,1,127.28496399358846,164.13064001244493,1754.6790350024821,554.4918109953869
55,0,0,6,5,0,3,1,1252.316147001693,2279.08101399953,13314.009544992587,8157.789043994853
6,0,0,0,0,0,0,5,126.34822000109125,179.98096099472605,339.5153140008915,164.467523994972
11,0,0,0,0,0,0,1,120.78977900091559,166.7027679941384,335.00965900020674,152.17962699534837
9,0,0,1,0,0,1,3,122.54303100053221,166.89107900310773,633.7195270025404,292.2151520033367
7,0,0,2,1,0,2,1511,227.5194390094839,332.0055149961263,634.3324269982986,307.74278499302454
108,0,0,3,10,0,2,1,277.200565993553,852.9849420010578,5730.571482999949,2113.0733710015193
1,0,0,0,0,0,0,8399,79.88262000435498,109.40952299279161,240.9765690099448,157.23716400680132
14,0,0,3,2,0,2,65,258.82483400346246,373.80388600286096,1209.6077390015125,304.7291330003645
5,0,0,0,0,0,0,0,65.42610800534021,84.57728900248185,165.7244950038148,80.79470999655314
12,0,0,4,0,0,1,13,252.7035280072596,371.2828690040624,2131.3468379958067,1133.0603039968992
14,0,0,3,2,0,2,95,127.683208003873,173.78395899140742,2698.3282750006765,1192.9456259967992
10,0,0,2,2,0,2,122,378.303458011942,669.1070410015527,1747.5962660100777,1284.5232610125095
56,0,0,7,5,0,3,12550,334.9740260018734,107.03357199963648,26394.107618994894,16045.855183998356
8,0,0,1,0,0,1,1,137.44345599843655,189.1091050056275,654.3122489965754,303.3404809975764
27,0,0,1,2,0,2,4,494.9591490003513,694.7626629989827,1075.9452199999942,1025.0621470040642
5,0,0,1,0,0,1,472,254.2590939992806,372.6990459981607,335.9603990102187,172.71520300710108
19,0,0,4,2,0,3,1,69.38648600771558,87.29546199901961,1115.694303996861,595.8441919938195
50,0,0,1,3,0,2,1,410.59048401075415,411.84116300428286,1301.9350989925442,816.8585910025286
12,0,0,1,1,0,2,3,142.57496000209358,188.10273898998275,432.183263998013,156.80383700237144
240,0,0,1,13,0,2,1,1468.8261870032875,1406.2275160104036,1225.4827670112718,235.9852520021377
14,0,0,4,2,0,3,2,141.9607359857764,184.4049140054267,2673.9767940016463,1182.8782230004435
31,0,0,2,3,0,2,3,1316.6556579963071,1204.8484569968423,1220.8350440050708,607.9831449897029
366,0,0,2,71,0,2,1,135.03128099546302,172.8243349934928,6311.341161999735,585.8416170085547
27,0,0,0,3,0,1,0,640.0432969967369,183.1754960003309,581.1846909928136,171.61131999455392
41,0,0,7,4,0,3,5,778.8304069981677,1870.1866420014994,23298.49216900766,15889.17922800465
38,0,0,4,4,0,3,122,1610.2813899924513,2359.9951220094226,3667.012006000732,2719.8898089991417
12,0,0,2,2,0,2,8,130.77795199933462,171.80150700733066,688.3748700056458,308.9615259959828
13,0,0,2,1,0,1,1,127.2896179871168,174.21460399054922,922.9299029975664,303.95112399128266
38,0,0,3,6,0,2,1,129.04695099859964,163.66235600435175,3393.851361994166,1108.4425690060016
54,0,0,5,5,0,3,2,1255.955022003036,2318.993077991763,8146.4867100003175,4899.7061970003415
2,0,0,0,0,0,0,136,119.97736599005293,162.27591500501148,302.0784659893252,145.88448200083803
36,0,0,1,5,0,1,1,131.59895900753327,171.2363240076229,880.5576479935553,310.31728399102576
36,0,0,1,2,0,2,22,1353.6142529919744,1435.3762600076152,564.8954549978953,295.85061699617654
11,0,0,1,1,0,1,2,121.16378400241956,167.6597820041934,661.5455410064897,292.3899559973506
28,0,0,1,3,0,2,0,428.35254399687983,182.20441800076514,1142.7373640035512,335.0210339995101
12,0,0,3,2,0,3,19,610.340177998296,591.9403180014342,484.8902200028533,303.8850609882502
7,0,0,1,0,0,1,9,132.68023300042842,183.8797040109057,268.0707550025545,158.91873600776307
10,0,0,1,0,0,1,2,119.70142899372149,165.2742070000386,641.6893580026226,290.22130600060336
8,0,0,3,0,0,1,2326,247.56532500032336,355.4979920008918,1036.2511169951176,281.19447600329295
55,0,0,6,5,0,3,1,1239.7410220000893,1414.0504289971432,11798.662842993508,7609.907512000063
7,0,0,2,0,0,1,116,119.40354100079276,166.25701099110302,1212.7005079964874,568.9808119932422
9,0,0,1,0,0,1,1,125.89221399684902,175.79421200207435,663.9451109949732,312.80474399682134
53,0,0,4,5,0,3,1,710.3116130019771,867.5649670040002,4687.401037008385,2483.892880001804
87,0,0,2,8,0,2,1,1310.1701970008435,1249.2016140022315,1358.7862549902638,523.7154709902825
65,0,0,2,3,0,2,6,1509.550467992085,1425.940750996233,1057.2181109891972,549.9087229982251
9,0,0,1,0,0,1,3,69.18433800456114,91.62040198862087,574.9887679994572,304.68436700175516
37,0,0,3,4,0,2,1,748.6491180025041,1237.1950279921293,2385.4439290007576,1512.7348989917664
13,0,0,2,2,0,1,4,258.2318269996904,368.6048929957906,700.887988001341,309.29925800592173
15,0,0,2,2,0,1,1,124.3013700004667,167.48859899234958,1148.1733419932425,282.89789700647816
18,0,0,1,2,0,2,1,445.21751200954895,288.0665920092724,622.5376640068134,197.07345000642817
10,0,0,4,1,0,3,8399,530.2114730002359,493.36531800508965,1250.360385995009,593.6825270036934
14,0,0,1,1,0,1,1,66.12954199954402,86.32375299930573,343.0190540093463,147.39132800605148
13,0,0,1,0,0,1,1,66.17891098721884,89.08825599064585,344.53528000449296,157.9329629894346
8,0,0,0,0,0,0,2,127.88177600305062,174.19283700292,334.4765030051349,158.50466799747664
10,0,0,1,0,0,1,1,63.925308000762016,85.1492740039248,328.53711499774363,147.63978999690153
56,0,0,7,5,0,3,122,2151.794992998475,3630.146263007191,27593.520245005493,17059.84508000256
56,0,0,7,5,0,3,124,1241.7144150094828,2926.263422006741,30065.118084996357,22659.53706500295
33,0,0,0,3,0,1,0,603.5130119998939,180.5677439988358,569.1573610092746,172.77190698951017
13,0,0,1,0,0,1,1,121.4905950037064,172.28989000432193,672.4875890067779,307.3061070026597
55,0,0,6,5,0,3,1,1235.0728819874348,1862.084976004553,12545.9434420045,7738.000515004387
11,0,0,1,0,0,1,1,127.88825199822895,182.67859100888018,666.280300996732,310.85416799760424
138,0,0,4,5,0,2,1,1292.7796060102992,1237.979434998124,5046.511375010596,1533.4485839994159
11,0,0,3,2,0,3,238,142.7499080018606,187.9081390070496,1945.9650909993798,901.8736180005362
9,0,0,1,0,0,1,1,91.05848999752197,172.06235099001788,638.8278020021971,236.51042199344374
4,0,0,0,0,0,0,29,126.2889789941255,178.19970300479326,331.6228510084329,166.51827799796592
54,0,0,5,5,0,2,12550,331.7429040034767,105.59039599320386,9948.2001389988,7944.595796987414
54,0,0,5,5,0,2,78,1190.4838790069334,1925.6388700014213,11060.616549002589,7665.183984005125
9,0,0,3,0,0,1,685,175.2384040009929,358.06864500045776,755.0459799967939,541.1336360120913
52,0,0,3,5,0,2,1,1251.8233779992443,942.771856993204,2781.0496609890833,1763.6427769903094
11,0,0,3,0,0,1,4,251.07651999860536,368.85762099700514,1214.1863819997525,505.7310620031785
57,0,0,8,5,0,3,792,2565.9935500007123,4723.647423001239,23752.03935999889,16439.53783599136
16,0,0,2,2,0,2,1,382.44900800054893,187.20783699245658,843.4456910035806,347.37382899038494
9,0,0,2,0,0,1,1,135.62791899312288,190.72981498902664,1283.3736699976726,608.3252869866556
27,0,0,1,2,0,2,39,746.2133209919557,1358.7562640022952,1345.083867010544,1043.3770249946974
46,0,0,5,3,0,3,12550,263.4758219937794,75.58094199339394,5931.240817008074,3557.8333890007343
55,0,0,6,5,0,3,1,1234.5036299957428,1710.7089580094907,8276.49026599829,5168.172105986741
9,0,0,1,0,0,1,6,102.02836799726356,173.36938399239443,651.3208429969382,313.2898200128693
56,0,0,7,5,0,3,1,1078.7662729999283,2247.5380090036197,13475.077048991807,7674.63243099337
38,0,0,1,3,0,2,5,1209.686016998603,1134.6157359948847,343.5804890032159,224.56316399620846
10,0,0,3,0,0,1,27,140.9520080051152,197.8489500033902,2540.737913994235,1202.336229995126
18,0,0,1,3,0,1,0,138.44089199847076,181.90020599286072,748.0122889974155,303.85614099213853
8,0,0,2,0,0,1,77,64.51544299488887,83.11126798798796,743.1888389983214,399.8417340044398
20,0,0,5,2,0,3,0,648.627545000636,592.4102160061011,2514.3423799891025,1173.9849500008859
12,0,0,2,1,0,1,1,125.32380800985266,176.07413600489963,1354.6936659986386,611.0015269950964
11,0,0,3,0,0,1,16,158.2892660080688,221.88884099887218,2571.1958829924697,1194.5116600109031
28,0,0,1,3,0,2,0,634.646367005189,121.45172500459012,1038.5616560088238,219.51070000068285
138,0,0,4,5,0,2,1,1001.2483430036809,1238.5355769947637,5102.806102004251,1684.5011949917534
53,0,0,4,5,0,2,1,631.5221980039496,651.3336950010853,2605.0046819873387,1783.1946529913694
8,0,0,3,1,0,3,9230,47.833864999120124,51.209572004154325,680.1031840004725,598.509938994539
7,0,0,1,0,0,1,13,125.06599399785046,176.91956499766093,656.0980789945461,322.5476859952323
6,0,0,2,0,0,1,3131,171.9448710064171,168.4674119896954,379.35551899136044,310.7745360030094
13,0,0,3,1,0,2,1,126.89425999997184,173.25649899430573,1356.00799099484,607.392081990838
14,0,0,3,2,0,1,6,505.714289000025,820.2406680065906,1389.8016160092084,598.6091950035188
10,0,0,1,0,0,1,2,125.11824000102933,168.26720000244677,647.8647250041831,294.0656080027111
52,0,0,3,5,0,2,1,1231.3442779995967,1166.7534809967037,1594.4663460104493,899.4724689982831
29,0,0,2,3,0,2,0,771.5548849955667,366.60167800437193,698.3685829909518,274.74408299895003
6,0,0,1,1,0,2,12550,72.3208380077267,44.71533899777569,495.2861610072432,401.67067700531334
13,0,0,5,0,0,1,2058,263.8449529913487,382.0651409914717,3947.425516002113,1909.9680719955359
8,0,0,1,0,0,1,2,123.13536100555211,170.72118299256545,626.6874559951248,289.52992999984417
52,0,0,3,5,0,2,1,1242.4664559948724,1199.3327669915743,1488.5649970092345,923.3789599966258
16,0,0,1,1,0,2,12550,111.33540100126993,43.95237199787516,676.9353290001163,549.9860440031625
2,0,0,1,0,0,1,12550,37.75576900807209,45.1401479949709,176.01610999554396,154.67790499678813
9,0,0,1,1,0,2,22,125.01837099262048,175.14164598833304,652.7676770056132,303.3796609961428
21,0,0,1,2,0,2,43,1092.8834440128412,854.254680001759,576.2166979984613,419.598007996683
45,0,0,4,4,0,2,0,1237.2169080044841,688.2840920006856,2692.9945859883446,727.8019649966154
10,0,0,3,0,0,1,3,375.97578299755696,573.2097750005778,1287.4996010068571,616.3423319958383
4,0,0,0,1,0,1,295,406.8382639961783,480.00635000062175,549.8728319944348,461.47671100334264
107,0,0,2,10,0,2,1,537.2813970025163,507.16355700569693,2990.3083160024835,905.9842479910003
33,0,0,4,3,0,3,233,1277.91272700415,1690.4947189905215,2065.2842150011566,1459.4583769940073
53,0,0,4,5,0,3,3,1238.7516430026153,1173.7633989978349,4104.188102995977,2470.185523998225
5,0,0,0,0,0,0,44,76.4922789967386,82.69395898969378,160.8386790030636,122.03921099717263
15,0,0,2,1,0,1,1,122.61966400546953,170.5450750014279,1343.883804991492,563.8703349977732
56,0,0,7,5,0,3,1,1174.5133049989818,884.0244989987696,16519.528698001523,8071.8490020080935
20,0,0,1,1,0,1,1,119.50750299729407,164.32220199203584,700.4019309970317,291.3453030050732
13,0,0,1,1,0,1,1,243.82891500135884,353.93384100461844,346.78206899843644,153.75511700403877
9,0,0,1,0,0,1,1,64.44415800797287,86.86325298913289,478.3647770091193,302.7658649953082
13,0,0,2,1,0,1,1,122.52581999928225,167.73590400407556,1309.9218819988891,571.4774149964796
7,0,0,2,1,0,3,12550,76.59669799613766,43.929519000812434,858.8750950002577,554.3606740102405
11,0,0,3,2,0,3,490,945.1773019973189,752.7792869950645,906.049728000653,608.5343580052722
39,0,0,4,6,0,2,1,127.01440599630587,166.80867099785246,2671.8155950075015,551.3478659995599
35,0,0,2,3,0,2,20,314.89783999859355,917.7976650098572,2507.369031009148,1756.8052059941692
17,0,0,4,1,0,1,0,239.34467499202583,227.2153090016218,2473.444262999692,1173.2085440016817
15,0,0,4,2,0,2,65,239.0528989926679,274.2947779915994,2694.287402991904,1203.0826109985355
6,0,0,1,1,0,1,405,254.72316199738998,368.04322799434885,331.3721930026077,159.77480099536479
13,0,0,5,0,0,1,76,246.95499299559742,361.4017049985705,4547.086065998883,2093.8181140081724
16,0,0,1,1,0,2,12550,104.599391008378,22.835960000520572,344.1358800046146,282.4462490098085
30,0,0,1,3,0,2,0,1308.286625004257,1121.6532020043815,701.211132996832,482.6803299947642
20,0,0,5,2,0,3,1,651.9946949993027,595.7587220036658,2799.122284995974,1183.1402620009612
10,0,0,2,0,0,1,2,65.2200000040466,84.73745798983146,1190.5237889877753,573.0611500039231
36,0,0,1,3,0,2,2,490.40594600955956,670.5362030043034,1051.6204400046263,743.2427540043136
51,0,0,2,5,0,2,0,1255.3434839937836,1750.2030840114458,1563.6716930021066,686.1459560022922
35,0,0,1,4,0,2,1,752.8356939874357,697.4954210018041,1483.3474469924113,898.9487950020703
7,0,0,1,0,0,1,66,246.09191800118424,357.66691000026185,336.1207279958762,167.2158489964204
39,0,0,5,4,0,3,12550,255.16875699395314,91.98772700619884,7595.608506002463,5281.0107419936685
2,0,0,0,0,0,0,4804,115.54865699145012,160.03775200806558,299.22826698748395,176.78017700382043
15,0,0,1,1,0,2,4,529.4428839988541,206.64187500369735,1110.980693003512,360.8213659899775
2,0,0,0,0,0,0,4475,105.29789899010211,146.43689499644097,287.79795800801367,171.0283860011259
54,0,0,5,5,0,3,1,1236.923595002736,1737.6832890004152,8724.507102000643,4457.510780004668
107,0,0,2,10,0,2,1,536.4306749979733,509.08147801237646,3214.1899330017623,913.8149280042853
17,0,0,1,0,0,1,1,125.62649299798068,173.83538700232748,698.9360470033716,304.63813700771425
15,0,0,2,1,0,1,1,122.67030199291185,168.22341899387538,1158.41087399167,569.5360300014727
15,0,0,2,2,0,1,2,250.66000600054394,361.9591489987215,693.2252010010416,288.6887570057297
52,0,0,3,5,0,2,1,1243.4019789943704,899.8608260008041,881.8122299999231,894.477474008454
12,0,0,4,0,0,1,9,250.7047050021356,370.5971620074706,2550.311705999775,1216.4666190074058
9,0,0,3,0,0,1,859,285.13094200752676,423.4668550052447,1314.189582990366,644.643173989607
10,0,0,3,0,0,1,3,372.91275399911683,565.0507420068607,1275.287213997217,491.32936300884467
8,0,0,2,0,0,1,119,150.87771000980865,210.74299899919424,917.1452860027784,325.17927000299096
22,0,0,1,0,0,1,1,120.6774190068245,165.66415400302503,702.715036997688,284.6393410000019
11,0,0,3,0,0,1,1,132.15891900472343,180.80225300218444,996.763422008371,399.5959540043259
56,0,0,1,6,0,1,1,151.94706300098915,191.08187600795645,1014.3180570012191,322.5497490057023
20,0,0,5,2,0,3,1,647.5713929976337,593.2898239989299,2774.5230920118047,1184.7413770010462
8,0,0,2,1,0,2,1556,229.00776998721994,329.1319849959109,624.6098859992344,231.9715659978101
31,0,0,1,3,0,2,1,482.1909079910256,589.4981130113592,1057.6783569995314,783.1078629969852
54,0,0,5,5,0,3,18,2156.9311899947934,3264.008207988809,8535.231632005889,4457.293252999079
38,0,0,4,4,0,2,12550,250.413617992308,90.35704399866518,4844.400924004731,3762.756943004206
9,0,0,1,0,0,1,1,124.85654999909457,171.04113900859375,335.2263709966792,263.737282002694
16,0,0,3,1,0,1,3,122.85038799745962,169.73615498864092,2662.629753991496,1126.6969089920167
56,0,0,7,5,0,3,12550,336.74521499779075,105.93264900671784,25589.27391200268,13895.428592004464
10,0,0,1,0,0,1,6,123.7173629924655,175.84016600449104,391.1460390081629,260.3299909969792
278,0,0,1,13,0,2,1,790.1681369985454,1341.120430995943,2401.78009000374,407.5569480046397
54,0,0,5,5,0,3,233,1766.2618949980242,2876.6768850036897,8688.116837991402,5197.053881987813
139,0,0,5,5,0,2,1,1295.5587429896696,1237.727988002007,10445.620098995278,3305.176025998662
53,0,0,4,5,0,2,1,1023.2585189951351,1157.1191460097907,3150.761163997231,1827.8333000052953
16,0,0,1,1,0,2,12550,112.26829499355517,43.74553100205958,597.2340000007534,559.797089008498
7,0,0,2,1,0,2,9230,63.51516100403387,99.16262001206633,1131.011313002091,578.1928670039633
6,0,0,1,1,0,1,408,244.2822739976691,359.38022201298736,324.4225369999185,152.45474499533884
14,0,0,4,2,0,3,10,298.7529299862217,299.3360289983684,380.37267500476446,311.69132300419733
16,0,0,3,2,0,1,2,254.24713699612767,272.83940599591006,1366.6346670070197,574.0957209927728
14,0,0,1,0,0,1,1,250.3194099990651,377.3935359931784,350.4956079996191,159.84792499511968
19,0,0,4,2,0,3,1,511.9828050083015,595.2296059986111,1415.8442340121837,592.5956620048964
5,0,0,2,0,0,1,8399,217.30006999860052,272.2942529944703,570.7163030019728,293.0459180061007
14,0,0,1,1,0,1,1,378.51358999614604,183.84579400299117,1012.4751639959868,340.5018170014955
7,0,0,1,0,0,1,8,129.28033599746414,180.78069000330288,660.3686610033037,318.71919200057164
19,0,0,2,3,0,2,18,739.9107210076181,832.0796670013806,1329.8363219946623,647.9594289994566
10,0,0,3,0,0,1,53,129.4525200064527,130.29688999813516,1878.367197001353,1116.86223000288
15,0,0,1,2,0,2,70,956.3796900038142,1059.1637449979316,512.7654039970366,340.4025400086539
57,0,0,2,6,0,2,1,156.01790200162213,190.90509400120936,1964.4137369905366,654.1669790021842
12,0,0,1,0,0,1,1,82.98178599216044,171.7658259876771,664.3789780064253,305.98921699856874
138,0,0,1,10,0,2,1,504.5998919958947,442.26889600395225,1979.7512880031718,624.5602220005821
14,0,0,1,1,0,1,1,374.57536699366756,184.1757520014653,1157.942018005997,339.84408898686524
31,0,0,1,3,0,2,1,263.8565119996201,237.76538400852587,980.0956300023245,773.4438280022005
8,0,0,1,0,0,1,1,152.09496500028763,238.64829799276777,288.3056759892497,159.30981400015298
137,0,0,3,5,0,2,1,753.7571400025627,856.9883680029307,2745.156217002659,486.05153600510675
9,0,0,1,0,0,1,1,126.49364900426008,176.54852200939786,662.0804870035499,311.3351950014476
6,0,0,0,1,0,1,383,446.64029400155414,524.9495650059544,536.3727190124337,379.91977800265886
10,0,0,2,0,0,1,10,124.32940700091422,175.5909600033192,1298.7382979918038,606.1729000066407
56,0,0,7,5,0,3,1,1247.5315240008058,1653.7025370053016,19993.921920991852,13142.324398999335
57,0,0,8,5,0,3,12550,339.4805600109976,105.77902200748213,40202.784765002434,26838.237454008777
49,0,0,4,4,0,2,0,2174.355522991391,3469.2811360000633,5431.545036000898,1446.9930740015116
10,0,0,2,0,0,1,7,121.51850799273234,169.28032400028314,1285.9414819977246,526.2179370038211
5,0,0,1,0,0,1,43,123.52852799813263,171.16540900315158,160.57431399531197,80.26671700645238
10,0,0,1,0,0,1,1,122.50522700196598,171.5249179978855,658.0185490020085,307.71337400074117
20,0,0,0,2,0,1,0,66.79198399069719,163.7761799938744,373.4124520124169,137.82688199717086
46,0,0,5,4,0,2,0,1241.44577998959,351.7197320034029,5468.937511992408,1455.250258994056
35,0,0,3,2,0,3,12550,196.0697549948236,60.105280004790984,2102.832357995794,1607.3105090035824
55,0,0,6,5,0,3,490,1880.9600379900075,4451.779800001532,12035.828795007546,8061.986553002498
7,0,0,1,1,0,1,3,250.12957499711774,366.48764098936226,338.1226789933862,161.09028400387615
47,0,0,0,6,0,1,1,607.0080229983432,581.357647999539,735.6536610022886,230.678503998206
42,0,0,2,4,0,2,1,498.359627003083,306.0314419999486,2225.7981170114363,958.3570630056784
54,0,0,5,5,0,3,1,781.8147749931086,1576.452953988337,3859.0277659968706,2378.548560998752
9,0,0,4,1,0,3,12550,88.1583540030988,77.54059000581037,1053.5973410005681,479.9550940078916
12,0,0,4,0,0,1,9,251.90662599925417,372.6854130072752,2539.441651009838,1201.5587350033456
14,0,0,2,2,0,1,2,124.74696099525318,172.54639200109523,757.2708929947112,324.4554010016145
12,0,0,1,2,0,2,295,222.8660149994539,733.732324995799,1147.1255819924409,912.5117869989481
87,0,0,2,3,0,2,1,1245.9763060032856,1239.0830010117497,1145.0043959921459,522.1755999955349
11,0,0,1,0,0,1,1,134.48064499243628,188.92519899236504,665.0915120117133,314.07830100215506
52,0,0,3,5,0,3,1,1237.133256989182,1736.189353003283,2341.9240930088563,1117.5132230127929
24,0,0,2,3,0,2,2,428.66203900484834,420.0071429950185,1254.4997810036875,830.725819003419
31,0,0,2,3,0,2,233,1285.6249719916377,1715.8778909943067,1383.1848340050783,1004.0374410018558
26,0,0,1,2,0,2,490,1032.9441979993135,1101.1124610085972,369.2438809957821,177.1186980040511
12,0,0,1,1,0,1,1,425.02226600481663,187.44082099874504,1162.917916997685,345.6914509879425
26,0,0,1,5,0,2,1,136.04280300205573,191.9794490095228,811.998428995139,324.8000120074721
12,0,0,1,0,0,1,1,120.29289299971424,170.37190099654254,664.2390880006133,306.38320099387784
15,0,0,1,0,0,1,1,124.66537900036201,175.62582300161012,681.3982780004153,305.335641009151
140,0,0,6,5,0,2,1,1179.5500620064558,1063.6638759897323,20242.715451997356,6315.258187998552
32,0,0,3,3,0,2,3,1314.9687349941814,1252.5359630089952,1376.8622979987413,968.9367319951998
21,0,0,6,2,0,3,1,572.5407720019575,294.3879399972502,5112.014211001224,2340.8243140002014
6,0,0,1,1,0,2,792,415.04072600218933,490.9161240066169,871.7371189995902,702.6964899996528
11,0,0,1,0,0,1,1,128.4996449976461,178.21594300039578,672.1251319977455,313.51314901257865
54,0,0,5,5,0,3,1,1246.1994030018104,2279.5284710009582,4421.554893007851,1787.3601780011086
13,0,0,4,2,0,3,290,776.3279259961564,824.0108819882153,1344.6597959991777,505.4179069993552
31,0,0,1,3,0,2,1,457.9250529932324,443.8353250006912,1245.468957000412,766.9412839895813
55,0,0,6,5,0,3,490,2477.5601489964174,4813.548582998919,11303.165746998275,7923.115661993506
19,0,0,4,2,0,2,1,92.71633900061715,174.718470996595,1445.34730000305,604.5023539918475
10,0,0,0,1,0,1,85,285.1877070061164,322.2308209951734,304.6064719965216,249.872194006457
11,0,0,5,1,0,3,12550,99.47487500903662,92.58357599901501,2243.648691000999,1088.9542239892762
14,0,0,5,2,0,3,8399,550.8471810026094,512.955387996044,2480.0371509918477,1177.3003400012385
6,0,0,2,0,0,1,2326,130.0649129989324,179.49704700731672,1200.155950995395,601.7357950040605
218,0,0,1,10,0,2,1,281.07203599938657,255.91997800802346,2184.2282339930534,243.86948598839808
6,0,0,2,0,0,1,2802,89.77044800121803,102.33948100358248,948.2423939916771,563.3935749938246
2,0,0,1,0,0,1,12550,35.80651700031012,44.009252000250854,273.58492799976375,154.13295800681226
16,0,0,2,1,0,3,4475,584.9378689890727,326.2354739999864,1108.6002760130214,361.9153780018678
12,0,0,4,0,0,1,5,234.08992199983913,548.325689000194,2525.3526949964,1186.2424279970583
55,0,0,6,5,0,3,39,1207.353874007822,2501.1671160027618,12725.70022700529,8381.364290995407
54,0,0,5,5,0,2,18,2303.9213689917233,3438.275352003984,5950.455428988789,3731.461114002741
5,0,0,2,0,0,1,8399,97.97041799174622,136.7208390001906,1147.3749870056054,591.0873109969543
6,0,0,1,0,0,1,528,124.20085500343703,171.8602339969948,639.7314419882605,312.53790800110437
2,0,0,1,0,0,1,12550,35.80520299146883,44.2936390027171,244.8730269970838,159.559697000077
5,0,0,1,0,0,1,1448,118.01959099830128,163.54471500380896,612.891810000292,307.17713000194635
108,0,0,5,4,0,3,1,679.4714330026181,381.74038199940696,11304.898550995858,4625.172551008291
12,0,0,2,1,0,1,2,66.11106600030325,86.99450199492276,663.9041070011444,285.290936997626
12,0,0,4,2,0,3,12550,119.76128700189292,76.75963500514627,1773.7533720064675,875.8911409968277
20,0,0,5,2,0,3,3,134.1312000004109,171.60888599755708,2792.965511995135,1188.0732579884352
54,0,0,5,5,0,2,1,1241.337201994611,1168.4595180122415,11785.757737001404,6818.7472879944835
28,0,0,1,3,0,2,0,638.2977449975442,183.4946029994171,1109.1085899970494,337.5326609966578
6,0,0,2,0,0,1,2802,145.08641800784972,201.64568998734467,1188.2043999939924,598.6409280012595
112,0,0,1,8,0,2,1,355.85021499719005,487.84038300800603,1339.2704209982185,515.5244240013417
11,0,0,0,1,0,1,1,132.1410460077459,182.82983399694785,368.6066249938449,172.85217600874603
6,0,0,2,0,0,1,4475,293.72438600694295,258.0541109928163,475.2938970050309,309.14356000721455
14,0,0,1,0,0,1,1,120.4843779996736,165.91925799730234,663.0923560005613,295.5072930053575
37,0,0,3,4,0,2,1,440.7159449910978,626.7425139958505,1802.2640690032858,1844.5786700031022
14,0,0,5,2,0,3,594,1113.3720780053409,1506.3484190031886,2648.4418159961933,1215.2655870013405
52,0,0,5,4,0,3,0,1241.1597720056307,1235.611844007508,6593.718158008414,1687.104921991704
6,0,0,1,1,0,2,4,516.2194239965174,369.66151199885644,556.056161003653,172.95252298936248
57,0,0,8,5,0,3,39,1247.5188740063459,2941.8754479993368,30978.375694001443,19134.452430007514
398,0,0,2,17,0,2,1,712.5180699949851,675.4249280056683,6692.119437997462,925.9763500012923
37,0,0,4,3,0,3,12550,216.7955390032148,75.6372660107445,3427.460743012489,3458.4310409991303
5,0,0,1,0,0,1,40,128.1448950030608,178.43854399689008,644.1172040067613,319.36301400128286
8,0,0,1,1,0,2,78,119.42878999980167,167.55760500382166,630.4222210019361,289.7875250055222
6,0,0,2,0,0,1,2326,67.6493950013537,91.91426399047486,1060.8437359915115,600.7585029874463
14,0,0,2,1,0,1,1,364.44238999683876,548.8046620012028,670.8022959937807,288.9542639895808
9,0,0,1,0,0,1,1,132.264928004588,182.20084899803624,528.7839180091396,157.20922700711526
13,0,0,1,2,0,2,1,132.21799800521694,172.91270798887126,364.43546498776414,156.1354280129308
4,0,0,1,0,0,1,2666,104.88292900845408,145.44456799922045,501.53915998816956,148.66195600188803
3,0,0,1,0,0,1,8399,48.39164999430068,94.12324099685065,557.7803799969843,309.1545880015474
11,0,0,0,0,0,0,1,67.87239600089379,127.33477700385265,356.39008300495334,170.5457549978746
7,0,0,2,1,0,2,633,490.0357750011608,383.274433988845,335.6048879941227,158.6900649999734
6,0,0,3,0,0,1,12550,58.735034996061586,77.0815479918383,939.3924839969259,488.8523749978049
20,0,0,5,2,0,3,1,650.3840109944576,593.6572599894134,2730.6241340120323,1198.1891430041287
8,0,0,3,0,0,1,489,123.16326599102467,170.34376799711026,2345.6941559998086,1075.990108991391
56,0,0,7,5,0,3,792,2390.425689998665,4313.197591996868,22718.358833997627,16805.22511698655
19,0,0,4,2,0,2,1,512.2308749996591,376.57744898751844,1309.2590919986833,327.55248399917036
56,0,0,7,5,0,3,12550,343.0613920063479,105.76437499548774,24398.471188993426,16552.1422180027
2,0,0,0,0,0,0,23,76.7030480055837,81.49794000200927,248.0548430030467,148.1129419989884
32,0,0,2,3,0,2,2,477.39180600910913,261.0596269951202,1880.493670993019,787.7103159989929
8,0,0,3,1,0,2,12550,77.85814499948174,77.36426799965557,1107.8837420063792,601.1796500097262
5,0,0,1,0,0,1,484,63.140316007775255,85.57263099646661,431.7265449935803,303.9451660006307
20,0,0,5,2,0,2,1,131.65044999914244,174.07494700455572,2761.657192997518,1173.583020005026
57,0,0,8,5,0,3,12550,341.9333970086882,105.64794699894264,40752.628763002576,24987.34875000082
55,0,0,6,5,0,3,39,1240.2681520034093,2410.4259579908103,8649.192028999096,5622.060086010606
35,0,0,3,2,0,3,12550,197.41035600600298,60.702720991685055,2104.5275750075234,1600.9359279996715
5,0,0,2,0,0,1,9230,74.7483789891703,100.84398799517658,944.839358999161,499.3768090062076
88,0,0,3,3,0,2,3,1295.6355220085243,1239.2918289988302,2215.8151180046843,1027.1290590026183
7,0,0,2,1,0,2,1511,228.72613699291833,332.61132800544146,572.2855830099434,153.50199499516748
52,0,0,3,5,0,2,1,1248.6513609910617,1737.4045090109576,2961.1823110026307,1829.6646300004795
9,0,0,3,0,0,1,201,124.99447399750352,172.51406399009284,2414.5968009979697,1132.0223030052148
14,0,0,1,0,0,1,1,119.14004500431474,165.53257199120708,603.7696749990573,179.9531360011315
13,0,0,5,0,0,1,18,249.7644059913,370.53736399684567,4962.619318001089,2385.128062000149
2,0,0,0,0,0,0,867,104.66327400354203,81.15230499242898,277.4131070036674,151.71546400233638
9,0,0,2,0,0,1,6,65.8373379992554,84.82656300475355,1062.9852540005231,564.9685969983693
55,0,0,6,5,0,2,0,1015.6500430020969,799.2163370072376,10301.299598999321,5874.065334995976
11,0,0,2,1,0,1,4,400.1425059977919,241.78417399525642,2287.2915109910537,352.24799599382095
13,0,0,2,0,0,1,1,204.156426989357,355.9465769940289,668.1343859963818,303.8888620067155
10,0,0,1,0,0,1,1,111.41793400747702,165.54077999899164,643.4708929882618,289.168695002445
7,0,0,1,0,0,1,1,128.2258450082736,177.7827149926452,653.1520670105238,315.56389199977275
9,0,0,3,0,0,1,859,148.3752200001618,411.9191299978411,1318.6353720084298,650.7849900081055
11,0,0,3,0,0,1,10,123.27588700281922,170.81443799543194,2213.462975996663,626.2081229942851
8,0,0,3,1,0,2,12550,87.69668500463013,77.9005359945586,927.4010840017581,298.2827170053497
18,0,0,2,0,0,1,1,139.1123979992699,191.729245998431,1374.254062990076,597.1729080047226
27,0,0,1,4,0,2,1,127.35700099437963,164.0819879976334,778.6784420022741,282.0219330023974
20,0,0,3,3,0,2,122,931.3416889926884,1224.222278004163,2540.3238389990292,1873.1331809976837
20,0,0,3,3,0,3,490,1278.7533500086283,1749.7521869954653,1973.6743929970544,1847.5062970101135
32,0,0,2,3,0,2,5,476.3498699903721,461.8447619868675,2304.334212007234,1099.7395459999098
53,0,0,4,5,0,2,1,1237.5620219972916,1197.0375630044146,5746.032458002446,3602.6501989981625
2,0,0,1,0,0,1,12550,37.47383500740398,45.521060994360596,201.20925300579984,150.6814280000981
5,0,0,0,1,0,1,83,138.11249400896486,187.19557399163023,344.5101270044688,172.0017539919354
8,0,0,2,0,0,1,10,375.1916189939948,571.8968200089876,643.0911250063218,307.6866799965501
53,0,0,4,5,0,2,1,1199.1478679992724,1215.026656005648,6167.300091998186,2820.6897060008487
4,0,0,0,0,0,0,76,118.43837900960352,163.77270199882332,308.48595600400586,147.24764600396156
19,0,0,4,2,0,3,1,152.36222799285315,199.16819299396593,2363.495726007386,1086.3956779940054
56,0,0,7,5,0,3,124,1227.115376997972,1622.8251309948973,33888.36418899882,20916.026033999515
18,0,0,1,2,0,1,1,125.75868199928664,174.27380300068762,739.8234569991473,318.1083569943439
5,0,0,1,0,0,1,1626,68.58489700243808,93.72537198942155,366.5822750044754,326.78094200673513
32,0,0,2,3,0,2,1,448.31158299348317,436.86141599027906,2169.1471749945777,768.2982359983725
11,0,0,1,0,0,1,1,84.914505991037,118.64573799539357,676.5734629880171,316.5366979956161
37,0,0,1,4,0,1,1,532.8157720068702,494.6564580022823,1228.3784559986088,417.05615899991244
22,0,0,7,2,0,3,1,647.3818029917311,579.8643239977537,10649.374304004596,3891.110006006784
11,0,0,3,0,0,1,59,125.12920000881422,176.7242080095457,2443.012641000678,968.677380005829
51,0,0,2,3,0,2,1,407.7616830036277,410.321114002727,2774.8735979985213,1668.0700939905364
13,0,0,5,0,0,1,32,249.76642000547145,366.176932991948,5103.992620002828,2334.8665480007185
10,0,0,1,0,0,1,1,69.74594898929354,95.31452500959858,617.5125479931012,300.7073369954014
15,0,0,0,2,0,1,1,123.30027500865981,166.4833549875766,362.0879460067954,151.1535739991814
6,0,0,0,1,0,1,10,138.22917999641504,182.85315000684932,347.5583999970695,169.07548200106248
1,0,0,0,0,0,0,8533,99.23912200611085,138.2207270071376,272.3575569980312,83.46316000097431
1,0,0,0,0,0,0,9914,81.34016500844155,109.91378899780102,245.0785149994772,159.4946919940412
10,0,0,1,0,0,1,1,122.43992999719921,169.74058000778314,654.1377359972103,302.8705620090477
21,0,0,6,2,0,3,1,463.8688800041564,590.0459309923463,5204.7201480017975,2245.4557479941286
5,0,0,2,1,0,2,122,289.3751160008833,325.9275230084313,503.2422200019937,685.0969070073916
53,0,0,4,5,0,3,1,1257.7789859933546,1212.695705005899,4688.386485999217,2700.1718989922665
7,0,0,2,0,0,1,516,150.06451500812545,211.26285300124437,1302.745330001926,649.9163600092288
20,0,0,1,2,0,1,1,134.19924999470823,171.95792999700643,752.8099869959988,305.3934700001264
37,0,0,2,6,0,1,1,127.23677299800329,163.55893400032073,1740.3644720034208,562.3358320008265
11,0,0,1,1,0,1,1,502.11900800059084,372.2623960056808,288.8948649924714,81.68165499228053
53,0,0,4,5,0,3,1,1248.867602989776,980.4822119913297,4687.092755004414,2696.1129720002646
56,0,0,7,5,0,3,2,1245.563349002623,2329.5093580090906,24377.245363008115,15094.830647009076
13,0,0,2,1,0,1,3,192.61918400297873,517.8228590084473,663.0009710061131,290.43134200037457
11,0,0,0,1,0,1,0,123.57430199335795,174.2202630121028,347.8982910019113,81.08259600703605
57,0,0,8,5,0,3,1,1256.867271993542,655.1360149896936,31762.32423700276,18615.139155997895
219,0,0,2,10,0,2,1,273.3027409994975,252.42892900132574,3434.7632889985107,862.3726090008859
1,0,0,0,0,0,0,9122,66.84560798748862,88.6478799948236,220.0259079982061,156.19215900369454
16,0,0,1,1,0,2,12550,109.45566000009421,43.225871995673515,674.7375309932977,553.9279440126847
10,0,0,0,2,0,1,53,508.4967000002507,488.94966101215687,590.8562960103154,458.8964419963304
52,0,0,3,5,0,2,1,1246.2118309922516,1205.7495010085404,1423.5625500004971,918.1396620115265
17,0,0,2,2,0,2,1,131.98096699488815,116.26427399460226,365.57764999452047,152.9602790105855
10,0,0,1,0,0,1,3,122.22852399281692,173.50954600260593,655.1226000010502,281.8591139948694
9,0,0,4,0,0,1,9914,191.3239040004555,272.11456099757925,2206.449834004161,1072.0940830069594
11,0,0,2,0,0,1,2,89.06191399728414,165.59724599937908,1257.397341003525,570.2706099982606
38,0,0,1,4,0,2,1,348.1774800020503,262.9664089909056,1133.1473949976498,717.8616549936123
11,0,0,4,0,0,1,190,130.29584000469185,182.49756000295747,4471.6863189969445,2231.7476160096703
11,0,0,1,0,0,1,1,130.95881399931386,186.94051000056788,664.0945749968523,309.9784340010956
7,0,0,1,0,0,1,6,121.48850699304603,168.2924579945393,615.6780680030352,283.1771680066595
13,0,0,3,1,0,2,5,136.23258398729376,189.43436500558164,2537.6963680027984,1206.8476749991532
13,0,0,1,0,0,1,3,126.6451359988423,169.96273600670975,677.3783690005075,305.5437340080971
10,0,0,1,1,0,2,11,123.56181199720595,168.51364501053467,642.371144000208,286.3433540042024
56,0,0,7,5,0,3,7,1234.0267700055847,1184.3665129999863,27167.708515000413,15009.746894997079
16,0,0,3,1,0,1,1,122.7948669984471,172.9580389946932,2658.221595993382,1133.8687029929133
29,0,0,1,4,0,2,1,236.5813379874453,396.5446750080446,1405.0624529918423,914.1590490035014
55,0,0,6,5,0,3,7,843.0700860044453,1075.8427700056927,17606.35262299911,8023.724416998448
8,0,0,1,0,0,1,2,241.41645099734887,356.69723599858116,336.6184939950472,163.5530409985222
9,0,0,1,1,0,2,1,64.4253679929534,86.77659499517176,171.213159992476,98.30862999660894
54,0,0,5,5,0,3,1,1240.2590249985224,1174.4577750068856,7360.740877003991,4802.165809000144
13,0,0,2,1,0,1,1,121.04678200557828,111.07952399470378,1137.8476529935142,572.7745769981993
31,0,0,2,3,0,2,0,1314.2531299963593,1243.065820002812,1393.861542994273,618.0485809891252
5,0,0,0,1,0,1,490,410.2106860082131,490.5756160005694,491.7222460062476,398.0926989897853
25,0,0,1,5,0,2,1,77.72353700420354,109.2586020095041,693.0048740032362,329.72481100296136
15,0,0,2,0,0,1,1,120.90111299767159,164.7758979961509,1314.7244690044317,572.4655599915422
38,0,0,4,4,0,3,1,746.7252450005617,1635.9769650007365,4068.83932799974,2671.259230002761
12,0,0,2,0,0,1,1,132.34359500347637,188.59042700205464,817.6089670014335,600.8507779915817
14,0,0,4,2,0,3,25,149.44716999889351,200.45326699619181,1347.157968004467,600.1930119964527
8,0,0,3,0,0,1,1121,149.51247200951912,212.68214999872725,2190.744153005653,882.0316390047083
25,0,0,3,3,0,3,13,366.18339900451247,434.3783340009395,1840.8323350013234,1270.5156990123214
53,0,0,4,5,0,3,1,1238.365788012743,1729.587363995961,4641.701097993064,2719.5337750017643
11,0,0,2,2,0,2,57,132.80399500217754,174.88667099678423,682.6327350136125,308.3494860038627
56,0,0,7,5,0,3,39,985.5314750020625,2914.7994789964287,19405.862178988173,12029.950969998026
16,0,0,1,1,0,2,12550,112.19044600147754,44.151281006634235,561.6981869970914,282.36653200292494
7,0,0,1,0,0,1,5,131.02395899477415,183.0854979925789,576.7601129919058,180.1120009913575
11,0,0,4,0,0,1,764,85.06858399778139,114.24866098968778,3282.6903169916477,2275.5659199901856
9,0,0,3,0,0,1,97,355.57134098780807,538.3863640017807,1208.7827889918117,607.3725299938815
18,0,0,3,2,0,3,1,139.61285499681253,184.63979400985409,1158.67238699866,617.8728939994471
18,0,0,3,2,0,3,1,141.93084700673353,185.58628899336327,1425.384265006869,607.2586849913932
12,0,0,1,1,0,1,1,124.51778599643148,174.98720998992212,712.4367099895608,310.41085001197644
14,0,0,1,1,0,1,1,121.76728200574871,155.06342198932543,597.1075660054339,145.57929900183808
12,0,0,1,0,0,1,2,137.8467989998171,184.73006400745362,531.9717940001283,185.29294300242327
33,0,0,4,3,0,2,8,1316.2811779911863,1280.5607969930861,2543.86967800383,1963.2859020057367
15,0,0,2,1,0,2,1,143.94915799493901,179.6889969991753,1049.7872330015525,311.06287500006147
7,0,0,0,0,0,0,1,129.78731100156438,182.7569369925186,343.55458499339875,168.57415800041053
8,0,0,2,0,0,1,77,121.62467699090485,167.29671599750873,1219.5847029943252,563.1710029992973
17,0,0,4,2,0,1,8,639.1149609989952,619.4241739867721,2722.9938540112926,563.391342991963
7,0,0,2,1,0,3,12550,39.59118700004183,23.245998003403656,693.3019879943458,697.3303550039418
10,0,0,2,0,0,1,1,70.27078600367531,93.68570199876558,1285.334136991878,614.9987069948111
12,0,0,1,0,0,1,1,126.85356799920555,178.59658200177364,672.2028219955973,307.9561089980416
12,0,0,4,0,0,1,122,121.42613901232835,169.80464399966877,5084.933368998463,1257.3172289994545
4,0,0,1,0,0,1,3532,114.1972559998976,159.4475890015019,569.4942389964126,322.27868599875364
12,0,0,2,2,0,2,2,379.20479600143153,380.72927299072035,359.2458450002596,157.41937499842606
5,0,0,1,0,0,1,472,253.1562899966957,386.0941989987623,341.7383769992739,173.92354599724058
11,0,0,0,2,0,1,3,124.98552299803123,91.3893640099559,291.3225509983022,131.33156800176948
53,0,0,4,5,0,3,1,1280.526546004694,2191.702554002404,3056.5447959961602,1751.5888530033408
20,0,0,5,2,0,2,1,503.19789999048226,374.53130599169526,2677.0803339895792,644.6076029969845
7,0,0,2,1,0,2,606,508.841109010973,236.3617699884344,578.9268830121728,169.03492200071923
10,0,0,2,0,0,1,2,74.13455299683847,196.70390500687063,1101.8939269997645,475.40587600087747
33,0,0,4,3,0,2,122,1307.6605960086454,2419.13371400733,2623.2810289948247,1760.1561889896402
54,0,0,5,5,0,3,2,1245.0484500004677,2277.2843389975606,9213.261438999325,5549.47165500198
3,0,0,1,0,0,1,9230,89.93810100946575,125.95768099708948,207.8087929985486,77.82593098818325
8,0,0,0,0,0,0,0,122.60756199248135,169.76755899668206,300.35420300555415,80.16508599394001
9,0,0,1,1,0,1,7,63.43236500106286,82.80724499491043,331.9616049993783,147.00723100395408
38,0,0,4,4,0,2,1,545.3369489987381,1238.0116559943417,5494.8622539959615,3571.514442010084
54,0,0,5,5,0,3,4,1231.6621410136577,1190.9493319981266,7752.577844003099,5332.911582998349
55,0,0,6,5,0,3,12550,359.82717500883155,105.43053298897576,17494.75884300773,10708.176936997916
8,0,0,1,0,0,1,1,133.97457500104792,109.4151889992645,633.3181759982836,309.2649989994243
21,0,0,4,3,0,3,12550,87.7163940022001,38.69891801150516,4074.70659899991,2813.8023289939156
56,0,0,7,5,0,3,12550,341.05973699479364,105.56100901158061,26060.53498799156,16211.642880007275
2,0,0,1,0,0,1,12550,19.719636999070644,23.97083600226324,102.08537899598014,77.91965499927755
32,0,0,3,3,0,2,0,975.0056379998568,1227.59164099989,1191.1530310026137,952.2720370005118
2,0,0,0,0,0,0,1320,116.58863400225528,164.975883992156,305.4679709894117,155.01817100448534
1,0,0,0,0,0,0,9230,53.54473300394602,68.53864500590134,201.11393799015786,155.40904299996328
7,0,0,3,0,0,1,9122,100.6907359987963,236.1844130064128,1176.1178410088178,582.7225380053278
1,0,0,0,0,0,0,9230,53.357896002125926,69.76564299839083,202.63581500330474,153.44328300852794
7,0,0,3,0,0,1,4295,336.02040899859276,449.4136330031324,879.7341720055556,473.9155610004673
53,0,0,4,5,0,2,490,2408.942426991416,4271.411591995275,5916.50794299494,3860.2282279898645
10,0,0,1,2,0,1,6,380.6344870099565,419.19558799418155,1156.2799170060316,359.1565749957226
54,0,0,5,5,0,3,1,1246.2562319997232,1177.8048249980202,3870.323131995974,2035.2212969883112
12,0,0,4,2,0,3,1879,662.6349259895505,755.6037309987005,1810.581521000131,1200.313011999242
53,0,0,4,5,0,2,35,2124.720093997894,3331.052939000074,5953.450322005665,3688.312963990029
5,0,0,0,1,0,1,490,215.07905899488833,420.30644000624306,498.02116700448096,400.3266580111813
24,0,0,1,2,0,2,6,623.4269450069405,588.2355979993008,1030.4364569892641,733.8431509997463
5,0,0,1,0,0,1,516,129.43349999841303,179.99341199174523,653.4738720074529,327.2361059935065
10,0,0,2,0,0,1,1,270.41997500055004,415.96113999548834,687.9590369935613,309.22174200532027
12,0,0,3,2,0,3,19,665.4435639939038,631.9958690000931,678.7577789946226,303.1890470010694
55,0,0,6,5,0,3,490,2453.630736010382,4755.391942002461,12740.294014991377,8564.371596003184
33,0,0,4,3,0,2,122,1833.1632070039632,2460.3989820025163,2287.40417699737,1514.4214850006392
55,0,0,6,5,0,3,1,1251.2601280031959,1733.2298819965217,14182.201559000532,8904.507200000808
10,0,0,3,0,0,1,27,140.0281160022132,196.10626000212505,2541.428092008573,1198.8229249982396
13,0,0,2,0,0,1,1,109.32490600680467,165.44507700018585,812.5404789898312,501.57150300219655
56,0,0,7,5,0,3,1,1025.3513139905408,1755.1570669893408,13687.406034005107,8194.9893120036
5,0,0,1,1,0,2,8399,388.3893780002836,236.91284499363974,554.1685159987537,182.83161699946504
95,0,0,3,15,0,2,1,130.1765710086329,164.66100499383174,4986.271797999507,1121.3223739905516
52,0,0,3,3,0,2,1,214.7695739986375,208.65844401123468,5316.24443999317,3774.541926002712
29,0,0,2,3,0,2,1,638.5492620029254,1081.178659995203,1511.4497009926708,562.0992460026173
15,0,0,2,1,0,1,1,373.5132790025091,181.99736200040206,2276.1061069904827,667.3920039902441
10,0,0,1,0,0,1,2,64.51597300474532,145.15407000726555,673.4536259900779,314.15426298917737
38,0,0,3,6,0,2,1,129.91763099853415,169.75533300137613,1671.605907002231,281.1747009982355
12,0,0,4,2,0,3,12550,121.07144099718425,77.85288098966703,1609.2471040028613,772.1449149976252
32,0,0,3,3,0,2,0,698.6219560058089,898.3285059948685,1418.7911070039263,964.9741299945163
39,0,0,5,4,0,3,12550,148.2281630014768,78.72018100169953,7793.341753000277,5805.492804996902
13,0,0,2,1,0,2,1,125.75513700721785,170.07942599593662,1284.0797409880906,476.9530350022251
32,0,0,3,3,0,2,0,1230.821681994712,1182.402539998293,1387.6205929991556,900.985922999098
55,0,0,6,5,0,2,7,1405.410816994845,2183.7689639942255,21270.555095004966,13911.782829003641
10,0,0,4,0,0,1,618,466.90113900694996,702.1824260009453,2400.7015980023425,1101.8552979949163
2,0,0,0,0,0,0,3160,117.56561699439771,161.31105000386015,302.3673930001678,155.57493800588418
19,0,0,2,3,0,2,0,72.57912699424196,94.61517000454478,956.2460070010275,612.4245770042762
37,0,0,2,6,0,2,1,127.70434500998817,167.4316979915602,1748.2461019972106,554.0210559993284
93,0,0,1,7,0,2,1,625.4806689976249,598.7889840034768,1584.8164710041601,679.9533620069269
11,0,0,3,0,0,1,3,248.45027898845728,366.4412719954271,1291.4515349984867,598.3115450071637
8,0,0,2,0,0,1,9,256.715395997162,378.3821219985839,644.3921680038329,314.2546539893374
54,0,0,5,5,0,3,1,1251.1793120065704,2263.3680020080646,6034.735742010525,3688.199809010257
28,0,0,1,3,0,2,0,575.914262997685,92.710437005735,520.3090939903632,173.26450599648524
35,0,0,6,3,0,3,688,1314.2094369977713,1161.860071006231,8145.48723900225,5448.464305009111
119,0,0,1,11,0,2,1,454.1129559947876,445.19520399626344,1956.9637519889511,441.16283299808856
12,0,0,4,0,0,1,14,251.0547589918133,369.286015004036,2581.003317012801,1228.8752159947762
53,0,0,6,4,0,3,39,1236.5410420025,2456.4108040067367,12458.115839006496,5119.508584000869
1,0,0,0,0,0,0,1901,104.68348799622618,148.01602100487798,283.57455899822526,147.10603200364858
54,0,0,5,5,0,3,39,644.7233779908856,1488.2304659986403,9024.510911985999,5687.741285000811
39,0,0,2,3,0,2,70,1182.7126360003604,1180.0064529961674,1117.1734409872442,886.4967249974143
8,0,0,3,1,0,2,633,755.1768660050584,398.3755749941338,652.4051269952906,308.96690000372473
6,0,0,1,1,0,2,0,120.51728599180933,171.877531989594,641.1950170004275,302.5514019973343
55,0,0,6,5,0,3,4,1218.083077998017,1197.633093004697,12170.812658005161,7330.829911006731
9,0,0,0,0,0,0,2,130.03748300252482,185.46763599442784,355.4010100051528,172.60751700086985
55,0,0,6,5,0,2,1,1350.1904489967274,828.7633010040736,23705.050839998876,12273.687153006904
12,0,0,2,2,0,2,2,505.77439299377147,381.35642000997905,365.49854501208756,157.80007898865733
12,0,0,4,2,0,3,12550,119.88661999930628,77.63021600840148,1784.8567579931114,883.6893760017119
42,0,0,2,4,0,2,1,642.4307319975924,601.1095790017862,2439.355466995039,1447.9719520022627
16,0,0,1,1,0,1,1,129.23183699604124,170.8918679942144,707.1647919947281,304.25381699751597
39,0,0,1,7,0,1,1,127.65840700012632,167.94801798823755,921.3560720090754,289.5728639996378
398,0,0,2,17,0,2,1,365.80500900163315,674.7024959913688,5557.693383001606,889.6412850008346
12,0,0,1,1,0,1,1,142.4892240029294,199.03203500143718,703.5617519868538,321.17648399434984
48,0,0,1,3,0,2,1,604.760432994226,568.0045699991751,1286.0070930037182,881.4626499952283
182,0,0,1,11,0,2,1,661.3880170043558,629.8431210016133,2092.7172289957525,375.1182720006909
5,0,0,1,0,0,1,0,129.1404160001548,181.21379900549073,657.8648829890881,335.8566829992924
54,0,0,5,5,0,3,1,1245.923711991054,1378.1384030007757,6786.055825999938,4912.687994001317
58,0,0,3,6,0,2,1,100.54368599958252,137.52916200610343,2703.4272700111615,655.4816440038849
11,0,0,1,1,0,1,1,126.2946689967066,174.81917000259273,680.858799998532,303.71478699089494
31,0,0,1,3,0,2,2,1096.2235350016272,1072.1127340075327,386.8926479917718,252.846650997526
49,0,0,4,4,0,3,0,1014.1710600000806,1153.7053170031868,4048.767439002404,1170.873210998252
7,0,0,1,1,0,1,11,438.29059100244194,386.2367539986735,351.432259005378,173.10886799532454
20,0,0,0,1,0,1,11,625.9860820136964,713.2008650078205,563.0364790122258,425.3056250017835
56,0,0,7,5,0,3,1,1184.480859010364,1734.4845670013456,20754.727619001642,12901.359244002379
19,0,0,2,3,0,2,37,573.8411079946673,928.9975659921765,2574.6140189876314,1883.6487859953195
10,0,0,2,0,0,1,3,119.06432200339623,166.53120900446083,1251.185015993542,574.1484199970728
20,0,0,3,3,0,2,0,141.0877369926311,188.77960099780466,2173.077278013807,606.8570019997424
11,0,0,2,0,0,1,2,121.8687310029054,171.11194699828047,1261.1780669976724,565.3787199989893
6,0,0,1,1,0,2,12550,72.11103900044691,43.88740099966526,494.3537520011887,400.04155700444244
20,0,0,5,2,0,3,1,658.0963329906808,592.3583859985229,2779.621727007907,1169.4076120038517
6,0,0,2,0,0,1,2666,110.06247100885957,150.30531099182554,1156.6987359983614,575.5727350042434
28,0,0,2,2,0,2,12550,177.09964199457318,60.58972899336368,1330.478996009333,742.267317007645
9,0,0,4,0,0,1,4295,178.6786049924558,253.3912090002559,2166.0249269916676,1096.1643070040736
5,0,0,1,0,0,1,1070,133.93064599949867,184.3012819881551,650.5166960123461,326.12622500164434
14,0,0,4,2,0,3,25,152.20204199431464,200.92912501422688,2675.0308070040774,1173.0910540063633
57,0,0,8,5,0,3,12550,345.95023599104024,106.04418200091459,39092.87514000607,24902.06632700574
10,0,0,4,0,0,1,2143,320.7756990013877,444.2056770058116,2163.7030559941195,888.8576540048234
11,0,0,3,0,0,1,1,291.8424069939647,424.09874699660577,867.4067700048909,548.0219430028228
11,0,0,2,1,0,1,4,396.95260900771245,240.40892600896768,2070.7438950048527,649.5519580057589
54,0,0,5,5,0,3,4,1240.3607189917238,1195.7084010064136,8984.808180000982,5329.727064003237
58,0,0,3,6,0,2,1,775.3504480060656,451.23920899641234,1746.5915780048817,645.4392729938263
21,0,0,6,2,0,3,1,673.0190170055721,624.1305610019481,5548.237974013318,2332.4411530047655
12,0,0,3,2,0,3,19,640.0040320004337,581.9505300023593,671.8504500022391,298.85967398877256
54,0,0,5,5,0,2,12550,334.5143670012476,105.74079300567973,11103.452266004751,6988.208313996438
8,0,0,0,1,0,1,3,70.41027399827726,93.43760499905329,183.66108900227118,89.17972499330062
3,0,0,0,0,0,0,34,122.70713500038255,170.26988399447873,315.97064199741,153.03003700682893
6,0,0,2,0,0,1,877,132.09958300285507,181.410685996525,456.0709639918059,172.89281300327275
11,0,0,3,0,0,1,31,286.9655749964295,420.8905100094853,1292.0247120055137,606.8254550045822
39,0,0,4,6,0,2,1,126.93738100642804,168.22182199393865,6434.648113994626,1285.8145039936062
134,0,0,3,5,0,2,1,1278.4449000027962,1202.416246989742,2721.2343199935276,1057.1647729957476
16,0,0,1,1,0,2,12550,112.20441700424999,43.52361700148322,679.7663960023783,548.5454719892005
108,0,0,3,10,0,2,1,276.25208999961615,380.43731699872296,5902.153321992955,1055.0592490035342
136,0,0,2,5,0,2,1,308.95327200414613,292.7254859969253,2502.3657150013605,862.6816499890992
57,0,0,8,5,0,3,2,1233.698757001548,2265.652101006708,22362.36246699991,13220.435972994892
13,0,0,1,0,0,1,1,123.32748000335414,174.32455299422145,586.2903140077833,292.91553600342013
12,0,0,1,2,0,1,1,510.29171800473705,555.8565410028677,357.31368500273675,154.82505099498667
3,0,0,0,0,0,0,230,124.59066099836491,172.6148539892165,314.31615600013174,152.71454700268805
8,0,0,3,1,0,3,12550,64.12493500101846,32.39229200698901,464.4458310067421,451.4207190077286
9,0,0,4,0,0,1,9914,138.1640680046985,277.1657629928086,2307.082175000687,1080.2252150024287
46,0,0,1,4,0,2,1,484.13585500384215,223.8612779910909,1070.978877003654,832.5952159939334
9,0,0,3,1,0,2,3085,315.1031180022983,398.1097500072792,981.4015879965154,556.9719370105304
34,0,0,1,3,0,2,0,697.1741279994603,181.6023720020894,1128.8534269988304,337.1908650005935
107,0,0,2,10,0,2,1,534.169992999523,519.4486130058067,3108.2882680057082,906.9772299990291
10,0,0,2,0,0,1,1,126.84669700684026,174.8209489887813,1296.462309997878,608.5148169950116
55,0,0,6,5,0,3,73,1357.6448620005976,2220.8630349923624,16172.267717993236,10651.788372997544
15,0,0,0,2,0,1,1,60.92962299589999,83.09053200355265,179.02930900163483,75.7560499914689
5,0,0,1,0,0,1,579,97.80595399206504,159.2016210051952,658.0558809946524,211.18763099366333
9,0,0,2,0,0,1,40,132.92339000327047,182.5529180059675,328.2165089913178,201.6287129954435
18,0,0,1,2,0,2,22,331.3877420005156,788.2265530060977,1018.9943029981805,768.7901169992983
55,0,0,6,5,0,3,1,744.0276449924568,1117.0850890048314,17247.594745989772,10735.996636998607
12,0,0,1,2,0,1,1,474.3633920006687,184.98611000541132,1065.419562990428,336.89282900013495
7,0,0,3,1,0,3,12550,77.10419000068214,62.22013299702667,508.4369630058063,302.05987399676815
53,0,0,6,4,0,3,0,1819.5718030037824,2018.9205150090856,13534.930220994283,3024.964051990537
7,0,0,2,1,0,2,8399,170.06042299908586,240.58724100177642,624.2495189944748,315.3655850037467
8,0,0,0,0,0,0,0,116.90187000203878,159.92908700718544,317.0471990015358,143.3933290099958
12,0,0,1,2,0,2,5,435.8072680042824,490.1303490041755,1180.2227190055419,384.02731899986975
7,0,0,2,1,0,2,633,487.9423519887496,383.4604389994638,334.92098399437964,159.91927799768746
4,0,0,0,0,0,0,491,128.68004299525637,180.9449440042954,332.9265250067692,169.15895299462136
5,0,0,0,1,0,1,1,128.18245199741796,180.31966999114957,331.0581859986996,163.5671530093532
2,0,0,1,0,0,1,12550,36.93545999703929,45.77257198980078,201.32183301029727,153.23691500816494
11,0,0,1,0,0,1,2,125.74901600601152,176.3008989946684,666.1052229901543,305.90941100672353
56,0,0,7,5,0,3,12550,334.0468870010227,105.44686400680803,26226.162114006,15730.970206001075
11,0,0,1,0,0,1,1,131.72884700179566,179.79058700439055,690.2005390002159,324.77790900156833
13,0,0,3,2,0,3,25,153.1588899961207,200.91815099294763,1361.1471460026223,601.2753059912939
18,0,0,3,2,0,2,1,132.3598440067144,170.13164900708944,1030.8564360020682,578.8699370023096
31,0,0,1,2,0,2,1,603.9812919916585,565.732482005842,1190.4389440023806,845.0799510028446
20,0,0,5,2,0,3,1,170.14021299837623,220.83396099333186,5504.030041003716,2344.4907999946736
7,0,0,2,0,0,1,685,131.91510499746073,183.98290999175515,1293.2252989994595,647.9436939989682
33,0,0,1,2,0,2,39,626.8915690016001,738.6089320061728,736.8238279887009,550.9124090021942
12,0,0,1,1,0,1,1,122.0882449997589,169.2271450010594,503.69379098992795,312.1213179983897
10,0,0,4,0,0,1,1474,285.29978399456013,423.00973599776626,2596.594475005986,844.7274370118976
11,0,0,1,1,0,1,1,522.9980790027184,370.41821201273706,337.4046449898742,144.03118399786763
109,0,0,6,4,0,3,3,683.2094040000811,641.7891620076261,23494.108404993312,9204.381087998627
19,0,0,4,2,0,2,1,452.87249999819323,189.92552300915122,1374.1926590009825,599.2839780083159
33,0,0,1,2,0,2,39,1236.5434610110242,1351.5557659993647,734.867374994792,543.6721699952614
12,0,0,3,1,0,2,90,198.91429800190963,272.54026700393297,2384.5180179923773,643.9819460065337
26,0,0,4,3,0,3,35,754.501898001763,739.7055190085666,3061.2180089956382,2321.5353439882165
21,0,0,3,3,0,2,18,971.6251720092259,1127.7712620067177,1380.1985070022056,555.7145470083924
20,0,0,3,3,0,2,12550,165.7297869969625,77.91775900113862,2538.7599839887116,1523.4885810059495
40,0,0,1,4,0,2,1,280.6867269973736,482.9756600083783,1215.2706290071364,780.1385479979217
47,0,0,6,4,0,3,0,1244.4249499967555,694.7000049985945,8121.592629002407,2161.92573599983
19,0,0,4,2,0,3,1,141.5735430055065,187.10167899553198,2499.42797399126,1174.2285729997093
55,0,0,6,5,0,3,122,2143.895301996963,3580.644764006138,14874.221183999907,11474.123059000704
51,0,0,1,4,0,2,1,447.83697099774145,434.6493610064499,1373.0539520038292,755.3531710000243
27,0,0,2,5,0,2,1,148.12946699385066,187.9386949876789,1205.0757520046318,548.5849499964388
1,0,0,0,0,0,0,606,117.25990800186992,162.69488399848342,298.43712599540595,151.00794500904158
16,0,0,3,1,0,1,1,122.35093899653293,171.40340400510468,2079.1605739941588,1011.3342510012444
5,0,0,1,1,0,2,408,128.8599690014962,179.17967001267243,327.18292500067037,164.56594699411653
34,0,0,1,3,0,2,0,351.6705859947251,92.5525639904663,681.6960139985895,335.64821499749087
19,0,0,2,3,0,2,33,593.4934149991022,958.3353199996054,2234.1701769910287,1837.6583109929925
20,0,0,1,1,0,1,1,133.81247299548704,172.5889250083128,738.2783770008245,309.2240980040515
50,0,0,5,4,0,3,0,1058.704987008241,1789.6396290016128,6613.270941990777,861.9099279894726
291,0,0,1,17,0,2,1,605.5775319982786,513.0328710074537,2489.6029630035628,455.5847400042694
10,0,0,1,0,0,1,2,128.9054280059645,176.03619500005152,493.6923859931994,312.8489079972496
9,0,0,1,0,0,1,0,121.39863800257444,171.47763099637814,647.0148150110617,305.57652399875224
5,0,0,1,0,0,1,97,119.11579000297934,166.10072400362696,601.4190220012097,285.85680898686405
5,0,0,1,0,0,1,97,62.738246997469105,137.17340599396266,602.8218490100699,285.401034008828
7,0,0,3,0,0,1,8399,177.49993500183336,254.83598800201435,904.7429040074348,320.2290160115808
53,0,0,4,5,0,3,0,1239.914496007259,1202.707846998237,4311.436567004421,2796.615942992503
2,0,0,1,0,0,1,12550,19.951897993450984,23.283727001398802,102.8323049977189,77.05324399285018
10,0,0,1,0,0,1,1,122.5806339934934,168.58750900428277,656.3428539957386,302.2718060092302
12,0,0,1,0,0,1,1,123.82938699738588,173.38887399819214,672.4416440119967,306.6755009931512
13,0,0,5,0,0,1,2125,363.5452339949552,553.1530290027149,4942.813514004229,1659.3399750126991
20,0,0,5,2,0,3,1,645.6409749953309,595.4276989941718,2784.5881410030415,1191.8371619976824
1,0,0,0,0,0,0,606,113.3159640012309,160.6104160018731,295.3184639918618,147.56023499649018
54,0,0,5,5,0,3,37,1005.5132109991973,1606.4199359971099,8836.932199003058,5461.166873996262
18,0,0,5,1,0,1,0,238.37304700282402,352.97336599614937,4914.752983007929,2355.1616909971926
53,0,0,4,5,0,3,3,1243.3770399948116,1202.251675989828,3432.7509209979326,1404.984812004841
13,0,0,1,0,0,1,1,65.72724699799437,88.10609301144723,340.82627900352236,154.5684180018725
2,0,0,0,0,0,0,2666,54.09199799760245,124.73252500058152,279.09272999386303,159.77399500843603
40,0,0,5,6,0,2,1,126.16867700126022,163.0054909910541,11980.018647009274,4362.736413997482
22,0,0,7,2,0,3,1,556.1691030015936,570.2055510046193,4941.712116007693,2375.5250569956843
52,0,0,3,5,0,2,1,1234.642427007202,964.800635993015,2558.9813249971485,1793.2376749959076
47,0,0,2,4,0,2,1,456.31265100382734,449.49238799745217,2874.5239870040677,1658.0510229978245
56,0,0,7,5,0,3,1,1215.326912002638,1880.044748992077,12286.916459008353,7574.039361003088
2,0,0,1,0,0,1,12550,37.593564004055224,44.9292859993875,200.49967199156526,153.92484499898273
12,0,0,1,1,0,1,1,133.46178500796668,183.4379829961108,459.3374640098773,184.38288400648162
55,0,0,6,5,0,3,18,2363.754551988677,3281.653620011639,8692.87666400487,5506.477991002612
6,0,0,1,0,0,1,326,248.76849199063145,366.60207599925343,324.91866301279515,162.23250998882577
34,0,0,1,5,0,1,1,129.0688169974601,171.44077700504567,866.7253479943611,301.641374011524
58,0,0,9,5,0,3,12550,357.4153369991109,105.4616899928078,60000.0,41060.775011006626
6,0,0,2,0,0,1,1121,130.10249700164422,180.5655839998508,1276.2912770122057,636.276233009994
14,0,0,6,0,0,1,2802,687.8422309964662,635.1397319958778,9786.889700000756,4674.629023007583
25,0,0,3,3,0,2,2,224.1358090104768,215.7859599974472,1179.3186580034671,829.1228589951061
43,0,0,3,4,0,3,2,576.3755040097749,1041.4224099949934,3469.777278995025,2254.4521849922603
86,0,0,1,14,0,2,1,134.96050599496812,170.45609198976308,1276.5420109935803,306.24117198749445
55,0,0,6,5,0,3,473,1723.9231690036831,2799.2301680060336,17049.753518003854,9665.98576499382
2,0,0,0,0,0,0,4475,105.45201899367385,143.1839300057618,282.57667300931644,170.25575500156265
8,0,0,1,0,0,1,1,130.95994500326924,187.27967400627676,645.5750860041007,308.5372960049426
14,0,0,2,2,0,2,1,120.85435100016184,167.79792599845678,1353.6240120010916,567.7113330020802
12,0,0,1,1,0,1,1,129.0252250037156,178.67456100066192,689.6073399984743,310.1849500089884
28,0,0,1,3,0,2,0,508.1639290001476,91.03281499119475,592.8665149986045,204.32276799692772
41,0,0,0,6,0,1,8,66.41662299807649,82.44175299478229,233.06330799823627,75.39329800056294
12,0,0,2,2,0,2,2,131.5481570054544,171.16862199327443,703.3707380032865,305.7734790054383
28,0,0,2,2,0,2,12550,177.38937599642668,59.935500990832224,1329.9903630104382,861.1535329982871
4,0,0,2,0,0,1,12550,47.22551400482189,60.780974992667325,469.566964005935,170.00893800286576
8,0,0,4,0,0,1,12550,34.98159999435302,46.517784998286515,1351.796524002566,787.6932889921591
33,0,0,4,3,0,3,0,1710.5204069957836,2194.444142995053,2055.804776988225,1463.3604580012616
3,0,0,0,0,0,0,1448,115.64316099975258,160.25318899482954,306.0722439986421,161.90432899747975
133,0,0,1,8,0,2,1,321.701942011714,297.31570099829696,852.4710400088225,231.34350900363643
12,0,0,4,0,0,1,20,249.34160099655855,362.8081209899392,2586.273747001542,1190.3998540074099
49,0,0,4,4,0,2,0,1244.64355300006,1773.070433002431,5582.757735988707,1528.741471003741
11,0,0,1,0,0,1,1,64.93127800058573,85.81223999499343,372.72514699725434,301.3354199938476
5,0,0,0,1,0,1,10,138.07215099222958,183.50540098617785,345.8446580043528,169.2777829885017
17,0,0,2,1,0,1,1,130.79449199722148,172.18239299836569,1409.2640970047796,598.1365460029338
1,0,0,0,0,0,0,9914,80.69235099537764,109.0692050056532,246.26919098955113,161.50770398962777
2,0,0,1,0,0,1,12550,37.93728300661314,45.898492011474445,199.16246899811085,152.29857500526123
43,0,0,3,4,0,2,1,1344.4504869985394,1284.101887998986,2446.554455993464,1435.0728700082982
31,0,0,2,3,0,2,1,576.5102920122445,540.7908839988522,2061.2967339984607,737.9977279924788
9,0,0,1,1,0,1,3,146.63983300852124,206.4983579912223,693.8300680048997,326.7499979992863
19,0,0,4,2,0,2,0,130.97976399876643,168.3150890021352,2799.9608179961797,925.9926880040439
8,0,0,1,0,0,1,12,63.59367599361576,82.58571499027312,602.7858699962962,288.7129199953051
6,0,0,1,1,0,2,4,516.2427420000313,364.91376400226727,555.9026359987911,93.96173999994062
11,0,0,2,1,0,3,12550,95.94682199531235,44.528166006784886,813.6203930043848,658.8780919992132
36,0,0,3,3,0,2,446,545.9399560058955,1106.6244050016394,4129.119168006582,3058.7209689983865
47,0,0,6,4,0,3,0,1369.1307150002103,928.1217680108966,8524.296566989506,1772.6844519929728
11,0,0,1,1,0,2,6,124.47663499915507,173.88923199905548,669.2416750011034,199.1568339872174
56,0,0,7,5,0,3,490,2474.8794969927985,4835.34496500215,19183.849838009337,12806.437453997205
9,0,0,1,1,0,1,3,78.40646299882792,104.25894299987704,472.6042449910892,331.17375599977095
8,0,0,2,0,0,1,19,270.97494999179617,399.90970100916456,651.9542230089428,303.7918429909041
54,0,0,5,5,0,2,1,1209.4501319952542,1140.3534870041767,6293.552856994211,2923.2168669987004
13,0,0,1,1,0,1,1,123.2911109982524,173.22748999868054,694.9188199942,305.598110993742
49,0,0,2,3,0,2,1,603.8362679973943,567.9861730022822,2626.7054100026144,1486.26206399058
11,0,0,5,0,0,1,8399,191.11293499008752,280.0742800027365,4898.093811003491,2289.6780439914437
11,0,0,1,1,0,1,2,61.27212599676568,84.44694700301625,630.3296090045478,290.01123999478295
17,0,0,4,1,0,1,1,123.0558800016297,168.34002299583517,4587.7841470064595,1461.9230249954853
13,0,0,2,1,0,1,1,418.0580420070328,189.1515809984412,2273.456376991817,667.5302499934332
11,0,0,2,0,0,1,3,121.89958100498188,170.76039299718104,825.2916780038504,570.0817199976882
54,0,0,5,5,0,3,5,1246.7660349939251,1153.3879729977343,8261.611847992754,5358.687371000997
32,0,0,2,3,0,2,1,449.8159939976176,438.3999809942907,2493.20125298982,1205.4102060064906
2,0,0,0,0,0,0,1320,117.59778500709217,121.9896569964476,155.22667900950182,157.0762160117738
7,0,0,0,0,0,0,2,130.99137900280766,105.55807899800129,176.21235200203955,120.08088099537417
10,0,0,2,0,0,1,1,127.2527480032295,123.27866000123322,891.4398350025294,306.5022160008084
56,0,0,7,5,0,2,1,1501.4625010080636,1430.2240920078475,46907.06709200458,25204.1173089965
7,0,0,2,0,0,1,859,162.88297799474094,231.10571700090077,1277.0511410053587,619.2334609950194
57,0,0,8,5,0,3,792,2598.392957006581,3877.461220996338,25916.738960993825,16458.269287002622
183,0,0,1,14,0,2,1,411.41734199482016,409.67990399803966,1241.2098670029081,281.36141900904477
26,0,0,4,3,0,3,13,437.2665249975398,417.307088006055,3560.3479929995956,2557.713526999578
4,0,0,1,0,0,1,0,130.9206479927525,182.2661200130824,624.2370270047104,306.0355900088325
11,0,0,2,0,0,1,1,239.79116400005296,348.4395859995857,548.5220059927087,250.38790400139987
11,0,0,1,1,0,1,3,242.27610499656294,350.9047779953107,334.8251159914071,148.27536800294183
54,0,0,5,5,0,3,1,1234.630744002061,2277.854683008627,6075.150150994887,3347.9554660007125
17,0,0,3,2,0,2,1,378.5353470011614,186.34765299793798,2324.0437250060495,686.4640480052913
12,0,0,4,0,0,1,9,289.7896859940374,427.9733740113443,2461.2470190040767,805.9694609983126
21,0,0,2,4,0,2,1,409.0749970055185,145.8184649964096,2004.0639050130267,674.965444006375
56,0,0,7,5,0,3,792,2328.2388399966294,4547.858210993581,12191.136081994046,8017.392616995494
2,0,0,0,0,0,0,78,64.60247799986973,85.15583499683999,236.14705199724995,154.28450600302313
3,0,0,0,0,0,0,29,135.8122630044818,183.23395900370087,335.5126249953173,88.5020879941294
54,0,0,5,5,0,2,1,1275.0802660011686,1038.4991910104873,6266.505948005943,3259.8009939974872
172,0,0,0,12,0,1,0,776.9837770028971,736.0209180042148,945.737519999966,266.95161299721804
95,0,0,3,15,0,2,1,130.8915440022247,162.6291209977353,5175.821476994315,1114.4918339996366
9,0,0,1,0,0,1,0,124.56835199554916,171.69546100194566,175.22589200234506,156.3945290108677
7,0,0,1,0,0,1,25,121.95903300016653,166.9543520110892,334.11030400020536,145.77022899175063
7,0,0,1,0,0,1,54,119.07571299525443,167.11478200159036,625.1612189953448,295.2803810039768
11,0,0,3,0,0,1,2,265.7882320054341,390.9260189975612,1139.5535569899948,306.6946609906154
141,0,0,7,5,0,2,1,771.5684279974084,961.1369519989239,38998.95555400872,13104.274160999921
7,0,0,1,0,0,1,49,132.90515300468542,189.56559599610046,644.7886940004537,306.7826269980287
9,0,0,1,1,0,2,15,69.6596260095248,94.07779401226435,645.7685909990687,332.13373899343424
17,0,0,1,2,0,2,83,329.4415510026738,705.1698889990803,1305.2300829876913,1049.4082310033264
6,0,0,2,0,0,1,4804,239.24548100330867,348.5619489947567,649.709568999242,327.3887989926152
53,0,0,4,5,0,2,1,965.0496399990516,597.1447249903576,1259.2383879964473,806.7689610033995
2,0,0,1,0,0,1,12550,35.764204993029125,44.24337900127284,292.202389013255,146.22067200252786
11,0,0,3,0,0,1,20,272.099341993453,401.3267940026708,1296.8744349927874,600.9308459906606
45,0,0,4,3,0,3,12550,254.15620299463626,74.21972500742413,3930.6600489944685,3123.8572529982775
8,0,0,1,0,0,1,3,126.01674899633508,176.907859990024,573.1277549930383,282.4248999968404
10,0,0,2,0,0,1,12,270.7031099998858,394.6948520024307,659.0939340094337,309.2202330008149
46,0,0,2,4,0,2,0,1244.428418998723,1581.9444560038392,1204.952141008107,965.8036309992895
3,0,0,1,0,0,1,4295,113.06028900435194,156.75039899360854,523.3040830062237,258.31381299940404
6,0,0,0,0,0,0,9,133.45026099705137,187.6213069917867,345.1430819986854,171.58836500311736
26,0,0,4,3,0,2,2,224.85066500667017,216.43655000661965,1134.724240997457,826.0021800087998
30,0,0,3,3,0,2,70,1707.8901320055593,2335.42585199757,1490.8527850056998,836.6409560112515
10,0,0,4,1,0,3,8399,529.5632640045369,496.8788690021029,1087.182914998266,602.8642729943385
15,0,0,4,2,0,2,196,74.69869499618653,98.84751899517141,5178.530657998635,1464.4276760081993
7,0,0,2,1,0,1,1479,557.5956379907439,753.2161749986699,642.0588299952215,311.92741500854027
10,0,0,1,0,0,1,3,123.2761599967489,170.89759500231594,661.5907699888339,308.3208099997137
53,0,0,4,5,0,2,4,1193.4853610000573,1201.4889499987476,3093.8589240104193,1843.7313129979884
41,0,0,7,4,0,3,12550,182.51133000012487,89.61155600263737,27980.376690989942,20432.409859000472
5,0,0,1,0,0,1,40,127.5857150030788,178.71914499846753,644.383271006518,322.00619200011715
5,0,0,0,0,0,0,32,124.7806860046694,170.32538299099542,321.4941339974757,154.98293700511567
55,0,0,6,5,0,3,39,1247.7164220035775,2811.9987419922836,12457.892910009832,8184.787938007503
1,0,0,0,0,0,0,2186,112.24542900163215,156.06325399130583,293.191917007789,151.33611900091637
16,0,0,1,1,0,1,1,131.52799400268123,174.3483140016906,714.2098250042181,310.1413050026167
12,0,0,2,0,0,1,1,124.70239200047217,173.56316599762067,1308.6865020013647,607.3350090009626
10,0,0,2,0,0,1,6,361.8794509966392,306.85567199543584,613.272500995663,308.6181899998337
9,0,0,2,0,0,1,4,82.7952100080438,167.2159050067421,1283.6466160078999,605.0002749980194
184,0,0,2,14,0,2,1,341.7510839935858,417.1244370081695,2087.663234997308,271.28182600426953
22,0,0,1,3,0,2,1,585.1903630100423,607.7438210049877,1124.9128810013644,356.863983994117
107,0,0,4,4,0,2,1,693.0400590063073,647.182585002156,6027.123813997605,3152.494862995809
51,0,0,4,4,0,3,0,1221.1536049871938,1235.6757090019528,4594.186126996647,982.5440699933097
37,0,0,2,3,0,2,2,757.7555640018545,367.15047400502954,2722.042329987744,1173.6672059923876
7,0,0,3,0,0,1,9122,185.67711699870415,276.36032000009436,1190.0874999992084,594.4784260063898
12,0,0,4,0,0,1,10,125.13060399214737,171.74996099493,4905.96679400187,2242.0039999997243
34,0,0,0,4,0,1,1,532.6552119950065,500.9130819962593,623.8158400083194,145.94962701085024
56,0,0,7,5,0,3,39,1170.8345759980148,2949.1129289963283,20508.15193601011,12237.411057009012
8,0,0,0,1,0,1,1,124.34272198879626,173.2642879942432,340.89582999877166,155.296646989882
32,0,0,3,3,0,2,3,860.5911390041001,919.3585309985792,1234.1375249961857,962.3848460032605
14,0,0,3,1,0,2,2,64.64771600440145,86.10986999701709,1919.465760991443,1100.8507939986885
54,0,0,5,5,0,3,1,1145.1900779939024,1777.2642449999694,6908.108016999904,2715.4147060064133
15,0,0,4,2,0,2,118,428.24329299037345,787.9059920087457,2199.4521469896426,1197.2643659973983
29,0,0,1,4,0,1,1,69.83707200561184,86.04671599459834,418.59103200840764,154.73449901037384
5,0,0,0,0,0,0,17,112.48874499869999,141.77295900299214,161.71442900667898,77.4888239975553
8,0,0,2,0,0,1,2,160.15871899435297,227.94196799804922,1312.5342610001098,656.1670649971347
53,0,0,4,3,0,2,1,490.21679400175344,609.8066670092521,11345.699083991349,6945.10517299932
16,0,0,3,2,0,3,1,141.53767499374226,165.57623699191026,1183.2200850039953,597.8785100014647
56,0,0,7,5,0,3,1,1230.66309200658,1200.6400459940778,16748.546063012327,9372.564029996283
39,0,0,2,3,0,2,70,1196.5639799891505,1697.4046370014548,1247.6017139997566,456.01374699617736
34,0,0,5,3,0,3,12550,231.71564500080422,74.94144600059371,4033.1261699902825,2625.5551159993047
11,0,0,1,1,0,1,1,247.7517220104346,369.15733400383033,348.23088900884613,153.9957909990335
12,0,0,4,0,0,1,10,124.36475000868086,171.81433401128743,4798.343128990382,2248.183211995638
5,0,0,0,0,0,0,0,117.32665899035055,165.66792999219615,310.93801399401855,147.8689600044163
3,0,0,0,0,0,0,267,60.54586099344306,81.64437999948859,157.76238999387715,77.05723099934403
19,0,0,1,2,0,1,1,425.9720090049086,415.8075969899073,1212.3944780032616,252.81551100488286
52,0,0,3,5,0,2,0,851.5542700042715,1731.0695679916535,3113.7914059945615,1841.3644769898383
4,0,0,0,0,0,0,119,62.261708997539245,82.5656050001271,299.89151199697517,149.38210799300577
12,0,0,1,1,0,1,4,132.55380200280342,172.69313700671773,698.7247110082535,310.75573700945824
1,0,0,0,0,0,0,8399,79.3169440003112,108.26639299921226,244.38253899279516,159.2114740051329
12,0,0,2,1,0,1,1,496.91129800339695,372.26060401008,684.8108749982202,305.56532500486355
12,0,0,1,2,0,1,1,133.68131600145716,170.71986600058153,700.6252620049054,303.96169700543396
10,0,0,1,1,0,2,1,122.5322810059879,170.0495279947063,626.3979750074213,157.0659919962054
12,0,0,1,1,0,1,2,130.05081498704385,178.9497329882579,688.1311979959719,307.78932399698533
9,0,0,1,1,0,1,8,128.10648999584373,309.55637599981856,334.804787999019,151.75838899449445
13,0,0,1,2,0,2,233,546.0301030107075,986.9220959953964,1246.1109249998117,995.3334880119655
13,0,0,3,2,0,2,4,403.78760600287933,209.3207430007169,411.1453880032059,300.01403999631293
13,0,0,1,1,0,1,1,125.5461349937832,172.1306999970693,691.1375019990373,309.511900995858
14,0,0,2,1,0,1,3,80.58469899697229,88.76534800219815,1199.9954780039843,612.6817570038838
23,0,0,1,3,0,2,1,550.2084119943902,874.5343769987812,1170.0679740024498,848.4362029994372
7,0,0,3,0,0,1,4295,335.3816110029584,508.76158599567134,1193.0568019888597,596.8722700054059
1,0,0,0,0,0,0,8533,101.67478299990762,137.72686599986628,276.123567004106,154.15381599450484
66,0,0,3,3,0,2,10,1062.8463739994913,1148.5143350000726,2111.54185399937,1096.5819569973974
37,0,0,2,3,0,2,2,673.8010120025137,626.9169750012225,2165.347438000026,1403.3112329925643
14,0,0,0,2,0,1,1,124.72056900151074,161.43779300909955,358.1385020079324,144.53388699621428
7,0,0,2,1,0,3,9230,74.75326700659934,86.84056600031909,835.3004130040063,453.6796150059672
11,0,0,3,2,0,3,9230,88.1376509933034,99.23955600243062,1782.9531649913406,571.7703600093955
36,0,0,3,3,0,3,0,1590.3752960002748,1940.0797779962886,2653.956783004105,1875.5470409960253
139,0,0,2,10,0,2,1,500.4214699874865,481.0306709987344,3954.4251350016566,1233.0959490063833
9,0,0,2,0,0,1,2,121.68320799537469,167.13171498849988,1017.0054280024488,567.718796999543
9,0,0,4,0,0,1,0,243.2875059894286,359.7773689980386,2434.4275680050487,823.6465079971822
14,0,0,1,1,0,1,1,135.63092300319113,189.24618301389273,702.3521500086645,314.98565699439496
107,0,0,2,10,0,2,1,536.5722639980959,510.99183900805656,3202.0351630053483,904.6211740060244
14,0,0,4,2,0,2,4,413.19729799579363,226.96230100700632,690.7517880026717,305.4978619911708
56,0,0,7,5,0,3,1,1055.7486579928081,655.1184749987442,32913.467321995995,20603.890775993932
12,0,0,1,1,0,1,1,121.43384400405921,172.4353110039374,686.0065939981723,310.3169120004168
132,0,0,1,5,0,2,1,608.3353709982475,575.3576159913791,1386.8735919968458,363.5211420041742
12,0,0,2,2,0,2,2,138.97959901078139,171.24530099681579,535.09438400215,181.62271101027727
12,0,0,4,2,0,3,792,927.9813660104992,956.6747200005921,1791.0351379978238,1140.5149170022923
3,0,0,1,0,0,1,8533,194.35949399485253,277.00601499236654,301.520523004001,157.71912300260738
15,0,0,1,2,0,2,3,584.2684700037353,550.6366070039803,1027.4534319905797,770.007163999253
7,0,0,3,0,0,1,8399,175.381245004246,128.75274299585726,1006.7696420010179,635.7373560022097
26,0,0,4,3,0,3,334,311.0384439933114,963.1884109985549,3120.9558640111936,2555.7897130056517
12,0,0,3,2,0,3,19,645.6435259897262,591.3100330071757,681.9514340022579,304.2717460048152
139,0,0,5,5,0,2,1,1291.5063919936074,1084.2153120029252,8940.054189995863,2292.0048969972413
9,0,0,3,1,0,2,3085,162.98720698978286,315.2754650072893,1222.8500799974427,562.9534990002867
7,0,0,1,0,0,1,0,63.82121500791982,85.75021800061222,317.8916149918223,235.73724899324588
54,0,0,5,5,0,3,39,1241.0779030033154,2914.7941439878196,8729.605854008696,5395.558573000017
7,0,0,1,0,0,1,4,226.37516200484242,222.98795598908328,167.82572800002526,146.93788699514698
12,0,0,2,0,0,1,1,126.98429900046904,174.05808401235845,1323.3072360017104,610.7739589933772
150,0,0,1,8,0,2,1,682.8878420055844,607.865796002443,1465.7326270098565,462.01602699875366
366,0,0,2,71,0,2,1,134.63558600051329,171.69303000264335,6322.296592989005,317.43294300395064
1,0,0,0,0,0,0,9230,53.33179701119661,68.62798100337386,200.24874700175133,152.21527000539936
134,0,0,2,8,0,2,1,612.7095929987263,581.192158992053,3352.1020250045694,903.6804469942581
12,0,0,0,1,0,1,0,124.4420699949842,173.00818400690332,353.6952219874365,159.50409400102217
1,0,0,0,0,0,0,865,114.74219500087202,157.09124800923746,291.95854799763765,147.3100449948106
11,0,0,1,1,0,1,18,120.2214999939315,163.8303239888046,661.5200079977512,291.36324899445754
26,0,0,4,3,0,3,35,385.8361699967645,541.3503960007802,3195.1549319928745,2304.1921669937437
18,0,0,4,2,0,2,1,378.1706539884908,186.06464499316644,2713.243693986442,730.055039995932
56,0,0,7,5,0,3,35,2375.582865002798,3421.367758011911,15341.694949995144,10813.168931999826
53,0,0,6,4,0,3,39,1239.1431769938208,2434.487195991096,13416.11269400164,5584.777495008893
12,0,0,2,0,0,1,1,136.9260130013572,192.6486250013113,1312.8699749941006,615.6151389877778
2,0,0,0,0,0,0,1290,115.74176899739541,158.92930299742147,299.1836049914127,157.42488999967463
9,0,0,1,0,0,1,3,123.34206799278036,175.31090299598873,600.5237580102403,309.7281880036462
95,0,0,3,15,0,2,1,131.35163599508815,122.10166399017908,1606.5399890067056,572.058157005813
52,0,0,3,5,0,2,0,1267.639201003476,880.4660239984514,1143.1073940038914,773.0267279985128
22,0,0,3,4,0,2,1,392.5077209860319,187.22256299224682,4177.440426996327,1339.3672980018891
21,0,0,6,2,0,3,8,130.46622098772787,172.93790899566375,5560.122629001853,2364.207724996959
19,0,0,4,2,0,2,3,133.68215899390634,170.50793798989616,2809.121332000359,1179.2310150049161
30,0,0,2,1,0,2,3,66.26990299264435,88.8374899950577,994.1612890106626,619.476299994858
21,0,0,6,2,0,3,1,651.239042999805,587.7304159948835,5232.329731996288,1832.0878259983147
15,0,0,2,1,0,1,1,311.5862959966762,94.7430170053849,2250.2536270039855,657.5582980003674
10,0,0,2,0,0,1,1,128.2749610109022,177.26296999899205,1257.8041450033197,576.7803610069677
16,0,0,3,2,0,1,5,631.9590039929608,483.69430100137834,960.2655719936593,576.049270996009
49,0,0,4,4,0,3,0,1177.4008860083995,904.2918269988149,2820.2955159940757,818.2621790037956
14,0,0,5,2,0,3,8399,546.3323230069363,515.335778996814,2561.2880479893647,1102.37661600695
10,0,0,1,0,0,1,1,133.20550000935327,181.91575299715623,667.9739609971875,314.6420059929369
15,0,0,7,0,0,1,9914,464.4218159955926,689.8092619958334,19447.39797800139,8052.190513000824
6,0,0,1,0,0,1,0,239.97141899599228,349.2157610016875,324.2561380029656,158.36836799280718
51,0,0,4,4,0,3,0,1239.4501980015775,1241.5613399934955,3941.072728994186,1129.1897039918695
52,0,0,1,9,0,1,1,259.9419210018823,247.35486699501052,1465.8030860009603,455.5342640087474
6,0,0,0,1,0,1,0,139.87007000832818,183.38323901116382,346.78427199833095,171.22023699630518
10,0,0,2,2,0,3,490,771.0337880125735,862.1484200120904,914.3462450010702,612.6190860086353
7,0,0,2,0,0,1,0,129.59932000376284,182.40001100639347,1325.7983479998074,651.3924110040534
32,0,0,2,3,0,2,1,294.9829690041952,720.5316219915403,2364.2501680005807,1584.4072780018905
13,0,0,4,2,0,3,116,671.9306019949727,635.3573509986745,1300.7484349946026,510.24157099891454
11,0,0,3,0,0,1,3,249.25094901118428,368.85642299603205,1288.590744996327,445.5853770050453
30,0,0,2,4,0,2,5,717.6611620088806,846.8497760040918,1235.3377170074964,469.0437280078186
21,0,0,3,3,0,2,0,119.77384299098048,164.14980799891055,2281.1373250006,844.951448001666
14,0,0,2,1,0,1,1,124.54766299924813,172.7531979995547,1374.8869799892418,610.4427300015232
15,0,0,2,1,0,1,1,371.59712899301667,181.99293498764746,2282.79936099716,662.0381529937731
20,0,0,1,0,0,1,1,121.92478698852938,171.88023500784766,718.3853699971223,309.0200279984856
7,0,0,2,1,0,2,9230,80.7819740002742,98.92682298959699,1136.2960040132748,597.9007419955451
37,0,0,2,5,0,2,1,128.6440840049181,174.03050599386916,947.5769970013062,300.8286799886264
13,0,0,2,0,0,1,1,125.36538900167216,174.94684099801816,1313.4475179977017,606.1329639924224
14,0,0,0,2,0,1,2,176.25377399963327,173.1221010122681,361.98839099961333,340.1307330059353
25,0,0,3,3,0,3,13,427.6097060064785,425.69044600531925,3657.106208993355,2525.9305509971455
53,0,0,4,5,0,3,1,1168.8394880038686,2274.3885749951005,3068.075258008321,1874.4077750016004
36,0,0,3,4,0,2,0,620.4224599932786,362.73903198889457,2857.7446799899917,671.4111720066285
5,0,0,1,0,0,1,489,177.3232609994011,278.06106601201463,172.53091000020504,88.2191970013082
6,0,0,3,1,0,3,12550,79.61780799087137,43.39235500083305,856.7258660041261,684.8596380004892
35,0,0,2,5,0,1,1,492.3802870034706,565.147531000548,793.1760869978461,153.95835301023908
57,0,0,8,5,0,3,39,1232.4801729992032,2805.774303007638,28870.811296990723,19460.41870499903
11,0,0,2,0,0,1,2,98.96882899920456,168.35971501132008,1269.5683970086975,569.985406997148
11,0,0,3,1,0,2,604,199.0990390040679,269.24696000060067,2526.4936090097763,1228.374401005567
1,0,0,0,0,0,0,9230,53.76365000847727,68.61258400022052,200.3860089898808,152.3125829990022
9,0,0,1,1,0,1,1,248.52375300542917,304.3276960088406,239.3790679925587,159.41776100953575
185,0,0,3,14,0,2,1,415.5047789972741,415.8386640046956,4217.977522988804,840.8344969939208
55,0,0,6,5,0,3,2,1830.1097869989462,2143.742372005363,15437.660181007232,8806.889949002652
21,0,0,6,2,0,3,1,472.7522989996942,590.0418109958991,5432.039324005018,2212.4603840056807
9,0,0,0,2,0,1,1,125.4224550066283,123.81387899222318,182.4474460008787,80.62817501195241
45,0,0,4,4,0,2,0,1140.9652050060686,665.077380996081,1818.3919089933624,703.7451739888638
7,0,0,2,0,0,1,1448,120.09759899228811,167.78105300909374,1239.2605560016818,593.9024859981146
55,0,0,6,5,0,3,12550,334.4203029992059,106.07953699945938,17403.76613099943,11271.345032990212
108,0,0,5,4,0,3,36,355.9253690036712,1601.8181339895818,10075.716141989687,5406.011020997539
2,0,0,0,0,0,0,1556,59.9946930014994,79.22153199615423,268.72586700483225,157.9836150049232
7,0,0,1,1,0,2,1626,83.76063700416125,115.1667040103348,472.8249910112936,248.16662700322922
2,0,0,1,0,0,1,12550,35.60286600259133,44.143298000562936,246.03303700860124,160.80440899531823
42,0,0,1,6,0,1,1,128.77161099459045,175.9630270098569,930.0082469999325,311.98473399854265
14,0,0,4,2,0,3,50,153.35905300162267,203.70167300279718,2618.4999569959473,1196.9888170133345
9,0,0,1,0,0,1,1,133.70234800095204,188.67944899830036,656.5767830034019,311.36230200354476
5,0,0,1,0,0,1,433,121.50353599281516,168.012361988076,631.0318430041661,311.61220400827006
16,0,0,1,1,0,2,12550,113.16722400079016,43.32846699981019,687.1445669967216,565.0881549954647
5,0,0,2,0,0,1,9122,135.66887499473523,97.85091399680823,286.6153299983125,147.8141860134201
11,0,0,2,1,0,3,12550,95.37877999537159,43.80550498899538,1149.5921739988262,875.6326010043267
50,0,0,5,4,0,3,0,1015.5680919997394,1779.6360869979253,8847.827625999344,1642.1021290007047
39,0,0,1,7,0,1,1,435.0027110049268,430.4475499957334,1443.7108910060488,452.1829190052813
25,0,0,3,3,0,3,295,417.64214700378943,988.1061060004868,3450.287927989848,2585.830135998549
1,0,0,0,0,0,0,8533,99.66277299099602,135.79834300617222,310.7054450083524,141.1177459958708
42,0,0,2,4,0,2,1,639.512765003019,601.6695759899449,2342.258895994746,1483.7203890056117
57,0,0,1,3,0,2,1,754.0544509975007,706.5693030017428,544.1396130045177,301.1044270097045
54,0,0,5,5,0,2,1,955.0965189991985,1550.0528700067662,11898.959023994394,6051.933878989075
55,0,0,6,5,0,2,1,1165.6105169968214,1282.7086369943572,23912.650773010682,13370.202065008925
137,0,0,3,5,0,2,1,604.0654109965544,483.98865401395597,4559.895651997067,830.6457489961758
5,0,0,1,0,0,1,1448,225.98021000158042,327.38285000959877,310.6141030002618,152.14338499936275
7,0,0,3,1,0,3,12550,78.28862700262107,62.65617400640622,513.8731119950535,302.17529500077944
9,0,0,1,2,0,2,18,378.6753940075869,367.79921100242063,910.2706190024037,447.403067999403
5,0,0,0,0,0,0,27,125.19389599037822,177.33960101031698,329.1638289956609,159.5919930114178
12,0,0,4,0,0,1,44,284.77307900902815,339.12674100429285,2457.293776998995,1200.5426269897725
19,0,0,4,2,0,3,1,138.2760669948766,183.9137130009476,2785.156380996341,1190.035423001973
7,0,0,1,0,0,1,41,124.40189700282644,175.58655800530687,719.7183950047474,293.6053989978973
9,0,0,1,0,0,1,2,252.1299890067894,377.29001000116114,339.22493499994744,166.39696700440254
38,0,0,3,4,0,2,0,63.87044899747707,84.36856100161094,2278.3082730020396,1129.259977999027
7,0,0,2,0,0,1,0,243.80207200010773,360.78761699900497,403.1978699931642,160.44802700344007
12,0,0,4,0,0,1,179,168.89037600776646,239.59361400920898,5095.499381000991,2070.6445850082673
13,0,0,5,0,0,1,2058,263.6093110049842,386.53394499851856,5101.374470992596,2405.759296991164
11,0,0,3,0,0,1,2,361.8570139951771,432.78667199774645,1199.147790990537,517.2251909971237
32,0,0,2,3,0,3,2,1043.065921010566,1105.2419810002903,1240.778400999261,761.844143999042
10,0,0,2,0,0,1,1,272.86625299893785,401.7708000028506,479.5872709946707,202.3933960008435
20,0,0,2,2,0,2,4,561.2010869954247,509.26088099367917,2392.6664710015757,605.6792669987772
108,0,0,5,4,0,3,36,683.3721040020464,2195.419440002297,10953.841096998076,4987.62963101035
29,0,0,1,3,0,2,7,533.9740769995842,857.3704159935005,1196.1110849952092,866.2718000123277
44,0,0,3,4,0,3,0,1256.398942990927,700.1209619920701,1323.973432998173,369.8041210009251
47,0,0,1,3,0,2,1,669.9862950044917,636.8981109990273,422.25659800169524,201.50338800158352
7,0,0,2,0,0,1,497,256.0812140000053,383.46174100297503,638.9749049994862,296.8887940078275
10,0,0,2,2,0,3,122,328.0350150016602,583.6160960025154,1394.2281669878867,619.615760006127
12,0,0,2,0,0,1,1,134.89349499286618,189.19484999787528,1311.5697980101686,606.9417020044057
1,0,0,0,0,0,0,1901,108.63287901156582,147.41518899973016,287.6905750017613,146.63410899811424
12,0,0,4,0,0,1,70,122.13512099697255,170.53187500278,4787.15312400891,2205.0591389997862
66,0,0,3,3,0,3,72,2212.927287007915,2532.161417999305,1339.2820619919803,829.0979340090416
8,0,0,3,0,0,1,1474,170.84667200106196,203.93183101259638,904.7492389945546,514.2519299988635
55,0,0,6,5,0,3,39,633.0937599996105,2134.4958920089994,13084.267950005597,8005.850718996953
10,0,0,3,0,0,1,14,249.7349449986359,364.95439099962823,1297.274288997869,474.25806100363843
12,0,0,2,1,0,1,1,129.28167601057794,175.0585199915804,1354.6356670121895,607.3413489939412
8,0,0,3,0,0,1,2666,109.10205899563152,153.76819600351155,2298.5296999977436,1122.1201110020047
32,0,0,3,3,0,2,473,1269.1129379963968,1688.8888710091123,2505.016697003157,1970.6540219922317
10,0,0,1,0,0,1,1,123.90157199115492,171.21585899440106,651.7643669940298,222.41832000145223
3,0,0,0,1,0,1,1445,268.4107090026373,328.46706999407616,427.76634299661964,356.23428400140256
57,0,0,8,5,0,3,12550,346.89794400765095,108.52285199507605,36018.116785999155,23064.81872400036
9,0,0,1,0,0,1,3,65.21576699742582,86.52719898964278,328.3304749929812,152.56460499949753
113,0,0,2,8,0,2,1,688.4254229953513,571.6123190068174,1779.2112549941521,1017.5948120013345
14,0,0,4,2,0,2,3,508.3200270019006,379.37997600238305,698.1140080024488,301.3209759956226
12,0,0,2,1,0,1,1,248.0902480019722,240.83414999768138,336.4843529998325,261.1145490081981
8,0,0,1,0,0,1,2,131.43040100112557,185.97350000345614,688.3501710108249,327.64957399922423
10,0,0,2,0,0,1,1,66.42846000613645,88.549089996377,1148.7487949925708,607.3626059951494
1,0,0,0,0,0,0,1901,107.79078099585604,147.7445899945451,284.86526900087483,146.9095969951013
39,0,0,5,4,0,3,2,615.9724480094155,1625.9410939965164,6988.12119300419,4916.148978998535
47,0,0,3,4,0,2,0,1206.9288909988245,1737.084042004426,2973.7799919967074,1949.0230139927007
5,0,0,1,1,0,2,8399,98.5247570060892,134.94853900920134,564.8448849970009,318.8269630045397
107,0,0,1,18,0,2,1,72.23266099754255,86.98859700234607,745.7205470127519,154.19260000635404
15,0,0,1,1,0,1,1,131.8161870003678,173.67023600672837,711.9529849878745,306.8363640049938
11,0,0,1,1,0,1,4,502.37273299717344,372.92484600038733,179.18064299738035,81.31176000460982
16,0,0,3,1,0,1,1,126.00322501384653,175.7831690047169,2685.615266993409,1122.146904002875
5,0,0,1,0,0,1,472,131.85202798922546,198.62562700291164,341.5870780008845,173.75423898920417
108,0,0,3,10,0,2,1,538.2840389938792,486.2743339908775,5143.755246012006,2091.225255993777
45,0,0,4,4,0,3,0,1263.166953009204,1765.8302140043816,2310.7695689977845,940.17103301303
20,0,0,2,2,0,2,4,220.7404400105588,265.8619499998167,1746.7916379973758,734.9391959869536
16,0,0,5,2,0,3,1401,167.95418001129292,223.85973000200465,3805.868269992061,1704.7992080042604
8,0,0,2,0,0,1,131,143.90160699258558,198.52434399945196,1310.65500099794,649.334210989764
19,0,0,4,2,0,2,1,509.6326969942311,377.59612400259357,1446.4621640072437,599.7496740019415
32,0,0,2,3,0,2,85,1013.3174280053936,1774.908409002819,1142.8049279929837,785.6503339862684
58,0,0,2,3,0,2,1,641.3862079934916,354.86288300307933,963.4165769966785,586.7851579969283
14,0,0,2,2,0,2,1,134.51624500157777,174.3645040114643,716.6779019898968,302.8996250068303
8,0,0,1,0,0,1,1,123.63683700095862,175.5468560004374,653.539990002173,305.54691299039405
54,0,0,5,5,0,2,12550,336.25440900505055,106.69579099339899,11177.44660199969,7613.1821340095485
11,0,0,2,0,0,1,2,122.76150699472055,175.08351200376637,774.1351080039749,303.137738010264
16,0,0,1,2,0,1,1,121.59184299525805,167.46786099974997,706.8355989904376,292.3167749977438
7,0,0,1,0,0,1,31,63.949791991035454,86.47403398936149,313.6188029893674,187.58450500899926
14,0,0,6,0,0,1,3131,244.52399600704666,360.9940070018638,10007.962722011143,3986.4206459897105
14,0,0,4,2,0,3,50,81.3878909975756,101.33177200623322,2304.9720830022125,826.4827300008619
49,0,0,2,3,0,2,27,1316.0313240077812,1274.049355997704,1316.7960059945472,718.6901319946628
13,0,0,2,1,0,1,1,126.31408200832084,175.47183200076688,1308.9435779984342,573.1341210048413
12,0,0,2,0,0,1,4,126.00650500098709,175.81534800410736,1313.5606219875626,598.9954919932643
7,0,0,1,0,0,1,6,127.3266830103239,179.02272898936644,637.3000009916723,304.2138220043853
49,0,0,5,4,0,3,39,1231.2861219979823,2405.3686230035964,6765.644507002435,3175.3369299985934
11,0,0,1,0,0,1,3,122.64622398652136,173.73346201202367,673.5474190063542,311.80399999720976
20,0,0,5,2,0,2,3,509.6258559933631,374.11689999862574,2807.955326003139,1182.780499002547
20,0,0,5,2,0,3,1,644.9833859951468,591.8231909890892,2625.382742000511,1188.3129380003083
39,0,0,5,4,0,3,12550,237.29213800106663,90.20125299866777,7672.564163993229,5656.249352003215
13,0,0,5,0,0,1,264,280.48697199847084,415.8798680000473,4975.148022000212,2381.464682999649
94,0,0,2,7,0,2,1,623.034802993061,591.9641320069786,3185.047434992157,1385.8463639917318
52,0,0,3,5,0,2,1,1190.35448798968,957.1142760105431,1759.869607994915,1378.5068609868176
15,0,0,1,2,0,1,1,127.22750999091659,181.12148198997602,742.0181240013335,346.60418299608864
7,0,0,3,0,0,1,8399,175.37895700661466,251.84619199717417,1300.166650005849,708.3713239990175
2,0,0,0,0,0,0,4475,110.59625299822073,193.06576499366201,321.5093250037171,172.43319800763857
57,0,0,8,5,0,3,2,1059.2399439919973,2101.9678650045535,26106.22246400453,14436.00858199352
55,0,0,6,5,0,3,78,1073.500033991877,2650.8683179999935,17854.304464999586,11700.48205400235
32,0,0,3,3,0,2,1,585.179796005832,310.1863210031297,4584.780168006546,1599.1270910017192
9,0,0,4,0,0,1,0,245.19745699944906,389.41670198983047,2431.028286999208,1141.6037919989321
14,0,0,4,2,0,3,321,188.06942499941215,202.48186799290124,2652.325511997333,1211.2822980125202
26,0,0,4,3,0,3,14,452.972682993277,440.1252819952788,1863.3582220063545,1277.8972829983104
1,0,0,0,0,0,0,9230,53.91823299578391,69.54456600942649,202.0805279898923,155.19838000182062
15,0,0,5,2,0,2,8,514.1237540083239,411.5169419965241,1394.395950002945,584.4683689938392
67,0,0,4,3,0,3,126,2046.3179039943498,2886.6912630037405,3047.0029119896935,1640.4287249897607
10,0,0,1,0,0,1,0,124.54095500288531,224.88683699339163,572.8268039965769,254.68708098924253
31,0,0,4,3,0,2,12550,221.50584099290427,91.76485800708178,4358.837517997017,2234.1104759980226
27,0,0,1,2,0,2,233,1284.7699760022806,1337.5948019966017,700.8874799939804,339.76806700229645
133,0,0,2,5,0,2,0,608.859918997041,598.3046390028903,2736.0696040123003,1071.584304998396
8,0,0,1,0,0,1,125,123.32143100502435,177.28772498958278,656.1230039951624,318.8489500025753
38,0,0,4,4,0,2,12550,255.2434980025282,91.35951999633107,5525.472465000348,3942.7025619952474
6,0,0,3,0,0,1,12550,59.36539400136098,78.41944201209117,1113.294238995877,601.3034210045589
12,0,0,2,0,0,1,4,128.8327040092554,180.03557200427167,1318.0466570047429,605.9927970054559
14,0,0,6,0,0,1,371,258.0899210006464,370.90095100575127,10173.605664997012,4769.425713006058
12,0,0,2,1,0,1,1,253.8991619949229,377.1755650086561,672.2855249972781,293.2371740025701
52,0,0,3,5,0,2,3,1836.7686179990415,2108.7210569967283,3039.6153049950954,1815.406116991653
26,0,0,1,5,0,1,1,149.05520000320394,189.12053399253637,686.6100760089466,201.93822198780254
8,0,0,2,0,0,1,337,132.304660990485,183.65278700366616,326.8785120017128,156.0640559910098
33,0,0,3,3,0,3,1,455.67201598896645,444.1056399955414,3087.959704003879,2324.0314569993643
53,0,0,4,5,0,2,1,1227.99161200237,906.897631008178,4302.529335007421,3559.8815039993497
7,0,0,2,1,0,3,12550,40.08916800376028,23.278389999177307,448.50591498834547,356.2954270018963
20,0,0,3,3,0,3,233,563.684294000268,987.6133869984187,3633.906325994758,2836.5559939993545
10,0,0,1,0,0,1,2,64.086951999343,86.3000160024967,593.2895260048099,293.1609119987115
11,0,0,1,0,0,1,1,124.78159500460606,174.64672699861694,672.3871790018165,313.1244389951462
33,0,0,3,3,0,2,12550,204.57268100290094,75.11934099602513,2192.3244210047415,1584.9390140065225
39,0,0,4,6,0,2,1,521.581758002867,376.2413140066201,3447.106003994122,1114.8107439948944
11,0,0,4,0,0,1,39,128.94547599717043,180.78372199670412,5187.478767998982,2495.046508993255
44,0,0,3,3,0,2,12550,260.8877579914406,76.72161200025585,2219.0644289948978,2108.891053998377
57,0,0,8,5,0,3,1,1255.5856970138848,1742.9529349901713,21689.817599006346,12983.450454994454
13,0,0,1,1,0,1,2,65.37828399450518,83.76377199601848,345.0589610001771,147.87293899280485
14,0,0,6,0,0,1,80,251.31352899188641,366.045270988252,8855.061270005535,3447.2450260072947
57,0,0,8,5,0,3,1879,1995.0407130090753,3508.1343069905415,50608.857200990315,32223.331278000842
24,0,0,2,3,0,2,22,431.8752530089114,691.2768189940834,2410.0429359968984,1421.6702970006736
13,0,0,2,0,0,1,2,122.05892000929452,171.23229100252502,1285.1897859945893,437.6622879935894
54,0,0,1,3,0,2,1,224.63230299763381,339.83735099900514,1398.470300991903,974.2518510029186
21,0,0,2,1,0,1,1,98.19065399642568,165.25729300337844,1407.972396002151,302.5812479900196
3,0,0,1,0,0,1,9230,34.88203001325019,44.86027400707826,253.84769700758625,151.29156700277235
38,0,0,4,4,0,3,122,1627.9537289956352,2062.3831630073255,4152.068331997725,2317.728674999671
53,0,0,4,5,0,2,3,1687.0383439963916,2166.3982449972536,5733.306640002411,3634.3059569917386
11,0,0,3,0,0,1,12,363.37635401287116,547.7464839932509,1283.7613739975495,592.9176920035388
55,0,0,6,5,0,3,1,1264.5167970040347,1216.803806993994,16310.434587008785,10790.303700006916
43,0,0,2,3,0,2,4,1255.909569998039,1209.9346500035608,1519.8769359994913,934.6620680007618
43,0,0,3,4,0,3,2,327.8036060073646,524.2558449972421,1750.9067979990505,1558.5012719966471
9,0,0,3,0,0,1,227,255.70992099528667,381.44833900150843,1274.7707679955056,601.4007170015248
55,0,0,6,5,0,2,0,787.7068929956295,1039.5302370015997,10975.350765002077,7074.573895995854
9,0,0,1,1,0,1,1,238.14041800505947,101.54227699968033,524.2005949985469,351.2252049986273
33,0,0,1,2,0,2,1,645.1933140051551,615.3495739999926,1141.036836997955,522.5594859948615
5,0,0,1,1,0,1,12,494.21572900610045,644.3748980091186,316.1739079951076,148.90032199036796
8,0,0,3,1,0,2,12550,88.98986299755052,78.07623599364888,1035.0604340055725,599.8755670007085
51,0,0,6,4,0,3,0,1211.8348969961517,1781.7730139940977,11064.06336800137,2946.6087899927516
9,0,0,1,1,0,1,3,147.39474499947391,202.88394000090193,687.7680220059119,322.26859900401905
3,0,0,0,0,0,0,521,118.04631400445942,160.19727499224246,306.49829100002535,151.09765600936953
27,0,0,5,3,0,3,178,1266.9689749891404,1608.0845319957007,3209.414276003372,2304.9631390022114
22,0,0,7,2,0,3,1,649.599156997283,588.9558279886842,10722.672642004909,4708.223598005134
2,0,0,1,0,0,1,12550,36.45653699641116,44.279380002990365,305.66738301422447,149.7594120010035
9,0,0,4,0,0,1,9230,49.188667006092146,102.44980499555822,4469.963354000356,1934.7281030059094
45,0,0,4,3,0,2,124,1235.9548520034878,1866.8452209967654,4789.304889010964,4055.4433180077467
14,0,0,3,1,0,2,1,120.47812300443184,167.47002600459382,2533.0543120071525,1116.3950019981712
13,0,0,1,0,0,1,1,123.98908800969366,178.590465002344,679.0465579979355,308.49942499480676
11,0,0,1,1,0,1,1,121.36047000240069,168.27233599906322,662.448258997756,291.7895390128251
11,0,0,1,0,0,1,1,123.7005919974763,173.214745009318,676.1141970055178,313.2288069900824
138,0,0,4,5,0,2,1,977.2432699974161,1240.7356969924876,5496.70967599377,1675.327335993643
48,0,0,2,3,0,2,1,647.6787220017286,945.6857790064532,662.5629189948086,384.09644999774173
57,0,0,8,5,0,3,39,1240.3482750087278,2981.1391179973725,34466.26748000563,17416.855905001285
137,0,0,3,5,0,2,1,599.3967699905625,568.8992080104072,4500.3186669928255,846.5072540129768
23,0,0,8,2,0,3,1,674.0826210007071,629.1053180029849,20618.70897100016,8086.741400999017
1,0,0,0,0,0,0,8533,107.06660700088833,127.57154600694776,138.9246079925215,80.29369400173891
4,0,0,2,0,0,1,12550,26.053547000628896,31.583193005644716,375.1083649985958,292.5085820024833
44,0,0,1,5,0,1,1,67.28761899285018,87.50344200234395,899.4116139947437,309.93796400434803
32,0,0,2,3,0,3,2,1074.9551310000243,1058.5301579994848,1242.2118320100708,771.4971829991555
35,0,0,2,3,0,2,20,574.420552002266,926.9393740105443,2537.353963998612,1503.7417959974846
8,0,0,2,0,0,1,7,144.77147000434343,203.63422999798786,1262.929662989336,606.4284210006008
94,0,0,2,7,0,2,1,623.0607500037877,591.6553669958375,3019.880000996636,1376.5390560001833
39,0,0,1,5,0,2,1,545.7468320091721,518.2298419967992,1360.4719879949698,395.98593198752496
14,0,0,4,2,0,3,124,771.2653100024909,809.5824019983411,1349.3918040039716,588.8604200008558
1,0,0,0,0,0,0,9914,80.67985999514349,110.03943800460547,245.6389060098445,157.30218100361526
40,0,0,2,5,0,2,1,539.4826230040053,511.10437999886926,2662.0683389919577,786.1353550106287
5,0,0,0,1,0,1,10,139.2805219948059,182.8819869988365,344.67644899268635,166.61515600571875
27,0,0,5,3,0,3,26,431.52987299254164,430.37862099299673,6256.244639997021,4970.000690998859
6,0,0,1,1,0,1,99,139.4053870026255,194.84044300043024,678.8337719917763,340.23122100916225
54,0,0,5,5,0,2,12550,332.9688040103065,106.47141799563542,11115.808877002564,6468.003335001413
12,0,0,2,1,0,1,4,243.95759399340022,354.2725379957119,660.4071480105631,288.3111870032735
3,0,0,0,0,0,0,1070,128.17123800050467,178.4667640022235,305.3162020078162,87.68811999470927
8,0,0,0,0,0,0,0,121.50107198976912,92.99039999314118,173.09977900004014,159.40494000096805
54,0,0,5,5,0,3,1,1245.0534089875873,1211.4605129900156,9335.193006001646,5398.621727988939
4,0,0,2,0,0,1,12550,47.42343501129653,61.2059679988306,541.6177959996276,306.2525199929951
9,0,0,3,0,0,1,97,359.5127019943902,337.7339240105357,1059.9230189982336,397.2757390001789
107,0,0,2,10,0,2,1,541.355602996191,514.4687819993123,3185.198688006494,734.3732839945005
1,0,0,0,0,0,0,8533,100.6282390007982,139.7595279995585,277.78491300705355,153.14418099296745
33,0,0,4,3,0,2,8,1351.941376007744,1292.9539410106372,2766.3511510036187,1906.7815899907146
34,0,0,5,3,0,3,12550,229.85127300489694,75.40930701361503,4005.3571890020976,2599.9393079982838
1,0,0,0,0,0,0,8533,99.8200820031343,136.42929900379386,274.885783001082,155.23320200736634
6,0,0,1,1,0,2,12550,71.05766001041047,32.62683399952948,271.1396189988591,402.1123590064235
1,0,0,0,0,0,0,3085,103.15385099966079,143.24909599963576,283.99894399626646,150.40758799295872
16,0,0,2,0,0,1,1,123.35472399718128,173.24203099997249,1298.9610579970758,377.5489210092928
35,0,0,2,3,0,2,0,367.2280330065405,183.26898399391212,2240.660260009463,650.9182269946905
10,0,0,4,0,0,1,1474,281.0677299858071,418.895507013076,2599.1386390087428,1255.4639669979224
24,0,0,2,3,0,2,405,1400.8485079975799,1811.2620989995776,1167.504283002927,833.973322995007
12,0,0,4,0,0,1,710,269.5570970099652,394.532459002221,1549.7655030048918,711.5253779920749
1,0,0,0,0,0,0,9230,54.20459200104233,70.26324199978262,200.80567500554025,138.16805799433496
10,0,0,1,0,0,1,1,66.20939700223971,94.78346700780094,340.44007799820974,265.98486500734
13,0,0,2,0,0,1,1,121.27459299517795,172.2679300000891,1321.4882709871745,595.2439480024623
10,0,0,1,0,0,1,2,125.6782150012441,173.64016000647098,654.7526720096357,306.83517300349195
4,0,0,0,1,0,1,99,140.16548299696296,222.07868400437292,176.41534499125555,92.13767699839082
23,0,0,1,3,0,2,1,464.8073540010955,445.63237800321076,621.3825830054702,419.61773500952404
50,0,0,1,10,0,2,1,129.27311699604616,177.90073300420772,1034.5370669965632,322.1747689967742
11,0,0,2,2,0,3,2,140.64337300078478,185.01863499113824,683.3228100003907,310.0155489955796
55,0,0,6,5,0,2,1,1258.611690995167,1162.469473987585,19389.735812990693,12621.743078998406
50,0,0,3,3,0,2,2,599.363490997348,560.776258003898,5007.954718996189,2819.486981999944
138,0,0,4,5,0,2,1,1295.774354992318,1098.8103999989107,5475.331309004105,1603.7292550026905
34,0,0,1,5,0,1,1,129.99569700332358,165.0285020004958,510.1568060053978,211.7765029979637
10,0,0,1,1,0,1,1,123.44911799300462,170.9458289988106,666.673838000861,300.22355500841513
108,0,0,5,4,0,3,23,1324.2255790100899,2278.0383650097065,5203.103505002218,2674.2582799925003
15,0,0,3,2,0,3,2,120.40052900556475,165.36612699565012,1929.2019929998787,427.0969430072
56,0,0,7,5,0,3,12550,346.0806949879043,105.61011599202175,23404.792178000207,16114.9532339914
17,0,0,1,2,0,1,1,251.15879499935545,363.80510800518095,381.6504470014479,166.53764600050636
134,0,0,3,5,0,2,0,500.6560559995705,578.5207299923059,5126.034039989463,1820.427794009447
108,0,0,5,4,0,2,2,688.3140510035446,638.7345010007266,16654.937800005428,7278.033041002345
55,0,0,6,5,0,3,2,1138.2899930031272,1679.6469649998471,8932.582068999182,5520.9707979956875
10,0,0,4,0,0,1,731,303.3612980070757,446.7650139995385,1981.5016880020266,972.1583069913322
3,0,0,1,0,0,1,0,235.7014919980429,343.71423500124365,306.2381399940932,147.21188800467644
27,0,0,5,3,0,3,12550,201.10933799878694,77.23810400057118,3539.8081409948645,2586.855575995287
137,0,0,3,5,0,2,1,577.593001013156,562.8059099981328,4310.022965000826,1656.7760609905235
8,0,0,1,0,0,1,1,119.72374400647823,141.82523101044353,629.039097999339,295.2628229977563
12,0,0,2,1,0,1,19,122.02388999867253,165.84730699833017,1171.9256979995407,525.6062659900635
106,0,0,3,4,0,2,1,692.5363050104352,648.3507200027816,3172.7701220079325,1058.5091749962885
15,0,0,1,1,0,2,65,428.24641001061536,508.8416340004187,1315.7635500101605,1087.728985992726
10,0,0,4,1,0,2,12550,103.40823698788881,92.92565099895,2050.3016830043634,1099.9524019862292
9,0,0,0,0,0,0,0,129.99398699321318,184.06232600682415,349.51503699994646,171.7873939924175
12,0,0,2,0,0,1,1,124.59452899929602,173.83636499289423,932.2932130016852,300.4339579929365
10,0,0,1,0,0,1,1,66.74789098906331,86.75019298971165,577.6701720023993,301.9976979994681
17,0,0,3,0,0,1,1,125.10433999705128,172.67229199933354,2609.003282006597,1189.618692995282
20,0,0,5,2,0,2,1,130.2320919930935,170.36848700081464,2845.747661005589,989.1821580094984
12,0,0,2,0,0,1,1,135.3999470011331,187.90386601176579,1311.2734549940797,605.0879030080978
225,0,0,1,41,0,1,1,137.29045599757228,175.99036799219903,2433.665927994298,312.6571199973114
6,0,0,2,0,0,1,2326,143.4717840020312,178.79693800932728,798.8335469999583,306.8034239986446
9,0,0,1,0,0,1,2,93.50056201219559,176.94414599100128,652.738357995986,315.48206899606157
13,0,0,3,1,0,1,19,120.75910400017165,168.15317199507263,2576.8130530050257,872.7500450040679
13,0,0,2,1,0,1,1,128.04181600222364,110.93046600581147,1223.609659995418,577.2951419930905
18,0,0,1,2,0,2,1,445.46624600479845,429.54839700541925,1092.4331179994624,395.3674439981114
136,0,0,2,5,0,2,1,442.8877900063526,575.8133700001054,2168.997988992487,417.03831098857336
12,0,0,4,0,0,1,10,128.1940840126481,173.95019700052217,4287.299285002518,2234.4859000004362
70,0,0,1,12,0,2,1,70.02303800254595,89.96886399108917,590.4511160042603,254.52339800540358
12,0,0,2,0,0,1,10,80.98826500645373,88.90607999637723,1306.7169970017858,592.2255949990358
17,0,0,2,1,0,2,314,712.009389011655,792.9970389959635,2290.4377309896518,1836.448895992362
6,0,0,1,0,0,1,27,119.40075500751846,164.627490012208,624.3000990070868,291.1404919868801
20,0,0,5,2,0,2,1,70.55016999947838,89.0890959999524,5120.938730004127,2368.8940499996534
14,0,0,3,0,0,1,1,123.56949200329836,168.75340600381605,2554.012455002521,1184.608292998746
39,0,0,5,4,0,3,12550,254.68931900104508,90.76754598936532,8184.88884200633,3179.697624000255
8,0,0,3,0,0,1,154,356.41241499979515,538.8461050024489,1212.9882440058282,546.9277090014657
10,0,0,1,1,0,2,12550,92.60971700132359,44.797634007409215,616.9977730023675,508.10875999741256
6,0,0,2,0,0,1,0,129.12650899670552,182.90528999932576,1306.8344180064742,520.676835993072
53,0,0,4,5,0,2,1,1250.8653149998281,1752.1239369962132,5908.6431820032885,3630.392480001319
15,0,0,1,2,0,2,122,172.47061000671238,295.92310400039423,861.9072420115117,730.4916139983106
18,0,0,3,2,0,2,1,131.82013299956452,173.5316380072618,1408.9152310043573,600.3939380025258
6,0,0,1,1,0,2,12550,72.64661700173747,43.97784800676163,392.1968850045232,395.1558740081964
16,0,0,1,1,0,2,12550,112.45279801369179,43.416208995040506,568.3361900009913,443.63948599493597
11,0,0,3,0,0,1,12,67.254955007229,90.83186500356533,1573.7741110060597,999.3970030045602
39,0,0,5,4,0,2,2,768.1560540077044,1276.3043860031758,19636.96641700517,13342.388918012148
52,0,0,3,5,0,2,1,1256.9191879883874,1214.3157820100896,1588.5738939978182,924.2888089938788
10,0,0,2,1,0,2,2,123.3317580044968,173.59670500445645,671.5795929922024,280.52007699443493
38,0,0,3,6,0,1,1,127.72776499332394,163.99875699426048,3384.432511011255,1106.9748789886944
20,0,0,1,0,0,1,0,123.66574798943475,176.44010900403373,731.9658009946579,317.53065399243496
56,0,0,7,5,0,3,12550,356.2924360012403,105.57156598952133,17277.670991999912,11278.44906700193
23,0,0,6,3,0,3,792,1465.1721760019427,1827.3756499984302,7305.769591999706,5448.079857000266
10,0,0,3,0,0,1,201,122.75970900373068,169.66058198886458,2463.9242779958295,875.8307649986818
65,0,0,2,3,0,2,7,1523.7061910011107,1177.4283200065838,771.1008399928687,566.3327749934979
20,0,0,7,1,0,3,0,653.0310259986436,591.1759139999049,9137.560425995616,4227.225941998768
43,0,0,1,3,0,2,1,451.5131410007598,430.023220993462,673.1620469945483,190.94882300123572
8,0,0,3,1,0,2,12550,47.32641199370846,40.67599700647406,576.858311003889,380.34663899452426
8,0,0,0,2,0,1,18,332.76934998866636,339.0579050028464,429.4190290092956,174.6677069895668
4,0,0,1,0,0,1,1827,112.55113400693517,156.4006989938207,586.4533319982002,286.6826760000549
21,0,0,1,2,0,2,83,522.0533990068361,943.9860910060816,1096.5881349984556,838.5446610045619
37,0,0,1,2,0,2,35,432.9691279999679,732.1611320076045,1439.909875000012,1113.8713599939365
14,0,0,3,2,0,2,8,131.08245600597002,169.49317100807093,1377.122651989339,512.3016690049553
9,0,0,0,1,0,1,0,342.5963540066732,185.90383199625649,619.5000070001697,176.85257099219598
19,0,0,2,2,0,2,12550,152.29874799842946,60.240486011025496,1135.949421004625,880.4810610017739
10,0,0,0,1,0,1,1,122.78735400468577,171.41731599986088,345.90920999471564,157.81708499707747
32,0,0,2,3,0,2,6,605.4302179982187,896.739253992564,1153.951768996194,732.1941340051126
7,0,0,2,0,0,1,276,254.96872900112066,372.2222460055491,659.6730109886266,326.36772000114433
135,0,0,3,5,0,2,1,1035.7746140070958,1227.8918469964992,2716.4383549970808,851.9018369988771
8,0,0,3,1,0,2,12550,88.27134399325587,78.09123699553311,1146.4531359961256,591.4430340053514
285,0,0,1,16,0,2,1,611.3692919898313,583.2266509969486,2553.1147430010606,505.98248399910517
9,0,0,3,1,0,2,3085,218.15992500341963,471.5955130086513,1225.7263359933859,564.7602870012634
1,0,0,0,0,0,0,9914,82.97785000468139,113.4357480041217,250.47840499610174,163.27412500686478
4,0,0,1,0,0,1,0,121.13349199353252,167.45218400319573,604.484973999206,283.79000499262474
172,0,0,1,13,0,2,1,811.9904549967032,762.4327779922169,1726.0859599919058,391.9981950020883
13,0,0,5,0,0,1,276,612.4367169977631,928.0741029942874,4913.639913997031,1178.624331994797
9,0,0,4,1,0,3,12550,89.23463099927176,78.20893600001,1144.199265007046,596.5927490033209
12,0,0,1,0,0,1,1,244.92640599783044,359.45166599412914,334.6963099902496,151.4170610025758
37,0,0,4,4,0,2,0,584.6713789942442,371.1694570083637,5621.243414003402,1321.9903830031399
2,0,0,1,0,0,1,12550,37.95836499193683,45.54940000525676,202.2202170046512,151.75871198880486
137,0,0,3,5,0,3,1,609.8996130021987,983.7845389993163,3918.5169849952217,1242.2383700031787
8,0,0,0,1,0,1,1,121.83706699579488,170.78209399187472,339.30403299746104,154.12302799813915
9,0,0,1,0,0,1,1,122.05920899577904,172.07180600962602,653.4320740029216,303.8077230012277
53,0,0,4,5,0,3,0,1258.7877860059962,1217.5210059940582,2364.91500500415,1364.1912910097744
54,0,0,5,5,0,3,122,1406.390301999636,3509.446508003748,7842.212812000071,5137.032703001751
41,0,0,7,4,0,3,39,748.0704159970628,2382.172401994467,17553.61529199581,11763.20331300667
49,0,0,2,3,0,2,36,593.1200890045147,1484.5156939991284,2521.1977190047037,1801.8863029865315
15,0,0,2,1,0,1,1,268.11142700898927,93.00290100509301,2033.7164899974596,654.2310390068451
39,0,0,5,4,0,3,1,490.5611310095992,765.97081599175,7598.731209000107,5465.98367500701
10,0,0,4,0,0,1,1474,286.39879400725476,420.8168140030466,1821.6092039947398,636.5927070000907
16,0,0,5,2,0,2,546,139.87388799432665,201.85899500211235,8666.27966699889,4480.337604996748
11,0,0,3,0,0,1,1,290.55016399070155,428.78908100828994,1305.3343850042438,602.9883590090321
11,0,0,1,1,0,2,9230,74.23618700704537,86.32930800376926,512.5175330031198,238.28097801015247
14,0,0,3,0,0,1,2,123.48514400946442,170.671643994865,2604.4303079979727,1099.4385079975473
9,0,0,1,0,0,1,0,124.50643499323633,175.63274700660259,656.5667789982399,312.79901300149504
12,0,0,4,0,0,1,4,617.1790009975666,943.2575050013838,2240.9245890012244,599.3672829936258
16,0,0,3,1,0,1,1,379.24714499968104,184.9910360033391,3971.1959800042678,1308.454404992517
53,0,0,4,5,0,2,4,1074.3843230011407,1200.1403250033036,2832.550134000485,1889.4881430023815
16,0,0,2,2,0,1,1,66.11589199746959,88.82551500573754,853.7387980031781,602.6566899963655
6,0,0,2,0,0,1,696,262.2095709957648,390.52569499472156,652.2821679973276,329.4563079980435
54,0,0,5,5,0,3,39,1122.1386810066178,2925.4539760004263,8249.087368007167,5359.228893998079
24,0,0,2,3,0,2,1,306.22825599857606,404.28737000911497,626.205039996421,416.2624919990776
47,0,0,0,12,0,1,1,442.33896299556363,325.35440000356175,593.8244130084058,228.84459000488278
14,0,0,3,1,0,2,2,122.82926800253335,170.2744329959387,1838.7993250071304,1080.0580509967403
54,0,0,5,5,0,3,2,638.6393459979445,1765.122088996577,8736.494082011632,5017.910984999617
13,0,0,1,2,0,1,1,121.31495600624476,166.15344099409413,689.8813669977244,286.7771070013987
108,0,0,5,4,0,3,23,1331.9167110021226,2121.3482080056565,6265.150161008933,2570.6210430071224
32,0,0,2,3,0,2,2,854.7951780055882,833.850284005166,618.4851669968339,391.3705629965989
11,0,0,2,0,0,1,4,121.35910699726082,170.97316498984583,1299.6694000030402,592.5926740019349
6,0,0,3,0,0,1,12550,57.37542601127643,75.54795400938019,1145.8563940104796,594.4996329926653
9,0,0,1,0,0,1,5,123.72117600170895,174.17534900596365,654.4065040070564,311.37483900238294
13,0,0,2,1,0,1,2,137.4974420032231,189.30057500256225,1167.0426389900967,600.0438350019976
14,0,0,4,2,0,3,8,653.1637500011129,588.7325090006925,683.8915230036946,302.99839699000586
4,0,0,1,0,0,1,3160,238.83437899348792,351.29324700392317,331.83974600979127,174.54699899826664
9,0,0,4,0,0,1,606,348.67582299921196,531.7141489940695,2376.0072510049213,595.6439289875561
29,0,0,3,2,0,3,12550,177.3741520009935,60.94961999042425,2595.9183480008505,2061.2869000033243
43,0,0,3,4,0,2,1,520.6397180008935,601.3274639990414,4623.778063003556,2988.3001769921975
1,0,0,0,0,0,0,9230,53.49014799867291,69.97383199632168,201.3972209970234,154.86197199788876
12,0,0,1,1,0,1,1,136.9615529984003,188.79880700842477,689.9259479978355,312.37754799076356
22,0,0,7,2,0,3,1,1058.0611180048436,951.1569660098758,10732.621839997591,2953.589479002403
10,0,0,2,1,0,2,536,243.70365899812896,350.79262299404945,641.1668209912023,290.6852669984801
8,0,0,2,0,0,1,7,67.97020499652717,127.22163498983718,1281.372356999782,578.7731989985332
6,0,0,0,0,0,0,1,123.77109000226483,173.33253400283866,331.2697249930352,158.3271850104211
15,0,0,4,1,0,2,13,65.1390650018584,86.59278599952813,4885.040731009212,2233.1315969931893
6,0,0,2,1,0,2,12550,76.1087560094893,61.48137399577536,604.9624309962383,292.69623299478553
14,0,0,4,2,0,3,321,151.47618699120358,202.6209360046778,2285.7740500039654,1186.5654090070166
21,0,0,2,0,0,1,1,128.03984600759577,176.34429399913643,1422.4843660049373,610.3664320107782
109,0,0,4,10,0,2,1,278.8194460008526,1238.7590270082,11017.015757999616,3197.4659900006372
53,0,0,4,5,0,2,3,933.689837998827,1866.183538993937,3062.2683620022144,1803.1188900058623
8,0,0,2,0,0,1,55,123.05435500456952,172.53065400291234,913.7854290020186,505.23456900555175
191,0,0,1,10,0,2,1,653.9561499957927,613.0680420028511,1732.9186459974153,229.87146400555503
54,0,0,5,5,0,3,39,1233.1082340097055,2936.0153440065915,8864.102274994366,5570.808650998515
13,0,0,2,1,0,1,1,125.12047299242113,174.77164199226536,1344.5182419964112,587.1578240039526
11,0,0,5,1,0,3,12550,97.9316849989118,92.37893699901178,2231.0299560049316,1099.4148350000614
10,0,0,3,0,0,1,42,124.67578198993579,175.4653249954572,2524.708795011975,1232.9079379996983
4,0,0,1,0,0,1,286,78.17270200757775,105.08059499261435,638.4676909947302,334.28339000965934
11,0,0,2,0,0,1,1,236.87649199564476,274.9197090015514,662.3375170020154,308.62788400554564
3,0,0,0,0,0,0,516,130.50127901078667,182.19016799412202,334.57758800068405,172.92703299608547
10,0,0,1,1,0,1,3,119.55026499344967,166.28374300489668,655.4460449988255,292.94909098825883
18,0,0,2,0,0,1,1,123.8469950039871,173.63784700864926,1371.912513001007,608.418833988253
19,0,0,4,2,0,2,1,121.08028199872933,173.55645600764547,2495.6142450100742,1193.737711000722
9,0,0,3,0,0,1,20,292.0659820083529,269.51864700822625,938.9519410033245,602.3185889935121
13,0,0,2,1,0,1,8,500.1954500039574,376.9948029948864,698.2138750026934,303.22426299971994
2,0,0,0,0,0,0,4804,116.20628500531893,161.63521600537933,303.1639330001781,175.66853600146715
16,0,0,1,1,0,2,12550,113.06822299957275,43.755204998888075,693.2085930020548,562.264457999845
220,0,0,3,10,0,2,1,493.36372000107076,287.7657339995494,7980.917132998002,1858.2913360005477
21,0,0,4,3,0,3,12550,169.72243000054732,75.85071699577384,3634.0947770077037,2843.4495459950995
13,0,0,3,1,0,2,5,72.02255300944671,96.07851700275205,2156.250870990334,609.7958469908917
45,0,0,4,4,0,3,0,1234.6103610034334,698.663843999384,4221.853921000729,1088.7646659975871
11,0,0,2,0,0,1,2,65.27270800143015,88.14409399928991,655.3454060049262,299.6191480051493
6,0,0,1,1,0,2,12550,71.51011499809101,44.04592500941362,493.02542200894095,401.1318019911414
1,0,0,0,0,0,0,9230,29.228715007775463,37.019797004177235,107.84194000007119,141.39304900891148
42,0,0,1,4,0,2,0,1163.8821700034896,701.8110149947461,774.047208004049,189.9451439967379
12,0,0,1,2,0,1,0,477.30196799966507,185.37368599209003,1067.4086539947893,337.22727399435826
6,0,0,2,0,0,1,3160,248.45919699873775,362.5307030015392,655.553778007743,331.5811690117698
10,0,0,2,0,0,1,15,122.13768500078004,172.61421399598476,1300.8296339976368,598.627145998762
52,0,0,3,5,0,2,1,1218.3795549935894,1747.0587419957155,2971.329052001238,1825.1379080029437
18,0,0,5,1,0,1,0,123.97104898991529,170.05799199978355,4317.757907992927,2344.7580249921884
9,0,0,1,0,0,1,0,116.69259300106205,107.93705900141504,533.3301860082429,280.1859060127754
187,0,0,1,41,0,2,1,134.7997239936376,173.11562299437355,2056.1631879972992,157.00854601163883
16,0,0,1,1,0,2,12550,58.0215100053465,23.426619998645037,677.7091910043964,551.533310994273
39,0,0,1,2,0,2,1,514.3436910002492,588.4968820028007,487.30409699783195,304.60304499138147
6,0,0,1,0,0,1,1,120.54937799985055,173.0426699941745,506.6575240052771,152.2498130070744
18,0,0,2,2,0,2,0,460.2271589974407,315.10171201080084,1062.7102489961544,274.43291500094347
21,0,0,6,2,0,3,1,169.14572899986524,221.34586400352418,10873.34287900012,4637.575864995597
7,0,0,0,0,0,0,5,123.18243000481743,172.4088920018403,332.48027200170327,120.1987809909042
8,0,0,3,0,0,1,359,123.18608899659012,171.37671800446697,2389.6115490060765,1122.8394350036979
22,0,0,2,2,0,3,43,1059.0995020029368,1154.3914689973462,1173.624931005179,823.0308729980607
8,0,0,1,0,0,1,9,120.47913900460117,165.266893003718,632.1820940065663,293.657494999934
22,0,0,7,2,0,3,1,652.9813939996529,589.5435619895579,8500.050547998399,4505.898714996874
10,0,0,2,0,0,1,0,235.31273400294594,333.4146569977747,353.8477010006318,295.5329060059739
56,0,0,7,5,0,3,12550,172.30601799383294,54.50636599562131,25726.908435011865,16113.459910004167
8,0,0,0,1,0,1,0,121.84183399949688,120.05946799763478,170.9130999952322,88.19887200661469
6,0,0,2,0,0,1,0,117.19677700602915,162.46721800416708,1111.6882560017984,546.9113599974662
19,0,0,1,1,0,1,2,121.67533001047559,165.55687099753413,699.7135900019202,284.83350000169594
13,0,0,3,2,0,2,57,130.92818199947942,171.5177520090947,1267.0087840087945,537.7927329973318
14,0,0,6,0,0,1,5505,266.46569499280304,398.5784350079484,9600.629449996632,4142.205073992955
3,0,0,1,0,0,1,606,229.17171799053904,331.58504900347907,301.9759689923376,149.17372100171633
12,0,0,1,1,0,1,2,157.69251699384768,218.17979900515638,384.5968410023488,170.37789900496136
10,0,0,4,0,0,1,3095,229.06936799699906,336.15526799985673,1842.6129239960574,1137.7432000008412
134,0,0,3,5,0,2,0,374.058546993183,561.9379750132794,4976.900936002494,1428.727884995169
28,0,0,6,3,0,3,178,1262.510400993051,1692.6718590111705,7051.602885010652,4081.8284149863757
11,0,0,3,1,0,2,0,516.4291730034165,417.5264780060388,552.0182109903544,153.9108269935241
20,0,0,3,3,0,3,122,894.3063049955526,1149.4568740017712,1923.191123001743,1395.0651550112525
151,0,0,2,8,0,2,1,677.7539400063688,637.1777399908751,2906.78665098676,906.2029369961238
6,0,0,1,1,0,2,10,73.46956399851479,94.36609499971382,538.9642569934949,332.9842800012557
38,0,0,4,4,0,2,12550,246.1256609967677,90.96174399019219,5378.985738003394,3807.837333995849
20,0,0,5,2,0,2,0,69.86783100001048,91.30933400592767,5596.08989499975,1616.8556280026678
10,0,0,4,0,0,1,618,465.8908179990249,710.0374989968259,2402.203883990296,1109.5780650066445
13,0,0,3,0,0,1,6,66.38828699942678,88.61797899589874,1846.2326470034895,1193.825038993964
33,0,0,1,2,0,2,39,994.6380390028935,1085.348848006106,738.1888020026963,546.697994999704
5,0,0,1,0,0,1,23,124.34139801189303,174.66918400896247,633.514095999999,306.31338599778246
120,0,0,2,11,0,2,1,448.9719730045181,442.3460030084243,3789.0757269924507,433.988994001993
8,0,0,2,1,0,2,3160,615.3011529968353,557.0460340095451,668.5355759982485,336.91830599855166
108,0,0,5,4,0,2,2,689.6120539895492,643.2967769942479,16680.377115000738,7245.861346993479
12,0,0,4,2,0,3,9230,72.49924099596683,51.71913199592382,2078.982053004438,1316.94874499226
2,0,0,0,0,0,0,325,121.19977700058371,169.82875298708677,312.0872959989356,159.09547101182397
2,0,0,0,0,0,0,3627,117.51914500200655,163.77040900988504,304.6911420096876,168.78827499749605
197,0,0,1,15,0,2,1,655.2364189992659,613.4966340032406,2092.426427989267,489.04970700095873
7,0,0,0,0,0,0,0,120.11912700836547,167.22821099392604,320.9496079944074,147.82100899901707
14,0,0,2,2,0,2,0,609.5183180004824,574.2367189959623,1258.3042119949823,971.2606120010605
32,0,0,3,3,0,2,1,578.0999879934825,548.0180870072218,4530.93035799975,1587.7992890018504
53,0,0,4,5,0,3,1,1234.839370008558,1737.8052979911445,3538.762406009482,2317.5088440038962
8,0,0,3,0,0,1,2326,245.49305401160382,361.37469799723476,1199.2126219993224,557.2107560001314
288,0,0,1,14,0,2,1,425.8055090031121,425.0823160109576,2831.0204439912923,458.71027500834316
15,0,0,4,2,0,3,5,646.6626180044841,589.1346610005712,1349.949411000125,599.688543996308
7,0,0,0,0,0,0,2,123.20109200663865,165.37338300258853,323.4517929959111,149.59599800931755
7,0,0,2,1,0,2,606,506.29533900064416,355.62917600327637,1077.5402859871974,228.61379700771067
46,0,0,3,3,0,3,0,1247.0689130132087,1236.820345002343,2276.6081689915154,545.8447999990312
55,0,0,6,5,0,3,1,1210.5290819890797,1350.4278030013666,13708.404614997562,8303.130482992856
20,0,0,0,4,0,1,1,121.23227899428457,163.8002539984882,384.5974260038929,146.04415600479115
35,0,0,1,4,0,2,1,1126.513037001132,961.7288849985925,644.5578010025201,221.26798699900974
3,0,0,0,0,0,0,1626,131.61360898811836,180.3320699982578,331.64065598975867,174.03485700197052
5,0,0,0,0,0,0,49,121.77152499498334,175.6570519937668,327.7437280048616,157.97839799779467
14,0,0,3,1,0,2,12,647.4203949910589,342.85323398944456,1213.6584329855395,601.6543779987842
50,0,0,6,4,0,3,124,1230.362968010013,2387.506606988609,15169.117758006905,9593.54063399951
24,0,0,9,2,0,3,48,349.11209500569385,576.9092430127785,40151.81314700749,15674.949066989939
42,0,0,8,4,0,3,78,754.7028889966896,2442.9227060027188,34127.52110300062,24649.619810006698
14,0,0,2,0,0,1,1,127.42978800088167,170.74788399622776,1187.5384190061595,297.45821200776845
232,0,0,1,13,0,2,1,631.8376519921003,655.9047699993243,2417.321699002059,533.0665949877584
68,0,0,5,3,0,3,168,2197.732451997581,1501.68904500606,5488.420344991027,2237.593457000912
15,0,0,5,2,0,3,1441,741.6680260066641,769.1440159978811,2616.440275000059,1174.2526150046615
4,0,0,0,0,0,0,38,122.8371080069337,172.8618519991869,324.52591000765096,158.1360090058297
48,0,0,2,3,0,2,1,658.0320140055846,626.4694819983561,825.9423480049009,390.45229100156575
43,0,0,2,6,0,1,1,129.92486900475342,176.5969230036717,1589.0298479935154,303.49693800962996
22,0,0,3,1,0,1,1,120.04954199073836,169.82207700493746,2804.6162289974745,1135.0921299890615
16,0,0,2,1,0,2,29,594.2435899924021,210.00204198935535,1784.064291001414,705.4500149970409
7,0,0,1,2,0,2,2,436.49618299969006,228.08670799713582,477.3138989985455,427.96489399916027
14,0,0,1,1,0,2,1,127.2822110040579,174.3122600018978,685.8488089928869,297.4220000032801
54,0,0,5,5,0,3,5,1238.7020169990137,1198.470431001624,4641.481578000821,2796.644253001432
13,0,0,3,2,0,2,4,508.84889998997096,357.2485449985834,369.2709649913013,301.5926439984469
12,0,0,1,0,0,1,1,136.51648499944713,190.59746600396466,670.5238629947416,303.2838009967236
4,0,0,0,0,0,0,49,119.17253899446223,167.20615299709607,314.2957379895961,150.32616200915072
21,0,0,6,2,0,3,2,642.8586529946188,591.836785999476,5547.805599009735,2347.8612499893643
11,0,0,4,0,0,1,231,471.39533000881784,713.8496320112608,1581.8939649907406,1124.1839750000509
96,0,0,4,15,0,2,1,114.14725599752273,166.66611800610553,8861.682841990842,2207.8164939885028
48,0,0,4,4,0,2,12550,290.03717900195625,90.84692799660843,5702.257746001123,4053.325593995396
58,0,0,9,5,0,3,12550,185.19994198868517,54.389836004702374,34584.20624700375,23518.94417499716
8,0,0,1,0,0,1,8,119.68869200791232,166.2952979968395,632.1489669935545,289.39400099625345
14,0,0,2,1,0,1,1,244.9093890027143,356.3904799957527,648.4625769953709,292.46597801102325
54,0,0,5,5,0,3,1,1250.242950001848,1313.6203920003027,2572.8198980068555,2608.037931000581
52,0,0,3,5,0,2,1,1125.6226400000742,1205.2239810000174,2678.9602510107215,1825.6316219922155
44,0,0,4,4,0,3,2,643.6442979902495,530.1038280013017,5624.29225500091,4491.509769999539
11,0,0,2,2,0,2,2,136.50033499288838,170.70858499209862,693.218076004996,302.06968300626613
134,0,0,2,5,0,2,1,608.2538050104631,579.959032998886,2459.425855995505,417.2158709989162
107,0,0,2,10,0,2,1,535.4208640055731,508.5019740072312,2839.794557992718,847.30860000127
39,0,0,4,6,0,2,1,127.5931020063581,168.09330499381758,3465.151786993374,1115.9185569995316
13,0,0,4,2,0,3,116,518.1274589995155,636.3653169973986,1346.5002269949764,588.6761349975131
6,0,0,1,0,0,1,528,130.03005500650033,182.29130099643953,503.5046029952355,155.346498999279
51,0,0,6,4,0,3,0,1254.5904130092822,1771.0675459966296,5643.025288009085,1684.1742100077681
18,0,0,1,3,0,2,1,418.45198700320907,227.38402200047858,675.0188290025108,709.6847380016698
2,0,0,1,0,0,1,12550,19.63836200593505,22.99491799203679,112.19285300467163,81.08096099749673
73,0,0,2,5,0,2,1,531.6932509886101,1224.5696449972456,2441.591268987395,1402.5623259949498
28,0,0,6,3,0,3,397,1003.7405760085676,1436.37251900509,7194.248215004336,4769.7783230105415
7,0,0,1,0,0,1,9,253.60387399268802,373.4116690029623,329.73933800531086,160.7091720070457
12,0,0,1,1,0,1,2,123.10921201424208,172.38279999583028,683.8711960008368,301.92601701128297
13,0,0,1,0,0,1,1,123.56304099375848,177.0309069979703,681.338427006267,310.36895800207276
29,0,0,2,3,0,2,0,643.1679679953959,181.97885299741756,1144.646079002996,338.23763400141615
14,0,0,4,2,0,2,4,792.5178809964564,410.8179499889957,1391.4322319906205,597.1332619956229
52,0,0,3,3,0,3,1,212.6406109891832,601.3679030002095,4444.085024995729,2956.2860040023224
10,0,0,1,1,0,1,1,531.0594830079935,379.9738109955797,347.75569700286724,157.0439719944261
4,0,0,2,0,0,1,12550,46.96605999197345,60.08722900878638,590.3431650076527,230.94704899995122
1,0,0,0,0,0,0,8533,51.66853399714455,70.30493099591695,141.04014600161463,79.62464199226815
7,0,0,1,0,0,1,25,252.36949799000286,370.247635000851,347.1656729961978,170.15829199226573
11,0,0,1,1,0,2,5,64.6507480123546,142.0650329964701,648.162309997133,291.0858129907865
47,0,0,3,4,0,3,3,638.0978700035485,601.4933280093828,2159.566967995488,1434.6407720004208
29,0,0,1,5,0,1,0,118.98447100247722,166.59847900155,810.5294590059202,281.74810399650596
8,0,0,2,0,0,1,31,124.9705820082454,174.15769900253508,833.2613759994274,283.07157500239555
11,0,0,1,0,0,1,4,64.3312370084459,85.87747999990825,337.24869399156887,157.67789499659557
9,0,0,1,1,0,2,1,117.36659001326188,168.03758499736432,632.8295780112967,283.8601440016646
9,0,0,3,1,0,2,3085,315.3950879932381,472.9734139982611,1224.2867620079778,470.03450500778854
14,0,0,4,2,0,3,25,166.69810000166763,218.84209000563715,2677.781166989007,1156.3537790061673
17,0,0,1,2,0,2,1,268.51415500277653,215.58963700954337,579.1256740048993,614.9463599867886
52,0,0,3,5,0,2,1,1250.4190969921183,1730.8359290036606,2974.249841994606,1591.2051380000776
27,0,0,5,3,0,3,1628,295.3055200050585,1346.8710980087053,6697.1345220081275,4093.0285889917286
32,0,0,1,2,0,2,2,442.3147529887501,422.33154000132345,1324.6401509968564,970.4537440120475
14,0,0,1,0,0,1,1,122.01422201178502,168.00605799653567,664.6330490038963,236.2688869907288
7,0,0,1,0,0,1,6,134.1134029935347,186.97472001076676,354.8759510013042,225.49910200177692
54,0,0,5,5,0,3,1,1255.6849340035114,2277.859210007591,4104.622903003474,2374.6233690035297
14,0,0,3,1,0,1,5,330.4020679934183,284.81872999691404,1311.4775879948866,522.3172520054504
42,0,0,2,4,0,2,1,642.0265600027051,599.9964170041494,2371.991984997294,1469.9029220064403
17,0,0,1,1,0,1,1,126.00040101096965,175.1722049957607,716.6692820028402,308.51390199677553
26,0,0,4,3,0,3,13,313.6498209933052,421.9818889978342,7286.663382008555,5037.59602199716
20,0,0,5,2,0,2,1,133.15476999559905,174.46613899664953,2752.3742509947624,741.1741730029462
13,0,0,1,1,0,1,1,124.04213201079983,171.42180999508128,693.0421160068363,304.32423400634434
9,0,0,3,0,0,1,145,69.436820995179,91.77030000137165,2003.4022690088023,1109.7940339968773
34,0,0,1,3,0,2,0,694.0964740060735,181.6935079987161,975.8834410022246,166.3634160067886
108,0,0,3,10,0,2,1,454.8023329989519,1110.4409780091373,5899.222666004789,1787.4547029932728
38,0,0,3,6,0,2,1,130.62538699887227,165.84192799928132,3373.4562339959666,1103.3727480098605
12,0,0,2,0,0,1,10,143.9178509899648,204.96117099537514,1328.6013000033563,607.3732530057896
6,0,0,1,1,0,2,12550,72.11825699778274,43.92818099586293,491.7573709972203,399.19287999509834
3,0,0,0,0,0,0,43,116.8128470017109,166.62804200313985,311.1410870042164,147.3900809942279
241,0,0,2,13,0,2,1,1471.6278720006812,1371.9341399992118,2019.5220960013103,227.9863019939512
5,0,0,1,0,0,1,21,121.17060899618082,164.74154399475083,610.4141930118203,285.0156750064343
4,0,0,1,0,0,1,3160,241.3761809875723,350.56072199949995,332.2551719902549,177.42791399359703
10,0,0,4,1,0,2,12550,103.47481499775313,92.97575100208633,2373.846270987997,1086.7954949935665
48,0,0,4,4,0,2,0,2169.3817769992165,3125.2098359982483,4474.544306998723,3880.7286030059913
9,0,0,0,0,0,0,0,62.07590400299523,80.78927099995781,187.8055300039705,144.75275699805934
11,0,0,2,1,0,2,77,264.074063001317,375.1473619922763,643.5557309887372,295.6673730077455
52,0,0,3,3,0,2,1,1151.2827879923861,1130.2957279986003,3101.730738999322,1917.8924959996948
41,0,0,7,4,0,3,39,752.1665029926226,1967.451392003568,26965.23947401147,18079.262689992902
55,0,0,6,5,0,3,473,1734.5292810059618,2804.2798069946,16997.942795002018,9842.543143997318
11,0,0,1,1,0,1,1,129.59819399111439,168.86177500418853,682.5383039977169,305.92774000251666
27,0,0,2,2,0,2,0,630.8869549975498,365.29435600095894,1122.714126991923,167.45030898891855
30,0,0,3,3,0,3,0,653.8369750051061,185.23104400082957,1708.529383991845,501.798544995836
10,0,0,3,0,0,1,53,126.35466099891346,174.20569999376312,2124.461486004293,962.1592079929542
10,0,0,2,1,0,2,99,138.55813100235537,192.08532800257672,1301.8166969995946,604.2167880077614
28,0,0,2,2,0,2,12550,82.0991100044921,31.082272995263338,612.7733230096055,729.9751970131183
30,0,0,1,2,0,2,1,440.53454099048395,435.98836500314064,1332.9258089943323,761.9821150001371
54,0,0,5,5,0,3,39,1241.3468600134365,1849.3507789971773,8672.20000999805,5707.697083998937
34,0,0,5,3,0,3,473,1269.874803008861,1476.885812007822,3479.776687003323,1829.7358069976326
4,0,0,1,1,0,2,122,195.01277100061998,232.54927700327244,759.7243380005239,681.1185699916678
56,0,0,7,5,0,3,35,2281.662604000303,2549.0443969902117,15078.0266179936,9584.6116419998
36,0,0,3,4,0,2,0,626.9555159960873,365.6728369969642,2618.835596003919,472.54684500512667
233,0,0,2,13,0,2,1,349.1502130054869,589.0485630079638,4297.917026997311,1077.2000899887644
10,0,0,1,0,0,1,2,66.26224100182299,89.09895400574896,614.0432870015502,306.2991199985845
41,0,0,7,4,0,3,0,740.5939360032789,2423.710831993958,12143.456018005963,7929.438876992208
10,0,0,1,0,0,1,4,133.77688400214538,187.89286199898925,662.0296040055109,306.46342600812204
54,0,0,5,5,0,3,4,1288.1748210056685,1214.6034670004155,9120.54891900334,4689.621835001162
6,0,0,1,1,0,2,12550,73.17738799611107,44.40289500053041,516.5694269962842,401.26403101021424
11,0,0,2,1,0,3,12550,95.6441109883599,43.19990100339055,1174.3115890130866,969.452513003489
13,0,0,2,0,0,1,1,245.78663099964615,366.969874012284,667.3243880068185,228.26513800828252
10,0,0,2,2,0,2,122,377.1807019948028,665.4385389992967,1810.971063998295,1132.882010002504
23,0,0,1,0,0,1,1,67.12250800046604,90.2505120029673,723.188535994268,320.97365699883085
8,0,0,1,0,0,1,5,245.946527007618,236.34259100072086,170.9218469914049,82.0374540053308
35,0,0,6,3,0,3,12550,230.9797449997859,75.76411501213443,5354.292242001975,3617.451986996457
58,0,0,9,5,0,3,1,1074.4567060028203,965.700750995893,60000.0,38967.377712993766
51,0,0,2,5,0,2,1,1253.4664120030357,972.2315630060621,994.6072070015362,923.205405997578
11,0,0,3,2,0,3,12550,107.72813299263362,60.733733989764005,1425.3862449986627,1027.1981980040437
26,0,0,4,3,0,3,14,336.2593990023015,310.11135000153445,3692.622727001435,2522.8216200048337
27,0,0,1,2,0,2,405,1087.6115130085964,1156.51864100073,584.9003250041278,426.47002899320796
1,0,0,0,0,0,0,9230,53.07076399913058,69.63456100493204,199.9525050050579,153.57380200293846
14,0,0,3,0,0,1,2,245.23463599325623,342.6960600045277,1001.3609869929496,566.6792840056587
21,0,0,6,2,0,2,0,505.423836002592,251.35955499717966,4996.8275830033235,1746.340922996751
19,0,0,1,2,0,1,1,118.66846799966879,152.2929210041184,363.4160950023215,145.3009300021222
54,0,0,5,5,0,2,1,1034.3309250019956,1254.8217440053122,6314.180298999418,3570.107445004396
13,0,0,3,2,0,3,8,562.9015629965579,586.9833929900778,677.6483270077733,304.53053100791294
7,0,0,2,1,0,3,2334,78.21521400182974,188.8964060053695,977.6588670065394,492.37141900812276
12,0,0,1,0,0,1,1,70.77313099580351,173.9412530005211,680.3678879950894,183.20545701135416
55,0,0,6,5,0,3,792,2355.5988110019825,4667.835430998821,11148.62477099814,7051.54696200043
36,0,0,0,1,0,1,4,651.4383339963388,741.9319109903881,378.8564389979001,197.2477160015842
9,0,0,3,1,0,2,9230,125.04530999285635,165.97081600048114,981.778958986979,289.2798440007027
51,0,0,6,4,0,3,0,2266.9676169898594,2772.3914929956663,13011.59882300999,3294.4360520050395
11,0,0,2,2,0,2,2,67.63601300190203,162.89231499831658,695.621767998091,304.12112099293154
10,0,0,1,1,0,1,3,64.61421199492179,94.5281880121911,603.8144750054926,292.2742560040206
4,0,0,0,1,0,1,530,375.41554200288374,455.2384529961273,464.7730139986379,376.98813900351524
38,0,0,1,6,0,1,1,423.2311569940066,419.08242300269194,1391.7425419931533,437.01212300220504
24,0,0,1,3,0,1,1,546.1259050061926,510.6781700014835,1155.009180001798,401.0461230063811
9,0,0,0,0,0,0,0,120.20038200716954,171.01918799744453,264.4910209928639,137.48994799971115
151,0,0,0,7,0,1,1,503.26162300189026,414.9811329989461,992.8368410037365,365.3297940036282
17,0,0,4,1,0,1,1,131.00615399889648,183.63530401256867,2171.523547003744,1077.8163109935122
13,0,0,2,0,0,1,1,132.32807000167668,190.2794659981737,1318.5615630063694,602.4123829993187
13,0,0,5,0,0,1,12,64.788610994583,89.41835100995377,9507.013217007625,2524.5588070101803
1,0,0,0,0,0,0,2186,102.14839500258677,152.33380999416113,288.64163999969605,149.8467189958319
1,0,0,0,0,0,0,1901,105.40433500136714,147.85892301006243,288.8464810093865,151.267695997376
34,0,0,1,2,0,2,1,569.0833260014188,534.7135990014067,1239.813337000669,881.6290039976593
13,0,0,3,2,0,2,4,509.14262200240046,410.70143500110134,738.7984200031497,301.57205200521275
4,0,0,0,1,0,1,290,155.81097100221086,197.49948299431708,340.74814000632614,174.97497401200235
13,0,0,5,0,0,1,276,616.3213980034925,523.7988379958551,4720.665161992656,2362.462916004006
114,0,0,0,8,0,1,0,745.1815999957034,748.3955509960651,652.6585910032736,263.384068995947
8,0,0,1,0,0,1,9,129.68436699884478,171.52421599894296,625.8120009879349,276.47098299348727
20,0,0,0,3,0,1,3,126.21045199921355,165.67508099251427,383.5466250020545,144.91819399700034
6,0,0,1,0,0,1,10,123.99854500836227,170.62182100198697,639.9751370045124,310.7971209974494
12,0,0,2,0,0,1,6,247.4697279976681,369.53881100635044,666.6644029901363,305.0460420054151
17,0,0,3,2,0,2,1,127.5687290035421,176.62294700858183,1428.3591410057852,597.9524030117318
8,0,0,2,0,0,1,105,126.54550699517131,176.81785600143485,549.7084700036794,322.7735289983684
1,0,0,0,0,0,0,8533,99.05085100035649,136.47400400077458,275.0927699962631,155.01639200374484
32,0,0,3,3,0,2,0,808.7399089999963,1115.1532250078162,1079.5671590021811,718.5152099991683
26,0,0,2,1,0,2,27,148.67363800294697,211.20032199542038,1624.927505996311,737.9049459996168
21,0,0,1,2,0,2,1,82.20654199249111,90.68592599942349,629.1742989997147,321.7533760034712
12,0,0,1,0,0,1,1,123.98871401092038,112.05717000120785,556.4020419988083,311.01597400265746
11,0,0,5,1,0,3,12550,99.07058600219898,92.8888759954134,2183.28713500523,1020.6618590018479
185,0,0,3,14,0,2,1,416.62094900675584,418.04553898691665,4034.074220006005,1116.2055149907246
24,0,0,2,0,0,1,1,127.37137298972812,179.16720699577127,1319.7637089906493,620.63646200113
34,0,0,2,2,0,2,12550,196.5341739996802,59.928462011157535,1385.9399299981305,1086.0856250073994
14,0,0,4,2,0,3,10,513.3952909964137,375.0328530004481,692.4436239933129,207.00302100158297
13,0,0,1,2,0,1,1,122.72994600061793,165.1961309980834,692.1238380018622,290.89086801104713
7,0,0,2,1,0,1,594,498.2377669948619,689.4471239938866,664.8047179915011,325.70905800093897
8,0,0,2,0,0,1,13,121.71668899827637,172.12578799808398,1236.6394860000582,569.0313999948557
9,0,0,1,2,0,2,18,378.768303009565,370.3746340033831,506.62289100000635,343.0803490045946
38,0,0,3,3,0,2,2,767.2611640009563,717.5310879974859,5116.186351995566,3565.681701002177
14,0,0,1,1,0,1,1,128.12060299620498,176.32268600573298,705.6235219934024,315.01665800169576
12,0,0,3,0,0,1,2,237.64608400233556,345.7550720049767,1163.0825129977893,601.316261003376
8,0,0,1,0,0,1,1,133.46687400189694,186.97283200162929,651.242418010952,308.9941039943369
18,0,0,1,3,0,2,3,400.25916100421455,318.31773900194094,1292.236242996296,956.0948610014748
12,0,0,4,0,0,1,710,198.66230699699372,198.80993299011607,2495.222844008822,1195.7294680032646
15,0,0,4,2,0,2,118,636.1048529943218,871.4518479973776,2717.317173999618,932.8260330075864
5,0,0,0,1,0,1,490,408.7603219959419,487.03563399612904,492.2609639907023,405.1435239962302
10,0,0,5,0,0,1,12550,76.98332300060429,106.30323601071723,4293.86923200218,1896.702940997784
57,0,0,8,5,0,3,352,1279.8041170026409,3062.0970479940297,60000.0,41607.29746399738
13,0,0,1,0,0,1,1,119.28835399157833,168.87448499619495,661.4182859921129,330.2657049935078
2,0,0,0,0,0,0,81,62.350298001547344,163.76863200275693,307.3003239987884,147.8650880017085
16,0,0,3,1,0,1,1,374.8878250044072,182.52032400050666,4602.24605500116,1307.7406410011463
399,0,0,3,17,0,2,1,702.2777289967053,670.3346420108574,10720.65953699348,1022.4350930075161
35,0,0,2,5,0,1,1,127.91438199928962,163.01123300218023,1704.7389869985636,561.371396004688
8,0,0,3,0,0,1,0,240.12431100709364,349.337450999883,1242.6888570043957,595.603833993664
21,0,0,6,2,0,2,1,132.54621399391908,171.9697589869611,5669.9597380065825,2365.1398600050015
18,0,0,2,0,0,1,1,125.03289800952189,176.82189599145204,1388.2730090117548,584.8899339907803
55,0,0,6,5,0,3,490,2372.4952019983903,4875.973992006038,8589.67036800459,5691.164119009045
10,0,0,2,0,0,1,2,121.0835660021985,164.89654500037432,1307.442880992312,619.8182890075259
12,0,0,4,0,0,1,654,128.97381700167898,180.7907390029868,4374.846869002795,2413.018399995053
15,0,0,3,1,0,1,3,134.3359439924825,184.18865400599316,816.7748859996209,610.485769007937
38,0,0,1,3,0,2,5,1208.8518060045317,814.625287996023,345.52305699617136,394.48863299912773
12,0,0,4,2,0,3,12550,120.24493400531355,78.21681699715555,1792.7458089980064,894.0357570099877
54,0,0,5,5,0,3,4,1264.9645199999213,2319.769312001881,8577.379948008456,4015.2018109947676
7,0,0,0,1,0,1,34,279.9303339998005,315.4788840038236,268.85344699257985,313.22286200884264
88,0,0,3,3,0,2,36,1095.1697109994711,1837.3237320047338,2149.8475519911153,916.5710210072575
21,0,0,6,2,0,3,8,132.94474700524006,172.43132600560784,5122.630765006761,1682.626927999081
7,0,0,3,0,0,1,9914,114.6075029973872,158.61744999710936,1019.5676180010196,639.5548860018607
39,0,0,5,4,0,3,12550,258.303248003358,90.25493300578091,8228.541261996725,5745.339923989377
10,0,0,1,0,0,1,1,125.67993400443811,177.80727799981833,671.7254950053757,316.3152089982759
56,0,0,7,5,0,3,12550,338.5185270017246,105.39940498711076,14422.604577004677,11546.3371109945
10,0,0,1,0,0,1,1,133.8006750011118,188.0351590079954,701.0838669957593,348.1877869926393
48,0,0,3,4,0,3,0,1232.2587520029629,1445.0632370135281,2224.366482012556,619.0379670006223
28,0,0,2,5,0,1,1,150.6747980020009,183.24149599357042,1797.0651039941004,641.461597988382
45,0,0,4,4,0,3,0,1240.5679209914524,702.6042900106404,4319.255737005733,1090.774288008106
15,0,0,0,2,0,1,13,427.84006700094324,422.9194509971421,609.875899986946,453.4768939920468
17,0,0,1,3,0,1,1,140.9682800003793,185.0737519998802,750.2942310093204,304.6402140025748
140,0,0,6,5,0,2,1,1300.9404949989403,1074.1556900029536,18657.88065000379,5897.071880011936
19,0,0,4,2,0,3,0,141.69370499439538,183.03496899898164,2794.4134499994107,1179.177370009711
54,0,0,5,5,0,3,37,1772.4672659969656,1866.9475219940068,8220.199613002478,5056.445980007993
18,0,0,3,2,0,3,1,141.44986199971754,187.59394501103088,1053.5335689928615,603.007138997782
21,0,0,6,2,0,3,3,133.91087600030005,170.97342599299736,5537.272743997164,2120.183299004566
1,0,0,0,0,0,0,8533,100.14968299947213,137.62523600598797,276.75999100029003,155.38175500114448
8,0,0,2,0,0,1,42,123.83595999563113,174.0725330018904,1282.066792002297,605.747148001683
4,0,0,0,0,0,0,45,118.9283260027878,150.9104700089665,164.85899999679532,75.52173500880599
16,0,0,5,2,0,3,124,643.6475969967432,594.1502390051028,1639.6130249922862,1185.5377119936747
8,0,0,1,0,0,1,1,241.83239600097295,354.9628470063908,331.814144999953,160.53923900472
8,0,0,1,0,0,1,1,66.55802800378297,128.22531499841716,377.2695100051351,155.2716520091053
2,0,0,0,0,0,0,3160,119.94122801115736,163.65764901274815,314.2718769959174,155.2185430045938
13,0,0,2,0,0,1,1,127.94141999620479,178.1545220001135,1163.4541529929265,620.9038810047787
109,0,0,6,4,0,3,30,1158.9141639997251,2314.272372997948,12309.623482011375,5221.095180997509
133,0,0,1,8,0,2,1,477.434214000823,428.5157709964551,1415.9676249983022,339.9035340116825
10,0,0,4,1,0,2,12550,103.15395900397561,93.05246100120712,2008.9527469972381,1088.446957000997
173,0,0,1,12,0,2,0,500.41437199979555,740.277906996198,1841.3653419993352,367.36702399502974
10,0,0,2,0,0,1,12,266.26127600320615,354.09391499706544,329.63604100223165,243.12764500791673
58,0,0,9,5,0,3,12550,349.6565099922009,106.84143099933863,60000.0,48573.472923002555
2,0,0,1,0,0,1,12550,19.89025200600736,23.701080004684627,103.14901199308224,150.66705500066746
33,0,0,4,3,0,2,0,1328.9054950000718,1289.3075119936839,2331.8363609869266,1611.0894470039057
6,0,0,0,0,0,0,4,124.58901999343652,122.91788699803874,168.87715000484604,107.83814398746472
18,0,0,1,0,0,1,16,76.87190199794713,94.54704199742991,399.07279500039294,311.4361070038285
1,0,0,0,0,0,0,1901,105.45377199014183,148.07375898817554,286.1324079858605,148.65487099450547
9,0,0,2,0,0,1,31,165.68534199905116,237.23221800173633,1328.1578379974235,638.6223000008613
15,0,0,4,0,0,1,2,127.88504900527187,172.7659979951568,4381.900737993419,1963.70934699371
10,0,0,0,1,0,1,2,372.45656600862276,185.51940900215413,575.9648149978602,104.92131199862342
39,0,0,1,2,0,2,1,343.94435900321696,361.60719601321034,1165.1026219915366,768.945536998217
11,0,0,3,0,0,1,5,362.21330899570603,557.7653660002397,1289.3096349871485,604.188236000482
10,0,0,1,1,0,1,0,398.8265829975717,188.51839398848824,1210.6639760022517,338.92371799447574
15,0,0,1,1,0,2,4,273.23331699881237,169.43661800178234,1103.953237994574,363.0816579970997
16,0,0,5,2,0,2,176,629.3050090025645,915.4543009935878,5388.2322999998,1881.4217850012938
30,0,0,3,3,0,3,0,572.2593329992378,182.6501549949171,1689.014989999123,507.4617210048018
4,0,0,2,0,0,1,12550,46.93555699486751,60.254662996158004,539.645646000281,274.16410499427
7,0,0,3,0,0,1,8399,176.50015999970492,253.0256919999374,899.9718370032497,641.7402369988849
20,0,0,5,2,0,3,1,648.686587010161,588.4038359945407,2429.1312970017316,1180.9265939955367
21,0,0,1,1,0,1,1,123.35606799751986,175.8176250004908,745.4722249967745,314.248665003106
14,0,0,3,1,0,2,2,123.87329900229815,174.19800799689256,2154.3267679953715,564.2351800051983
5,0,0,1,0,0,1,276,132.15168999158777,183.67818699334748,658.2915949984454,343.867561998195
56,0,0,7,5,0,3,1,1204.352670989465,2270.6958050112007,13039.486651003244,7193.181341004674
7,0,0,3,0,0,1,4295,336.0739380004816,515.509203003603,1196.2676090042805,591.9160069897771
5,0,0,1,1,0,2,3085,66.8101960036438,77.68494200718123,301.3913059985498,148.74913200037554
14,0,0,5,2,0,3,9914,492.0347470033448,415.4660180065548,2596.347439000965,1173.8476759928744
14,0,0,4,2,0,3,25,169.09773599763867,221.88003700284753,2678.0771000048844,1106.1073900054907
1,0,0,0,0,0,0,1901,55.47264999768231,91.34294699470047,283.56780600734055,144.7374179988401
56,0,0,7,5,0,2,1,1540.0944459979655,831.9490430003498,46284.21903800336,27003.686901996844
10,0,0,0,0,0,0,1,118.30830801045522,167.9489590023877,327.32693300931714,148.1162359996233
18,0,0,2,0,0,1,1,123.4160489984788,173.5195549990749,1375.974264999968,595.5001280090073
8,0,0,4,0,0,1,12550,66.2414820108097,89.99603599659167,1637.0218350057257,781.7666579940123
55,0,0,6,5,0,2,4,1829.2067650036188,2114.6167820115807,20383.956053003203,13396.758449991466
6,0,0,2,0,0,1,0,242.3896320105996,357.3424399946816,353.2814670033986,168.61904998950195
14,0,0,3,0,0,1,1,120.43601799814496,167.1557639929233,2372.7660110016586,1134.1395089984871
34,0,0,4,3,0,3,1,215.00341800856404,217.16153300076257,6673.215507995337,4227.914893999696
20,0,0,5,2,0,3,0,644.0800709970063,587.7612449985463,2793.370119004976,1193.31017100194
399,0,0,3,17,0,2,1,715.7510130055016,680.230878002476,13063.128467998467,1652.233104003244
41,0,0,1,3,0,1,1,131.54554399079643,177.49438399914652,565.7837519975146,158.20116600662004
8,0,0,1,1,0,2,2,405.7976319891168,183.51449600595515,446.78712499444373,176.03853800392244
137,0,0,3,5,0,2,1,479.9890849972144,383.50652500230353,3470.526692995918,823.9922130014747
55,0,0,6,5,0,3,233,1744.7155450063292,2541.6601399920182,7427.611039005569,5701.262143993517
35,0,0,2,3,0,2,0,697.9377940006088,704.2909270094242,2235.5520310084103,1058.6879370093811
46,0,0,5,3,0,3,12550,264.8233079962665,75.75071400788147,5545.376075999229,4329.925981000997
9,0,0,3,0,0,1,52,130.63490600325167,182.42784700123593,2368.099383005756,993.3572900044965
107,0,0,2,10,0,2,1,537.2190009948099,518.9858710073167,2654.82747698843,880.0001429917756
32,0,0,2,3,0,2,1,450.1423280016752,441.37095799669623,1247.1334149886388,760.120206992724
53,0,0,6,4,0,3,0,1066.5159390046028,1170.2401939983247,13089.263237998239,2796.285100004752
11,0,0,2,0,0,1,0,242.64563800534233,354.4907789910212,661.6922770044766,303.6316439975053
16,0,0,1,1,0,1,1,68.59028300095815,87.09911600453779,364.06165298831183,277.1867480041692
18,0,0,1,1,0,2,0,672.6396310114069,184.9714170093648,1026.865613006521,339.0978469979018
52,0,0,3,5,0,2,1,1240.2407429908635,1099.6764620067552,2712.3218439955963,1890.8220790035557
11,0,0,2,0,0,1,7,134.234627999831,188.68126199231483,1315.95276700682,610.9005449980032
13,0,0,2,1,0,1,1,126.47134100552648,177.53893201006576,985.303257999476,306.9905159936752
8,0,0,1,0,0,1,7,243.4799339971505,371.54723500134423,330.1480829977663,158.62930900766514
9,0,0,3,1,0,2,3085,317.4842769949464,472.687894012779,1220.8772040030453,553.4040339989588
8,0,0,1,0,0,1,17,129.8944139998639,180.54726599075366,162.54153399495408,102.95530399889685
4,0,0,1,0,0,1,0,238.65273399860598,359.5307289942866,335.0086949940305,168.14308598986827
7,0,0,0,1,0,1,1,66.0508589935489,158.686167007545,236.65499599883333,93.65729500132147
8,0,0,0,1,0,1,1,132.35491199884564,181.8815049919067,204.0671089926036,166.20673298893962
21,0,0,1,4,0,2,1,116.0373540042201,159.81888798705768,751.1085320002167,282.20957500161603
7,0,0,0,0,0,0,1,122.87616600224283,171.58524300612044,245.65203199745156,78.92219099448994
6,0,0,1,0,0,1,323,128.4444449993316,183.85248199047055,660.687544994289,332.1027689962648
13,0,0,2,1,0,1,2,82.45565299876034,163.77755400026217,1368.5982530005276,601.5866950037889
28,0,0,3,5,0,2,1,78.46181601053104,101.28352299216203,2752.1293059980962,1268.2046160043683
19,0,0,2,2,0,3,2,452.49511099245865,493.61030900035985,1713.6448140081484,572.6578989997506
11,0,0,3,2,0,3,9230,88.40864899684675,99.99375000188593,1799.648903994239,882.0725780096836
8,0,0,3,0,0,1,0,274.6699599956628,398.9743239944801,1093.752378001227,571.0209569951985
11,0,0,0,0,0,0,2,124.014464992797,171.3436139980331,343.7972230021842,160.3087109979242
15,0,0,5,2,0,3,1441,704.6104139881209,542.9417560080765,2629.0087980014505,1188.0235299904598
50,0,0,5,4,0,3,0,2064.5967199961888,3482.5463949964615,8712.926303996937,2251.8022250005743
47,0,0,3,4,0,3,3,1220.8160029986175,1210.5933239945443,2299.3776479997905,1429.5566869986942
27,0,0,2,5,0,1,1,590.431434000493,647.5872349983547,848.8691829988966,333.2430989976274
17,0,0,1,2,0,2,1,119.62839700572658,167.46466200856958,701.7136509966804,287.39946900168434
37,0,0,2,6,0,2,1,129.15224800235592,167.15181100880727,1742.2715139982756,560.1441290054936
5,0,0,1,0,0,1,433,121.46329200186301,170.03151300013997,632.0635200099787,303.8235260028159
16,0,0,6,2,0,3,8399,898.6726089933654,1009.2731990007451,5153.650590000325,2322.6391299976967
56,0,0,7,5,0,3,12550,334.538128998247,104.07524900801945,16092.040646995883,9466.225016993121
108,0,0,3,10,0,2,1,535.7056939974427,1228.1666280032368,6098.772124008974,1369.1670059924945
57,0,0,8,5,0,3,166,969.0532219974557,3134.7923209978035,60000.0,40258.99043898971
135,0,0,3,8,0,2,1,619.5467209909111,584.8161070025526,6360.119814009522,1805.2785280015087
22,0,0,3,0,0,1,1,68.20308600435965,92.0598780066939,1839.0867820126005,653.7422059918754
8,0,0,3,0,0,1,533,118.6105509987101,163.30202099925373,2188.605848001316,1005.988339005853
14,0,0,6,0,0,1,80,248.95803300023545,332.95416001055855,9842.696560008335,4668.484772002557
108,0,0,3,10,0,2,1,540.4813709901646,514.2336920107482,6023.455178990844,1591.2257419986418
88,0,0,3,8,0,2,1,1298.1184010131983,1237.5347769993823,1719.110998994438,1022.5707100034924
6,0,0,0,0,0,0,5,64.10331300867256,84.18609500222374,162.22238700720482,77.62683200417086
21,0,0,1,0,0,1,1,119.4157869904302,162.75163099635392,699.6707640064415,285.4615950054722
11,0,0,2,0,0,1,1,126.80570699740201,176.0585909942165,1300.9506029920885,306.0153539991006
14,0,0,2,2,0,1,1,64.1313359956257,83.2709789974615,1045.2656379929977,527.0039179886226
12,0,0,2,1,0,1,1,124.81920700520277,174.01479800173547,1017.7030079939868,356.4018969918834
10,0,0,2,1,0,1,0,120.28018099954352,172.34500400081743,1307.9842010047287,504.9629989953246
6,0,0,2,0,0,1,3160,353.95178000908345,544.1552020056406,342.3877290042583,277.4107790028211
56,0,0,7,5,0,3,8,1892.4965049955063,2175.110534997657,34635.59522500145,19160.606170000392
56,0,0,7,5,0,3,1,1085.0088189909002,1039.7570860077394,36298.76131599303,21381.70064300357
18,0,0,1,3,0,2,1,123.57589599560015,172.96697100391611,740.1551649963949,310.48598600318655
7,0,0,1,1,0,1,1,498.2584980025422,367.5684260088019,222.2421780024888,145.12898300017696
7,0,0,2,1,0,3,9230,73.51048898999579,88.58485000382643,828.4025989996735,452.19288700900506
2,0,0,1,0,0,1,12550,36.01701201114338,44.639876010478474,291.4421419991413,149.89677398989443
47,0,0,0,8,0,1,1,373.8466319919098,189.55869199999142,709.6956449968275,165.93142300553154
55,0,0,6,5,0,2,1,636.0750909952912,602.7830249950057,24498.6408350087,13108.50088200823
109,0,0,6,4,0,3,1,630.666229990311,642.2698780079372,21703.900458000135,11137.569800994243
48,0,0,1,3,0,2,1,580.9315210062778,941.0707559873117,897.2063399996841,449.85660299425945
9,0,0,1,0,0,1,3,122.13996199716348,172.13170901231933,656.6587559937034,306.1320109991357
44,0,0,4,4,0,2,1,1351.8087980046403,1264.1604779928457,2415.0471939938143,1356.862208005623
22,0,0,7,2,0,3,1,486.60651400859933,631.4967720099958,7947.582453998621,4328.553525992902
39,0,0,2,6,0,2,1,877.1570700046141,878.3597680012463,1367.405648008571,412.2047080018092
73,0,0,1,4,0,2,1,1480.6958259869134,1414.051080995705,694.0220120013691,365.1307450054446
14,0,0,2,1,0,1,1,128.712199992151,177.16357100289315,1376.2943600013386,606.3555159926182
38,0,0,3,6,0,2,1,126.59474200336263,165.85874299926218,3017.6930949965026,1111.4489379979204
59,0,0,1,4,0,2,1,751.2682660017163,709.565457989811,1010.6799950008281,533.6746579996543
11,0,0,2,0,0,1,1,258.55937800952233,384.92922799196094,705.226340010995,346.4634069969179
22,0,0,7,2,0,3,9,694.1339159966446,656.7914339975687,10792.73767399718,4399.434968989226
53,0,0,4,5,0,3,3,1228.1150209892076,1189.132087994949,4477.552270996966,2778.1063849979546
37,0,0,1,2,0,2,4,594.0011409984436,493.4670929942513,728.1556349917082,836.8506120023085
8,0,0,2,0,0,1,30,253.3866269950522,370.00225800147746,622.4758949974785,288.4957349888282
23,0,0,1,1,0,2,21,632.360856005107,721.2861700099893,849.1624190064613,498.2764439919265
32,0,0,3,3,0,2,0,1153.5039620066527,1284.1233260114677,1390.7996589987306,965.3150419908343
26,0,0,4,3,0,3,35,743.9779870037455,513.8865129993064,3616.089397997712,1730.144556000596
7,0,0,3,0,0,1,8399,176.63122100930195,140.9994529967662,1072.5233720004326,652.6760420092614
33,0,0,2,3,0,2,3,744.8397769912845,570.7163030019728,1356.0944799974095,1410.3658070089296
7,0,0,0,1,0,1,8,125.37049299862701,174.49789600505028,343.3967000019038,162.81302500283346
30,0,0,3,3,0,2,2,557.1191089984495,958.7001140025677,4482.2652579896385,2220.9727890003705
53,0,0,4,5,0,2,1,1250.8923729910748,827.1183940087212,3027.266043005511,1786.3749410025775
3,0,0,0,0,0,0,1626,133.21256400377024,184.65171998832375,333.00514399888925,176.04182301147375
53,0,0,4,5,0,3,3,764.3052369967336,1191.4085399912437,4590.205754007911,2778.8883519970113
54,0,0,5,5,0,3,0,1249.0169099910418,1209.9247260048287,7071.518358992762,5539.50930100109
40,0,0,3,3,0,2,12550,127.94806600140873,39.2963349877391,1262.0590450096643,911.9207480107434
40,0,0,6,4,0,3,124,757.8163040016079,2447.8149190108525,28880.09801998851,22104.40687899245
15,0,0,1,1,0,1,1,63.28705798659939,84.029997990001,473.4244290011702,207.61845400556922
9,0,0,3,1,0,2,3085,314.813596996828,471.2965990038356,1222.5125249970006,563.1216610054253
11,0,0,2,0,0,1,2,134.73584200255573,189.8738549934933,1200.4328990005888,608.2653350022156
13,0,0,3,1,0,1,1,141.8499159917701,200.52497000142466,664.7378540073987,284.2013570043491
6,0,0,1,0,0,1,13,65.9699990064837,89.63886399578769,326.69012299447786,154.4956300058402
11,0,0,1,1,0,1,0,248.66378599836025,355.1351360074477,338.2164200011175,149.47585899790283
11,0,0,1,0,0,1,1,65.68913000228349,89.41850400879048,338.0422279878985,155.5633759999182
28,0,0,3,5,0,2,1,587.0469010114903,568.552405005903,1641.5738119976595,644.051205003052
11,0,0,0,2,0,1,0,422.57585799961817,416.1293619981734,561.1736440041568,424.40878599882126
186,0,0,4,14,0,2,1,417.0454710110789,417.230858001858,4487.491773994407,985.093968003639
8,0,0,3,1,0,2,12550,89.35683500021696,78.27900200209115,1102.9500149888918,577.6976509951055
33,0,0,4,3,0,2,122,1866.1968980013626,2462.945153005421,2529.5441579946782,1379.0352440119023
26,0,0,4,3,0,3,13,422.67150100087747,422.6141959952656,7279.092846001731,5017.7863919961965
13,0,0,2,0,0,1,2,121.25550699420273,170.99679000966717,1319.9427499930607,435.0439639965771
34,0,0,1,3,0,1,1,467.51002498785965,234.82730000978336,954.87264500116,403.1019260000903
12,0,0,2,1,0,1,18,120.40122400503606,165.68671799905133,1294.2897719913162,483.5027690132847
11,0,0,5,0,0,1,1190,450.9964780008886,693.2206569908885,4504.270025005098,2068.5231539973756
11,0,0,1,1,0,2,1,120.47620800149161,168.6754730035318,631.3747499953024,224.8528619966237
1,0,0,0,0,0,0,9914,84.13861600274686,111.758558996371,247.42363899713382,162.16507100034505
40,0,0,5,6,0,2,1,67.22364701272454,85.84875900123734,5561.347676004516,2232.2548829979496
51,0,0,2,5,0,2,1,951.099763988168,654.663369001355,798.72606099525,579.2604129965184
15,0,0,2,1,0,2,1,514.4628999987617,374.04690199764445,1150.844905001577,336.7708750010934
6,0,0,1,0,0,1,4,242.44402699696366,352.5279390014475,324.82295100635383,156.79090999765322
15,0,0,1,3,0,2,2,224.83641699363943,212.83137799764518,826.1095119960373,834.83860900742
52,0,0,3,5,0,2,0,1241.6279049939476,1326.4310009981273,3126.424146001227,1817.742299012025
15,0,0,1,1,0,1,1,121.87160199391656,169.56133100029547,539.5057770074345,301.2938930041855
12,0,0,5,0,0,1,371,128.05206199118402,179.51209700549953,9995.831837004516,4222.88362600375
10,0,0,1,0,0,1,1,122.77826700301375,175.5052259977674,658.7053900002502,312.8137699968647
15,0,0,5,2,0,3,25,167.82488199532963,221.97788399353158,5381.363758002408,1338.154928991571
5,0,0,2,0,0,1,0,238.33136098983232,349.7510470042471,620.3240320028272,298.9533410000149
55,0,0,6,5,0,3,78,1246.0808809992159,2943.862651998643,8544.112228002632,5737.56397300167
13,0,0,4,2,0,3,0,633.4801430057269,565.4767700034427,1308.3649320033146,594.6067059994675
29,0,0,3,5,0,1,1,151.67718000884634,183.96204999589827,3439.150977996178,1275.3619049908593
8,0,0,3,1,0,2,12550,88.71888900466729,78.57684099872131,1038.7422519997926,577.6871329871938
7,0,0,3,1,0,3,12550,77.79130100971088,62.53155900049023,511.2955650110962,302.3853949998738
38,0,0,2,4,0,2,1,380.2314530039439,406.38466698874254,1238.66020499554,407.8305049915798
5,0,0,1,0,0,1,119,121.04376099887304,168.85766699851956,614.9473499972373,295.1791509985924
12,0,0,2,1,0,1,2,122.69643000036012,167.01959900092334,1309.6638040005928,565.8448600006523
8,0,0,1,1,0,1,1,372.960275009973,184.68268399010412,940.9865079942392,342.60662501037586
15,0,0,5,2,0,3,289,1009.3615560035687,1264.3475360091543,2674.607848006417,1191.2767039902974
14,0,0,1,2,0,1,1,123.95757400372531,170.1662830018904,673.778570999275,289.5915740082273
60,0,0,1,4,0,2,1,1297.6295070111519,780.4184920096304,337.7415440045297,220.75098101049662
53,0,0,4,5,0,2,0,1244.5264740090352,1199.8117519979132,6175.183140003355,3623.5210669983644
6,0,0,0,1,0,1,132,386.780151995481,467.8023880114779,605.4900279996218,502.6694769912865
29,0,0,1,3,0,2,7,532.6724119950086,861.6228089958895,1234.79612400115,869.5816039980855
7,0,0,3,0,0,1,8399,176.1800590029452,253.4133470035158,1271.8651489994954,634.9285879987292
74,0,0,2,4,0,2,1,1391.9708879984682,1415.4711720038904,1326.0590749996481,673.2392370031448
5,0,0,2,0,0,1,9230,106.09724299865775,149.49665300082415,590.0176650029607,290.03566499159206
11,0,0,4,0,0,1,1886,286.1650670092786,423.1919770099921,2583.687969003222,1215.0072340009501
22,0,0,7,2,0,3,25,181.8959310039645,240.63039700558875,19571.9715180021,8381.087574001867
43,0,0,1,3,0,2,1,453.8349780050339,447.49815900286194,1442.9301359923556,927.2240060090553
6,0,0,2,0,0,1,696,265.4715779935941,391.7891570017673,658.221803008928,337.00077900721226
19,0,0,3,2,0,2,0,432.46765799995046,422.8839060087921,1881.087227986427,726.354893995449
50,0,0,3,3,0,2,46,1327.9516699985834,1921.1654539976735,2616.807226004312,1753.0035179952392
38,0,0,3,6,0,2,1,126.03282700001728,166.5121489932062,2712.886940003955,978.6464819917455
6,0,0,2,0,0,1,4475,293.6624059948372,440.14968899136875,631.4338920055889,309.2721629946027
173,0,0,1,12,0,2,0,784.9511959939264,744.4827419967623,1879.9638789932942,517.9197260004003
8,0,0,4,0,0,1,12550,67.72666500182822,91.3104579958599,1662.9391449969262,810.6500889989547
31,0,0,4,3,0,2,3,624.5892470033141,1054.233718998148,7810.749525000574,4430.01008698775
55,0,0,6,5,0,3,73,1684.1094929986866,2441.4671220001765,16340.046226992854,8672.135928005446
4,0,0,1,0,0,1,521,121.62777900812216,166.80706599436235,593.8684049906442,284.7638490056852
14,0,0,4,2,0,3,50,151.15010300360154,204.19661200139672,2390.319301994168,1181.882567005232
7,0,0,3,1,0,3,12550,79.10487700428348,62.34201601182576,514.3611230014358,305.93275900173467
15,0,0,5,2,0,3,25,165.15095200156793,216.76536899758503,4884.107638994465,2083.806934999302
56,0,0,7,5,0,3,1,1060.141702007968,1995.83215599705,13650.4543129995,6915.0425609987
57,0,0,8,5,0,3,4,917.5632260012208,2261.844997003209,25928.023986998596,14569.196042997646
5,0,0,1,0,0,1,1891,138.8318130047992,193.59233998693526,640.9041180013446,327.8013649978675
34,0,0,1,4,0,2,1,598.5794820007868,562.8050579980481,1137.0378939900547,462.7860009932192
11,0,0,3,0,0,1,3,258.74307300546207,379.60061999910977,1308.464443005505,611.9768780044978
32,0,0,2,3,0,2,2,480.96258599252906,742.5403439992806,2191.1842539993813,1557.8933039942058
66,0,0,1,4,0,2,1,416.1657969962107,405.76979699835647,1484.9202220066218,592.0222910062876
108,0,0,5,4,0,3,2,1328.387963003479,1271.6258130094502,7446.245133993216,2289.2314399941824
22,0,0,7,2,0,2,1,139.52491800591815,172.11830599990208,10451.64526400913,4274.271078000311
55,0,0,6,5,0,3,6,1263.664420999703,1007.8936960053397,8491.299139001057,5539.575748000061
71,0,0,2,12,0,2,1,130.84563599841204,177.86318699654657,2295.6568029912887,634.0205909946235
16,0,0,1,1,0,2,12550,58.23343899101019,23.69462000206113,606.3762539997697,554.6831889951136
7,0,0,2,1,0,2,9230,81.98456300306134,100.68390300148167,912.833465001313,600.4953930096235
53,0,0,4,5,0,2,8,1567.3293830041075,2117.2427179990336,5129.686738000601,3586.383942005341
7,0,0,2,0,0,1,2044,243.50108500220813,360.13281901250593,666.8387340032496,330.3604219981935
11,0,0,1,2,0,2,83,522.8770949906902,961.5565330022946,1026.7020449973643,803.2170520018553
38,0,0,3,4,0,3,0,119.13979100063443,162.55198199360166,1416.4189319999423,559.5008079981199
40,0,0,3,6,0,2,1,881.6293939889874,873.7694710143842,1383.6556260066573,435.58058100461494
3,0,0,1,0,0,1,4295,219.9090650101425,321.3244560029125,317.10370699875057,171.59972700756043
1,0,0,0,0,0,0,1901,107.1187799971085,149.2093830020167,282.90581500914413,145.76821599621326
9,0,0,2,1,0,3,12550,88.02917000139132,43.60659200756345,751.2903960014228,888.7688480026554
30,0,0,2,3,0,2,8,536.9025859981775,863.8653649977641,2356.3064620102523,1686.6760150005575
13,0,0,4,2,0,3,19,647.1018260053825,593.1651480059372,683.5762770060683,301.75642399990465
10,0,0,4,1,0,2,12550,101.36115600471385,81.97799199842848,2347.0776369940722,547.1204969944665
8,0,0,1,0,0,1,19,125.31026201031636,176.87861699960195,653.9884070080006,304.67908800346777
10,0,0,2,2,0,2,12550,103.70664500806015,60.7347189943539,965.1065630023368,716.3410069915699
8,0,0,1,0,0,1,1,122.03609800781123,175.1116980012739,649.9037089961348,303.3910480007762
5,0,0,1,0,0,1,607,252.3949730093591,379.00569099292625,328.0175730033079,164.00514300039504
8,0,0,3,0,0,1,618,183.33927300409414,288.1564069975866,1233.0437500058906,599.5299240021268
12,0,0,2,1,0,2,6,96.2015630066162,108.39998399023898,650.184137004544,318.86569800553843
2,0,0,1,0,0,1,12550,36.914187992806546,44.391617993824184,247.97958899580408,163.39766599412542
11,0,0,4,0,0,1,764,158.97913099615835,226.60036500019487,4716.526743999566,1991.293929007952
7,0,0,1,0,0,1,7,129.88661001145374,178.7390149984276,664.1517829993973,322.92302198766265
33,0,0,3,3,0,2,1,370.5406710068928,439.8768299870426,3988.654200002202,3000.064096006099
11,0,0,2,0,0,1,3,124.67885599471629,176.6641769936541,1306.4870899979724,605.7378169934964
5,0,0,2,0,0,1,4295,226.36240800784435,331.11747400835156,625.9953739936464,315.6732159986859
8,0,0,3,0,0,1,154,184.29275999369565,386.8494209891651,795.4121270013275,555.0549740000861
15,0,0,4,0,0,1,6,119.44135099474806,167.93850099202245,4182.68312899454,2273.48844500375
14,0,0,6,0,0,1,696,739.9307199957548,1134.6373430133099,9900.530400991556,2965.703719004523
9,0,0,2,0,0,1,11,120.0897209928371,167.69417400064413,1246.296610988793,567.3756379983388
13,0,0,3,2,0,2,4,514.8862289934186,386.44904700049665,425.6601889937883,220.35559399228077
13,0,0,1,1,0,1,1,130.75887798913755,170.60058600327466,702.3081560037099,307.1220210113097
11,0,0,3,0,0,1,30,127.81858199741691,175.05321399949025,2533.812826994108,781.7595279921079
2,0,0,0,0,0,0,4804,59.932768999715336,80.5818660010118,168.89420201187022,173.24272298719734
19,0,0,4,2,0,2,1,506.90580399532337,373.88375400041696,1433.9920959901065,589.3899069924373
13,0,0,3,2,0,3,2,76.09227001375984,92.65846600465011,767.9534069902729,454.2537439992884
33,0,0,3,3,0,2,7,653.9178810053272,918.4838179935468,2353.8657859899104,1562.7384899999015
16,0,0,1,0,0,1,1,126.75148800190073,174.16020699602086,703.9380549977068,314.33207099325955
51,0,0,2,3,0,2,1,406.69011999852955,411.1897469992982,3069.3973379966337,1776.324876002036
21,0,0,6,2,0,3,3,132.91720900451764,173.28861099667847,4470.725872990442,2100.3522250102833
9,0,0,1,0,0,1,1,122.8938870044658,173.94588599563576,655.984778990387,219.15565099334344
2,0,0,0,0,0,0,3627,118.06376399181318,162.71631300332956,303.3922820031876,168.26389699417632
56,0,0,7,5,0,3,1,1247.0509810082149,1734.0623549971497,13598.908097992535,7680.463101001806
14,0,0,6,0,0,1,6476,545.1219800015679,829.4082020001952,10061.985865992028,4360.987223990378
3,0,0,0,0,0,0,1070,132.73573099286295,184.27108399919234,335.53641600883566,170.10871499951463
4,0,0,1,0,0,1,0,127.245330993901,180.85833099030424,643.5176969971508,326.30532199982554
54,0,0,5,5,0,3,1,1243.5227780079003,1198.422674991889,9341.719558011391,3841.611931013176
2,0,0,1,0,0,1,12550,36.78956799558364,44.1514780104626,284.95853699860163,146.27759500581305
8,0,0,4,0,0,1,12550,40.306408001924865,92.79397199861705,1662.1476319996873,799.6157099987613
13,0,0,5,0,0,1,181,75.51277099992149,175.66301999613643,9525.755427996046,4443.681900986121
6,0,0,3,0,0,1,12550,58.770965988514945,76.96392899379134,1089.243107009679,571.9478179962607
6,0,0,3,0,0,1,12550,59.34314499609172,76.79507300781552,942.4773450009525,495.20870299602393
26,0,0,2,5,0,2,1,147.22438700846396,186.2612539989641,812.3614560026908,328.5202359984396
56,0,0,7,5,0,3,473,1697.0740750111872,2815.2568170044105,17179.210445989156,10010.205831989879
13,0,0,5,0,0,1,21,361.81273200782016,547.2049349918962,5025.511265994282,2334.6359279967146
6,0,0,2,0,0,1,696,268.1978360051289,396.96530999208335,576.737048002542,335.8915589924436
21,0,0,3,2,0,2,4,304.75444499461446,253.01720001152717,4614.547617005883,1488.1624800036661
14,0,0,3,1,0,1,1,123.7791090097744,170.86307899444364,1981.2967530015158,1131.9040500093251
18,0,0,2,0,0,1,1,125.81844799569808,173.29006400541402,1278.320261000772,573.0016359884758
58,0,0,1,2,0,2,1,685.2538340026513,619.588236004347,916.018347008503,455.07785001245793
16,0,0,1,2,0,1,1,119.13591400661971,164.52218999620527,659.4086260010954,145.0664139993023
36,0,0,2,4,0,2,1,742.6612679992104,699.6176630054833,1911.0270520031918,1813.7536669964902
8,0,0,1,0,0,1,3,124.24257599923294,176.9939060031902,658.3074110094458,309.27791200520005
94,0,0,1,6,0,2,1,590.091363992542,365.9553049947135,997.841646996676,598.531641997397
11,0,0,5,0,0,1,4295,542.8337980119977,518.001568998443,4821.506230000523,1300.3167349961586
1,0,0,0,0,0,0,8533,98.39746799843851,136.8436990014743,275.5548269924475,153.51760800695047
1,0,0,0,0,0,0,9122,66.809441006626,88.34566400037147,220.7412249990739,156.75947901036125
11,0,0,3,0,0,1,9,130.6241160054924,211.49584799422882,956.5397360129282,305.69315899629146
6,0,0,3,0,0,1,12550,59.08900599752087,77.90934899821877,1119.1793690086342,588.955329003511
33,0,0,1,2,0,2,39,1237.1477910055546,1329.5346190134296,734.9347140116151,545.3432130016154
151,0,0,2,8,0,2,1,528.3668979973299,650.0549790071091,2836.73763499246,900.1887120102765
7,0,0,1,0,0,1,15,117.13098701147828,138.67675700748805,618.0559910135344,288.03800999594387
6,0,0,1,0,0,1,47,123.43405499996152,170.01257999800146,628.393410006538,291.66096200060565
5,0,0,2,0,0,1,8533,291.2281629978679,436.5873839997221,586.2622129934607,314.74917399464175
13,0,0,5,0,0,1,2172,296.0120089992415,436.31622499378864,5045.3022300062,2360.2963459998136
20,0,0,3,3,0,3,233,554.9989900027867,1346.2446230114438,3793.960780996713,2564.096404996235
42,0,0,1,6,0,1,8,126.25098999706097,165.49590000067838,914.2086299980292,285.34936800133437
7,0,0,2,1,0,2,9230,80.0889779930003,99.66711599554401,806.1172570014605,297.78957199596334
1,0,0,0,0,0,0,9230,39.08961999695748,69.15822200244293,202.71283001056872,151.60190800088458
15,0,0,3,0,0,1,1,121.51803000597283,109.21666599460877,2293.3887029939797,1179.086397998617
8,0,0,1,1,0,1,10,255.49431001127232,373.1760020018555,343.7771610042546,160.9959159977734
54,0,0,5,5,0,3,1,1217.218926991336,1189.8196119873319,7426.511897007003,4663.490412000101
11,0,0,1,1,0,1,2,131.2518380000256,176.80874800134916,684.9047799914842,312.0436410099501
12,0,0,4,0,0,1,97,140.49960899865255,195.22083199990448,5103.71786399628,2404.6668660012074
19,0,0,2,3,0,2,2,568.3942110044882,541.0033850057516,2595.5830860038986,1579.655413996079
13,0,0,3,0,0,1,1,127.22363699867856,178.43143100617453,2025.1571869885083,1235.087057997589
140,0,0,6,5,0,2,1,989.187123006559,1228.4148589969845,21181.162613007473,5590.327628000523
53,0,0,4,5,0,2,1,1260.5727329937508,1757.3069859936368,3078.9848300046287,1309.1621630010195
5,0,0,2,0,0,1,8399,97.79360301035922,134.6804710046854,1143.8883110095048,594.2828669940354
53,0,0,4,5,0,2,1,1237.969123001676,1377.5609500007704,5191.102210999816,3594.113686005585
19,0,0,4,2,0,3,1,139.7573489957722,184.60024999512825,2740.651590997004,1176.5416720008943
39,0,0,4,6,0,2,1,522.8519850061275,374.1088149981806,3292.67991699453,933.1565650063567
8,0,0,1,0,0,1,4,102.41576400585473,88.29017399693839,536.4925539906835,307.6737690134905
4,0,0,1,0,0,1,696,75.9078330011107,157.73825500218663,421.5721479995409,158.92384901235346
14,0,0,4,2,0,3,0,507.0569420058746,372.9617670032894,687.6414670114173,305.7670050038723
53,0,0,4,5,0,3,18,1787.6674139988609,2152.4626549944514,4241.150885995012,2389.881579001667
32,0,0,2,3,0,2,1,457.5340169976698,408.07734899863135,2416.1551389988745,1520.8014669915428
7,0,0,2,1,0,2,9230,63.98026300303172,100.87059400393628,1137.0457140001236,429.491909002536
13,0,0,2,0,0,1,1,124.09424400539137,166.20940300344955,1282.2915880096843,578.2539079955313
27,0,0,3,5,0,2,1,568.4862439957215,651.6920770081924,814.1416540020145,330.94947499921545
8,0,0,1,0,0,1,2,128.11436600168236,176.45913499291055,346.61797899752855,214.5790109934751
16,0,0,5,2,0,3,1401,317.68132200522814,448.9322580047883,2463.8506609917386,1763.75807999284
9,0,0,1,0,0,1,1,124.62148300255649,174.1675969969947,658.1501609907718,310.5132409982616
108,0,0,3,10,0,2,1,539.0136210044147,447.89041799958795,5590.85941799276,1775.1237240008777
13,0,0,2,1,0,1,2,135.21003699861467,188.52419100585394,1365.8962350018555,575.6254099978833
55,0,0,6,5,0,3,39,1242.8078279917827,2950.298362004105,12702.068541999324,7507.748239004286
9,0,0,0,0,0,0,0,123.83058499835897,174.116520996904,226.93005698965862,81.71710099850316
5,0,0,1,0,0,1,49,122.95441199967172,170.85510199831333,613.8796890008962,281.36675800487865
10,0,0,1,0,0,1,1,124.08833600056823,319.3145569966873,332.17024999612477,153.6746839992702
21,0,0,2,2,0,1,1,133.87691900425125,172.3339330055751,1282.6386989909224,600.1394699997036
20,0,0,7,1,0,3,0,646.2130480067572,588.7055900093401,9420.004462997895,2883.7413919973187
12,0,0,3,0,0,1,0,241.14366600406356,354.0600780106615,1091.1923500098055,304.4576079992112
20,0,0,3,2,0,3,247,550.7316490111407,534.425680001732,3360.95264100004,1136.0159040050348
1,0,0,0,0,0,0,9914,83.18565999798011,113.34626200550701,249.6989959909115,162.33926400309429
26,0,0,4,3,0,3,22,440.72302799031604,700.2020490035648,2401.6026059980504,1656.2487869960023
12,0,0,2,0,0,1,1,71.16013200720772,95.64484600559808,1041.3094859977718,610.3339319961378
16,0,0,3,2,0,2,2,257.1849459927762,357.1181900042575,698.8761850079754,292.4508950090967
9,0,0,1,1,0,1,2,131.23146499856375,180.10312000114936,168.129936006153,76.42127299914137
12,0,0,1,0,0,1,1,137.92528100020718,190.98085899895523,676.9949029985582,305.6653359963093
54,0,0,7,4,0,3,78,1244.2662669927813,2248.8381119910628,24480.13557700324,11700.200418999884
10,0,0,0,0,0,0,1,123.10137299937196,175.0849800009746,345.0411680096295,160.2338009979576
34,0,0,0,6,0,1,1,186.45970500074327,91.8924100114964,339.7277140029473,156.80062999308575
11,0,0,2,0,0,1,4,257.93748001160566,381.34866100153886,621.7444189969683,308.7619920115685
10,0,0,4,0,0,1,1607,120.24125400057528,167.70801099482924,4934.5803480100585,2326.997192009003
16,0,0,1,0,0,1,2,122.17241199687123,172.2715910000261,688.1678069912596,304.1442929970799
38,0,0,2,4,0,2,1,504.4307109928923,484.16043899487704,2441.566106994287,830.802530006622
8,0,0,0,0,0,0,1,120.92086300253868,165.95100400445517,321.20496899005957,150.4745050042402
14,0,0,2,2,0,2,12550,122.84395399910863,59.94604100123979,1233.3098910021363,997.7481780078961
29,0,0,3,5,0,1,0,153.1885119911749,181.68095700093545,3458.332854002947,708.3622450008988
10,0,0,1,0,0,1,1,114.22208399744704,172.61356399103533,667.5368580035865,317.98101200547535
21,0,0,8,1,0,3,0,517.2678039962193,618.8024979928741,19095.986892003566,7036.2711289926665
12,0,0,3,0,0,1,4,239.14556199451908,353.1415850011399,1301.4427279995289,600.2338189864531
19,0,0,4,2,0,2,1,136.4570030127652,171.59411900502164,2873.781661008252,1181.3077119877562
10,0,0,4,0,0,1,731,298.6834040057147,446.74171999213286,2327.390424994519,1192.08464800613
12,0,0,2,0,0,1,6,123.55042099079583,170.95173201232683,1203.3191540103871,466.20312400045805
13,0,0,1,1,0,1,1,131.35946900001727,171.8620949977776,610.4504630056908,274.7892469924409
31,0,0,2,3,0,2,122,1611.4698440069333,2062.9367729998194,1229.882583997096,747.6749260094948
11,0,0,3,0,0,1,2,259.74178200704046,332.23898299911525,1301.1716500041075,620.299731992418
3,0,0,0,0,0,0,455,62.45291999948677,113.17103399778716,321.9654559943592,113.74829699343536
16,0,0,1,1,0,2,12550,108.63013099879026,43.80885200225748,672.851786002866,553.9422830042895
2,0,0,0,0,0,0,4804,114.26332300470676,161.26832499867305,297.16297499544453,172.96475899638608
94,0,0,2,15,0,2,0,130.24307999876328,164.73643599601928,2605.0147929927334,557.7817459998187
17,0,0,4,1,0,1,1,132.5022200035164,183.29157300468069,1486.1286929954076,1154.7523980116239
8,0,0,0,0,0,0,0,119.2479059973266,164.82729399285745,323.41651000024285,145.20239499688614
13,0,0,2,2,0,2,1,501.8545369966887,464.2665370047325,530.4309529892635,295.02659699937794
11,0,0,1,1,0,1,1,121.97741400450468,167.49279899522662,612.3372579895658,149.3965559930075
13,0,0,5,0,0,1,2172,291.83879199263174,433.8426389876986,5089.033741998719,2043.1275050068507
94,0,0,2,7,0,2,1,626.461879000999,596.8628780101426,3155.863789987052,1353.4355989977485
20,0,0,3,3,0,2,15,665.3440459922422,628.6362219980219,4899.945160999778,3586.947585994494
6,0,0,1,1,0,2,12550,72.56378799502272,44.18737500964198,493.9922970079351,401.05558100913186
108,0,0,3,10,0,2,1,539.6395889983978,519.6308969898382,6353.44557899225,1572.5496969971573
28,0,0,3,5,0,2,1,302.2038390045054,321.4241370005766,816.9407620007405,525.444601997151
10,0,0,1,0,0,1,2,67.72977700165939,86.70244899985846,335.0584540021373,155.55005900387187
211,0,0,2,9,0,2,1,524.6134550106945,499.5621530106291,4414.650632999837,1326.6139429906616
38,0,0,3,6,0,2,1,127.2846959909657,166.59437300404534,3449.691639005323,1100.663766002981
10,0,0,1,1,0,1,1,251.2379950057948,371.951490000356,348.8531699986197,159.0308320010081
14,0,0,4,2,0,2,4,516.8936499976553,412.78820899606217,701.5679490141338,299.59295100707095
33,0,0,1,2,0,2,39,1242.0077819988364,1333.899591001682,735.9411119978176,544.9064330023248
10,0,0,1,0,0,1,2,118.64966500434093,163.3064130001003,632.3995599959744,285.442727006739
5,0,0,1,0,0,1,10,129.89788698905613,184.4365610013483,631.8172449973645,300.8314869948663
56,0,0,7,5,0,3,490,2645.030643005157,4662.192454008618,12837.34013600042,8437.180666995118
15,0,0,3,2,0,2,8,595.9583049989305,564.8211590014398,2467.43674800382,1913.4967110003345
7,0,0,1,0,0,1,9,251.64938399393577,374.18143400282133,327.9285490134498,158.03262799454387
4,0,0,0,0,0,0,0,123.66543000098318,170.5021710076835,320.6468389980728,157.26739600358997
2,0,0,1,0,0,1,12550,38.64612399775069,45.204346999526024,153.89367900206707,78.03444500314072
12,0,0,0,2,0,1,0,68.34479799726978,162.20027999952435,348.1741819996387,148.01470399834216
10,0,0,4,1,0,2,12550,103.28358398692217,91.52640799584333,2363.629925996065,1076.6085990035208
33,0,0,1,2,0,2,39,1237.497534006252,997.2470130014699,377.80249799834564,446.91408399376087
4,0,0,1,1,0,2,12550,67.36495399673004,45.1128510030685,578.3506550069433,495.5490090069361
21,0,0,3,2,0,3,178,582.3171979864128,1048.0593059910461,3559.787273989059,2742.445104988292
10,0,0,1,0,0,1,1,120.86531698878389,169.6343479998177,641.5987560030771,289.717482010019
15,0,0,2,1,0,1,1,369.29570700158365,180.4786599968793,2266.0306409961777,660.8282240049448
12,0,0,2,1,0,2,1,518.6301169887884,369.7893619973911,338.77634500095155,147.05581800080836
12,0,0,1,0,0,1,2,126.21159099217039,174.52219998813234,672.7471600024728,310.077789996285
55,0,0,6,5,0,3,35,1978.2425180019345,3248.09667399677,17028.140866998,11084.06126999762
7,0,0,0,1,0,1,4,397.37982299993746,210.8476720022736,613.5021509981016,177.36650799633935
19,0,0,4,2,0,3,1,486.4976380049484,361.3634539942723,1341.8668100057403,562.7875060017686
7,0,0,3,0,0,1,4295,330.9930169925792,494.46983500092756,1202.8012149967253,601.0090789932292
242,0,0,3,13,0,2,1,1220.1168890023837,1210.184912008117,4059.059704988613,899.28990000044
54,0,0,5,5,0,3,18,1709.63326600031,2458.7180410017027,3697.1893000009004,2766.4546330051962
12,0,0,4,0,0,1,45,160.3135510085849,209.3804799951613,2514.2538029904244,1205.4719669977203
14,0,0,1,1,0,1,1,123.20448999525979,170.008057000814,691.0964080016129,301.93058399891015
10,0,0,1,0,0,1,4,124.20659100462217,173.5308530041948,662.5294139957987,311.7443859955529
22,0,0,2,4,0,2,1,119.58555498858914,165.25511200597975,1410.5011179926805,422.2527099918807
8,0,0,3,1,0,3,9914,449.8017229925608,363.11173099966254,641.1595849931473,306.4705849974416
14,0,0,2,2,0,1,2,125.96594300703146,173.0135940015316,1397.7443749899976,570.900853999774
53,0,0,4,5,0,2,1,1294.4438970007468,873.6653709929669,2869.2696840007557,1501.618509995751
107,0,0,4,4,0,3,1,475.97442100232,647.3175170103787,6447.215148000396,2788.2243009953527
21,0,0,1,1,0,2,12550,100.99117700883653,43.56035099772271,459.824324992951,322.0649949944345
2,0,0,0,0,0,0,3532,112.38155700266361,154.18627399776597,296.49951100873295,211.36657700117212
25,0,0,1,3,0,2,1,530.8495299977949,513.0088490113849,1221.459861000767,822.6427560002776
20,0,0,3,3,0,2,18,1142.4579820013605,1033.4661009983392,1303.296220008633,914.7085470031016
55,0,0,6,5,0,3,1,1253.0721640068805,1740.8808010077337,7061.689110007137,5023.023332003504
400,0,0,4,17,0,2,1,365.39055001048837,339.7741480002878,19096.369304999826,3179.5500239968533
8,0,0,1,0,0,1,5,124.91403499734588,175.3547870030161,658.8119569933042,315.9887020010501
7,0,0,2,0,0,1,594,141.23660601035226,199.10300799529068,1227.8318320022663,587.3110450047534
56,0,0,7,5,0,3,792,2274.867048006854,3825.8435820025625,25250.445173995104,15912.14700099954
1,0,0,0,0,0,0,8533,100.02099399571307,140.1834249991225,274.23527200880926,152.94265499687754
8,0,0,3,0,0,1,0,156.8077450065175,226.2696940015303,2498.6167729948647,1190.2878319961019
56,0,0,7,5,0,3,1,1240.0636389938882,1199.9847419938305,33352.45131400006,19912.830015993677
13,0,0,5,0,0,1,276,618.2748940045713,934.9681210005656,4530.895962991053,2319.7319759929087
12,0,0,4,0,0,1,14,248.72721800056752,362.7899669954786,2557.7541120001115,1183.9703250007005
15,0,0,7,0,0,1,9914,462.2163169988198,701.2207319930894,19262.35856799758,7507.289821995073
39,0,0,2,4,0,2,1,555.7718619966181,510.960536004859,2633.9170200080844,1452.008874999592
11,0,0,5,1,0,3,12550,99.19847799756099,92.99059599288739,2103.376521001337,1093.4400879923487
108,0,0,3,10,0,2,1,279.2837589950068,981.4747600030387,3123.945098996046,906.0397150024073
10,0,0,4,0,0,1,618,249.2812970012892,354.82738600694574,2214.3710239906795,1113.6623820057139
243,0,0,4,13,0,2,1,1299.8908599984134,1407.5924229982775,8556.527369000833,952.1123660088051
21,0,0,3,2,0,3,12550,150.1637150067836,61.3272640039213,1805.4189140093513,1348.71149501123
12,0,0,0,1,0,1,2,127.72777301142924,165.5831600073725,346.65183899051044,147.50164998986293
16,0,0,1,1,0,2,12550,113.98383499181364,44.811134997871704,680.9149909968255,557.4945480038878
2,0,0,1,0,0,1,12550,38.5468329914147,45.488799005397595,203.37494400155265,152.71076899080072
30,0,0,1,2,0,2,6,695.8720300026471,1285.2160960028414,858.9937560027465,610.173508990556
89,0,0,2,6,0,2,0,617.716320004547,588.1487570004538,2926.5365439932793,799.0199069899973
108,0,0,5,4,0,3,1,699.2048630054342,688.8568299909821,11282.757124994532,4549.429644001066
13,0,0,2,0,0,1,1,121.77567799517419,169.3468559969915,1318.9017870026873,609.3488350015832
7,0,0,3,1,0,3,12550,77.72074999229517,62.5172740110429,530.6885239988333,299.94344599253964
8,0,0,3,1,0,2,12550,89.17781700438354,78.59806201304309,960.4793830076233,320.4318579955725
16,0,0,2,1,0,2,1,129.39143799303565,194.8522349994164,1382.631909000338,611.3677709945478
32,0,0,3,3,0,2,1,297.1784010005649,278.2608660054393,3708.874497009674,1584.3213640036993
8,0,0,3,0,0,1,1121,248.16664498939645,253.9873679925222,657.4670599948149,528.1661719927797
12,0,0,1,1,0,1,1,129.65689900738653,183.15703500411473,724.6068659878802,332.63016800628975
37,0,0,4,4,0,2,0,487.65705901314504,371.7035739973653,2865.3561159881065,558.3399850002024
54,0,0,5,5,0,2,1,997.8779010125436,1230.96652199456,3122.973195000668,1826.1932519963011
13,0,0,6,0,0,1,865,242.0947610080475,237.41815499670338,9375.296393001918,4220.962826002506
4,0,0,0,0,0,0,40,129.13752300664783,183.11418300436344,337.0524689962622,171.06014701130334
30,0,0,1,3,0,2,1,495.71804399602115,480.4419849970145,802.4404059979133,744.4283060031012
30,0,0,3,3,0,2,0,767.306419002125,366.26312498992775,2187.099999995553,658.7648999993689
46,0,0,5,4,0,2,0,1280.3301950043533,705.0298919930356,5810.6712949957,742.4358630087227
36,0,0,1,2,0,2,21,1188.811189000262,1288.4545650013024,673.8358270085882,486.1899270035792
55,0,0,6,5,0,3,12550,301.7745270044543,54.76456999895163,16891.138863997185,11131.606383001781
11,0,0,5,1,0,3,12550,100.05144399474375,92.60327999072615,2248.656880998169,1037.1933009882923
2,0,0,0,0,0,0,4804,116.77253700327128,158.40754799137358,299.1707850014791,173.98469400359318
37,0,0,4,3,0,3,12550,111.60930599726271,38.89657399849966,4366.155769006582,3432.479452007101
11,0,0,5,0,0,1,9230,119.0154029900441,154.69162100635003,8529.848142992705,3889.8233829968376
108,0,0,5,4,0,2,1,692.9060489928816,649.0981620008824,17104.3965100107,7023.851239006035
25,0,0,3,3,0,2,416,961.7825190071017,1066.9043109955965,2425.5056620022515,1678.5671959951287
6,0,0,1,0,0,1,528,123.38502700731624,173.99717900843825,606.6226350085344,195.15199899615254
10,0,0,3,2,0,3,12550,106.37934099941049,59.912746990448795,1689.7550459980266,1281.224004997057
10,0,0,4,0,0,1,3160,562.4515990057262,870.5199550022371,2124.369654004113,1164.4422899989877
1,0,0,0,0,0,0,8533,98.86880200065207,137.50905900087673,276.54426399385557,153.31676200730726
32,0,0,2,3,0,2,13,457.1343810093822,725.8935400022892,2271.178383001825,1567.3236550064757
45,0,0,5,4,0,2,1,1345.8612180111231,1097.9851570009487,3896.640955004841,2570.627613007673
21,0,0,6,2,0,3,1,656.1088699963875,595.7724899926689,5563.170363995596,2348.8684309995733
10,0,0,1,0,0,1,2,121.70354700356256,173.41764499724377,659.012966993032,312.7976870018756
39,0,0,5,4,0,3,12550,254.35303499398287,90.03535899682902,7087.7650559996255,3753.5516140051186
6,0,0,1,1,0,2,792,215.00937700329814,252.54702298843767,799.7077389882179,698.5267239942914
14,0,0,1,0,0,1,3,252.37986700085457,366.757672993117,349.216788992635,158.4873969986802
11,0,0,1,0,0,1,1,121.08087899105158,171.47523499443196,665.5216100043617,302.8744619950885
183,0,0,2,11,0,2,1,664.973912993446,627.6754640130093,2943.1984850089066,366.82004599424545
6,0,0,1,0,0,1,540,71.0769680008525,93.87673300807364,399.16818399797194,172.0275490079075
13,0,0,5,0,0,1,14,366.5335200057598,559.2301899887389,4754.140739009017,2307.5257769960444
12,0,0,4,2,0,3,9914,413.4763420006493,293.9398360031191,2223.9780200034147,701.2404690030962
2,0,0,1,0,0,1,12550,37.618721995386295,44.75123400334269,201.2367340066703,155.12562099320348
138,0,0,4,5,0,2,1,1298.3312819997082,1245.1976930024102,5459.474113988108,815.3960089985048
8,0,0,2,0,0,1,0,65.41194400051609,122.04022500372957,1252.1369089954533,640.4110769944964
15,0,0,3,1,0,1,1,362.6044890115736,542.1599379915278,1346.5196750039468,601.9618769933004
55,0,0,6,5,0,3,78,1222.2324580070563,2887.6245449937414,16717.93375699781,9724.519613999291
11,0,0,1,0,0,1,2,127.94150201079901,172.76313100592233,680.6017159979092,293.4919209947111
11,0,0,4,0,0,1,859,406.3575759937521,615.5283359985333,2660.544783997466,1220.7149309979286
22,0,0,4,3,0,2,12550,178.2890500035137,92.19966799719259,2666.450188989984,1118.6735309893265
10,0,0,4,0,0,1,371,126.8615240114741,178.43101000471506,5241.747132997261,2558.5895350086503
10,0,0,2,0,0,1,0,123.6717680003494,168.7261550105177,1268.096195999533,568.6795270012226
6,0,0,0,1,0,1,15,111.17425799602643,151.77753700118046,308.462558008614,152.10268599912524
11,0,0,1,0,0,1,1,120.07802398875356,169.89671299234033,649.7693780111149,295.83786000148393
3,0,0,1,0,0,1,9230,66.59507800941356,89.19478399911895,448.7756470043678,267.2804030007683
107,0,0,4,4,0,2,6,690.4640099965036,1136.0090429952834,8086.459327998455,3764.209410001058
11,0,0,2,0,0,1,7,128.60007499693893,178.45629699877463,1301.8560290074674,602.4332270026207
16,0,0,5,1,0,2,53,122.2697750054067,169.58875500131398,10163.558714993997,4534.099569005775
34,0,0,5,3,0,3,39,748.7674250005512,1891.0081819922198,10034.740714007057,7479.682513003354
13,0,0,4,2,0,3,290,775.957574005588,820.918368990533,1353.10767799092,603.7379330082331
107,0,0,4,4,0,3,2,1386.1866030056262,1280.2104839938693,4550.824595993618,1568.5998429980827
113,0,0,2,8,0,2,1,698.3716229879064,662.4505070067244,2604.3890370056033,1032.903270010138
187,0,0,5,14,0,2,1,422.09886699856725,423.1722179974895,8523.961586004589,2275.1505430060206
96,0,0,4,15,0,2,1,122.98529500549193,166.45081600290723,4835.142470008577,1108.008401002735
6,0,0,3,0,0,1,12550,59.071195995784365,77.5912840035744,1116.2533369933954,393.88929899723735
10,0,0,1,0,0,1,4,65.18099499226082,87.90846201009117,612.2939999913797,334.6573840099154
14,0,0,1,2,0,1,1,387.4705470079789,139.23111101030372,747.7907319989754,335.87347400316503
108,0,0,5,4,0,3,138,1820.3448040003423,2646.0878390062135,8180.646431006608,3754.9243139947066
56,0,0,7,5,0,3,12550,342.1146559994668,106.09109500364866,17375.782921008067,10135.82936799503
52,0,0,5,4,0,3,39,1249.8731579980813,2470.3587260009954,8949.457082999288,3664.6844829956535
19,0,0,2,3,0,2,1,121.91412100219168,173.83506600162946,1464.0784759976668,619.2073929996695
56,0,0,7,5,0,2,1,1240.7159580034204,653.0607939930633,24434.190194995608,12424.86817399913
4,0,0,2,0,0,1,12550,48.4947020013351,62.22989100206178,504.13771699822973,301.3971079926705
6,0,0,2,0,0,1,170,65.43984700692818,90.22519900463521,1154.2873710131971,627.6654289977159
26,0,0,4,3,0,3,334,215.2573850034969,937.7045550063485,3403.247467998881,2579.595008995966
7,0,0,3,0,0,1,4295,203.11139199475292,250.20552999922074,603.3322479925118,312.33270799566526
53,0,0,4,5,0,2,490,2401.3710120052565,4629.114468989428,5701.852320009493,3765.9456039982615
9,0,0,2,0,0,1,6,124.27456300065387,170.3845279989764,1247.549107996747,576.9201939983759
8,0,0,1,0,0,1,24,121.54403601016384,170.7318840053631,468.77204401243944,290.18720499880146
14,0,0,6,0,0,1,1121,597.6245159981772,907.7947080077138,9732.513438997557,4714.203694005846
6,0,0,2,0,0,1,154,102.78022599231917,82.68030598992482,644.9691090092529,282.88092999719083
9,0,0,2,0,0,1,6,70.36749199323822,95.33019000082277,725.1266410021344,306.0516900004586
5,0,0,0,0,0,0,129,70.62016399868298,106.27613500400912,273.49423299892806,89.99229299661238
22,0,0,3,4,0,2,2,415.1761740067741,195.3461770026479,3893.092002006597,1130.1792919985019
38,0,0,3,6,0,1,0,127.45632400037721,164.73725299874786,3233.4633330028737,1113.3051920041908
3,0,0,1,0,0,1,8533,200.80572900769766,291.5753830020549,299.99096599931363,136.69869599107187
55,0,0,6,5,0,3,490,2434.669487993233,4801.729469007114,11544.225300007383,7783.392523997463
10,0,0,0,1,0,1,0,121.31406299886294,172.94936200778466,349.2810509924311,158.42052199877799
30,0,0,3,3,0,2,56,649.261298996862,1361.7610549990786,4227.788015996339,1755.788278998807
40,0,0,5,6,0,2,1,519.4376989966258,377.3685300111538,5843.522295006551,1133.2401630061213
5,0,0,0,0,0,0,36,129.5272580027813,181.90219999814872,342.3779159929836,172.45040999841876
22,0,0,4,2,0,3,25,1091.6824309970252,818.7995229964145,4699.3135169905145,1482.3720069980482
16,0,0,3,2,0,2,0,62.30162600695621,84.48329899692908,1306.4459470042493,559.1563609923469
3,0,0,0,0,0,0,472,131.2408130033873,182.66103600035422,329.48441299959086,168.72464500193018
9,0,0,2,0,0,1,1,125.01838999742176,173.09281299822032,1236.2905839981977,601.9016770005692
23,0,0,8,2,0,3,1,1132.2166720055975,1272.4773570080288,21226.666650996776,8729.766948003089
13,0,0,1,0,0,1,1,119.07708299986552,165.43857600481715,660.0262890133308,293.81752100016456
17,0,0,2,2,0,2,1,121.37882600654848,166.46675899391994,707.0442069962155,286.57679198659025
13,0,0,4,2,0,3,19,643.1239280063892,597.031010009232,685.4645729908952,303.47817699657753
24,0,0,2,3,0,2,2,216.32112000952475,215.43284300423693,2472.0358610065887,840.9749940037727
5,0,0,1,0,0,1,86,63.694793003378436,132.1529790002387,608.1914749956923,289.890847998322
15,0,0,1,2,0,2,1,129.7580509999534,170.4670740000438,716.1371679976583,311.4218309929129
19,0,0,4,2,0,3,1,138.4454530052608,181.73273099819198,1966.2046119919978,1182.1183529973496
39,0,0,2,3,0,2,70,1196.8922759988345,1690.7193740044022,1284.0517919976264,867.6200179907028
8,0,0,2,0,0,1,9,256.11596899398137,372.20377099583857,643.0433039931813,304.2470030050026
15,0,0,5,2,0,3,70,499.66091399255674,412.94787799415644,1361.5450249926653,592.7114220103249
11,0,0,3,0,0,1,31,257.0894539967412,370.99232198670506,1302.8575839998666,612.8444610076258
57,0,0,8,5,0,3,1,1259.4589379878016,1746.2147540063597,21932.97675900976,12774.68640099687
17,0,0,0,1,0,1,39,752.3754790017847,684.8717730026692,389.6182519965805,527.6138720073504
1,0,0,0,0,0,0,9230,54.04033500235528,70.01370200305246,202.41667599475477,152.11069700308144
47,0,0,3,4,0,2,8,1839.084172010189,1814.3698659987422,2973.053580004489,1652.643989000353
11,0,0,2,1,0,1,1,370.97887600248214,182.73471800785046,2226.352837009472,670.1744180027163
8,0,0,1,0,0,1,3,120.56088900135364,170.1269460027106,624.8006739915581,285.1890060119331
8,0,0,1,0,0,1,8,119.88066400226671,169.01063700788654,588.3590759913204,144.63816198986024
22,0,0,7,2,0,3,9,650.9343780053314,595.6343339930754,10491.277703011292,3067.4603579973336
5,0,0,2,0,0,1,0,359.5161670091329,433.75792499864474,562.5255900085904,301.92014400381595
14,0,0,2,2,0,1,1,120.65743799030315,165.29655898921192,1356.9728900038172,569.7516450018156
14,0,0,3,1,0,2,1,123.09529600315727,170.1809670048533,2608.1413200008683,979.3342140037566
15,0,0,1,0,0,1,1,123.99251099850517,174.64348800422158,689.4351770024514,312.74042700533755
48,0,0,7,4,0,3,0,1279.339244007133,704.0946909983177,14364.99442999775,4319.837440008996
12,0,0,4,0,0,1,0,264.10195700009353,391.70474400452804,2561.1720890010474,1188.7988340022275
10,0,0,2,0,0,1,12,268.9272730058292,403.7871040054597,662.59577999881,303.907795008854
9,0,0,1,1,0,1,0,120.88835499889683,171.30004700447898,641.962797002634,151.51805800269358
11,0,0,2,0,0,1,6,124.30769098864403,174.3393200013088,1300.9234060009476,607.3862899938831
10,0,0,0,1,0,1,85,544.8619629896712,621.7726820032112,585.8202710078331,478.0776960105868
54,0,0,5,5,0,2,1,1249.3304380041081,1749.2023710074136,5818.005361987161,3509.9893550068373
134,0,0,3,5,0,2,1,605.0233480054885,576.1990059982054,3354.358623008011,1527.3286430019652
14,0,0,1,1,0,2,1,124.0158330037957,174.92201999993995,690.9073660062859,310.6778189976467
12,0,0,4,0,0,1,412,362.04981899936683,544.5736540132202,2575.2578190003987,851.7953129921807
20,0,0,3,3,0,3,37,291.377408997505,468.133824004326,3383.6530260014115,2268.124539987184
4,0,0,1,0,0,1,2326,67.2959549992811,90.66685399739072,309.7257570043439,161.15716598869767
51,0,0,6,4,0,3,0,2299.441555995145,3468.954644005862,11479.237546998775,3416.511501010973
6,0,0,2,0,0,1,371,247.89541198697407,363.68779599433765,630.9342790045775,307.1304990007775
1,0,0,0,0,0,0,8533,53.45820699585602,72.21759400272276,243.4036409977125,154.89916199294385
14,0,0,2,1,0,1,1,255.24370500352234,372.1407519915374,694.4090600009076,309.5013080019271
23,0,0,6,3,0,3,1879,1096.1802639940288,1491.069242998492,14326.003474998288,9914.963413000805
198,0,0,2,15,0,2,1,650.9855189942755,608.989781991113,4039.924693002831,988.2094269996742
18,0,0,3,2,0,2,1,133.09221499366686,149.98127000581007,1397.8397479950218,599.711793998722
48,0,0,3,4,0,2,1,448.4947099990677,437.0883350056829,5519.195058004698,3299.8644150065957
9,0,0,1,1,0,1,3,253.98925300396513,370.9278349997476,345.35600600065663,160.92189100163523
14,0,0,5,2,0,3,8399,541.4606279955478,522.4584410025273,2558.4348249976756,1192.324751013075
10,0,0,2,0,0,1,2,258.24028099304996,387.845246004872,683.0546239943942,327.8395920060575
12,0,0,2,0,0,1,1,245.41831499664113,360.0638439966133,663.4300890000304,308.4789929998806
7,0,0,1,0,0,1,5,131.35677800164558,182.23090999526903,539.7435030026827,169.12596199836116
16,0,0,1,1,0,2,12550,113.25986500014551,43.97541999060195,635.1588089892175,369.9630140035879
10,0,0,2,0,0,1,3,123.05299499712419,175.50907899567392,1292.4905950058019,599.817100999644
17,0,0,3,1,0,2,1,136.73514800029807,188.99852999311406,2709.75891200942,1195.046982000349
11,0,0,2,1,0,1,1,229.1259889898356,554.7996499954024,645.2931789972354,173.4103380003944
48,0,0,4,4,0,3,1,1235.2368459978607,1720.1194570079679,4425.856624002336,2680.40593501064
1,0,0,0,0,0,0,1901,105.5697170086205,148.95695500308648,283.82881700235885,145.77343399287201
7,0,0,1,1,0,2,57,132.84631099668331,173.16713200125378,340.8754509873688,156.86100801394787
13,0,0,5,0,0,1,42,240.5058040021686,560.5773269926431,4842.243474995485,2297.3931960004847
48,0,0,1,8,0,1,1,370.0078160036355,189.4735359965125,1383.459375007078,346.5216579934349
20,0,0,5,2,0,3,1,649.0935500041815,587.8358200134244,2757.4812569946516,1181.463671993697
9,0,0,2,0,0,1,1,253.37069798843004,376.5741000097478,655.5267590010772,308.73615099699236
12,0,0,4,0,0,1,9,291.8845300009707,435.62626000493765,2498.9962239924353,620.7804269943153
7,0,0,3,0,0,1,4295,150.03014099784195,168.89972699573264,1124.5139509992441,606.3160549965687
5,0,0,1,1,0,2,0,120.57052299496718,165.34170000522863,610.5808619904565,278.42288299871143
10,0,0,3,0,0,1,44,164.52782999840565,237.62447500484996,2621.968513005413,1278.8919010054087
8,0,0,2,0,0,1,79,130.2697039936902,186.4757559960708,1329.307345993584,656.4411909930641
14,0,0,3,2,0,2,1,474.85411500383634,570.8303569990676,701.4353809936438,302.4830789945554
8,0,0,1,0,0,1,1,125.52345299627632,175.42580601002555,504.3127950048074,313.39841400040314
6,0,0,2,0,0,1,1556,126.1256090074312,175.8456249954179,1221.8490519881016,596.9869459950132
13,0,0,4,2,0,3,116,666.9358500075759,630.7568250049371,1343.6459179938538,592.8457340050954
2,0,0,1,0,0,1,12550,38.038411003071815,45.29050301061943,200.85771300364286,154.7733940096805
19,0,0,1,3,0,2,1,382.99435199587606,391.1982659919886,1220.9631980076665,881.6788960102713
18,0,0,3,1,0,1,1,132.6306620030664,170.2610310021555,2776.089149992913,599.6838389983168
10,0,0,2,1,0,2,29,143.10932900116313,199.29910599603318,1357.9520609928295,536.4988969959086
22,0,0,7,2,0,3,16,777.0558530028211,818.5371310100891,10604.093974994612,4703.051489996142
43,0,0,2,6,0,1,1,125.93266399926506,173.9024970011087,1716.694025992183,584.6518379985355
35,0,0,2,3,0,2,0,692.6416920032352,186.6968190006446,2248.1283720117062,612.2524100064766
38,0,0,3,5,0,2,1,503.62951299757697,568.1511970033171,1715.8607309975196,421.1242330056848
9,0,0,1,0,0,1,0,63.442665996262804,84.9321349960519,494.64621199877,291.6821219987469
13,0,0,2,2,0,1,4,256.67968700872734,368.36189999303315,626.9861689943355,307.56273100269027
7,0,0,2,1,0,1,1479,558.5928930086084,752.7488860068843,629.7970329906093,285.4292459960561
10,0,0,1,1,0,1,1,240.8459110010881,354.11131000728346,344.1954709996935,156.76902400446124
188,0,0,6,14,0,2,1,417.49633201106917,247.98191999434493,15248.956513998564,4644.841045010253
8,0,0,3,1,0,2,12550,87.54399600729812,78.07991899608169,1049.468102006358,602.5681820028694
13,0,0,1,2,0,1,1,65.98494200443383,131.16094301221892,710.8660889934981,307.25614800758194
38,0,0,3,6,0,2,1,129.98042900289875,165.30513799807522,2943.112538996502,1115.864801002317
9,0,0,3,0,0,1,1471,155.5210079968674,217.2376499947859,2255.585783990682,939.0737929934403
9,0,0,1,1,0,1,2,251.9880390027538,356.2348529958399,334.72446899395436,150.81913300673477
9,0,0,1,1,0,2,5,535.2342089900048,188.57034300162923,1093.285779003054,340.8586620062124
5,0,0,2,0,0,1,8399,97.60005101270508,135.8923250081716,1147.211627001525,595.3174919995945
32,0,0,2,3,0,2,85,1607.2974700073246,1978.501411009347,1142.584627988981,788.2926149904961
15,0,0,3,1,0,1,1,132.87500099977478,188.09276500542182,2696.514875002322,786.8628669966711
9,0,0,1,0,0,1,1,65.17962500220165,86.84242299932521,339.2886170040583,295.16615498869214
46,0,0,5,3,0,3,12550,262.6763580046827,75.22684099967591,6386.976591005805,4686.26430000586
10,0,0,2,0,0,1,1,130.6622789998073,183.60866299190093,1253.073552987189,591.8210320087383
9,0,0,1,1,0,1,0,122.13554799382109,170.72724300669506,671.7093560000649,306.8505060073221
54,0,0,5,5,0,3,5,874.7456679993775,1197.5851799943484,8930.709378008032,5456.130614998983
55,0,0,6,5,0,3,1,1101.7989549873164,923.3911140036071,8115.193238001666,5127.193232008722
10,0,0,0,1,0,1,46,537.9632840049453,220.0622160016792,483.144510013517,161.18407699104864
11,0,0,3,0,0,1,13,270.4464410053333,328.9390490099322,996.9383340066997,609.423550995416
17,0,0,6,2,0,2,9230,121.4134610054316,147.2019420034485,19715.526892003254,8721.120620000875
11,0,0,3,0,0,1,11,121.51811899093445,170.76213601103518,2496.261965992744,1126.2385809968691
13,0,0,2,1,0,1,0,137.22840200352948,189.78186800086405,806.2354530120501,303.43819099653047
44,0,0,3,4,0,3,0,1244.2265389981912,698.8280150108039,2275.6080929975724,551.9636949902633
28,0,0,3,2,0,2,0,627.2165219997987,366.9567549950443,2793.648994003888,660.5027789919404
30,0,0,2,3,0,2,9,272.18055599951185,879.7961209929781,2373.704028010252,1667.8532920050202
16,0,0,3,1,0,1,1,379.82200799160637,182.8744640079094,3764.1480210004374,1321.329729995341
22,0,0,7,2,0,3,5,672.645355007262,596.4391049928963,10617.688312995597,4702.311207001912
12,0,0,1,0,0,1,2,132.1966569958022,183.01783199422061,697.9758369998308,331.91824599634856
6,0,0,1,0,0,1,0,123.3131070039235,171.93684399535414,636.9026659958763,307.39260600239504
7,0,0,2,1,0,2,1511,229.41885099862702,336.87322700279765,634.9308569915593,308.5407790058525
5,0,0,2,0,0,1,8399,87.77084799658041,120.94325899670366,470.3405979962554,168.3882020006422
108,0,0,3,10,0,2,1,1141.7874089966062,1216.5802199888276,3213.746285997331,1054.659699992044
10,0,0,5,0,0,1,12550,79.06667799397837,106.61238300963305,4568.802526002401,1886.0681949881837
11,0,0,1,1,0,1,1,357.8467309998814,187.6966529962374,1140.321810002206,345.65821300202515
58,0,0,9,5,0,3,4,1260.0717549939873,2146.1623659997713,50318.34701600019,28515.2270749968
37,0,0,4,3,0,3,12550,216.04390900756698,75.66788900294341,4948.641941999085,3833.986173995072
8,0,0,1,0,0,1,24,131.37557600566652,181.93175199849065,662.9956570104696,313.1915479898453
13,0,0,1,0,0,1,1,121.81464298919309,172.21191700082272,672.440664988244,303.79337500198744
12,0,0,2,0,0,1,1,125.01283700112253,173.2004849909572,1087.9799899994396,298.19394399237353
50,0,0,6,4,0,3,12550,298.8858809985686,68.67929700820241,11103.80806599278,8300.333727995167
4,0,0,1,0,0,1,267,123.37032498908229,171.52861300564837,603.0093410081463,287.926985998638
20,0,0,2,3,0,2,10,542.9880680021597,424.37927599530667,2359.645951000857,1612.7446860045893
56,0,0,7,5,0,3,78,1206.2540350016207,2938.9626769989263,17377.409640001133,11048.734423005953
17,0,0,4,1,0,1,1,375.0054809934227,182.62355799379293,8500.981289005722,1291.5119920071447
26,0,0,2,3,0,3,1,535.9372719976818,509.38393200340215,1517.6646579930093,1252.1564759954344
12,0,0,1,2,0,1,9,257.552224007668,378.76497200340964,371.26029600040056,167.82482599955983
14,0,0,4,1,0,2,1,265.0346279988298,384.24612299422733,1345.5067879986018,607.4786090030102
6,0,0,2,0,0,1,6240,148.4226739994483,212.00898000097368,1165.4556790017523,580.4740530002164
25,0,0,3,3,0,2,1,341.89548100403044,448.59280598757323,1232.1191280061612,822.8326469979947
57,0,0,8,5,0,3,1,1332.3470649920637,1288.8685679936316,30681.919540002127,18669.11483700096
12,0,0,1,1,0,1,1,127.29850999312475,174.53551400103606,688.5698340047384,306.28299798991065
8,0,0,2,1,0,2,0,240.43702600465622,303.77373698865995,347.5943059893325,290.9640459984075
15,0,0,5,2,0,3,8,643.4942279884126,597.4401290004607,1206.626794009935,601.5987090067938
8,0,0,2,0,0,1,200,171.81642299692612,180.0485339917941,572.3358169925632,329.3639670009725
6,0,0,1,0,0,1,8,133.79034399986267,189.5467589929467,646.6762430063682,288.0470889940625
45,0,0,4,3,0,3,12550,263.14144500065595,75.26988199970219,4297.351371002151,3075.805283006048
16,0,0,3,1,0,2,1,511.507638002513,375.76156201248523,2281.659763000789,647.632270003669
263,0,0,0,14,0,1,1,569.4175519893179,540.0401579972822,1305.1843249995727,256.753152993042
8,0,0,1,0,0,1,5,63.822003998211585,85.8100019977428,428.44726399926003,293.67348400410265
10,0,0,2,0,0,1,4,250.88666399824433,369.81812099111266,652.2830259928014,304.5598189928569
20,0,0,1,3,0,1,1,130.43310400098562,172.3221080028452,725.9289920039009,153.69927999563515
28,0,0,6,3,0,3,12550,112.85961199610028,38.577365994569845,6155.272164993221,4679.738532999181
29,0,0,1,4,0,2,1,619.2275289940881,586.5046909893863,1131.7048159980914,425.6176420021802
29,0,0,2,3,0,2,0,639.4363150029676,180.2153409953462,1946.382181995432,661.8519110052148
20,0,0,5,2,0,3,1,782.3604630102636,814.5646329940064,1583.0105580098461,596.5535009891028
4,0,0,0,0,0,0,16,120.04452200199012,168.0154249916086,315.7859909988474,154.27584999997634
16,0,0,3,0,0,1,1,63.267845995142125,84.4240570004331,2417.9928400117205,1140.375627001049
10,0,0,1,1,0,1,3,118.4681019949494,167.00065300392453,545.141134003643,178.16805899201427
15,0,0,4,0,0,1,3,245.6841139937751,357.8016610117629,2547.568363006576,1134.7143699968
11,0,0,1,1,0,1,0,128.82319900381844,175.14084999857005,620.798559000832,306.0295390023384
367,0,0,3,71,0,2,1,137.77390398900025,173.85236101108603,14355.247958999826,1239.6457589929923
21,0,0,6,2,0,3,2,652.034986007493,591.1389020038769,5444.539417992928,2366.7201030038996
10,0,0,2,0,0,1,11,133.0941129999701,292.44314799143467,661.0639860009542,311.4264219912002
16,0,0,5,1,0,2,179,374.5895460015163,569.2228239931865,4742.160819005221,2256.803034004406
11,0,0,1,0,0,1,1,248.3842410001671,356.23286401096266,181.82372700539418,131.09094799438026
12,0,0,1,0,0,1,1,122.54794999898877,173.66339000000153,673.1399619893637,315.00539599801414
14,0,0,3,0,0,1,2,123.08765899797436,173.604403011268,2067.9868400038686,1191.5368789923377
26,0,0,4,3,0,3,12550,101.30958200898021,38.779017006163485,3353.1204309983877,1970.9432950039627
11,0,0,1,1,0,1,1,124.97379000706133,174.49559598753694,682.4353799893288,303.0976519949036
9,0,0,1,0,0,1,1,130.29175900737755,186.7134410131257,605.9150789951673,306.8756879947614
15,0,0,2,1,0,1,1,136.54889998724684,192.09712000156287,1389.8444680089597,607.1556479873834
19,0,0,1,0,0,1,1,121.58695599646308,168.18098899966571,691.2232619943097,284.6575599978678
16,0,0,4,1,0,1,1,144.34278299449943,205.68932600144763,4932.354322998435,2387.032619997626
8,0,0,2,1,0,2,1556,230.28507400886156,327.4797520134598,621.8475880014012,286.1778119986411
6,0,0,1,1,0,1,356,328.0942069977755,209.30788599071093,947.8777379990788,332.580878995941
50,0,0,1,8,0,1,1,404.8997779900674,420.693519001361,1478.5170270042727,352.5414390023798
58,0,0,9,5,0,3,485,1384.9856720044045,3393.952544007334,60000.0,60000.0
22,0,0,7,2,0,3,5,560.8508900040761,432.5492719945032,9545.852002003812,4327.205130000948
60,0,0,1,5,0,1,1,420.4742779984372,420.61466100858524,1543.698352004867,394.57109999784734
54,0,0,5,5,0,2,1,1248.9315080019878,1742.8102839912754,5092.400489986176,3396.3512019981863
4,0,0,1,0,0,1,90,120.08521499228664,168.717213004129,610.9919890004676,288.2893200003309
20,0,0,2,2,0,2,4,259.25153600110207,528.3358879969455,2329.812585012405,700.5889099964406
10,0,0,1,0,0,1,11,69.06965900270734,93.79394800635055,346.28465899731964,292.9773999931058
12,0,0,2,0,0,1,1,246.58000899944454,252.61595200572629,339.888239002903,291.74984399287496
41,0,0,1,4,0,2,1,488.987338001607,712.2756830067374,1027.86419900076,404.50451598735526
16,0,0,6,2,0,3,290,771.9568189932033,828.2490729907295,2693.348779997905,1204.8917909996817
56,0,0,7,5,0,2,1,1344.6028980106348,1278.417327994248,43573.03117400443,26599.538327005575
54,0,0,5,5,0,2,73,1562.380557996221,2472.6266390061937,11285.569814994233,6560.83547900198
17,0,0,6,1,0,2,59,126.54686899622902,168.84706199925859,18663.425983002526,8371.985903999303
14,0,0,3,2,0,2,6,65.699324986781,161.8777709954884,1017.0529499882832,371.0702980024507
22,0,0,3,0,0,1,1,126.86835799831897,180.25035000755452,2839.256072998978,1218.7764830014203
53,0,0,4,5,0,2,1,1160.6016010046005,1078.48091199412,2890.3118430025643,1823.7883800029522
11,0,0,3,0,0,1,2,255.954495005426,378.27203900087625,1085.6145029974869,305.95675999938976
13,0,0,5,0,0,1,685,384.7667759982869,739.0303269930882,4325.7329240004765,2358.838032989297
29,0,0,1,2,0,2,1,661.7703209922183,607.6446939987363,455.5428949970519,197.6267770078266
11,0,0,2,0,0,1,1,124.15186899306718,177.2233889932977,1295.3311370074516,608.8273630011827
15,0,0,0,0,0,0,0,121.82921299245209,174.17367700545583,350.2532700076699,159.5344980014488
9,0,0,1,0,0,1,5,125.95643699751236,175.23493499902543,405.8519179961877,174.10314100561664
5,0,0,1,0,0,1,472,131.52244299999438,183.33842199353967,170.72189100144897,88.16690598905552
39,0,0,2,6,0,2,1,383.3186550036771,420.7523959921673,2661.899384998833,512.8319680079585
19,0,0,1,3,0,2,8,935.6318199861562,939.4416619907133,663.5784210084239,450.99115000630263
56,0,0,7,5,0,3,10,719.3133129912894,1123.522570997011,32556.70469898905,19502.972365997266
13,0,0,1,3,0,2,5,408.69905400904827,427.6522979926085,1133.0797109985724,625.523954993696
8,0,0,0,0,0,0,1,123.03958900156431,174.4061839999631,274.9719220009865,159.74197299510706
107,0,0,4,4,0,2,1,652.0081820053747,325.62070900166873,8231.219238004996,3647.213431991986
282,0,0,1,15,0,2,1,794.6854640031233,748.2636689965148,2181.8086560087977,479.2078290047357
8,0,0,1,0,0,1,1,118.46097400120925,164.417054009391,625.7169120071921,289.1064970026491
25,0,0,1,3,0,1,1,532.3124969872879,501.70203000016045,1200.2518449880881,409.66658099205233
8,0,0,3,1,0,3,9914,390.2607420022832,183.3117689966457,326.5095009992365,156.4165899908403
13,0,0,3,2,0,2,57,131.4176879968727,170.0693510065321,1340.9773119929014,585.4935940005817
10,0,0,1,0,0,1,4,123.01473399566021,173.21031900064554,638.4408540034201,159.485650001443
6,0,0,2,0,0,1,2326,68.71003900596406,90.32568699331023,905.6414320075419,600.1582600001711
57,0,0,8,5,0,3,7,1230.2794399874983,971.935820998624,26574.629278009525,14585.308310008259
8,0,0,3,1,0,3,9230,82.52147100574803,99.94280799583066,1134.0928470017388,595.6746059964644
15,0,0,1,1,0,1,1,69.83179799863137,143.72585900127888,708.146240998758,315.553207998164
8,0,0,1,0,0,1,2,107.79324801114853,92.87274700182024,329.6021109999856,156.67499401024543
10,0,0,4,0,0,1,850,131.70463099959306,180.30543999338988,4514.790729997912,2203.574851999292
55,0,0,6,5,0,2,2,1248.7113020033576,1758.2183170015924,11419.338558989693,7126.243606995558
17,0,0,6,2,0,3,3930,217.51228100038134,211.10897600010503,7140.913174007437,2819.186291002552
11,0,0,2,0,0,1,2,132.7864899940323,355.12692799966317,643.9418279915117,289.9755050020758
53,0,0,4,5,0,2,1,1245.5759099975694,718.1077069981256,5334.859569993569,3419.381480998709
53,0,0,6,4,0,3,39,1247.6185230043484,2349.921449989779,12667.812729006982,5518.7972630083095
8,0,0,1,1,0,1,26,132.57751900528092,185.45113899745047,695.1094910036772,330.72457399975974
45,0,0,4,4,0,3,0,1078.1205270031933,927.1705350111006,2932.4348390073283,692.2203189897118
8,0,0,1,0,0,1,3,123.58581999433227,175.36878399550915,657.2122469951864,313.47094000375364
52,0,0,3,5,0,2,0,1258.5411299951375,905.2774880110519,793.2634169992525,718.5886069928529
57,0,0,8,5,0,3,1,1253.5137029917678,1712.210691999644,28756.788815997425,16008.320137989358
6,0,0,3,0,0,1,12550,59.31008400511928,77.11701100924984,802.478177996818,244.5886299974518
58,0,0,9,5,0,3,39,1040.505993005354,2930.42343200068,33012.59174999723,19201.031678996515
19,0,0,2,3,0,2,233,562.1117450064048,1320.124052988831,1683.000228003948,1766.1428599967621
14,0,0,2,1,0,1,1,124.48477200814523,176.40670499531552,1370.9114100056468,613.3640529878903
61,0,0,1,4,0,2,2,1241.6866620042128,1241.4229240093846,611.9471400015755,334.14647000608966
367,0,0,3,71,0,2,1,138.70847898942884,171.79179299273528,13762.754939001752,612.6971670018975
10,0,0,2,1,0,2,2,256.6754869912984,360.4152170009911,336.3802370004123,152.58130300207995
34,0,0,4,3,0,2,1628,358.9633090014104,553.306800997234,4181.564434999018,3214.0970710024703
12,0,0,1,0,0,1,1,64.91328899574,88.29419201356359,620.1545159856323,308.97631800326053
35,0,0,1,4,0,2,0,571.0441309929593,646.1043750023236,1440.053579994128,907.1725660032826
54,0,0,5,5,0,3,233,1726.5084160026163,2710.043263010448,8702.122014001361,5724.414230993716
3,0,0,0,0,0,0,331,119.30391199712176,161.83253900089767,309.5001490000868,104.01970699604135
10,0,0,1,1,0,1,1,119.92947000544518,165.50432400254067,648.8023790006991,287.55029699823353
11,0,0,3,0,0,1,31,176.092958994559,211.3591399975121,930.6518270022934,605.5412580026314
47,0,0,1,2,0,2,128,622.7593020012137,1115.8299550006632,926.684281002963,622.6929139957065
1,0,0,0,0,0,0,8533,52.93177600833587,70.34975399437826,141.55670900072437,124.19354000303429
7,0,0,1,0,0,1,8,122.41265599732287,168.02656000072602,637.7803380019031,289.10567199636716
10,0,0,4,1,0,2,12550,104.10912700172048,93.72926798823755,2431.0867919994052,1100.137891000486
22,0,0,1,3,0,1,1,128.1472609989578,181.25640699872747,796.1997459933627,325.1245199935511
10,0,0,2,0,0,1,3,254.20405900513288,367.8814339946257,657.1461209969129,310.31753298884723
8,0,0,1,0,0,1,6,242.70072700164746,356.96112900041044,323.68263900571037,153.05071699549444
25,0,0,3,4,0,1,0,136.85032300418243,176.4756810007384,2429.94527699193,1226.8366849893937
12,0,0,3,0,0,1,1,239.78315100248437,356.3432719965931,812.9284280003048,411.7285000102129
45,0,0,4,4,0,3,0,926.5448169899173,543.0667009932222,4148.096774995793,1068.978306997451
22,0,0,1,1,0,1,1,72.19863799400628,94.77497599436902,536.2895500002196,310.997683001915
36,0,0,3,5,0,1,1,127.61926800885703,163.6941070028115,3296.547533987905,811.5227920061443
15,0,0,5,2,0,3,1441,733.1882840080652,763.4340820077341,2637.1230599906994,952.4368799902732
35,0,0,3,2,0,3,12550,196.51316400268115,60.46232199878432,2116.6373189917067,1374.5362959889462
11,0,0,3,0,0,1,124,255.29472999915015,377.00472699361853,1327.6542219973635,328.11859900539275
110,0,0,7,4,0,3,156,1267.3202799924184,1701.9424320023973,24621.080719996826,9751.281489006942
7,0,0,3,0,0,1,865,347.3954460059758,525.2476719906554,1252.7654629957397,605.9950159979053
22,0,0,7,2,0,2,13,501.41850000363775,371.3583389908308,10871.418010006892,4559.710986010032
29,0,0,7,3,0,3,397,1066.6072079911828,1607.785561005585,12869.114304994582,10086.608245008392
17,0,0,4,1,0,2,1,331.7206639912911,318.5747820098186,3908.0443650018424,1114.4553810008802
14,0,0,4,2,0,3,124,523.3358119876357,391.29935200617183,2161.9407599937404,587.7068429981591
19,0,0,2,2,0,2,2,448.3292749937391,405.6496990087908,2107.908531004796,775.7654820015887
36,0,0,2,4,0,2,6,1145.6725669995649,1101.7403720034054,1187.2309760074131,373.92753700260073
44,0,0,3,3,0,2,12550,260.26124400959816,75.73473099910188,2478.297975001624,2098.402970994357
8,0,0,0,0,0,0,1,61.94943499576766,84.45028199639637,256.2878989992896,149.5590480044484
8,0,0,4,0,0,1,12550,35.80221599258948,46.51650300365873,1368.5786699934397,1079.7156839980744
41,0,0,1,6,0,2,1,150.76849100296386,187.8000940050697,928.574851990561,200.20315400324762
13,0,0,3,1,0,1,1,249.27930199191906,362.1025550091872,1142.5561899959575,504.8696680023568
10,0,0,1,0,0,1,4,126.49060499097686,179.07593499694485,505.68003801163286,319.4171799987089
13,0,0,5,0,0,1,32,252.3472660104744,370.9728199901292,4409.218404995045,1855.4188429989154
27,0,0,2,5,0,2,1,147.09254499757662,189.68371600203682,1570.701229997212,517.473138999776
9,0,0,3,0,0,1,145,127.94516299618408,181.32629299361724,2484.7899449960096,1172.8754899959313
137,0,0,4,5,0,2,1,1061.9079000025522,627.0156880054856,5100.61833699001,1695.1221180061111
7,0,0,1,0,0,1,106,121.223125999677,124.79286799498368,587.8181369917002,304.699754997273
4,0,0,2,0,0,1,12550,48.770894005429,62.977503999718465,501.8682230002014,293.12239900173154
12,0,0,1,0,0,1,1,121.0926919884514,170.18106598698068,654.7905309998896,291.7193379980745
6,0,0,1,0,0,1,408,123.12130800273735,172.3446740070358,639.1083640046418,313.3013480110094
6,0,0,2,0,0,1,4118,210.0555649958551,307.94120699283667,610.1203119906131,288.38029399048537
11,0,0,2,1,0,2,11,66.86263599840458,89.32571999321226,668.6284489987884,561.5369539882522
34,0,0,2,2,0,2,124,1224.210435000714,1328.843680996215,1466.4106209966121,1090.528472996084
8,0,0,1,0,0,1,0,121.95160100236535,169.96360999473836,544.1382799908752,194.5642540085828
44,0,0,1,5,0,1,0,118.66257899964694,160.72278401406948,893.2554769999115,286.5647970029386
9,0,0,3,0,0,1,685,248.27839400677476,358.3629450004082,1233.6577540118014,564.6703230013372
37,0,0,3,4,0,2,1,744.1036850068485,1231.8219659937313,2823.379791996558,1853.2540000014706
52,0,0,3,5,0,2,1,1245.6509769981494,1203.2353819959098,2976.702676009154,1823.7659909937065
15,0,0,5,1,0,2,1,635.3417439968325,653.44485300011,2696.5654990053736,1192.9791110014776
11,0,0,2,0,0,1,4,124.88829999347217,102.01435099588707,658.3586380002089,302.15629099984653
3,0,0,0,0,0,0,489,64.43146699166391,85.49369999673218,159.29343800235074,78.67975899716839
3,0,0,1,0,0,1,9230,35.66116599540692,45.35695500089787,301.154625005438,292.70699100743514
10,0,0,3,0,0,1,2,378.171296993969,573.3590199961327,1287.5795150030171,599.7398500039708
368,0,0,4,71,0,2,1,137.61778599291574,88.95243699953426,27840.11149899743,2289.630550003494
93,0,0,1,15,0,2,0,129.22478099062573,163.85598199849483,979.1900510026608,142.24408598965965
2,0,0,0,0,0,0,1320,119.42455900134519,167.4745949858334,307.3065649950877,158.5303909960203
49,0,0,4,4,0,3,0,1250.6843440060038,1753.3134010009235,4547.37961300998,1184.3844980030553
45,0,0,4,4,0,3,0,1243.3321309945313,695.5826549965423,3933.6841240001377,1082.915917999344
60,0,0,2,4,0,2,1,760.8390310051618,703.463305006153,2000.8539389964426,1045.66448800324
9,0,0,1,0,0,1,1,120.90461299521849,166.74404100922402,639.4340859988006,289.34594299062155
6,0,0,2,0,0,1,72,290.0283019989729,540.4578799934825,627.3517109948443,307.9341770062456
53,0,0,4,5,0,2,1,770.1525760057848,885.3182029997697,4631.628097005887,3622.949693002738
239,0,0,1,21,0,2,1,338.5689900023863,265.2159190038219,2361.3969040015945,438.01603699103
12,0,0,2,1,0,1,1,124.49619499966502,170.02463100652676,1188.41823200637,570.4457929969067
29,0,0,0,3,0,1,1,452.80898999772035,445.98153900005855,682.530714009772,452.5797810056247
11,0,0,1,1,0,1,1,125.81071899330709,170.10824498720467,684.649492992321,304.8005780001404
11,0,0,2,0,0,1,3,123.78282799909357,173.951766002574,1314.4303720036987,605.8877449977444
12,0,0,4,0,0,1,279,296.86528599995654,439.6006169990869,2660.05487399525,1293.4302060020855
8,0,0,3,0,0,1,371,127.89451799471863,180.3497270011576,2442.9961830028333,1148.392524002702
8,0,0,3,1,0,2,12550,88.21364199684467,77.94475699483883,1110.0584870000603,591.1153269989882
52,0,0,7,4,0,3,12550,304.8084150068462,106.49160300090443,23798.805539001478,11442.237294002553
13,0,0,3,2,0,3,25,151.22724100365303,199.64308499766048,1347.3924260033527,589.8411689995555
55,0,0,6,5,0,2,4,1763.8095170113957,2104.6248880011262,10522.12752700143,7215.331469997182
12,0,0,2,0,0,1,1,126.1540870036697,177.41112899966538,1327.347604004899,617.9208940011449
44,0,0,3,3,0,2,6,1248.6127049924107,1192.438518992276,1516.333270992618,996.6250240104273
61,0,0,2,5,0,2,1,416.72721099166665,339.89405100874137,2729.4372339965776,783.895543005201
10,0,0,2,1,0,1,3,147.76648199767806,204.44866899924818,1377.9777309973724,552.8561590035679
46,0,0,2,4,0,2,0,1247.140050996677,1751.3059570046607,1525.5851819965756,974.2397480004001
13,0,0,2,0,0,1,1,124.61751299269963,117.55365099816117,1171.6549300035695,612.7216659951955
16,0,0,1,1,0,2,12550,113.99133200757205,43.77414299233351,679.2198839975754,461.6000139940297
15,0,0,5,2,0,3,124,647.0885930029908,590.9191460086731,1247.863160999259,596.1619990121108
2,0,0,0,0,0,0,78,62.837138000759296,86.5622940036701,155.7684830040671,126.99489800434094
109,0,0,6,4,0,3,12550,172.95653099427,91.5799400099786,11057.172127009835,5412.235929994495
8,0,0,1,0,0,1,2,118.67298801371362,167.96550300205126,628.981293994002,292.05801998614334
7,0,0,3,1,0,3,12550,77.96977600082755,63.13369800045621,511.3148939999519,303.6834789963905
50,0,0,6,4,0,3,78,1228.486845997395,2010.3422100073658,13340.24977000081,8663.753041008022
10,0,0,3,0,0,1,182,374.6946410101373,571.2320759921568,1273.699238008703,604.8779650009237
9,0,0,3,1,0,2,9230,91.54741400561761,113.40791800466832,2283.276604997809,931.4734670042526
35,0,0,1,2,0,2,1,587.2614869876998,557.1885429963004,587.6527859945782,400.354116995004
9,0,0,2,0,0,1,4,246.33468501269817,356.54276100103743,633.653297991259,289.56098199705593
3,0,0,1,0,0,1,9122,119.5262279943563,172.17694999999367,282.86443499382585,160.08250099548604
22,0,0,1,1,0,2,12550,96.97521300404333,43.430100005934946,481.55401200347114,344.6579519950319
17,0,0,4,2,0,1,6,616.9993840012467,644.0180700010387,2709.0901820047293,983.1074100075057
8,0,0,3,1,0,2,12550,87.62979500170331,79.02991300215945,1144.8980909917736,601.2826590012992
39,0,0,2,6,0,2,1,223.8555749936495,349.1402229992673,2596.5294469933724,855.9562759910477
4,0,0,0,0,0,0,28,117.14786500670016,165.16350899473764,312.1391259919619,147.55097299348563
38,0,0,3,5,0,2,1,132.90231900464278,128.6597250000341,3190.009325000574,1161.7554639960872
21,0,0,4,3,0,3,490,1471.3801549951313,1789.067857011105,1502.1534159895964,1115.970611004741
138,0,0,4,5,0,2,1,1094.898697003373,909.7862509952392,5065.912953010411,844.9864830035949
13,0,0,4,2,0,3,290,766.1927259905497,814.4558800122468,1339.769134996459,594.7824259928893
2,0,0,1,0,0,1,12550,37.73730499960948,44.763837999198586,202.08790298784152,154.06133799115196
13,0,0,2,0,0,1,2,122.2032229998149,171.0834870027611,1336.1213180032792,302.1726029983256
6,0,0,1,0,0,1,4,63.20940099249128,85.0812999997288,578.535844993894,285.0272390060127
399,0,0,3,17,0,2,1,662.216183001874,669.4355939980596,10527.047741998103,1822.2017499938374
6,0,0,1,1,0,2,101,132.50374999188352,175.07797699363437,336.7634859896498,158.70974700374063
221,0,0,4,10,0,2,1,527.5258900073823,502.1909959905315,16438.461459998507,2922.526749985991
28,0,0,6,3,0,3,178,1270.3190750034992,1709.8033810034394,6579.099940994638,3612.362854008097
184,0,0,3,11,0,2,1,649.5799230033299,615.7998370035784,7387.977011007024,1452.547950000735
11,0,0,4,0,0,1,8,375.297592006973,569.05763100076,2088.9684060093714,1204.480535001494
57,0,0,8,5,0,3,12550,336.4338579995092,103.43530800309964,22434.72157898941,15905.4783879983
15,0,0,2,0,0,1,2,254.50727999850642,372.70830798661336,685.5799169861712,305.3911160095595
56,0,0,7,5,0,2,0,1255.8448600029806,1417.503050994128,44090.782444996876,25679.259462005575
55,0,0,6,5,0,3,233,1735.1379449974047,2852.9680209903745,8882.456673993147,5513.572479001596
13,0,0,3,2,0,2,2,132.88095299503766,172.5099239993142,1193.654055998195,599.78467199835
7,0,0,1,0,0,1,40,123.80497399135493,172.98146699613426,616.8254079966573,258.28104799438734
27,0,0,5,3,0,3,14,415.0450470042415,395.27311899291817,3846.4967550098663,2293.831657007104
95,0,0,3,15,0,2,0,130.98349199572112,165.65604199422523,5191.075912996894,1128.4894200070994
4,0,0,1,0,0,1,14,119.49076699966099,169.38385200046469,443.9690239960328,291.3453540095361
11,0,0,3,0,0,1,2,126.81626099220011,176.7951960064238,2471.8764210119843,1006.5796109993244
11,0,0,3,1,0,2,0,121.63881200831383,170.75459400075488,2601.5277300029993,1183.0606150033418
3,0,0,0,0,0,0,77,122.121177992085,171.71030200552195,319.0868759993464,159.50804100430105
3,0,0,1,0,0,1,9230,47.52753800130449,63.40047200501431,151.57203200215008,132.16708299296442
17,0,0,4,1,0,2,2,121.34434099425562,168.91818300064187,3717.0879389886977,2294.9450589949265
16,0,0,1,1,0,2,54,574.3108379974728,659.8443040129496,798.1315789947985,771.639326994773
4,0,0,2,0,0,1,12550,49.682888988172635,63.76848700165283,597.9766809905414,293.45510600251146
13,0,0,5,0,0,1,593,191.67520799965132,272.37530700222123,5113.63238299964,2226.2195009971038
1,0,0,0,0,0,0,8533,52.79965499357786,69.13618999533355,140.84193900635,80.29724399966653
11,0,0,1,0,0,1,3,126.9696420058608,174.45791499631014,169.74370200478006,77.03609300369862
10,0,0,1,0,0,1,2,120.71886300691403,170.5937399965478,655.8774599980097,308.64567500248086
23,0,0,8,2,0,3,1,648.933380987728,484.5396370074013,18776.69853399857,9387.634856000659
26,0,0,4,3,0,3,12550,198.12364400422666,75.66341500205453,3538.683355000103,2161.2674670031993
211,0,0,2,9,0,2,0,524.5298240042757,500.54406801064033,4353.360958994017,1335.9554090129677
9,0,0,3,0,0,1,354,188.3557760011172,432.59296999895014,1323.0367049982306,654.4579409965081
14,0,0,1,1,0,1,2,508.53979599196464,379.8634279955877,354.3110270111356,149.71082599367946
12,0,0,1,1,0,1,1,121.56724599481095,168.44605100050103,670.7068589894334,202.66527200874407
21,0,0,6,2,0,2,2,133.9820499997586,178.7469099945156,10385.112101997947,4731.076709998888
18,0,0,3,1,0,1,0,129.83643500774633,168.56206799275242,2817.5698569975793,809.8564410029212
9,0,0,4,1,0,3,12550,47.70112699770834,40.863665999495424,780.76715899806,553.2688759994926
15,0,0,2,0,0,1,1,252.2339419956552,367.84414399880916,684.9208049970912,314.4203660049243
45,0,0,2,5,0,2,0,117.92154499562457,161.86427800857928,1293.300774996169,310.3630090045044
11,0,0,2,0,0,1,6,127.39170499844477,177.56829501013272,1221.0653750080382,605.6811380112777
4,0,0,1,0,0,1,3160,123.0923989933217,169.4470590009587,595.2043369907187,287.31390899338294
7,0,0,3,0,0,1,9122,133.6787999898661,277.5252739957068,999.9683810019633,315.9925070067402
11,0,0,4,0,0,1,542,248.05119700613432,361.7733209975995,2446.368218996213,1187.5879250001162
11,0,0,1,1,0,2,0,117.50767599733081,162.70472199539654,619.5246820134344,277.94183300284203
38,0,0,3,5,0,2,1,146.44703900557943,185.74332700518426,3446.990493001067,723.4290839987807
10,0,0,1,0,0,1,0,121.38570898969192,171.55833399738185,656.1479259980842,303.07290999917313
31,0,0,4,3,0,3,0,641.970158991171,128.12340499658603,1881.7176500015194,974.8929369961843
4,0,0,1,0,0,1,1121,128.4496680018492,178.19499000324868,344.43170500162523,165.12828700069804
14,0,0,1,1,0,1,1,254.583273010212,186.30428100004792,349.3703580024885,158.64588500699028
33,0,0,3,3,0,3,2,1122.6518390030833,1074.886239002808,2444.7744459903333,1517.646401989623
9,0,0,0,1,0,1,1,121.15149101009592,171.72399899573065,329.8253740067594,166.9991100061452
6,0,0,1,1,0,2,792,419.87024901027326,515.0986660009949,885.4013360105455,700.3553500107955
243,0,0,4,13,0,2,1,1469.6506789914565,1404.6289679972688,8958.886218999396,1821.2692990055075
9,0,0,4,0,0,1,8399,131.21025900181849,182.58530800812878,1887.4052010069136,945.918358003837
53,0,0,4,5,0,2,1,1637.4414309975691,2091.393145994516,3105.122824999853,1735.5041179980617
13,0,0,2,2,0,2,0,471.96909099875484,186.1267729982501,2033.319694994134,619.3182559945853
26,0,0,4,3,0,3,35,416.76153300795704,627.550297009293,7238.207018002868,3996.0383379948325
14,0,0,3,1,0,1,2,135.6113399961032,188.1872310041217,2722.7680560026783,1198.942517003161
14,0,0,3,0,0,1,1,122.32714600395411,170.01126499962993,2547.370967004099,710.1736490003532
45,0,0,4,3,0,3,12550,257.2627579938853,75.45220598694868,4236.410897006863,3121.5031370084034
8,0,0,1,0,0,1,3,118.39068800327368,164.9407219956629,634.5061640022323,291.35685600340366
29,0,0,4,5,0,2,1,78.8499350019265,101.74149500380736,5756.153267997433,1950.0532719976036
20,0,0,1,1,0,1,1,121.20191700523719,106.29819901078008,369.8878360009985,237.2533250018023
7,0,0,2,0,0,1,13,239.47075099567883,352.09123299864586,639.4877590064425,293.8417269906495
9,0,0,3,0,0,1,97,125.50599999667611,178.15811300533824,2294.9724799982505,1123.045322005055
9,0,0,1,1,0,1,1,192.66960000095423,174.32802999974228,1118.971062998753,337.56146898667794
399,0,0,3,17,0,2,1,738.7186489941087,689.7324409947032,12802.540964999935,1890.5329069966683
4,0,0,0,0,0,0,4,130.51104999613017,137.73191199288704,320.6053659960162,186.13847300002817
2,0,0,0,0,0,0,2666,53.95953799597919,74.54222899104934,148.89608598605264,135.23960100428667
8,0,0,0,1,0,1,4,125.55191600404214,174.88822499581147,346.58534300979227,161.24408500036225
36,0,0,7,3,0,3,12550,245.97949099552352,75.64663400989957,9261.091998007032,6923.6549680063035
18,0,0,2,3,0,1,3,341.9713490002323,98.31751299498137,1680.407156003639,334.5009840122657
20,0,0,3,3,0,2,2,435.73987699346617,544.5641909900587,4752.49772699317,3611.385254000197
10,0,0,1,1,0,2,1,121.00553599884734,167.97710600076243,260.3382880042773,76.10912999371067
27,0,0,0,5,0,1,1,126.28643200150691,165.63648999726865,413.73356099938974,146.80141799908597
56,0,0,7,5,0,3,12550,343.8255270011723,105.57004799193237,24936.044363988913,16254.460673007998
5,0,0,1,0,0,1,276,130.33309899037704,184.5278370019514,659.1669990011724,331.5026729978854
109,0,0,6,4,0,2,1,698.4453519980889,651.6948209900875,30810.06875599269,13120.773358008591
8,0,0,1,0,0,1,4,128.68626600538846,178.13230700267013,660.3017560119042,310.84187599481083
4,0,0,1,0,0,1,4475,105.47019800287671,144.87437400384806,163.91233100148384,83.24624299712013
14,0,0,4,2,0,3,124,709.4134310027584,816.2911330000497,1353.596076995018,601.165622996632
12,0,0,3,0,0,1,10,126.95055500080343,177.7980119950371,2562.537901001633,1190.2543539908947
12,0,0,4,0,0,1,173,278.18386800936423,386.1030379921431,1302.9733639996266,677.1952450071694
17,0,0,0,1,0,1,0,124.32862700370606,171.99782699753996,331.21486799791455,158.2163249986479
50,0,0,6,4,0,3,12550,294.5048599940492,89.63944400602486,11446.432641008869,8572.837739004171
20,0,0,2,1,0,1,2,621.3291499880143,565.6080460030353,699.982108999393,284.7602229885524
18,0,0,5,1,0,2,0,223.35658100200817,348.77233700535726,5289.404904993717,2375.059561993112
53,0,0,4,5,0,2,1,1163.632764990325,1205.4932280007051,2735.050228991895,1656.341830996098
8,0,0,3,1,0,2,1479,460.18690800701734,636.0060059960233,646.5612290048739,313.82925099751446
22,0,0,3,0,0,1,1,129.10511299560312,180.1498449931387,1865.6520660006208,1217.3297469998943
12,0,0,1,0,0,1,2,78.43456498812884,88.39718099625316,344.2862690135371,156.21274699515197
10,0,0,2,0,0,1,0,119.52898099843878,166.38909099856392,1083.2580059941392,561.0780009883456
13,0,0,1,0,0,1,1,246.0053520044312,361.1228299996583,339.18576799624134,150.91880501131527
16,0,0,3,1,0,2,1,509.8284379928373,378.473106000456,2290.091670001857,659.6495139965555
51,0,0,1,4,0,2,1,716.9241240044357,978.535167989321,627.5171550078085,358.58569901029114
1,0,0,0,0,0,0,8533,52.39885598712135,71.64281599398237,234.58599598961882,157.77203600737266
10,0,0,1,0,0,1,0,65.70743699558079,88.28721899772063,652.4129600002198,307.12496099295095
10,0,0,2,1,0,1,14,379.2044839938171,233.65467198891565,2229.622046012082,682.9713039915077
30,0,0,3,3,0,2,0,639.5053950109286,183.42792200564872,829.0044140012469,167.25558800681029
8,0,0,2,0,0,1,0,251.78549699194264,371.0154260043055,667.7261539880419,334.99708099407144
38,0,0,3,6,0,2,1,126.59181399794761,165.54563300451264,2906.4853559975745,997.3950749990763
29,0,0,2,3,0,2,0,651.0907339979894,180.33872699015774,2241.827955003828,662.011442007497
11,0,0,4,0,0,1,268,382.58369799586944,586.3925729936454,2033.6360260116635,1195.5624260008335
9,0,0,1,0,0,1,5,122.0081899955403,171.19976600224618,639.9165859911591,292.6365619932767
13,0,0,3,0,0,1,1,241.5844700008165,358.6975249927491,1278.9229769987287,573.7784720113268
2,0,0,0,0,0,0,3160,118.7147190066753,166.3251200079685,305.82337400119286,158.55745300359558
15,0,0,3,2,0,2,2,64.56399700255133,84.45581198611762,2238.333404995501,1137.9153130110353
10,0,0,1,0,0,1,4,134.18680299946573,189.6375399956014,687.5897239951883,330.92119499633554
7,0,0,1,0,0,1,66,245.10246299905702,356.62330899504013,337.0387489994755,167.09095300757326
8,0,0,2,0,0,1,4,267.71787100005895,396.4523930044379,649.8503610055195,309.81622300168965
11,0,0,2,0,0,1,1,122.02837500080932,173.40220900950953,1297.7917719981633,609.7180840006331
48,0,0,4,4,0,3,5,1229.6261220035376,1199.2928489926271,3768.5564479907043,2386.235529993428
11,0,0,1,0,0,1,0,125.58966000506189,174.67373701219913,667.040653002914,313.40470899885986
13,0,0,3,2,0,2,4,520.6271639908664,421.4034519973211,705.8081360009965,302.68834700109437
57,0,0,8,5,0,3,1,1330.7603029970778,1281.8303679960081,60000.0,41140.28381800745
6,0,0,0,1,0,1,9,373.48654500965495,195.77662600204349,637.9049279930769,190.475344992592
10,0,0,2,0,0,1,3,133.31802599714138,189.41621799604036,1305.0295479915803,356.4713829982793
12,0,0,3,0,0,1,18,145.49280400387943,205.8707350079203,2579.3678869958967,1155.9440800047014
6,0,0,2,1,0,2,12550,41.00674200162757,32.44233199802693,302.81064700102434,145.64353199966718
6,0,0,1,0,0,1,19,147.1738260006532,206.6115249908762,665.9389119886328,329.2031580058392
13,0,0,1,0,0,1,1,68.11703200219199,92.00478300044779,345.7019289926393,158.95943400391843
12,0,0,1,0,0,1,1,124.26007199974265,172.74605299462564,674.0996659937082,311.96367199299857
9,0,0,2,0,0,1,27,134.2504050116986,187.79449300200213,1275.2098019991536,602.528727002209
12,0,0,4,2,0,3,12550,114.19839000154752,61.088157002814114,2629.7433670115424,1858.8193750038045
9,0,0,2,0,0,1,1,144.02615999279078,208.14338700438384,1235.6452039966825,599.8685560043668
11,0,0,3,0,0,1,0,62.67616999684833,83.17940898996312,1281.4845749962842,693.49592999788
7,0,0,2,0,0,1,0,240.1962639996782,346.59033600473776,617.180178000126,285.3110750002088
9,0,0,2,1,0,2,51,129.15136199444532,181.3691119896248,1326.939594000578,615.0624389993027
52,0,0,3,5,0,2,1,1269.070519003435,1246.6391799971461,3101.6237570001977,1826.837145999889
15,0,0,2,0,0,1,1,63.67131200386211,85.41177200095262,662.9495380038861,290.1262600062182
3,0,0,1,0,0,1,9914,97.57013501075562,131.67518099362496,440.68290600262117,248.81693501083646
12,0,0,3,0,0,1,0,125.14860299415886,174.23524599871598,655.6121399917174,396.45807098713703
23,0,0,5,2,0,3,397,655.0399620027747,1172.6075189944822,13232.232881011441,10617.355270005646
9,0,0,2,1,0,2,78,122.23441299283877,170.17125299025793,1248.7266719981562,558.4919320099289
56,0,0,7,5,0,3,124,1288.6986690136837,2973.395977009204,17371.419604998664,11395.07260499522
22,0,0,2,2,0,2,1,126.2291879975237,131.83916399430018,1504.0262690017698,629.160390002653
177,0,0,2,8,0,2,1,1468.2288210024126,1404.436374999932,1971.8855639948742,625.7098630012479
53,0,0,4,5,0,2,1,1251.8967539945152,1752.627186011523,2891.198287004954,1747.3087179969298
13,0,0,5,0,0,1,5,612.9466660058824,932.8798420028761,4564.948329003528,2399.1409769951133
57,0,0,8,5,0,2,0,1066.1013389908476,917.1112829935737,60000.0,54756.41779600119
43,0,0,3,4,0,2,1,644.3905950000044,603.0416639987379,4454.137303997413,2679.970957993646
14,0,0,1,0,0,1,1,116.89198001113255,84.38871199905407,336.25445699726697,159.16398499393836
3,0,0,1,0,0,1,9230,89.82736599864438,125.03033599932678,289.85278599429876,148.84333200461697
54,0,0,5,5,0,2,12550,332.76514300087,105.28088400315028,8049.062361998949,7385.432196009788
15,0,0,7,0,0,1,4295,519.68138400116,643.8809259998379,19128.071009006817,8547.352620007587
54,0,0,5,5,0,3,233,1747.1153880032944,2471.2811810022686,7819.742258012411,5487.457343988353
6,0,0,1,1,0,2,12550,73.26362299500033,43.72687799332198,495.1248119905358,399.775165002211
10,0,0,5,0,0,1,12550,78.16232299956027,106.4475669991225,4718.506189994514,2137.3709339968627
9,0,0,1,0,0,1,2,118.40025900164619,168.3555189956678,637.5882319989614,289.13751800428145
6,0,0,3,0,0,1,12550,57.388795001315884,75.9852440096438,1142.5738480029395,589.9290279921843
10,0,0,4,1,0,3,0,752.0505499996943,789.7748899995349,1265.9453810047125,587.2187669883715
8,0,0,1,0,0,1,4,133.26076700468548,191.20202299382072,565.9389849897707,157.47414498764556
3,0,0,0,0,0,0,37,117.66808200627565,164.4379770004889,306.75522099772934,147.49654199113138
1,0,0,0,0,0,0,9914,43.24673299561255,55.998238996835425,127.931985000032,83.47811599378474
21,0,0,6,2,0,3,6,642.611104005482,583.3402190037305,5052.411570010008,2346.1634349951055
38,0,0,5,4,0,3,0,624.5437680045143,362.8152519959258,5417.151879999437,1020.7659890002105
2,0,0,0,0,0,0,4804,61.84288300573826,79.10329499281943,164.490843002568,176.16141100006644
55,0,0,6,5,0,3,3,1089.6196829999099,1209.0740359999472,6520.550631001242,3549.2862930113915
187,0,0,0,11,0,1,0,771.9551869959105,457.64468199922703,814.1230719920713,133.86342499870807
11,0,0,1,0,0,1,1,134.2122299975017,190.95056899823248,666.2445210095029,288.40877101174556
54,0,0,5,5,0,2,1,1217.5067130010575,1629.0163100056816,3067.922558999271,1632.1301130083157
12,0,0,2,0,0,1,2,69.99699999869335,95.55603899934795,659.5582559966715,296.0093610017793
4,0,0,0,0,0,0,1,126.13783399865497,178.88910201145336,329.6394409990171,165.5268949980382
8,0,0,3,0,0,1,489,121.93646599189378,170.54993700003251,2359.551355999429,1087.2003319964278
11,0,0,2,0,0,1,4,122.12975200964138,173.25329998857342,946.657257998595,417.95734099287074
33,0,0,2,3,0,2,35,712.8445890120929,1828.2032839924796,1753.7317350070225,1395.413190999534
7,0,0,3,0,0,1,0,363.9399530075025,558.2868769997731,1285.564029996749,492.2710469982121
55,0,0,6,5,0,3,1,1255.5363339924952,1108.866031994694,4629.97716901009,2680.2733539952897
21,0,0,4,3,0,3,12550,170.49389399471693,75.68081199133303,4674.92216800747,3630.050466992543
2,0,0,1,0,0,1,12550,36.661685997387394,44.10958700464107,282.5517180026509,149.19521799311042
8,0,0,0,1,0,1,1,383.79198699840344,183.50495900085662,565.7347509986721,175.45712600986008
49,0,0,2,4,0,2,0,1236.0948559944518,1188.5957439953927,1570.9407270041993,395.78449199325405
15,0,0,4,2,0,2,6,643.0208620004123,835.2609669964295,1682.8694180003367,591.6099820024101
9,0,0,1,1,0,1,5,502.59682300384156,378.4247250005137,346.2260639935266,157.57707100419793
40,0,0,6,4,0,2,1,991.4270419976674,927.5002209906233,42438.405232009245,27234.42604400043
19,0,0,0,2,0,1,0,129.9940280005103,179.69562200596556,386.46184498793446,164.60141500283498
8,0,0,3,1,0,2,12550,87.98956999089569,78.19579799252097,1143.894447988714,653.8829310011351
9,0,0,1,0,0,1,2,132.65219998720568,329.0559120068792,339.2489139951067,161.05574399989564
53,0,0,4,5,0,2,33,1819.6483250067104,2353.4885380067863,3022.2127489978448,1590.5674990062835
11,0,0,3,0,0,1,2,125.85085800674278,176.80840099637862,2399.688496996532,1225.0302000029478
12,0,0,1,0,0,1,1,125.68094799644314,173.23781800223514,668.9683949953178,307.6492059917655
28,0,0,1,3,0,2,0,322.526388001279,91.99739400355611,884.5503660122631,311.91619799938053
13,0,0,2,0,0,1,1,133.89021300827153,185.9500400023535,1176.1705109965988,607.4496829969576
35,0,0,3,2,0,3,12550,195.70197600114625,60.46593400242273,2123.582410000381,1621.2133730005007
7,0,0,1,0,0,1,13,115.24842100334354,172.04004900122527,644.9568079988239,307.9171810095431
6,0,0,1,0,0,1,1,241.84257299930323,353.0721030110726,325.738953994005,156.69649999472313
54,0,0,5,5,0,2,1,1180.3666289924877,598.328218999086,5835.80781899218,3630.152473997441
39,0,0,5,4,0,3,12550,250.90569398889784,91.06450800027233,9676.96289200103,7576.005629001884
33,0,0,4,3,0,2,122,1673.9412199967774,2421.532745996956,2683.9185989956604,1486.3866439991398
16,0,0,5,0,0,1,2,224.48965600051451,306.08157301321626,4272.499402999529,1529.7367419989314
108,0,0,3,10,0,2,1,314.87620700499974,257.8537190129282,5475.703827993129,1793.29432999657
37,0,0,2,3,0,2,2,672.0927509886678,630.0363059999654,2203.6280739994254,1463.6948860133998
109,0,0,6,4,0,2,2,685.5823200021405,649.763173001702,30772.919699011254,14041.030160995433
12,0,0,1,0,0,1,1,123.47683199914172,172.02790999726858,673.2849289983278,310.6461519928416
7,0,0,2,1,0,2,0,238.9187939988915,351.11622301337775,639.5581579999998,306.4892569964286
56,0,0,7,5,0,3,233,1790.1015709940111,2901.404709002236,12620.863370990264,7413.356611999916
13,0,0,1,1,0,1,2,119.38432400347665,166.68634900997858,675.5850189947523,255.06268900062423
10,0,0,4,0,0,1,731,303.6193599982653,445.9857050096616,1797.8799269912997,1082.2506129916292
14,0,0,0,1,0,1,0,130.9262860013405,182.41600300825667,364.64607900416013,165.28490900236648
12,0,0,1,1,0,1,1,127.91614400339313,179.0829749952536,690.9341959981248,305.30075599381234
111,0,0,8,4,0,3,12550,305.5208949954249,90.18039799411781,35846.22918399691,16438.70259699179
4,0,0,0,0,0,0,0,130.26992199593224,183.00026400538627,339.87845400406513,170.52719299681485
53,0,0,4,5,0,2,8,1110.36615500052,1848.4271600027569,5339.885335997678,3659.3472649983596
50,0,0,6,4,0,3,12550,149.31550600158516,46.72872899391223,11101.59825500159,8937.255142998765
33,0,0,3,3,0,2,2,452.09246600279585,721.4308440015884,4111.740234002355,2915.424067992717
61,0,0,3,4,0,2,1,560.1367760100402,593.5996299958788,3962.810298005934,2081.479831991601
49,0,0,2,3,0,2,1,565.939291001996,903.511171010905,2660.9001710021403,1742.6711449952563
7,0,0,2,1,0,3,12550,76.45493999007158,44.50398701010272,876.2179070035927,702.8225300018676
10,0,0,5,0,0,1,12550,78.28810899809469,107.44506800256204,4205.8914880035445,2211.737860998255
6,0,0,2,0,0,1,1556,118.4514990018215,164.79047198663466,1198.0736779951258,580.7386160013266
11,0,0,3,0,0,1,212,270.0679580011638,395.2012279914925,1285.644654999487,441.17270900460426
48,0,0,1,6,0,2,1,604.9505599949043,577.7218709990848,1108.9507909928216,436.56580700189807
35,0,0,2,4,0,2,1,376.2316559877945,284.6418150002137,2449.4804659916554,1559.4136430008803
15,0,0,1,1,0,1,1,68.72230098815635,89.92166700772941,443.03199800197035,301.07392799982335
32,0,0,2,3,0,2,0,296.7627670004731,218.3074759959709,1667.6418499991996,1470.9986590023618
62,0,0,0,10,0,1,1,97.5968249986181,125.36560700391419,441.19876000331715,171.43124699941836
10,0,0,3,0,0,1,710,153.4274750010809,212.56846700271126,2598.283255996648,1259.5720609970158
16,0,0,1,2,0,2,295,410.445493995212,497.9824100009864,1135.1346240116982,892.9549179883907
11,0,0,1,0,0,1,3,124.55285398755223,175.11957300303038,673.4826610045275,314.24161601171363
9,0,0,4,0,0,1,0,242.53767599293496,349.05928099760786,2260.478106007213,833.686623009271
9,0,0,1,0,0,1,2,243.52484599512536,303.0705770070199,316.8521079933271,151.80577100545634
12,0,0,4,0,0,1,412,363.3669970004121,543.8342459965497,2347.951528005069,1132.3357879882678
45,0,0,4,4,0,3,0,1161.7565829947125,704.5840479986509,4087.8319010080304,1096.8133410060545
17,0,0,1,1,0,1,1,127.3980949918041,174.49139000382274,304.7178380074911,155.44576798856724
8,0,0,3,1,0,2,633,753.7035379937151,391.8190289987251,652.2140919987578,302.52559899236076
8,0,0,0,1,0,1,2,121.84173399873544,172.92816100234631,341.15353399829473,158.6143570020795
8,0,0,2,0,0,1,0,126.00639498850796,175.14619299618062,1234.4198569917353,574.486639990937
3,0,0,0,0,0,0,10,132.95769099204335,184.6160320128547,333.59009100240655,169.93329499382526
13,0,0,1,0,0,1,1,121.64054799359292,173.27014599868562,686.0179920040537,311.33876300009433
55,0,0,6,5,0,3,12550,341.58882399788126,105.82260800583754,15731.637176999357,9546.227101003751
16,0,0,6,2,0,3,594,1115.7890510075958,1271.5121220098808,5332.54157200281,2453.732777998084
9,0,0,4,0,0,1,865,164.91980401042383,341.8295110022882,2508.7835259910207,1249.457446989254
55,0,0,6,5,0,3,5,1258.287324992125,1205.1180159905925,11208.437107008649,5409.797200991306
14,0,0,6,0,0,1,287,135.67242100543808,187.66072299331427,18226.331145997392,6741.453251001076
11,0,0,5,1,0,3,12550,97.72698899905663,92.45153800293338,1587.6067329954822,558.8777069933712
32,0,0,3,3,0,2,3,581.1063949950039,548.9251370017882,4532.755758002168,1584.8864060099004
11,0,0,0,0,0,0,1,121.63840400171466,173.20959400967695,339.7231249982724,158.76617599860765
13,0,0,5,0,0,1,419,509.9961399973836,766.0489359986968,5031.42597299302,2155.828990988084
152,0,0,3,8,0,2,1,690.2454339870019,642.6461599912727,5475.535935998778,1761.3560479949228
6,0,0,3,0,0,1,12550,58.96362100611441,77.43116100027692,1122.765971987974,594.9046680034371
110,0,0,7,4,0,3,23,1311.7030220018933,2296.660965002957,22960.97818799899,11209.220706004999
10,0,0,1,0,0,1,1,132.22089399641845,186.8636369908927,659.671157001867,308.3057410112815
5,0,0,0,0,0,0,11,119.05796099745203,165.85796000435948,266.76352000504266,77.91360099508893
23,0,0,8,2,0,3,1,647.0943719905335,588.5830779880052,21364.943981010583,6893.5700219881255
11,0,0,5,1,0,3,12550,98.7747839972144,93.77457700611558,1997.8031359933084,1023.0644959956408
17,0,0,4,0,0,1,1,118.87995500001125,167.1681269945111,5197.500820999267,2148.9636649930617
22,0,0,3,2,0,1,1,68.57861399475951,86.69405899127014,2107.034675995237,1194.5588160015177
14,0,0,1,2,0,2,14,130.4593460081378,168.27359300805256,669.1933169931872,287.68313700857107
54,0,0,5,5,0,3,0,1802.2576959920116,2011.0396029922413,4523.87519099284,2588.062576003722
13,0,0,3,2,0,2,0,512.130552000599,413.9732309995452,482.876161011518,153.8996640010737
44,0,0,3,3,0,3,39,1231.6219190106494,1725.5944070057012,1929.200458995183,1535.8786630094983
49,0,0,2,6,0,2,1,561.7691009974806,577.9181130055804,1073.1104430014966,441.08432400389574
30,0,0,2,3,0,2,84,524.9441420019139,1287.7983919897815,2343.857868007035,1489.7096479980974
10,0,0,1,0,0,1,1,85.91873099794611,171.91007800283842,656.6454169951612,303.775319000124
8,0,0,1,1,0,2,2,210.72146199003328,91.77249399363063,282.92793399305083,105.16504099359736
6,0,0,2,1,0,2,12550,40.525894990423694,31.556207002722658,579.2785109952092,288.53161599545274
33,0,0,0,3,0,1,0,662.3530049982946,180.05256699689198,586.7980369948782,174.17086000205018
4,0,0,0,0,0,0,54,134.32595500489697,149.45840000291355,183.0673179938458,176.55088599713054
14,0,0,1,2,0,1,1,127.12411899701692,171.60516399599146,713.0045489902841,307.9548030073056
37,0,0,2,6,0,1,1,127.3811970022507,166.9514780078316,1758.2612810074352,562.1075189992553
9,0,0,1,0,0,1,1,204.61278599395882,173.7588429969037,171.92822899960447,81.91663201432675
33,0,0,1,2,0,2,1,761.8804789963178,721.3860530027887,1261.7029909888515,895.9921000059694
14,0,0,2,0,0,1,1,252.16995399387088,373.60418400203343,452.27391499793157,280.20059000118636
13,0,0,2,2,0,1,6,377.30580900097266,265.99733901093714,1676.655290008057,332.9847300046822
22,0,0,7,2,0,2,26,135.5400510074105,181.76725298690144,20637.127754991525,9390.608943998814
13,0,0,1,0,0,1,1,63.09250999765936,85.60522399784531,343.3383090014104,155.05218399630394
54,0,0,5,5,0,3,18,2223.3779429952847,3365.7800139917526,4173.730576003436,2716.481935000047
134,0,0,2,8,0,2,1,507.40833500458393,589.9505609995686,2996.043136998196,621.3864530000137
54,0,0,5,5,0,3,5,1239.1537629882805,1200.8453180023935,8650.254844003939,5524.974503001431
38,0,0,3,3,0,2,2,829.089617007412,788.7445520027541,5194.6342500014,2613.7804000027245
9,0,0,3,0,0,1,419,253.88479699904565,391.6874730057316,1228.7794669973664,564.4735530077014
220,0,0,3,10,0,2,1,534.9946639908012,850.3952790051699,9084.416111989412,1853.0569190043025
8,0,0,2,0,0,1,77,120.16335999942385,166.60401699482463,1222.7622110076481,553.611227995134
39,0,0,5,4,0,3,12550,254.58327199157793,90.7722179981647,7710.268476992496,5015.731653009425
40,0,0,3,6,0,2,1,885.2651369961677,882.7984660019865,2720.546722994186,873.3506220014533
13,0,0,3,2,0,2,2,779.5900470082415,374.8164610005915,696.676147999824,307.85593199834693
9,0,0,2,0,0,1,5,136.63555099628866,189.88680400070734,1276.6876810055692,603.0583799874876
9,0,0,4,0,0,1,9230,89.29344799253158,124.54296099895146,4027.3553040024126,1479.948587002582
12,0,0,4,2,0,3,9230,89.46250600274652,98.98297899053432,2481.9057370041264,1219.7598979983013
26,0,0,4,3,0,2,38,696.2234649981838,1059.2950340069365,1129.1328730003443,816.4073599909898
16,0,0,3,1,0,1,1,194.1809210111387,94.539845988038,3860.8562400040682,1316.5749600011623
11,0,0,2,0,0,1,1,143.9962929871399,207.32421599677764,1304.1922730044462,599.3164909887128
14,0,0,3,0,0,1,6,125.9205340029439,173.9518990070792,2641.0660689871293,1203.021670007729
9,0,0,1,1,0,1,0,127.05915799597278,177.00458099716343,574.3183550075628,300.9546889952617
35,0,0,2,4,0,2,0,568.0566080118297,368.5249500122154,1212.668780994136,335.20667398988735
13,0,0,4,2,0,3,0,633.970397990197,569.4451580056921,1347.8304780001054,588.6303449951811
8,0,0,0,1,0,1,1,96.8004780006595,89.60794500308111,343.8504700025078,156.84406500076875
7,0,0,3,0,0,1,4295,338.30287599994335,511.8829580023885,1196.751299998141,443.29553699935786
5,0,0,2,0,0,1,1190,338.9349930075696,513.6475600011181,618.024465002236,303.6584330111509
33,0,0,3,3,0,2,3,1138.2827279885532,1030.4994650068693,1583.2664979971014,1499.052560000564
10,0,0,4,0,0,1,731,310.942857991904,453.22861899330746,2542.5807669962524,1060.9038780094124
7,0,0,3,0,0,1,8399,148.7950400041882,210.64927001134492,752.6537420053501,564.7514369920827
15,0,0,1,1,0,2,1,125.85883500287309,174.0993109997362,257.45940700289793,82.60007300123107
55,0,0,6,5,0,3,39,667.1132570045302,1763.6064210091718,13567.29533500038,7809.944685010123
13,0,0,2,1,0,1,1,120.46714600000996,169.48423499707133,1312.2125390073052,570.6427510012873
13,0,0,1,0,0,1,1,125.72344300861005,173.54036700271536,644.5633929979522,313.45756800146773
13,0,0,4,2,0,3,0,121.4792410028167,166.36202699737623,2490.4852020117687,1098.0772180046188
12,0,0,3,0,0,1,1,244.9800069880439,361.73580899776425,1282.8284190036356,597.1352600026876
54,0,0,7,4,0,3,78,1143.641339003807,2362.4587730009807,25126.080782007193,11559.043576009572
1,0,0,0,0,0,0,9230,54.99205600062851,68.98750900290906,193.806883005891,123.50725699798204
10,0,0,2,1,0,1,4,266.20260400522966,387.7175950037781,670.7853080006316,308.2533999986481
16,0,0,5,1,0,2,179,373.7060520070372,570.4938330018194,5036.519548011711,2156.113107994315
5,0,0,1,0,0,1,367,131.14460499491543,181.77441699663177,625.7543219981017,276.8172430078266
15,0,0,5,2,0,3,1441,530.589964997489,619.3388769897865,2143.952109006932,1173.8424909999594
10,0,0,2,0,0,1,19,144.2460209946148,198.65959099843167,1295.6073130044388,606.9757609948283
14,0,0,2,0,0,1,1,124.02316799852997,172.81270999228582,1309.7402799903648,610.9649510035524
6,0,0,0,1,0,1,20,127.48965300852433,176.3531670003431,335.16264500212856,156.78847998788115
3,0,0,0,0,0,0,114,116.57337300130166,164.07898400211707,305.9787870006403,145.60754600097425
17,0,0,4,2,0,2,2,184.5905080117518,361.92112699791323,1040.3861200029496,374.9560339929303
12,0,0,3,0,0,1,10,123.917952994816,115.02347400528379,2402.8096230031224,1187.8344370052218
14,0,0,2,2,0,2,1,124.13958400429692,170.59698900266085,1339.5301049895352,597.1333170018625
14,0,0,3,1,0,2,2,121.80543399881572,97.05802200187463,2030.7037660095375,1119.07626100583
56,0,0,7,5,0,3,1,1165.8880839968333,1717.4495229992317,29835.394135996467,16892.06648399704
61,0,0,3,4,0,3,1,703.3604339958401,698.3531470032176,2070.160211005714,1332.7806759916712
12,0,0,1,1,0,2,3,123.47664698609151,119.80535100155976,452.9215340007795,310.29034199309535
11,0,0,1,1,0,2,6,132.1408610092476,184.66922600055113,677.1045130008133,315.41016200208105
54,0,0,5,5,0,2,1,1235.3895119886147,1542.3262789990986,6072.879305007518,3666.2329610117013
14,0,0,4,0,0,1,1,183.21825700695626,181.79997999686748,2197.8166379994946,696.6945750027662
16,0,0,6,2,0,3,1441,735.1937950006686,776.8398890038952,2511.548822003533,1201.9875929981936
19,0,0,4,2,0,2,1,67.77426399639808,165.8190259913681,2842.317382004694,1190.881625007023
7,0,0,0,1,0,1,18,379.15310500829946,459.6046109945746,483.1058440031484,385.0034180068178
15,0,0,5,2,0,3,52,168.85303900926374,232.15174200595357,5004.187971993815,2286.3887879939284
9,0,0,1,0,0,1,3,64.2474990017945,85.49652900546789,537.3694400041131,185.82673999480903
55,0,0,6,5,0,3,1,1253.541422993294,1201.208555008634,15921.924529990065,10380.427327996586
9,0,0,0,0,0,0,2,123.91632600338198,173.1014260003576,342.165489011677,160.96951499639545
6,0,0,1,1,0,2,31,121.40773099963553,170.5095090001123,646.3430570001947,311.0558650078019
9,0,0,1,1,0,1,2,307.4779870075872,182.18245600291993,1143.6851990001742,337.11430699622724
57,0,0,2,6,0,2,1,136.97201199829578,103.97949899197556,1813.054218000616,659.5450260065263
13,0,0,5,0,0,1,37,361.77145900728647,564.1499599878443,5108.686273000785,2367.847158006043
14,0,0,1,0,0,1,1,124.59928300813772,176.3134689972503,681.9120010040933,314.34451999666635
7,0,0,0,0,0,0,18,127.36082599440124,174.83936800272204,333.9162639895221,158.27808699395973
7,0,0,2,0,0,1,403,106.90772598900367,88.67087399994489,610.7466890098294,279.12822099460755
69,0,0,6,3,0,3,216,1960.9594419889618,2361.5508579969173,9819.613409010344,5777.655598998535
31,0,0,3,4,0,2,383,1746.573635013192,2564.487174007809,2258.0543929943815,1882.2967860032804
11,0,0,3,0,0,1,1,134.26814800186548,190.41457001003437,2577.8988349920837,1220.6005840125727
9,0,0,2,0,0,1,12,121.42900099570397,172.7092060027644,1268.9070089982124,596.5971910045482
9,0,0,4,1,0,3,12550,88.29079700808506,77.81821599928662,1131.91400100186,443.95357999019325
8,0,0,1,0,0,1,24,65.21199000417255,87.9338300001109,650.0768159894506,313.66267100383993
9,0,0,3,0,0,1,39,238.66882899892516,391.45308900333475,1248.2082999922568,365.58464499830734
6,0,0,3,0,0,1,12550,34.91249900253024,77.82364200102165,949.0228450013092,487.5342739978805
12,0,0,5,0,0,1,877,621.2313830037601,930.8714130020235,4646.29332300683,1997.755613992922
13,0,0,5,0,0,1,2058,248.6395409941906,196.71598900458775,4558.654412991018,2273.894789002952
25,0,0,0,4,0,1,1,312.2309129976202,310.52770900714677,630.6127769930754,213.26331500313245
9,0,0,1,0,0,1,5,119.8435209953459,91.40577400103211,319.0427619992988,147.01318700099364
8,0,0,1,0,0,1,4,108.47154300427064,175.13011499249842,657.3166500020307,310.2791950077517
10,0,0,4,0,0,1,359,124.36403299216181,173.25134899874683,4789.218029996846,2200.330268999096
14,0,0,3,2,0,2,4,261.5403999952832,375.6655250035692,1404.554418011685,603.8152880064445
2,0,0,0,0,0,0,0,130.37391199031845,182.09044900140725,330.19960900128353,167.4174499930814
16,0,0,1,1,0,1,1,128.92986000224482,175.47762300819159,723.6631260020658,313.370729010785
105,0,0,2,4,0,2,1,690.2545780030778,643.867759994464,2233.8245819992153,933.2855410029879
7,0,0,2,1,0,2,9230,43.188426992855966,51.62353100604378,579.545438013156,295.8643239981029
32,0,0,5,3,0,3,140,1666.6604040074162,1914.6872519922908,8241.811425003107,4396.616385012749
12,0,0,2,1,0,2,4,119.77307799679693,165.2191770117497,1273.4853230067529,568.7646070000483
6,0,0,1,1,0,2,12550,71.94932800484821,43.27324099722318,492.67816900101025,398.2449670002097
39,0,0,4,4,0,3,0,120.46340000233613,161.80232699844055,3117.6322789979167,1104.2221279931255
8,0,0,2,0,0,1,19,139.7415270039346,343.0490460013971,638.9190049958415,189.3707399867708
12,0,0,1,1,0,1,1,130.18586300313473,168.62734500318766,686.6745180013822,298.9573079976253
17,0,0,1,1,0,1,1,123.63778699364047,174.67355099506676,713.6056190065574,301.40535600367
15,0,0,4,1,0,2,2,123.06276899471413,167.78411499399226,5069.27843100857,2123.373394002556
21,0,0,4,3,0,3,12550,172.75902100664098,76.37517900730018,3297.540959989419,2716.052051007864
42,0,0,1,5,0,1,1,443.80191099480726,436.8164150073426,1256.2789590010652,217.2023119928781
3,0,0,0,0,0,0,1002,124.86957300279755,171.95571699994616,318.69201798690483,174.64060100610368
44,0,0,4,4,0,2,1,636.6243630036479,595.119708988932,9148.035097008687,5842.526888998691
5,0,0,1,1,0,2,256,516.3976420008112,367.22343698784243,554.0226140001323,174.25123800057918
134,0,0,2,8,0,2,1,621.5572950022761,588.7194099923363,2640.623069004505,906.797170988284
15,0,0,5,2,0,2,8,781.9388899952173,410.18829599488527,2737.9365490050986,1193.9982129988493
54,0,0,5,5,0,2,1,1190.4490919987438,994.5377169933636,4854.408799001249,3043.197048988077
71,0,0,2,12,0,2,1,129.7127419966273,178.19752600917127,2337.0607800025027,635.6383170059416
12,0,0,2,0,0,1,3,121.67330599913839,172.37874900456518,1139.2364849889418,598.2323549978901
20,0,0,5,2,0,3,1,650.9528979950119,588.5158780001802,2782.03718700388,1182.7255809912458
16,0,0,3,2,0,2,0,116.88353499630466,162.2019780043047,1057.480724004563,547.7728919941001
19,0,0,3,0,0,1,1,134.81163801043294,165.8643020055024,2496.2529379990883,1210.5538909963798
6,0,0,2,1,0,3,12550,78.03229900309816,43.711108999559656,557.9588719992898,470.59792299114633
9,0,0,2,0,0,1,12,252.01840199588332,365.4469169996446,654.2882290086709,309.6157919935649
11,0,0,0,1,0,1,0,123.76520900579635,172.68135800259188,350.1367260032566,156.0608739964664
7,0,0,1,0,0,1,37,122.50456100446172,173.77812399354298,645.1809709978988,300.7633350061951
14,0,0,4,2,0,3,50,150.2735149988439,202.11066999763716,2687.606177991256,1191.164337011287
55,0,0,6,5,0,2,1,713.5166459920583,1270.9450149995973,10927.31374700088,6640.79856700846
12,0,0,4,1,0,2,66,518.6454170034267,420.17958899668884,707.594366002013,495.69066500407644
108,0,0,5,4,0,2,6,385.19136000832077,1004.8620200104779,15458.514526995714,5616.7352880002
22,0,0,5,3,0,3,8,673.3147470076801,642.114340007538,14211.781796999276,10526.968621008564
13,0,0,3,0,0,1,13,144.4453909934964,206.7814490001183,2577.2867210034747,1199.8504660004983
20,0,0,5,2,0,3,3,142.25754200015217,184.58583900064696,5448.529956003767,2379.44381799025
11,0,0,1,1,0,1,1,124.63247700361535,176.41924999770708,604.4688910042169,158.3375649934169
25,0,0,3,3,0,3,0,413.165667996509,408.8005580124445,2872.9603340034373,2280.0142750056693
9,0,0,3,0,0,1,97,102.15525499370415,83.87208099884447,2280.4717190010706,636.8168869958026
10,0,0,1,0,0,1,14,69.56013999297284,158.7259129883023,663.9771610061871,305.40694200317375
108,0,0,5,4,0,2,2,501.11553199531045,562.9941810038872,13776.850783004193,5746.582904001116
9,0,0,4,1,0,3,12550,88.76916598819662,77.94159300101455,1139.0414300112752,587.1805530041456
24,0,0,1,4,0,1,1,490.46443299448583,461.4834139938466,1167.5378679938149,346.3320169976214
35,0,0,1,3,0,2,1,419.77023499202915,419.7267039999133,1489.9366539902985,936.3165760005359
6,0,0,1,0,0,1,8,135.2176660002442,99.98213799553923,566.774142003851,309.5362720050616
10,0,0,1,1,0,1,2,122.65073199523613,174.09511900041252,678.3247049897909,304.50346300494857
6,0,0,1,0,0,1,161,66.80185999721289,87.38858099968638,321.8917530030012,157.24540199153125
13,0,0,1,1,0,2,1,513.7666529917624,371.91598999197595,579.8665730108041,108.15392799850088
6,0,0,2,0,0,1,1590,124.13981500139926,174.26190699916333,1208.4950230055256,587.1061950019794
18,0,0,4,2,0,3,1,652.991152004688,590.7344970037229,1171.241561009083,547.6251210056944
13,0,0,3,2,0,2,4,506.02231100492645,407.45002300536726,699.198858012096,299.7558449860662
53,0,0,4,5,0,2,0,1254.2832449980779,1739.796905007097,2913.8824789988576,1821.183698004461
49,0,0,5,4,0,3,78,1227.5236020068405,2388.1836910004495,8222.149623004952,5412.053259991808
13,0,0,2,0,0,1,1,71.36352999077644,152.8645479993429,1265.331590999267,601.3978639966808
3,0,0,0,0,0,0,76,61.45566698978655,82.07841900002677,157.08074299618602,74.9382490030257
8,0,0,1,0,0,1,1,64.19894999999087,86.9311110000126,326.2025089934468,177.26301899529062
13,0,0,3,2,0,2,2,135.2773620019434,170.1802850002423,1329.194694000762,594.427831005305
9,0,0,2,0,0,1,1,142.57400600763503,203.0153119994793,1288.311499010888,570.678775999113
9,0,0,1,0,0,1,1,242.30888100282755,357.66352199425455,332.49877399066463,161.21362200647127
109,0,0,6,4,0,3,10,700.1668290031375,1146.0787069954677,24712.100404998637,10788.53562999575
10,0,0,1,0,0,1,3,118.68256400339305,158.1340880075004,323.7636200065026,171.80325099616311
4,0,0,0,0,0,0,147,68.84314899798483,92.93665099539794,171.68293899158016,88.26747498824261
134,0,0,2,8,0,2,1,623.314587995992,591.0125890077325,3353.6319689883385,767.3557829984929
14,0,0,3,1,0,1,2,124.26699399657082,173.83165699720848,2547.645033992012,1134.8100210016128
107,0,0,4,4,0,3,1,621.8696040014038,489.9495549907442,5481.125571997836,2804.008614999475
7,0,0,2,0,0,1,20,167.61900899291504,190.90829900233075,689.6361480030464,328.20316099969205
11,0,0,2,0,0,1,27,132.72358500398695,182.23057400609832,1368.2062300067628,659.7492760047317
62,0,0,4,4,0,3,1,469.66912600328214,704.8390210111393,4813.256929002819,3030.5446999991545
134,0,0,3,5,0,3,1,605.5009819974657,946.7930950049777,3855.8085179975023,1580.4644099989673
10,0,0,4,0,0,1,4118,123.229741002433,169.9493930063909,1477.5802070071222,1110.2875450014835
1,0,0,0,0,0,0,303,115.70498799846973,161.63445299025625,286.36159900634084,75.16408800438512
173,0,0,1,12,0,2,0,791.8287659995258,742.6567889924627,1826.432764006313,557.3221719969297
112,0,0,2,4,0,3,1,607.6409689994762,857.6922869979171,1296.3045710057486,735.4419150069589
56,0,0,7,5,0,3,8,1622.118776998832,2133.6722429987276,17694.271975997253,10366.356783008086
6,0,0,2,0,0,1,877,253.21860999974888,373.5140019998653,524.7686660004547,328.0604050087277
7,0,0,1,1,0,1,9,347.91155699349474,202.80073300818913,1280.5245279887458,362.2153110045474
69,0,0,1,4,0,2,1,496.7516429896932,488.875265000388,1498.967558000004,784.2461469990667
8,0,0,0,0,0,0,0,118.27631200139876,167.9199089994654,323.04595698951744,147.08012899791356
6,0,0,1,0,0,1,528,124.69011401117314,175.74482699274085,643.248128995765,313.0392770108301
12,0,0,2,0,0,1,1,124.9093459919095,176.5214410115732,1043.2083449995844,611.4074579963926
6,0,0,2,0,0,1,4804,125.29996199009474,175.18453700176906,902.876585998456,529.3935109948507
9,0,0,1,1,0,1,3,510.3893929917831,366.7343209963292,300.40834899409674,76.75605999247637
2,0,0,0,0,0,0,856,65.3599130018847,147.5260459992569,313.37123800767586,155.6081579910824
32,0,0,2,3,0,2,1,454.63766700413544,440.1896570052486,2454.7111459978623,1513.9765269996133
54,0,0,5,5,0,2,12550,333.70062700123526,107.08627199346665,11600.92713299673,7074.262031004764
9,0,0,2,0,0,1,34,127.94144499639515,177.5293320097262,1292.1126589935739,616.3098010001704
18,0,0,3,2,0,2,1,131.16410998918582,172.4253360007424,824.1810769977747,460.07216500584036
109,0,0,6,4,0,3,3,447.64292900799774,623.516589999781,19645.927052988554,7114.1851900029
38,0,0,1,3,0,2,1,733.1183859932935,670.6025859893998,727.2898599912878,765.0516550056636
13,0,0,4,2,0,3,116,629.5504449954024,633.8159360020654,1341.547766001895,598.843346000649
14,0,0,3,1,0,1,1,67.17794900760055,90.02208099991549,2168.7737650063355,1207.3817040072754
21,0,0,4,3,0,3,12550,173.61088100005873,76.3589639973361,4875.474255997688,3726.3734270090936
12,0,0,2,1,0,2,1,315.33078900247347,424.99900799884927,1071.84026100731,174.66990499815438
9,0,0,3,0,0,1,635,256.7940850130981,377.0738099992741,1315.3875489952043,542.2508769988781
34,0,0,1,3,0,2,1,401.37841399700847,405.9167039958993,491.4162640052382,467.3677440005122
13,0,0,1,2,0,2,1,116.31183901045006,148.01216500927694,366.17990699596703,158.42912999505643
54,0,0,5,5,0,2,0,1222.498674003873,1730.8508599962806,6172.36733000027,3653.211509998073
10,0,0,1,0,0,1,3,121.02708499878645,173.06253001152072,657.6387889945181,308.05161299940664
10,0,0,1,0,0,1,1,125.43328799074516,174.07867799920496,661.9035409967182,310.6727020058315
13,0,0,2,0,0,1,1,122.45670201082248,173.7862989975838,1322.793177998392,593.730238993885
1,0,0,0,0,0,0,9914,81.65222000388894,110.76696400414221,246.6328549926402,162.74978600267787
4,0,0,1,0,0,1,4475,201.47147300303914,290.4703910026001,308.14389399893116,147.10678199480753
94,0,0,2,7,0,2,1,327.0477799960645,304.54561600345187,2329.004718994838,678.6035550030647
12,0,0,1,0,0,1,1,130.1403879915597,174.248997005634,676.2406199995894,306.63559000822715
21,0,0,4,3,0,3,12550,178.08778199832886,75.60599499265663,3712.7959960052976,2874.59836799826
3,0,0,0,0,0,0,1626,129.55516600050032,182.286245006253,301.165992001188,89.27391200268175
7,0,0,2,0,0,1,93,140.86524900631048,199.1783950070385,386.2225280026905,155.943578996812
10,0,0,1,0,0,1,1,123.94567500450648,173.40006999438629,663.959621990216,308.51775100745726
10,0,0,2,1,0,1,1,375.093927999842,220.9586480021244,2222.7807629969902,671.3217119977344
9,0,0,4,1,0,3,12550,46.93155900167767,59.58173800900113,894.1310509981122,298.09042999113444
13,0,0,3,2,0,2,2,134.69215099758003,173.91299801238347,1396.488380007213,595.1561900001252
54,0,0,5,5,0,2,12550,332.85660299588926,107.5489279901376,11513.052025999059,7664.251188994967
34,0,0,4,3,0,2,7,448.04839399876073,447.7390169922728,9415.255544998217,6108.487042991328
11,0,0,1,1,0,1,7,126.18832499720156,174.28480900707655,686.0505750082666,307.564225004171
55,0,0,6,5,0,2,1,1246.3119370077038,1199.1308809956536,20800.037275010254,12237.1586960071
113,0,0,1,8,0,2,1,521.1459540005308,316.05800199031364,1730.3487350000069,661.8011640093755
86,0,0,4,3,0,3,138,1726.4663450041553,2354.0646729961736,3337.592506999499,1818.515524995746
107,0,0,4,4,0,3,1,692.281958006788,651.6808710002806,6316.560880004545,2429.7116870002355
8,0,0,3,1,0,2,12550,88.61735201207921,78.38126400019974,1134.4741650100332,597.6284260104876
10,0,0,1,1,0,1,1,119.68434001028072,169.24364400620107,673.4494449920021,298.9051659969846
34,0,0,1,3,0,2,1,533.1520979962079,509.61126400216017,1205.0933980062837,827.8700510127237
11,0,0,3,0,0,1,2,260.0453900085995,376.1456540087238,1309.9692969990429,617.6174160063965
5,0,0,1,0,0,1,96,120.29090900614392,166.62893700413406,619.2391190124908,288.2845400017686
16,0,0,6,2,0,3,8399,910.5898929992691,1017.79846700083,5132.551340997452,2236.397432992817
23,0,0,2,3,0,2,1,582.210936001502,1001.9952769944211,1711.43475700228,1143.7934349960415
5,0,0,1,0,0,1,11,147.475456004031,206.56693800992798,655.593482995755,324.2047859966988
13,0,0,3,0,0,1,3,127.86342500476167,172.02268200344406,2612.260765003157,1188.963607986807
15,0,0,2,1,0,2,1,251.3558470091084,368.27253199589904,706.5562299976591,313.48513400007505
23,0,0,8,2,0,2,66,135.53487199533265,184.20544899709057,41678.48974499793,16945.84301499708
18,0,0,1,1,0,2,12550,111.89767401083373,43.49859000649303,656.9904400093947,527.2191310068592
7,0,0,2,1,0,3,12550,76.14291500067338,43.52663799363654,866.5956670010928,692.684604000533
25,0,0,1,2,0,2,5,673.2029939885251,613.8254349934869,558.9164590055589,397.92296299128793
16,0,0,4,2,0,2,2,120.49512300291099,166.08415599330328,5255.468457995448,2224.9508730019443
15,0,0,2,1,0,1,1,241.22836299648043,351.5140630042879,609.0605820063502,305.77608100429643
9,0,0,1,1,0,1,4,138.05837999098003,187.2691120079253,537.790884001879,168.2760830008192
56,0,0,7,5,0,2,7,1483.7805189890787,2164.4506890006596,23112.138437005342,12120.20115100313
8,0,0,1,0,0,1,4,121.42917499295436,172.61698399670422,644.8353120067623,182.9753019992495
23,0,0,2,3,0,1,1,80.69781900849193,178.56764000316616,1563.7870899954578,628.0093759996817
16,0,0,1,1,0,2,12550,112.92279200279154,44.6114679944003,680.4077429987956,557.1339979942422
18,0,0,2,1,0,1,1,65.48913300503045,87.64609899662901,1072.8290179977193,566.7570590012474
97,0,0,5,15,0,2,1,67.70731799770147,84.84630899329204,9255.29284599179,2041.9113499956438
21,0,0,3,3,0,2,0,120.36792100116145,95.16373800579458,689.3489840003895,372.55711600300856
10,0,0,2,1,0,2,1,82.61071499146055,173.0390430020634,664.156549013569,298.89314199681394
9,0,0,3,0,0,1,97,358.35270800453145,539.952503007953,1214.4880410050973,558.4636759886052
11,0,0,2,0,0,1,0,243.26296200160868,354.5280679973075,655.5793820007239,304.06564800068736
8,0,0,2,0,0,1,44,252.91853200178593,200.7391280058073,327.0189219911117,243.60673500632402
9,0,0,1,0,0,1,1,124.37832800787874,175.6621310050832,649.0716049884213,309.31011999200564
9,0,0,2,0,0,1,1,121.10002699773759,169.5913049916271,1250.4322820022935,409.0118369931588
109,0,0,4,10,0,2,1,537.8665949974675,656.669073010562,10861.887177001336,3334.242250988609
12,0,0,4,0,0,1,33,155.93699899909552,219.7227739961818,4372.204419996706,1491.41494500509
21,0,0,6,2,0,2,1,130.611920991214,170.96896600560285,5607.55304399936,2391.3770240033045
15,0,0,1,0,0,1,1,80.09350299835205,174.09153700282332,686.6554520092905,304.62313700991217
9,0,0,2,0,0,1,8,119.20178199943621,166.57297300116625,1243.3851759997196,561.8143229949055
11,0,0,2,0,0,1,2,120.11611499474384,170.05866501131095,1271.3377000036417,578.9377710025292
248,0,0,0,13,0,1,0,705.4969979944872,666.9295540050371,924.9468570051249,111.00766000163276
9,0,0,2,0,0,1,41,133.8472229981562,189.64598599995952,1281.4434210013133,608.6610369966365
8,0,0,0,2,0,1,76,399.83241198933683,386.4984780084342,504.66459699964616,377.4951079976745
55,0,0,6,5,0,3,2,1219.165898000938,2287.069711004733,12008.251122999354,7961.875123000937
36,0,0,1,3,0,2,1,588.0686250020517,556.6583790059667,1164.1667110088747,402.2940889990423
6,0,0,1,1,0,2,10,139.5278340060031,184.57386299269274,680.4461650026496,335.009436996188
21,0,0,6,2,0,3,1,166.67620300722774,217.18737699848134,9664.376332992106,4488.729203992989
7,0,0,1,0,0,1,31,135.98911999724805,189.9215539888246,666.080591006903,307.47119699663017
9,0,0,1,1,0,1,1,128.99956900218967,182.40486399736255,661.7224609944969,301.31689499830827
91,0,0,1,4,0,2,1,664.3533169990405,630.048340986832,1033.0750229913974,406.9330170023022
135,0,0,4,5,0,2,1,657.0564839930739,621.9233430019813,5115.02473600558,2031.3179289951222
11,0,0,5,0,0,1,9122,320.86132100084797,481.60251999797765,4271.366328990553,2193.925080006011
5,0,0,2,0,0,1,9230,104.88052701111883,147.97515200916678,585.776246007299,290.1501809974434
13,0,0,2,0,0,1,1,75.52775500516873,101.92521101271268,1216.3096379954368,614.1035820037359
55,0,0,6,5,0,2,4,1501.7904240085045,2107.3794700059807,11743.56990600063,6822.931532995426
11,0,0,1,0,0,1,2,256.6165669995826,357.3322620068211,177.84581100568175,84.29344500473235
15,0,0,2,0,0,1,1,63.80193699442316,84.88757199665997,771.5360689908266,576.7182869894896
38,0,0,4,4,0,2,12550,248.39683801110368,90.45665799931157,4535.531689005438,3925.8982750034193
11,0,0,3,1,0,2,2,245.60168100288138,355.058121989714,673.6319930059835,305.2502530044876
56,0,0,7,5,0,3,8,1807.3641220107675,1793.3261880098144,16392.361738006002,9684.240151997074
44,0,0,3,3,0,2,473,1719.42756100907,2094.3189170066034,1975.1620890019694,1504.7174200008158
41,0,0,6,6,0,2,1,126.19766799616627,164.93502000230365,25239.885885006515,8348.066810998716
1,0,0,0,0,0,0,9230,28.697714005829766,37.03245200449601,161.18673801247496,155.96550999907777
10,0,0,1,1,0,2,1,128.16826500056777,174.97838000417687,345.4003970109625,158.1783369911136
5,0,0,1,0,0,1,0,120.77879700518679,171.08193499734625,624.0058010007488,300.8208949904656
19,0,0,1,0,0,1,1,118.14352800138295,165.65572400577366,686.9953139976133,278.60997899551876
8,0,0,3,0,0,1,489,122.26104800356552,170.76926300069317,2246.940133991302,1074.8030230024597
22,0,0,7,2,0,3,5,646.8831660022261,599.2881419952027,9854.528184994706,3226.3701589981792
18,0,0,0,2,0,1,1,68.98210200597532,95.1822130009532,204.2594980011927,90.59988999797497
25,0,0,3,3,0,2,22,395.9419290040387,638.4957760019461,5002.687565996894,3493.0083329963963
17,0,0,4,2,0,3,1,643.8653470104327,588.8356020004721,1383.6449399968842,593.0592060030904
12,0,0,1,1,0,1,1,64.01797800208442,86.62449099938385,611.0484870005166,179.82749799557496
35,0,0,6,3,0,3,12550,233.216815002379,75.29012000304647,5835.23983899795,3841.235072002746
56,0,0,7,5,0,3,122,2151.9183380005416,3626.115248000133,27935.687199002132,17699.69921700249
11,0,0,1,1,0,1,1,151.88692999072373,343.1108590011718,352.1847299998626,161.7727230041055
6,0,0,3,0,0,1,12550,58.66698699537665,76.49064999714028,1131.609813994146,476.5865230001509
108,0,0,3,10,0,2,1,538.2295460003661,509.66189699829556,6339.140171010513,1809.3804700038163
12,0,0,1,1,0,1,1,130.81511099881027,185.13538800470997,717.4647470092168,333.99039099458605
6,0,0,3,0,0,1,12550,60.12727800407447,78.70651999837719,955.4093449987704,491.132071998436
5,0,0,1,1,0,2,3085,110.651177004911,149.7995770041598,591.136210001423,295.5731800029753
621,0,0,1,59,0,2,1,627.6806460082298,594.3289050046587,4237.765629994101,440.13515701226424
8,0,0,2,0,0,1,0,240.39798400190193,305.1245079986984,314.1919759946177,145.20326799538452
24,0,0,7,3,0,3,12550,196.31517300149426,75.07119400543161,10482.145349989878,7628.822519007372
4,0,0,1,0,0,1,0,115.88230398774613,138.54532899858896,601.306487005786,278.32466999825556
10,0,0,1,0,0,1,4,65.19695298629813,88.42943100898992,335.7848089945037,157.16925500601064
17,0,0,4,0,0,1,1,119.1293140000198,165.65565099881496,4427.017677007825,2065.080179992947
26,0,0,4,3,0,2,0,1071.2957159994403,1046.9941449991893,1253.4919489989989,835.0967089936603
52,0,0,3,5,0,2,1,1250.0026380002964,1744.1518760024337,3027.9199940123362,940.1392050058348
55,0,0,6,5,0,3,51,1833.9832049969118,1775.029006996192,16145.688231001259,10707.862824012409
11,0,0,3,0,0,1,7,130.31454900919925,180.25177299568895,1252.910837996751,582.9055359936319
7,0,0,1,0,0,1,0,117.7721610001754,165.45469099946786,617.7216349897208,173.28877000545617
303,0,0,1,11,0,2,1,539.8620080086403,521.5247640007874,2860.888163006166,461.373840997112
7,0,0,3,0,0,1,8533,383.7546839931747,588.915435000672,1192.9678470041836,612.225295000826
11,0,0,2,0,0,1,9,75.94644800701644,101.98869099258445,751.2576450099004,421.1321619950468
11,0,0,1,1,0,2,1,72.62660699780099,94.57873899373226,342.91972500795964,263.5213379980996
17,0,0,1,2,0,1,1,125.68960098724347,171.35067500930745,733.0098210077267,304.58551400806755
9,0,0,2,0,0,1,22,126.20350600627717,178.0198820051737,1262.7912489988375,575.3747630078578
10,0,0,0,1,0,1,1,124.98937100463081,173.9351479918696,349.894762999611,159.8093409993453
10,0,0,0,2,0,1,2,127.95097399794031,174.32718799682334,362.15689999517053,160.74387800472323
20,0,0,5,2,0,3,3,73.8774340134114,94.17820999806281,4574.69903799938,2339.9791319970973
16,0,0,5,1,0,2,37,122.93481599772349,161.5046560036717,9550.244219994056,4489.985602995148
12,0,0,3,2,0,3,50,150.87424400553573,204.5754059945466,1338.8756689964794,596.0584569984348
9,0,0,1,1,0,2,0,122.50511298771016,168.17860399896745,632.7250389877008,286.2265649891924
14,0,0,0,1,0,1,0,124.21204699785449,168.12769300304353,352.85054599808063,158.35038501245435
13,0,0,3,2,0,3,8,639.2195360094775,579.880810008035,681.6102890006732,300.8556350105209
13,0,0,1,1,0,2,1,123.12642300094012,171.44226700474974,353.7449530122103,158.332500999677
12,0,0,4,0,0,1,25,122.14120700082276,171.54560099879745,4144.948735003709,1121.134542991058
44,0,0,3,3,0,3,39,1234.496046003187,1876.4806170074735,2237.8015559952473,1548.8066710095154
10,0,0,3,0,0,1,41,131.33461700635962,185.69354100327473,2554.274975991575,1221.0467560071265
89,0,0,4,3,0,3,12550,241.02774199855048,74.6928470034618,2975.8510990068316,1555.6981150002684
53,0,0,4,3,0,3,3,415.5927090032492,420.6267739937175,7991.655092002475,5848.434664992965
10,0,0,5,0,0,1,12550,79.87034000689164,109.67903200071305,4314.920681004878,2156.93734701199
15,0,0,4,1,0,1,1,263.6691619991325,243.40037499496248,2301.8573629960883,1316.7038100073114
10,0,0,1,0,0,1,4,125.22304899175651,176.06939299730584,668.1968659977429,319.2806510051014
141,0,0,7,5,0,2,1,1290.8669199969154,1645.211161012412,35462.33355998993,10748.666234998382
12,0,0,4,0,0,1,0,131.65278200176544,170.34380399854854,4944.480031001149,2213.816591000068
25,0,0,1,3,0,2,1,473.2037680078065,453.03755000350066,1175.457464007195,771.8918939935975
17,0,0,1,3,0,1,1,418.3651409985032,391.98920800117776,1027.0707400050014,391.9524100056151
71,0,0,3,3,0,2,2,524.7245889913756,628.7977419997333,3579.07878900005,2356.0162170033436
6,0,0,2,0,0,1,4118,225.5567259999225,334.1288529918529,620.1003330061212,293.5630349966232
12,0,0,1,0,0,1,1,134.22263100801501,177.69315000623465,666.5998300013598,292.52945400367025
30,0,0,1,2,0,2,23,461.65208499587607,840.2399969927501,1327.8481169982115,1024.0349819941912
109,0,0,6,4,0,3,12550,321.22734701260924,91.90641800523736,11642.692711000564,5461.61625199602
53,0,0,4,5,0,2,1,1281.4380019990494,1215.540121003869,6271.018668994657,3268.7904920021538
5,0,0,1,0,0,1,0,240.0110550079262,350.62919500342105,321.69969199458137,155.19536500505637
56,0,0,7,5,0,3,73,1817.9835319897393,2378.0039139965083,18192.51138000982,10969.752883000183
6,0,0,2,0,0,1,877,250.9730110032251,368.4997480013408,659.0244859980885,324.2672810010845
57,0,0,8,5,0,3,688,1764.8232619976625,2583.6584200005746,51366.84926599264,33184.27428000723
32,0,0,3,3,0,2,122,1688.2528090063715,2028.0441799986875,2511.1509090056643,1967.1803719975287
55,0,0,6,5,0,3,78,1235.753172004479,2906.031192993396,15652.360046995454,10765.852008000365
21,0,0,2,1,0,1,1,122.16055199678522,167.88860599626787,1407.6037679915316,576.6433270036941
8,0,0,2,0,0,1,59,134.764942995389,190.28214299760293,1275.013406004291,607.8026159957517
20,0,0,5,2,0,2,1,502.2228400048334,371.9580969918752,1442.5735370023176,603.7873530003708
5,0,0,2,0,0,1,9122,91.4253950031707,196.9215600111056,570.1649810071103,288.8545739988331
21,0,0,8,1,0,3,12,649.3066480034031,610.1446079992456,20269.03063400823,8360.978598997463
15,0,0,1,2,0,1,2,125.74123799277004,172.10497699852567,747.809213004075,308.2162890059408
6,0,0,2,0,0,1,2666,200.75190499483142,296.9940219918499,601.679975996376,288.15917400061153
60,0,0,3,2,0,3,12550,172.07201999553945,60.2306079963455,1702.3884619993623,863.5716550052166
14,0,0,2,0,0,1,1,122.84410699794535,135.08859499415848,1307.7070390136214,591.2585860060062
9,0,0,1,0,0,1,1,119.37967799894977,166.67192899330985,637.7405740058748,292.8301089996239
20,0,0,5,2,0,3,1,80.54994200938381,100.50453200528864,4398.7389850080945,2192.0394460030366
36,0,0,7,3,0,3,881,1435.116441003629,1998.0197310069343,16151.341318007326,11369.452996004838
37,0,0,1,3,0,2,0,116.56837198825087,163.80466699774843,832.2605450084666,280.3292850003345
7,0,0,3,0,0,1,8399,135.92400299967267,168.49600899149664,1282.3161870037438,643.2210380007746
26,0,0,0,2,0,1,0,610.2243259956595,572.3569900001166,575.0917839905014,416.39676300110295
14,0,0,3,1,0,1,2,155.51506899646483,202.08777600782923,2714.0566669986583,943.7563340034103
4,0,0,0,0,0,0,27,66.51117600267753,110.39355100365356,321.95847100229,159.82484999403823
9,0,0,1,0,0,1,0,60.19838100473862,82.26386600290425,327.09298899862915,284.48891700827517
8,0,0,3,0,0,1,533,118.91824399936013,165.79473899037112,2294.0707379893865,1080.8848570013652
10,0,0,4,1,0,2,12550,99.88586700637825,94.88884700112976,2150.0485989963636,1048.1111689878162
6,0,0,1,0,0,1,223,124.20937999559101,176.43393400066998,645.5000079877209,165.08836299180984
38,0,0,3,6,0,2,1,66.78269800613634,85.35991099779494,2826.5297659963835,1116.3402350066463
15,0,0,5,2,0,3,0,757.5295529968571,796.9456729915692,2635.3920719993766,1185.7933860010235
53,0,0,4,5,0,3,1,943.7107669946272,1210.1457509998,3904.7432280058274,2334.7610460041324
13,0,0,3,0,0,1,1,375.52891799714416,567.4406309990445,1319.7703229961917,613.7961649947101
6,0,0,1,1,0,1,290,79.23996800673194,154.53035800601356,345.6497700099135,330.7518830115441
13,0,0,6,0,0,1,865,237.6190789946122,345.26395199645776,9663.634080003249,4814.208844007226
24,0,0,1,0,0,1,1,122.21307499567047,169.72145000181627,606.4746949996334,301.4373180049006
5,0,0,1,0,0,1,4,145.54365100048017,205.75258000462782,587.8369510028278,176.38654699840117
8,0,0,3,1,0,2,12550,89.22439199523069,79.2943370033754,1139.5727680064738,598.4923349897144
135,0,0,3,8,0,2,1,320.0642129959306,297.17083599825855,5145.003083991469,1648.8056979869725
8,0,0,3,1,0,3,9914,107.43720999744255,143.11274800274987,1717.1940400003223,869.4076370011317
25,0,0,1,4,0,2,1,408.667253999738,411.92804799356963,1351.9203169998946,410.195335993194
56,0,0,7,5,0,3,8,1838.1842759990832,1740.26486701041,16466.654156989534,11048.523414996453
7,0,0,2,1,0,2,9230,81.22400499996729,100.15377499803435,1141.8188129900955,599.3661020038417
75,0,0,1,11,0,1,1,259.39127799938433,369.15899300947785,494.03926900413353,156.67859400855377
39,0,0,5,4,0,3,12550,256.08389600529335,90.08893699501641,7664.301843004068,4935.213028002181
55,0,0,6,5,0,3,78,1129.156579991104,2260.012999002356,17459.489624001435,10324.467029990046
56,0,0,7,5,0,3,124,1268.6240220064064,3020.2939650043845,24742.898345997673,16549.016831995687
24,0,0,9,2,0,3,48,681.3957809936255,699.9222910089884,39852.171605001786,15248.07382200379
53,0,0,2,2,0,2,0,729.9398229952203,362.6555869996082,873.6450500000501,336.8524589895969
46,0,0,2,4,0,2,0,1231.7908449913375,1734.517215998494,1506.9767300010426,947.8585629985901
46,0,0,5,3,0,3,12550,264.2505209951196,76.02656399831176,5834.168284010957,4670.398661997751
12,0,0,0,1,0,1,1,134.94713700492866,177.24758500116877,290.49467999720946,164.71634499612264
28,0,0,1,1,0,1,1,65.37235899304505,87.41978599573486,391.20297800400294,158.6965339956805
12,0,0,2,1,0,1,6,118.93139600579161,165.57205400022212,1311.0374899988528,420.8247419883264
135,0,0,4,5,0,2,1,602.3092579998774,576.0814340028446,9193.324448991916,4153.043700993294
10,0,0,1,1,0,1,1,124.49656399257947,172.67652098962571,683.5121049953159,309.3231590028154
36,0,0,2,4,0,3,1,755.0289989885641,1246.612068003742,2119.7970639914274,1375.034008990042
10,0,0,2,1,0,1,2,251.1681259929901,355.07450898876414,649.4441960094264,287.10306900029536
2,0,0,1,0,0,1,12550,37.90387700428255,45.24533399671782,203.4253460005857,151.96322700649034
23,0,0,2,3,0,2,1,301.3937740033725,627.2013029956724,2211.12653700402,954.9611569964327
10,0,0,2,1,0,2,2,121.01193300622981,170.65048500080593,535.9097009932157,303.74034801207017
8,0,0,2,0,0,1,1,233.3647689956706,381.4439330017194,540.1654200104531,164.8177370079793
45,0,0,4,3,0,3,12550,259.382556003402,75.73701499495655,4304.964052003925,2540.0060859974474
15,0,0,3,2,0,1,2,125.37737499224022,172.61019800207578,2675.3042390046176,597.5260229897685
6,0,0,2,0,0,1,0,128.524711006321,182.22976999823004,1300.1898500078823,647.4010370002361
6,0,0,2,0,0,1,1121,68.08960100170225,92.58048101037275,1238.8503830006812,651.1263349966612
7,0,0,0,1,0,1,2,130.46852599654812,171.50131199741736,343.32716299104504,156.65605899994262
9,0,0,3,0,0,1,29,494.4497929973295,762.3716160014737,1269.607994996477,505.74603299901355
19,0,0,6,1,0,1,1,375.74005700298585,565.7782870111987,9377.003727990086,2380.7336220052093
73,0,0,4,3,0,2,0,119.28133400215302,167.65876499994192,6637.309144993196,2220.4354089917615
57,0,0,8,5,0,3,12550,347.72057499503717,108.72754899901338,41843.13271699648,26006.130845998996
109,0,0,4,10,0,2,1,537.6389059965732,519.5456899964483,12551.42111198802,3562.3303820029832
6,0,0,1,1,0,1,114,510.6874669872923,387.58479099487886,349.92439100460615,177.072776001296
12,0,0,1,0,0,1,2,122.72086899611168,171.01470800116658,673.3931339986157,307.6598789921263
12,0,0,3,1,0,1,132,392.0066400023643,679.827165993629,4751.06772199797,1704.7047910018591
41,0,0,7,4,0,3,12550,260.1758850069018,90.67035598855,32914.37900699384,21434.24708400562
16,0,0,4,2,0,2,18,66.51344000420067,84.32470800471492,3211.1255649942905,2238.558996003121
14,0,0,1,0,0,1,1,121.97675299830735,170.215227000881,681.6751570004271,305.6247750064358
11,0,0,2,0,0,1,1,121.04830700263847,172.5644229882164,1305.9840940113645,534.4331430096645
9,0,0,4,1,0,3,12550,88.99233999545686,77.89257499098312,1135.5290740029886,590.9159360016929
38,0,0,5,4,0,3,0,616.2579259980703,369.6041809889721,8127.330242001335,1959.3842259928351
21,0,0,6,2,0,3,1,676.3156219967641,628.4605289984029,5496.040988989989,2346.603177997167
35,0,0,2,5,0,1,1,126.19035699754022,164.50045100646093,1694.0652920020511,550.020691996906
45,0,0,4,3,0,3,12550,262.51452599535696,75.90445000096224,3893.0483940057456,2273.627882008441
8,0,0,3,0,0,1,49,487.3549039912177,773.0274460045621,1302.845119003905,449.3597879918525
47,0,0,1,3,0,2,1,652.983715001028,622.9198240034748,404.7642730001826,168.97863399935886
46,0,0,5,4,0,3,0,996.2591619987506,577.6060659991344,6367.095721012447,1113.7979839986656
3,0,0,0,0,0,0,230,81.85271600086708,168.06210999493487,312.4920679983916,149.87964599276893
400,0,0,4,17,0,2,1,1494.0645530004986,1437.9499650094658,10801.025591004873,1852.992419997463
9,0,0,3,0,0,1,0,240.13845500303432,347.2915790043771,1188.8839510065736,395.06488101324067
3,0,0,0,0,0,0,40,119.88412900245748,173.08707600750495,320.5549260019325,154.59730400471017
92,0,0,2,4,0,2,1,662.1294430078706,626.1835690092994,1630.3058619960211,583.5916299984092
16,0,0,5,2,0,2,176,633.877398999175,909.52077700058,4827.7382330124965,1771.9881209923187
173,0,0,1,12,0,2,0,782.0453720050864,735.6726760044694,1877.3848170094425,516.6835230047582
16,0,0,3,0,0,1,1,121.07033000211231,165.42815099819563,2561.300900997594,563.6780200002249
32,0,0,3,3,0,2,122,1666.1111249995884,2267.7893029904226,2526.2919160013553,1892.2898689925205
8,0,0,1,0,0,1,1,121.11522599298041,167.67937599797733,641.7175060050795,291.76645098777954
14,0,0,6,0,0,1,5477,438.8044009974692,671.0664900019765,8898.423196995282,3259.9198940006318
10,0,0,2,0,0,1,0,116.28082499373704,162.7546289964812,1247.720585000934,564.6551099926
30,0,0,3,3,0,2,1,336.70100499875844,777.5244010117603,3650.465813014307,2201.049534996855
15,0,0,2,2,0,1,1,383.2291300059296,215.8498549979413,1842.148897005245,487.8210259921616
54,0,0,5,5,0,3,5,1231.5172270027688,1200.1491870032623,8816.713898006128,5126.438353006961
7,0,0,0,0,0,0,9,130.1226490031695,181.9748979905853,348.80315400369,170.93720499542542
4,0,0,0,0,0,0,0,61.87429300916847,84.00670300761703,297.2425470070448,147.054480999941
16,0,0,4,1,0,2,1,366.862006005249,554.6780760050751,1339.6805350057548,561.8735189927975
4,0,0,2,0,0,1,12550,47.798548999708146,61.37630500597879,281.2274510069983,177.10750400146935
400,0,0,4,17,0,2,1,707.2324709879467,676.9943679973949,22915.408881992334,2330.015198996989
21,0,0,4,3,0,3,3,566.791995006497,543.5928240040084,6016.051411002991,3925.9662390104495
55,0,0,6,5,0,3,233,1494.0266999910818,2842.019914998673,7729.474649007898,5569.48863400612
8,0,0,3,1,0,2,12550,46.32408199540805,40.8834589907201,716.6627919941675,602.0298989897128
37,0,0,3,4,0,2,18,1694.6890640101628,2187.1525640017353,1423.1015870027477,942.0321880024858
30,0,0,3,3,0,2,0,643.3512060029898,641.0010989930015,2276.977542991517,1084.1363849904155
10,0,0,1,0,0,1,2,121.85022499761544,174.83127700688783,661.8948099931004,303.59061500348616
57,0,0,8,5,0,3,1,1251.304744000663,1239.0177320048679,60000.0,40466.39892400708
6,0,0,1,1,0,2,4804,457.8439699980663,342.1905080031138,561.9708689919207,187.85070900048595
34,0,0,2,2,0,2,12550,101.12375899916515,53.55760701058898,1391.529298009118,1082.335356011754
7,0,0,0,0,0,0,3,134.88680399314035,185.31822299701162,348.61116600222886,170.86933700193185
14,0,0,5,2,0,3,8399,470.6745370058343,519.017589991563,1386.269734997768,822.9022820014507
14,0,0,3,0,0,1,4,132.9283859959105,187.23777199920733,2158.0598650034517,593.9131630002521
23,0,0,1,4,0,2,1,129.22207498922944,176.73235898837447,798.9753300062148,325.88449599279556
6,0,0,2,1,0,2,1479,231.93592600000557,290.013200006797,167.55920500145294,84.24509799806401
11,0,0,2,0,0,1,1,64.71234500349965,85.73596600035671,651.6299079958117,496.38790798780974
34,0,0,1,2,0,2,22,1339.2596740013687,1333.2611840014579,539.3272530054674,355.04236599081196
26,0,0,4,3,0,3,12550,197.4378320010146,76.14916600869037,3131.043329995009,1434.297397005139
53,0,0,6,4,0,3,78,1213.8385639991611,2361.7165139876306,8863.29054700036,4053.0951990076574
5,0,0,1,0,0,1,471,65.98891800967976,88.52523801033385,355.44372399454005,306.4997199981008
12,0,0,3,1,0,2,329,749.1933609999251,768.2100620004348,1057.3693869955605,302.59686800127383
54,0,0,5,5,0,3,2,1235.374708994641,2256.32744700124,9014.5049069979,5550.244237005245
111,0,0,8,4,0,3,156,1296.0635549970903,1988.5786910017487,47958.58136701281,21660.262697012513
15,0,0,1,1,0,1,1,127.03835200227331,173.3616430137772,713.0949660058832,310.90596699505113
6,0,0,0,0,0,0,2,125.56131999008358,175.01102799724322,332.9093709908193,158.6257719900459
16,0,0,6,2,0,3,594,1125.8634380064905,1567.1817979891784,4932.393016002607,2376.9440519972704
9,0,0,1,1,0,1,1,122.93106599827297,170.67408699949738,667.7809650136624,308.330300002126
11,0,0,2,0,0,1,6,121.35163199855015,166.60465601307806,1178.1561219977448,596.703167000669
48,0,0,1,2,0,1,1,126.41086400253698,173.9749880071031,910.4625530017074,308.5346669977298
9,0,0,1,0,0,1,0,90.31786500418093,81.96305901219603,617.3568280064501,283.98725000442937
91,0,0,2,6,0,2,0,321.98752599651925,302.5182819983456,1848.8240690057864,836.7853819945594
8,0,0,4,0,0,1,12550,68.0563530040672,90.5813860008493,1651.8177690013545,791.8092249892652
8,0,0,3,1,0,2,12550,89.74588000273798,78.2811240060255,1168.506667992915,551.4219460019376
54,0,0,5,5,0,2,12550,333.71232500940096,105.15457000292372,9461.607292003464,7070.10966600501
14,0,0,2,0,0,1,1,239.36162299651187,354.9594849901041,670.9890150086721,303.4017559984932
40,0,0,6,4,0,2,2,727.5081209954806,1020.8438970003044,20996.394490997773,14627.75804400735
2,0,0,1,0,0,1,12550,37.52042401174549,45.72647299210075,203.732902999036,151.59358500386588
10,0,0,2,1,0,2,29,326.9111440022243,291.40408198873047,619.6213189978153,286.0238190041855
26,0,0,2,2,0,2,1,409.9499679869041,547.4529339990113,2342.8485240001464,395.5632840079488
4,0,0,1,0,0,1,3160,240.17034699500073,348.9348449948011,328.9807929977542,173.49881699192338
20,0,0,5,2,0,2,1,133.97514299140312,175.6284259899985,5397.139391992823,2355.6003619887633
16,0,0,6,2,0,3,8399,626.9511979917297,612.3465409909841,3454.0332370088436,1845.691716996953
7,0,0,2,0,0,1,0,152.88742700067814,239.5957919943612,1325.3979379951488,634.2477069993038
15,0,0,3,1,0,1,10,103.93287400074769,173.28966199420393,2747.7626289910404,1220.2332880115137
55,0,0,6,5,0,3,35,2074.6646319894353,3033.6446470028022,16896.858858002815,9171.327638992807
13,0,0,3,2,0,2,2,136.3532459945418,170.1658870006213,1384.0360729955137,604.1272360016592
13,0,0,3,0,0,1,1,243.12169599579647,257.37105499138124,1324.5227709994651,596.2420289870352
12,0,0,3,2,0,2,8,510.790710002766,417.45393800374586,697.1666849858593,307.23506899084896
21,0,0,4,3,0,2,688,630.2216399926692,879.5626280043507,8712.234790000366,6587.491564991069
13,0,0,4,0,0,1,1,239.00714299816173,353.87777400319465,2519.2923129943665,729.4641119951848
14,0,0,1,1,0,1,1,64.60606498876587,88.28300998720806,527.7737010037526,306.6313989984337
23,0,0,8,2,0,3,3,674.8862650129013,561.7907409905456,20908.276924004895,7076.883267000085
11,0,0,2,0,0,1,1,120.51260800217278,167.52558699226938,1266.929439996602,568.797401007032
8,0,0,1,0,0,1,24,124.17579400062095,175.45348500425462,450.40406500629615,157.89890500309411
56,0,0,7,5,0,3,6,1280.2935840009013,2360.9429599891882,23792.23694099346,15636.683096003253
30,0,0,2,3,0,2,84,527.649419993395,1309.0309359977255,1905.495829996653,888.0995939980494
108,0,0,5,4,0,3,36,686.5475049999077,2209.3332419899525,11381.38658599928,5457.814505993156
7,0,0,2,1,0,3,9230,75.07109698781278,88.01818700158037,838.2520299928728,454.79749600053765
21,0,0,1,4,0,2,1,432.6182160002645,427.0632270054193,1287.294303998351,810.7974629965611
52,0,0,7,4,0,3,12550,306.78792198887095,106.1960129882209,24814.119201997528,10671.798099006992
36,0,0,2,4,0,2,0,747.7647860068828,1233.429667991004,2557.7859570039436,950.1366619952023
5,0,0,0,1,0,1,20,134.76797701150645,182.36284599697683,340.97882799687795,136.27047299814876
7,0,0,2,1,0,2,1511,227.96800200012513,329.9745489930501,631.3852409948595,306.7235089984024
12,0,0,2,1,0,1,21,62.477815998136066,83.67047600040678,1054.092332997243,568.4736769908341
7,0,0,2,0,0,1,2044,75.61698299832642,102.336211988586,1212.0195230090758,457.74066299782135
20,0,0,5,2,0,2,0,133.41873600438703,174.34690600202885,5576.754075998906,2364.39502700523
114,0,0,3,8,0,2,1,1283.4638319909573,1357.3113450111123,2631.5646060102154,1031.353228012449
20,0,0,3,3,0,3,233,512.3250819888199,697.755462009809,3640.6442529987544,2568.5750109987566
29,0,0,1,3,0,2,7,533.3832070027711,801.9716609996976,1051.0875860054512,855.5994429916609
13,0,0,3,0,0,1,1,65.05381999886595,88.15943899389822,1883.637106991955,602.9595190047985
8,0,0,0,0,0,0,0,122.02998199791182,173.21935200016014,333.6936279956717,80.86246300081257
11,0,0,1,2,0,2,5,485.63552800624166,469.03418500733096,535.705775997485,406.95670900458936
13,0,0,1,1,0,1,3,122.04518599901348,170.28791199845728,394.6493340044981,151.93316798831802
14,0,0,3,1,0,2,2,171.0830029915087,224.95477100892458,2480.8391960104927,1124.4449920050101
34,0,0,2,2,0,2,12550,197.4675829987973,60.81092599197291,1399.3326269992394,938.794779998716
10,0,0,1,1,0,1,7,67.96403600310441,85.02411900553852,641.555245994823,304.68537399428897
57,0,0,8,5,0,3,2,1241.9333840080071,2061.028468000586,25810.56980699941,15256.758643998182
1,0,0,0,0,0,0,1,118.53975300618913,165.71793500042986,301.1019029945601,147.44885999243706
10,0,0,1,0,0,1,2,121.17459700675681,170.4851590038743,653.0162669951096,307.2757409972837
1,0,0,0,0,0,0,9914,82.3944930016296,110.20533100236207,247.73014399397653,161.7075780086452
41,0,0,7,4,0,3,122,1867.2978819959098,2794.168738008011,19898.09348799463,13521.760079005617
33,0,0,4,3,0,2,122,1536.7088289931417,2401.0868899931666,2689.242197011481,1960.2834390097996
53,0,0,4,5,0,3,1,1252.5364980101585,1588.7886060081655,4293.894432994421,2704.411230995902
5,0,0,1,0,0,1,2044,126.94466501125135,178.31696500070393,588.5177999880398,327.6574140036246
14,0,0,1,2,0,2,0,571.1235100025078,589.9575910007115,1261.7872160044499,352.35101300349925
108,0,0,3,10,0,2,1,543.4795189939905,1222.891477009398,6223.604166996665,943.5939210088691
35,0,0,2,2,0,2,0,1242.527324007824,700.861259989324,1455.0514549919171,368.26095198921394
14,0,0,1,1,0,1,1,123.56365099549294,172.35303700726945,692.3610889934935,304.7564830048941
35,0,0,3,2,0,3,12550,175.3249259927543,61.02300599741284,2123.422144999495,1474.0868549997685
11,0,0,1,1,0,1,2,436.63517499226145,208.862297993619,1106.2440499954391,354.9534759949893
13,0,0,2,1,0,1,7,133.13500200456474,174.5426910056267,1367.6134850102244,591.7989769950509
1,0,0,0,0,0,0,9230,54.675413004588336,69.93976300873328,202.91245699627325,151.18965900910553
88,0,0,5,3,0,2,0,697.4393879936542,652.8344510006718,15626.338437999948,5989.697336000972
1,0,0,0,0,0,0,9230,53.94266499206424,70.10541699128225,202.16425599937793,152.78048599429894
2,0,0,1,0,0,1,12550,36.67067900823895,44.00570300640538,209.96497200394515,81.56088599935174
11,0,0,2,2,0,2,2,67.69673399685416,86.03345698793419,180.6724350026343,79.9310659931507
174,0,0,2,12,0,2,0,789.061520001269,624.6406390127959,1738.709937009844,526.1138729983941
11,0,0,2,0,0,1,0,135.17078099539503,217.37213199958205,487.1987920050742,217.5373589998344
34,0,0,1,6,0,1,1,127.41947900212836,165.31544899044093,873.9042910019634,289.01710199716035
11,0,0,5,1,0,3,12550,98.78452499106061,92.73226700315718,2229.260603999137,1088.2073789980495
24,0,0,1,0,0,1,1,66.4486739988206,91.66924499731977,743.0535430030432,313.3550819911761
131,0,0,1,9,0,2,1,447.87618800182827,437.76584399165586,1874.2078080103965,427.9582279996248
10,0,0,0,1,0,1,0,118.13927999173757,164.82808699947782,337.31926800101064,150.86379599233624
5,0,0,1,0,0,1,4,144.52492599957623,208.12169199052732,647.6745480031241,322.85054499516264
20,0,0,4,2,0,2,0,438.00560099771246,426.50968600355554,4693.78942399635,1288.7901259964565
39,0,0,4,6,0,2,1,127.73312200442888,166.19629200431518,5847.618159998092,1922.4327859992627
10,0,0,1,1,0,1,2,182.50373299815692,182.0001419982873,217.49262999219354,160.959005006589
26,0,0,4,3,0,3,178,582.107559996075,1478.3963569934713,3208.7430440005846,2263.895295007387
27,0,0,1,3,0,2,1,125.04312599776313,85.23429700289853,203.24628800153732,75.01087500713766
54,0,0,5,5,0,2,1,1247.8411459887866,1053.646332002245,12198.533606002457,6639.653902006103
13,0,0,3,1,0,2,1,373.549758005538,371.4381200115895,1347.4066719936673,603.5295610054163
13,0,0,3,2,0,3,8,626.0708050103858,591.7930959985824,684.8153299943078,300.14756800665054
11,0,0,5,1,0,3,12550,99.9411459924886,96.05882699543145,2207.3556989926146,1179.2027710034745
7,0,0,3,1,0,3,12550,78.10110200080089,62.44995699671563,513.931050998508,305.5521499918541
150,0,0,0,8,0,1,1,786.9325270003174,795.458692999091,833.0552909901598,166.42870400391985
25,0,0,1,2,0,2,1,423.16707099962514,392.2123840020504,1369.437323010061,1028.1573079992086
25,0,0,2,5,0,2,1,149.71760498883668,188.45642999804113,609.7299019893399,247.62499799544457
13,0,0,2,1,0,1,1,427.4844089959515,224.559002002934,1877.8811220108764,675.242569996044
21,0,0,7,2,0,3,1,336.7049349908484,428.6070980015211,9714.17616099643,4692.783798993332
6,0,0,2,0,0,1,1121,212.91160400141962,543.7127969926223,637.6977920008358,307.1667939948384
10,0,0,1,0,0,1,1,130.62938199436758,186.53445100062527,657.7837119984906,304.3925259989919
38,0,0,3,6,0,2,1,127.64450100075919,167.3470969981281,1753.157992992783,559.4910770014394
11,0,0,1,1,0,1,1,131.01882599585224,172.7179120061919,692.5168099987786,306.8829639960313
2,0,0,0,0,0,0,1827,109.40011500497349,150.84623500297312,189.8304649948841,76.90076700237114
2,0,0,0,0,0,0,3627,117.71926899382379,165.3793820005376,308.3385349891614,167.05366798851173
12,0,0,3,1,0,1,1,372.46184700052254,188.82653799664695,4354.339783007163,1332.0271999982651
56,0,0,7,5,0,3,688,1756.3736220035935,2857.14710400498,34577.028182000504,22269.231250000303
11,0,0,0,2,0,1,1,124.40957401122432,168.97981399961282,350.529818009818,148.03518699773122
12,0,0,2,2,0,2,0,236.4712709968444,345.9760499972617,665.5634960043244,281.09737401246093
10,0,0,1,1,0,1,1,369.6657679975033,183.0672880023485,1122.163036998245,341.56006400007755
8,0,0,1,0,0,1,4,123.65013299859129,167.23846099921502,631.5475209994474,288.7601730035385
199,0,0,3,15,0,2,1,648.7404270010302,615.4402279935312,7174.977244998445,1996.56573899847
14,0,0,1,0,0,1,1,123.48819999897387,175.29669000941794,691.225739006768,308.5618969926145
45,0,0,4,4,0,3,0,1238.1835199921625,695.5873959959717,2182.6502550102305,552.5547430006554
57,0,0,8,5,0,3,15,1903.4677559975535,2160.952805003035,53350.039766999544,30559.34462499863
32,0,0,1,4,0,2,1,411.34976399189327,411.62008099490777,1432.480312010739,646.5236799995182
5,0,0,1,0,0,1,25,131.65384900639765,186.45531999936793,633.8045299926307,309.003998991102
9,0,0,1,1,0,1,1,131.38984199031256,180.32579000282567,677.6266279921401,312.55630298983306
7,0,0,1,0,0,1,10,131.59285100118723,187.65452699153684,642.9689090000466,307.1019159979187
15,0,0,2,1,0,2,1,134.58946999162436,188.4188539988827,1358.9063380059088,614.8620629974175
9,0,0,4,1,0,3,12550,89.40081699984148,78.07215199864004,1132.3400969995419,595.7267760095419
10,0,0,2,1,0,1,1,369.442278999486,182.3703420086531,2209.690125004272,659.1638899990357
15,0,0,3,2,0,3,12550,128.1513570138486,61.10712900408544,1852.7211909968173,1486.2764760036953
2,0,0,0,0,0,0,4804,116.34065100224689,160.55436099122744,300.9998880006606,173.5955550102517
24,0,0,2,3,0,2,2,422.7202999900328,419.54869900655467,2500.5648319929605,1638.8098830066156
48,0,0,4,4,0,2,1,1249.5849739934783,1744.1751370060956,3000.454869004898,1612.5742200092645
7,0,0,3,1,0,3,12550,77.5309919990832,63.256132998503745,513.8385649916017,302.214383991668
108,0,0,3,10,0,2,1,531.8909030029317,505.4121610010043,4984.417016006773,1784.1857389867073
49,0,0,4,4,0,2,1,452.12463999632746,736.8782539997483,10642.563091998454,5289.884855999844
4,0,0,1,0,0,1,1607,116.12155000329949,165.26189900469035,596.8563100032043,298.6080539994873
10,0,0,1,0,0,1,1,123.71874300879426,171.05241099488921,665.9325649961829,312.52281699562445
14,0,0,2,2,0,1,1,124.1740630066488,168.9813300035894,1150.6448199943407,568.5247540095588
13,0,0,1,1,0,1,1,124.42005699267611,136.24306800193153,620.9014780033613,303.948107000906
12,0,0,1,0,0,1,1,120.58048800099641,167.48517801170237,649.2361049895408,286.8319309927756
304,0,0,2,11,0,2,1,553.9219729980687,524.6757319982862,4806.479214006686,929.9047270033043
79,0,0,1,13,0,2,1,133.7732359970687,169.96124599245377,1225.449314006255,312.0644930022536
9,0,0,2,0,0,1,4,134.43447700410616,191.46813699626364,1329.6733090101043,610.890184994787
13,0,0,5,0,0,1,37,363.08209999697283,554.8008140031016,4936.810953004169,2316.9547480065376
10,0,0,3,1,0,2,106,123.559578001732,174.26395800430328,2481.409551008255,1112.3123819998
10,0,0,2,1,0,1,0,134.12910400074907,189.16160000662785,924.9867209873628,580.4104970011394
9,0,0,2,0,0,1,5,126.17693601350766,179.8634690057952,1183.953929998097,319.47758700698614
15,0,0,4,0,0,1,6,124.5166679873364,175.30463000002783,4651.866494998103,2403.9632119965972
13,0,0,3,2,0,2,5,131.752390996553,172.23028501030058,1037.4696269864216,593.2812399987597
21,0,0,2,3,0,2,1,132.17783799336758,173.5906050016638,777.1278680011164,310.6050870119361
50,0,0,3,3,0,2,40,447.4589439923875,757.5167339964537,3650.0376389885787,3349.985528999241
1,0,0,0,0,0,0,9230,54.6487910032738,70.2024310012348,205.39381899288855,155.21257500222418
7,0,0,3,0,0,1,8399,175.1959050016012,255.84841398813296,1274.8320159880677,640.6957610015525
1,0,0,0,0,0,0,9122,66.75208199885674,89.2525020026369,177.26482299622148,162.13487299683038
7,0,0,0,0,0,0,0,120.91245800547767,166.77647200413048,219.65859799820464,78.52790599281434
36,0,0,1,2,0,2,2,469.52121099457145,347.9658500000369,779.4768070016289,490.5323330021929
18,0,0,5,1,0,1,0,243.43863301328383,355.64135800814256,5204.257782999775,2353.206259998842
44,0,0,3,3,0,2,7,1240.8326500008116,1193.55219299905,2985.4362850019243,1920.9174290008377
14,0,0,4,1,0,1,19,120.70800800574943,168.55516799842007,4926.913560004323,2238.6008739995304
7,0,0,1,0,0,1,6,121.70081399381161,171.55866500979755,626.4840289950371,287.89136798877735
16,0,0,5,2,0,3,1401,318.57163600216154,416.06640799727757,3506.6828630078817,1441.46934300079
19,0,0,1,1,0,2,0,102.65714100387413,121.08038800943177,698.4555269882549,278.05164600431453
17,0,0,6,0,0,1,2,243.32403899461497,353.6135400063358,10394.998564006528,3613.3921099972213
15,0,0,1,3,0,2,98,570.811772995512,456.75686399044935,295.4084469965892,204.5925770071335
14,0,0,4,0,0,1,2,247.08379499497823,366.6177529958077,2561.2283740047133,1145.7801630022004
7,0,0,0,0,0,0,1,65.74494100641459,89.63890999439172,171.21612800110597,80.90990499476902
11,0,0,1,1,0,1,1,122.51620600000024,168.69695599598344,667.5801160017727,295.73293100111187
18,0,0,1,2,0,1,1,406.5591440012213,410.17231800651643,1332.4352100025862,376.4893619954819
30,0,0,3,3,0,2,1,638.523665998946,1066.926722007338,4459.80792400951,2010.8344429900171
11,0,0,0,1,0,1,0,124.9387440038845,175.2476950059645,351.9319879997056,157.5160339998547
9,0,0,3,0,0,1,21,119.52523200307041,164.69752999546472,2434.5717550022528,1116.3806910044514
152,0,0,1,7,0,2,1,377.268163007102,486.8933910038322,2005.0740620063152,735.0854840042302
5,0,0,2,0,0,1,8399,165.73896200861782,234.91617699619383,638.7724870000966,322.0145289960783
47,0,0,3,4,0,2,0,1246.2140920106322,1749.7876419947715,2986.901784010115,989.9813429947244
51,0,0,0,8,0,1,1,74.64126900595147,92.58191000844818,271.877412989852,110.93820100359153
21,0,0,4,3,0,3,473,565.7424249948235,1327.724669012241,7307.834478007862,5478.276188005111
8,0,0,1,0,0,1,4,121.9388820027234,169.12860400043428,635.8747290069005,294.6377949992893
5,0,0,2,0,0,1,0,239.05595099495258,347.2745600010967,623.3467959973495,297.4865340074757
4,0,0,2,0,0,1,12550,47.16937900229823,61.630033000255935,591.4293109963182,287.02901100041345
12,0,0,3,0,0,1,10,127.36527901142836,177.8448010009015,2579.1135920007946,1185.9614630084252
6,0,0,3,0,0,1,12550,59.51826499949675,77.77573900239076,1124.4682440010365,596.7241859907517
14,0,0,2,0,0,1,1,121.48420799348969,171.0929869877873,1331.0898620111402,589.4743259996176
92,0,0,3,6,0,2,0,353.82641399337444,383.9827560004778,5638.874755997676,1552.945423987694
39,0,0,5,4,0,3,39,743.1023529934464,1529.9400220101234,8133.9331720082555,4860.234159001266
33,0,0,4,3,0,2,122,1703.521860006731,2410.63840399147,2165.266331998282,1612.7984900085721
10,0,0,1,0,0,1,1,131.60569600586314,181.66237299737986,172.06859000725672,115.7952260109596
12,0,0,1,1,0,1,1,122.98913599806838,172.5092980050249,686.7102830001386,309.89237400353886
15,0,0,2,0,0,1,5,254.56188899988774,372.4082999979146,693.736255998374,313.62654599070083
13,0,0,5,0,0,1,0,189.53448499087244,278.2770470075775,5032.595748009044,2377.363036997849
15,0,0,3,2,0,1,1,119.96411900327075,165.31820999807678,2727.7232479973463,1136.7962509975769
15,0,0,3,2,0,2,10,130.83853499847464,173.5415339935571,1377.0415559993125,599.5600250025745
8,0,0,4,0,0,1,12550,66.91291001334321,90.53409298940096,1655.1209860044764,797.258028993383
40,0,0,5,4,0,3,0,117.40480599110015,160.95422899525147,6271.088552006404,2173.0349230056163
9,0,0,1,0,0,1,1,252.3928890004754,371.0352320049424,336.1608459963463,163.41608299990185
7,0,0,1,1,0,1,2,126.54900600318797,174.67068500991445,658.8304300094023,305.7194689899916
54,0,0,5,5,0,2,12550,176.58410398871638,104.81731400068384,10105.377979998593,7976.762764999876
6,0,0,1,0,0,1,9,122.53840699850116,174.60317000222858,639.5216439996148,303.88947599567473
11,0,0,5,0,0,1,8399,98.5747899976559,136.82485900062602,3331.3165360013954,1620.3179800068028
38,0,0,1,0,0,1,2,122.67386500025168,168.00198098644614,798.9996699907351,293.7115419917973
43,0,0,6,3,0,3,0,1260.0329280103324,702.5932029937394,8702.67715700902,1973.271634997218
8,0,0,3,1,0,2,12550,98.04931699181907,77.52136999624781,2192.64975200349,960.8837340056198
5,0,0,0,1,0,1,298,344.33740499662235,180.0880579976365,513.2687889999943,136.95028400979936
11,0,0,2,1,0,1,1,61.69987400062382,162.71139500895515,1297.0550380123314,565.6942329951562
16,0,0,1,1,0,2,2,122.45435699878726,154.16566299973056,655.3320130042266,305.90590300562326
21,0,0,2,1,0,1,1,72.20303699432407,171.16660298779607,1401.2991799972951,567.8895629971521
13,0,0,2,2,0,2,9,262.55809800932184,293.0291189986747,732.1636340057012,333.4086109971395
115,0,0,4,8,0,2,1,1417.1343939960934,1876.405633011018,5032.399604999227,1995.9290080005303
28,0,0,2,2,0,2,12550,160.28937000373844,60.93210801191162,1072.5715809967369,525.9072949993424
12,0,0,5,0,0,1,1046,243.4536419896176,365.3379329916788,4231.844224006636,2254.3428349890746
7,0,0,3,0,0,1,9122,77.78776899795048,107.14526299852878,1154.8634759965353,578.7199629994575
21,0,0,6,2,0,3,1,652.2636309964582,589.4549959921278,4852.563672000542,1456.347213999834
14,0,0,3,0,0,1,1,240.77381000097375,351.974182005506,1320.2746409951942,590.9171129897004
12,0,0,1,0,0,1,1,109.78548700222746,171.5242209902499,408.01913899485953,305.8843489998253
54,0,0,5,5,0,2,1,1200.921469993773,1209.4576240051538,6065.869923011633,3564.1310430073645
10,0,0,2,0,0,1,2,129.26069200329948,137.02171298791654,1165.131041998393,612.0700179890264
12,0,0,3,2,0,2,5,132.2661239973968,174.63494000548963,702.3436579911504,306.53645799611695
12,0,0,2,0,0,1,3,125.80614499165677,178.33166400669143,717.4433699983638,313.6198769934708
15,0,0,5,2,0,3,93,512.137833997258,373.02219100820366,1360.180607996881,578.8455159927253
5,0,0,1,0,0,1,342,85.17957301228307,168.07951498776674,622.2224770026514,298.82078799710143
50,0,0,6,4,0,3,12550,299.73577200144064,91.02372398774605,12144.124779995764,8549.271048002993
13,0,0,5,0,0,1,39,247.52843299938831,364.2167999933008,4515.986750993761,2383.7599190010224
8,0,0,2,0,0,1,30,248.6483199900249,185.5528769956436,558.039462994202,292.9665819974616
10,0,0,0,0,0,0,0,119.46566599362995,166.53275900171138,334.29566099948715,152.9372759978287
5,0,0,2,0,0,1,8533,292.77542800991796,431.33224100165535,597.7074789989274,291.12810899096075
53,0,0,4,5,0,3,1,775.6934679928236,1867.8415239992319,3076.0636550112395,1878.7320980045479
13,0,0,1,1,0,1,1,118.62146800558548,165.53356499935035,677.033041996765,293.37993399531115
11,0,0,3,0,0,1,209,259.1415450006025,378.38410199037753,1312.8353649954079,608.0371709977044
20,0,0,3,3,0,2,1,123.00351800513454,175.11643099715002,2705.1526970026316,1202.8153040009784
49,0,0,3,2,0,3,12550,164.21754600014538,60.90587600192521,1907.5449779920746,1204.4041479966836
10,0,0,1,0,0,1,0,130.9649759932654,183.39713700697757,494.0490580047481,241.03880100301467
12,0,0,4,0,0,1,7,313.3141309954226,465.5267969937995,2477.8586820029886,1218.0400700017344
5,0,0,0,1,0,1,33,124.27249600295909,176.23468799865805,334.90714900835883,133.55935299478006
8,0,0,1,0,0,1,1,127.80569698952604,177.61424199852627,672.4904699949548,322.44192900543567
12,0,0,3,0,0,1,2,121.83010501030367,171.189286003937,2576.904696004931,1183.1698969908757
135,0,0,4,5,0,3,1,331.02299898746423,908.7318249949021,6863.537522003753,3113.7030459940434
7,0,0,2,0,0,1,268,223.14718599955086,181.53862599865533,625.7464009977411,288.6159810004756
76,0,0,1,12,0,1,1,133.29692200932186,172.0349429961061,1205.573061000905,309.22912000096403
23,0,0,3,4,0,1,0,152.50704299251083,184.71650200081058,2587.332240989781,1323.702248002519
12,0,0,1,1,0,1,0,129.442878998816,215.0918389961589,689.027044994873,295.08490100852214
3,0,0,1,0,0,1,8399,157.87129900127184,216.42622399667744,327.22045000991784,178.0129249964375
55,0,0,6,5,0,3,490,2270.145564994891,4771.043859989732,11895.37302700046,8211.241310011246
58,0,0,9,5,0,3,8,1241.2822999904165,639.0178220026428,46295.83043699677,30971.62227400986
14,0,0,4,2,0,3,2,148.49262600182556,186.95106399536598,2048.9785029931227,936.0605949914316
11,0,0,1,0,0,1,4,124.06429799739271,178.83045300550293,707.9916799993953,310.62140900758095
39,0,0,5,4,0,3,12550,254.7421530034626,66.91210700955708,7731.419585994445,5977.760131005198
10,0,0,1,1,0,1,1,131.9341489870567,174.10952599311713,669.9862189998385,300.13386499194894
8,0,0,3,1,0,3,9230,83.342564990744,101.24571499181911,1148.6844699975336,604.2502890049946
15,0,0,2,2,0,2,0,119.31008100509644,161.06285400746856,707.5105889962288,276.5788389951922
9,0,0,2,0,0,1,9,123.04426800983492,177.34307401406113,1301.423822005745,638.8622850063257
2,0,0,1,0,0,1,12550,36.93397899041884,44.81947199383285,298.32300399721134,153.7230730027659
23,0,0,8,2,0,2,1,139.02548998885322,172.05900700355414,20376.95954499941,8692.943349000416
39,0,0,5,4,0,3,12550,256.1699150101049,90.4727519955486,7325.756766993436,5795.603691003635
9,0,0,2,0,0,1,9,246.48121801146772,360.8713989960961,659.5098859979771,308.22111300949473
9,0,0,0,0,0,0,0,123.27708599332254,176.33710699738003,339.54908899613656,158.32390400464647
9,0,0,1,0,0,1,0,137.5395450013457,170.5367649992695,653.4914459916763,252.6097140071215
12,0,0,2,1,0,1,19,256.40486599877477,399.3549150036415,634.7563140006969,267.7709189883899
15,0,0,5,2,0,3,116,697.79918299173,576.0458020085935,2096.7265100043733,596.711817997857
5,0,0,0,0,0,0,1,121.4379030134296,172.386070000357,325.48826400307007,155.7674809882883
15,0,0,1,1,0,1,1,131.98640100017656,189.25412200042047,360.09010499401484,161.687690007966
7,0,0,2,1,0,2,9230,81.01845800410956,100.21855399827473,1140.4103029926773,572.6829769992037
12,0,0,1,0,0,1,1,123.05360299069434,173.72338200220838,673.8545870030066,312.31232099526096
15,0,0,1,1,0,1,1,124.82829600048717,169.5467829995323,475.12806399026886,302.1596220060019
32,0,0,3,3,0,2,0,643.2712120003998,820.7096870028181,989.9915819987655,955.1955539936898
18,0,0,4,1,0,2,1,137.608655000804,192.16272499761544,5355.140999003197,2405.388152998057
7,0,0,3,0,0,1,9914,113.96444799902383,86.07041199866217,1471.6605809953762,803.6502359900624
11,0,0,3,0,0,1,7,124.9082809954416,175.91566299961414,1856.0221110092243,605.6697879976127
159,0,0,1,11,0,1,1,657.9187159950379,630.528524008696,1623.6213460069848,465.21175900124945
17,0,0,2,2,0,3,0,528.1551730004139,366.05445299937855,1147.3877969983732,338.8281020015711
39,0,0,4,3,0,2,2,843.2752690132475,801.8373949889792,9984.71669999708,6515.662413992686
8,0,0,3,1,0,2,12550,88.15848699305207,78.17368800169788,1139.51254200947,595.4989890014986
57,0,0,8,5,0,3,490,1984.0034209919395,4438.592869002605,30269.020396997803,20185.857414006023
14,0,0,3,1,0,1,2,155.82478400028776,206.40545699279755,2671.3363009912428,1193.5145059978822
4,0,0,0,1,0,1,7,139.38704501197208,195.50806100596674,344.58649199223146,180.54722499800846
10,0,0,0,0,0,0,0,117.6770190068055,162.5715889967978,261.65954100724775,74.10214100673329
138,0,0,4,5,0,3,1,1937.0862880023196,2288.5886740114074,3880.442314009997,881.4939260046231
11,0,0,3,2,0,3,1445,711.4798679976957,849.0950589912245,990.8922460017493,423.3590209914837
5,0,0,0,0,0,0,48,65.16698400082532,87.88698699208908,168.07264000817668,81.82057499652728
13,0,0,4,0,0,1,0,241.9699909951305,355.26327100524213,2569.53009100107,1181.4121939969482
43,0,0,3,4,0,3,2,471.70897699834313,1002.8514559962787,3071.402070010663,1998.5792570078047
47,0,0,5,3,0,3,78,1231.716044989298,1776.58469400194,8070.425234007416,4171.415582997724
10,0,0,0,0,0,0,0,121.14551800186746,174.56004601262975,338.3478499890771,158.2696449913783
2,0,0,1,0,0,1,12550,36.18078299041372,43.86350901040714,243.79289800708648,157.88185800192878
50,0,0,3,3,0,2,2,531.0595149931032,570.0075600034324,4428.6903829924995,1935.8254440012388
29,0,0,1,1,0,1,0,67.24516199028585,89.57337899482809,766.5123470069375,318.6373310018098
56,0,0,7,5,0,3,73,1865.8482970058685,2505.3131929889787,17531.77641000366,10565.952912002103
33,0,0,3,3,0,2,170,1062.6986720017157,1555.3892569878371,2294.5671020133886,1554.5690239960095
32,0,0,2,3,0,2,2,481.74207800184377,753.3794479968492,2297.556384000927,1590.305398000055
14,0,0,6,0,0,1,1121,315.33766399661545,449.5366110058967,8351.452621995122,4327.557862998219
15,0,0,1,2,0,1,1,126.03140900318976,164.27889099577442,706.3778940064367,289.2751559993485
57,0,0,8,5,0,3,166,1294.6991370117757,3035.8241379872197,60000.0,42998.77493199892
11,0,0,2,0,0,1,3,120.73474199860357,167.6268900046125,1198.0600839888211,425.6618710060138
3,0,0,1,0,0,1,9230,36.00298099627253,46.403928005020134,409.9878790002549,260.469993998413
38,0,0,1,7,0,2,1,381.49888199404813,384.0902069932781,1371.747281998978,403.71360500284936
9,0,0,4,0,0,1,8399,250.1074079918908,349.46465300163254,2323.9491199929034,879.1895839967765
9,0,0,3,0,0,1,0,125.96927299455274,176.28887700266205,2467.3727650078945,1131.0064639983466
31,0,0,2,3,0,2,233,1284.7978159988998,1289.6840040048119,1383.6973529978422,928.1047719996423
5,0,0,1,0,0,1,521,118.22173399559688,164.05439301161095,604.6213400113629,218.82848399400245
44,0,0,4,4,0,2,3,652.2864260041388,606.9653070007917,8904.927018011222,5699.07985899772
44,0,0,3,3,0,2,12550,159.6550279937219,38.8483510032529,2221.4716050075367,1876.1866419954458
11,0,0,2,1,0,3,14,125.02463300188538,171.15418599860277,663.607491995208,311.4853070001118
7,0,0,2,0,0,1,474,65.59051299700513,157.79881700291298,1089.431070999126,400.47060599317774
208,0,0,1,19,0,2,1,559.3215419939952,529.9856499914313,2418.505010995432,461.07316100096796
9,0,0,1,0,0,1,1,129.92577299883123,184.26888599060476,657.8018769941991,310.0428069883492
13,0,0,0,1,0,1,0,125.2972160000354,170.66073000023607,351.7126939987065,156.31291198951658
8,0,0,2,0,0,1,9,119.88429800840095,168.31538200494833,1229.969848995097,560.8576079976046
10,0,0,2,1,0,1,0,120.65194798924495,171.99323698878288,1312.3461790091824,597.8851870022481
64,0,0,2,7,0,2,1,644.0319160028594,602.5694779964397,2932.602154003689,870.8162729890319
9,0,0,2,0,0,1,4,127.84104399906937,178.01980499643832,1296.41385099967,595.935028992244
1,0,0,0,0,0,0,9122,67.11441300285514,88.6369239888154,224.22360499331262,161.2007500079926
13,0,0,0,1,0,1,0,122.21463499008678,171.46703600883484,354.7421300027054,156.37717599747702
233,0,0,2,13,0,2,0,606.398737989366,335.4014219949022,3160.0722020084504,1081.7936179955723
58,0,0,9,5,0,3,78,1239.9164129892597,3072.78237400169,38422.206619987264,23048.158352990868
50,0,0,6,4,0,3,124,1247.0869819953805,2403.4301900101127,15614.66361299972,11131.687102009892
11,0,0,2,1,0,1,1,118.50637001043651,164.96997499780264,1270.7553130021552,570.421044001705
3,0,0,0,0,0,0,607,68.27657099347562,90.75953499996103,321.9623400073033,171.62603000178933
6,0,0,0,0,0,0,5,122.89977399632335,177.8784479975002,332.28728600079194,102.94426199106965
9,0,0,3,0,0,1,83,322.98048499797005,286.6414580057608,1189.177831998677,601.0978929989506
8,0,0,1,0,0,1,1,65.08543799282052,87.20232400810346,336.7717270011781,158.26735401060432
9,0,0,2,1,0,3,12550,87.45854200969916,43.7769220006885,1073.2027659978485,887.063173999195
12,0,0,1,0,0,1,0,64.22984899836592,134.20146399585065,476.1146179953357,158.03925099316984
110,0,0,5,10,0,2,1,533.48140300659,517.2792759985896,22125.82759099314,6856.614652002463
57,0,0,8,5,0,3,166,1297.8656589984894,3098.0525810009567,60000.0,43238.319772004616
10,0,0,0,0,0,0,0,124.7137229947839,175.3923840005882,343.41874699748587,162.95465199800674
35,0,0,1,2,0,2,15,509.6059850038728,918.0245010065846,1229.0379629994277,914.1379549982958
15,0,0,4,2,0,1,16,636.0851079953136,821.1464500054717,2551.4795220078668,1206.460949004395
4,0,0,1,1,0,2,12550,64.40235399350058,44.26871199393645,524.5078589941841,449.06748000357766
25,0,0,1,2,0,2,1,620.0427509902511,588.6564769898541,916.9668780086795,386.9000999984564
55,0,0,6,5,0,2,1,1348.9123299950734,1277.373308010283,22350.12487201311,13892.195794993313
109,0,0,6,4,0,2,2,577.906381993671,652.5983739993535,33458.51619599853,13117.36041700351
58,0,0,9,5,0,3,51,1912.777539997478,2537.17337200942,39020.26633999776,21936.761399003444
33,0,0,4,3,0,2,122,1904.599578003399,2481.8699239986017,2376.789779009414,1622.927839998738
6,0,0,1,0,0,1,44,249.9040389957372,368.6890660028439,168.94231300102547,115.811865995056
31,0,0,4,3,0,2,0,117.4974640016444,163.68209599750116,2443.676183000207,537.360002999776
29,0,0,3,5,0,2,5,150.78267600620165,182.93366899888497,3335.180477995891,1271.0474019986577
15,0,0,5,2,0,3,50,152.17447199393064,204.51272500213236,2682.7789960079826,1196.8907499976922
71,0,0,2,12,0,2,1,130.9743809979409,153.2412400119938,1168.0841130000772,320.3895649930928
10,0,0,2,0,0,1,0,254.75876599375624,377.09739099955186,660.1417579950066,316.5077419980662
54,0,0,5,5,0,2,12550,335.92762298940215,107.95703501207754,10632.132555998396,7933.224776003044
54,0,0,5,5,0,3,18,2176.7472439969424,2879.6962030028226,3629.527404002147,1787.0158599980641
1,0,0,0,0,0,0,8533,98.76691299723461,138.94341899140272,277.210116997594,155.7309879863169
8,0,0,2,0,0,1,7,68.03140600095503,91.27067400550004,1081.832789001055,604.8503040074138
6,0,0,2,1,0,2,12550,75.88291799766012,61.573712999233976,1043.252183997538,616.3352440053131
18,0,0,1,1,0,2,12550,113.30624800757505,43.45482999633532,661.1220820050221,532.9847199900541
8,0,0,2,0,0,1,105,143.82049201230984,319.84048600133974,487.3337720055133,315.9998880000785
14,0,0,4,2,0,3,2,141.88832099898718,182.2023949935101,2278.958422000869,1057.7241260034498
29,0,0,2,3,0,2,0,769.5834100013599,339.781924005365,885.2664439909859,335.15951099980157
12,0,0,0,1,0,1,2,125.45651399705093,174.65669100056402,356.4321359881433,157.61818100872915
111,0,0,1,6,0,2,1,661.7645710066427,632.6252190046944,1167.7499359939247,182.80981499992777
11,0,0,3,0,0,1,17,140.12837200425565,196.00409299891908,2584.1334980068495,1217.2871589864371
9,0,0,1,0,0,1,3,62.447025993606076,85.02424199832603,464.635284995893,289.08365000097547
12,0,0,1,0,0,1,1,119.90359199990053,169.09662999387365,663.4447450051084,303.51522999990266
15,0,0,1,1,0,1,1,133.88910600042436,190.1733140111901,703.4899940044852,307.1757519937819
6,0,0,1,0,0,1,363,118.65563000901602,167.19325799203943,622.8470579953864,155.80073799355887
61,0,0,2,4,0,2,3,1294.4613510044292,1258.963041997049,1236.7390690051252,742.8342189959949
15,0,0,1,2,0,1,1,124.14531699323561,162.77392600022722,706.934337009443,282.02337100810837
11,0,0,1,0,0,1,3,118.94901300547644,166.90548400219996,648.1703040044522,214.00175700546242
13,0,0,1,0,0,1,1,66.34889999986626,88.829521992011,346.008085005451,157.98942399851512
7,0,0,2,1,0,3,12550,76.7669199994998,44.05244899680838,865.8301420073258,700.9989890066208
13,0,0,3,0,0,1,1,70.04659400263336,95.63809201063123,1803.544365990092,609.1919019963825
36,0,0,3,4,0,2,18,1198.964328999864,1656.0938170005102,2928.05922300613,1311.1825860105455
13,0,0,1,1,0,1,5,136.03220200457145,187.28070599900093,696.5430870041018,308.10029100393876
11,0,0,1,0,0,1,1,136.31739700213075,191.55921900528483,672.5251650059363,308.10702199232765
9,0,0,3,0,0,1,856,286.4253989973804,420.4052069981117,1316.5381209983025,643.3261060010409
65,0,0,2,2,0,2,36,1280.891612987034,1003.4694320056587,626.9386890053283,520.0272600050084
39,0,0,6,4,0,3,0,632.0186029915931,369.14851699839346,16306.106440999429,3814.053777998197
21,0,0,6,2,0,3,0,641.1044679989573,588.3225360012148,5080.986221000785,2108.327800000552
2,0,0,1,0,0,1,12550,36.223171002347954,44.25388100207783,248.67174300015904,159.6152929996606
398,0,0,2,17,0,2,1,705.5175610003062,666.3004910078598,4934.402514001704,720.6890329980524
8,0,0,0,1,0,1,4,127.48048899811693,175.97939999541268,343.2147560088197,155.52224800921977
11,0,0,2,1,0,1,4,399.9634030042216,242.31930199312046,2234.2941680108197,714.4071350048762
41,0,0,4,6,0,2,1,555.3795660089236,508.74371599638835,1584.4944950076751,424.13993600348476
5,0,0,0,0,0,0,3,121.73332400561776,173.6502819985617,326.5869109891355,156.224338003085
53,0,0,4,3,0,3,3,410.3731569921365,416.7130050045671,8294.878966000397,5763.833432007232
8,0,0,3,1,0,2,633,754.4906190014444,395.47666400903836,650.4246789991157,301.04252199816983
6,0,0,2,0,0,1,1292,87.5127299950691,118.9828119968297,894.9204560049111,627.3745939979563
16,0,0,3,2,0,2,0,118.27393400017172,161.69771600107197,1295.7644330017501,565.9737469977699
8,0,0,3,0,0,1,1121,249.2879310011631,364.92598000040743,1309.7263969975756,641.5741660021013
14,0,0,6,0,0,1,371,249.5728420035448,366.166523002903,9449.884633999318,4765.973757996107
10,0,0,1,0,0,1,2,124.23655799648259,174.00368800736032,375.8202539902413,156.65804099990055
10,0,0,3,0,0,1,67,121.33215300855227,167.3513090063352,2478.159398990101,1138.1383840052877
4,0,0,0,0,0,0,408,121.9971669925144,171.6100740013644,325.003463003668,159.91051400487777
6,0,0,1,1,0,2,0,118.87496200506575,164.1610170045169,322.3248819995206,147.03955000732094
6,0,0,2,1,0,3,9230,74.8865250061499,88.07137800613418,516.4969559991732,307.1157679951284
53,0,0,4,5,0,2,490,2280.2849229919957,4606.153389002429,5959.74345599825,3722.191452005063
53,0,0,4,5,0,2,1,641.0333230014658,1675.6064499932108,3093.433971997001,1824.575423001079
12,0,0,4,0,0,1,92,67.8001630003564,90.79493199533317,3556.9138870050665,2404.0344079985516
103,0,0,1,14,0,2,1,135.09223100845702,181.94489399320446,1415.6258660077583,327.51366498996504
8,0,0,3,1,0,2,12550,87.67046300636139,78.75757799774874,1154.467492000549,609.5345389912836
2,0,0,0,0,0,0,2326,124.72377100493759,174.16737200983334,217.2092969994992,107.65952699875925
25,0,0,1,5,0,2,1,146.47717600746546,186.89183199603576,813.9356629981194,328.7222070066491
5,0,0,1,0,0,1,276,135.2106569975149,185.7415769918589,665.9216080006445,334.07431600790005
21,0,0,4,3,0,2,15,669.563162009581,633.145408006385,4911.799309993512,3043.0766780045815
24,0,0,1,2,0,1,1,124.51859499560669,172.76812899217475,771.677073003957,308.10666500474326
8,0,0,2,0,0,1,38,164.39658000308555,371.2100600096164,677.489041001536,330.50942300178576
17,0,0,0,3,0,1,1,70.79328199324664,90.64839899656363,194.9963899969589,80.158078999375
6,0,0,1,0,0,1,174,121.73907599935774,173.26725300517865,638.6993609921774,302.8236869868124
7,0,0,0,0,0,0,2,128.86479499866255,180.90499899699353,344.2357079911744,168.20683199330233
24,0,0,9,2,0,3,9,671.3445579953259,634.2382669972721,41911.832729005255,16586.943695001537
10,0,0,2,1,0,1,17,246.99815499479882,358.95774500386324,346.54005100310314,147.89806799672078
24,0,0,3,3,0,2,1,128.4650299930945,177.5005749950651,3102.632264010026,1265.9732950123725
23,0,0,4,1,0,1,1,122.71749999490567,166.0151969990693,5580.457858988666,2273.767662991304
5,0,0,1,0,0,1,0,117.4278959952062,164.9506069952622,606.5634709957521,286.8995500029996
62,0,0,3,5,0,2,1,1079.7299069963628,1069.81935800286,2794.979764992604,695.4934409877751
14,0,0,2,0,0,1,2,136.6201040073065,188.06417100131512,1349.1171880014008,616.8287649925333
31,0,0,2,3,0,2,1,676.3338390010176,1235.64701199939,2395.8000620041275,1979.1976749984315
10,0,0,1,1,0,2,4,143.8006249954924,160.902284012991,584.2230689886492,153.9258510019863
41,0,0,7,4,0,3,12550,130.40712500514928,47.30663099326193,29167.57814999437,22927.713268989464
13,0,0,3,0,0,1,12,120.35253598878626,166.85107399825938,2537.0105039910413,1145.4789150011493
13,0,0,1,0,0,1,1,72.63843299006112,119.87927000154741,676.2410780065693,243.64767700899392
11,0,0,5,0,0,1,9122,168.45205498975702,236.1397109925747,4630.975934996968,2062.6953470055014
44,0,0,3,3,0,3,39,1144.2024090065388,1876.5976870054146,2197.2575600084383,792.3803070007125
17,0,0,4,0,0,1,1,64.22918400494382,143.2185519952327,4569.509982000454,1741.0993369994685
13,0,0,3,1,0,1,2,67.4757469969336,91.73830300278496,2602.5243820040487,1133.6971529963193
108,0,0,3,10,0,2,1,537.0592710096389,513.8939210009994,6444.2657889885595,2095.009997996385
56,0,0,7,5,0,3,12550,345.28010500071105,105.31645400624257,23158.252560999244,14525.609935008106
16,0,0,5,2,0,2,633,617.7009200036991,872.3104249947937,4663.958957986324,1813.99000500096
89,0,0,4,8,0,2,1,1305.1849259936716,1246.17625400424,2769.077353004832,1030.3789859899553
2,0,0,0,0,0,0,1320,64.19841600290965,86.22962099616416,157.85862000484485,80.59141499688849
42,0,0,1,6,0,1,8,124.89002700021956,164.24942400772125,907.3732500110054,283.7173010047991
10,0,0,2,1,0,1,3,265.2610519871814,320.04998199408874,528.3286990015768,143.89385899994522
13,0,0,5,0,0,1,116,233.35667900391854,206.74643998790998,5087.576474994421,1919.0294230065774
14,0,0,3,2,0,2,28,280.5462889955379,404.5111330051441,1121.9132110127248,324.65024100383744
22,0,0,4,3,0,2,0,118.51616999774706,163.340026003425,2652.0858250005404,1100.778291001916
14,0,0,1,1,0,1,0,122.00514000141993,171.72439099522308,698.3826329960721,304.9407770013204
28,0,0,1,2,0,1,1,123.53448699286673,175.92426099872682,796.2702890072251,313.81978798890486
46,0,0,1,5,0,1,1,508.51271700230427,483.79904600733425,1378.4601490042405,443.22663299681153
30,0,0,2,4,0,2,2,421.1723990010796,645.1640180021059,2792.7018780028448,1767.2971170104574
32,0,0,3,3,0,2,0,1327.4419969966402,1280.814432000625,862.6472920004744,655.1060529891402
5,0,0,1,0,0,1,455,126.3719359994866,175.12853399966843,626.6296649992,154.9828709976282
50,0,0,6,4,0,3,124,1215.497265002341,2418.651736996253,16910.885008997866,10305.230463010957
58,0,0,1,2,0,2,1,566.0303350014146,642.3872720042709,854.5416400011163,465.795997006353
13,0,0,1,2,0,2,1445,689.0512050013058,766.5662829967914,561.1302860052092,427.4348960025236
12,0,0,1,0,0,1,1,120.58351500309072,161.9896060001338,653.2636320043821,286.37408099893946
44,0,0,4,4,0,2,1,626.1386529949959,399.9601690011332,8549.18676399393,5757.333970002946
7,0,0,3,1,0,3,12550,77.13213800161611,63.23567300569266,515.3083660115954,304.32632500014734
2,0,0,1,0,0,1,12550,35.99219299212564,44.63003699493129,255.4440660023829,87.34865899896249
12,0,0,1,0,0,1,1,123.19039901194628,173.7769300088985,667.0695200009504,302.32313499436714
11,0,0,4,0,0,1,359,122.33385200670455,169.54833999625407,4609.815643008915,2245.3149939974537
16,0,0,0,2,0,1,0,498.3285719936248,475.7186439965153,548.3247730007861,406.2807909940602
110,0,0,5,10,0,2,1,535.9928239922738,1216.6987460077507,23364.163029007614,6122.572870997828
30,0,0,2,1,0,1,0,123.95646100048907,175.50290300277993,1159.9771350010997,305.4510380025022
53,0,0,4,5,0,3,18,1903.0524720001267,3291.844798994134,4278.409555001417,2802.7427950000856
11,0,0,2,0,0,1,1,63.77804400108289,83.79043200693559,1072.560553002404,574.1983670013724
112,0,0,2,6,0,2,1,670.3095900011249,605.9928339964245,2355.385351998848,734.2427760013379
10,0,0,2,1,0,1,6,148.1621319981059,204.7279679973144,1375.1364680065308,643.7666450074175
16,0,0,6,2,0,3,52,176.76854399906006,230.86828700616024,4753.670032994705,2324.871176999295
10,0,0,1,1,0,1,1,121.9300469965674,169.52535801101476,658.0776350019732,290.73633400548715
24,0,0,1,2,0,2,1,127.94545300130267,173.69205500290263,775.0427190039773,313.75855300575495
12,0,0,4,2,0,3,12550,119.79875499673653,78.50261501153,1658.2943140092539,602.1324979956262
9,0,0,3,0,0,1,3,484.4764709996525,746.7058909969637,1316.479443004937,638.9219800039427
6,0,0,2,0,0,1,3160,184.44446800276637,423.12744200171437,649.3953080062056,331.9327200006228
12,0,0,1,0,0,1,1,123.37264099915046,169.83125900151208,672.8200990037294,310.7443609915208
220,0,0,3,10,0,2,1,529.7761310066562,503.673875995446,8568.142307005473,1642.6010919967666
6,0,0,1,0,0,1,443,136.90623300499283,195.0110699981451,664.045020006597,331.57966200087685
15,0,0,2,2,0,1,1,386.77763599844184,184.2431580007542,2288.327050002408,665.7928069907939
11,0,0,0,1,0,1,0,130.42440899880603,172.1885260049021,355.6002340046689,160.2925570041407
14,0,0,2,0,0,1,1,122.23165600153152,172.97704600787256,1340.1674829947297,608.4174810093828
53,0,0,4,5,0,2,1,1245.649542004685,1257.1483490028186,5087.187073004316,3354.119998999522
12,0,0,1,0,0,1,1,131.81106800038833,180.89453400170896,707.7160549961263,339.7802999970736
110,0,0,7,4,0,3,3,504.4269859936321,524.8166669916827,48384.175857005175,21556.134673999622
15,0,0,2,1,0,1,1,144.52903700293973,182.66499099263456,1457.927851995919,641.2580950127449
14,0,0,3,0,0,1,1,122.23283799539786,172.9489130084403,2417.924617009703,1191.7329919961048
10,0,0,2,1,0,2,1,129.24961699172854,185.2010200091172,668.325331993401,304.8623179929564
11,0,0,3,2,0,3,490,946.9919909897726,971.9329630024731,749.4851109950105,612.4828220054042
12,0,0,3,0,0,1,6,123.42664999596309,174.37311899266206,2437.801191001199,1205.0608200079296
6,0,0,2,0,0,1,113,140.48293999803718,202.45363900903612,1246.086462007952,601.7965880018892
35,0,0,2,3,0,2,4,412.46521800349,671.9040430034511,2239.566231990466,1875.1464689994464
10,0,0,5,0,0,1,12550,79.85635699878912,109.09681300108787,3492.1434730058536,2112.032265009475
57,0,0,8,5,0,3,0,727.3556269938126,2138.9062329981243,24873.481247996096,12851.784635990043
37,0,0,3,4,0,3,1,752.0336630113889,1787.2419000050286,3980.324862000998,2487.926153000444
53,0,0,1,3,0,2,1,403.49428600165993,427.26786401181016,1102.053477006848,633.4736890130443
20,0,0,4,2,0,3,0,436.3252120092511,456.3670130009996,2761.3359919923823,902.839435992064
5,0,0,1,0,0,1,0,116.14163899503183,165.9409459971357,608.0786910024472,251.48898099723738
15,0,0,5,2,0,3,201,140.53199299087282,185.64204599533696,4853.527321000001,2350.798512008623
57,0,0,8,5,0,3,1879,2041.9305309915217,3950.9672220010543,47465.57565800322,30752.173408007366
13,0,0,0,3,0,1,1,125.12470000365283,175.87258700223174,292.761275995872,80.48319499357603
9,0,0,3,0,0,1,394,246.80331999843474,362.4000679992605,1292.540012000245,631.1427940090653
28,0,0,2,2,0,3,43,636.5258899895707,1159.7536909976043,1330.791718995897,1200.5559719982557
11,0,0,2,1,0,1,25,90.69510600238573,113.64424698695075,1294.5957770134555,479.8211059969617
11,0,0,3,0,0,1,7,255.06676199438516,371.2505900039105,1294.9277720035752,603.8218120083911
58,0,0,9,5,0,3,12550,342.37410499190446,105.51670100539923,60000.0,46900.383842003066
12,0,0,1,0,0,1,1,133.1710510130506,187.5964689970715,670.1751430082368,308.51176899159327
38,0,0,3,3,0,2,12,762.6129279960878,717.8949619992636,5183.526503009489,3293.3900880016154
15,0,0,4,2,0,2,6,437.57350598752964,815.9110059932573,1391.0160999948857,604.3041160010034
15,0,0,3,1,0,2,1,123.7873610079987,175.78683199826628,1287.0049189950805,599.2388529994059
15,0,0,5,2,0,3,1441,736.4421340025729,775.592513004085,2613.4258679958293,1174.1828660015017
9,0,0,1,0,0,1,1,133.87570799386594,190.78920799074695,617.4331119982526,305.5521000060253
22,0,0,7,2,0,3,1,678.4811730030924,630.0321070011705,10373.960159995477,4259.829870992689
12,0,0,3,0,0,1,2,174.33433700352907,212.9245219985023,939.0671439905418,667.8493479994358
12,0,0,2,1,0,2,15,124.75968200305942,172.46222599351313,1331.2844790052623,620.553718006704
8,0,0,3,1,0,2,12550,88.10419500514399,77.35870599572081,1097.8589560108958,573.8831479975488
9,0,0,2,0,0,1,5,123.79979199613445,174.28176999965217,1272.3307000123896,601.5953230089508
11,0,0,1,1,0,1,1,241.16299800516572,231.49645498779137,176.57448499812745,113.69967900100164
8,0,0,3,1,0,2,12550,45.940315001644194,41.29832699254621,917.4570619943552,380.7735979935387
52,0,0,1,7,0,2,1,129.46094399376307,184.39136499364395,978.8242450013058,307.84577199665364
76,0,0,1,12,0,2,0,127.38143400929403,165.5506169918226,1166.2144500005525,283.7697560025845
58,0,0,9,5,0,3,39,1251.1563529988052,2918.6422000057064,31069.653459999245,17247.915144995204
9,0,0,0,0,0,0,0,122.34507600078359,172.76653500448447,337.3475900007179,158.5068310087081
11,0,0,2,0,0,1,1,126.15371000720188,172.4511290085502,1292.389207999804,607.7894619957078
6,0,0,3,0,0,1,12550,30.3644960076781,39.52226300316397,1110.2832379983738,524.7944750008173
151,0,0,1,8,0,2,1,788.0690439924365,731.0005899926182,1584.932587997173,562.1402069955366
34,0,0,5,3,0,3,122,1372.7539999963483,2465.525225008605,3396.0744890064234,2911.3317680021282
5,0,0,0,1,0,1,22,370.75471300340723,182.970206005848,510.55377899319865,88.22738699382171
2,0,0,1,0,0,1,12550,19.475059991236776,23.32315700186882,115.79075899499003,82.49155699741095
9,0,0,3,0,0,1,97,126.05696500395425,174.06309599755332,2391.0025430086534,1137.026361990138
10,0,0,4,0,0,1,1800,286.46961601043586,425.24498800048605,2427.7194750029594,1071.1584670061711
32,0,0,5,3,0,3,140,1668.9448510005604,1708.9557489962317,8314.68402199971,3854.0513570042094
5,0,0,1,1,0,2,633,343.7981809984194,198.84724100120366,546.6510160040343,192.8085809922777
17,0,0,4,2,0,2,122,1153.1923559959978,1393.7606399995275,1290.2655590005452,563.1443890015362
54,0,0,2,3,0,2,1,346.27438499592245,405.2558380062692,2575.586057995679,1563.4376210073242
8,0,0,1,0,0,1,0,117.56935399898794,164.28826600895263,565.9750909981085,288.5337140032789
50,0,0,3,4,0,2,0,883.7187269964488,1044.2733989912085,3073.321578995092,741.7916900012642
140,0,0,6,5,0,3,1,1301.1858539975947,1246.3692099991022,14397.310922999168,4633.626355003798
10,0,0,3,0,0,1,54,135.9319500043057,192.9778619960416,1955.5420240067178,968.0376489995979
28,0,0,1,2,0,2,1,689.9775409983704,655.2292940032203,1353.39239599125,996.2979510019068
44,0,0,3,3,0,3,39,1238.8029680005275,1279.603426999529,1702.8696610068437,1296.2609909882303
46,0,0,5,4,0,3,0,1266.567370010307,706.3304280018201,7448.912609994295,2016.9929879921256
40,0,0,0,3,0,1,1,590.8106819988461,595.8386910060653,607.8604039939819,377.0204710017424
33,0,0,4,3,0,2,122,1805.243637994863,2446.781368998927,2694.9729900079546,1964.543248002883
14,0,0,3,2,0,1,13,259.239136998076,371.6861409920966,1391.0997609928017,597.4412870127708
26,0,0,4,3,0,3,12550,194.6015110006556,75.58538699231576,2891.3157350034453,2433.2879680005135
12,0,0,1,1,0,2,1,121.97216799540911,171.770248998655,669.640250998782,267.34267100982834
32,0,0,2,3,0,2,1,554.1380870126886,561.0206419951282,996.7015800066292,707.4742529948708
7,0,0,1,0,0,1,88,149.30235799693037,210.91556499595754,672.6257190020988,328.1001669965917
11,0,0,1,1,0,1,1,65.78832099330612,169.2093159945216,692.8621789993485,313.83214400557335
140,0,0,6,5,0,2,1,1283.716337988153,1231.8492579943268,20959.571906991187,6563.274621003075
49,0,0,4,4,0,2,0,2255.812702991534,3337.649399007205,5567.2489360003965,1482.0696959941415
25,0,0,2,0,0,1,1,124.83744499331806,173.13932700199075,1099.2003430001205,299.0875249961391
14,0,0,5,2,0,3,8399,552.0578309951816,517.9239569988567,2585.07742099755,1190.3177849890199
30,0,0,4,5,0,2,1,170.53386000043247,211.21974600828253,6612.619216000894,2545.430636993842
19,0,0,2,3,0,2,1,121.45397299900651,173.7334589997772,1469.1527200047858,606.8045279971557
11,0,0,2,0,0,1,1,187.8968750097556,347.38244899199344,652.3196189955343,277.0783400046639
12,0,0,2,1,0,2,16,633.3582379884319,571.8953529867576,670.4953760054195,306.38596799690276
11,0,0,3,1,0,2,2,121.32867700711358,170.60662299627438,1323.5596339945914,595.7718620047672
5,0,0,1,0,0,1,276,135.00628000474535,185.89490000158548,660.6209029996535,331.65161800570786
9,0,0,3,1,0,2,3085,314.2500980029581,477.96430200105533,1228.5899319977034,536.651835005614
43,0,0,2,6,0,1,1,127.71471800806466,174.85882400069386,1854.7630469984142,600.0476850022096
94,0,0,2,15,0,2,1,128.87290099752136,165.87772300408687,1502.7410009934101,561.3652909960365
9,0,0,1,1,0,1,2,127.5963679945562,102.01845200208481,663.6951200052863,306.1779809941072
11,0,0,2,1,0,1,3,123.5975769959623,171.7774249991635,1204.4102600048063,571.0278100013966
58,0,0,9,5,0,3,78,1181.7528780084103,2899.252061994048,60000.0,39384.43827800802
6,0,0,2,0,0,1,5477,134.85651000519283,190.5840760009596,1215.1121779897949,622.3335319955368
241,0,0,2,13,0,2,1,1318.9424879965372,1269.6825729944976,2151.2072749901563,461.02048599277623
15,0,0,2,0,0,1,1,123.17748900386505,175.1577079994604,954.6617439918919,304.0727520128712
5,0,0,1,0,0,1,554,133.82198999170214,186.26266400679015,658.7800050037913,334.86834799987264
212,0,0,3,9,0,2,1,530.9173589921556,502.35804900876246,7731.600789993536,2358.360290003475
8,0,0,1,0,0,1,1,121.21484499948565,170.132649000152,490.9636599913938,294.6171789953951
15,0,0,1,1,0,1,1,122.63174798863474,172.60856600478292,704.7356590046547,303.9227589906659
10,0,0,1,0,0,1,1,120.05682699964382,164.93903899390716,650.9611369983759,290.44671398878563
12,0,0,3,0,0,1,4,129.51560399960726,184.77200499910396,2151.141280992306,1192.135507997591
56,0,0,7,5,0,3,78,1249.2624699953012,2477.714656997705,14159.132836008212,11082.88203200209
19,0,0,5,2,0,3,1,650.1942269969732,590.300815005321,2456.186320996494,1035.9427319926908
2,0,0,0,0,0,0,3160,118.57896400033496,164.0735590044642,305.4071039950941,153.65802800806705
2,0,0,1,0,0,1,12550,37.84501799964346,45.16007300117053,201.8996280094143,151.74415800720453
6,0,0,1,1,0,2,12550,72.65059700876009,43.50640899792779,425.29179400298744,401.7694169888273
29,0,0,2,3,0,2,0,641.0659450048115,181.48941300751176,1042.0596260082675,295.9253580047516
53,0,0,4,5,0,2,1,1238.9200140023604,1213.1639790022746,3113.1537490000483,1833.509263000451
39,0,0,1,2,0,1,1,449.781464994885,897.9344639956253,430.17255001177546,159.8433559993282
12,0,0,4,0,0,1,14,366.12129799323156,546.979356004158,2551.6269450017717,1152.350653996109
7,0,0,1,0,0,1,29,120.39694699342363,172.84241599554662,641.375755003537,306.8728889920749
11,0,0,1,0,0,1,1,122.13074599276297,169.58368400810286,579.7261330008041,146.11856400733814
2,0,0,0,0,0,0,154,115.64688199723605,162.31740200601052,302.56964299769606,148.04725999420043
5,0,0,1,0,0,1,803,237.65522000030614,340.7254379999358,314.99420500767883,118.58083900006022
8,0,0,1,0,0,1,5,128.8515559863299,183.1046050065197,674.2338610056322,324.8935879964847
14,0,0,4,0,0,1,10,67.70694500301033,89.60688899969682,4211.544842997682,2363.428541997564
34,0,0,1,3,0,2,2,453.1646550021833,446.44274799793493,1337.3355660005473,344.5829690026585
7,0,0,1,0,0,1,2,143.47533200634643,203.2716419926146,660.8109929948114,323.4076719963923
12,0,0,4,0,0,1,1,289.8359489918221,427.3722200014163,1590.2779059979366,1190.1555450021988
4,0,0,1,1,0,2,12550,68.5784589877585,43.64560799149331,576.0204079997493,422.26635599217843
6,0,0,2,0,0,1,154,118.76080901129171,162.89825999410823,1088.1029729935108,557.4483539967332
1,0,0,0,0,0,0,0,118.61578399839345,165.70966500148643,303.2270109979436,146.0901739919791
5,0,0,0,0,0,0,1,116.85859000135679,163.28734300623182,312.27895499614533,146.00907800195273
11,0,0,3,0,0,1,10,64.60800301283598,86.94951100915205,1874.6742049988825,981.4331499947002
44,0,0,7,3,0,3,0,851.3464120042045,1295.3731619927566,14768.254128997796,3296.8142640020233
1,0,0,0,0,0,0,8533,102.23481099819764,139.94127899059094,277.08324599370826,157.14774098887574
12,0,0,3,0,0,1,10,127.58450499677565,176.48107999411877,2107.6780240109656,1198.1723939970834
8,0,0,1,0,0,1,7,121.90375399950426,170.83204801019747,647.3199830070371,299.37514499761164
10,0,0,3,0,0,1,2,134.34422099089716,187.76558600075077,1485.911670999485,606.6369299951475
7,0,0,2,1,0,2,1511,227.4185519927414,330.5825399875175,518.2872520090314,197.28180700622033
53,0,0,4,5,0,3,18,1827.192616998218,2460.683842000435,4527.775355003541,2775.062208995223
6,0,0,1,1,0,2,12550,72.00904699857347,44.16373099957127,463.0756850092439,206.88476799114142
149,0,0,1,11,0,2,1,478.520375007065,467.605616999208,2090.2025510004023,646.5402730100323
45,0,0,4,3,0,3,12550,262.8636089939391,74.9433279997902,4181.563960999483,2814.1726159956306
10,0,0,0,2,0,1,5,425.13369298831094,422.55657800706103,341.6835249954602,292.14531599427573
56,0,0,7,5,0,3,1,1230.4197210032726,1720.5585240008077,13003.111475991318,7279.076335005811
12,0,0,2,0,0,1,1,131.84229099715594,185.99212598928716,1312.6138130028266,600.8348270115675
54,0,0,5,5,0,2,0,1222.6667509967228,1668.2455859991023,5995.668896997813,3652.3856819985667
6,0,0,1,0,0,1,2,121.19303501094691,171.21442600910086,428.11515599896666,292.151941001066
36,0,0,3,3,0,2,446,544.8985800030641,948.1293360004202,4890.43848599249,3366.342217006604
38,0,0,4,4,0,3,1,666.0536300041713,1767.1054269885644,8222.955589997582,4679.419149993919
45,0,0,4,3,0,3,12550,263.54937101132236,75.81224899331573,3380.177689003176,2893.5100230009994
10,0,0,1,0,0,1,3,192.27606899221428,192.00138800079003,333.82963699114043,90.27288701327052
15,0,0,1,0,0,1,1,121.66165700182319,170.62937399896327,685.335722999298,308.63486300222576
17,0,0,4,1,0,1,3,122.10294199758209,170.58065500168595,4476.567153993528,1511.6483399906429
9,0,0,1,0,0,1,4,254.07852198986802,369.5522339985473,334.27153300726786,158.18092600966338
9,0,0,1,0,0,1,6,66.27451301028486,170.98079199786298,643.1910170067567,215.17203100665938
16,0,0,5,1,0,2,1,260.7507879874902,372.5657449977007,2782.5652950123185,1287.9198580048978
44,0,0,3,3,0,2,473,1717.1468720043777,2082.692969997879,2394.409219006775,2064.8075839999365
16,0,0,6,2,0,3,1916,146.3043830008246,194.99761098995805,5020.826084990404,2325.533680006629
16,0,0,3,0,0,1,1,130.87890100723598,214.69375200103968,1355.0442489940906,531.7423460073769
7,0,0,2,1,0,3,0,117.00478900456801,162.38994999730494,616.1030689981999,279.6690310060512
12,0,0,3,1,0,2,109,264.9192429962568,379.5866139989812,979.1195580037311,438.2013489957899
12,0,0,4,0,0,1,0,119.64880299638025,164.1211740061408,4774.376230998314,1203.1553620035993
12,0,0,2,0,0,1,5,127.23403199925087,174.96303700318094,1269.8074979998637,602.8051619941834
21,0,0,6,2,0,3,1,779.4098009908339,781.2517909915186,5565.735118987504,2364.8091859940905
34,0,0,4,3,0,2,18,458.21293600602075,728.3639310044236,9379.02639299864,5792.467755003599
7,0,0,3,0,0,1,4295,157.98430699214805,338.4277419972932,826.5186659991741,567.3629530065227
13,0,0,1,0,0,1,1,121.87969300430268,171.5317529888125,675.0146060076077,304.5650920103071
5,0,0,0,1,0,1,0,139.66702300240286,186.63648200163152,347.42643899517134,171.8283749942202
8,0,0,2,0,0,1,105,246.79078000190202,357.21306000777986,666.3007119932445,325.3636970039224
8,0,0,1,0,0,1,1,66.37797100120224,151.52455400675535,650.2110319997882,309.4145689974539
9,0,0,1,0,0,1,3,124.78757600183599,173.02768499939702,654.9447419965873,309.9745409999741
14,0,0,5,2,0,3,116,667.9370280035073,590.7014939875808,1343.5454510035925,600.5187150003621
110,0,0,7,4,0,3,3,355.383697009529,322.16368499211967,39692.374131002,16834.944724003435
57,0,0,8,5,0,3,12550,340.7752659986727,105.63991699018516,41247.79365399445,27417.782671996974
5,0,0,1,0,0,1,484,123.25659400084987,171.4991119952174,620.9617019922007,301.5133760054596
9,0,0,2,1,0,2,51,127.5094050070038,177.43595999490935,1322.0052959950408,610.5594000109704
37,0,0,3,4,0,2,0,562.5538129970664,944.030965998536,5450.6239680049475,2620.196853997186
53,0,0,4,5,0,2,1,1229.96279700601,1074.600110994652,5385.768232998089,3238.3908900083043
216,0,0,1,12,0,2,1,513.6715300031938,493.3052039996255,2341.0760260012466,461.66231398819946
32,0,0,2,3,0,2,1,451.8352659943048,435.8265159971779,2436.360441002762,1512.1190520003438
25,0,0,3,3,0,3,13,437.33716499991715,426.2282910058275,2991.36817100225,1924.7474480071105
12,0,0,4,0,0,1,654,129.36435599112883,185.12024100346025,4520.019780000439,2153.775148006389
21,0,0,4,3,0,3,12550,169.88955499255098,75.69628300552722,4760.105152003234,1878.0589630041504
7,0,0,2,1,0,2,11,507.0649580011377,383.33142100600526,679.9903329956578,262.097774000722
15,0,0,2,2,0,2,1,63.76397699932568,101.57176500069909,707.0797160122311,285.39496401208453
54,0,0,5,5,0,3,5,956.4497330138693,1022.2475320042577,8884.222348002368,5318.776243002503
8,0,0,2,0,0,1,163,119.55339398991782,156.2297139898874,622.1956910012523,283.1209440046223
217,0,0,2,12,0,2,1,511.01081499655265,493.7795120058581,4693.044961008127,917.565701995045
174,0,0,2,12,0,2,0,790.696306998143,746.3763659907272,3590.6609619996743,911.4211300038733
32,0,0,3,3,0,2,9,1038.7349899974652,549.5560489944182,2131.9614379899576,793.872274007299
6,0,0,3,0,0,1,12550,30.690760992001742,40.195908994064666,889.1997650061967,597.0243780029705
6,0,0,2,0,0,1,4804,122.68588499864563,118.59364199335687,1005.145121991518,620.8987470017746
10,0,0,1,1,0,1,1,253.31489399832208,371.09708999923896,346.9926309917355,159.9733019975247
7,0,0,3,0,0,1,4295,248.97354599670507,507.86451500607654,1188.4807799942791,594.5421310025267
29,0,0,2,3,0,3,0,641.2454439996509,181.7507969972212,1136.2847189884633,334.7070879972307
8,0,0,1,0,0,1,1,127.74369999533519,119.72911799966823,511.39063300797716,311.0556579922559
13,0,0,1,0,0,1,1,61.926781010697596,145.1741829951061,660.578262002673,287.60512999724597
1,0,0,0,0,0,0,8533,100.19563800597098,138.5347909963457,278.13866100041196,157.93166299408767
32,0,0,3,3,0,2,3,935.493231008877,1058.270959998481,1397.5588859902928,661.9444829993881
9,0,0,1,2,0,2,490,730.6382309907349,812.6007480022963,501.87743100104854,338.58953799062874
12,0,0,2,0,0,1,1,122.42701600189321,172.08451298938598,1304.0430349938106,600.6785600038711
9,0,0,0,0,0,0,0,121.35992299590725,172.81777800235432,337.1853819990065,157.087451996631
22,0,0,4,3,0,2,0,119.81898899830412,166.559552992112,2558.9607919973787,1056.7789530032314
58,0,0,9,5,0,3,0,1105.1836520055076,2282.959812990157,50314.15276799817,29195.439314004034
11,0,0,1,0,0,1,1,123.89696900208946,173.8003460050095,666.9305840041488,312.2392349905567
55,0,0,6,5,0,2,124,1242.463090995443,2710.7593230030034,22002.256022999063,13951.179440991837
18,0,0,1,4,0,2,1,423.532778993831,420.19867700582836,626.1847369896714,395.70543701120187
17,0,0,1,1,0,1,1,124.52406800002791,173.5565429989947,711.3488239992876,304.96028999914415
8,0,0,3,1,0,2,12550,88.54684300604276,78.63031698798295,1144.7875079902587,603.6856709979475
9,0,0,1,0,0,1,0,127.63688899576664,173.97319599695038,658.3299970079679,306.0172180121299
25,0,0,3,0,0,1,2,125.9286850108765,178.28370300412644,2945.4687910038047,1234.5250559883425
10,0,0,1,0,0,1,1,121.4765649929177,171.35236600006465,659.0255909977714,303.9782790001482
13,0,0,2,2,0,1,1,141.99997000105213,190.1710149977589,1146.8033290002495,300.8369110029889
12,0,0,1,0,0,1,1,67.4179910129169,96.25959499680903,561.8996130069718,310.8732270047767
11,0,0,1,1,0,1,7,131.27316799364053,180.6661750015337,708.2154039962916,333.4507599938661
57,0,0,8,5,0,3,122,2266.420239000581,3915.883046996896,27259.130378995906,18863.200216001133
55,0,0,6,5,0,3,0,1247.5070109940134,1964.0728459926322,9037.875736001297,5592.282716999762
110,0,0,7,4,0,2,2,684.6982089919038,640.4439999896567,60000.0,28132.712953010923
109,0,0,4,10,0,2,1,407.3918829963077,624.4440529990243,9741.160065008444,3580.8872900088318
62,0,0,1,12,0,1,1,127.67947399697732,162.33864599780645,1116.7635619931389,285.56402899266686
6,0,0,2,0,0,1,96,120.19707100989763,170.07658199872822,1206.4799579966348,607.166611996945
29,0,0,3,2,0,2,4,638.6153189960169,349.4316980068106,3919.536544010043,3002.037903002929
16,0,0,3,1,0,2,1,67.14414599991869,89.89853100501932,1595.1767349906731,1083.9834509970387
22,0,0,9,1,0,3,24,441.5384349995293,587.723760996596,40443.44015100796,17178.17167499743
17,0,0,2,2,0,2,1,130.82139399193693,172.89564100792632,736.6570370068075,305.89897399477195
6,0,0,2,0,0,1,5477,137.6666799915256,193.64324100024533,1215.7680859963875,625.2498850080883
21,0,0,6,2,0,3,1,155.0444949971279,202.93441800458822,9886.493658006657,4532.355197996367
7,0,0,1,0,0,1,38,126.42971400055103,176.09069299942348,429.7638699936215,153.81491799780633
7,0,0,1,0,0,1,26,251.97665599989705,371.54515100701246,334.0702990099089,160.69684700050857
1,0,0,0,0,0,0,8533,100.64495100232307,139.60237700666767,274.04329500859603,157.78117900481448
16,0,0,3,2,0,2,0,119.56616000679787,163.85827999329194,996.7857000010554,545.4924119985662
15,0,0,5,0,0,1,31,253.20534099591896,390.78273600898683,4596.555461001117,2274.931062012911
9,0,0,1,0,0,1,1,118.68052500358317,168.71431599429343,631.625873997109,291.1621179955546
6,0,0,1,1,0,2,12550,73.11421900521964,44.39466899202671,495.77386799501255,404.6628479991341
3,0,0,0,0,0,0,155,127.68401599896606,181.85210099909455,330.6210269947769,168.52844500681385
10,0,0,2,0,0,1,1,65.58414699975401,115.85522000677884,1305.3464770055143,606.6715939959977
16,0,0,1,1,0,1,1,123.38734600052703,173.0146289919503,712.4002680066042,304.975448991172
11,0,0,2,0,0,1,5,359.4585859973449,548.6899419920519,659.3664239917416,307.7342839969788
345,0,0,1,17,0,2,1,536.0646070039365,516.2053380045108,3250.134445988806,490.68463100411464
11,0,0,1,0,0,1,1,122.62527100392617,149.12698700209148,677.713010009029,309.9241570016602
15,0,0,5,2,0,3,2,75.5978969973512,93.6368460097583,2884.6029800042743,1730.796454998199
12,0,0,2,0,0,1,1,136.67653501033783,194.11379199300427,1265.0738389929757,619.4564929901389
5,0,0,2,0,0,1,0,117.16261199035216,165.53322300023865,1210.2889079978922,554.3738900014432
45,0,0,4,4,0,3,0,1073.3432739943964,688.3791750005912,4107.3064590018475,757.0873860095162
10,0,0,3,1,0,2,51,128.7602969969157,179.45497599430382,1199.1710419970332,615.9373429982224
9,0,0,4,0,0,1,1901,115.40676999720745,160.8972419926431,4605.10820998752,2149.40783601196
36,0,0,1,6,0,2,1,427.94955099816434,423.6571810033638,697.3272040049778,366.0884109995095
12,0,0,1,0,0,1,4,245.9727270033909,361.85704900708515,337.62901500449516,151.38049999950454
4,0,0,1,0,0,1,0,119.23305298842024,94.10634299274534,573.2534819981083,331.02745399810374
39,0,0,4,6,0,2,1,127.72770400624722,167.7991610049503,6458.287193003343,1404.45246300078
10,0,0,0,0,0,0,0,121.23235300532542,171.7425109964097,339.65175700723194,159.1212710045511
5,0,0,0,0,0,0,36,123.91044100513682,174.04716899909545,330.31048098928295,159.16721800749656
9,0,0,1,1,0,1,1,199.08954900165554,95.17697300179861,582.4979250028264,168.5506319918204
9,0,0,4,0,0,1,9122,274.1031350014964,402.8351840097457,2323.0629390018294,1125.5346440011635
17,0,0,4,1,0,2,1,468.4660229977453,190.12237100105267,4340.137713006698,1307.7178779931273
28,0,0,3,5,0,2,1,411.99696900730487,188.96862700057682,2376.457518010284,342.3004200012656
15,0,0,5,2,0,3,94,512.4626469914801,386.88822599942796,1359.95542499586,582.9915150097804
13,0,0,2,0,0,1,1,253.26851499266922,369.1189779929118,667.0623999962118,257.4617710051825
6,0,0,2,0,0,1,877,251.1113920045318,368.2302210072521,655.1976129994728,327.3963110113982
1,0,0,0,0,0,0,9230,53.41978000069503,70.06096799159423,204.8413860029541,154.473410002538
12,0,0,2,0,0,1,2,134.93736200325657,187.3944999970263,1318.4686250024242,613.8334960123757
41,0,0,7,4,0,3,124,753.7466210051207,2445.482948998688,31048.698718994274,21317.848690989194
39,0,0,5,4,0,3,12550,256.1598710017279,90.1185029943008,7404.1551319969585,5642.16361301078
12,0,0,3,0,0,1,4,124.57561699557118,173.6064899887424,1800.3917500027455,593.3278990123654
10,0,0,1,0,0,1,4,122.03703900740948,172.41745699720923,656.1421530059306,302.46987399004865
13,0,0,5,0,0,1,764,256.4475999970455,415.5103240045719,3757.095806999132,2340.9642199985683
58,0,0,9,5,0,3,12550,360.60790000192355,107.25329100387171,40933.11117999838,26073.60642499407
42,0,0,2,4,0,2,1,334.2931380029768,791.127628996037,2418.5504210036015,780.7274430088
1,0,0,0,0,0,0,9230,54.67879401112441,70.23403199855238,203.10125399555545,155.7265580049716
12,0,0,1,0,0,1,1,126.34781800443307,177.2473750024801,672.0286190102343,307.0379499986302
15,0,0,2,0,0,1,1,123.92036399978679,173.45220300194342,1300.752000999637,558.580422992236
4,0,0,2,0,0,1,12550,48.05413099529687,62.393464002525434,552.3607360082678,300.81704900658224
43,0,0,1,5,0,2,1,450.50538500072435,446.5521989914123,746.0490640078206,203.47512599255424
28,0,0,2,2,0,2,12550,174.9292320018867,60.80597599793691,1332.7505860070232,1031.3129709975328
33,0,0,1,2,0,2,39,1247.7643549937056,980.9742809884483,742.8791359998286,546.0516070015728
9,0,0,0,0,0,0,1,118.60118199547287,167.17529999732506,330.0983230001293,151.72956400783733
7,0,0,2,0,0,1,602,136.81104600254912,190.31556199479382,1248.6181130079785,598.4312670043437
10,0,0,2,0,0,1,1,121.93462600407656,170.56136099563446,1260.2524619869655,566.8733820057241
12,0,0,1,0,0,1,1,124.78007600293495,176.58197499986272,670.2159120031865,305.5550110002514
11,0,0,1,0,0,1,1,120.723250991432,167.95801499392837,651.9688760017743,292.7121489919955
15,0,0,5,2,0,3,75,146.03663199522998,188.0293060094118,3952.9678099934245,1752.8290199988987
11,0,0,0,1,0,1,1,118.47237499023322,167.45836999325547,340.2304589981213,146.74562300206162
8,0,0,3,1,0,2,12550,86.78178899572231,77.52987199637573,795.6003139988752,584.2207850073464
30,0,0,2,4,0,2,5,1381.1396259989124,1442.3356620100094,1405.6915830005892,912.7692589972867
8,0,0,1,0,0,1,0,125.47860101039987,176.2246709986357,654.9001859966666,307.9879809956765
16,0,0,6,2,0,3,8399,894.5830430020578,1004.0201310039265,4135.555811008089,2366.065106005408
109,0,0,4,10,0,2,1,281.55479799897876,822.652390008443,11490.827496993006,2627.363323001191
55,0,0,6,5,0,3,0,1802.1121110068634,2119.304481006111,8831.084042001748,5162.5041980005335
6,0,0,3,0,0,1,12550,58.521134007605724,77.65438199567143,1117.545978006092,587.5547230098164
53,0,0,1,8,0,1,0,128.6571609962266,168.75025299668778,1006.3165729952743,283.34699499828275
208,0,0,1,14,0,2,1,287.9115230025491,268.3470629999647,1156.0248210007558,223.80325800622813
108,0,0,3,10,0,2,1,537.3599790036678,459.8246110108448,5243.10277600307,1827.1915560035268
15,0,0,4,1,0,2,4,126.4058499946259,175.22492099669762,4641.743954998674,2253.746096001123
8,0,0,3,1,0,2,12550,46.195582996006124,40.430900000501424,807.9616359900683,637.0375620026607
8,0,0,1,0,0,1,5,122.62660700071137,170.97899100917857,727.9454189992975,299.59303500072565
12,0,0,1,1,0,1,1,392.86181300121825,221.58836800372228,1151.0392369964393,302.3994400136871
40,0,0,5,6,0,2,1,520.6320889992639,376.5758410008857,3579.956311004935,1126.9723339937627
24,0,0,1,3,0,2,1,131.54711500101257,172.00676100037526,785.4728730017086,317.69978201191407
36,0,0,3,4,0,2,7,1220.7822319905972,1100.0115349888802,2542.150583001785,1552.8498619969469
31,0,0,2,3,0,2,233,1331.689989005099,1725.383665994741,1410.7402710069437,1009.6529189904686
7,0,0,2,0,0,1,983,130.8564560022205,181.90619500819594,1275.537595996866,608.7833829951705
14,0,0,4,0,0,1,5,123.74001200078055,170.83654399903025,4896.964789993945,2006.8954390008003
8,0,0,3,0,0,1,3160,478.830043997732,722.5698730035219,1258.0781809956534,585.0085069978377
16,0,0,6,2,0,3,25,180.40247999306303,247.3292820068309,5370.206972002052,2378.7712049961556
56,0,0,7,5,0,2,4,1565.099655999802,2102.33196101035,22960.015365999425,14291.190507996362
49,0,0,4,4,0,3,0,2218.1490379880415,3204.5034549955744,4021.4123409969034,1175.506323997979
49,0,0,2,2,0,1,1,124.7788189939456,171.31651799718384,1799.9721039959695,521.8486140074674
12,0,0,2,0,0,1,2,128.63947899313644,179.59181299374904,525.7456050021574,307.795996995992
9,0,0,0,1,0,1,1,65.74262199865188,88.75775699561927,203.02983700821642,158.37013800046407
188,0,0,2,41,0,2,1,133.77320099971257,174.29437099781353,3921.75822200079,312.4622609902872
10,0,0,0,1,0,1,85,554.7208989883075,635.1594090083381,585.2603929961333,483.34222300036345
11,0,0,3,1,0,1,8,252.3518820089521,364.22329299966805,1292.777347000083,577.2646099940175
54,0,0,5,5,0,3,0,1796.498067007633,2405.8773619908607,4546.918183987145,2783.4095599973807
31,0,0,3,3,0,2,150,529.5533969911048,1293.2411340007093,4442.39049400494,2998.8528770045377
7,0,0,1,1,0,1,33,586.7258310026955,747.7172409999184,344.6395309874788,174.3091859971173
14,0,0,1,2,0,2,93,501.9189590093447,901.4784419996431,1040.7407410093583,810.6317700003274
18,0,0,5,2,0,2,2,254.68032600474544,361.2548890087055,2714.0732949919766,1066.1116289993515
14,0,0,1,2,0,1,1,125.0026740017347,178.70069199125282,716.6176080063451,313.6145930038765
7,0,0,3,0,0,1,4295,332.65280700288713,502.79858500289265,850.2213090105215,301.3637879921589
3,0,0,0,0,0,0,1448,116.17145099444315,163.40402999776416,310.32876500103157,163.4767270006705
58,0,0,9,5,0,3,39,1249.2092609900283,2916.3964740000665,31470.831755999825,20892.26621799753
4,0,0,0,0,0,0,77,128.96599298983347,183.2917690044269,333.9174290013034,169.67047499201726
9,0,0,2,0,0,1,57,250.65637299849186,373.95241200283635,462.2901099937735,214.7123989998363
8,0,0,3,1,0,2,12550,88.69792000041343,78.45033699413761,1072.4435929878382,599.7815489972709
13,0,0,4,0,0,1,95,392.82884799467865,591.0733799973968,2589.073807990644,1194.4189480127534
8,0,0,0,0,0,0,2,125.15255900507327,177.89420099870767,340.11340800498147,163.16584699961822
8,0,0,1,0,0,1,20,249.63404799927957,370.4641820077086,332.82362000318244,162.29015600401908
9,0,0,2,0,0,1,2,145.72682899597567,205.23146400228143,1209.6706759912195,636.7702670104336
33,0,0,4,3,0,2,0,1438.3595879917266,2493.2029170013266,2124.1316360101337,1775.4054779943544
18,0,0,3,2,0,3,1,140.336620999733,184.67373101157136,1243.7321220058948,599.8258189938497
17,0,0,7,2,0,3,8399,896.435886999825,986.1633789987536,4766.314184991643,2072.698350995779
53,0,0,1,4,0,2,1,1312.254293996375,1153.201552995597,526.6714750032406,289.5880819996819
5,0,0,1,0,0,1,0,121.64170399773866,172.03809501370415,632.858323995606,307.42766500043217
14,0,0,3,1,0,1,1,129.03406999248546,180.5737999966368,2596.228323993273,1114.0222079993691
38,0,0,3,3,0,2,2,833.9954080001917,783.3180399902631,5033.1607929983875,3531.750842987094
368,0,0,4,71,0,2,1,73.50260399107356,88.40383100323379,23610.63942500914,2457.119929997134
36,0,0,3,5,0,1,1,497.9545859969221,570.1802760013379,1624.1692490002606,599.8977440031013
10,0,0,5,0,0,1,12550,79.63407901115716,107.47393600468058,4495.739566991688,1955.4343250056263
44,0,0,3,3,0,2,12550,165.2261039998848,76.57823500630911,2861.8189100088784,1834.4639350107173
12,0,0,4,1,0,2,2,124.18392200197559,174.19680100283585,2620.40768499719,1036.110558998189
11,0,0,3,1,0,2,0,118.33036100142635,163.0027820065152,1282.2799050045433,559.984905004967
13,0,0,5,0,0,1,544,520.6189790042117,790.929923998192,4613.889475993346,2397.8931339952396
57,0,0,8,5,0,3,352,1132.308430998819,3060.4296009987593,60000.0,41671.15101100353
7,0,0,2,0,0,1,594,135.23928000358865,190.00929901085328,1250.6525799981318,597.4437840050086
39,0,0,4,6,0,2,1,128.15803400008008,164.64761200768407,3986.029615989537,2174.610643007327
8,0,0,3,1,0,2,633,756.9414549943758,398.071704999893,650.9902210091241,301.24131399497855
13,0,0,5,0,0,1,1886,341.81851299945265,593.4420759876957,4747.345469004358,2237.061798994546
24,0,0,9,2,0,2,1,136.53730000078212,172.23715600266587,43367.69019901112,16283.854484005133
10,0,0,1,0,0,1,1,120.57847900723573,89.25208600703627,469.99634499661624,249.0499729901785
76,0,0,2,11,0,2,1,256.99902199266944,367.7754460077267,588.4658720024163,159.2084169969894
27,0,0,5,3,0,3,1628,577.4227509973571,1287.3033119976753,5947.0079070015345,4655.88815099909
12,0,0,4,0,0,1,0,102.45868499623612,83.1676410016371,4880.668213998433,1073.4760209888918
6,0,0,2,0,0,1,966,121.98484200052917,168.96191600244492,1235.2521749999141,602.3045559995808
9,0,0,1,0,0,1,1,119.86544200044591,86.09718600928318,320.85787200776394,145.51815499726217
10,0,0,2,0,0,1,6,122.21174300066195,172.8444829932414,1310.5689399963012,612.3013629985508
4,0,0,0,1,0,1,295,460.23287999560125,540.7364170096116,507.25563199375756,415.91462699580006
47,0,0,1,4,0,2,1,618.0865560017992,584.4482789980248,644.112044989015,371.5528579923557
10,0,0,1,0,0,1,0,116.20058199332561,161.2521189963445,629.6065009955782,281.9337410037406
13,0,0,3,2,0,3,8,645.7392360025551,580.9703240083763,683.910649997415,301.44943100458477
6,0,0,1,0,0,1,157,124.75697199988645,174.92489400319755,637.5852310011396,307.25437799992505
13,0,0,2,1,0,2,1,127.5975960015785,178.77349100308493,1368.2120339944959,452.44059900869615
15,0,0,2,1,0,2,1,254.03350801207125,368.7828720139805,709.8414600040996,313.5410649992991
13,0,0,1,1,0,1,1,124.0898690011818,172.29975400550757,694.1951210028492,301.2232420005603
10,0,0,2,0,0,1,1,239.7230509959627,351.63638199446723,389.1330089973053,155.30443399620708
11,0,0,1,0,0,1,0,60.76970399590209,134.44944299408235,642.3391790012829,284.98107599443756
19,0,0,3,0,0,1,1,121.65139899298083,172.86093199800234,2715.3731750004226,1212.7604900015285
13,0,0,4,0,0,1,20,126.91002700012177,179.89571001089644,5101.246243997593,2340.831944005913
16,0,0,2,1,0,1,1,129.82740699953865,170.46861800190527,1408.3537840051576,604.142928001238
106,0,0,3,4,0,3,2,1343.6760289914673,1282.6966139982687,2269.632461000583,953.6471289902693
42,0,0,5,6,0,2,1,1267.3262489988701,1397.087275996455,5358.490529004484,1701.3165149983251
6,0,0,1,1,0,2,12550,72.84410099964589,43.90244200476445,481.2026230065385,387.90508400416
14,0,0,2,2,0,2,2,122.90758999006357,167.47420199681073,1295.9678759943927,573.532330992748
41,0,0,7,4,0,3,39,452.7961220010184,1462.3100430035265,29076.81275199866,18504.015518992674
9,0,0,1,0,0,1,2,121.58905700198375,172.5343700090889,352.679054994951,154.13023800647352
11,0,0,1,1,0,1,1,124.24127200210933,173.99873198883142,175.39621199830435,80.48333899932913
10,0,0,4,1,0,2,12550,103.29216701211408,94.41958100069314,2392.8761720017064,1114.1686480114004
43,0,0,2,3,0,2,39,1238.6066900071455,1856.6054660041118,1463.2642590004252,877.9784020007355
41,0,0,7,4,0,3,4,632.8833279985702,1538.604822999332,22392.675613999018,15155.845611006953
33,0,0,4,3,0,2,11,994.811602999107,1065.6403290049639,4039.499742008047,776.3828680035658
23,0,0,8,2,0,3,21,673.3374390023528,798.6878590018023,21735.541355999885,7875.041861014324
18,0,0,5,2,0,2,6,643.7081919866614,629.4355239951983,2519.684619997861,1122.3807289934484
12,0,0,3,0,0,1,15,70.23234500957187,96.01359200314619,2040.2940030035097,1151.2223239988089
17,0,0,2,0,0,1,1,123.626257001888,174.9586499936413,796.56140600855,621.0642929945607
53,0,0,6,4,0,3,39,1224.7842979995767,2449.6797660103766,13317.264226003317,5627.404514001682
11,0,0,2,0,0,1,2,142.40037799754646,204.99376699444838,1087.0384110021405,304.8382079869043
142,0,0,8,5,0,2,1,1298.2577420043526,1240.5302549886983,60000.0,25424.453815008746
15,0,0,1,1,0,1,0,68.06664301257115,160.22896600770764,695.3187430044636,308.51463599537965
9,0,0,3,0,0,1,47,253.6540569999488,369.3228539923439,1190.6416120036738,570.0142499990761
15,0,0,4,0,0,1,2,246.29015299433377,361.02652800036594,1504.4165549916215,562.8848609921988
5,0,0,2,0,0,1,9122,136.81823200022336,194.09086200175807,583.3568489906611,308.17577498964965
4,0,0,1,0,0,1,2326,128.14182000875007,178.52230799326207,610.0077869923552,310.0978589936858
11,0,0,3,1,0,2,527,624.6768730052281,595.8244089997606,2215.9645640058443,675.7122639974114
9,0,0,2,0,0,1,106,243.69554599979892,354.51811099483166,419.45297599886544,147.5099610106554
19,0,0,2,0,0,1,16,124.38959900464397,189.54283199855126,1399.1679329919862,612.8889410028933
8,0,0,2,1,0,1,25,370.57477999769617,290.212972991867,1811.5530960058095,704.8889889993006
10,0,0,1,1,0,1,1,251.84267699660268,365.3354970010696,188.86956000642385,157.34792000148445
8,0,0,1,0,0,1,5,123.22767099249177,170.18889900646172,647.1945009980118,301.16066899790894
7,0,0,1,1,0,1,28,142.01558800414205,199.47906699962914,656.0913459979929,313.3632039971417
234,0,0,3,13,0,2,1,693.7085210083751,656.0584120015847,8995.790408007451,2075.0586289941566
5,0,0,0,0,0,0,4,121.51931300468277,166.9510520005133,321.48106399108656,153.65198999643326
10,0,0,0,0,0,0,2,124.78190699766856,174.7450149996439,343.1091989914421,161.3349599938374
10,0,0,3,0,0,1,4,134.75434100837447,186.6253299958771,2431.132499987143,1306.347976991674
55,0,0,6,5,0,3,4,1257.7433870028472,2264.235433001886,5864.942886997596,3374.517032993026
23,0,0,1,3,0,1,1,441.1677110037999,476.11672799394,1200.2470970037393,377.43151100585237
7,0,0,2,1,0,3,12550,76.78159800707363,44.077858998207375,866.4648840058362,696.91750498896
30,0,0,3,3,0,2,0,632.1902729978319,183.18522200570442,3608.0088460003026,1314.3020780116785
12,0,0,3,0,0,1,9,361.7080210096901,539.3661089910893,1294.4418340048287,594.773170989356
15,0,0,4,0,0,1,1,240.62111400417052,351.3741099886829,2597.0658879959956,1181.5580969996518
18,0,0,0,3,0,1,1,125.52069999219384,172.82097499992233,386.9549549999647,159.21199999866076
9,0,0,1,0,0,1,1,122.57058000250254,171.17419598798733,647.8397600003518,304.0686969907256
10,0,0,1,0,0,1,1,121.21066500549205,174.24306100292597,657.4356740020448,310.40471799497027
13,0,0,3,0,0,1,2,371.7229559988482,572.0552790007787,663.9940790046239,301.94865599332843
6,0,0,0,0,0,0,5,120.65915799757931,170.13804698945023,204.93369200266898,152.42925399797969
10,0,0,2,1,0,2,8,84.9757659889292,91.59133999492042,1102.3890100041172,599.9928029923467
4,0,0,0,1,0,1,295,408.72356499312446,490.0107070134254,552.4610839929665,464.34174400928896
172,0,0,1,13,0,2,1,659.7132699971553,620.5832550040213,1899.3158880039118,505.60125599440653
34,0,0,5,3,0,3,12550,231.67654999997467,76.52705900545698,4013.3104429987725,3006.30558199191
12,0,0,2,0,0,1,4,253.1011239916552,370.1895799895283,537.5137200026074,174.1805839992594
55,0,0,6,5,0,3,51,1694.7602340078447,2440.5606430082116,9024.165545008145,4971.112022001762
53,0,0,6,4,0,3,0,1701.9735089997994,2014.2087929998524,12467.942515999312,3016.703719011275
21,0,0,6,2,0,2,1,71.08774899097625,88.39924100902863,8141.73047800432,4311.837788991397
33,0,0,4,3,0,3,12550,210.3940539964242,75.65371700911783,3972.5036790041486,2166.0233979928307
8,0,0,4,0,0,1,12550,69.15091999690048,92.40348100138362,2201.2731909926515,1079.425946008996
32,0,0,3,3,0,2,12550,207.62334699975327,76.14916299644392,2158.082395006204,2020.8935429982375
13,0,0,3,2,0,2,57,130.90897499932908,172.00025799684227,1361.3904660014668,593.8845279888483
36,0,0,3,2,0,2,0,1264.519495991408,700.0026369933039,2815.747211003327,729.5869620138546
18,0,0,7,0,0,1,17,479.93030000361614,728.3058590110159,18745.454938994953,8403.376688002027
13,0,0,3,1,0,2,16,744.7501369897509,793.0642190040089,1375.9986070072046,643.1619119975949
11,0,0,3,0,0,1,4,250.41965099808294,371.2349830020685,1287.8187900059856,600.556235993281
6,0,0,2,0,0,1,966,64.03386799502186,85.92464200046379,1052.0183530024951,590.594945999328
57,0,0,8,5,0,2,1,1488.3621510089142,1743.4595510130748,60000.0,52274.44324499811
34,0,0,3,3,0,3,320,974.6035559946904,769.539827000699,1879.602065004292,1381.0524479922606
35,0,0,2,2,0,2,0,1356.8267039954662,929.3423060007626,1157.8132139984518,354.1789000009885
39,0,0,4,6,0,2,1,126.69971901050303,94.45153300475795,1427.770887996303,573.5540620080428
8,0,0,4,0,0,1,12550,69.77772699610796,92.74375200038776,1990.4466509906342,979.8774230002891
7,0,0,2,1,0,2,606,508.63201600441243,355.99531899788417,1105.0836209906265,341.1954889888875
4,0,0,0,0,0,0,0,125.50433998694643,177.0521629950963,325.5003219965147,158.71371499088127
14,0,0,6,0,0,1,4475,412.50446300546173,510.2390749962069,9105.606740995427,3271.781291012303
6,0,0,0,0,0,0,0,122.9839820007328,171.68050599866547,328.81415500014555,156.63785301148891
116,0,0,2,4,0,2,0,607.1771580027416,572.2470890032127,2607.7417110063834,808.480193009018
150,0,0,2,11,0,2,1,417.35527401033323,317.8509660065174,4295.608465996338,1288.322458989569
7,0,0,2,0,0,1,0,243.71088099724147,351.48242600553203,620.3091599891195,299.6532640099758
32,0,0,4,3,0,2,0,622.6482409983873,367.5414460012689,2446.822255005827,664.3278990086401
5,0,0,1,1,0,2,12550,70.96884099883027,42.910453004878946,502.6015539915534,413.82069799874444
37,0,0,2,3,0,2,2,667.2309120040154,631.0529859911185,1949.7278229973745,1480.8106679993216
16,0,0,1,2,0,1,1,118.04417500388809,128.1968100083759,353.91002699907403,201.12788799451664
13,0,0,2,2,0,2,5,432.28215699491557,515.0490449887002,2351.4140140032396,765.0534280110151
11,0,0,3,0,0,1,74,126.44644599640742,177.33652600145433,2212.4681129935198,1220.4500439984258
22,0,0,7,2,0,2,13,428.063409999595,188.52846400113776,9658.495960000437,3244.238817002042
15,0,0,5,2,0,3,1916,167.73659500177018,223.84816300473176,4609.831793000922,2277.411568997195
10,0,0,3,0,0,1,29,129.44194600277115,183.86133699095808,2574.8766669858014,1227.529854993918
12,0,0,2,0,0,1,1,377.0957780070603,573.013594999793,652.4302610050654,287.7032429969404
19,0,0,0,2,0,1,5,637.8879550029524,607.6297630061163,391.3684930012096,406.7880030052038
12,0,0,2,1,0,1,1,127.41355900652707,174.498811000376,1360.9165949892486,617.0298499928322
17,0,0,0,2,0,1,2,426.17793499084655,431.5146950102644,703.0725249933312,593.6194620007882
30,0,0,5,5,0,2,1,146.89443199313246,207.16870699834544,12093.990328998188,4947.622835999937
9,0,0,1,0,0,1,2,124.55841999326367,176.32716600201093,662.7982040081406,317.83185800304636
38,0,0,4,4,0,3,39,746.404153003823,2453.2978119968902,8151.606701008859,4230.985196001711
33,0,0,3,3,0,2,0,1705.447339991224,1754.1825719963526,2625.3138759930152,721.7209759983234
7,0,0,3,0,0,1,8399,174.87256199819967,254.31441501132213,1287.1770439960528,629.0488820086466
9,0,0,1,1,0,1,1,386.8883089890005,189.04928700067103,1059.8102059884695,342.5293759937631
15,0,0,1,1,0,1,2,236.29778799659107,371.6091759997653,360.32977799186483,158.2162410049932
53,0,0,4,5,0,2,122,2062.066913000308,3373.592064002878,5832.0544860034715,3690.6984289962566
55,0,0,6,5,0,3,12550,172.03078999591526,72.99612999486271,15501.680144006968,10816.94287499704
56,0,0,7,5,0,3,12550,338.50103299482726,104.64172800129745,15804.074329003925,10890.473759005545
7,0,0,3,0,0,1,8399,91.38942600111477,125.71531299909111,798.3072569913929,638.7939499982167
4,0,0,2,0,0,1,12550,49.020767997717485,61.87135099025909,484.49916500248946,284.70772301079705
175,0,0,3,12,0,2,0,785.4716070141876,399.3347240029834,6376.739565006574,1907.2148249979364
32,0,0,2,3,0,2,5,473.8568869943265,459.8956659901887,2309.187656996073,1560.9892240026966
44,0,0,4,4,0,3,56,640.7048690016381,2039.5038240094436,6056.787583002006,4476.92157200072
12,0,0,1,0,0,1,1,64.63053698826116,87.79856099863537,536.6075729980366,202.79887200740632
27,0,0,5,3,0,2,0,1073.6545079998905,890.0433349917876,1837.4720239953604,1070.726777004893
19,0,0,1,1,0,1,1,122.33391200425103,170.40422100399155,725.7239550090162,309.43922500591725
8,0,0,3,1,0,2,12550,86.46599200437777,76.43623701005708,1075.9761880035512,288.4919680072926
6,0,0,1,1,0,2,12550,76.51049700507428,43.85239000839647,555.7127030042466,463.02632500010077
12,0,0,2,0,0,1,3,69.34286499745212,174.34992699418217,1317.3444489948452,604.0029369905824
11,0,0,2,0,0,1,3,62.16875900281593,98.26071800489444,1273.5640619939659,574.3121830018936
26,0,0,4,3,0,3,12550,197.90724400081672,75.35136101068929,2782.02803300519,1689.8675289994571
54,0,0,5,5,0,3,4,1251.4149859925965,744.4427760055987,8679.64559799293,5565.553563996218
37,0,0,2,5,0,1,1,129.47471799270716,169.9025160050951,1718.5100710048573,452.0726549963001
5,0,0,1,0,0,1,67,64.614149989211,87.33802499773446,471.9785449997289,306.3860830006888
58,0,0,3,6,0,2,1,153.11121799459215,203.28024099580944,3544.576122003491,836.8494839960476
9,0,0,4,1,0,3,12550,88.31773800193332,78.39007099391893,843.0802469956689,578.1036260013934
8,0,0,3,0,0,1,1474,163.86689500359353,231.49584299244452,2459.469146007905,1192.198714998085
12,0,0,3,0,0,1,3,133.3626920095412,187.80654300644528,2581.8878860009136,1182.0082619960885
122,0,0,0,21,0,1,1,374.17453099624254,193.2230910024373,1017.1721310034627,179.7788920084713
15,0,0,5,2,0,3,289,613.7615379993804,639.163803003612,2203.346224996494,612.4324059928767
6,0,0,0,1,0,1,6,65.02618100785185,172.38760100735817,336.6564909956651,158.51067200128455
113,0,0,3,6,0,2,1,647.9871890041977,625.4580350068863,5856.600731000071,1453.7383370043244
5,0,0,1,0,0,1,375,122.97583199688233,108.48701400391292,546.1938850057777,308.75785200623795
38,0,0,3,3,0,3,14,1234.374884996214,1189.071575005073,2316.9388670066837,1489.9101850023726
9,0,0,1,0,0,1,3,122.30793799972162,174.36203100078274,658.5370319953654,309.0649480000138
33,0,0,3,3,0,2,60,1013.4574499970768,1621.9296940107597,1572.645142005058,1574.027244001627
29,0,0,4,5,0,2,1,983.5869050002657,836.4092949923361,2902.1616670070216,1153.2247139984975
10,0,0,4,0,0,1,65,158.2146040018415,206.211953991442,4613.4571000002325,1614.745517988922
39,0,0,4,6,0,2,1,126.87311500485521,166.0018100083107,5655.900369994924,2208.7834830017528
23,0,0,8,2,0,3,1,673.8230050104903,634.9718049896182,21060.698493005475,8825.836978998268
15,0,0,2,0,0,1,1,119.67083500348963,169.45249000855256,1331.5558720059926,576.0618429922033
57,0,0,8,5,0,3,15,2082.6678599987645,2173.749390989542,33037.85955400963,20751.726450005663
52,0,0,5,4,0,3,0,1248.9463719975902,1164.2043140018359,6689.318564996938,1697.4011279962724
4,0,0,0,1,0,1,295,450.48927499738056,423.5665070009418,416.4884600031655,414.8844919982366
11,0,0,0,1,0,1,0,125.71525800740346,173.41391000081785,353.1289620004827,158.63037999952212
10,0,0,2,0,0,1,17,120.27419099467807,165.49956800008658,1260.091702992213,569.9837849970208
10,0,0,3,0,0,1,6,69.46176799829118,107.76231800264213,2399.4761779904366,1188.7493709946284
22,0,0,1,3,0,2,1,382.7134060120443,253.449551993981,819.9049459944945,793.3657890098402
4,0,0,0,0,0,0,384,129.57853500847705,180.35961600253358,336.10609799507074,173.84361500444356
48,0,0,1,12,0,2,1,451.60106699040625,429.3432139966171,1432.585389004089,450.5679589929059
5,0,0,2,0,0,1,8399,167.2607899963623,237.62432399962563,641.7769039981067,325.1198889920488
20,0,0,2,1,0,1,1,125.1155759964604,173.82792801072355,1432.6764939905843,598.4969099954469
17,0,0,6,2,0,3,1441,469.82151600241195,614.9165499955416,3607.833779999055,1721.1613660037983
53,0,0,4,5,0,2,122,2090.5699220020324,2914.7146210016217,5681.576055998448,3509.8456259875093
8,0,0,2,0,0,1,55,121.70655600493774,167.91217200807296,1040.3454839979531,567.1087310038274
11,0,0,0,2,0,1,6,467.2214809979778,447.02334799512755,572.2741929930635,192.82998199923895
8,0,0,0,1,0,1,3,123.45765200734604,172.10400399926584,343.35091699904297,159.94417999172583
11,0,0,1,1,0,1,1,125.89955099974759,176.3025429972913,682.6514729909832,310.25055100326426
57,0,0,8,5,0,3,1,1113.4564420062816,1763.2801500003552,36921.58422501234,22950.140706001548
32,0,0,1,3,0,2,5,1317.7167970134178,1264.7676969936583,542.6891899987822,353.1338259926997
95,0,0,3,7,0,2,1,615.4246390069602,589.1842570126755,6239.514387998497,2456.6258459963137
16,0,0,1,2,0,2,13,427.6087469916092,424.51428799540736,356.61471899948083,233.84877300122753
72,0,0,3,12,0,2,1,131.2919449992478,178.03789200843312,4369.428079997306,1179.9027209926862
11,0,0,1,1,0,2,0,116.5412840055069,165.13070800283458,659.7396480065072,211.41881399671547
5,0,0,2,0,0,1,8399,86.96697899722494,121.29035899124574,578.3555780071765,327.99058000091463
8,0,0,3,1,0,2,12550,55.739213988999836,77.8388239996275,1137.2841249976773,602.9564000054961
14,0,0,6,0,0,1,0,751.6918430046644,674.7669439937454,9960.139022994554,3843.342264997773
42,0,0,8,4,0,3,4,602.1884420042625,1825.0320830120472,47862.89351899177,32319.053736006026
15,0,0,4,1,0,2,64,653.2409490027931,597.3297790042125,2642.333331008558,1183.2892929960508
113,0,0,3,4,0,3,0,583.0886699986877,918.9920720091322,3467.9331610095687,1033.3694310102146
13,0,0,1,0,0,1,1,118.18471500009764,166.9420279940823,660.3428979869932,290.0545250013238
9,0,0,2,1,0,2,124,134.35810299415607,187.22896599501837,1343.592446995899,651.4465829968685
11,0,0,1,0,0,1,1,157.63272400363348,221.10631498799194,703.5826329956762,327.94206000107806
61,0,0,2,4,0,2,1,1289.5217670011334,1234.5585900038714,650.4409769986523,355.1875999983167
46,0,0,1,5,0,2,0,612.6576659880811,581.2070420070086,1345.1886789989658,314.68461800250225
52,0,0,3,5,0,3,0,637.9577449988574,881.5670860058162,2269.9808470060816,1355.532186003984
307,0,0,1,15,0,2,1,690.1607329928083,655.0332560000243,2799.7602920077043,445.95738701173104
8,0,0,3,0,0,1,6476,242.91423399699852,356.8806560069788,1084.5621560001746,634.0178190002916
13,0,0,3,1,0,1,1,496.0059670120245,372.6595819898648,1348.0181519989856,603.2392860070104
37,0,0,1,5,0,1,1,453.63404499948956,374.40554800559767,1247.933024991653,441.47752500430215
134,0,0,1,6,0,2,1,547.581339997123,521.4027850015555,1739.857704989845,456.29897199978586
27,0,0,5,3,0,3,334,428.55249501008075,1003.5495900083333,3556.0188149975147,2301.465955999447
12,0,0,1,0,0,1,1,124.46325698692817,172.62386399670504,677.317371009849,313.76117099716794
9,0,0,1,1,0,1,68,128.07602901011705,170.71686299459543,546.4973080088384,155.63868400931824
28,0,0,3,5,0,2,1,592.0814970013453,641.6031279950403,1629.099800993572,644.4944820104865
10,0,0,3,0,0,1,12,122.24539399903733,166.1591150041204,2457.5550299923634,1127.4364889977733
18,0,0,5,1,0,1,1,395.29112599848304,749.6276790043339,5052.694974001497,1452.3490779974964
8,0,0,3,1,0,3,0,118.34041299880482,164.53957998601254,1218.7593650014605,551.6039340000134
27,0,0,1,2,0,2,233,1281.322070004535,1331.0980340029346,699.6753550047288,525.2486969984602
10,0,0,1,1,0,1,1,66.75727599940728,86.96764199703466,389.8312480014283,314.4294770027045
12,0,0,4,0,0,1,37,242.86822399881203,360.75696400075685,2557.0691190077923,1201.0220530064544
8,0,0,2,0,0,1,0,123.08379499881994,163.66637199826073,1212.6501289894804,555.0098249950679
12,0,0,2,1,0,1,0,135.83598400873598,191.99586000468116,1348.0813139904058,592.1090760093648
48,0,0,1,6,0,2,1,609.1865170019446,580.620207998436,735.5318449990591,226.34636399743613
12,0,0,2,0,0,1,5,121.59378299838863,170.09176799911074,1290.0373260054039,306.4862390019698
11,0,0,1,1,0,2,337,581.0618019895628,390.0289890007116,603.0100979987765,196.92287399084307
13,0,0,4,2,0,3,1916,144.08637399901636,194.62882699735928,2537.5037410121877,1200.9863920102362
54,0,0,7,4,0,3,12550,325.1663200062467,107.03842199291103,24752.52473000728,12159.198505993118
26,0,0,4,3,0,3,12550,100.9588350134436,38.654272997519,2784.8441250098404,2337.3564609937603
52,0,0,5,4,0,3,0,829.6915690007154,1231.6032629896654,6610.890022988315,1901.9801340036793
14,0,0,2,0,0,1,2,126.35095098812599,181.16600600478705,1353.2226709940005,618.1712020043051
12,0,0,2,0,0,1,3,128.97011799213942,177.761938990443,1122.7229489886668,461.31899500323925
13,0,0,4,0,0,1,7,363.6619330063695,549.0943379991222,2576.0835069959285,1112.2309789934661
15,0,0,2,0,0,1,1,160.47299800266046,214.63583101285622,689.8871320008766,310.2476519998163
27,0,0,5,3,0,3,1628,579.176292012562,1248.964757003705,6406.193664995953,3019.492525010719
10,0,0,4,0,0,1,2326,187.91819699981716,312.723293012823,1276.5223370079184,593.2994850008981
14,0,0,1,1,0,1,1,63.76285599253606,86.00774199294392,652.7527409925824,305.79727499571163
29,0,0,2,3,0,2,0,643.9029780012788,182.35841499699745,2203.042152003036,658.5600300022634
42,0,0,8,4,0,3,78,748.1236970052123,1851.6801390069304,57550.85195899301,40755.101258007926
11,0,0,3,1,0,3,0,647.3677409958327,588.9876519941026,660.0947820115834,304.1366090037627
20,0,0,1,2,0,2,7,570.8571750001283,539.7791809955379,1212.9178369941656,917.3879810114158
37,0,0,2,3,0,2,1,590.6558499991661,560.4351809888612,2313.4419179987162,803.4537019993877
19,0,0,5,2,0,3,1,666.7687870067311,664.0828499948839,4070.432622000226,648.3412110101199
20,0,0,3,3,0,3,490,1251.165208988823,1115.7374960021116,2499.8932360031176,1844.5048599969596
44,0,0,2,5,0,3,1,798.4000330034178,923.0272530112416,742.3066959891003,202.07092899363488
15,0,0,7,0,0,1,8533,745.1225910044741,1091.1086599953705,18345.68331600167,7499.104464994161
11,0,0,1,0,0,1,1,126.1898079974344,307.39023999194615,331.1149710061727,151.46727199316956
51,0,0,2,3,0,2,1,1132.2164419980254,834.9665300047491,1541.0739319922868,961.7660880030598
21,0,0,4,3,0,2,122,988.7446719949367,1483.883477994823,2305.948105000425,1435.538710997207
19,0,0,3,0,0,1,1,134.11517300119158,192.03740599914454,2654.296583001269,1215.2899820066523
2,0,0,0,0,0,0,2666,101.04943299666047,139.7738790110452,284.38423699117266,161.07879800256342
7,0,0,2,0,0,1,430,127.55273601214867,130.31928800046444,626.5161960036494,299.6884079911979
22,0,0,3,4,0,2,1,212.56953100964893,95.95033098594286,3831.610252993414,1342.8732390020741
55,0,0,6,5,0,3,6,1219.3640699988464,1205.869901998085,17779.562395997345,10148.28506000049
10,0,0,4,0,0,1,154,184.47815999388695,272.93324600032065,2215.588505991036,1095.9243079996668
10,0,0,2,0,0,1,1,118.32342199340928,168.39371499372646,1251.4874939952279,572.5424870033748
6,0,0,2,0,0,1,4804,126.29064799693879,174.2360060015926,870.2309209911618,441.2256229988998
4,0,0,1,0,0,1,6,238.46057199989446,353.9743799919961,318.9680390059948,158.58119100448675
7,0,0,2,0,0,1,983,68.55596300738398,91.44188200298231,1201.358614009223,606.4650149928639
401,0,0,5,17,0,2,1,706.0365200013621,674.7081770008663,46596.10664501088,7039.7640470037
57,0,0,8,5,0,3,12550,345.0184670073213,105.90461899118964,41043.59426200972,26970.73530900525
1,0,0,0,0,0,0,9914,82.64951799355913,110.55661999853328,247.47794200084172,162.72790200309828
108,0,0,3,10,0,2,1,538.2391169987386,513.5824250028236,6115.905409998959,1810.9081850125222
8,0,0,0,0,0,0,6,120.25427899789065,166.86900801141746,324.73308499902487,150.24058798735496
55,0,0,6,5,0,3,122,2142.505224997876,3593.044111999916,17585.88609599974,10226.149932001135
7,0,0,1,0,0,1,7,117.80902800092008,167.21564199542627,625.4458830080694,291.66852800699417
9,0,0,3,0,0,1,12,391.4668709912803,595.6548969988944,971.5826210012892,434.3641250015935
90,0,0,5,8,0,2,1,1214.84716499981,1104.8903279879596,5314.2130819906015,2071.9713529979344
7,0,0,2,1,0,2,0,426.6338060115231,395.52421899861656,564.8275109997485,156.08561999397352
56,0,0,7,5,0,3,1,1216.492550986004,1397.2246519988403,27658.645927003818,16994.302854000125
5,0,0,2,0,0,1,0,119.3357099982677,163.29200100153685,1184.3573999940418,552.0371589955175
2,0,0,0,0,0,0,71,68.03029599541333,91.73071499390062,274.5919399894774,167.85303599317558
112,0,0,2,6,0,2,1,670.4067950049648,637.0035800064215,2598.662406002404,735.5905180011177
8,0,0,3,1,0,2,12550,46.52286699274555,40.17769299389329,842.0721959992079,582.5876629969571
14,0,0,2,0,0,1,1,122.88432399509475,173.43170000822283,1264.1979990003165,617.321672005346
13,0,0,5,0,0,1,26,458.41872700839303,1019.3568850081647,5132.383175005089,1509.0540740056895
12,0,0,2,1,0,1,1,252.0740320032928,371.6675510077039,663.6903809994692,290.6367789983051
15,0,0,1,2,0,1,1,480.39394900843035,459.6753530058777,1133.7604200089118,399.68652100651525
10,0,0,1,0,0,1,1,124.69484101166017,143.59929400961846,479.00212700187694,315.5811990000075
10,0,0,4,0,0,1,1800,284.8613960086368,420.6133979896549,2533.160663995659,1203.1414189987117
26,0,0,2,2,0,2,245,1021.7722079978557,808.9667869935511,915.1529540104093,383.1571049959166
52,0,0,3,5,0,2,0,1237.5202490075026,1198.442086999421,1606.7619140085299,903.1440690014279
8,0,0,3,1,0,3,12550,86.279402996297,61.86433500261046,828.4640619967831,455.82785199803766
6,0,0,0,0,0,0,9,119.81372900481801,153.31238400540315,219.19300600711722,89.16144300019369
27,0,0,5,3,0,3,40,1026.4147550042253,1016.7269569938071,1264.734173004399,839.4662689970573
10,0,0,1,0,0,1,4,123.3480340015376,173.24068601010367,666.7010789969936,248.5193220054498
1,0,0,0,0,0,0,9230,54.815701994812116,70.7338409993099,205.33322499250062,155.88470199145377
9,0,0,1,0,0,1,7,251.87613000161946,371.67398900783155,335.6242010049755,161.01061001245398
14,0,0,3,1,0,2,1,231.79409599106293,113.41090100177098,2257.933784989291,480.7968850072939
25,0,0,1,2,0,1,1,143.20413400128018,190.7921389938565,771.2281699932646,307.1559990057722
37,0,0,4,3,0,3,12550,211.83688000019174,76.23365399194881,3890.005048000603,3371.3593279971974
24,0,0,2,4,0,2,1,138.8090170075884,190.20268799795303,1664.535611998872,655.8166460017674
8,0,0,1,0,0,1,30,124.97303700365592,174.64283198933117,657.2953290014993,308.80044600053225
16,0,0,5,2,0,2,4804,1093.986488005612,1253.2167099998333,4238.951991996146,1557.9095559951384
9,0,0,3,0,0,1,64,137.65790699108038,194.46182899991982,2513.2811660005245,1212.5795879983343
21,0,0,1,3,0,1,1,125.92076799774077,171.81531700771302,773.7968459987314,308.7689980020514
66,0,0,1,10,0,2,1,230.87478999514133,324.1011609934503,1512.697787999059,215.6611440004781
13,0,0,1,1,0,1,0,69.24718100344762,167.29975999624003,651.3474929961376,291.49624799902085
31,0,0,4,3,0,2,0,637.9698100063251,180.34185501164757,2259.905302009429,657.9022810037713
5,0,0,0,1,0,1,138,124.2785820068093,177.17512699891813,330.07559599354863,160.4033640032867
13,0,0,1,0,0,1,1,122.44558699603658,175.39294798916671,685.6479660054902,310.0855560041964
20,0,0,1,2,0,2,0,126.73709999944549,176.76013900199905,588.7439139914932,283.25961000518873
9,0,0,1,0,0,1,3,122.1635160036385,171.31463599798735,656.8558989965823,307.1890490100486
33,0,0,4,3,0,2,122,1740.3762229951099,2420.845221990021,2703.0044060084037,1965.913100997568
10,0,0,2,0,0,1,8,127.08657799521461,175.99598800006788,1294.583053997485,598.2265030033886
34,0,0,4,3,0,2,170,1076.4774929994019,1055.0095569924451,4581.555356999161,3086.795915995026
12,0,0,4,2,0,3,122,552.7643709938275,958.7227290030569,1685.3116849961225,1706.0909790016012
4,0,0,1,0,0,1,89,118.48897299205419,166.18183899845462,598.3222439972451,278.81369600072503
11,0,0,3,0,0,1,3,120.4384110023966,168.13247500977013,2365.2622350055026,1135.6527940079104
15,0,0,0,1,0,1,0,131.29773699620273,172.5366809987463,365.8388230105629,156.77057100401726
26,0,0,1,3,0,1,1,424.4153439940419,420.04960899066646,958.5375629976625,613.6716620094376
24,0,0,7,3,0,3,12550,193.72014699911233,75.65304200397804,10931.027783008176,7147.141592999105
9,0,0,2,0,0,1,22,127.83546600257978,180.3484410047531,1256.613985999138,588.843531004386
18,0,0,1,0,0,1,1,66.0628670011647,88.7192850059364,669.9834579922026,317.7701230015373
13,0,0,2,1,0,1,1,124.76104300003499,173.14118500507902,1355.7395749958232,607.0064899977297
30,0,0,3,3,0,2,70,1464.2064969957573,2326.247978999163,2246.71693998971,1121.2875100027304
8,0,0,1,0,0,1,2,132.7320039999904,185.9696809988236,663.7351050012512,309.46146200585645
8,0,0,1,0,0,1,5,120.43313500180375,173.37928598863073,741.2463610089617,306.6203049966134
54,0,0,3,2,0,2,12550,187.36723900656216,78.73032899806276,1727.1725669997977,825.7132150029065
16,0,0,2,2,0,2,0,377.1320200030459,183.62895600148477,841.2189480004599,346.14608499396127
5,0,0,0,0,0,0,13,129.0054470009636,182.06248100614175,341.4657669927692,170.35592799948063
19,0,0,2,3,0,2,18,952.3604759888258,939.8973229981493,660.8404689905001,291.5652359952219
13,0,0,3,1,0,2,21,118.11700499674771,163.61065999080893,2573.9503419899847,1024.1931960044894
14,0,0,3,1,0,1,2,63.63587100349832,86.08264700160362,1482.582832002663,785.1097410020884
55,0,0,6,5,0,2,1,1121.9007430045167,626.2110530078644,4558.32792801084,3107.0487309916643
58,0,0,9,5,0,2,1,1559.1452890075743,1635.5410750111332,60000.0,52701.853436999954
13,0,0,3,1,0,1,19,83.12999400368426,166.21551099524368,2573.2650150021072,858.4443120053038
9,0,0,1,0,0,1,6,131.87701199785806,190.1421329966979,336.87087400176097,157.3582879937021
10,0,0,1,1,0,1,6,120.25679400539957,168.89348599943332,492.34953000268433,293.84022900194395
33,0,0,6,3,0,3,12550,114.34646999987308,47.35891800373793,12401.3458959962,5963.3322459994815
3,0,0,0,0,0,0,0,118.34540800191462,163.55842500342987,306.61783200048376,147.11322799848858
6,0,0,3,0,0,1,12550,31.337435997556895,39.468825998483226,901.559798992821,291.1439619929297
14,0,0,0,1,0,1,1,65.73925199336372,161.06863699678797,354.0483339893399,154.55918900261167
25,0,0,3,3,0,2,3,443.4958140045637,434.2351539962692,896.8648640002357,771.6502620023675
10,0,0,1,1,0,1,1,120.82987099711318,171.41993599943817,673.6163759924239,303.02120199485216
34,0,0,1,2,0,2,1,312.20668299647514,293.67526300484315,895.1871290046256,646.5951950085582
10,0,0,0,1,0,1,1,121.02215600316413,167.05832399020437,337.05490799911786,148.78439500171226
15,0,0,1,2,0,1,1,63.920446002157405,83.29852900351398,447.4731069931295,287.3367430001963
16,0,0,6,2,0,3,52,89.32647400069982,116.28340400056913,7290.28468800243,3516.9134869938716
11,0,0,1,0,0,1,1,131.88371900469065,184.98807300056797,668.9845770015381,303.59054800646845
39,0,0,5,4,0,3,5,745.5839219910558,700.7930789986858,11601.431005008635,8234.311938998871
16,0,0,3,1,0,2,1,253.8112759939395,369.7597510035848,703.1752230104757,311.45214500429574
15,0,0,1,1,0,1,1,125.47360699682031,176.6651360085234,670.7448859961005,160.32522900786716
9,0,0,3,0,0,1,37,118.20527899544686,165.16832700290252,2442.9335550084943,991.0361429938348
8,0,0,1,0,0,1,6,120.36445799458306,169.27559400210157,633.9939390018117,291.9435549993068
140,0,0,6,5,0,3,1,1904.743673003395,2310.9871659980854,12309.953827993013,3763.3384150103666
54,0,0,5,5,0,2,1,1157.0588290051091,1196.6674260038417,6198.577948001912,3593.34512600617
1,0,0,0,0,0,0,8533,99.5157650031615,139.03546798974276,274.09205499861855,157.05618799256627
8,0,0,1,1,0,2,2,211.70267400157172,94.09063599014189,281.9345229945611,99.72678100166377
8,0,0,1,0,0,1,14,144.77728299971204,206.63433099980466,675.0487700046506,330.4323089978425
53,0,0,4,5,0,2,4,1241.3708389940439,1192.9327820107574,2480.4067200020654,961.2633049982833
23,0,0,8,2,0,3,1,582.1198569901753,494.4318579946412,11043.588116997853,4677.630073012551
55,0,0,6,5,0,3,39,1236.8005300086224,2934.3283160123974,8854.62134500267,4912.538541990216
13,0,0,3,0,0,1,1,118.6044049973134,165.69346199685242,2508.4723820036743,1118.8973149983212
16,0,0,3,0,0,1,10,268.2242220034823,398.081560007995,1359.9736010073684,557.2661640035221
12,0,0,4,0,0,1,12,69.20740399800707,94.40069900301751,4449.123745012912,1920.9981379972305
29,0,0,2,2,0,2,0,930.0249039952178,1042.169598993496,1327.6940989890136,352.70206299901474
8,0,0,3,1,0,3,9230,83.20095199451316,101.17358199204318,1130.4438790102722,594.5069659937872
33,0,0,1,2,0,2,1,455.4134499921929,451.14219799870625,688.6204589973204,495.93104200903326
14,0,0,3,1,0,2,0,169.27145200315863,226.87695700733457,2310.8264670008793,801.9168829923728
209,0,0,2,19,0,2,1,316.8135909945704,533.3214499987662,3910.8720180083765,908.495284995297
15,0,0,1,1,0,1,1,126.64869800209999,176.9581099943025,713.1025200069416,311.63831100275274
17,0,0,1,1,0,1,1,61.82448999607004,110.88567199476529,696.8363699998008,311.1152229976142
7,0,0,2,0,0,1,116,117.97534600191284,165.0173569942126,1197.688646003371,561.4407989924075
8,0,0,1,0,0,1,1,122.64412500371691,171.40757299785037,646.6082580009243,306.03330599842593
159,0,0,0,10,0,1,1,527.6319539989345,493.55487900902517,916.4507210080046,238.9223310019588
21,0,0,1,2,0,1,0,119.65925899858121,167.51524299615994,559.1735139896628,292.34802701103035
12,0,0,3,1,0,2,0,247.97477800166234,345.88632799568586,1260.5787139909808,566.4789580041543
10,0,0,2,1,0,1,17,245.26914599118754,366.0490110050887,649.8179379996145,291.27395899558906
7,0,0,0,0,0,0,0,123.29685600707307,172.9833199933637,333.528713992564,157.57955600565765
12,0,0,2,0,0,1,1,251.13941400195472,343.528690005769,668.446292009321,230.2869729901431
110,0,0,5,10,0,3,1,533.7949809909333,1217.597274997388,17356.59166298865,5100.938588002464
13,0,0,5,0,0,1,0,358.85282600065693,534.6284019906307,4947.071585003869,2249.8096650087973
6,0,0,2,0,0,1,113,141.9904200010933,202.45697800419293,754.3474729900481,586.2107270077104
8,0,0,2,0,0,1,9,132.6313359895721,310.5602209980134,652.6459760061698,304.2232299922034
44,0,0,4,4,0,3,2,623.3138310053619,1015.4364670015639,5476.616657004342,4358.456757006934
10,0,0,3,0,0,1,5,278.77845100010745,410.0123959942721,1286.9819169864058,608.8806119951187
1,0,0,0,0,0,0,8533,102.12090300046839,139.86867498897482,175.9222469991073,79.14085699303541
12,0,0,2,1,0,2,0,237.2051679994911,351.3496310042683,549.7552399901906,146.21814800193533
9,0,0,2,0,0,1,5,219.49127499829046,378.820853002253,660.6038530007936,310.41095399996266
108,0,0,5,4,0,3,1,691.7258460016456,649.6435640001437,10648.436980001861,5505.975067993859
54,0,0,7,4,0,3,78,1236.6085919929901,2494.9882890068693,26117.520378000336,11354.39877200406
29,0,0,3,2,0,3,12550,175.7845540123526,61.44371700065676,2534.7020350018283,2077.759564999724
2,0,0,1,0,0,1,12550,35.76274000806734,44.050127995433286,245.17915199976414,159.6299189986894
7,0,0,3,0,0,1,0,245.5212839995511,360.5939590052003,1205.7529330049874,714.7375350032235
18,0,0,3,2,0,2,1,136.81442399683874,171.17497300205287,1477.815078003914,631.7770720052067
54,0,0,5,5,0,2,12550,336.5766210044967,104.7746740077855,11372.591302992078,7254.622335996828
10,0,0,2,0,0,1,24,253.70823399862275,387.25566399807576,649.0352029941278,291.07754699361976
2,0,0,1,0,0,1,12550,36.53276000113692,44.14976500265766,251.2878539855592,161.95561799395364
8,0,0,1,1,0,2,536,125.5460359971039,173.8671070052078,514.6077340032207,312.8547349915607
11,0,0,2,0,0,1,7,133.1694810069166,187.93173800804652,1304.624504991807,601.8904329976067
47,0,0,1,3,0,2,1,521.6400759964017,495.0745909882244,701.7783080082154,431.82298399915453
15,0,0,5,1,0,1,72,122.12980599724688,166.71171599591617,8116.973500000313,2173.7943299958715
27,0,0,1,3,0,2,1,1057.477104011923,1023.9967040106421,607.0108799904119,202.2188400005689
35,0,0,2,6,0,2,1,125.9515979909338,164.07163500844035,1723.2107290037675,555.0944090064149
12,0,0,2,1,0,2,2,120.70632599352393,166.61563799425494,665.0468080042629,293.4167269995669
53,0,0,4,5,0,2,122,2091.9626760005485,3471.6744320030557,5870.608443990932,2565.9286760055693
9,0,0,2,0,0,1,33,372.27272099698894,565.6806639890419,593.8785229955101,156.22464900661726
2,0,0,0,0,0,0,224,126.16145300853532,178.70052099169698,326.518190006027,165.84975099249277
22,0,0,7,2,0,3,9,509.28526899951976,374.6498989930842,5577.407848002622,2380.458476996864
18,0,0,3,2,0,2,11,282.15534599439707,266.0957819898613,3480.5556149949552,1509.9917829938931
22,0,0,1,2,0,2,1,616.9430610025302,591.6516349971062,568.4316639963072,413.7606889999006
12,0,0,3,0,0,1,22,132.87545199273154,186.71090400312096,2388.879101999919,747.2516100096982
15,0,0,6,2,0,3,12550,135.09603499551304,107.99111299274955,4906.289317004848,2312.1636180003406
70,0,0,7,3,0,3,12550,296.61155700159725,76.62783999694511,13311.639802006539,7211.559186005616
21,0,0,4,3,0,3,473,285.87736100598704,1006.5939719934249,5651.351215012255,5450.328380000428
16,0,0,5,2,0,3,1401,165.4667149996385,332.7579169999808,3851.757278011064,1361.136969004292
2,0,0,1,0,0,1,12550,20.325092002167366,24.397303990554065,105.21151901048142,77.73900400206912
9,0,0,2,2,0,2,4,367.9442059947178,341.688135988079,1794.8740879946854,1193.2106759923045
107,0,0,4,4,0,3,128,1890.7332240050891,2822.67241399677,3876.556563001941,1747.134459001245
6,0,0,1,0,0,1,21,122.9447439982323,145.7412449963158,629.4275740074227,306.197883997811
9,0,0,2,0,0,1,24,89.60257799481042,174.3570520047797,1281.1843149975175,593.8955590099795
20,0,0,0,2,0,1,0,126.68338300136384,177.41712999122683,391.670436001732,164.58319999219384
55,0,0,6,5,0,3,490,2460.809465002967,4815.903205992072,13428.452498003026,8445.532298996113
35,0,0,3,2,0,3,12550,197.71495400345884,60.72377599775791,2126.298435992794,1629.5332449954003
59,0,0,10,5,0,3,881,1863.149159005843,2738.0256860051304,60000.0,60000.0
10,0,0,2,1,0,2,12,501.7678299918771,369.15804499585647,1124.6028269961243,339.09767599834595
50,0,0,6,4,0,3,12550,295.59335799422115,91.91080500022508,13027.936464000959,8714.511045996915
15,0,0,1,0,0,1,1,123.88273399847094,173.48286299966276,692.7811150089838,313.87637100124266
4,0,0,1,0,0,1,696,142.64188100059982,199.39927400264423,628.9273839938687,317.65035599528346
12,0,0,4,2,0,3,9914,414.14324700599536,292.325255999458,2142.1601320034824,701.1097310023615
2,0,0,0,0,0,0,325,119.01805900561158,170.8340240002144,313.02561999473255,156.48887200222816
11,0,0,3,0,0,1,4,127.21308499749284,178.34477600990795,2344.6393630001694,1267.908460999024
17,0,0,6,1,0,2,402,131.353811986628,178.099683005712,19454.30916400801,7574.942277002265
11,0,0,1,0,0,1,2,123.33902300451882,174.31293800473213,668.9487319963519,277.6248449954437
10,0,0,1,0,0,1,1,63.83423200168181,85.20931100065354,494.34428800304886,288.3121390041197
9,0,0,1,0,0,1,2,65.20104099763557,88.5217909963103,466.02685599646065,301.0145860025659
12,0,0,1,1,0,1,0,121.5124879963696,171.9721530098468,662.4915139982477,310.39550200512167
15,0,0,5,0,0,1,2,241.0998339910293,351.5829169919016,4730.650454992428,2252.7914060046896
13,0,0,0,0,0,0,0,122.11245599610265,164.13910299888812,335.7604979973985,146.55665600730572
16,0,0,4,2,0,2,11,518.6874389910372,203.45530899066944,832.6778280024882,604.6760210010689
23,0,0,4,4,0,3,2,556.4593340095598,398.94239100976847,4181.475064004189,1344.017707000603
13,0,0,1,1,0,1,1,130.80643500143196,171.6267890005838,697.025992005365,305.4634060099488
6,0,0,2,0,0,1,1192,122.54445599683095,170.8060840028338,988.3931810036302,542.8319389902754
19,0,0,1,2,0,1,1,157.61027399275918,173.83473699737806,750.0896889978321,310.40583401045296
10,0,0,3,0,0,1,35,133.05104900791775,188.05825100571383,2495.24953099899,1146.1232009896776
23,0,0,4,4,0,2,2,408.3004800049821,195.67637899308465,8127.689653993002,2570.189522986766
12,0,0,2,1,0,1,1,121.01526600599755,171.56157200224698,1325.5291920067975,582.4438230047235
9,0,0,1,0,0,1,1,125.3102459886577,178.13331801153254,659.9184559891,309.43978199502453
21,0,0,4,3,0,3,41,587.5142029981362,955.7012190052774,7561.843867995776,4697.563061999972
12,0,0,2,0,0,1,1,241.52559399954043,358.13706000044476,668.142459995579,312.56081399624236
16,0,0,4,0,0,1,1,121.84903600427788,171.79649899480864,5192.531002001488,2349.077061007847
9,0,0,2,0,0,1,3,247.92532301216852,363.82734900689684,633.8119650026783,296.4588050090242
11,0,0,4,0,0,1,6,268.7066710059298,397.5616999960039,1419.8078409972368,815.6220999953803
15,0,0,2,2,0,2,0,119.44971600314602,163.4170540055493,561.517198002548,225.4751199943712
21,0,0,1,3,0,2,1,81.70089501072653,87.50462500029244,553.8331389980158,315.3063430072507
9,0,0,1,0,0,1,2,120.57792300765868,170.11170099431183,649.2792999924859,215.05644099670462
9,0,0,3,0,0,1,6,147.6260369963711,206.08608800102957,2628.4974199952558,796.4669639914064
23,0,0,1,2,0,2,6,635.0037980009802,606.5160279977135,1083.421132992953,785.5128009978216
6,0,0,1,1,0,2,12550,37.97299400321208,23.316774997510947,443.85628000600263,401.5269150113454
43,0,0,9,4,0,3,12550,278.7662350019673,90.41872300440446,32513.519403990358,20827.302017991315
7,0,0,3,0,0,1,9914,116.74683001183439,159.73548099282198,1675.4271410027286,830.4327399964677
22,0,0,9,1,0,3,38,644.5249509997666,523.1888520065695,39941.464103991166,18129.182381002465
13,0,0,5,0,0,1,0,119.81217699940316,166.71409900300205,8104.43201000453,4431.4933699934045
9,0,0,3,1,0,2,8533,608.309723000275,622.2697409975808,1213.0063640070148,474.4688880018657
14,0,0,2,2,0,2,1,119.48368899174966,166.19058400101494,689.143128998694,286.4650370029267
56,0,0,7,5,0,3,78,1233.960120996926,2909.6498590079136,16908.649334000074,11131.213462998858
185,0,0,3,14,0,2,1,414.4551800127374,419.61682299734093,3739.5307890110416,1110.6020250008442
12,0,0,2,1,0,1,1,243.2635239965748,356.5066559967818,683.8434450037312,312.5857409904711
15,0,0,1,2,0,1,1,147.10131799802184,188.73021499894094,734.4309399923077,329.7348000050988
16,0,0,4,2,0,3,12550,143.73052898736205,60.27437800366897,1807.0674750051694,1473.6807600129396
16,0,0,4,2,0,2,2,125.39373300387524,172.06348599574994,5070.957639007247,2067.462450999301
19,0,0,4,2,0,2,1,131.2553400057368,172.13062799419276,2851.050197990844,1189.223534995108
15,0,0,0,2,0,1,1,65.70502099930309,156.73793300811667,368.90186299569905,155.5442949902499
12,0,0,1,1,0,1,0,135.10337300249375,186.46525499934796,720.4285210027592,333.73130300606135
166,0,0,1,34,0,1,1,134.34763500117697,166.24027000216302,2011.5842490049545,287.9390049929498
13,0,0,1,2,0,2,0,69.61972299905028,94.01344700017944,346.71111800707877,146.28236199496314
34,0,0,4,3,0,3,12550,202.00010000553448,75.53611999901477,3288.9993260032497,2363.5477389907464
21,0,0,6,2,0,3,1,169.9210469960235,218.65982600138523,9406.675104008173,4693.424718992901
9,0,0,1,0,0,1,3,133.34959099302068,184.69547599670477,377.3553240025649,154.23963700595777
140,0,0,6,5,0,2,1,1301.8402029993013,1268.2570920005674,19435.894659996848,4175.799407006707
12,0,0,4,2,0,3,1445,747.6958209881559,883.7230280041695,1954.2198999988614,903.814296994824
7,0,0,3,0,0,1,9914,114.25435199635103,158.5172340128338,1859.9866660078987,617.7593780012103
54,0,0,5,5,0,2,12550,333.40844699705485,106.0180149943335,9261.171646998264,7713.369139004499
28,0,0,3,2,0,2,0,621.8732389970683,363.3823940035654,2770.798671001103,666.9597230065847
39,0,0,2,0,0,1,2,121.75263300014194,165.88598399539478,1479.1786139976466,585.6709210056579
59,0,0,2,2,0,2,36,684.2921679926803,1153.5539980104659,904.5631679910002,427.547086001141
14,0,0,2,0,0,1,1,123.09021598775871,173.34197800664697,958.700349990977,300.39517299155705
109,0,0,6,4,0,2,2,356.5025439893361,330.8986449992517,31244.52736300009,13065.430962989922
37,0,0,4,4,0,2,0,624.0476579987444,364.25139399943873,5496.889497997472,1318.2314530131407
16,0,0,4,1,0,1,2,712.737890004064,747.1460430097068,2495.9258000017144,558.9669410110218
6,0,0,2,0,0,1,696,243.8854999927571,351.6855769994436,665.8457169978647,332.1900090086274
2,0,0,1,0,0,1,12550,36.259622997022234,44.55019999295473,245.12156900891569,159.44585000397637
35,0,0,0,4,0,1,1,120.99432200193405,164.53341499436647,432.2854989877669,153.2351609930629
57,0,0,8,5,0,3,2,1249.1607230040245,2218.146604995127,22402.605750001385,12917.004488001112
12,0,0,1,1,0,1,1,66.27284600108396,88.07297899329569,347.4287849967368,292.19166000257246
210,0,0,1,9,0,2,1,633.6969380063238,491.43909399572294,1815.347636002116,457.49666600022465
4,0,0,0,0,0,0,323,132.32317299116403,186.29735699505545,340.73678198910784,149.37133200874086
8,0,0,1,0,0,1,3,125.36727599217556,173.62335800135043,651.7693570058327,306.9996669946704
13,0,0,4,0,0,1,1,176.6574409994064,360.19996300456114,2565.1777149905683,1185.6430479965638
5,0,0,0,0,0,0,114,129.00563000584953,183.38367000978906,340.3137959976448,171.2576790014282
13,0,0,2,0,0,1,4,246.2062520062318,364.27961199660785,651.4852450054605,290.46080500120297
13,0,0,3,2,0,3,8,650.4021879954962,593.5019860044122,689.0291559975594,306.0418519889936
9,0,0,0,0,0,0,1,129.88847600354347,180.42758299270645,352.4883479985874,172.3700719885528
44,0,0,4,4,0,3,2,633.1899050128413,619.4896600063657,6264.208086999133,4484.689607998007
11,0,0,2,1,0,1,15,127.19095600186847,169.9710819957545,1340.4993599979207,603.8008039904526
10,0,0,3,0,0,1,1,125.97532499057706,176.98174600081984,1937.0023749943357,575.1304310106207
13,0,0,2,0,0,1,4,128.61307999992277,183.49036999279633,1387.8027359896805,652.3520049959188
11,0,0,2,0,0,1,4,119.18575898744166,168.6929259885801,1277.8659619943937,503.03779999376275
16,0,0,1,1,0,2,12550,112.85575399233494,43.389686004957184,677.825851002126,533.2475460018031
17,0,0,6,2,0,3,4804,920.2165809983853,1262.6534830051241,7844.678091001697,3240.8357600070303
12,0,0,2,1,0,2,607,571.8336680001812,386.90458300698083,1188.5042890062323,351.0011519974796
3,0,0,0,0,0,0,205,64.31144000089262,123.46754799364135,320.4970459919423,154.35683401301503
31,0,0,2,3,0,2,1,638.381130003836,603.8092759990832,1610.905402994831,1406.2864240113413
10,0,0,2,0,0,1,2,249.5764219929697,254.7340519959107,637.768012995366,290.6066279974766
17,0,0,1,3,0,1,1,421.474054994178,414.5283230027417,1156.694499994046,374.5750499947462
13,0,0,5,0,0,1,0,239.02782599907368,355.3806880081538,4590.085385993007,2363.8563650019933
14,0,0,4,2,0,3,124,739.3903050106019,827.6925750105875,1365.467304000049,604.756996006472
20,0,0,1,2,0,1,1,132.7240919927135,173.66771800152492,749.0667850070167,303.3390269993106
8,0,0,1,0,0,1,2,116.76587600959465,87.78593099850696,330.72683498903643,286.97976299736183
7,0,0,1,0,0,1,32,103.81552799663041,85.47173299302813,319.6145199908642,251.89865499851294
56,0,0,7,5,0,3,4,1261.300571000902,1913.7993149925023,17392.74048199877,9914.115963998483
36,0,0,1,6,0,1,1,129.04649900156073,166.52569500729442,569.0017360029742,287.84079499018844
14,0,0,4,0,0,1,1,125.85206200310495,175.77405400516,5236.963079994894,2423.739118006779
12,0,0,1,0,0,1,1,123.02376999286935,126.41822700970806,343.02028200181667,264.3971090001287
11,0,0,2,0,0,1,1,135.33578200440388,193.78867700288538,1311.2397320073796,612.0981220010435
13,0,0,3,1,0,1,0,138.22269800584763,191.2613140011672,2597.937016005744,1199.7602579940576
8,0,0,4,0,0,1,12550,68.24112399772275,91.17500900174491,1359.648578989436,804.8258390044793
3,0,0,0,0,0,0,607,125.96545100677758,180.6284790072823,330.391765004606,170.06093099189457
12,0,0,2,1,0,1,0,132.36386299831793,187.64033699699212,844.025630998658,306.51455000042915
8,0,0,1,0,0,1,10,144.91745601117145,201.07723100227304,672.4148810026236,328.41796199500095
17,0,0,1,2,0,1,1,114.8213099950226,172.3127480072435,733.8289530016482,305.98896100127604
6,0,0,2,0,0,1,3469,197.1455659950152,284.59228700376116,611.6559109941591,295.2098470123019
30,0,0,2,4,0,3,1,620.4527250083629,584.2253809969407,1670.3622479981277,427.9762060032226
26,0,0,1,3,0,2,1,421.6984300001059,423.35957899922505,1452.657365007326,1001.1346929968568
72,0,0,3,12,0,2,1,130.22429301054217,174.90105399338063,4303.058991004946,901.0867360047996
90,0,0,3,6,0,2,0,622.9260249965591,601.8920669885119,5012.16747899889,1399.624000012409
44,0,0,3,3,0,3,39,1220.5740369972773,1556.4828320057131,2229.339790996164,1527.9222059907624
16,0,0,1,1,0,2,12550,112.5371280068066,43.24418099713512,679.7486660070717,563.1291230092756
13,0,0,3,0,0,1,1,90.67850200517569,90.53546701034065,1971.552752002026,672.3760500026401
321,0,0,1,66,0,1,1,140.7140000083018,173.32215700298548,3328.6754669970833,313.3784020028543
7,0,0,3,0,0,1,8399,280.4827119980473,426.06142100703437,1231.651565991342,599.5809129963163
14,0,0,4,1,0,2,16,137.04520399915054,184.0338430047268,2735.421392004355,1264.44783298939
29,0,0,1,2,0,2,3,473.19283700198866,491.4954350097105,620.5208500032313,443.53660198976286
33,0,0,3,3,0,2,1,443.7860379985068,435.05836999975145,4884.432949998882,3010.50817000214
12,0,0,1,1,0,1,2,86.52706399152521,164.15946000779513,664.5502640021732,290.30046200205106
6,0,0,3,0,0,1,12550,31.78385201317724,40.36360699683428,1063.0539000121644,412.8059159993427
11,0,0,1,1,0,2,1,79.65464399603661,176.75806098850444,586.5843530045822,157.53378099179827
172,0,0,1,26,0,2,1,442.8968249994796,340.77402600087225,2464.080464997096,443.2902629923774
10,0,0,1,0,0,1,1,65.46184699982405,163.21271999913733,660.3563970129471,302.61297000106424
12,0,0,3,0,0,1,1,123.25182900531217,173.5912139993161,2366.4631499996176,1194.6824209881015
7,0,0,2,0,0,1,8,145.8136740111513,209.10909499798436,1269.3427379999775,616.7028119962197
29,0,0,4,5,0,2,1,475.3675959946122,645.071671999176,2597.3534810036654,1285.32396099763
6,0,0,3,0,0,1,12550,59.26671999623068,77.69111701054499,1112.3354330047732,601.3860450038919
4,0,0,0,1,0,1,7,129.2704049992608,181.3584119954612,332.779123011278,161.82109499641228
40,0,0,6,4,0,3,122,1666.2778930040076,1849.4660750002367,18898.212895001052,13960.068103988306
63,0,0,5,4,0,3,1,759.8091910040239,2296.997212994029,6940.306641001371,4572.793594998075
4,0,0,0,0,0,0,491,131.6884609987028,184.6312370034866,338.0615430069156,123.31919799908064
4,0,0,0,0,0,0,23,64.740215006168,106.32832600094844,321.3006099977065,154.14051800325979
31,0,0,3,4,0,2,51,1365.5332689959323,2190.878736000741,2739.415869000368,1489.8417730000801
9,0,0,3,1,0,2,9230,123.94652199873235,169.35950799961574,1207.6294500002405,561.3328299950808
14,0,0,1,1,0,1,1,255.05848199827597,369.6746770001482,360.9207370027434,161.68101799848955
7,0,0,1,1,0,1,5,131.51470699813217,187.063159988611,661.0213570093038,305.08559600275476
9,0,0,1,1,0,1,1,121.52125799912028,169.62112500914373,653.3550060121343,227.71529901365284
63,0,0,1,4,0,2,1,356.80802499700803,597.5141410017386,628.3657449966995,299.1172869951697
12,0,0,6,0,0,1,12550,88.41612799733412,120.30764399969485,5843.1747290014755,2901.771935998113
14,0,0,0,1,0,1,0,66.1129729996901,82.50551999663003,255.915648987866,146.62811299785972
5,0,0,2,0,0,1,4295,325.0218580069486,485.9966939984588,643.0904699955136,335.73064299707767
140,0,0,6,5,0,3,1,1943.6015550018055,2290.3793629957363,13963.338425004622,4926.306281995494
43,0,0,2,6,0,1,1,127.38038999668788,175.80991100112442,1342.4639740114799,604.7453770006541
10,0,0,1,1,0,1,8,126.01637501211371,171.77423200337216,662.3850220057648,289.56064200610854
33,0,0,3,3,0,2,12550,205.5346039996948,76.14124100655317,2189.5502190018306,1507.0490370126208
11,0,0,1,0,0,1,1,132.66214200120885,187.13578999449965,639.2017739999574,154.43905000574887
10,0,0,2,0,0,1,1,121.40562900458463,170.53894700075034,1289.0785839990713,602.1990270091919
10,0,0,1,0,0,1,1,124.08496400166769,173.86663900106214,396.5881930053001,155.61253299529199
14,0,0,4,2,0,3,57,131.25739099632483,173.1318120000651,1865.6028729892569,885.0706839875784
8,0,0,2,1,0,2,10,130.46661000407767,179.77882899867836,324.30632300383877,151.44816700194497
12,0,0,2,1,0,2,1,148.68823300639633,201.97321999876294,1325.8288289944176,601.3335960014956
14,0,0,4,0,0,1,6,121.77004899422172,170.14762399776373,4320.310711002094,1971.7243969935225
21,0,0,4,3,0,3,12550,102.45413299708162,76.431319990661,3705.523213997367,2736.2604990048567
29,0,0,2,3,0,3,0,753.640530994744,373.72865599172655,1156.9965699891327,262.3840409942204
16,0,0,6,0,0,1,156,265.5373830057215,392.49828200263437,9956.92436399986,4109.035037996364
18,0,0,3,2,0,3,1,132.9240600025514,173.12920799304266,916.213174990844,225.34809699573088
4,0,0,1,1,0,2,12550,63.97565599763766,44.17435100185685,553.8092529895948,467.8155319998041
15,0,0,4,1,0,1,8,755.8419400011189,795.4298379918328,2701.997846001177,932.8456970106345
13,0,0,3,1,0,1,1,66.1022190033691,135.13538301049266,2585.4473060026066,825.5106010037707
11,0,0,4,0,0,1,4,278.1802640092792,406.64958000706974,2315.658514009556,669.8836260038661
3,0,0,1,0,0,1,9230,35.55552999023348,62.58217600407079,494.6784729982028,293.9679130067816
38,0,0,3,6,0,2,1,124.81402000412345,164.57854300097097,2972.556260996498,1107.243582009687
10,0,0,1,0,0,1,1,126.07280000520404,175.89428198698442,670.8920689998195,263.87019899266306
5,0,0,1,0,0,1,0,135.750723988167,189.45248999807518,668.5481809981866,337.10905199404806
31,0,0,4,3,0,2,115,613.9137349964585,1366.2976019986672,7891.382201007218,3785.097138999845
41,0,0,2,2,0,2,10,390.511300007347,590.3684840013739,2827.483202010626,2054.0430760011077
21,0,0,1,2,0,1,1,130.71432399738114,170.53783700976055,753.6347550048959,300.4692299873568
20,0,0,5,2,0,3,12550,80.21260100940708,39.434638994862325,7146.465600002557,2868.4711040114053
10,0,0,1,0,0,1,1,123.68507000792306,173.12427700380795,664.5006790058687,310.6894149968866
35,0,0,3,2,0,3,12550,199.64924099622294,60.394692001864314,1366.9888599979458,1395.8390580082778
13,0,0,2,2,0,2,4475,789.178389008157,762.2875819943147,1194.1196840052726,385.638203995768
2,0,0,1,0,0,1,12550,19.5015569915995,25.728428998263553,248.58381699596066,160.00463100499474
17,0,0,2,1,0,2,3,123.37238198961131,172.18987800879404,1371.69767699379,596.2160710041644
8,0,0,1,0,0,1,2,118.39006599620916,167.13998900377192,635.8494360028999,292.57825200329535
15,0,0,5,0,0,1,5,122.18146900704596,172.49614099273458,10096.539068006678,4291.151722005452
14,0,0,4,2,0,2,2,130.09194999176543,169.31881599884946,1385.0857609941158,588.6652449989924
7,0,0,1,0,0,1,8,247.85516400879715,366.4301759999944,331.22360399283934,157.4831140023889
13,0,0,3,1,0,1,0,120.51299700397067,167.0655780035304,2570.8524359943112,1105.128830007743
11,0,0,3,0,0,1,0,118.8815479981713,165.4769200104056,2463.6288229958154,1112.7368599991314
109,0,0,6,4,0,3,12550,283.80504599772394,90.63191698805895,9255.049309009337,3985.0591830036137
8,0,0,2,1,0,2,0,237.7457719994709,343.2663819985464,618.6802919983165,250.68261301203165
3,0,0,1,0,0,1,9122,81.99746601167135,108.59714800608344,423.28309699951205,256.2389110098593
11,0,0,3,1,0,2,1,238.94909099908546,351.4402469882043,664.2847339971922,304.95417000201996
54,0,0,5,5,0,2,4,1756.6921940015163,2091.318033999414,6046.073385005002,2738.7781299912604
21,0,0,1,0,0,1,1,125.3221980005037,171.27523200178985,181.4162320079049,76.17520399799105
18,0,0,1,2,0,2,8,397.30749098816887,404.32988801330794,632.9198820021702,472.529474995099
292,0,0,2,17,0,2,1,355.31965699919965,638.1770379957743,5356.363352999324,923.7905439949827
54,0,0,7,4,0,3,0,1499.8311699891929,1996.9696209882386,21538.332798998454,5472.1252160088625
39,0,0,1,5,0,2,1,418.3334940025816,185.4740929993568,1229.2120620113565,164.89499200542923
7,0,0,3,0,0,1,9230,44.28788700897712,60.98231599025894,1894.5121620054124,851.5988479921361
11,0,0,1,1,0,1,4,122.80768298660405,167.5222610065248,667.4776099971496,290.058066995698
12,0,0,1,1,0,1,2,129.2428220040165,171.51546200329904,690.5470450001303,302.09875499713235
14,0,0,1,1,0,2,1,122.75259300076868,175.3226779983379,362.2729760099901,160.36067900131457
22,0,0,8,2,0,3,1,772.8123109991429,820.2507189998869,20191.83719198918,7148.693968003499
11,0,0,3,0,0,1,7,133.09373799711466,187.34268100524787,2131.9504249986494,1201.5174730040599
7,0,0,2,1,0,3,2334,150.2610509924125,200.48084900190588,987.1808370080544,501.30776601145044
12,0,0,2,1,0,1,1,63.57974199636374,85.93845799623523,659.2241030011792,375.31976199534256
169,0,0,1,9,0,2,1,653.9431549899746,623.0860899959225,1900.232711006538,473.11688600166235
5,0,0,0,1,0,1,2,370.3019419917837,181.34772799385246,556.2814540026011,174.63875400426332
8,0,0,2,0,0,1,51,135.6649460067274,191.26744699315168,1318.2578580017434,658.6538240080699
17,0,0,6,0,0,1,2,244.57109300419688,354.123551005614,10344.008869011304,4720.261937996838
11,0,0,2,0,0,1,5,126.74554399563931,174.03067300620023,1297.668869010522,532.6438259944553
12,0,0,4,0,0,1,616,217.67650700348895,433.96173798828386,2555.285005000769,1184.1361209953902
28,0,0,2,2,0,2,473,1040.9310270042624,1228.811044988106,1290.817742003128,648.6025549966143
15,0,0,3,2,0,3,1,651.1530610005138,450.31034300336614,693.0042469903128,301.5020809980342
12,0,0,4,2,0,3,12550,67.96471501002088,79.1799590078881,1791.045451987884,882.461098008207
13,0,0,5,0,0,1,1136,140.5654780101031,197.58273400657345,9946.749430993805,3037.6960819994565
55,0,0,6,5,0,2,1,1257.8933699987829,1206.195734004723,12492.425392993027,7045.9944710019045
13,0,0,1,1,0,1,1,121.30336499831174,170.70917200180702,691.3457769987872,312.2502780024661
30,0,0,3,3,0,3,0,696.275369002251,183.74078399210703,2562.0182389975525,661.8846390047111
5,0,0,0,1,0,1,490,410.6614430056652,491.4377889945172,494.1952270019101,400.7768729934469
1,0,0,0,0,0,0,9230,54.535850998945534,69.98081199708395,202.8473709942773,157.19330198771786
18,0,0,5,1,0,2,4,255.46801299788058,232.3606880090665,4687.287524997373,2186.656054997002
13,0,0,3,1,0,2,5,245.276957997703,356.45484799169935,1275.6911720061908,567.5085929979105
13,0,0,3,0,0,1,1,125.99631299963221,176.66310400818475,2635.50156999554,1191.7593740072334
12,0,0,4,0,0,1,23,157.6291019882774,223.7142079975456,5103.437472003861,1468.500495000626
12,0,0,6,0,0,1,12550,88.57099300075788,123.2656599895563,6474.208547995659,3784.9923789908644
11,0,0,0,1,0,1,1,127.59675200504716,179.91548600548413,357.72972999257036,169.35077399830334
13,0,0,5,1,0,2,2,121.5836199990008,171.44342200481333,3032.3059000074863,2052.9133490053937
15,0,0,4,1,0,2,64,653.6347820074297,608.3583310100948,2666.7423890030477,1196.0113530076342
12,0,0,1,2,0,2,93,490.2671249874402,887.7780359907774,1038.9970599935623,488.9384540001629
10,0,0,4,0,0,1,3095,231.984255995485,342.47894800500944,2501.6458189929835,1194.6109450072981
13,0,0,3,2,0,2,41,131.79990799108054,173.97291600354947,1369.6324369957438,595.0306180020561
8,0,0,3,1,0,3,0,116.54416199598927,164.1698949970305,1211.4743319980334,549.0596430026926
10,0,0,3,0,0,1,44,165.4610270052217,232.16301399224903,2618.495606002398,1272.3846070002764
15,0,0,3,2,0,1,2,252.05268699210137,305.09030299435835,902.9089649993693,570.1789459999418
10,0,0,2,0,0,1,1,119.18670799059328,166.8441410001833,1210.4435710061807,425.5585520004388
9,0,0,2,0,0,1,1,239.69162499997765,278.09761100797914,654.6078999963356,304.7015559859574
112,0,0,2,6,0,2,1,486.4664740016451,622.0229960017605,3143.534852002631,734.7348870098358
37,0,0,5,3,0,3,0,1453.5415199934505,1163.3483319892548,9818.371912988368,2356.9381960114697
14,0,0,1,1,0,1,1,124.7882989991922,177.4738480016822,702.854033006588,308.4836229973007
22,0,0,7,2,0,3,1,643.2633249933133,588.5041410074336,9546.037846012041,4715.554576003342
74,0,0,5,3,0,3,0,60.697312001138926,89.813744998537,6225.392235006439,1862.8634329943452
6,0,0,1,0,0,1,7,251.66128799901344,368.70555000496097,330.5774320033379,163.08079099690076
10,0,0,5,0,0,1,12550,78.91540000855457,107.47038100089412,4222.585508992779,2143.3057859976543
11,0,0,1,0,0,1,4,122.75218499416951,172.37055400619283,664.0060670033563,305.63274200540036
108,0,0,3,10,0,2,1,534.7854530118639,513.7118419952458,5901.388336991658,1709.687672992004
8,0,0,3,0,0,1,1149,154.64971501205582,218.77549300552346,1299.7000900068088,1168.0328940128675
6,0,0,3,0,0,1,12550,56.75304199394304,75.46657300554216,794.3833110039122,565.6321499991463
177,0,0,1,33,0,2,1,131.70634100970346,176.99297099898104,2106.2890800094465,322.0427899941569
14,0,0,4,1,0,1,3,246.55853500007652,370.1552409911528,2596.927227001288,1118.352813005913
12,0,0,3,0,0,1,3,121.94584299868438,173.20893300347961,2189.280548001989,956.0591009940254
2,0,0,1,0,0,1,12550,37.63361899473239,45.28915999981109,202.2572950081667,150.67782400001306
55,0,0,6,5,0,3,6,1280.1041890052147,1239.670703012962,8974.809372011805,5524.333908993867
62,0,0,3,4,0,2,3,1127.7601910114754,1032.849538998562,1240.4613609978696,714.4880830019247
17,0,0,5,2,0,2,57,491.48258300556336,388.88801299617626,2548.9992670045467,1184.5912410062738
8,0,0,0,0,0,0,1,122.97176900028717,174.03596600343008,239.64322099345736,160.86884899414144
15,0,0,5,2,0,3,25,169.50329599785618,221.25167000922374,2246.0794540093048,699.0158550033811
19,0,0,1,1,0,1,1,141.53356099268422,185.35643500217702,729.1872140049236,302.681447006762
9,0,0,2,0,0,1,1,120.77207099355292,164.41487600968685,1079.088774000411,560.6885570014128
12,0,0,1,0,0,1,3,133.17515699600335,185.03174699435476,675.979349995032,309.31957699067425
45,0,0,4,3,0,3,39,1235.80813400622,1881.1593199934578,3406.00621199701,2384.9595689971466
13,0,0,3,0,0,1,1,137.63730599021073,194.6212680049939,2593.199452996487,1206.0921109950868
11,0,0,2,0,0,1,4,126.72769800701644,177.21401400922332,1324.6982690034201,610.7605870056432
9,0,0,1,0,0,1,1,117.38243899890222,163.60729199368507,631.3439009973081,286.88983799656853
54,0,0,5,5,0,3,1,1191.6460600041319,1747.2292600141373,6840.14755798853,4293.05706100422
39,0,0,1,5,0,2,1,557.6427429914474,369.3320720049087,690.5881380080245,172.94109299837146
35,0,0,5,3,0,3,0,742.7842479955871,1171.1507049913052,4002.7535039989743,1652.1215599932475
1,0,0,0,0,0,0,0,115.65830999461468,163.37201499845833,301.3112030021148,148.3479450107552
6,0,0,2,0,0,1,72,120.22188000264578,167.19411799567752,1205.5258000036702,555.0325290096225
5,0,0,0,1,0,1,490,409.9515730049461,492.2931759938365,495.3485650039511,405.7247919990914
5,0,0,0,0,0,0,27,127.96436301141512,181.6028860048391,338.117698993301,154.61308900557924
3,0,0,1,0,0,1,0,116.36973499844316,167.1906239935197,594.2176980024669,283.4345099981874
10,0,0,1,0,0,1,2,244.57590900419746,352.95404099451844,328.42379400972277,152.45989798859227
5,0,0,1,0,0,1,228,132.7175110054668,187.36017700575758,662.1996500034584,194.02194900612812
73,0,0,0,12,0,1,0,127.90176799171604,172.04514099285007,602.1448870014865,156.842908996623
13,0,0,2,0,0,1,2,134.67152600060217,188.97159000334796,1332.2825609939173,617.0815730001777
8,0,0,0,0,0,0,1,63.24483199568931,128.19644699629862,333.5110010084463,155.59418499469757
9,0,0,4,0,0,1,8399,115.7703990029404,159.59649501019157,3536.7358939984115,1824.018191997311
7,0,0,0,0,0,0,1,117.41657300444786,162.68671899160836,274.34070500021335,97.92587399715558
32,0,0,2,3,0,3,1,372.1490250027273,750.333090996719,1730.5928510031663,1154.540736009949
9,0,0,4,0,0,1,8533,389.3736799946055,715.5447319964878,1667.5378490035655,1119.0176170057384
16,0,0,3,0,0,1,1,77.38465600414202,130.98994699248578,2590.5404340010136,1130.2176600001985
12,0,0,2,1,0,1,1,386.97350599977653,187.33346900262404,2232.26744501153,674.6346729923971
11,0,0,2,0,0,1,0,127.7082890010206,172.61825199238956,939.3076300038956,591.181901996606
35,0,0,2,3,0,2,0,561.2615540012484,119.68477600021288,2242.116952998913,671.2053989904234
11,0,0,1,0,0,1,0,120.14147000445519,167.66150698822457,650.8535870088963,295.79630799707957
13,0,0,1,1,0,1,1,110.34222898888402,90.12964900466613,691.1018880055053,308.6279069975717
11,0,0,2,1,0,2,2,123.21751299896277,173.162613005843,1316.6659620037535,602.7522469958058
173,0,0,2,13,0,2,1,821.6078010009369,617.4123900127597,3337.073759001214,776.9797009968897
26,0,0,1,2,0,2,2,428.41080200742,434.69051500142086,1395.2151569974376,1050.6881399924168
55,0,0,6,5,0,3,4,828.6230429948773,1202.5677659985377,12977.75607299991,8031.7632669903105
2,0,0,1,0,0,1,12550,36.316263998742215,43.59481600113213,300.00901999301277,146.31194098910782
6,0,0,2,0,0,1,0,123.40586799837183,173.81345700414386,1241.2656530068489,473.6428979958873
53,0,0,6,4,0,3,0,1471.6382269980386,1848.7047640082892,12593.29851399525,3268.084381998051
51,0,0,4,3,0,2,82,1332.729575005942,1938.442026003031,5062.829756992869,3484.155573998578
12,0,0,4,0,0,1,21,270.8354729984421,396.9654529937543,2562.488002004102,1214.7432420024415
5,0,0,2,0,0,1,8533,150.44363800552674,427.90048199822195,637.7307529910468,318.8998819969129
11,0,0,4,0,0,1,2058,144.28181400580797,206.301941012498,3734.0464440057985,2289.6238670073217
42,0,0,0,2,0,1,1,480.04241299349815,471.2018299906049,533.4417760022916,339.2135409958428
14,0,0,6,0,0,1,2861,344.01233099924866,515.5786959949182,8710.98113298649,4744.504183006939
6,0,0,1,0,0,1,222,123.34840800031088,175.7521699910285,648.9137540047523,311.9327079912182
1,0,0,0,0,0,0,9230,53.46157700114418,69.62762599869166,200.66050000605173,154.8863070056541
13,0,0,2,0,0,1,4,127.74626399914268,176.5607999986969,1149.265904998174,609.8872370057506
60,0,0,3,2,0,3,12550,173.24322200147435,60.35398499807343,1732.5838929973543,855.6267849926371
68,0,0,1,4,0,2,1,494.1445470030885,485.44711599242873,1604.4333020108752,970.9180159989046
35,0,0,1,6,0,1,1,366.64959900372196,186.21055599942338,1289.2993580026086,336.58860699506477
2,0,0,1,0,0,1,12550,36.16482099459972,43.669699007296,274.4596150005236,122.72028000734281
9,0,0,1,0,0,1,2,122.34300099953543,171.95119899406563,653.9024210069329,304.90648400154896
9,0,0,1,0,0,1,2,125.69470400922,173.91972200130112,658.5079180076718,314.0168480022112
15,0,0,5,2,0,3,19,923.5871699929703,590.8674210077152,1828.432447000523,886.7571580049116
135,0,0,4,5,0,3,2,1940.2442290011095,2280.8446059934795,3766.9587319978746,1220.7017079927027
2,0,0,0,0,0,0,1827,111.058023001533,150.89403800084256,291.9243039941648,149.50118500564713
14,0,0,1,0,0,1,1,124.30492899147794,174.087111998233,687.9744290054077,310.1178280048771
8,0,0,2,1,0,2,93,509.9446700041881,293.6607849987922,173.6926480080001,80.49833698896691
9,0,0,0,1,0,1,3,125.87406201055273,163.70684899447951,342.1199359872844,149.51415099494625
10,0,0,4,1,0,2,12550,104.11272599594668,93.61610299674794,2008.7217389955185,1005.3690990025643
26,0,0,1,1,0,1,1,124.0512330114143,175.9614119946491,772.797958998126,313.3278980094474
56,0,0,7,5,0,3,2,1866.5685460000532,2173.56744701101,24854.888223999296,14848.481195003842
20,0,0,3,3,0,3,233,427.1944919892121,791.1556159961037,3774.1174709954066,2885.838403002708
10,0,0,5,0,0,1,12550,79.79770599922631,107.89245400519576,3835.7570039952407,1874.245732993586
110,0,0,5,10,0,2,1,537.1252129989443,898.1407740066061,17820.992736989865,8275.67502000602
3,0,0,0,0,0,0,1448,114.52557799930219,161.8600149959093,307.04594499547966,158.16703099699225
30,0,0,2,5,0,2,0,118.97167199640535,163.36074900755193,1468.087204004405,559.0273289999459
10,0,0,3,0,0,1,279,171.9288539898116,248.94730899541173,2500.1967179996427,1272.7416370034916
14,0,0,5,2,0,3,594,1119.0600679983618,1515.299013000913,2682.53974300751,1214.7199159953743
6,0,0,3,0,0,1,12550,58.600126998499036,77.41408199944999,1038.2941350108013,526.5298760059522
12,0,0,3,0,0,1,10,119.10638300469145,167.88140800781548,2507.5255389965605,1142.4212720012292
10,0,0,2,0,0,1,2,254.16340700758155,365.4901029949542,664.6655950025888,313.9332239952637
111,0,0,6,10,0,3,1,535.1531829946907,513.7864510033978,34389.866783996695,10330.455842005904
26,0,0,1,3,0,1,1,298.9916799997445,434.59464999614283,1031.7171700007748,398.22195400483906
6,0,0,1,0,0,1,165,120.66317501012236,167.63094799534883,628.465876012342,290.7087820058223
40,0,0,5,6,0,2,1,269.6804430015618,348.709518002579,6374.301524992916,1594.7201410017442
2,0,0,0,0,0,0,4804,110.07756298931781,157.68812500755303,298.4930480015464,176.08268400363158
6,0,0,3,0,0,1,12550,57.37306299852207,76.57788600772619,664.4056869990891,218.1428780022543
38,0,0,5,4,0,3,0,618.6112140130717,368.8236739981221,5176.076309988275,1323.8478580024093
76,0,0,1,15,0,1,1,68.04302700038534,83.64162199723069,846.7318070033798,289.2468849895522
53,0,0,4,5,0,3,3,1235.9680439985823,1195.620048994897,4622.617013999843,2777.3567979893414
15,0,0,7,0,0,1,9914,350.60561599675566,618.4121969999978,15789.902147007524,8600.487215007888
7,0,0,3,0,0,1,8399,286.3770589901833,427.69348100409843,1194.7102210106095,563.4821080020629
10,0,0,1,0,0,1,3,119.04832100844942,172.10470700229052,642.3903390095802,291.6137139982311
5,0,0,0,0,0,0,64,122.79247000697069,175.1912559993798,324.61473799776286,136.99423399521038
8,0,0,4,0,0,1,12550,68.33497899060603,92.56416400603484,1662.9718040057924,793.571140995482
4,0,0,1,0,0,1,0,124.19398099882528,327.4890779866837,306.5467499982333,147.16238000255544
7,0,0,3,0,0,1,3085,220.26153501064982,315.22377600776963,940.0327119947178,575.9006910084281
5,0,0,0,1,0,1,1,122.62243499571923,171.91535400343128,328.2400699972641,154.72398400015663
26,0,0,4,0,0,1,3,125.75688598735724,177.7759790129494,4894.319257000461,2438.268114987295
13,0,0,1,1,0,1,2,121.77418799547013,171.86885100090876,674.5886860007886,233.3295019925572
16,0,0,3,0,0,1,1,124.8181859991746,175.25549700076226,2460.838184997556,1206.0675339889713
9,0,0,1,0,0,1,0,122.04288800421637,170.92833000060637,651.8455529876519,307.1599040122237
108,0,0,5,4,0,2,1,701.8481249979232,656.4496329956455,17150.953065007343,6821.332229010295
56,0,0,7,5,0,2,1,1325.1461010077037,770.0367810030002,22254.170455998974,14012.71020299464
13,0,0,5,0,0,1,76,122.11250900872983,171.02338100085035,8899.475334997987,4458.415599990985
8,0,0,2,0,0,1,105,254.8647939984221,261.6139340098016,626.9544590031728,162.4649550067261
11,0,0,2,0,0,1,1,124.30395100091118,174.88600898650475,1314.3915350083262,602.5382740044734
30,0,0,3,3,0,3,0,643.7832009978592,184.32713199581485,2240.5106439982774,580.5529130011564
15,0,0,5,2,0,3,289,1128.2064459956018,1236.6253809886985,2256.9549070030916,982.248702988727
49,0,0,2,8,0,2,1,189.90297599521,95.18115500395652,2302.0889649924356,676.0196940012975
21,0,0,6,2,0,3,4,139.4775239896262,183.13202699937392,9648.29298100085,4232.846195998718
12,0,0,3,2,0,3,0,119.25186299777124,161.25397200812586,1872.955875005573,834.056216001045
14,0,0,4,0,0,1,4,502.09150899900123,771.8924450018676,2575.7371520012384,1009.3118450022303
49,0,0,2,3,0,2,21,581.1403699917719,1444.1452030005166,2532.68936900713,1793.0638709949562
10,0,0,1,0,0,1,3,104.11523800576106,188.7480349978432,478.48035699280445,305.14892299834173
13,0,0,1,0,0,1,3,124.94999599584844,175.04253098741174,685.4005920031341,313.2999099907465
234,0,0,3,13,0,2,0,688.9894689957146,652.8627939987928,8862.257789995056,1858.4190260007745
19,0,0,1,2,0,2,1,134.6643889992265,190.75921400508378,782.3606899910374,341.98511100839823
53,0,0,6,4,0,3,39,1255.2842709992547,2409.6262009989005,12718.075874989154,5642.8770829952555
12,0,0,5,0,0,1,2143,335.2799840067746,607.6634529890725,4277.806915997644,2351.0300899943104
17,0,0,3,1,0,3,9122,477.61617800279055,116.43065200769342,1685.576846008189,722.6043999980902
39,0,0,4,4,0,2,0,117.91870399611071,160.5711610027356,6050.780521007255,1843.872288998682
15,0,0,1,0,0,1,2,83.02098599961028,85.31298099842388,492.9977139981929,289.76792500179727
8,0,0,1,0,0,1,1,122.47549901076127,170.47800500586163,644.1204480070155,301.53503199107945
3,0,0,1,0,0,1,1190,227.59900799428578,331.79028199811,306.98596499860287,149.5487089996459
17,0,0,6,2,0,2,9914,750.45417099318,798.5004469956039,9378.114962004474,3721.111634004046
399,0,0,3,17,0,2,1,702.4396449996857,672.2855580010219,13128.290741995443,1820.7783610123442
4,0,0,0,0,0,0,0,117.10473100538366,164.92441299487837,311.2501650030026,147.09335600491613
57,0,0,8,5,0,3,1,1244.9030919960933,1198.0233100039186,33387.08184400457,18776.055486989208
15,0,0,4,0,0,1,9,124.5388940005796,175.7004610117292,5136.380494994228,2370.934615988517
9,0,0,1,0,0,1,0,125.68166099663358,175.15972300316207,479.13065800094046,184.53213501197752
8,0,0,1,1,0,1,9,118.02641100075562,166.27339899423532,355.4077049921034,147.1054239955265
19,0,0,4,2,0,2,1,130.66897500539199,169.6592549997149,1191.5900759922806,597.3909909953363
9,0,0,1,0,0,1,7,133.42315598856658,184.86131500685588,651.6914959938731,308.86511800053995
13,0,0,1,2,0,2,0,110.00563499692362,162.48672099027317,344.6065099997213,145.026696001878
4,0,0,0,0,0,0,3,63.889600001857616,94.19062199594919,270.9844460041495,117.44787100178655
9,0,0,1,0,0,1,7,82.74670400714967,88.7455190095352,566.9800849864259,306.8204809969757
6,0,0,2,0,0,1,1556,118.18678698909935,166.180300002452,1206.91978999821,589.617935998831
19,0,0,1,2,0,1,1,123.72995000623632,175.20922199764755,739.9618329945952,258.93803499639034
63,0,0,1,10,0,2,1,144.21830799255986,185.51014699914958,575.5623180011753,171.54080000182148
13,0,0,5,0,0,1,21,362.09040200628806,561.8938469997374,4489.494711000589,2028.4050310001476
44,0,0,4,4,0,3,56,641.015373999835,2034.6104950003792,6273.021363987937,4061.8510960048297
15,0,0,4,0,0,1,3,122.18355599907227,172.9715740075335,5181.965248004417,2401.627401006408
22,0,0,9,1,0,3,164,696.8776849971619,679.3946899997536,38384.941551994416,16775.786794998567
15,0,0,1,2,0,2,9,524.6298179990845,501.07874200330116,578.4345819993177,440.0988289999077
9,0,0,3,0,0,1,47,127.20748299034312,178.1083719979506,2234.0370199963218,1124.2369820101885
50,0,0,5,4,0,3,0,2126.151699005277,3143.4970020054607,4019.5940749981673,1172.1973270032322
8,0,0,1,0,0,1,5,131.0533410141943,186.86759199772496,648.2529700006125,308.7353519949829
174,0,0,2,12,0,2,0,784.7981499944581,739.1233649977949,3198.9044649963034,640.2737019961933
2,0,0,1,0,0,1,12550,36.62006600643508,43.45010899123736,297.51253899303265,145.48233601090033
13,0,0,2,2,0,2,0,599.9860779993469,369.01891500747297,1069.1281740000704,334.57904000533745
20,0,0,1,2,0,1,1,142.28250000451226,179.49735600268468,762.8381450049346,331.0768149967771
95,0,0,2,6,0,2,1,756.2028389947955,710.0402939977357,2368.0320759885944,1171.4886639965698
35,0,0,1,6,0,2,1,76.9854940008372,94.86296400427818,233.11438800010365,88.02362099231686
11,0,0,2,2,0,2,118,384.55274899024516,276.1622499965597,2252.5923350040102,708.8965820003068
11,0,0,3,1,0,2,1448,234.87640300299972,305.5023260094458,831.6127049911302,282.510156990611
12,0,0,5,0,0,1,505,451.06179399590474,372.46631100424565,4655.480849993182,2370.0433210033225
22,0,0,7,2,0,2,3,501.6431160038337,415.05269600020256,10721.786049005459,4112.845794996247
1,0,0,0,0,0,0,2186,59.71454500104301,78.69014199241064,274.09029100090265,149.61280999705195
2,0,0,0,0,0,0,1827,85.32415599620435,77.28761999169365,150.564827999915,75.7523710053647
2,0,0,1,0,0,1,12550,22.612276996369474,45.00701899814885,302.0044790027896,146.78315000492148
6,0,0,1,1,0,1,4,498.5951679991558,372.77260900009423,324.4045530009316,148.3932260016445
91,0,0,4,6,0,2,0,626.0594550112728,589.4834920036374,10515.018940001028,3142.545176000567
6,0,0,0,0,0,0,26,123.1882569991285,173.35946299135685,326.9317009981023,159.06838499358855
11,0,0,3,2,0,2,35,341.6328489984153,313.36896399443503,1437.276037002448,839.9269090004964
52,0,0,5,4,0,3,39,1248.5384450119454,2069.517743992037,8944.386046001455,2879.3079890019726
13,0,0,2,0,0,1,2,120.42051300522871,165.51776800770313,1284.9377389939036,571.9612179964315
2,0,0,1,0,0,1,12550,37.76179700798821,45.6079590076115,201.95221199537627,154.54501898784656
2,0,0,1,0,0,1,12550,37.31803900154773,45.34924900508486,203.1030210055178,153.72588799800724
6,0,0,0,0,0,0,41,130.15528499090578,182.10216300212778,341.9241090014111,170.1631359901512
6,0,0,1,0,0,1,337,175.6845249910839,368.1438280036673,325.99615000071935,90.8098340005381
9,0,0,1,0,0,1,1,120.69482999504544,165.65843699208926,633.2657690072665,290.8883829950355
15,0,0,4,0,0,1,2,122.82842199783772,171.54059799213428,4750.948671993683,1770.6673130014678
12,0,0,1,2,0,2,3,372.0831740065478,476.148823989206,1009.2808839981444,193.8410510047106
10,0,0,1,0,0,1,2,253.48692799161654,373.6077779904008,335.2621890080627,158.7500729947351
18,0,0,4,2,0,3,1,636.4510009880178,557.2073410003213,708.6758829973405,310.11449699872173
12,0,0,5,0,0,1,6210,176.55769499833696,250.83070500113536,9458.348036001553,4581.6528340074
11,0,0,5,0,0,1,865,234.77438899863046,341.7728670028737,4546.545263990993,1880.2621429931605
229,0,0,1,21,0,2,1,560.0189019896789,527.8440380061511,2104.4395720091416,433.99511300958693
237,0,0,1,15,0,2,1,438.7334350030869,444.92560700746253,2604.0445269900374,398.69452799030114
29,0,0,4,2,0,3,0,619.8602789954748,363.8978800008772,3458.453326005838,825.4496709996602
10,0,0,2,0,0,1,2,80.20799799123779,178.65194400656037,1340.2512650063727,655.232511999202
17,0,0,4,2,0,1,8,628.6273089936003,503.1235740025295,2561.6765430022497,844.2648759955773
17,0,0,2,1,0,2,4,129.9189980054507,179.93709599249996,1356.267494003987,610.0863320025383
7,0,0,2,0,0,1,93,268.9803829998709,401.4887950033881,640.6197320029605,310.57687899738085
6,0,0,3,0,0,1,12550,30.736163011169992,40.03403599199373,944.443903004867,532.9626559978351
20,0,0,1,3,0,2,1,80.60866199957673,105.17789599543903,327.614725989406,87.11184699495789
6,0,0,3,0,0,1,12550,59.2312619992299,77.84259499749169,1105.1033000112511,550.6983030063566
2,0,0,1,0,0,1,12550,19.438488001469523,23.358434991678223,125.76474099478219,87.31845700822305
10,0,0,3,0,0,1,6,143.3100150024984,171.95807199459523,2346.512571995845,1085.3469319990836
55,0,0,6,5,0,3,1,1286.8495619914029,1239.782489996287,18058.642120013246,10814.198651001789
3,0,0,0,0,0,0,472,118.09590600023512,164.4556279934477,222.25472300488036,84.5642990025226
38,0,0,3,6,0,2,1,128.10000599711202,164.9181749962736,3357.22311999416,1173.1681030069012
55,0,0,6,5,0,2,1,1263.4823480038904,1721.0112750035478,11456.408097001258,6703.65204999689
13,0,0,0,1,0,1,0,123.30461699457373,174.0980399918044,360.25162499572616,87.58415898773819
6,0,0,3,0,0,1,12550,29.94808999937959,39.52231499715708,602.9381949920207,486.0551969904918
55,0,0,6,5,0,3,2,1238.2250969967572,2271.8433189875213,8786.753448992386,5541.785997003899
30,0,0,2,3,0,2,84,524.5863049931359,1207.6844450057251,1753.0517969862558,1737.8703059948748
26,0,0,4,3,0,3,22,443.35354398936033,680.0032070023008,2433.2057499996154,1551.6123739944305
12,0,0,1,0,0,1,1,128.80666500132065,177.7562099887291,682.1109470038209,312.6498880010331
13,0,0,3,1,0,2,6,123.76310500258114,170.36120800185017,2086.78239499568,1050.688251008978
110,0,0,7,4,0,3,12550,310.7877520087641,90.47271699819248,16736.4467310108,7717.9766109911725
45,0,0,4,4,0,3,0,1239.9661359959282,702.1077620011056,2301.869565009838,613.2641340082046
12,0,0,1,0,0,1,1,118.06056799832731,165.59604099893477,654.6180620061932,295.74205300014
63,0,0,4,4,0,2,3,1291.0888500045985,1244.737408007495,2469.710744000622,734.0127789939288
21,0,0,4,3,0,3,12550,171.15869899862446,76.71669799310621,3212.864310000441,2933.6366830102634
67,0,0,2,4,0,2,1,415.74988698994275,409.44852399115916,2526.5568909962894,1331.0067059937865
94,0,0,2,7,0,3,1,625.2575789985713,837.8003019897733,2398.8109710044228,1001.8387880118098
12,0,0,1,0,0,1,2,124.53169299988076,175.5970049998723,674.5721949992003,307.29941799654625
16,0,0,5,2,0,3,0,117.28939700697083,163.99267899396364,7468.693579008686,2624.0772180026397
43,0,0,9,4,0,3,124,757.6463769946713,2454.7765860043,60000.0,45941.47704099305
12,0,0,4,0,0,1,0,238.834963995032,348.08239599806257,2260.651628996129,586.0362590028672
26,0,0,4,0,0,1,3,128.37015600234736,177.71162299322896,5512.260613992112,2461.845550002181
55,0,0,6,5,0,3,2,1261.2604530004319,2311.4027609990444,17303.01838000014,11188.08621900098
12,0,0,4,0,0,1,61,287.6459780090954,431.1732719943393,2544.275906999246,1190.3883949999
9,0,0,2,1,0,1,20,375.50029798876494,575.685532996431,669.3915050127544,309.1041860025143
37,0,0,2,6,0,1,1,127.9910229932284,168.7505159934517,1742.9068540077424,566.8446499912534
17,0,0,3,1,0,2,1,132.78420000278857,170.3309799922863,2304.860289004864,1196.680061009829
12,0,0,2,1,0,2,6,125.79864499275573,173.047486008727,1332.4919379956555,607.3451360134641
39,0,0,4,4,0,2,122,1749.478582991287,2493.7705189950066,2511.0867869952926,1086.1431439989246
11,0,0,1,0,0,1,2,123.73735899745952,173.46889300097246,674.3999530008296,263.080185992294
53,0,0,2,7,0,2,1,130.60317799681798,176.04238299827557,1768.4046139911516,623.5529980040155
7,0,0,1,1,0,1,21,147.4098290054826,211.48324800014962,678.6553870042553,243.93746099667624
43,0,0,2,3,0,2,233,1743.7042640085565,1105.3055379888974,1009.4428390002577,1056.3288319972344
21,0,0,4,3,0,2,7,140.47595200827345,186.8906279996736,5385.0925430015195,2314.7270680055954
15,0,0,2,0,0,1,51,384.3149840104161,587.451408006018,505.97092299722135,312.28361000830773
17,0,0,6,2,0,3,3930,293.93070799415,419.0843109972775,7568.819778985926,2232.758703001309
8,0,0,3,0,0,1,3095,178.5052129998803,304.27356700238306,1291.0214959993027,648.5949659981998
249,0,0,1,13,0,2,0,459.21116399404127,433.3159859961597,2431.824315004633,435.4471420083428
45,0,0,2,5,0,2,0,117.15496699616779,160.81584300263785,1736.7434479965596,553.3791259949794
11,0,0,2,0,0,1,7,125.59440400218591,177.56706800719257,1315.9292909986107,597.1521260071313
11,0,0,3,0,0,1,15,74.77944900165312,100.20778999023605,1480.2958950022003,766.815442009829
1,0,0,0,0,0,0,8533,100.33364700211678,138.89075501356274,279.3891000037547,159.88488400762435
14,0,0,3,1,0,1,0,134.69978400098626,187.00202098989394,2685.113881001598,1193.7488139956258
49,0,0,2,6,0,2,1,602.3581180052133,578.1623410002794,2838.843475008616,778.1167400098639
7,0,0,2,1,0,3,12550,76.57013600692153,44.15090101247188,867.7342549926834,618.1606690079207
12,0,0,1,0,0,1,1,124.66270000732038,169.79888000059873,601.0923760040896,299.6821440028725
16,0,0,1,1,0,1,1,128.83586199313868,170.06211300031282,714.3908029975137,302.53937700763345
5,0,0,1,0,0,1,40,127.75531499937642,179.27882799995132,650.2843969938112,210.66386000893544
13,0,0,3,2,0,3,0,238.9168000081554,347.9170630016597,988.896159993601,423.97670399805065
9,0,0,3,0,0,1,0,262.1015629993053,481.1097299971152,1233.6562860000413,566.7380740051158
174,0,0,2,12,0,3,0,789.9909600091632,745.1980100013316,2375.6083170010243,607.1021630050382
14,0,0,5,2,0,3,8399,552.6324270031182,515.5322630016599,2576.3251070020488,1190.3171579906484
52,0,0,3,3,0,2,1,406.38199300155975,386.4311799989082,6151.225954003166,3314.3457120022504
10,0,0,2,0,0,1,3,240.93471899686847,293.57741799321957,618.4826380049344,303.7676630046917
14,0,0,1,2,0,1,1,124.47074400552083,171.85272599454038,714.6355909935664,313.52659899857827
14,0,0,3,1,0,2,9,66.29571600933559,90.26148600969464,2038.6474580009235,1207.175327988807
44,0,0,1,3,0,2,1,340.48970699950587,257.99659499898553,869.1063829901395,772.6611870020861
1,0,0,0,0,0,0,9230,54.147809991263784,70.20912799634971,203.50025000516325,153.34800799610093
59,0,0,4,6,0,2,1,784.6683780080639,807.9383940057596,3953.858738997951,1294.5514259918127
2,0,0,1,0,0,1,12550,36.44850599812344,44.02365500573069,292.41863000788726,148.99344599689357
12,0,0,3,1,0,2,8,514.6141379955225,226.64483000698965,1546.9118660112144,665.1685859978897
10,0,0,2,0,0,1,21,120.30293099815026,170.99112599680666,1283.0512099899352,590.0788930011913
12,0,0,2,1,0,1,1,130.75573899550363,170.336002993281,1353.5096569976304,600.3649450140074
235,0,0,0,16,0,1,0,433.88973400578834,422.9433549917303,1325.3637409943622,251.5097040013643
17,0,0,4,2,0,1,2,251.91546000132803,354.7105959878536,2514.079483997193,557.4642739957199
20,0,0,5,2,0,2,1,529.9634090042673,353.33985499164555,2369.352726993384,1171.3828009960707
4,0,0,1,0,0,1,72,118.91428100352641,168.83424899424426,609.901229996467,285.4253110126592
11,0,0,1,0,0,1,1,128.5557809897,177.70672400365584,684.4173739955295,324.8250760079827
35,0,0,5,3,0,3,207,1008.3621749945451,1208.5401819931576,9354.094417998567,5674.842809006805
49,0,0,5,4,0,2,122,1745.3764189995127,2858.157634997042,5493.327001007856,3225.877698001568
9,0,0,1,1,0,2,1,67.7982719935244,88.3738219999941,402.1051690069726,306.275946990354
10,0,0,1,0,0,1,1,241.0444270062726,348.13408699119464,336.84704700135626,156.83311301108915
8,0,0,2,1,0,1,5,148.00019998801872,207.62850999017246,1208.9491109945811,544.9196549889166
7,0,0,3,0,0,1,9122,187.01069400412962,242.38413100829348,651.4002220064867,553.8911180046853
53,0,0,4,5,0,2,1,1259.877440999844,1201.1470139987068,2599.0778479899745,1568.491099998937
10,0,0,4,0,0,1,5,483.04828599793836,670.6226039968897,2590.56837199023,1249.2170589976013
213,0,0,1,20,0,2,1,426.0322250047466,416.69776701019146,2330.3040969913127,227.22727799555287
50,0,0,1,6,0,2,1,653.8850969955092,626.3195880019339,1264.9875610077288,684.3006830022205
34,0,0,4,3,0,2,18,456.7155469994759,727.9163569910452,7770.400480992976,5857.609422004316
235,0,0,4,13,0,2,0,692.8134910122026,342.7171180082951,17191.367213003105,3787.601566000376
11,0,0,3,0,0,1,2,95.24709000834264,190.51542099623475,2496.0359560063807,678.8490890030516
11,0,0,1,1,0,1,1,242.8193589876173,369.67390798963606,350.68915400188416,173.25885499303695
6,0,0,1,1,0,2,10,66.83500899816863,90.15754600113723,367.02571000205353,319.2762170074275
11,0,0,2,0,0,1,0,118.14930599939544,105.12061799818184,1286.281954991864,575.0528310018126
9,0,0,3,0,0,1,281,76.80036099918652,105.2119749947451,2346.7010249878513,1268.7888390064472
9,0,0,1,1,0,1,10,131.35138600773644,179.70214699744247,803.3205219981028,311.52408799971454
28,0,0,2,3,0,2,1,131.83254399336874,169.8993689933559,783.7670220033033,286.93558799568564
11,0,0,1,1,0,1,1,138.0591360066319,195.91219100402668,530.8788490074221,303.5655800049426
12,0,0,3,1,0,2,10,149.8178280016873,209.71385699522216,2736.3764970068587,651.4878789894283
135,0,0,4,5,0,2,0,599.1078880033456,573.7527070014039,10159.210444995551,4426.508675998775
31,0,0,1,3,0,2,0,457.6106830063509,448.41134699527174,1206.679469003575,766.9928700051969
8,0,0,2,0,0,1,42,137.39960300154053,177.73863700858783,1271.4298240025528,602.1705839957576
6,0,0,3,0,0,1,12550,58.978741013561375,77.15620599628892,1122.876740002539,588.7188759952551
37,0,0,0,4,0,1,0,386.3216870086035,184.12940300186165,681.0451939963968,188.6058289965149
2,0,0,1,0,0,1,12550,36.467112993705086,43.89215300034266,288.82314800284803,159.33138299442362
12,0,0,1,1,0,1,3,241.685447996133,363.4393360116519,352.6982580078766,158.9954380033305
16,0,0,3,1,0,2,1,256.03643800423015,374.0954210079508,1446.903920994373,617.9699890053598
56,0,0,7,5,0,3,122,2175.0476299930597,3602.8225339978235,24302.961370995035,17070.04814600805
3,0,0,1,0,0,1,9230,66.44016699283384,88.67314999224618,506.26437000755686,299.2185149923898
35,0,0,5,3,0,3,12550,210.63386199239176,138.60250801371876,5711.317121997126,3945.142475000466
16,0,0,3,2,0,1,1,387.96973499120213,218.09979499084875,4612.443316000281,1332.59440700931
27,0,0,3,3,0,3,37,1225.9983310068492,1774.7060519905062,1847.2923720109975,1294.610440992983
8,0,0,2,0,0,1,12,126.52286600496154,176.06285799411125,1260.8936780015938,569.3584399996325
36,0,0,3,3,0,3,405,1519.5455780049087,1863.377107991255,2689.2809010023484,1961.2493500026176
54,0,0,5,5,0,2,12550,328.8165090052644,82.45314299711026,11219.50869000284,7619.926416999078
11,0,0,5,1,0,3,12550,100.13610099849757,93.56088200001977,2413.225642987527,1198.8894609967247
11,0,0,5,0,0,1,9122,324.15639799728524,486.3015440059826,4790.018248007982,2199.4949060026556
38,0,0,4,4,0,3,0,1334.9154030001955,1642.7610929968068,2155.377053990378,1389.9603110039607
10,0,0,1,1,0,2,5,122.06902100297157,168.22387599677313,641.3118970085634,290.0398349884199
10,0,0,3,0,0,1,2,119.82712800090667,170.81485300150234,2499.663859998691,1203.287320007803
12,0,0,5,0,0,1,232,142.23824699001852,195.89583401102573,9726.11008900276,3740.5026509950403
1,0,0,0,0,0,0,8533,99.5645049988525,139.59498799522407,275.8882549969712,156.29298199201003
57,0,0,8,5,0,3,78,1248.9127419976285,2868.632134006475,36535.25321101188,25024.098907990265
38,0,0,3,5,0,2,0,144.46729701012373,187.19495201366954,2615.417961991625,670.820098996046
33,0,0,3,3,0,3,85,1604.5314380025957,1974.5105609908933,2374.9208319932222,1615.8315970096737
21,0,0,6,2,0,3,5,663.8641379977344,598.6001419951208,5519.1445460077375,2356.5482679987326
11,0,0,2,0,0,1,1,129.70509300066624,182.5640119932359,1293.7720329937292,594.3462669965811
45,0,0,4,3,0,3,12550,263.993410000694,77.04429599107243,4298.34811600449,2813.653716992121
27,0,0,0,3,0,1,0,593.0064569984097,561.047747003613,529.2118100041989,209.98705799866002
7,0,0,1,0,0,1,0,125.55551600235049,176.9944569969084,571.9020260003163,320.7887099997606
12,0,0,4,2,0,3,122,554.549844993744,817.588016987429,2003.30276999739,1511.6571380058303
6,0,0,2,0,0,1,1517,234.88581499259453,343.32515198912006,645.1033759949496,305.3344539948739
13,0,0,0,1,0,1,0,123.77610700787045,173.85069500596728,360.3571150015341,163.7958549981704
56,0,0,1,7,0,2,1,576.5355059993453,928.1873040017672,1410.887456004275,403.0616399977589
7,0,0,2,1,0,2,9230,81.19948800595012,102.55415599385742,1140.523296999163,600.1367650023894
5,0,0,2,0,0,1,4295,228.82610899978317,333.7603370018769,608.6595130036585,316.05853099608794
12,0,0,2,1,0,1,1,64.92601000354625,145.60407199314795,1354.201333000674,611.4552500075661
11,0,0,3,1,0,3,5,134.90540800557937,183.05539299035445,565.4133790085325,294.77433700230904
38,0,0,4,4,0,3,1,758.0491699918639,1174.3994269927498,3088.7675720005063,2811.308253003517
57,0,0,8,5,0,3,1,1241.637647995958,1731.7706949979765,39690.524036006536,23131.80382300925
1,0,0,0,0,0,0,8533,101.74329800065607,140.99839600385167,278.6672660004115,156.99225600110367
16,0,0,6,2,0,3,548,503.8997279916657,419.4466869957978,2680.5855959973997,727.0666849944973
10,0,0,1,0,0,1,0,120.39900399395265,169.88553399278317,655.3062430029968,306.9012180058053
10,0,0,2,0,0,1,2,214.03144299983978,395.0311010121368,659.914656993351,313.53937499807216
11,0,0,2,0,0,1,4,65.51289799972437,85.96411399776116,753.462747001322,562.3670949862571
4,0,0,0,1,0,1,408,127.00322999444325,174.76416600402445,326.9005160109373,167.4688060011249
1,0,0,0,0,0,0,8399,79.61792600690387,109.70126900065225,245.65347499446943,157.61057399504352
16,0,0,5,2,0,2,546,140.43493100325577,201.59600699844304,8644.212012994103,4652.829758997541
28,0,0,2,2,0,2,12550,176.9521810056176,60.28337600582745,1328.2080670032883,1044.721407990437
18,0,0,1,1,0,1,1,65.7525589922443,89.45614799449686,372.6562280062353,174.6127819933463
113,0,0,3,6,0,2,1,635.9280010074144,610.430365006323,6513.76474899007,1160.2657809999073
36,0,0,2,4,0,2,1,741.2542140082223,689.9488049966749,2885.429728004965,1799.3516760034254
168,0,0,1,12,0,2,1,653.8213689927943,593.7499029969331,1853.25856799318,562.6812569971662
53,0,0,4,5,0,2,1,1266.4165239984868,1233.420283999294,3128.208939000615,1821.9438710075337
8,0,0,3,1,0,2,1479,461.53234998928383,664.1293569991831,673.2329579972429,311.1226729961345
16,0,0,3,0,0,1,2,249.64210399775766,366.02806599694304,887.30107700394,300.9104989905609
6,0,0,1,0,0,1,49,65.03621100273449,98.38319399568718,636.3738090003608,305.6404189992463
11,0,0,4,0,0,1,88,138.9222419966245,198.20629799505696,4919.878291999339,2379.738574003568
57,0,0,8,5,0,3,132,1773.826190008549,2596.052131993929,35042.325713991886,17649.822662002407
109,0,0,4,10,0,3,1,540.0894600024913,488.4228969895048,8655.902607992175,1318.7731049983995
14,0,0,1,0,0,1,1,119.61212000460364,164.75771700788755,661.141132004559,284.33834300085437
5,0,0,1,0,0,1,473,122.09313799394295,171.16054600046482,627.6839249912882,306.37120000028517
6,0,0,3,0,0,1,12550,59.09562400483992,77.78413299820386,1116.4615279994905,584.7912829922279
76,0,0,2,11,0,2,1,155.57578999141697,367.0254379976541,1010.362482003984,311.6528120008297
71,0,0,1,3,0,2,0,669.8646449949592,634.3456199974753,910.182352992706,391.8686220131349
12,0,0,4,2,0,3,12550,117.86365699663293,78.32623299327679,1794.9722330085933,922.5713069899939
9,0,0,4,0,0,1,0,241.29364399414044,345.85429799335543,2424.2803670058493,1139.2483079980593
55,0,0,6,5,0,3,51,1818.7197450024541,2475.270675000502,17367.853467992973,10705.640728992876
10,0,0,0,1,0,1,1,131.11929700244218,170.64670599938836,262.1311330003664,105.10817800241057
186,0,0,4,14,0,2,1,410.807588006719,412.4737759993877,7476.987399000791,2206.1931880016346
45,0,0,5,4,0,3,115,314.5942299888702,1845.0469719973626,13325.341002011555,8182.995797003969
52,0,0,7,4,0,3,39,1229.4576090062037,2441.6252700029872,19319.630118989153,8815.252731001237
9,0,0,2,1,0,3,12550,87.29068099637516,44.21892399841454,1082.0697260060115,880.0323769974057
55,0,0,6,5,0,3,12550,339.45224998751655,106.22969600080978,17209.42452500458,9902.551428996958
108,0,0,5,4,0,3,0,631.7431450006552,615.9324150066823,11234.52308200649,5359.63890599669
17,0,0,0,2,0,1,6,678.5729510011151,640.4849020036636,722.2614210040774,572.3909489897778
9,0,0,3,0,0,1,0,239.1032089944929,348.02611099439673,1226.1959739989834,563.0492729978869
9,0,0,0,0,0,0,21,119.4049960031407,164.55809700710233,326.7031949944794,149.81703300145455
10,0,0,2,0,0,1,1,119.23873299383558,164.1160289873369,1253.2386500097346,567.5051339931088
135,0,0,1,10,0,2,1,581.5413399977842,546.1129899922526,1100.2698349911952,456.0113190091215
54,0,0,5,5,0,2,0,1733.0452889873413,2007.6120320009068,11067.502684993087,5629.613397992216
44,0,0,1,3,0,2,2,1202.9999260121258,1172.5003250030568,382.0023790030973,234.53715999494307
5,0,0,1,0,0,1,29,254.12638299167156,372.42730299476534,335.69234499009326,102.48266799317207
4,0,0,0,0,0,0,0,117.49510899244342,165.22937999980059,312.568838999141,148.27064500423148
13,0,0,1,1,0,1,1,119.55614598991815,164.82785799598787,674.2124269949272,290.025391994277
6,0,0,2,0,0,1,6476,146.08379898709245,205.3872050018981,654.1522439947585,579.4963460066356
18,0,0,0,3,0,1,1,226.47623300144915,261.45662600174546,328.7907549965894,219.86388399091084
8,0,0,2,0,0,1,10,353.99013600545004,575.2622730069561,592.4963690049481,154.5389319944661
23,0,0,2,1,0,2,1,133.67335399379954,186.52275299245957,1477.7954849996604,604.4311409932561
12,0,0,3,1,0,1,71,129.34657800360583,171.54542099160608,2658.0713220027974,606.0538110032212
11,0,0,2,2,0,3,0,60.626571998000145,141.46274300583173,973.5528559976956,419.6887529978994
13,0,0,3,1,0,1,1,203.63424401148222,176.41656899650116,4292.048998002429,1147.0316699997056
8,0,0,1,0,0,1,2,65.46429599984549,126.82732900429983,660.7802030048333,317.06160500471015
1,0,0,0,0,0,0,8533,90.0629370007664,136.28901400079485,275.92923399060965,155.7241100090323
3,0,0,0,0,0,0,803,118.45212799380533,167.09180200996343,312.4519510020036,158.53228900232352
4,0,0,0,0,0,0,0,118.63009400258306,163.98403000494,311.0194710025098,148.645077002584
40,0,0,6,4,0,3,5,753.5597220121417,652.0564250095049,23685.418421009672,15843.748238999979
29,0,0,2,3,0,2,0,640.7478809996974,182.05076199956238,2241.6043120028917,657.6991339970846
15,0,0,4,1,0,2,19,373.7609530071495,562.3397349991137,2554.3183150002733,1106.9637400069041
7,0,0,1,0,0,1,33,122.68810800742358,176.74337400239892,652.2370029997546,307.842530994094
17,0,0,6,0,0,1,2,243.19321400253102,352.63781099638436,9906.81137300271,3753.1836739944993
28,0,0,2,4,0,2,1,126.10040500294417,164.29417399922386,1483.2568020065082,553.4543959947769
16,0,0,1,1,0,2,12550,111.33044899906963,43.82973999599926,675.7015990006039,555.2112580044195
3,0,0,1,0,0,1,606,59.922057000221685,81.0300519951852,377.9751249967376,284.4196040095994
5,0,0,0,0,0,0,1,123.07308599702083,170.94364999502432,322.900879997178,152.57057799317408
22,0,0,1,4,0,2,11,797.3198980034795,812.5519339955645,632.1398209984181,289.1558109986363
8,0,0,1,1,0,1,1,125.5707749951398,175.02023000270128,669.8802059981972,308.40096599422395
66,0,0,1,11,0,2,1,123.49694600561634,172.9437679896364,1123.2836250128457,284.6853299997747
14,0,0,4,1,0,2,6,125.46370101335924,176.10904700995889,4679.276951996144,2104.426385005354
9,0,0,1,0,0,1,10,123.03436199727003,173.37999399751425,656.8075840041274,305.338397010928
10,0,0,1,1,0,2,18,139.70243600488175,185.97328299074434,669.2072309961077,308.86253400240093
16,0,0,2,1,0,1,1,105.40950500580948,156.27852399484254,1359.0611740073655,570.597241006908
65,0,0,2,3,0,2,72,1923.1664749968331,2845.864832997904,1003.5585459991125,554.211573995417
18,0,0,1,1,0,1,1,120.26614899514243,165.48010299447924,700.0840489927214,288.25658099958673
61,0,0,3,4,0,3,0,707.2258469997905,709.7823749936651,2829.1676079970784,1557.7080060029402
13,0,0,3,0,0,1,1,133.55901899922173,185.56653999257833,2591.9318160013063,1194.7217720007757
9,0,0,1,0,0,1,1,122.16410899418406,171.27252000500448,656.3033050042577,305.10377399332356
2,0,0,1,0,0,1,12550,36.51585298939608,43.7116090033669,275.42684400395956,158.2383060012944
31,0,0,1,3,0,2,6,1059.4986729993252,1042.4297990102787,424.1114480100805,225.8022269961657
6,0,0,1,1,0,2,22,502.2720399865648,371.0220869979821,591.8273429997498,174.98918900673743
9,0,0,3,0,0,1,2044,352.2860750090331,539.3478010082617,1228.8175800058525,574.2212519980967
5,0,0,1,0,0,1,97,117.96103700180538,164.879308998934,614.975646007224,290.4267880076077
56,0,0,7,5,0,3,12550,342.41712499351706,105.19187699537724,23326.802127994597,15250.875744008226
17,0,0,5,1,0,2,1,366.1499769950751,437.2236439958215,1813.3560179994674,560.1819639996393
11,0,0,0,1,0,1,0,119.448358003865,166.54063199530356,339.182323004934,147.95049399253912
9,0,0,1,0,0,1,3,120.69225299637765,167.90521499933675,637.5162460026331,290.52400699583814
14,0,0,0,1,0,1,0,127.86230898927897,178.5011769970879,367.9901869909372,164.16557200136594
39,0,0,1,2,0,2,40,1179.0765839978121,667.8215360007016,398.6067939986242,256.86608599789906
55,0,0,6,5,0,3,78,1243.9701409894042,2942.286855002749,15120.673078999971,11169.541322989971
33,0,0,1,2,0,1,1,120.65218800853472,165.51587599678896,806.948288998683,290.84068500378635
58,0,0,9,5,0,3,1879,2106.623084997409,3635.277016001055,39295.89138799929,24503.784615008044
42,0,0,1,6,0,1,0,66.84841901005711,86.49146000971086,473.00473701034207,155.9162240009755
27,0,0,1,2,0,2,0,1235.3317359957146,1301.6182959981961,695.290859992383,525.9963269927539
38,0,0,3,6,0,2,1,127.25828999828082,162.84017499128822,3465.90153798752,1106.0757200029911
52,0,0,7,4,0,3,0,1336.249821993988,1251.7970180051634,33926.449058999424,8706.009892004658
34,0,0,1,3,0,2,0,331.4340759970946,92.70923300937284,961.6374040051596,340.6837170041399
56,0,0,7,5,0,3,12550,339.9045950063737,105.77826399821788,16717.117838008562,9551.097219999065
13,0,0,3,1,0,1,1,198.047479003435,286.22830800304655,1109.7084259963594,564.0920220030239
11,0,0,2,0,0,1,4,136.87208500050474,188.9087860035943,1355.4562089993851,645.4069060127949
58,0,0,9,5,0,3,39,1000.378698008717,2722.6855369954137,33685.69247100095,19388.850026996806
16,0,0,1,2,0,1,1,116.54641000495758,163.68044300179463,698.48788199306,277.51503699983004
25,0,0,1,1,0,1,1,119.3081959936535,165.2629669988528,739.9343109864276,291.7079220060259
58,0,0,9,5,0,3,39,1253.2181889982894,2961.5278179990128,59014.15511299274,34668.667139005265
12,0,0,1,1,0,1,1,122.01033601013478,172.53972800972406,687.760510991211,302.9857599904062
38,0,0,3,3,0,2,2,770.0772590033012,714.4117959978757,5186.938707993249,3352.8743859933456
9,0,0,2,1,0,2,1,128.20434900640976,178.92986399237998,1286.5980520000448,604.4557889981661
13,0,0,2,0,0,1,1,119.80071100697387,167.15362999821082,1279.576821005321,569.7333749994868
73,0,0,2,5,0,2,1,640.0162139907479,999.8800000030315,2408.4789490007097,764.4993650028482
13,0,0,4,0,0,1,20,127.65727400255855,178.60779100738,4810.553167990292,2375.5870960012544
212,0,0,3,9,0,2,0,526.0040430002846,500.74197599315085,7761.293732008198,2397.755124999094
15,0,0,4,1,0,2,2,120.37158299062867,170.320723002078,2032.8527859965106,859.0228310058592
52,0,0,3,5,0,2,0,1656.189703993732,2021.8090389971621,3058.201349005685,1813.4443020098843
10,0,0,5,0,0,1,12550,55.543775990372524,54.55555299704429,3934.7048089985037,2176.0775050061056
9,0,0,1,0,0,1,2,121.3272489985684,171.68890198809095,662.6057300018147,309.6599690034054
22,0,0,7,2,0,3,0,635.8751649968326,552.7849010104546,10269.299409002997,4741.134262993
11,0,0,1,1,0,1,1,126.08350798836909,175.82287099503446,685.8437100017909,308.1755839957623
188,0,0,1,11,0,2,0,440.7191049976973,663.5048189928057,1772.7137839974603,521.4195129956352
48,0,0,7,4,0,3,0,1243.9740639965748,702.5069630035432,11821.51789800264,3065.370867989259
10,0,0,1,0,0,1,1,122.65838700113818,166.72291899158154,651.983192001353,292.7755260025151
22,0,0,1,3,0,1,0,129.68463300785515,177.00315000547562,791.925033001462,318.93209999543615
10,0,0,1,0,0,1,4,88.17663199442904,87.31834799982607,337.1433130087098,154.42489099223167
23,0,0,1,3,0,1,1,125.7805289933458,166.44444900157396,770.865201993729,289.12154999852646
52,0,0,3,5,0,2,1,1182.8963279986056,1205.128395013162,857.7981739945244,706.9188700115774
12,0,0,2,1,0,2,0,89.64689300046302,165.81840999424458,1228.5748950089328,567.2896940086503
7,0,0,3,0,0,1,0,359.6739689965034,552.592382999137,1248.788381999475,603.4149230108596
19,0,0,2,3,0,1,1,141.56849599385168,185.8036009944044,1491.4819380064728,601.223254998331
49,0,0,4,4,0,3,0,1809.341102009057,1573.4743999928469,3895.148584007984,1157.0720709860325
3,0,0,1,0,0,1,606,114.97809000138659,158.38187000190374,591.4807239896618,284.9038779968396
73,0,0,4,12,0,2,1,77.13463799154852,169.34091800067108,9210.59504999721,2471.815240001888
12,0,0,5,0,0,1,618,468.6191139917355,709.9747589963954,4269.030019000638,1416.3470019993838
10,0,0,2,1,0,1,4,268.95264799532015,392.05839499481954,673.1031039962545,314.62308000482153
9,0,0,2,0,0,1,5,65.05463100620545,87.695086011081,1240.258879988687,598.9758469950175
266,0,0,0,13,0,1,1,499.5442200015532,484.2505179985892,1180.9852729929844,96.80359601043165
10,0,0,4,0,0,1,3095,328.1881230068393,501.9434810092207,2432.2920349950437,1132.8779890027363
11,0,0,3,0,0,1,0,118.76020199269988,164.34285799914505,1897.1383629977936,1120.0172959943302
109,0,0,6,4,0,3,0,422.4077310063876,536.8372430093586,20634.163559006993,9193.700408999575
14,0,0,1,0,0,1,1,239.4887429982191,354.09975399670657,347.14556200196967,159.05034900060855
10,0,0,1,0,0,1,4,128.3509700006107,176.10435700044036,678.8495499931742,321.07806600106414
2,0,0,0,0,0,0,1827,108.27729300945066,151.05405500798952,288.28209500352386,149.97500399476849
4,0,0,1,0,0,1,286,150.8699090045411,216.61818500433583,651.233910000883,327.56381201033946
11,0,0,2,1,0,1,1,123.9236190012889,169.78980200656224,1221.1180729937041,576.5963979938533
6,0,0,0,0,0,0,30,131.13117100147065,184.28365500585642,346.816373988986,172.89388900098857
11,0,0,2,0,0,1,1,120.4056930000661,165.63906300871167,1266.77319900773,565.4746829968644
11,0,0,2,0,0,1,2,240.5203119997168,350.88663500209805,639.6727999963332,288.2177960127592
9,0,0,1,0,0,1,0,120.54471600276884,166.66786499263253,440.4805049998686,146.45360599388368
21,0,0,1,3,0,2,1,123.64465800055768,173.33064500417095,757.4474290013313,310.81384999561124
115,0,0,0,9,0,1,1,667.6579530030722,626.8366940057604,758.4273789980216,278.6721739976201
399,0,0,3,17,0,2,1,705.4322979965946,668.6624349968042,12292.771057997015,1854.225478004082
13,0,0,3,1,0,1,1,259.72765900951345,376.92381101078354,1306.1612010060344,564.36804299301
9,0,0,1,0,0,1,1,62.50965400249697,85.7642779883463,485.73246800515335,293.85550400184
15,0,0,1,1,0,1,0,127.59186800394673,176.73542600823566,559.8906090017408,163.56295500008855
51,0,0,7,4,0,3,352,1275.110864007729,2518.809736997355,31609.548701002495,20039.98722099641
5,0,0,0,1,0,1,5,112.54489899147302,165.4467819898855,286.68639999523293,76.60436199512333
33,0,0,4,3,0,2,11,1122.575504006818,1089.7183290071553,4528.0976809881395,1296.4398250041995
2,0,0,0,0,0,0,2666,53.537282001343556,70.59315401420463,143.6753100133501,79.91186800063588
15,0,0,1,2,0,2,13,451.0427229979541,382.37029999436345,1012.4172689975239,855.5880740022985
6,0,0,2,0,0,1,1121,129.89881698740646,182.2264219954377,1284.6781840053154,635.8201909897616
11,0,0,1,0,0,1,1,64.5058619993506,87.88219299458433,564.535119003267,315.7632809889037
39,0,0,1,3,0,2,1,591.820697998628,559.7123589977855,1235.336819998338,789.750048003043
5,0,0,1,1,0,1,82,473.29786700720433,323.67217299179174,170.79758799809497,84.00015800725669
11,0,0,1,0,0,1,1,252.82250299642328,374.3501509889029,344.239876998472,119.49422801262699
20,0,0,2,2,0,2,1,122.74644800345413,174.13100101111922,1478.7989769974956,621.5660930029117
7,0,0,1,1,0,1,26,123.08978899091017,170.3744450060185,640.4477530013537,292.36438099178486
18,0,0,3,0,0,1,1,64.40995899902191,88.82580998761114,1359.7232419997454,806.7137600010028
19,0,0,2,2,0,2,9,1045.743084003334,657.2815490071662,1155.6760639941785,392.65701099066064
10,0,0,1,0,0,1,4,242.5055570056429,355.21137800242286,329.2595200036885,151.41779399709776
58,0,0,9,5,0,3,78,1248.8069309911225,2765.1910729910014,39218.00655199331,25075.97891300975
56,0,0,7,5,0,3,3,1331.9789899978787,2503.9824950072216,32853.48195300321,19393.69172300212
13,0,0,1,1,0,1,1,247.01056799676735,357.11849300423637,344.19704700121656,148.0230149900308
33,0,0,3,3,0,2,7,480.0541709992103,466.04665300401393,4625.945309002418,3052.7644360117847
22,0,0,7,2,0,3,1,167.29909800051246,223.29908500250895,20325.150634002057,8995.574043001398
7,0,0,3,1,0,3,9230,80.03235099022277,87.04676400520839,819.2521809978643,457.09160300611984
9,0,0,1,0,0,1,1,122.22283700248227,171.67436199088115,656.5368919982575,302.2432959987782
12,0,0,3,0,0,1,10,62.05140000383835,94.95684500143398,2395.282113997382,1129.1361360053997
10,0,0,3,0,0,1,42,244.40477500320412,359.6837780060014,1252.3191350046545,574.4186469964916
14,0,0,3,1,0,2,12,637.8953430103138,596.3083509996068,1279.3645019992255,590.8976159989834
27,0,0,5,3,0,3,12550,199.1580129979411,75.650051003322,5992.855303004035,3962.526862989762
36,0,0,1,4,0,2,1,1005.2246529958211,1002.7179199969396,693.8209210056812,407.6046270056395
12,0,0,1,1,0,1,1,120.97316999279428,166.18797100090887,543.6728640052024,146.9158090039855
9,0,0,1,0,0,1,1,121.71170400688425,173.6146000039298,656.2128999939887,308.79310199816246
11,0,0,2,0,0,1,6,123.8972689898219,174.2143559968099,1301.6755620046752,604.4893859943841
16,0,0,6,2,0,3,8399,914.7636980051175,1023.594611993758,4396.2216319923755,2342.046975987614
346,0,0,2,17,0,2,1,535.1509739994071,518.2587809977122,5850.850937000359,978.4377439937089
12,0,0,3,0,0,1,10,62.49739999475423,160.55717700510286,2429.540498997085,905.2254580019508
12,0,0,3,2,0,2,4,476.17018000164535,380.22536899370607,697.2525640012464,308.4404629917117
9,0,0,4,0,0,1,9914,100.32735600543674,163.4960660012439,2229.329402995063,1115.9336760028964
6,0,0,2,0,0,1,3160,241.65946699213237,352.6484790054383,457.4486460041953,167.74258499208372
13,0,0,3,0,0,1,4,129.51279600383714,105.46814800181892,2492.748204007512,1214.8565310053527
1,0,0,0,0,0,0,0,115.91618000238668,163.7994649936445,301.82952000177465,145.70437399379443
9,0,0,2,0,0,1,55,156.42953000497073,360.2854990022024,648.5224870120874,309.0835340117337
1,0,0,0,0,0,0,9914,81.4106809993973,110.29020299611147,245.4106279910775,159.0145579975797
11,0,0,3,2,0,3,12550,108.25923099764623,60.9099330031313,1424.1024660004769,1027.2929570055567
10,0,0,1,1,0,1,1,67.17459199717268,148.84384399920236,679.8009339981945,302.4488450028002
1,0,0,0,0,0,0,3085,103.34039700683206,143.68334200116806,281.2890339992009,150.2169230079744
9,0,0,4,1,0,3,12550,89.12789799796883,78.93069600686431,1123.411312000826,593.2409279921558
33,0,0,4,3,0,2,3,1351.8291370128281,1300.410762996762,2058.4082239947747,1229.1989369987277
3,0,0,0,0,0,0,0,77.01843000540975,90.97711399954278,169.11878100654576,107.25179899600334
12,0,0,1,0,0,1,1,123.4700229979353,172.875609001494,668.4647829970345,305.8064299984835
10,0,0,2,0,0,1,4,118.57301100098994,166.38843399414327,1258.9830640063155,573.860001997673
4,0,0,1,0,0,1,2802,143.0066960019758,199.41150699742138,636.9598899909761,328.4076650015777
15,0,0,4,1,0,1,9,390.4751059890259,599.6146940015024,2116.5886640083045,556.7235680064186
12,0,0,3,0,0,1,3,130.06159200449474,186.90454900206532,2406.2056739930995,1196.3585040066391
6,0,0,2,0,0,1,2326,129.215970999212,179.14316200767644,1202.3456870083464,604.1326169943204
13,0,0,4,2,0,3,290,769.0097540034913,809.5687570021255,1347.2695550008211,608.7167389923707
15,0,0,3,1,0,2,1,246.84683200030122,353.8498240086483,1313.1317109946394,572.2583099995973
57,0,0,8,5,0,3,0,1264.6064090076834,2197.334498996497,24376.618089008844,14914.042304997565
50,0,0,3,8,0,2,1,504.58789798722137,394.8137819970725,2555.1509100041585,670.0069380021887
5,0,0,2,0,0,1,8399,162.5959770026384,236.10659000405576,609.6824330015806,307.98836900794413
40,0,0,3,6,0,2,1,427.9355930048041,690.4821829957655,5003.7725739966845,1160.7888839935185
2,0,0,0,0,0,0,1556,114.77400299918372,161.12249699654058,305.1344959967537,159.27124000154436
6,0,0,2,1,0,2,35,369.73502799810376,502.66868599283043,2169.923537003342,1214.7412179911043
22,0,0,7,2,0,3,2,641.5070389921311,562.8053560067201,9948.167264010408,3484.1630080045434
10,0,0,4,1,0,2,12550,51.12039799860213,47.61853000673,1684.5812309911707,833.6859779956285
5,0,0,1,1,0,2,87,93.26579100161325,82.62993999233004,538.0036050046328,278.46920999581926
16,0,0,1,1,0,1,1,136.31337700644508,136.65658500394784,714.6288799995091,311.32016598712653
109,0,0,4,10,0,2,1,530.2977089886554,510.0286390079418,11403.053134999936,4125.37434999831
2,0,0,1,0,0,1,12550,38.25350399711169,45.08687200723216,199.97555599547923,154.4351310003549
34,0,0,4,3,0,2,1,419.1569600079674,419.86216900113504,8190.158912999323,5879.148335996433
8,0,0,3,0,0,1,155,280.3661500074668,373.88054399343673,1183.1880969984923,609.8187899915501
13,0,0,1,0,0,1,2,118.35842700384092,166.46588000003248,659.5552499929909,287.8136419894872
9,0,0,1,0,0,1,1,127.2005810023984,177.02293400361668,659.6778519888176,308.5016819968587
8,0,0,1,0,0,1,21,89.811584999552,90.50518099684268,596.0422220086912,310.63867500051856
54,0,0,3,7,0,2,1,131.5104630048154,177.04175200196914,3808.6203090060735,1202.112497005146
16,0,0,1,0,0,1,1,123.27555799856782,167.3795629903907,674.1216430091299,290.05382300238125
31,0,0,1,2,0,2,1,543.8138059980702,521.4610289986013,1215.118320993497,869.1833820048487
54,0,0,5,5,0,3,2,1244.3683110031998,2211.841550000827,5738.055898997118,3495.758385004592
11,0,0,3,0,0,1,1,81.69601600093301,85.6055870099226,2358.51728200214,905.9619809995638
11,0,0,2,1,0,1,1,285.12690401112195,388.9377799932845,678.5555419919547,308.9089159911964
16,0,0,6,2,0,3,19,644.9752670014277,594.951630992,2697.7141040115384,1178.0997930036392
11,0,0,1,1,0,2,2,107.39633400226012,174.7241010016296,669.3364940001629,305.98290800116956
7,0,0,1,0,0,1,5,125.72912700125016,177.24643398832995,649.2615940078394,306.84744799509645
214,0,0,2,20,0,2,1,244.47513700579293,211.10722499724943,4854.916181997396,921.608415999799
10,0,0,2,0,0,1,0,122.13538200012408,174.05556599260308,1287.7219380025053,595.2950570062967
9,0,0,3,0,0,1,97,318.6028539930703,264.82406799914315,611.1827910062857,279.187694992288
25,0,0,3,3,0,2,0,1160.7457979989704,1012.0707489986671,1969.8710600059712,1603.949846001342
11,0,0,3,0,0,1,2,241.17611099791247,352.81647800002247,1010.1221789955162,570.3966160072014
16,0,0,6,2,0,3,8399,907.3671209916938,710.7020059920615,4251.712637007586,2307.5737379986094
7,0,0,3,0,0,1,8399,108.21092099649832,148.41208800498862,1627.0261040044716,617.7645930001745
31,0,0,1,4,0,2,1,372.8325089905411,381.87463500071317,1168.1231559923617,382.3791750037344
9,0,0,1,0,0,1,0,118.46078900271095,165.2242600102909,627.3127250024118,279.85475699824747
13,0,0,2,0,0,1,1,267.8632129973266,399.78894899832085,673.7748059967998,310.49173000792507
75,0,0,0,15,0,1,0,66.23103200399783,82.0181360031711,560.9885640005814,146.87126099306624
33,0,0,3,3,0,2,1,445.6022919912357,437.11029199766926,4708.270650997292,2577.8710360027617
12,0,0,4,1,0,2,2,241.4426379982615,349.64932200091425,965.8689000061713,600.2999909978826
10,0,0,3,0,0,1,35,97.40516000601929,121.7262799909804,2614.887190007721,1261.0458449926227
23,0,0,6,3,0,3,792,1461.2455510068685,1810.1519550109515,7593.9265259949025,5327.079112001229
6,0,0,1,1,0,2,792,423.3638440055074,503.62323799345177,868.0612409953028,697.5414860062301
55,0,0,6,5,0,3,2,1116.7629230039893,1486.5363449935103,9122.496327006957,5400.9561099956045
117,0,0,1,11,0,2,1,332.58504199329764,218.70872800354846,991.6797490004683,315.1969799946528
11,0,0,1,0,0,1,1,122.39696599135641,173.4539470053278,665.6687149952631,300.93597699305974
1,0,0,0,0,0,0,9230,29.03951700136531,37.02409900142811,202.3342399916146,153.93814200069755
135,0,0,4,5,0,3,1,480.144528002711,998.0210000067018,5103.135091994773,3041.7780520074302
96,0,0,4,15,0,2,0,128.8759460003348,164.77101200143807,9298.084822003148,1324.6302219922654
23,0,0,2,2,0,2,0,880.0845549994847,363.1012319965521,1316.5801110008033,338.4902609977871
53,0,0,4,5,0,2,18,2138.708732003579,3294.09876500722,5703.155219001928,3736.431821002043
9,0,0,3,0,0,1,12,389.7754490026273,598.7326549948193,1284.5471420005197,615.867675995105
4,0,0,0,0,0,0,74,126.29527501121629,175.54958000255283,328.1179959885776,160.284668992972
15,0,0,5,2,0,3,1441,743.8449499895796,582.143167994218,2200.346614001319,920.4308299958939
45,0,0,4,3,0,3,78,1244.1853869968327,1832.5744649919216,4444.73473400285,2882.387424004264
8,0,0,1,1,0,1,245,482.0955769973807,384.04291099868715,341.744524994283,156.87567098939326
8,0,0,3,0,0,1,1121,130.9547040000325,182.98674799734727,1153.9721820008708,644.011500000488
16,0,0,3,0,0,1,102,383.70818000112195,591.9003519957187,1365.8679260115605,417.0158399938373
16,0,0,6,2,0,2,14,640.8556749956915,561.6900739987614,4971.415992011316,2239.620738007943
10,0,0,5,0,0,1,12550,78.24562600580975,105.40945899265353,3628.8718529976904,1739.3903610063717
12,0,0,2,0,0,1,9,372.6890789985191,565.2314420003677,669.2650500044692,307.4310990050435
9,0,0,3,0,0,1,69,257.91030199616216,379.2985579930246,627.38264798827,284.8542860010639
7,0,0,1,0,0,1,7,128.47161700483412,177.565986989066,663.3743690035772,322.44059300865047
26,0,0,4,3,0,2,2,434.39168800250627,427.88529899553396,1254.2309779964853,496.44815099600237
9,0,0,1,0,0,1,2,63.90233199635986,87.39038099884056,334.50521499617025,276.2935770006152
4,0,0,1,0,0,1,1517,119.42884599557146,165.267940988997,603.0577549972804,294.8942149960203
55,0,0,6,5,0,3,6,961.5132680046372,1213.876819005236,17541.834583011223,10180.62564500724
2,0,0,1,0,0,1,12550,37.5178170070285,45.18377401109319,203.30830200691707,151.3236360042356
6,0,0,2,1,0,2,12550,80.26331399742048,61.07523699756712,592.3560270020971,292.02729000826366
2,0,0,0,0,0,0,1607,114.93522999808192,161.3375479937531,303.43227500270586,159.0489410009468
2,0,0,1,0,0,1,12550,37.84563399676699,45.01183699176181,201.469381005154,151.88187100284267
1,0,0,0,0,0,0,9122,66.91726899589412,88.10105799057055,222.7484749892028,157.93767299328465
30,0,0,4,5,0,1,0,151.9533050013706,182.84832399513107,6891.933330000029,2382.8904760011937
10,0,0,2,0,0,1,1,364.2444510041969,551.7675759911072,657.1716309990734,306.13669799640775
12,0,0,1,0,0,1,2,122.24834099470172,173.26271599449683,674.4535549951252,310.32275198958814
18,0,0,5,0,0,1,1,249.81549198855646,356.4106819976587,5140.857751990552,1789.8924799956148
30,0,0,1,3,0,1,1,424.439964001067,419.7341130056884,983.5460890026297,419.813125001383
8,0,0,1,0,0,1,20,132.0116870047059,183.94467399048153,677.0613889966626,330.4322600015439
11,0,0,3,0,0,1,31,285.6911809940357,421.0278219979955,1312.1104239980923,597.2529110003961
54,0,0,3,7,0,2,1,70.12480800040066,90.85415401204955,3374.60442999145,1198.9561750087887
18,0,0,5,2,0,3,1,649.1264750075061,594.2681349988561,2762.5384510029107,1197.4218499963172
7,0,0,2,0,0,1,26,118.03007399430498,166.91646100662183,1008.7429639970651,555.6208829948446
13,0,0,2,1,0,2,3,118.92609800270293,168.17299599642865,1292.5751650036545,572.1643159922678
15,0,0,5,2,0,2,1479,462.06903499842156,922.7789180004038,5023.787921003532,2142.340210004477
56,0,0,7,5,0,3,473,1680.2679119864479,2806.888158011134,17074.454589004745,10231.267645998742
11,0,0,3,1,0,1,0,240.72504599462263,349.66157100279815,1307.121146004647,592.4459899979411
15,0,0,3,0,0,1,1,121.8039470113581,170.70349999994505,2599.213638997753,1008.2585290074348
10,0,0,2,0,0,1,3,121.98018599883653,171.05925201030914,988.9043559960555,300.5924640019657
12,0,0,4,0,0,1,122,123.0134109937353,168.63948499667458,4462.736542001949,2028.7000649987021
12,0,0,0,1,0,1,1,65.66856900462881,86.05815000191797,180.8150779979769,81.46736600610893
9,0,0,2,0,0,1,51,380.14763400133234,579.9772059981478,665.0216600100975,313.6527880124049
16,0,0,1,1,0,1,1,127.04056499933358,172.99840699706692,709.5641780033475,303.59418599982746
235,0,0,4,13,0,2,1,690.579333997448,656.9836150010815,16526.907717998256,3215.007532009622
2,0,0,0,0,0,0,108,119.28251299832482,166.82832699734718,307.0508270029677,148.84727200842462
11,0,0,1,0,0,1,6,122.39698600023985,172.19996699714102,677.2481810039608,308.73870599316433
14,0,0,1,0,0,1,1,64.54753899015486,86.96422999491915,410.58497500489466,303.47268100013025
21,0,0,6,2,0,3,0,334.34091799426824,300.0956900068559,5316.9717979908455,2353.1671200034907
9,0,0,3,0,0,1,372,139.61966300848871,195.8145480020903,1192.0249120012159,611.3837719894946
9,0,0,1,0,0,1,1,127.78335199982394,178.13874999410473,650.3738710016478,320.6026830011979
11,0,0,1,0,0,1,2,133.19597199733835,187.78858000587206,672.8821519936901,313.4164270013571
24,0,0,1,2,0,1,1,244.81143800949212,358.04647199984174,395.76249101082794,160.9374479885446
10,0,0,2,2,0,3,490,400.23639900027774,707.5209019967588,911.6534759959904,611.2706130079459
11,0,0,3,1,0,2,44,502.20658000034746,368.5076929978095,2229.7662289929576,668.2654500036733
10,0,0,2,0,0,1,36,139.79152400861494,197.93543999549001,337.0665550028207,153.85428399895318
57,0,0,8,5,0,3,12550,358.1576870055869,106.99395400297362,25603.890561003936,17285.268495994387
9,0,0,0,0,0,0,0,130.19756198627874,179.55689299560618,350.77787899354007,169.11650099791586
39,0,0,1,3,0,2,1,452.05999301106203,449.35412298946176,1436.460275988793,928.2455890061101
49,0,0,4,4,0,3,0,1247.4500779935624,1730.7094110001344,4323.590988991782,1182.4906780093443
6,0,0,1,1,0,2,4804,458.72844599944074,335.3595460066572,559.3331370037049,185.80920998647343
11,0,0,1,0,0,1,1,240.26749200129416,356.53663700213656,343.1598259921884,161.6882039961638
21,0,0,4,3,0,2,122,1118.0753960070433,1509.3777290021535,2547.2129929985385,1876.030057988828
15,0,0,1,0,0,1,1,121.2513670034241,171.8932829971891,688.9885169948684,256.50916699669324
8,0,0,1,0,0,1,13,121.77886399149429,172.7730389975477,655.134882996208,308.5589450056432
169,0,0,1,13,0,2,1,477.7378410071833,575.6113719980931,1717.1985969907837,512.3368049971759
11,0,0,4,0,0,1,240,276.62818400131073,211.510836990783,1759.365631005494,1210.215013998095
6,0,0,2,0,0,1,0,61.074109995388426,84.46503599407151,669.4602179923095,349.88839499419555
8,0,0,2,1,0,2,9122,96.20866499608383,118.77066100714728,943.5999700071989,500.9805980080273
13,0,0,1,2,0,1,1,129.40549800987355,169.13309699157253,686.8717180041131,307.23717699584085
5,0,0,0,0,0,0,14,129.53020200075116,182.5701680063503,339.48485799191985,171.83353001018986
38,0,0,3,6,0,2,1,127.70936099695973,165.1242439984344,2884.6176869992632,926.4296110050054
13,0,0,0,1,0,1,3,316.3337820005836,94.93213699897751,284.82736299338285,174.2369240091648
12,0,0,4,0,0,1,9,250.41172999772243,359.1563619993394,2310.598177005886,1203.5756260011112
10,0,0,4,1,0,2,12550,103.240235010162,92.84324399777688,2143.0550340010086,571.2154700013343
24,0,0,1,2,0,1,1,130.0624110008357,179.4920320098754,794.2362140020123,328.2522420049645
11,0,0,0,1,0,1,70,620.9281649935292,710.461424998357,611.1465930007398,536.954738010536
19,0,0,3,1,0,1,1,122.36743600806221,172.51372900500428,2815.1101989933522,992.815370002063
14,0,0,4,2,0,3,75,138.6588149907766,185.16253000416327,2620.1107209926704,1190.0594679900678
2,0,0,0,0,0,0,2326,122.75803700322285,172.66673399717547,319.51783900149167,172.72433600737713
34,0,0,4,3,0,3,308,442.85910300095566,1043.489650997799,6904.263620002894,4662.8784610074945
56,0,0,7,5,0,2,1,1348.0732040043222,1294.2193930066423,23143.4169330023,13269.471098014037
2,0,0,1,0,0,1,12550,37.9738140036352,46.37606399774086,202.87738800107036,157.8809700004058
12,0,0,3,0,0,1,6,109.72364900226239,174.4765799958259,1831.4868590096012,605.1664450060343
21,0,0,6,2,0,2,1,792.3523909994401,372.5513799872715,5041.049527004361,2345.2420989924576
14,0,0,1,0,0,1,1,65.15330499678385,87.64868500293233,349.7093100013444,155.6904479948571
53,0,0,1,3,0,2,1,608.5990860010497,574.8410739906831,1280.9354159981012,768.1726689916104
14,0,0,3,0,0,1,2,63.93537000985816,85.6131939945044,1311.6370560019277,757.5438649946591
14,0,0,1,1,0,1,1,122.84070000168867,174.28822300280444,702.483103988925,311.75398599589244
15,0,0,1,1,0,1,1,130.81378900096752,171.2598930025706,712.7693070069654,303.00191800051834
241,0,0,2,13,0,2,1,1471.2264340050751,1410.4415030014934,1539.0664290025597,459.66705099272076
17,0,0,2,2,0,2,308,386.28298399271443,686.3398700079415,2333.2741540070856,1005.299575990648
8,0,0,1,0,0,1,3,121.1246650054818,170.58945100870915,651.7445490026148,307.3849380016327
234,0,0,3,13,0,2,1,695.0035969930468,659.4099159992766,8527.42376900278,2079.578673990909
1,0,0,0,0,0,0,9914,82.68117799889296,113.65206699701957,248.12951299827546,162.4903269985225
20,0,0,2,1,0,1,2,416.3463979930384,565.7436740002595,698.6257359967567,227.2272120026173
13,0,0,3,1,0,2,11,123.56605599052273,171.95124499266967,2541.4060640032403,1151.536795994616
141,0,0,7,5,0,2,1,1288.4123420080869,1233.4033319930313,38547.48144300538,12104.033975003404
3,0,0,0,0,0,0,1448,117.04156298947055,165.21172200737055,308.966409007553,163.00046400283463
5,0,0,0,0,0,0,1,119.80859599134419,166.82073099946138,317.7216049953131,150.29150400368962
17,0,0,6,2,0,2,1479,387.42563799314667,1053.2773090089904,10066.814391000662,4754.227979996358
9,0,0,2,0,0,1,2,146.70903301157523,203.191930995672,742.0459270069841,633.3048710075673
28,0,0,6,3,0,3,178,1257.6131210080348,1698.6963309900602,7060.783679000451,4328.364048007643
15,0,0,4,1,0,2,2,169.20467700401787,222.92208900034893,4897.865103994263,1979.0684809995582
13,0,0,5,0,0,1,116,284.12840100645553,419.2317440029001,5100.6649889895925,1575.5626759928418
16,0,0,3,1,0,1,1,371.52064600377344,181.56793199887034,4540.046172987786,1151.3671580032678
54,0,0,5,5,0,3,39,1244.4919600093272,2965.714431993547,9098.013827999239,5697.4688560003415
8,0,0,1,0,0,1,1,64.59028099197894,86.54381601081695,327.57739900262095,153.51759499753825
18,0,0,6,2,0,2,184,497.53862799843773,394.88807899761014,4953.668727001059,2085.4467320023105
46,0,0,0,3,0,1,1,462.59140099573415,447.74794300610665,705.5953280068934,291.1325460008811
33,0,0,3,3,0,2,2,450.43776401143987,442.38442000641953,4778.18019699771,2988.5346980008762
51,0,0,4,4,0,2,0,644.7764069889672,847.4988069938263,5487.761052994756,1007.8905580012361
116,0,0,5,8,0,2,1,1423.2757779973326,2352.953573994455,8609.505489002913,3994.4682890054537
14,0,0,6,0,0,1,5477,435.8946010033833,687.9040710045956,8495.26933299785,4484.2364600044675
9,0,0,1,0,0,1,1,120.57216500397772,170.49562599277124,658.3036679949146,158.29246598877944
7,0,0,1,0,0,1,2,131.2451199919451,186.82009899930563,641.0072959988611,304.6923139918363
12,0,0,3,0,0,1,1,124.42695400386583,173.23330300860107,657.4466169986408,298.54605899890885
17,0,0,5,2,0,3,13,674.5584019954549,594.7584399982588,2675.0638490048004,1180.3090210014489
9,0,0,2,0,0,1,0,76.1074850015575,169.52298699470703,1247.266337988549,572.3968439997407
57,0,0,8,5,0,3,47,2367.1351060038432,3437.6008469989756,31897.979582994594,20280.816732993117
20,0,0,5,2,0,2,1,321.41544700425584,187.2811310022371,2362.0987509930274,870.4963899945142
17,0,0,5,1,0,2,1,363.6725660035154,544.3118910043268,2628.2027490087785,745.2528750000056
308,0,0,2,15,0,2,1,686.8049260083353,670.031817004201,5575.213538002572,931.2047619896475
8,0,0,3,0,0,1,485,237.4504259933019,348.99506699002814,831.6726970078889,604.3603049911326
6,0,0,2,0,0,1,1827,114.81319200538564,158.14142899762373,1169.5209680037806,558.7553989898879
55,0,0,6,5,0,3,0,1249.499564000871,1752.8374570101732,8718.2895399892,5544.583271999727
19,0,0,2,3,0,1,0,140.30940899101552,187.0155469950987,1495.2713110105833,597.6934220088879
31,0,0,3,3,0,2,150,599.6735029912088,1310.678497000481,4589.970622997498,3363.169537013164
15,0,0,1,2,0,2,3,879.1617169918027,575.4902119952021,299.70340299769305,95.65163700608537
8,0,0,4,0,0,1,12550,68.35512899851892,92.18791099556256,1985.63147400273,804.9099990021205
13,0,0,4,1,0,2,124,282.7283419901505,402.27428800426424,2506.6185189934913,1075.0160189927556
75,0,0,3,12,0,2,1,117.97099499381147,197.23197199346032,4637.730534013826,1203.6681219906313
5,0,0,1,0,0,1,0,120.0436310027726,168.5996810119832,624.061515001813,302.63415598892607
1,0,0,0,0,0,0,9230,53.361154001322575,69.97449099435471,202.29266499518417,155.3692419984145
11,0,0,5,1,0,3,12550,98.54634200746659,91.6014350077603,2027.8610509994905,857.948528995621
7,0,0,3,0,0,1,0,485.57236399210524,737.4278950010194,1313.4258620120818,658.2266619952861
14,0,0,2,1,0,1,0,63.31072800094262,84.73336099996231,1240.7639589946484,581.5798910043668
21,0,0,3,2,0,2,4,288.20146099315025,262.3773249943042,4217.540812998777,1501.5378999960376
13,0,0,3,1,0,2,1,125.27738499920815,176.8439750012476,2687.180235996493,1203.6362459912198
6,0,0,0,0,0,0,56,136.2506090081297,192.23575800424442,354.8407210037112,180.9646600013366
8,0,0,3,1,0,2,12550,50.81506499846,40.08314199745655,1914.5490489900112,959.5590459939558
39,0,0,5,4,0,3,1,743.2000600092579,1601.7142229975434,6617.148322009598,4979.668572996161
16,0,0,4,1,0,2,1,127.4379569949815,175.1686600036919,2714.2131269938545,971.5238509961637
20,0,0,5,2,0,2,1,133.5663130012108,179.86899500829168,4509.228185008396,1975.8640929940157
58,0,0,1,4,0,2,1,593.7637869938044,957.9722839989699,1347.174181995797,808.3030359994154
49,0,0,4,4,0,2,39,1238.2657990092412,2431.540577992564,4400.501345007797,2695.643455008394
10,0,0,1,1,0,1,11,150.24838599492796,210.50792800087947,704.8816470050951,238.97014099929947
2,0,0,0,0,0,0,4804,115.21019200154115,160.33754299860448,298.8339719886426,173.0985889880685
9,0,0,2,0,0,1,14,124.18077400070615,176.13613500725478,1282.4398130032932,598.5130020126235
13,0,0,2,1,0,1,1,70.11274300748482,94.30038899881765,1321.9049829931464,652.1313009870937
1,0,0,0,0,0,0,8533,100.78962400439195,138.83322199399117,277.2182479966432,156.3527999969665
40,0,0,6,4,0,3,1,746.7595040070591,1146.2490179983433,8113.88810101198,4827.56294599676
15,0,0,5,0,0,1,22,128.47258300462272,179.31799599318765,9772.783369000535,4768.423282002914
5,0,0,1,0,0,1,192,122.74637399241328,173.71720599476248,627.9776239971397,304.10169399692677
96,0,0,4,15,0,2,1,130.63928599876817,164.98463600873947,8087.68186600355,1931.3598000007914
32,0,0,2,3,0,2,0,1094.9405690043932,1067.091105011059,1020.9215670038247,388.4862679988146
54,0,0,5,5,0,3,1,1260.8241330017336,1000.4343439941294,8996.868282003561,4125.311363997753
6,0,0,2,0,0,1,2326,68.737087000045,90.82536200003233,1181.4052510017063,601.5718529961305
9,0,0,1,1,0,1,4,126.33174499205779,175.77175400219858,680.3441049996763,302.4210919975303
10,0,0,0,0,0,0,0,122.83152699819766,174.43548201117665,343.0182349984534,158.54175300046336
21,0,0,6,2,0,3,0,337.4091060104547,445.11523700202815,2206.865422995179,1189.1689529875293
37,0,0,4,5,0,1,1,499.589533006656,573.1220730085624,3438.4764209971763,739.3462719919626
53,0,0,1,3,0,2,1,755.8148149983026,713.9513660076773,1082.9132509970805,615.2585259987973
219,0,0,2,10,0,2,1,530.7002969930181,849.072590994183,4627.125187005731,933.6920060013654
55,0,0,6,5,0,3,122,2178.038824000396,3019.8279439937323,13822.695972005022,9096.905229002004
1,0,0,0,0,0,0,9230,29.40510401094798,36.39607700461056,104.9899350036867,77.33311300398782
10,0,0,1,1,0,1,1,131.85931100451853,173.69161699025426,687.9386719956528,309.83857199316844
13,0,0,2,1,0,1,2,128.8236800028244,171.8792100000428,1360.7258410047507,595.5812879983569
40,0,0,7,4,0,3,0,371.2464749987703,181.58587999641895,24653.818432998378,5088.599042996066
14,0,0,3,2,0,2,0,313.1087950023357,212.3819080006797,2118.8442089915043,644.2321950016776
12,0,0,1,0,0,1,1,65.07169399992563,154.37735799059737,677.2802520135883,296.7306619975716
35,0,0,2,3,0,2,0,514.2702290031593,413.2356019981671,2196.6572200035444,1067.3870940081542
12,0,0,1,0,0,1,1,123.73511600890197,171.8160979944514,675.0857570004882,313.28761400072835
12,0,0,2,0,0,1,0,66.23528900672682,89.6572570054559,667.3136729950784,304.64273199322633
22,0,0,2,4,0,2,1,225.09312100009993,220.40274500614032,1031.0826689965324,811.1696950072655
169,0,0,1,13,0,2,1,442.4883729952853,725.8897549909307,1965.7685229904018,521.5324629971292
10,0,0,2,2,0,2,29,130.93631899391767,173.95832600595895,679.0910640120273,305.753774009645
6,0,0,2,0,0,1,6476,145.84863900381606,206.15151400852483,1184.6652579988586,404.481195990229
13,0,0,2,0,0,1,2,64.79742800001986,88.2619780022651,1184.5829539961414,607.1106949966634
11,0,0,3,1,0,2,0,121.32922699674964,137.10874899697956,1195.0355519948062,299.08846999751404
10,0,0,4,0,0,1,121,488.97206799301784,745.8219529944472,2051.947930987808,1129.6733859926462
1,0,0,0,0,0,0,1901,107.6224110001931,148.7155140057439,286.25118400668725,146.73078600026201
11,0,0,2,1,0,2,11,122.57388400030322,164.70434900838882,798.3704289945308,576.8005059944699
12,0,0,1,0,0,1,1,121.8036500067683,172.8709169983631,676.5948960091919,305.5313950026175
46,0,0,3,2,0,3,12550,139.10203200066462,53.8016240025172,1040.9659839933738,728.8399280078011
24,0,0,7,3,0,3,866,1528.9246600004844,1891.6230070026359,14744.713856009184,10754.293917998439
9,0,0,4,0,0,1,8399,252.09272900247015,333.5580109996954,2579.2953560012393,1287.7565329981735
8,0,0,1,0,0,1,13,131.7737589997705,187.3179300018819,657.8756550006801,306.9748400012031
46,0,0,5,4,0,3,0,1243.4783350036014,696.5114490012638,8599.984603002667,2184.569487988483
14,0,0,4,0,0,1,3,376.8966019997606,580.5248210090213,2593.963071994949,1180.792700004531
109,0,0,6,4,0,3,23,1321.7617429909296,2305.170279010781,10922.15253401082,4275.162396996166
132,0,0,1,5,0,2,1,314.9471920041833,574.7884950105799,1432.7657359972363,534.6066199999768
33,0,0,3,3,0,3,2,1072.8341990034096,1053.4988770086784,1251.6107850096887,766.2346340075601
6,0,0,0,0,0,0,2,149.0572129987413,212.9694949981058,357.3323330056155,210.59028700983617
136,0,0,2,10,0,2,1,579.5170909987064,545.9702980006114,3194.746227003634,948.1141860014759
12,0,0,2,1,0,1,0,134.28877700062003,189.8240180016728,1398.0527800013078,620.5671479983721
17,0,0,1,0,0,1,1,123.5990139975911,94.5893409952987,365.39810900285374,298.2865029916866
10,0,0,1,0,0,1,7,131.55747699784115,188.69693198939785,663.0263810075121,310.0882730068406
25,0,0,1,2,0,2,0,1106.8136420071824,680.4529570072191,595.3229490114609,191.04109700128902
47,0,0,2,4,0,2,1,602.1205449942499,597.48602900072,2769.1158540110337,1641.3769999926444
12,0,0,6,0,0,1,12550,88.1222009920748,122.20834300387651,6507.778143000905,3526.2200349970954
12,0,0,3,2,0,3,0,119.69316899194382,164.91017500811722,1924.9061659938889,822.1932239976013
30,0,0,3,3,0,2,0,767.7033520012628,366.94781300320756,2245.395145000657,514.9802520027151
17,0,0,4,0,0,1,1,122.08942099823616,168.90447899641003,4679.167854003026,1815.7094859925564
14,0,0,1,0,0,1,1,249.36113400326576,366.0054400097579,346.9260400015628,158.69661800388712
11,0,0,1,0,0,1,0,125.36077899858356,176.92027198791038,665.6579179980326,312.9017600003863
40,0,0,1,2,0,2,6,749.8685519967694,719.5224190072622,1437.2253619949333,1028.9060500072083
15,0,0,1,2,0,1,1,63.31772300472949,85.36825299961492,698.8349599996582,281.6018260054989
399,0,0,3,17,0,2,1,709.7036760096671,667.7674149977975,12050.298207992455,1634.7155449911952
93,0,0,3,4,0,3,1,537.9043560096761,1112.3469339945586,2999.4835530087585,1190.065342001617
11,0,0,1,0,0,1,1,123.40820500685368,176.4636320003774,674.5143769949209,312.9347390058683
12,0,0,1,0,0,1,1,66.70922000193968,89.8603209934663,346.7791060102172,161.00642600213178
7,0,0,3,0,0,1,8533,311.83996799518354,586.3465380098205,1187.0505970000522,606.4722599985544
6,0,0,1,0,0,1,6,121.70829699607566,170.33070999605116,637.0146819972433,308.2915260019945
4,0,0,1,0,0,1,3627,121.29083299078047,172.8699230006896,607.1962549904129,311.6444990009768
12,0,0,3,0,0,1,1,66.85740599641576,91.89684300508816,2444.632091006497,1215.4805710015353
16,0,0,3,0,0,1,56,306.8114439956844,327.34893199813087,1090.1001789898146,520.6746760086389
47,0,0,1,7,0,2,1,563.2579840021208,529.7509960073512,1323.6794929980533,435.96798898943234
18,0,0,0,1,0,1,10,438.3565010066377,517.5546810060041,628.4500199981267,500.408926003729
10,0,0,5,0,0,1,12550,79.7402940079337,107.37758700270206,3897.301075005089,2165.863291011192
23,0,0,4,4,0,3,2,449.3860170041444,354.15434000606183,4181.368146993918,713.9404449990252
3,0,0,1,0,0,1,8533,194.68469399726018,276.82602999266237,305.5984100064961,147.38059000228532
39,0,0,4,6,0,2,1,126.14774900430348,163.78707200055942,6530.8270569948945,1983.215927000856
11,0,0,2,0,0,1,4,124.43194299703464,172.6434390002396,1301.0917239880655,617.7874069981044
10,0,0,3,0,0,1,7,256.72931798908394,382.11593599407934,1282.8875639970647,617.8087080043042
6,0,0,2,1,0,3,9230,74.64118600182701,86.873182997806,517.1798530063825,309.97316299180966
12,0,0,1,0,0,1,2,117.9097849963,165.8741590072168,654.1100190079305,288.0306940060109
2,0,0,0,0,0,0,3532,111.81891198793892,153.00360099354293,297.0366200024728,169.49566900439095
11,0,0,1,0,0,1,1,128.8388309912989,164.31227800785564,432.02322599245235,243.7592640053481
21,0,0,1,2,0,2,1,67.64763200771995,86.50208900508005,194.34023900248576,80.06528600526508
9,0,0,4,0,0,1,9914,191.38853099138942,280.6809009925928,2289.8859169945354,1079.0225950040622
4,0,0,0,1,0,1,295,370.599175003008,450.099041001522,565.5592780094594,476.50587299722247
51,0,0,2,5,0,2,1,1155.7961420039646,962.1559020015411,1473.9631520060357,779.6293580031488
2,0,0,1,0,0,1,12550,36.47100500529632,26.10877700499259,127.59815700701438,86.53865300584584
12,0,0,4,0,0,1,248,616.429697998683,910.1331079873489,2107.170611008769,1173.2873569999356
44,0,0,4,4,0,3,56,641.6058000031626,2050.7461039960617,6798.158475998207,4547.0527639990905
6,0,0,0,0,0,0,7,117.77858399727847,164.37515799771063,318.5329130064929,146.00590999179985
15,0,0,0,2,0,1,1,480.2293009997811,330.8259170007659,551.5986209939001,188.4229520073859
22,0,0,5,3,0,3,35,968.5347420017933,1054.6472069981974,4978.4658789867535,3335.182217997499
16,0,0,5,2,0,2,73,258.92468699021265,376.63914800214116,5299.278463993687,2395.92290399014
2,0,0,1,0,0,1,12550,36.611763993278146,44.32383300445508,327.8704690019367,148.92541400331538
27,0,0,3,5,0,2,1,148.3878739963984,189.3733470060397,1674.006091998308,656.4242330059642
9,0,0,1,0,0,1,20,251.3836109865224,375.70084098842926,337.0101809996413,123.02671499492135
235,0,0,4,13,0,2,1,495.51036799675785,671.2797549989773,16953.80001599551,4464.90510100557
56,0,0,7,5,0,3,12550,195.21612499374896,54.197267003473826,23342.140326989465,16999.61425299989
13,0,0,2,0,0,1,2,65.9142890071962,87.77463699516375,1249.7382820001803,610.6976949959062
6,0,0,0,1,0,1,2,371.6961970058037,181.39269399398472,529.1346430021804,171.67034100566525
13,0,0,3,1,0,3,0,85.79217700753361,83.45183200435713,870.1175930036698,684.2262559948722
50,0,0,5,4,0,2,78,1136.2103470019065,2247.117609003908,11154.937471990706,4418.124866002472
24,0,0,2,3,0,2,2,426.45988600270357,418.09472200111486,2490.8420860010665,1645.1556929969229
2,0,0,0,0,0,0,4804,115.1032110064989,159.07564599183388,300.94234499847516,174.2051400069613
12,0,0,1,0,0,1,1,70.44748900807463,93.48265700100455,385.76115100295283,169.68919499777257
4,0,0,1,1,0,2,12550,31.046428994159214,23.631258998648264,414.5078079891391,245.1300129905576
2,0,0,0,0,0,0,371,65.83334399329033,91.31032800360117,166.35166900232434,85.60493799450342
59,0,0,3,3,0,2,3,1502.075092997984,1444.0776959963841,1084.1993270005332,599.8165350029012
54,0,0,5,5,0,3,2,1240.8986289956374,1767.2454819985433,8163.087291002739,5364.771592998295
2,0,0,1,0,0,1,12550,38.41668200038839,45.90701400593389,205.70047400542535,156.26590700412635
6,0,0,3,0,0,1,12550,30.430906001129188,39.780235005309805,835.8897579892073,526.2399640050717
19,0,0,2,3,0,2,1,122.95242899563164,172.79379699903075,1477.58999200596,611.7717919987626
33,0,0,3,3,0,2,1,421.7375220032409,420.8750049874652,4990.955073997611,2458.0778329982422
9,0,0,1,1,0,1,1,125.82101499720011,174.98023800726514,665.9518230007961,338.619757007109
48,0,0,4,4,0,3,39,1108.7790519959526,2423.157295008423,4450.975397005095,2744.445624994114
1,0,0,0,0,0,0,8533,96.64787499059457,136.05119900603313,270.95177699811757,153.30125400214456
11,0,0,2,1,0,2,1,124.87002900161315,176.36064600083046,689.7314639936667,317.3294279986294
56,0,0,7,5,0,3,473,1734.1513710125582,2682.6427819905803,15537.252395006362,10033.54897700774
11,0,0,5,0,0,1,9122,214.2372000089381,320.8409969956847,4632.24460199126,2339.599951999844
7,0,0,2,1,0,2,87,639.4261139939772,600.0943040126003,1110.3518400050234,340.79536799981724
2,0,0,1,0,0,1,12550,36.63096200034488,44.34652400959749,251.068686004146,161.91345700644888
35,0,0,1,2,0,2,1,368.9258630038239,221.568553999532,557.0184749958571,555.6643729942152
20,0,0,4,2,0,3,0,425.2779819944408,454.7871889953967,2897.326697988319,877.6267319917679
2,0,0,1,0,0,1,12550,36.33014700608328,44.63737198966555,246.46678900171537,158.97956299886573
13,0,0,1,1,0,1,2,499.09242101421114,367.69177598762326,341.7008420074126,149.5265109988395
59,0,0,10,5,0,3,124,1245.2023869991535,2930.947353001102,60000.0,60000.0
10,0,0,3,0,0,1,385,390.10156100266613,596.024500002386,1282.41789599997,606.0530550021213
1145,0,0,1,221,0,1,1,159.27731200645212,179.8890080099227,10031.629809003789,333.2035360072041
12,0,0,4,0,0,1,151,184.39723299525212,195.23146300343797,1989.0448320074938,811.4197440008866
55,0,0,6,5,0,3,490,2620.81320300058,4761.03447600326,7243.546563011478,4156.966258000466
32,0,0,1,3,0,2,1,504.5919450058136,826.4912950107828,1264.2363500053762,776.8241170124384
6,0,0,3,0,0,1,12550,60.19267899682745,79.53612800338306,1045.3126509964932,553.6768019956071
9,0,0,2,0,0,1,4,66.56236699200235,91.27809300844092,1260.0593480019597,640.3734979976434
37,0,0,7,3,0,3,0,777.613566009677,1328.5003249911824,24107.30033701111,6620.183111997903
45,0,0,4,3,0,3,12550,257.2344369982602,74.66076299897395,3826.867953001056,2944.832551002037
12,0,0,1,0,0,1,0,118.44426399329677,166.49313901143614,497.0650309987832,268.2419310003752
12,0,0,2,0,0,1,1,80.8818160003284,109.53241599781904,1315.3453409904614,660.0206989969593
11,0,0,2,0,0,1,0,82.07030600169674,88.20546299102716,1174.2771699937293,600.3336110006785
34,0,0,1,3,0,2,0,642.2811960073886,183.13700798898935,1165.7051749934908,338.1890279997606
11,0,0,5,0,0,1,8399,192.9622760071652,280.52943899820093,4980.985404996318,2250.6603999936488
15,0,0,2,1,0,2,1,128.5947739961557,177.44920100085437,1379.2740219942061,615.9676700044656
11,0,0,0,0,0,0,0,64.60417200287338,87.33140499680303,175.70977300056256,125.16402700566687
44,0,0,3,3,0,2,6,709.6880360040814,1200.9637519950047,3038.2690459955484,1996.9132309925044
9,0,0,3,0,0,1,394,246.5453129989328,362.61210800148547,1294.8015030124225,635.7466390036279
21,0,0,4,3,0,3,12550,89.81876100006048,39.4173599925125,3483.6342469934607,2567.117912010872
11,0,0,3,0,0,1,5,245.00156501017045,360.0561150087742,1269.9251789890695,295.7144500105642
2,0,0,1,0,0,1,12550,37.55537798861042,46.41037399414927,201.85636200767476,152.09785800834652
9,0,0,2,0,0,1,26,144.1670689964667,206.67910498741549,1211.987369999406,510.8296410035109
7,0,0,2,1,0,2,8533,502.94787099119276,479.04013001243584,951.9473260006635,332.26555900182575
10,0,0,2,0,0,1,37,254.7409230028279,372.87783400097396,655.6934819964226,310.48127300164197
10,0,0,2,0,0,1,1,126.99346299632452,182.3770710034296,1307.0002469903557,606.3245789991925
55,0,0,6,5,0,3,1,1262.964239998837,966.3843949965667,8890.121460004593,4567.735224991338
9,0,0,2,0,0,1,10,243.82540400256403,360.0145489908755,637.872438004706,299.29643899959046
17,0,0,6,1,0,2,1,262.8739600040717,300.0933849980356,5251.3669970066985,2068.7242270068964
12,0,0,2,0,0,1,1,127.95795999409165,180.13425900426228,1170.6059060088592,610.9196659963345
26,0,0,4,3,0,2,3,240.62347400467843,344.5363539940445,1259.035668001161,826.0769820044516
9,0,0,1,0,0,1,1,124.40637500549201,176.53497400169726,657.1285499958321,302.76935000438243
10,0,0,2,1,0,1,15,119.51118499564473,169.2472330032615,1290.6067750009242,563.9144419983495
11,0,0,2,0,0,1,3,120.45805100933649,167.72576898802072,1277.0051559928106,582.8326030023163
13,0,0,2,1,0,1,1,421.7109250021167,225.788020004984,2295.2434079925297,689.8189689964056
14,0,0,2,0,0,1,1,122.22434600698762,172.0125680003548,956.5582679933868,347.28744698804803
16,0,0,6,2,0,2,1479,468.80282601341605,937.1262950007804,9980.604500990012,4172.130332997767
15,0,0,0,2,0,1,0,115.23567099357024,161.1923279997427,233.94423299760092,120.39161199936643
6,0,0,1,0,0,1,0,119.28710799838882,165.24265700718388,615.8356379892211,278.0344530037837
230,0,0,0,43,0,1,0,488.526372006163,460.26341400283854,1128.8590879994445,157.4180549941957
46,0,0,5,4,0,3,39,1239.0433910040883,2448.6874020076357,8673.682239008485,3781.2090719962725
58,0,0,9,5,0,3,78,1243.4175509988563,2920.8649909996893,60000.0,38266.39155000157
53,0,0,2,9,0,2,1,436.40034100099,486.24424399167765,2299.204117996851,437.87106599484105
23,0,0,8,2,0,3,38,183.27407899778336,243.42158700164873,39997.362939000595,15316.420984003344
54,0,0,5,5,0,3,0,1116.1861970031168,2413.949601002969,8709.225109996623,5720.925841989811
13,0,0,4,0,0,1,17,131.98260799981654,185.0815009966027,4270.0889660045505,2359.5377000019653
14,0,0,3,1,0,2,27,623.5198300128104,630.9334440011298,2279.51251900231,677.7035120030632
11,0,0,1,1,0,1,1,122.8775380004663,172.18475200934336,683.1614219991025,305.65646999457385
15,0,0,6,2,0,3,12550,135.0136810069671,107.32181499770377,4903.644238991546,2283.857998001622
2,0,0,1,0,0,1,12550,38.342386003932916,46.00869498972315,204.69305099686608,155.0199470075313
12,0,0,5,0,0,1,4118,239.83165599929634,352.34479799692053,4897.753202996682,2395.9422199986875
64,0,0,2,4,0,2,1,504.2314640013501,1150.7908060011687,1185.9040740091586,747.5707069970667
2,0,0,1,0,0,1,12550,36.464976001298055,43.8875910040224,249.32931699731853,161.11648999503814
39,0,0,2,7,0,2,1,382.4493819993222,385.76548600394744,2543.4758859919384,795.0382799899671
31,0,0,2,3,0,2,122,1607.489418995101,2118.1550690089352,1361.5949969971552,989.7082069946919
13,0,0,5,0,0,1,276,565.4960879910504,950.5455219914438,5078.532993997214,1998.5157229966717
10,0,0,2,1,0,1,3,122.18983899219893,172.73124000348616,1328.9129219920142,592.7172520023305
11,0,0,1,0,0,1,1,65.61800099734683,90.13355200295337,476.44980599579867,306.0481699940283
16,0,0,3,1,0,3,1,255.6809469970176,357.29641900979914,520.1325709931552,232.8616820013849
15,0,0,4,0,0,1,3,244.40925099770539,189.68907700036652,1858.1621199991787,1145.017636998091
11,0,0,4,0,0,1,2201,143.31072599452455,203.02009499573614,5043.062092998298,2553.410370994243
77,0,0,3,11,0,2,1,135.96211800177116,327.6881400088314,2308.5622359940317,615.6273130036425
42,0,0,0,5,0,1,1,338.43984799750615,316.50893500773236,486.1395889893174,351.7287370050326
14,0,0,6,0,0,1,5505,267.9163709981367,392.10175500193145,7458.827562993974,4345.338006998645
5,0,0,1,0,0,1,367,128.92038899008185,176.05062200163957,627.9326960066101,298.4723900008248
2,0,0,0,0,0,0,2666,100.99943100067321,141.6446899966104,214.6109309978783,80.4886450059712
14,0,0,1,2,0,2,54,122.6184330007527,162.06464800052345,690.0921010092134,282.8367710026214
10,0,0,2,0,0,1,3,128.27700900379568,179.3221359985182,1305.0681669992628,609.117961008451
17,0,0,4,2,0,2,5,635.7163889915682,607.1544980077306,1373.9281469897833,429.043615993578
13,0,0,2,1,0,2,21,65.07320600212552,88.32629901007749,681.7979969928274,311.2438959942665
35,0,0,2,5,0,2,1,129.28541100700386,172.78094500943553,1603.8987670035567,601.9566169998143
56,0,0,7,5,0,3,35,2204.1338739945786,3020.086385004106,24528.742131995386,15711.057722000987
27,0,0,1,3,0,2,4,1143.9700749906478,1100.0855220045196,602.0026989863254,401.02902198850643
4,0,0,0,0,0,0,6,121.63943800260313,171.9074940046994,333.5472500039032,158.30865199677646
13,0,0,3,1,0,1,1,199.53847599390429,93.47436900134198,3917.2424700082047,1359.6645659999922
12,0,0,2,1,0,2,1,69.63965100294445,95.31927299394738,1032.888517001993,425.7535729993833
10,0,0,0,0,0,0,14,145.07637900533155,198.98895498772617,375.62528999114875,116.81046799640171
54,0,0,5,5,0,2,47,2115.186976006953,2702.5284970004577,10772.205045999726,5384.892180998577
9,0,0,1,0,0,1,3,63.398340993444435,85.30418599548284,514.3528519984102,293.0947700078832
9,0,0,3,1,0,2,633,493.238962997566,386.19777200801764,482.0125870028278,155.47143800358754
12,0,0,0,1,0,1,0,124.34393199509941,171.34780800552107,353.2800540124299,156.49915199901443
11,0,0,2,0,0,1,3,123.8499359897105,173.93849499057978,1273.9228919963352,624.4655339978635
12,0,0,0,1,0,1,1,122.16184199496638,177.355116000399,353.94200299924705,160.30493400467094
12,0,0,2,0,0,1,3,137.0112029981101,137.9785220051417,1033.17650599638,508.4685109904967
11,0,0,4,0,0,1,52,380.1528130134102,604.8697350051953,2540.934916003607,1204.2800430062925
19,0,0,2,4,0,2,10,428.84777099243365,682.2696739982348,1229.5057989977067,805.8299719996285
38,0,0,1,4,0,2,0,536.1133800033713,125.2233410050394,1304.5624229998793,335.09509699069895
1,0,0,0,0,0,0,8533,99.3946600065101,136.64958700246643,275.66939700045623,155.26993000821676
15,0,0,4,0,0,1,3,152.41607099596877,329.9646230007056,2526.9296189944725,1096.7888170125661
14,0,0,2,1,0,1,1,122.96145099389832,175.73454999364913,1375.6547279917868,610.1297989953309
23,0,0,8,2,0,3,21,648.9311150071444,593.862198991701,18922.00621200027,7809.343036991777
9,0,0,0,1,0,1,1,129.8884890129557,172.84358901088126,343.3948799938662,158.73340000689495
8,0,0,2,1,0,1,295,546.9729689939413,765.1832999981707,675.6523649964947,332.8290040080901
10,0,0,2,0,0,1,1,136.17879500088748,192.26339599117637,1305.4079790017568,612.1863650041632
42,0,0,2,6,0,2,1,154.8411129915621,191.09975401079282,1796.1705940106185,331.3645610032836
13,0,0,5,2,0,3,12550,64.7337659902405,40.83749098936096,2480.347806995269,1316.4932130021043
47,0,0,6,4,0,3,0,1139.8437379975803,702.01359600469,17559.610797994537,4320.52158699662
2,0,0,0,0,0,0,4804,114.49800500122365,156.71679101069458,298.7220289942343,177.58024799695704
12,0,0,2,0,0,1,1,132.80580000719056,186.25473299471196,1319.9365220061736,607.3155190097168
59,0,0,1,4,0,2,1,532.1022440039087,508.87299499299843,1276.5283700136933,725.3357549925568
56,0,0,7,5,0,3,1,1250.812321988633,2289.5083330076886,17515.871791998507,9891.016421999666
10,0,0,2,1,0,1,15,112.20330999640282,84.17823900526855,920.2179160056403,541.0663350048708
6,0,0,3,0,0,1,12550,57.682621001731604,76.6790299967397,1096.9131370075047,556.2115280044964
49,0,0,3,2,0,2,142,628.5487639979692,1124.4592930015642,2721.655400993768,2422.165001000394
17,0,0,1,3,0,1,1,416.5572700003395,413.32175700517837,1149.3384700006573,367.3824879952008
7,0,0,1,0,0,1,6,121.09889301063959,167.7867079997668,623.1261909997556,284.2582970042713
28,0,0,3,2,0,3,0,624.5789750100812,367.34817299293354,2095.2718920016196,505.3529919969151
13,0,0,1,2,0,1,1,131.79157598642632,176.62452599324752,716.5487710008165,308.08427899319213
35,0,0,2,3,0,2,0,593.170050997287,183.49623699032236,2146.980708988849,609.66152799665
15,0,0,3,2,0,3,12550,124.93946100585163,60.52454799646512,2180.734569003107,1884.4488309987355
4,0,0,1,0,0,1,0,117.78077800408937,163.99005100538488,344.06825999030843,245.2839900070103
12,0,0,2,1,0,2,15,127.42702499963343,173.08976899948902,1328.663209991646,577.4325739912456
8,0,0,2,0,0,1,29,252.18202600080986,376.9043070060434,677.7400389983086,332.62143399042543
11,0,0,2,1,0,2,18,141.33618700725492,188.955581994378,1324.8889410024276,616.2149849988054
7,0,0,2,0,0,1,262,137.9373779927846,140.19559600274079,715.2967510046437,605.290995008545
17,0,0,7,2,0,3,594,1131.8527100083884,1575.5490729934536,5272.911918000318,2381.7883590090787
53,0,0,4,5,0,2,33,1829.8585140000796,2480.837940995116,2765.7088179985294,1872.017481000512
8,0,0,1,0,0,1,1,124.2871419963194,174.06126600690186,635.4515949933557,291.68829700211063
54,0,0,5,5,0,3,18,2163.7212469941005,3297.425247001229,7485.275691986317,5537.450732997968
20,0,0,1,0,0,1,1,122.37184499099385,169.77425599179696,709.7788710088935,304.1737470048247
40,0,0,3,3,0,2,12550,125.97145199833903,38.83061101078056,2221.6135400085477,1186.3271150068613
2,0,0,1,0,0,1,12550,37.909646998741664,44.84234799747355,200.9250190021703,149.84418300446123
21,0,0,4,3,0,3,792,1235.592130004079,1421.4749729871983,2518.695792008657,1834.0611649909988
9,0,0,0,0,0,0,0,122.9058479948435,174.69602699566167,337.83603899064474,158.0069859919604
9,0,0,1,0,0,1,22,126.07484300679062,176.13430799974594,668.3824899955653,319.5052310038591
20,0,0,3,3,0,3,490,683.0362860055175,1560.5674859980354,1290.1534949924098,949.0302620106377
136,0,0,2,5,0,2,0,607.010129999253,582.7462650049711,2870.5081590014743,845.2033530047629
55,0,0,6,5,0,3,2,743.8263279909734,1598.5446980048437,6936.892090001493,5190.457696997328
7,0,0,3,0,0,1,9230,117.5401890068315,165.10591399855912,1161.8840520095546,553.0587219982408
13,0,0,2,0,0,1,8,136.51931700587738,188.75134499103297,1343.5056090092985,626.5326540014939
97,0,0,5,15,0,2,1,130.11351200111676,165.5532689910615,19145.805838008528,3964.314569995622
17,0,0,4,0,0,1,0,119.95098199986387,164.00495599373244,4548.909249991993,2175.2103849867126
10,0,0,2,1,0,1,1,387.80567899812013,188.60288499854505,2207.143689010991,527.5170050008455
137,0,0,3,5,0,2,1,309.7667099937098,291.75536301045213,2900.4764019919094,1608.6783219943754
12,0,0,1,0,0,1,1,64.37921500764787,87.73303199268412,339.3572749919258,154.59257300244644
11,0,0,1,1,0,2,12550,89.31708900490776,43.198949002544396,596.9298929994693,489.9288730084663
11,0,0,3,0,0,1,51,492.1339629945578,750.284540001303,1246.4827410003636,568.5533450014191
47,0,0,1,3,0,2,1,466.47983900038525,460.004103006213,1320.9585820004577,687.6789849920897
16,0,0,2,2,0,1,1,245.96630800806452,455.1620459969854,2115.019578995998,776.8038509966573
8,0,0,1,1,0,1,3,372.2965409979224,189.00269499863498,1114.5574819965987,344.34329699433874
93,0,0,2,9,0,2,0,540.3101419942686,515.8950190088945,2974.3111330026295,860.8980090066325
9,0,0,1,0,0,1,6,136.70056099363137,191.29961098951753,662.9278949985746,306.75096399500035
12,0,0,2,1,0,2,8,63.116899007582106,84.40800198877696,717.9439609899418,291.1047880043043
173,0,0,2,13,0,2,1,816.0981609980809,695.9856820030836,3464.5989179989556,776.573745009955
17,0,0,4,1,0,1,3,65.49084100697655,88.05574500001967,4439.787657000124,1587.549140007468
7,0,0,3,0,0,1,9914,60.29344799753744,79.48499199119397,1557.766153011471,792.4161230039317
15,0,0,3,0,0,1,1,124.2738580040168,174.32393800118007,2554.5412210049108,1223.526376998052
56,0,0,7,5,0,3,1,1235.243082002853,1733.4175229916582,12963.977195002371,7247.685812006239
5,0,0,1,0,0,1,2,121.76343701139558,173.4756079968065,628.5202230064897,299.965547004831
6,0,0,1,1,0,2,2,118.2119269942632,167.58280199428555,629.8523709992878,272.87796599557623
7,0,0,2,1,0,3,12550,77.31173300999217,43.57561300275847,872.698097009561,653.2773640064988
10,0,0,2,0,0,1,11,117.2744649957167,173.6556730029406,1269.0255240013357,605.3166029887507
16,0,0,2,0,0,1,1,64.02608599455561,88.24966099928133,1342.6290530042024,608.9425469981506
57,0,0,8,5,0,3,763,1770.284840997192,3244.165340991458,60000.0,41015.22914400266
13,0,0,4,0,0,1,20,130.2868939965265,178.53810799715575,5082.350102005876,2340.736033002031
10,0,0,0,0,0,0,1,132.0265760004986,97.25169799639843,184.24407299607992,88.87779799988493
28,0,0,3,5,0,2,1,147.55809798953123,186.95800700515974,2616.0986450122437,641.563575991313
22,0,0,1,0,0,1,1,64.548851994914,103.5313999891514,736.9657439994626,313.635341997724
8,0,0,3,1,0,2,12550,86.26330900005996,76.4302870084066,1130.042158998549,581.4088030019775
32,0,0,5,3,0,2,0,896.6704490012489,364.03538499143906,2923.471725996933,1091.8659689923516
10,0,0,1,0,0,1,1,127.81533799716271,174.30960800265893,667.1631530043669,309.50742900313344
36,0,0,1,5,0,1,1,130.21964399376884,174.39088999526575,605.6435850041453,152.9516440059524
187,0,0,5,14,0,2,1,414.84189400216565,416.703230002895,8903.462251997553,1958.5499399981927
34,0,0,2,2,0,2,78,1133.674375989358,811.9342630088795,1029.9780979985371,1074.5150839939015
9,0,0,1,2,0,2,122,328.334461999475,583.4054330043728,967.4049989989726,707.7567439991981
14,0,0,2,2,0,1,1,66.49635199573822,165.3360719938064,1405.0744410051266,609.3815079948399
39,0,0,2,6,0,2,1,486.02693699649535,884.565468004439,1388.3973590127425,434.841469003004
6,0,0,2,1,0,3,8399,388.97952099796385,238.70723899744917,546.531801999663,181.25918600708246
14,0,0,3,2,0,2,13,143.61566200386733,193.8230259984266,2743.820243005757,1202.802394007449
16,0,0,5,1,0,2,4,124.94999900809489,100.00725999998394,8926.550841992139,4236.39528300555
55,0,0,6,5,0,3,39,1242.3659639898688,2589.5108849945245,13178.485030002776,8253.15603800118
72,0,0,3,12,0,2,1,130.96693500119727,179.23768098989967,4561.843196002883,1169.8257019888842
36,0,0,3,4,0,3,1,602.0158369938144,973.5382859944366,2892.8503149945755,1633.4428709960775
18,0,0,4,1,0,3,12550,113.95371099933982,77.64832099201158,3957.8595680068247,1888.604641004349
9,0,0,1,0,0,1,2,121.19890699977987,173.29201599932276,653.3333480037982,286.90704600012396
41,0,0,7,4,0,3,39,738.1386009947164,2370.8308749919524,12162.971006007865,8208.438069006661
7,0,0,3,0,0,1,8399,149.00099700025748,359.0707969997311,1150.742876008735,282.3342369956663
12,0,0,3,1,0,1,5,378.2478970097145,579.9398649978684,1329.9908569897525,573.7484499986749
6,0,0,2,0,0,1,536,68.2984590093838,92.46263498789631,697.7612909977324,596.5997659950517
11,0,0,1,2,0,1,2,270.6243439897662,371.71938898973167,358.33813199133147,161.05726499517914
8,0,0,3,1,0,3,9914,445.44645700079855,356.0795939993113,630.45311300084,300.93611500342377
31,0,0,1,1,0,1,1,122.07764099002816,168.83693500130903,787.4294680077583,306.2481660017511
7,0,0,2,0,0,1,1549,273.5586589988088,396.2258230021689,595.1331179967383,309.5048899995163
11,0,0,3,0,0,1,2,288.2249440008309,428.5377129999688,1299.4841460022144,612.9535719956039
42,0,0,3,3,0,3,0,1238.6351229943102,698.8133699924219,2229.3228499911493,548.333831000491
21,0,0,1,2,0,1,1,368.038382002851,185.41586700303014,975.0954720075242,339.7365480050212
10,0,0,1,1,0,1,4,127.89454899029806,174.47429499588907,682.8326170070795,310.4970870044781
69,0,0,6,3,0,3,216,1942.6672510016942,1788.3659940125654,11379.498939990299,5857.301394993556
10,0,0,2,0,0,1,0,120.58826800785027,167.8891960036708,1251.9952629954787,567.9832720052218
9,0,0,2,0,0,1,29,120.23077699996065,171.2467769975774,1238.8286289933603,571.9666679942748
28,0,0,2,4,0,2,1,125.64872800430749,165.21767200902104,1551.356839001528,551.205633993959
400,0,0,4,17,0,2,1,715.0339240033645,678.0870329967001,25498.87961000786,3010.364877001848
54,0,0,5,5,0,3,1,891.0072799917543,1205.452606009203,3740.3441990027204,2321.6231530095683
7,0,0,3,1,0,3,12550,95.53403800236993,44.59720099112019,908.4498880110914,659.5484809949994
7,0,0,0,0,0,0,1,61.74732900399249,83.14423500269186,161.75918099179398,74.36648200382479
18,0,0,2,1,0,2,1,125.01530499139335,173.78661400289275,1386.3045689940918,604.6795840084087
16,0,0,1,1,0,2,12550,58.14759898930788,22.707854004693218,610.2768420096254,549.741819006158
11,0,0,1,0,0,1,2,251.8160690087825,380.6185299908975,342.3341940069804,158.88350100431126
11,0,0,1,1,0,1,1,251.02666500606574,372.40577199554536,343.9024630060885,156.19977099413518
9,0,0,1,0,0,1,0,117.10703100834507,162.77548899233807,623.1981770106358,282.9989830061095
8,0,0,2,0,0,1,52,143.4794189990498,205.11782399262302,1264.0447699959623,601.2162590050139
183,0,0,2,11,0,2,1,665.0614019890781,628.9768370043021,4169.41870599112,735.6784680014243
1,0,0,0,0,0,0,9122,66.61086301028263,88.7629030039534,224.11250899313018,159.819571999833
37,0,0,6,3,0,3,0,627.365466003539,368.248543003574,12354.149664999568,2918.8257649948355
9,0,0,2,0,0,1,39,63.050740005564876,85.12319000146817,1163.4442640061025,562.2528169915313
22,0,0,2,2,0,2,308,434.46590298844967,767.8384010068839,1274.7800710058073,1653.6714889953146
4,0,0,1,0,0,1,3532,211.678949999623,307.1586979931453,306.99698900571093,160.6604660046287
18,0,0,7,2,0,3,9914,895.5938089929987,979.0344850043766,13073.642425006256,5879.912265998428
13,0,0,1,0,0,1,1,242.6750660088146,359.5407270040596,334.8414740030421,150.66483699774835
7,0,0,1,0,0,1,0,123.69932699948549,172.35901999811176,641.0836089926306,301.2265489960555
16,0,0,1,3,0,2,1,382.6150120003149,386.48648200614844,1263.5570820129942,399.03672999935225
14,0,0,1,1,0,1,1,130.7939630059991,170.06010600016452,708.2884630071931,302.8186010051286
8,0,0,1,0,0,1,0,123.2232659967849,171.71747799147852,656.0092279978562,310.9626660007052
5,0,0,2,0,0,1,9122,136.98560000921134,197.77050300035626,585.6575590005377,305.28488199342974
10,0,0,1,0,0,1,2,115.90875200636219,87.16855599777773,332.60364200396,150.978428995586
13,0,0,1,1,0,1,2,142.69899399369024,188.71141999261454,695.5500229960307,309.41762700967956
10,0,0,1,0,0,1,1,127.69869700423442,178.62544499803334,661.6867549892049,305.2462500054389
28,0,0,2,2,0,2,12550,90.49120800045785,30.876752993208356,672.2658430080628,523.2165109919151
16,0,0,6,0,0,1,3,248.1620939943241,364.9197170016123,8931.879441006458,4371.003339998424
9,0,0,1,0,0,1,4,123.38400899898261,172.5485750066582,658.0636870057788,309.0084290015511
52,0,0,7,4,0,3,12550,301.3896350021241,104.72132900031283,24649.851866008248,10407.752123996033
39,0,0,4,6,0,2,0,125.33082101435866,164.39317500044126,6612.086945009651,2086.0650569957215
56,0,0,7,5,0,3,12550,286.0400799982017,79.59063899761532,22308.837299991865,16875.429792999057
8,0,0,2,1,0,2,291,131.4348500018241,175.1262899924768,661.7684329976328,306.33004500123207
12,0,0,5,0,0,1,230,625.3645380056696,962.4292400112608,4847.642138003721,2263.212466001278
22,0,0,7,2,0,3,1,766.4246709900908,804.9365839979146,5095.952324991231,2355.325009993976
26,0,0,4,0,0,1,3,129.28439299867023,178.7126349954633,4630.442116002087,2266.3866430084454
33,0,0,4,3,0,2,0,1726.0024120041635,2107.5571600085823,2574.4504520116607,1823.222284001531
10,0,0,3,0,0,1,3,63.71042599494103,86.02090399654116,1228.9934919972438,766.3915500015719
14,0,0,0,1,0,1,1,122.59600499237422,174.22021400125232,361.6335459955735,161.08528700715397
8,0,0,2,0,0,1,7,124.9838270014152,174.98025800159667,1226.7726340069203,565.2776560018538
5,0,0,1,0,0,1,18,134.3438110052375,191.2557600007858,331.7212990077678,289.7338930051774
42,0,0,8,4,0,3,39,745.3941619896796,2423.4071230021073,27912.019989002147,18619.354486989323
8,0,0,2,0,0,1,62,94.93118099635467,166.8278049910441,1078.3812549925642,579.5026859996142
8,0,0,2,0,0,1,43,125.7191959884949,176.5978720068233,1235.790097998688,609.2121310066432
57,0,0,8,5,0,2,1,1499.520091994782,1437.407716002781,60000.0,50422.31977698975
4,0,0,1,0,0,1,1121,131.15568600187544,179.50620999909006,646.0851110023214,327.0061799994437
13,0,0,2,1,0,1,1,131.87650599866174,175.98460799490567,747.8041499998653,468.9578069956042
109,0,0,6,4,0,3,36,687.5609059934504,2177.9654639976798,23393.218744997284,10830.054178994033
10,0,0,5,0,0,1,12550,78.69398899492808,106.23242500878405,3883.987029999844,1503.32241099386
11,0,0,1,0,0,1,1,124.31130500044674,170.49179700552486,644.9692119931569,290.7449159974931
34,0,0,4,3,0,2,2,228.32825999648776,221.0678440023912,9667.963393003447,5768.197060999228
5,0,0,0,0,0,0,47,123.28318700019736,173.15231100656092,322.20738899195567,151.09743099310435
6,0,0,2,0,0,1,2802,160.63163299986627,229.42892400897108,1278.7717160099419,652.3924020002596
17,0,0,1,3,0,1,1,128.44226699962746,112.56995600706432,399.69754198682494,305.28062299708836
18,0,0,5,2,0,2,8,633.4949949959991,605.0226759980433,5227.253067001584,2219.5240580040263
13,0,0,4,2,0,3,1121,324.45079799799714,372.9100670025218,1301.105805003317,592.8739240043797
56,0,0,1,7,0,1,1,133.06140700296964,177.53246999927796,990.1492450007936,303.2661830075085
114,0,0,2,8,0,2,1,577.1019220119342,547.0288610085845,3448.404007998761,1302.3528399935458
11,0,0,2,0,0,1,4,131.5808509971248,188.3740420016693,1302.383109999937,368.9173849998042
35,0,0,5,3,0,3,12,1143.7132930004736,1123.9361810003174,9000.662070990074,5844.59791801055
12,0,0,4,0,0,1,90,203.3953880018089,453.1965369969839,1957.5711479992606,1204.1306989995064
16,0,0,3,2,0,1,2,249.68940899998415,355.77825699874666,847.5879949983209,564.9976349959616
20,0,0,1,4,0,2,1,124.27291300264187,167.49651200370863,749.997777005774,281.7574109940324
40,0,0,3,6,0,2,1,887.8512010123814,885.7229389977874,2455.084723987966,854.1501020081341
13,0,0,2,0,0,1,5,131.8005499924766,186.25823099864647,1319.4350120029412,606.9118489976972
4,0,0,1,0,0,1,54,120.50203999388032,172.6094649930019,625.1723780005705,305.1162459887564
14,0,0,2,0,0,1,4,63.68111500341911,85.7056550012203,1095.9154610027326,351.8432889977703
6,0,0,3,0,0,1,12550,58.911789004923776,77.30302699201275,1054.5584780047648,568.5131439968245
15,0,0,2,2,0,1,1,66.48077900172211,100.32640300050844,1408.5762030008482,592.3857019952266
11,0,0,1,1,0,1,1,129.46954499057028,172.498778993031,680.8466789952945,296.7414209997514
24,0,0,2,3,0,2,1,128.65090700506698,169.86154999176506,1485.9980870096479,563.385906003532
41,0,0,1,2,0,2,1,130.95855100254994,178.18833500496112,794.5291000069119,305.1607050001621
37,0,0,4,4,0,2,7,579.5331529952819,788.2758029882098,4888.721141003771,3089.417836003122
14,0,0,1,0,0,1,1,122.95929600077216,172.5855840049917,689.6926670015091,311.32321899349336
3,0,0,0,0,0,0,433,119.51761599630117,168.70662099972833,312.1188980003353,156.13684899290092
7,0,0,2,0,0,1,430,123.39841600623913,175.86032900726423,1260.6428040016908,599.5541960000992
12,0,0,1,1,0,1,3,124.1732350026723,174.8034740012372,682.9663380049169,309.9857570050517
9,0,0,2,0,0,1,3,268.49970799230505,392.2459710011026,471.9983140093973,183.52208500436973
10,0,0,1,1,0,2,1,123.68801899719983,172.0803589996649,680.4475110111525,234.01931099942885
11,0,0,1,2,0,2,1,128.71950399130583,170.8365360100288,565.2495839894982,298.311257007299
12,0,0,2,1,0,2,1,86.69106700108387,174.42205299448688,1328.7100960005773,602.9928029893199
11,0,0,1,1,0,2,1,148.23861699551344,121.73455800802913,347.2893930011196,165.07644500234164
8,0,0,1,0,0,1,1,122.69370500871446,173.3045069995569,651.4939810003852,303.4301359875826
10,0,0,4,0,0,1,2326,360.23779900278896,550.8030440105358,2517.2229309973773,1192.3703359934734
38,0,0,2,4,0,2,1,1143.934002990136,810.8375779993366,763.6641809949651,419.71190499316435
43,0,0,3,4,0,2,1,644.9517680011922,602.8716989967506,2451.5434409986483,1447.1344979974674
13,0,0,3,1,0,1,1,510.3946680028457,375.91158800933044,1376.0529560095165,637.6476620062022
11,0,0,2,0,0,1,1,122.56719700235408,172.2078699967824,1305.7262470101705,601.4079009910347
11,0,0,5,0,0,1,9122,323.19616799941286,487.6331950072199,3675.0965300016105,1270.637061999878
4,0,0,1,0,0,1,1607,225.66508001182228,326.1774790007621,311.2226169905625,149.475505008013
11,0,0,3,2,0,3,12550,109.1394099930767,60.240225997404195,1743.1718970037764,1273.8110499922186
10,0,0,1,2,0,1,1,74.85053199343383,116.9543150026584,690.3490359982243,303.1389019888593
17,0,0,1,3,0,2,1,424.30666799191386,461.008797006798,1192.0575450058095,245.64677900343668
15,0,0,5,2,0,3,124,452.5528049998684,304.26702900149394,780.8913780027069,595.7435409945901
21,0,0,0,1,0,1,1,65.55657200806309,87.91844500228763,336.20513799542096,155.93959300895222
9,0,0,2,0,0,1,22,149.28222198795993,363.9642730122432,650.0212039973121,311.02888598979916
34,0,0,4,3,0,2,1,417.8679909964558,418.20477999863215,9820.738733003964,4353.472261995194
12,0,0,3,0,0,1,3,131.83584899525158,186.69245799537748,2579.8572119965684,593.8587080017896
20,0,0,5,2,0,3,12550,153.72904799005482,77.36002199817449,7229.30102700775,3792.5929929915583
2,0,0,1,0,0,1,12550,36.33597800217103,43.95598500559572,296.23429900675546,145.84969100542367
22,0,0,7,2,0,2,13,405.15135299938265,372.32654700346757,11073.47868999932,4206.6691880027065
23,0,0,4,2,0,2,1,139.78603300347459,185.09489099960774,5736.748448005528,2168.882742000278
45,0,0,5,4,0,2,1,1126.83273901348,876.5492740058107,4250.408457010053,2281.043059003423
40,0,0,3,6,0,2,1,880.524571010028,876.7601099971216,2735.1448700064793,710.4694890003884
23,0,0,4,0,0,1,1,133.21595700108446,181.11674100509845,5574.957951990655,2427.338352004881
11,0,0,2,1,0,2,2,139.578510003048,321.91031001275405,683.3440230111592,307.4285690090619
13,0,0,5,0,0,1,264,128.8981440011412,180.56740099564195,9371.165840013418,4423.337357991841
10,0,0,4,1,0,2,12550,101.946102004149,93.88586400018539,2110.3183700033696,764.1141409985721
27,0,0,3,2,0,2,1,581.6913879971253,548.9865269919392,4097.773916000733,1455.4855580063304
12,0,0,4,0,0,1,593,202.45792300556786,380.66506800532807,2575.841338999453,1220.221434996347
14,0,0,6,0,0,1,2327,395.9839809976984,712.2604080068413,7543.077137001092,3632.7744709997205
55,0,0,6,5,0,3,12550,216.66696299507748,54.15941799583379,15049.82569400454,10854.749146004906
9,0,0,1,0,0,1,1,131.2451819976559,186.47720399894752,657.3242360027507,304.86333000590093
40,0,0,1,2,0,2,1,343.6840590002248,245.33963600697462,713.9428590016905,505.5823099974077
52,0,0,5,4,0,2,6,1120.4058689909289,1157.60729899921,11985.981514997547,5401.234161996399
4,0,0,1,0,0,1,877,127.53515699296258,178.94237099972088,625.8171790104825,160.1098980027018
2,0,0,1,0,0,1,12550,19.85750300809741,24.016194001887925,104.50199000479188,78.13974199234508
35,0,0,1,6,0,1,1,420.8943539997563,411.77907200471964,1356.4336230047047,440.9830489894375
17,0,0,1,0,0,1,1,120.53461599862203,171.29966600623447,696.040394002921,304.4371650030371
7,0,0,3,0,0,1,4295,260.1385829912033,299.0975900029298,1163.394237999455,595.3234549961053
3,0,0,0,0,0,0,472,127.34719300351571,178.0727049917914,329.4917909952346,167.08264699263964
141,0,0,7,5,0,2,1,1283.5008449910674,1226.8160019884817,40511.67252600135,12873.152574000414
4,0,0,1,0,0,1,1496,131.79323500662576,184.90064100478776,608.75559199485,298.89229500258807
11,0,0,2,0,0,1,2,119.39568100206088,169.93609801284038,1269.5179449947318,571.6344020038377
15,0,0,4,2,0,2,196,144.8525619925931,193.58758500311524,5372.154146010871,2390.47995400324
114,0,0,4,6,0,2,1,653.5106499941321,621.3168510003015,6147.079034999479,1435.8433349989355
1,0,0,0,0,0,0,9230,54.41361799603328,69.29308999679051,200.6603920017369,155.88741799001582
11,0,0,3,0,0,1,4,118.14365698955953,167.44815399579238,2464.045961998636,1113.9586880017305
13,0,0,5,0,0,1,1030,288.41304300294723,424.98935999174137,5080.891827004962,2217.7869230072247
24,0,0,7,3,0,3,12550,197.53233400115278,76.28719900094438,9581.206527000177,7917.345506008132
10,0,0,1,1,0,1,7,380.3255469974829,218.0513119965326,1129.5952969958307,339.7399370005587
13,0,0,4,2,0,3,1441,329.5138550020056,307.54910700488836,1921.4515530038625,679.2552660044748
135,0,0,3,8,0,2,1,428.59407600190025,579.1646220022812,6454.402953007957,1797.0590220065787
10,0,0,0,1,0,1,65,550.8197200106224,631.0836980119348,553.3016999979736,446.5997410006821
6,0,0,0,0,0,0,1,116.29434699716512,122.39198600582313,314.1610549937468,143.80999699642416
5,0,0,0,0,0,0,26,123.50287599838339,172.97499100095592,326.38769199547824,158.45035899837967
7,0,0,3,1,0,3,12550,75.34609800495673,32.15968300355598,281.5538630093215,152.15071599232033
10,0,0,2,0,0,1,7,120.62881200108677,167.32779699668754,1252.2198770020623,549.1140079975594
14,0,0,1,1,0,1,0,125.72297400038224,180.47985300654545,709.5741359953536,314.89525399229024
236,0,0,5,13,0,2,1,423.3422029938083,654.3133730010595,31740.25872501079,7324.858909996692
35,0,0,5,3,0,2,48,663.5496700037038,963.0339600116713,8965.983090994996,3937.816531994031
9,0,0,1,1,0,1,3,125.93660100537818,176.0897299973294,688.9092509954935,317.2432760038646
13,0,0,3,0,0,1,0,239.148249005666,349.8933800001396,1301.8485740030883,598.2545139995636
30,0,0,3,3,0,2,0,636.9835569930729,637.6938750036061,2265.2330249984516,1079.1859229939291
10,0,0,3,0,0,1,5,143.25602300232276,235.9048200014513,1286.1076270055491,598.928352992516
13,0,0,2,0,0,1,2,119.28582200198434,164.99785400810651,1293.2156739989296,577.4943069991423
9,0,0,2,0,0,1,1,81.04939099575859,174.5934060018044,1281.409970993991,469.35493699857034
2,0,0,1,0,0,1,12550,37.63167999568395,45.617027004482225,202.49143899127375,150.0565349997487
11,0,0,2,1,0,2,0,545.3008440090343,385.3236349968938,1219.3237750034314,346.06157599773724
28,0,0,1,2,0,2,0,117.06580899772234,163.938235011301,723.8165540038608,278.96700700512156
13,0,0,2,0,0,1,1,69.93844400858507,104.11404698970728,1335.880107988487,429.53656800091267
6,0,0,1,1,0,2,0,556.4963639917551,320.6332949921489,292.9948509990936,86.56234000227414
8,0,0,3,0,0,1,0,61.21514900587499,82.23898299911525,2317.7538930031005,1081.3368780072778
8,0,0,1,1,0,1,2,261.4897099992959,185.60575500305276,174.40047800482716,81.21407800354064
11,0,0,1,1,0,1,1,67.42689000384416,86.68521700019483,347.817012006999,156.16112299903762
16,0,0,4,2,0,2,18,62.64548099716194,83.5937060037395,4511.950681000599,2250.2824239927577
26,0,0,1,2,0,2,124,1263.9378440071596,1329.605544990045,633.2509769999888,465.48852500563953
20,0,0,1,3,0,2,2,444.65674299863167,438.69583900959697,1327.9727310000453,893.085706004058
54,0,0,5,5,0,3,4,699.1353039920796,678.5162470041541,4689.596151001751,2469.7060950129526
43,0,0,2,5,0,2,1,442.26259901188314,436.79913600499276,2874.3853060004767,858.4109759976855
9,0,0,3,0,0,1,163,121.5510290057864,168.60343898588326,2430.933160998393,1153.1260629999451
18,0,0,3,2,0,2,1,151.1721589922672,175.08581999572925,1349.3606679985533,551.8520019977586
55,0,0,6,5,0,2,1,1231.573227996705,1726.3634669943713,12236.198092999985,6744.467103999341
33,0,0,3,3,0,2,2,1099.9889520026045,1078.543212992372,2212.0316159998765,759.5721260004211
9,0,0,1,0,0,1,0,70.27063600253314,88.50458399683703,435.331551998388,309.29499900958035
8,0,0,2,0,0,1,5,154.85160500975326,217.3658469982911,1008.7264600006165,323.9806319907075
10,0,0,1,1,0,2,303,121.12114200135693,160.63309900346212,618.1011209991993,286.66636398702394
27,0,0,5,3,0,2,2,364.85482299758587,210.24406400101725,2394.1788289957913,1676.8397109990474
28,0,0,1,3,0,2,0,413.089106004918,181.21007400623057,1106.3978010060964,335.6803909991868
6,0,0,3,0,0,1,12550,57.27456900058314,76.37807000719476,1065.5716729961568,557.0518960012123
14,0,0,1,1,0,1,1,104.08960799395572,88.44680900801904,501.26028500380926,317.04159401124343
108,0,0,5,4,0,3,1,689.959255993017,650.6603059970075,10770.555294991937,4140.366890991572
21,0,0,6,2,0,3,1,646.121805999428,590.9360840014415,5546.084785994026,2339.063156992779
13,0,0,3,1,0,1,0,227.2573030058993,352.8616300027352,1330.8102919982048,607.0454620057717
16,0,0,2,2,0,1,1,474.914832986542,456.5249150036834,1974.2851900082314,757.4018400046043
9,0,0,4,1,0,3,12550,88.34975700301584,78.45969499612693,1138.9015120075783,594.7943749924889
10,0,0,0,0,0,0,1,123.22486999619287,171.27486898971256,339.94641099707223,155.1694179943297
107,0,0,4,4,0,2,1,688.8954680034658,561.578152992297,8152.859626003192,2598.798828999861
213,0,0,4,9,0,2,1,277.0683020062279,254.63443000626285,15813.501624987111,5267.832393001299
5,0,0,1,0,0,1,119,67.18784601252992,88.17235399328638,322.2691809933167,152.6491210097447
15,0,0,1,1,0,1,1,65.39363200135995,89.22242900007404,359.86039199633524,192.76356699992903
20,0,0,3,3,0,2,122,931.4623590034898,1231.0043659963412,1289.6918509941315,949.854153994238
55,0,0,6,5,0,2,1,1281.1596950050443,1679.5171229896368,11245.508555002743,7206.16659100051
10,0,0,1,1,0,1,1,129.90942200121935,172.29669200605713,679.9640500103123,304.1734269936569
55,0,0,6,5,0,3,1,1240.223265995155,1755.1144840108464,7178.699091004091,4827.530372000183
38,0,0,5,4,0,2,12550,263.0701460002456,106.09780700178817,10705.752409005072,5013.97707099386
56,0,0,7,5,0,3,12550,340.9568909992231,106.79787100525573,26001.350075996015,16997.330908998265
8,0,0,2,1,0,3,75,137.96330100740306,183.61600700882263,642.4494470120408,299.98180699476507
71,0,0,3,3,0,2,2,658.8776650023647,626.6424519999418,3955.719544988824,1705.8097080007428
8,0,0,2,1,0,2,1,381.4129749953281,184.77835100202356,315.9005259949481,149.908258987125
9,0,0,2,0,0,1,41,120.66888599656522,170.30059799435548,1242.7234149945434,561.0749339975882
5,0,0,2,0,0,1,9122,135.23442999576218,189.91251300030854,602.2516139928484,284.5738689939026
54,0,0,5,5,0,2,1,1247.659061991726,1413.1494469911559,5407.2009090014035,3399.1142490122
34,0,0,5,3,0,3,12550,230.02745499252342,75.51085299928673,3808.231742994394,2836.590325998259
22,0,0,2,2,0,2,1,140.73087500582915,185.75468599738088,611.0396550066071,154.11254300852306
220,0,0,1,10,0,1,1,535.0399690069025,417.9642790113576,1879.96989399835,470.44265500153415
53,0,0,4,5,0,2,18,2118.32953299745,3029.504863996408,2398.756278998917,947.7414060092997
15,0,0,6,2,0,3,12550,135.19957699463703,108.15743300190661,4855.470591006451,2037.635204003891
8,0,0,3,1,0,2,12550,51.57691100612283,40.63707000750583,1879.515769003774,973.2636060070945
6,0,0,3,0,0,1,12550,58.12330399930943,76.46214400301687,1172.5906950014178,558.8339809910394
2,0,0,1,0,0,1,12550,37.99566000816412,45.63452600268647,201.63406200299505,153.92282301036175
36,0,0,4,2,0,3,12550,200.01323000178672,61.38617600663565,2959.2881869903067,1901.0788009909447
5,0,0,1,0,0,1,1626,134.3958829966141,187.40045800223015,657.0083099941257,333.411634012009
4,0,0,0,0,0,0,408,130.35162999585737,182.18599900137633,337.0518470037496,171.44335100601893
10,0,0,1,0,0,1,0,122.14499099354725,151.79956100473646,335.9248899942031,153.8375439995434
38,0,0,4,4,0,3,233,1077.0483349915594,2086.004276003223,4222.42671600543,2638.8919849996455
9,0,0,1,0,0,1,1,128.77032400865573,177.32446298759896,671.9731829944067,320.4463270085398
14,0,0,1,2,0,1,1,132.32157300808467,186.64922000607476,707.5865250080824,303.2616569980746
7,0,0,0,0,0,0,0,126.85790000250563,177.9060440021567,341.7888529947959,167.3239349911455
44,0,0,1,5,0,1,1,64.45146900659893,87.4398380110506,664.0312139934395,306.4411520026624
13,0,0,1,1,0,1,1,134.36934699711856,187.69162399985362,696.9437220104737,311.42212499980815
14,0,0,4,2,0,3,8,644.5012860058341,589.9608079926111,684.608900002786,332.434434996685
10,0,0,2,1,0,1,9,143.8364120112965,194.4010760053061,1357.9235049983254,662.7782629948342
20,0,0,5,2,0,3,1,423.8053820008645,298.0380720109679,2522.0897139952285,1227.702970005339
36,0,0,3,5,0,2,1,126.41388601332437,165.68032299983315,3421.081950000371,1140.966605002177
29,0,0,2,2,0,2,0,1453.0046930012759,1146.7567819927353,1341.8717390013626,357.38225700333714
52,0,0,5,4,0,2,0,1265.9022149891825,1220.1077310019173,12358.298834995367,3083.698196001933
26,0,0,2,4,0,2,1,127.35361298837233,164.96588800509926,1536.2237090012059,553.9428579941159
14,0,0,3,1,0,1,2,132.98704699263908,183.56121800024994,2743.3273299975554,1197.0098999881884
23,0,0,8,2,0,3,1,167.67530600191094,224.3483960046433,42685.94229199516,17906.624230992747
8,0,0,1,0,0,1,1,121.91882899787743,172.31508300756104,653.298014003667,310.68495799263474
16,0,0,1,1,0,2,12550,112.31874399527442,45.78445199877024,525.3910359897418,289.80921300535556
25,0,0,0,1,0,1,0,64.23080099921208,159.5468070008792,393.5505609988468,159.64896899822634
12,0,0,3,0,0,1,15,133.30391699855682,189.89682600658853,2580.34148500883,599.3430990056368
10,0,0,2,1,0,2,56,128.12527199275792,179.19100599829108,1307.2685109946178,620.8735660038656
55,0,0,6,5,0,3,3,1257.7501479972852,1218.712718997267,7041.360927003552,4139.3994000100065
24,0,0,9,2,0,2,1,73.85362200147938,89.7018020041287,42171.74138900009,17929.38198200136
6,0,0,2,0,0,1,1556,62.89979499706533,83.75705899379682,939.4013109995285,591.5274909930304
3,0,0,1,0,0,1,8399,78.6751960113179,201.2182119942736,303.6513980041491,157.82553699682467
21,0,0,3,3,0,2,10,739.6074480056996,725.336742005311,2364.7544299892616,1606.2532749929233
24,0,0,4,4,0,2,0,186.89462600741535,236.80106799292844,6309.9644019966945,2542.252389001078
9,0,0,3,0,0,1,276,386.67268300196156,577.4009229935473,1245.5445270024939,478.2746370037785
6,0,0,1,0,0,1,8,245.24575300165452,356.2419900117675,319.4516539952019,150.16430799732916
30,0,0,1,5,0,2,1,425.62787199858576,422.1556789998431,965.6108060007682,215.9994500107132
53,0,0,4,5,0,2,0,1656.8957260024035,1957.2845539951231,6056.433059988194,3497.552924003685
5,0,0,1,0,0,1,319,119.96745099895634,168.59451499476563,563.4963970078388,287.39748199586757
15,0,0,5,2,0,3,94,354.1265539970482,195.19545599177945,762.0290509948973,577.8872379887616
28,0,0,1,3,0,2,0,641.6571470035706,185.26244400709402,956.3296900014393,165.1245130051393
7,0,0,1,0,0,1,2,69.53082200197969,102.38128899072763,331.01764500315767,156.26520400110167
13,0,0,3,1,0,2,64,527.2328290011501,407.33090799767524,2262.62291999592,670.063780999044
4,0,0,2,0,0,1,12550,26.117796995094977,32.00836399628315,301.470385005814,141.4859969954705
35,0,0,1,4,0,1,1,528.8205690012546,502.50178900023457,1214.2241060064407,576.2254779983778
7,0,0,3,0,0,1,9122,143.77171600062866,275.2558039937867,1183.257319004042,556.4566559914965
3,0,0,1,0,0,1,9914,94.54162100155372,130.41998900007457,515.7716420071665,290.16658999898937
8,0,0,4,0,0,1,12550,35.59647100337315,46.99520098802168,1410.0304849998793,800.096103004762
57,0,0,8,5,0,3,1,1246.307383000385,1202.8343620040687,60000.0,40312.772077988484
22,0,0,9,1,0,3,24,802.181674996973,861.1112159996992,39592.46031600924,17620.078352003475
263,0,0,1,16,0,2,1,655.8861329976935,615.2686220011674,2385.044940994703,460.9348910016706
57,0,0,8,5,0,3,792,2576.6894679982215,4539.026008002111,24198.432991994196,16194.449350994546
14,0,0,1,0,0,1,1,124.77060499077197,172.25178799708374,697.2103370062541,306.98198098980356
37,0,0,2,3,0,2,25,1243.9884549967246,1265.0545810029143,1167.191685992293,402.1048680006061
10,0,0,1,0,0,1,1,122.84290700335987,173.1311170005938,443.90990999818314,193.20246198913082
108,0,0,1,22,0,2,1,127.69859599939082,174.0171389974421,1512.2061089932686,308.00201000238303
114,0,0,3,8,0,2,1,683.1640469899867,643.9829169976292,5367.297930002678,1712.8075090004131
5,0,0,1,0,0,1,0,244.58794099336956,281.60443301021587,162.76853700401261,158.15275399654638
20,0,0,3,3,0,2,1,123.98765300167724,173.82056500355247,2236.7065040016314,821.5324930060888
97,0,0,5,15,0,2,1,128.17396700847894,167.37218700291123,20275.450765999267,4329.158951004501
10,0,0,0,1,0,1,9,131.14071999734733,186.91926400060765,366.20158099685796,173.88458199275192
22,0,0,5,3,0,3,473,570.814528997289,1360.8306200039806,7967.6714910019655,7613.146853007493
12,0,0,1,1,0,1,0,123.16066099447198,176.19126100908034,683.0896290048258,307.17140799970366
12,0,0,2,0,0,1,4,126.75470499380026,176.5905920037767,1330.0555419991724,604.9382600031095
13,0,0,3,0,0,1,20,125.23178300762083,175.15231999277603,2661.64343499986,835.4720310017001
10,0,0,4,1,0,2,12550,74.80653299717233,93.3114750077948,2393.9280940103345,873.4791999886511
11,0,0,0,0,0,0,0,122.66290599654894,170.31609099649359,341.211161998217,153.6838739993982
53,0,0,4,5,0,3,0,1245.0219780002953,1753.151640004944,2328.9537910022773,1357.8935539990198
51,0,0,6,4,0,3,0,2198.007454004255,3506.747039995389,6800.641342997551,2262.573465006426
14,0,0,2,0,0,1,1,65.20858099975158,85.32199199544266,877.1312729950296,598.7519939953927
12,0,0,2,1,0,2,0,116.89596099313349,163.6654980102321,1292.8762450028444,557.4077269993722
4,0,0,0,0,0,0,93,119.88776898942888,167.90315000980627,318.5970449994784,152.6014440023573
13,0,0,3,2,0,2,4,508.85643299261574,417.30079099943396,694.7984629950952,301.35814400273375
19,0,0,4,2,0,2,1,135.203261001152,170.9191060072044,2864.2156760033686,1181.697912994423
8,0,0,3,0,0,1,290,240.37551300716586,347.5570209993748,1208.8513729977421,562.4768480047351
5,0,0,1,0,0,1,516,132.85996600461658,187.1576819976326,657.2935029980727,324.62195301195607
12,0,0,2,0,0,1,2,363.937372007058,547.510111995507,666.3582749897614,305.6453769968357
10,0,0,5,0,0,1,12550,78.15917000698391,105.99739599274471,2432.631858988316,1553.6340310063679
8,0,0,1,2,0,1,1,502.27038899902254,581.4383950055344,358.63189000519924,158.90346599917393
6,0,0,2,0,0,1,1517,231.1713230010355,340.5469510034891,640.5466379947029,301.89881299156696
13,0,0,5,0,0,1,32,251.15914300840814,369.65292900276836,5134.076941991225,2338.933969003847
13,0,0,1,1,0,1,1,505.6047870020848,372.1622900047805,354.87988298700657,157.1779060031986
14,0,0,4,2,0,3,124,529.2899089981802,598.396129993489,1342.000040007406,616.9931479962543
215,0,0,3,20,0,2,1,221.18650600896217,210.5307120073121,6380.285047998768,1517.1603989874711
13,0,0,3,2,0,1,16,435.6882419961039,624.6169900114182,1408.3029269968392,634.112775005633
37,0,0,4,4,0,2,18,1485.549634002382,1922.664680008893,5744.306915003108,2092.7611730003264
10,0,0,1,0,0,1,0,123.46692600112874,176.5183310053544,664.7149019991048,313.5580090020085
112,0,0,7,10,0,3,1,533.7393810041249,515.7533980091102,60000.0,16669.867755001178
8,0,0,4,0,0,1,12550,69.0033060091082,93.29155199520756,1998.4033859946067,970.6815569952596
5,0,0,1,0,0,1,531,108.0111589981243,182.26522499753628,654.2362019972643,329.205493995687
18,0,0,5,0,0,1,1,124.05058900185395,173.68157900637016,9605.372112011537,4186.899645006633
14,0,0,1,1,0,1,1,251.98916900262702,366.3195539993467,357.0969060092466,162.57977799978107
30,0,0,1,3,0,2,0,716.0375499952352,451.1405190132791,845.6565689994022,658.2626430026721
15,0,0,7,0,0,1,1901,121.22753000585362,168.16907199972775,37183.11414400523,17326.431359993876
9,0,0,2,0,0,1,20,127.89740500738844,177.46404198987875,1283.367089999956,594.4127980037592
54,0,0,5,5,0,3,2,1244.0988610032946,2262.598348999745,8517.545672002598,5566.805540001951
8,0,0,0,0,0,0,0,116.95202699047513,161.5817339916248,322.25579499208834,145.64248199167196
11,0,0,1,0,0,1,1,123.00423799024429,136.581840008148,338.5367979935836,155.20310000283644
7,0,0,3,0,0,1,8399,177.30607300472911,256.4202719950117,1283.4152190043824,549.6444329910446
15,0,0,4,2,0,2,48,132.30647299496923,184.76565201126505,3861.4927399903536,2360.2406619902467
7,0,0,3,1,0,2,1479,715.5410940031288,542.5140470033512,327.40425498923287,314.3491350056138
14,0,0,2,1,0,2,6,71.13276100426447,94.60214299906511,1246.7707939940738,604.8476959986147
113,0,0,1,8,0,2,1,589.821852001478,552.801810001256,1729.030464994139,656.2047460029135
6,0,0,2,0,0,1,0,117.48177699337248,162.96424000756815,789.9933320004493,272.0333579927683
6,0,0,0,0,0,0,17,70.03677700413391,94.70007198979147,175.73252400325146,88.15443600178696
34,0,0,4,3,0,2,3,1196.058688001358,937.7038160018856,4081.5554419968976,2989.373634001822
18,0,0,5,2,0,3,1,675.9565840038704,622.3778330022469,2603.6730329942657,995.6946379970759
4,0,0,0,0,0,0,51,118.18114899506327,163.96818299836013,313.61396799911745,149.72719900833908
10,0,0,2,1,0,2,68,131.6696680005407,173.31694001040887,1302.7834319946123,574.3431379960384
54,0,0,5,5,0,3,2,1239.043605994084,2258.6694019992137,5611.238237004727,3083.701003997703
10,0,0,2,0,0,1,2,240.4455079959007,357.5926400080789,640.1262180006597,293.0233299994143
7,0,0,3,1,0,3,12550,40.921250998508185,53.16987000696827,464.9808529939037,305.65478099742904
22,0,0,5,3,0,3,3,551.0892609891016,545.4332130029798,6057.5038159877295,2945.734466004069
12,0,0,2,1,0,1,1,384.25068400101736,186.61761299881618,2223.699829002726,673.7591679993784
11,0,0,1,0,0,1,1,122.1740740002133,176.5243889967678,673.750732006738,312.6888659899123
16,0,0,3,1,0,2,1,516.5757819922874,382.62506599130575,1888.8691659958567,662.2965599963209
13,0,0,5,0,0,1,593,363.84745700343046,548.2643979921704,4857.906568999169,2133.7180819973582
1,0,0,0,0,0,0,2186,110.12101800588425,153.1881550035905,291.4159630017821,151.4815390110016
55,0,0,6,5,0,3,473,1739.1794389986899,2821.08149099804,17594.920743998955,10280.799005995505
10,0,0,1,0,0,1,2,122.76639499759767,175.80996500328183,659.3786269950215,301.5683200064814
11,0,0,2,0,0,1,1,134.82920500973705,190.32142098876648,1298.2346809876617,602.699491995736
12,0,0,3,0,0,1,10,66.36623399390373,89.87287599302363,1515.851983000175,852.8075350041036
18,0,0,1,2,0,1,1,370.8846410008846,181.0251220013015,1184.893755998928,335.2448850055225
6,0,0,0,1,0,1,11,70.1559990120586,83.18209600111004,248.67739099136088,149.99926699965727
6,0,0,1,0,0,1,171,250.9573349962011,364.65556199254934,322.57541999570094,151.1622329999227
21,0,0,1,2,0,2,59,364.9021939927479,613.820641010534,873.3976310031721,853.01459900802
5,0,0,1,0,0,1,30,121.95766600780189,173.62431400397327,630.6372780090896,305.66074400849175
56,0,0,7,5,0,3,233,1715.9224179922603,2881.488116996479,12092.90611599863,6612.963029998355
95,0,0,3,7,0,2,1,631.5557880006963,602.1847459924174,6169.906406998052,2768.79897400795
17,0,0,6,2,0,2,1479,570.218754990492,1098.7134949973552,9380.527838002308,4643.900101000327
37,0,0,4,2,0,2,0,1312.386682999204,690.8113989920821,5745.29426600202,1444.1316870070295
52,0,0,5,4,0,3,0,1859.6530499926303,1807.942296989495,7980.0288940023165,2183.113739010878
2,0,0,0,0,0,0,867,74.91889300581533,83.60476599773392,155.20046799792908,76.49854899500497
7,0,0,2,1,0,2,1511,227.6434649975272,266.3968319975538,498.76745299843606,300.38958799559623
4,0,0,2,0,0,1,12550,25.918651997926645,44.430712005123496,253.79987100313883,283.5007300018333
9,0,0,1,0,0,1,2,125.2669760142453,174.1161209938582,657.8399179998087,312.59213999146596
206,0,0,1,18,0,2,1,403.30167798674665,406.7478740034858,2569.4812409929,411.4626619993942
7,0,0,2,1,0,2,87,641.0284669982502,595.1901500084205,1024.9645349977072,168.39265399903525
31,0,0,2,3,0,2,122,1328.370029994403,1710.8674760092981,1260.447008011397,990.6565620040055
11,0,0,4,0,0,1,5,374.9822500103619,570.1342429965734,2543.09234500397,1202.2711010067724
6,0,0,2,0,0,1,0,115.91227700409945,162.77031500067096,1200.166693990468,559.1121239995118
9,0,0,1,0,0,1,2,118.82340599549934,166.22668200579938,635.4611560091143,292.5206070067361
12,0,0,1,0,0,1,2,249.56390699662734,364.13512300350703,296.59957000694703,78.52681800432038
2,0,0,0,0,0,0,1827,110.73968900018372,151.24030500010122,290.03643200849183,145.87170399317984
12,0,0,4,0,0,1,61,283.3120989962481,417.07063499779906,2548.728634006693,1151.350795000326
17,0,0,4,2,0,2,2,254.17977600591257,356.8693489942234,1366.8983600073261,567.9201300081331
9,0,0,1,0,0,1,1,240.96404599549714,354.51576999912504,335.6939570076065,158.45904799061827
37,0,0,5,2,0,2,485,1360.6524229981005,1457.2677910036873,11144.452348002233,7253.78321899916
87,0,0,2,3,0,2,1,1294.4374649960082,1237.4700859945733,785.6293429940706,261.83175000187475
3,0,0,1,0,0,1,9914,50.000795992673375,67.67661799676716,438.14605299849063,154.36555999622215
10,0,0,4,0,0,1,2192,196.53929499327205,282.4063720036065,3930.478648006101,2234.6594929986168
8,0,0,4,0,0,1,12550,70.0717340077972,93.15176199015696,1922.4279259942705,920.3888370102504
51,0,0,4,3,0,2,4,602.4061269999947,573.8480399886612,9953.74891499523,6672.295568991103
137,0,0,3,10,0,2,1,572.624996988452,540.9058560035191,7280.798050996964,1807.9783449938986
11,0,0,5,0,0,1,1190,452.34596100635827,688.6227900104132,4727.940201992169,2238.4423509938642
11,0,0,5,0,0,1,9914,435.9653939900454,604.0889010037063,4959.351458994206,2473.996378001175
1,0,0,0,0,0,0,8533,100.68412699911278,138.43357500445563,278.93904999655206,124.20227199618239
10,0,0,2,1,0,1,15,63.344068999867886,84.37394499196671,1189.9108070065267,443.27508300193585
8,0,0,1,0,0,1,6,66.14238499605563,90.19436199741904,545.1362589956261,313.7773469934473
7,0,0,0,1,0,1,83,265.41426598851103,302.1619570063194,425.85977500129957,425.50962399400305
26,0,0,1,2,0,2,2,605.397446997813,574.1474880051101,1244.7880979889305,924.099916999694
67,0,0,2,4,0,2,1,418.27599199314136,661.1312699969858,1692.046861993731,1287.1017580037005
13,0,0,5,0,0,1,319,119.96785399969667,170.71563500212505,9379.282713998691,4486.252919989056
109,0,0,4,10,0,2,1,273.797531001037,259.5512719999533,11522.410880992538,3589.528028998757
34,0,0,5,3,0,3,12550,231.93021200131625,74.69617800961714,4019.7904990054667,2396.8353380041663
20,0,0,4,2,0,3,0,436.6616439947393,466.28154200152494,2910.287884005811,896.9061149982736
6,0,0,2,0,0,1,0,369.0066329872934,551.0572339990176,630.6085789983626,300.297273992328
17,0,0,1,2,0,2,1,385.635036000167,181.6883409919683,1173.7460900039878,210.131444997387
2,0,0,1,0,0,1,12550,20.24907199665904,23.77813200291712,104.23858200374525,77.20034100930206
106,0,0,3,4,0,3,2,1342.8047959896503,1147.750067000743,1817.8977130010026,951.236778011662
25,0,0,1,2,0,2,1,575.138596992474,183.67683999531437,1034.1837559972191,337.02562500548083
9,0,0,4,0,0,1,8533,486.3139770022826,723.9582720067119,2363.7285500008147,1108.8238359952811
18,0,0,6,1,0,2,4,187.94755500857718,267.32933599851094,4047.5983130017994,2244.370070999139
12,0,0,3,2,0,2,2,138.11556001019198,170.62458200962283,1309.8495209997054,567.0876569929533
7,0,0,2,0,0,1,1,246.83766700036358,353.6715490045026,638.4726590040373,304.3190190073801
4,0,0,2,0,0,1,12550,25.80829600628931,31.765200998052023,316.7718079930637,280.30477699940093
13,0,0,1,2,0,1,1,499.78929800272454,475.02199800510425,1076.8622210016474,387.5157209986355
8,0,0,4,0,0,1,12550,69.16757399449125,92.97549398615956,2003.071787999943,908.5981009993702
11,0,0,2,0,0,1,1,241.5396430005785,383.99287199717946,542.9977320018224,283.8372120022541
41,0,0,3,5,0,2,1,332.0524870068766,519.3934249982703,5280.176073996699,1458.372770997812
11,0,0,2,0,0,1,1,133.18727498699445,182.7601959957974,1291.0292620072141,594.542064005509
54,0,0,5,5,0,3,1,1246.7098789929878,1735.5544739984907,3910.010681996937,2718.9385520032374
58,0,0,9,5,0,3,12550,343.0485279968707,106.57039898796938,60000.0,49701.980366997304
6,0,0,1,1,0,2,792,361.3749809883302,502.0780670020031,867.6506600022549,698.0404660134809
55,0,0,6,5,0,3,490,1855.7412789959926,4473.485199006973,12423.984720997396,7785.160601997632
53,0,0,6,4,0,3,39,1246.6343639971456,1597.6089449977735,13004.27459499042,5591.709193002316
11,0,0,3,0,0,1,3,357.5765300047351,545.7923999929335,1287.8521499951603,382.1500710037071
16,0,0,1,2,0,1,1,73.60398600576445,177.0382640097523,732.1730490075424,308.26704800711013
34,0,0,2,2,0,2,12550,198.80081499286462,60.626617007073946,1313.366798000061,935.6927339977119
10,0,0,3,0,0,1,21,122.68090799625497,171.03345999203157,2434.8740669956896,1189.8212330124807
14,0,0,6,0,0,1,91,361.70224999659695,559.2162209941307,8929.480670994963,4172.568861002219
7,0,0,2,0,0,1,1872,129.03081899276003,183.87756698939484,1245.42286900396,596.986600998207
109,0,0,6,4,0,3,31,1353.0004080093931,1046.7679470020812,12935.782474989537,6485.272506004549
14,0,0,3,2,0,2,65,261.57097300165333,374.90698500187136,1367.5127150054323,607.5038309936645
16,0,0,2,1,0,1,0,126.31092000810895,177.87677599699236,1413.8807779963827,638.1467100000009
38,0,0,1,4,0,1,0,557.8737299947534,106.62517699529417,664.1021910036216,171.8377280049026
17,0,0,6,1,0,2,2044,208.47667600901332,532.0983849960612,10070.295295998221,4469.948319994728
112,0,0,2,4,0,2,1,1246.4159189985367,1249.5454549934948,1304.2332750046626,533.1051030079834
44,0,0,4,4,0,2,0,1228.0188010045094,1286.5005409985315,2442.8210519981803,1435.0573049887316
34,0,0,1,2,0,2,1,646.6645659966161,614.329161006026,1048.7085850036237,630.3788860095665
7,0,0,0,1,0,1,320,252.9329679964576,290.5318489938509,305.9327340015443,458.68159100064076
54,0,0,5,5,0,2,3,1647.2954289929476,2116.5972940070787,6009.898150005029,3640.3348760068184
1,0,0,0,0,0,0,8399,79.13431299675722,107.58093700860627,243.2252750004409,154.8189700115472
23,0,0,8,2,0,3,15,1259.2353549989639,1521.4406799932476,19809.275670006173,8985.912905001896
39,0,0,5,4,0,3,233,1207.0944580045762,2070.353260001866,3722.3355900059687,2727.9530320083722
9,0,0,1,0,0,1,6,69.41374899179209,94.29491199261975,335.1240040065022,153.49326300201938
21,0,0,1,3,0,1,1,129.64866899710614,170.5389290000312,766.6121350048343,300.08307099342346
15,0,0,3,2,0,2,1,131.83459598803893,169.60629798995797,713.1304420036031,308.7365710089216
9,0,0,4,1,0,3,12550,46.849114005453885,40.148868996766396,1124.047947989311,595.3442839963827
10,0,0,2,0,0,1,11,121.24867300735787,165.16382500412874,1225.3016970062163,571.4744010037975
14,0,0,4,2,0,2,93,501.9048149988521,371.14119800389744,1345.2274180017412,594.9856020015432
15,0,0,5,2,0,3,1170,676.9929529982619,640.2550299972063,2483.7598570011323,1049.2757269967115
24,0,0,3,1,0,2,1,133.06159799685702,185.39384299947415,2723.2593270018697,1200.3367169963894
6,0,0,1,1,0,1,405,183.99676099943463,182.62980399595108,182.5213120027911,159.53743900172412
80,0,0,2,13,0,2,1,69.84685300267301,86.8537080095848,1925.4154359950917,598.7128910055617
3,0,0,0,0,0,0,0,118.39370398956817,162.41864900803193,308.2794789952459,146.56225900398567
56,0,0,7,5,0,3,1879,2000.1027610123856,3922.2118830075487,33297.090722990106,19634.615834002034
4,0,0,2,0,0,1,12550,47.353833011584356,61.383471998851746,503.385566000361,273.3940729958704
56,0,0,7,5,0,3,35,2395.556256000418,3452.9886270029237,17324.92842299689,10179.326705998392
56,0,0,7,5,0,2,0,997.9451010003686,1185.652696993202,24759.03846800793,13362.392267998075
13,0,0,2,0,0,1,6,251.99696198978927,368.63782499858644,663.8506669987692,296.5600360039389
48,0,0,4,4,0,3,39,1239.4140730029903,2393.476051001926,4477.898217999609,2796.7634980013827
9,0,0,1,1,0,2,15,129.610413001501,183.45532400417142,686.7192540084943,327.5437319971388
11,0,0,1,0,0,1,1,240.8729559974745,349.9532299902057,338.67948000261094,156.15196200087667
11,0,0,4,1,0,2,9914,125.95974600117188,168.46636300033424,3600.9052060107933,1695.9737419965677
1,0,0,0,0,0,0,9914,80.93645599728916,111.56649999611545,248.24365200765897,161.55700900708325
14,0,0,2,1,0,2,2,625.8452710026177,561.0302900022361,656.8396579968976,291.162360997987
5,0,0,0,0,0,0,195,130.2840179996565,183.1321210047463,340.22258399636485,174.84297399641946
21,0,0,1,2,0,2,14,567.386759998044,543.0048199923476,1305.921570994542,991.3417329953518
10,0,0,4,0,0,1,683,125.73629299004097,177.51828499604017,4757.019277996733,1850.328485990758
9,0,0,1,0,0,1,2,121.9405019946862,173.72742400038987,655.1277459948324,304.1545500018401
4,0,0,0,0,0,0,4,127.80218198895454,176.63718799303751,333.7122230004752,167.81192700727843
5,0,0,2,0,0,1,8399,85.49620099074673,118.4911520103924,312.9757599963341,155.79961599723902
11,0,0,3,2,0,3,0,117.38591799803544,164.274947004742,1154.7671099979198,832.4272179888794
5,0,0,1,0,0,1,516,131.50894700083882,183.12773898651358,654.5165909919888,333.3228319970658
13,0,0,4,0,0,1,37,64.41385200014338,87.66327699413523,5014.46573001158,1878.7231049936963
11,0,0,5,1,0,3,12550,99.05424200405832,93.44111700193025,2259.7817390051205,1099.0073270077119
47,0,0,1,3,0,2,3,457.26190799905453,742.7324570016935,1108.5852639953373,821.3684130023466
110,0,0,5,10,0,2,1,411.2578189960914,514.6322380023776,24024.457763007376,5889.340105000883
13,0,0,1,0,0,1,1,64.18484899040777,87.25741600210313,344.2045270057861,156.51585900923237
22,0,0,3,2,0,2,1,130.6972120073624,171.79257499810774,1470.4664129967568,598.0799389944877
20,0,0,2,3,0,2,383,1244.2493209964596,1603.9934580039699,1117.6056309923297,717.8555779973976
57,0,0,8,5,0,3,490,2268.927924000309,4235.549994991743,27419.018291999237,19412.07362798741
9,0,0,4,0,0,1,4295,287.1358170086751,253.68395198893268,1969.874817004893,931.2268359935842
10,0,0,4,0,0,1,154,186.56891299178824,307.84877100086305,2397.8294810076477,1113.3279060013592
24,0,0,2,3,0,2,2,429.4612030062126,423.0990920041222,2480.734566008323,1633.6746369925095
36,0,0,4,3,0,3,0,716.244399009156,735.8491460036021,4961.1395510000875,767.0084359997418
12,0,0,1,1,0,1,1,125.23062700347509,171.84450900822412,694.5357819931814,171.3966069946764
6,0,0,2,0,0,1,0,116.01338899345137,163.33711700281128,1170.0991179968696,498.0445580004016
9,0,0,3,1,0,2,9122,425.03257299540564,359.7217450005701,1218.9234590041451,564.9251360009657
5,0,0,1,0,0,1,391,62.65017300029285,83.83240399416536,445.3820589988027,286.8280529946787
8,0,0,1,0,0,1,3,63.236825008061714,87.75699901161715,457.1578019968001,148.2063889998244
9,0,0,2,0,0,1,1,140.7614409981761,202.23563400213607,1285.4115180089138,607.5164530047914
6,0,0,2,0,0,1,1121,84.4936960056657,181.28746000002138,1281.788954991498,459.53962398925796
61,0,0,1,4,0,2,2,1250.3694629995152,1238.4358370036352,605.7153290021233,331.16129599511623
24,0,0,2,3,0,2,1,278.54904599371366,685.6102460005786,2305.5068999965442,1657.356918003643
13,0,0,1,1,0,1,0,103.36866500438191,152.04809200076852,630.4513170034625,305.91320399253163
19,0,0,1,2,0,1,1,130.20125299226493,147.33431200147606,676.9426530081546,312.08624099963345
10,0,0,2,0,0,1,0,136.28580200020224,193.80033599736635,1036.2739840056747,487.87669200100936
188,0,0,1,11,0,2,0,768.098259010003,727.5006319978274,1588.6058649921324,517.4883089930518
13,0,0,1,0,0,1,1,122.23604798782617,172.46153199812397,686.1914570035879,312.2189360001357
5,0,0,2,0,0,1,9230,105.72815100022126,149.83853900048416,555.1992319960846,197.2499859984964
20,0,0,2,2,0,1,1,125.829368000268,177.5042619992746,921.4897460042266,616.0838109935867
11,0,0,1,1,0,1,1,124.48477100406308,172.72033500194084,681.20411199925,300.69837500923313
46,0,0,1,4,0,2,1,453.7719920044765,443.77811599406414,1521.1070189980092,400.5932029976975
27,0,0,2,3,0,1,1,585.6732510001166,513.7964299938176,2074.7815240029013,792.6436429988826
31,0,0,1,3,0,2,3,582.7522089966806,560.7215799973346,999.0422989940271,660.1105879963143
3,0,0,0,0,0,0,1,122.95173600432463,175.266008998733,322.06933200359344,156.36340800847393
1,0,0,0,0,0,0,9230,53.89455899421591,69.81815000472125,202.60879100533202,154.18699299334548
10,0,0,1,0,0,1,1,128.991411998868,175.01776899734978,659.732587999315,305.61416399723385
17,0,0,2,1,0,1,1,137.0110440038843,191.71131600160152,1407.195888008573,610.0402080046479
50,0,0,5,4,0,3,0,2283.801849000156,2989.117878008983,8677.013495995197,1899.6449959959136
53,0,0,4,5,0,2,4,1257.2863429959398,1208.7296380050248,2463.657047992456,1862.2434080025414
38,0,0,3,3,0,2,27,1007.665718003409,1227.0677839987911,2312.661942007253,804.7544290020596
13,0,0,3,0,0,1,1,247.9854709963547,364.074460012489,995.4808769980446,385.8765799959656
13,0,0,4,2,0,2,548,505.2779810066568,422.43790700740647,1336.165622997214,595.6308199965861
22,0,0,0,1,0,1,3,694.4519340031547,784.011151001323,429.06728498928715,289.0222379937768
14,0,0,4,1,0,2,7,135.13932599744294,188.20693700399715,5014.675565005746,2394.4047069962835
34,0,0,4,3,0,2,9,506.6785910021281,498.68827901082113,3937.2976579907117,2897.131680001621
4,0,0,0,0,0,0,528,122.286173995235,170.70016400248278,320.2833489922341,161.37005500786472
14,0,0,1,1,0,1,1,122.8405220026616,171.12240800634027,698.1502260023262,308.9749060018221
56,0,0,7,5,0,3,12550,267.9763699998148,105.44426100386772,24140.639014003682,15453.893103011069
369,0,0,5,71,0,2,1,134.87841399910394,156.60668999771588,54161.72313300194,4722.9391260043485
5,0,0,0,0,0,0,4,118.91360199660994,165.91132000030484,325.6568249926204,105.86822900222614
56,0,0,7,5,0,3,51,1809.96218699147,2276.7407330102287,13679.199561011046,7656.341345995315
4,0,0,2,0,0,1,12550,49.17618600302376,63.376046004123054,510.7857149996562,296.4703840116272
9,0,0,3,0,0,1,227,254.3281910038786,376.9512620056048,1285.3393770055845,600.383722994593
12,0,0,2,0,0,1,3,157.25431799364742,229.81597699981648,1150.4397039971082,326.1938459909288
8,0,0,1,0,0,1,0,67.4887490022229,90.81280800455716,519.4256730028428,329.79180400434416
5,0,0,2,0,0,1,8533,288.90556300757453,438.2974309992278,637.8896899987012,319.27777398959734
29,0,0,1,4,0,2,1,534.6888350031804,509.81317200057674,1165.4754359915387,428.95716200291645
48,0,0,3,4,0,2,0,1261.10729399079,1213.7922550027724,3051.9013430021005,793.3161889959592
31,0,0,3,3,0,2,12550,223.10176499013323,75.00879699364305,2358.4950369986473,1742.8486139979213
35,0,0,3,2,0,3,12550,99.98923599778209,30.753227998502553,1765.1192429912044,1554.3545800028369
13,0,0,1,0,0,1,1,244.56503200053703,360.21922298823483,336.7620320059359,152.7834040025482
9,0,0,2,0,0,1,3,121.60104200302158,172.5598710036138,1270.361272006994,590.8528280124301
7,0,0,0,0,0,0,12,127.83919999492355,182.97283801075537,342.7791339927353,154.01122000184841
10,0,0,4,0,0,1,704,259.05946901184507,260.1242629898479,2562.9087870038347,1189.020050005638
12,0,0,1,0,0,1,1,122.08869999449234,133.93167399044614,413.3221990050515,161.70202399371192
14,0,0,2,2,0,1,1,130.68033898889553,175.07992700848263,1239.2837169900304,593.7163240014343
12,0,0,1,2,0,1,1,124.86491599702276,173.17119499784894,699.5716119999997,308.87291199178435
10,0,0,2,0,0,1,3,121.66489000082947,171.16837899084203,1272.5093080080114,605.404959002044
11,0,0,1,0,0,1,1,128.3755369950086,177.84213299455587,676.3812110002618,309.432314010337
5,0,0,1,1,0,2,289,369.33641000359785,192.67499199486338,553.285866000806,181.89051700755954
9,0,0,3,1,0,2,408,130.5896669946378,181.2945290002972,1289.9142719979864,600.436944005196
20,0,0,5,2,0,2,8,131.7135010031052,171.72283300897107,5568.113396002445,2349.7068190044956
11,0,0,2,0,0,1,4,127.18301100539975,180.3932719922159,1327.531821996672,371.01357999199536
17,0,0,1,0,0,1,1,120.63204500009306,169.11606899520848,691.3665979955113,299.2614419927122
13,0,0,1,0,0,1,1,123.22819400287699,174.6153440035414,570.5928430106724,225.89865401096176
16,0,0,3,0,0,1,1,260.3277220041491,381.9984980073059,1220.0969280092977,602.6913469977444
6,0,0,1,0,0,1,21,133.13514699984808,188.90165799530223,682.0747689926066,339.9343250057427
32,0,0,6,3,0,3,0,758.8286609970964,183.22163799894042,13949.284754999098,3316.6079219954554
4,0,0,2,0,0,1,12550,47.2614030004479,60.984668001765385,472.5121119990945,274.9759440048365
36,0,0,1,6,0,2,1,209.44786400650628,205.28652099892497,958.3155959990108,247.36562700127251
10,0,0,2,1,0,2,103,549.3025260075228,420.23194799548946,1116.858912006137,344.1231409960892
53,0,0,4,5,0,2,1,1251.234586990904,1200.4311599885114,1572.70145000075,914.4726210070075
30,0,0,2,4,0,2,1,394.8092509963317,387.1527269948274,2445.1883930014446,816.551140989759
16,0,0,5,1,0,2,43,257.2977579984581,370.5208169994876,3132.2276430000784,1447.7328610082623
57,0,0,8,5,0,3,166,1300.1134209916927,3122.749523012317,60000.0,39123.4914809902
6,0,0,3,0,0,1,12550,30.45896098774392,38.944512998568825,417.40632899745833,211.92126200185157
39,0,0,4,3,0,2,2,835.4853539931355,766.6142649977701,10613.558621000266,6503.33609500376
21,0,0,6,2,0,3,0,643.7788429902866,589.9286100029713,5542.503271004534,2145.4994630039437
11,0,0,3,0,0,1,6,153.36696499434765,216.0217219934566,2685.366553996573,1320.840180007508
6,0,0,2,0,0,1,0,151.84247800789308,213.70332599326503,1301.2617269996554,652.3078000027454
14,0,0,1,1,0,1,1,68.68387800932396,86.00375299283769,625.0141069904203,305.82176499592606
10,0,0,2,1,0,2,4475,298.8900279888185,336.34015699499287,1086.149277005461,364.9388009944232
13,0,0,1,1,0,1,6,124.87936699471902,165.61662800086197,677.7762550045736,282.9844889929518
28,0,0,3,2,0,3,0,317.03072400705423,289.1564370074775,2036.8220469972584,245.83985601202585
10,0,0,1,0,0,1,0,123.34675899182912,172.98197200580034,668.5173779987963,308.54803799593356
43,0,0,3,4,0,3,0,637.8403520066058,1035.1900450041285,3455.798713999684,2204.114967986243
11,0,0,2,0,0,1,1,239.12765498971567,350.01124200061895,660.1753230061149,310.26044199825265
13,0,0,3,0,0,1,2,68.79163401026744,93.6653779936023,2495.831667998573,641.4422529924195
11,0,0,3,2,0,3,122,355.61108399997465,552.0370870071929,2614.343255001586,1742.1022049966268
221,0,0,4,10,0,2,1,521.9857500051148,497.81202599115204,17006.323695997708,3409.8276369913947
37,0,0,3,4,0,2,1,743.5150020028232,695.0018430070486,2829.0587619994767,1691.0703830071725
11,0,0,1,0,0,1,1,125.154693989316,176.2537790054921,671.3958080072189,309.28870498610195
13,0,0,5,0,0,1,472,544.8168879956938,1109.9330349970842,3454.6840980037814,2369.8112609999953
29,0,0,1,2,0,2,1,599.785687008989,565.9832550009014,1155.1447270030621,818.0582030036021
54,0,0,3,9,0,2,1,368.4738930023741,190.94378799491096,5404.778213996906,777.9975209996337
10,0,0,2,0,0,1,6,123.09329000709113,175.42083299485967,1286.2208650039975,615.8313919877401
58,0,0,9,5,0,2,1,1522.7975439920556,1448.0564480036264,60000.0,50884.979859009036
6,0,0,2,0,0,1,0,119.41866300185211,164.84531199967023,1192.2927190025803,549.4173210026929
13,0,0,2,1,0,1,2,122.07612900238018,171.27090600843076,1352.101929995115,604.2804999888176
14,0,0,2,0,0,1,13,75.1416829880327,100.9213869983796,1384.0360089961905,711.8619329994544
7,0,0,1,0,0,1,3,122.37393400573637,175.6072059943108,559.7982849867549,303.76004400022794
11,0,0,2,0,0,1,11,133.72453999181744,187.98351699660998,1057.4989620072301,432.6668370049447
12,0,0,2,1,0,2,1,138.95575400965754,189.38371900003403,1323.016167996684,601.535238994984
6,0,0,2,0,0,1,0,117.71394399693236,164.35425299277995,1203.2849659881322,553.4113590110792
21,0,0,2,4,0,2,1,126.33091599855106,166.87611700035632,1481.608611997217,555.5336190009257
10,0,0,4,0,0,1,1192,357.02253399358597,376.36498200299684,2540.8977580082137,1048.2186759909382
3,0,0,0,0,0,0,0,67.48094900103752,91.46935200260486,202.52219299436547,103.14384299272206
70,0,0,7,3,0,3,256,2250.3710279997904,2843.4313100005966,23214.317477992154,12462.522539004567
14,0,0,1,2,0,2,1,131.408344997908,175.19096299656667,710.1777019997826,302.8147440054454
17,0,0,4,0,0,1,2,251.51514999743085,211.57434199994896,2140.8099440013757,1207.4001349974424
9,0,0,3,0,0,1,571,125.75979800021742,176.69223799020983,1923.7764159915969,1254.0126899984898
12,0,0,2,1,0,1,1,123.7448940082686,167.91539800760802,1297.0961630053353,573.8899319985649
8,0,0,2,0,0,1,13,125.62274200899992,174.9186240049312,324.2776130064158,158.20490599435288
13,0,0,2,0,0,1,1,123.51407200912945,172.60352800076362,1331.9440979976207,524.7180129954359
17,0,0,4,0,0,1,66,504.97891000122763,771.8969760026084,2687.2709239978576,1207.069630996557
21,0,0,1,0,0,1,1,125.92404600582086,176.90209500142373,737.6938210072694,197.78021601086948
235,0,0,4,13,0,2,0,690.3693619969999,659.2993969970848,15816.44419200893,4430.0192710070405
99,0,0,1,6,0,2,1,667.6706290018046,637.7510089951102,1465.2686680055922,686.9210549921263
1,0,0,0,0,0,0,1901,107.40451200399548,149.1912760102423,288.50915300427005,146.79863300989382
33,0,0,4,3,0,2,8,1354.344730003504,1286.8681940017268,2661.6589469922474,1714.5261929981643
9,0,0,3,0,0,1,55,127.00952499289997,179.3668659956893,1794.110290997196,1123.8231310126139
10,0,0,1,1,0,1,213,516.9456010044087,656.8085039907601,333.8525630097138,153.61450798809528
24,0,0,7,3,0,3,12550,196.02588599082083,75.77056299487595,10541.064099001233,7674.96008600574
10,0,0,1,0,0,1,12,127.28348599921446,179.73362500197254,662.8097350039752,308.7965040031122
16,0,0,1,1,0,2,12550,110.97451699606609,44.008501994539984,684.9587980104843,559.6821529907174
12,0,0,4,1,0,2,0,238.96585599868558,346.77266600192524,2553.2609170040814,1139.6053400094388
2,0,0,0,0,0,0,1121,66.89180400280748,89.69321601034608,164.44997799408156,86.52438200078905
22,0,0,7,2,0,2,26,134.13421499717515,175.9316199895693,21767.46393200301,7339.194865999161
40,0,0,6,4,0,3,124,628.451380005572,1736.6978090140037,29069.41473900224,19850.978671995108
26,0,0,4,3,0,3,308,385.77848400746007,898.7017899926286,7335.343268001452,4630.485200992553
108,0,0,5,4,0,3,3,689.6306550042937,641.2190989940427,12508.904911999707,5444.605968994438
12,0,0,3,0,0,1,3,297.5569320115028,315.79500299994834,839.799495995976,623.3439890056616
11,0,0,5,0,0,1,8399,191.98992100427859,282.55408999393694,4445.417038004962,2427.4151050049113
8,0,0,1,0,0,1,1,72.17728300020099,88.28016600455157,329.69982900249306,153.91729099792428
56,0,0,7,5,0,3,3,1250.112634996185,2486.2972059927415,31720.529560989235,20181.93274299847
35,0,0,5,3,0,2,2,447.92705500731245,437.47590300336014,18425.260721007362,11644.836886000121
9,0,0,1,0,0,1,1,119.93621601141058,165.13603400380816,641.086584990262,294.8288070037961
21,0,0,5,2,0,3,334,361.28577298950404,767.4299589998554,5808.088102989132,3117.0713500032434
67,0,0,2,4,0,2,1,383.543431002181,387.75116800388787,2763.2985209929757,1199.0985250013182
39,0,0,5,4,0,3,490,1768.0480529961642,3499.4373840017943,4053.229145007208,2829.5036089984933
12,0,0,5,0,0,1,108,762.8526040061843,1108.0397279874887,4738.730986005976,2228.3176600030856
7,0,0,1,0,0,1,6,132.5665519980248,187.9095949989278,654.388121998636,312.43171099049505
12,0,0,4,0,0,1,127,131.68941700132564,183.10056399786845,4032.9870080022374,1189.175197010627
10,0,0,0,2,0,1,9,137.49703600478824,190.65347099967767,380.3483000083361,177.72560499724932
26,0,0,4,3,0,3,35,753.231306996895,431.9659080065321,3526.0262609954225,2305.022411994287
34,0,0,2,2,0,2,12550,196.4864750043489,60.82988499838393,1400.5109860008815,989.440031000413
11,0,0,1,1,0,2,0,118.77998600539286,163.08422200381756,665.647143003298,291.0717129998375
2,0,0,0,0,0,0,1827,109.6815199998673,153.47468099207617,294.84323399083223,153.53616399806924
12,0,0,2,1,0,1,1,384.2445019981824,187.5509189994773,2230.7450090011116,671.7385490046581
20,0,0,3,3,0,1,0,328.8499650079757,291.98368699871935,1021.995239003445,585.0711249950109
51,0,0,6,4,0,3,12550,299.6184569929028,88.44805500120856,16076.073621006799,7891.394905003835
23,0,0,8,2,0,3,10,651.3684889941942,594.8261189914774,18309.878378000576,7210.117676004302
8,0,0,2,1,0,2,101,132.0476989931194,175.1418299973011,665.7612609997159,309.396309996373
4,0,0,0,1,0,1,12,116.51014900417067,164.0137039939873,318.56857499224134,147.55509101087227
22,0,0,0,1,0,1,0,789.9792609969154,678.8744350051275,430.8368700003484,288.05571200791746
56,0,0,7,5,0,3,0,1167.6575919991592,1697.310085000936,10291.196625999874,6811.582741996972
9,0,0,2,0,0,1,12,122.88606799847912,176.07346500153653,1289.2078490112908,606.3504769990686
44,0,0,4,4,0,2,1,641.0866650112439,601.3510159973521,4819.150169001659,2913.4350240055937
5,0,0,0,0,0,0,32,120.68619699857663,172.06975701265037,324.1317009960767,157.27931700530462
10,0,0,4,1,0,2,12550,96.44955600379035,90.96392599167302,993.2227500103181,865.0229990016669
11,0,0,1,1,0,1,1,119.14491900824942,166.09970200806856,661.354265990667,289.62891500850674
4,0,0,1,0,0,1,0,240.6176610093098,357.15304300538264,330.2226560044801,164.71951101266313
14,0,0,1,1,0,1,1,132.50020300620236,187.43336299667135,660.1734959986061,156.44823398906738
35,0,0,1,6,0,1,1,327.6095460023498,384.23648399475496,1358.9449060091283,450.53416400332935
16,0,0,4,1,0,1,1,135.746141007985,191.12020700413268,4708.513010002207,2390.1707699988037
7,0,0,1,0,0,1,55,65.20374499086756,90.0723850063514,331.3668399932794,174.93054999795277
12,0,0,2,1,0,1,1,132.15056399349123,186.22951199358795,1342.3159979865886,601.1873509996803
213,0,0,4,9,0,2,0,537.5290000083623,509.2087749944767,16307.905907000531,4971.0111179883825
11,0,0,5,0,0,1,8399,190.5326749983942,318.35648299602326,4156.247680992237,1942.43668600393
53,0,0,4,5,0,2,0,2126.075350010069,3267.0292550028535,5518.34544200392,3310.239341997658
28,0,0,1,3,0,2,0,439.35537300421856,92.71826400072314,962.7638210076839,333.96806500968523
6,0,0,2,0,0,1,72,361.4466979925055,548.5706210019998,630.28972200118,306.4713329949882
43,0,0,0,2,0,1,1,698.5989370004972,667.5416110083461,502.3097610101104,308.1643740006257
9,0,0,4,0,0,1,1190,233.90508200100157,343.4427010070067,2449.3033949984238,1170.9643630019855
6,0,0,2,0,0,1,536,129.24826800008304,181.84581100649666,1233.493202002137,600.623934995383
44,0,0,3,3,0,3,39,1242.0483710011467,1888.62319799955,2235.0668490107637,1528.5191879956983
6,0,0,2,0,0,1,2858,114.48593898967374,159.37990600650664,1187.6701920118649,588.8604689971544
11,0,0,4,0,0,1,30,244.8334510118002,356.410333988606,2286.8837879941566,1095.0328809994971
53,0,0,4,5,0,2,1,1008.3866320055677,1749.325430006138,2669.9356739991345,1833.067771003698
12,0,0,4,0,0,1,1,121.83661900053266,167.0483449997846,4711.919602996204,2255.661096001859
8,0,0,3,0,0,1,489,121.41624800278805,169.65371099649929,2367.0479990105378,1131.5183459955733
28,0,0,1,3,0,2,1,466.81526499742176,519.1596829972696,1226.133022995782,797.7189429948339
10,0,0,2,0,0,1,1,125.18545000057202,176.03180499281734,1076.6090770048322,403.600520992768
28,0,0,6,3,0,2,5,413.89475199684966,416.1320790008176,4612.100915008341,3294.1438450070564
55,0,0,6,5,0,3,39,1256.87025100342,2935.6906020111637,12489.774615998613,7911.06688301079
14,0,0,4,0,0,1,3,243.76580999523867,346.1909150064457,2297.524113993859,1184.6885480044875
17,0,0,5,1,0,1,1,144.77910799905658,204.92521399864927,9443.484260002151,4792.098806996364
134,0,0,3,5,0,2,1,601.9056369987084,574.792609011638,5430.394533002982,2107.2937050048495
33,0,0,6,3,0,3,12550,218.41734199551865,91.63479699054733,11012.0422100008,6466.313052005717
12,0,0,3,0,0,1,1,257.94749800115824,379.0642740059411,1380.962024006294,677.4472149991198
18,0,0,2,2,0,1,1,124.93162999453489,172.04302399477456,1442.4853740056278,600.0455290050013
30,0,0,2,4,0,2,1,453.92966001236346,738.1836679996923,2194.825521000894,1604.4469089974882
13,0,0,5,0,0,1,516,661.8287510063965,1022.7588130073855,4551.960132012027,2381.03747900459
10,0,0,2,0,0,1,4,119.3668079940835,170.13847301132046,1285.5039190035313,399.590625995188
11,0,0,2,0,0,1,1,79.69154100283049,85.64135299820919,974.0875999996206,565.5999790033093
31,0,0,1,3,0,2,0,1042.0712500053924,1025.0838339998154,669.3443660042249,443.34451100439765
39,0,0,4,6,0,2,1,125.95623100060038,164.53569699660875,6426.854902994819,2023.8129520002985
38,0,0,5,4,0,3,0,623.737263988005,366.55978301132564,7170.832410003641,1960.0416670000413
8,0,0,1,0,0,1,1,150.36232899001334,209.53512498817872,695.0200790015515,333.44399300403893
2,0,0,1,0,0,1,12550,37.72323399607558,45.194076010375284,203.3306259982055,158.71877800964285
14,0,0,1,2,0,1,0,117.56329600757454,179.90844399901107,702.1306219976395,284.7722109872848
12,0,0,4,0,0,1,9,249.74010500591248,385.2365149941761,2605.112081000698,1235.6055829877732
25,0,0,1,1,0,1,1,149.1716529999394,193.08285201259423,761.9054270035122,305.709656997351
3,0,0,1,0,0,1,8399,78.68460200552363,108.29524500877596,155.93822200025897,81.91213599639013
7,0,0,3,0,0,1,8533,390.4160230013076,586.9262699998217,971.8963240011362,590.9030600014376
13,0,0,1,0,0,1,2,120.96076201123651,171.26749599992763,676.7632700066315,303.48732399579603
10,0,0,2,0,0,1,8,133.88854698860087,192.25930000538938,1300.0180119997822,599.212102999445
17,0,0,1,0,0,1,1,122.94566300988663,173.9996520045679,701.4614280051319,306.5225509926677
64,0,0,2,4,0,2,1,677.508056993247,650.2054979937384,1340.4181139922002,725.2011099917581
9,0,0,1,0,0,1,2,124.06326600466855,174.12238199904095,660.1530649932101,314.104295001016
12,0,0,0,1,0,1,0,123.29846399370581,172.5069620006252,332.1877979906276,135.03775000572205
48,0,0,4,4,0,2,1,1113.0669680132996,1668.1299609917914,6050.229314001626,3727.1261979913106
13,0,0,3,1,0,2,1,135.97998999466654,169.7012769873254,1347.8131479932927,590.7079140015412
14,0,0,5,2,0,3,594,1121.617098004208,1514.1634040046483,2640.1578359946143,847.0741399942199
1,0,0,0,0,0,0,9230,54.454242999781854,69.53885199618526,204.22602900362108,154.7322200058261
21,0,0,6,2,0,3,1,146.98422999936156,183.26633000106085,7621.44446799357,3099.3753210059367
46,0,0,0,4,0,1,0,425.99831700499635,438.9290609979071,790.0592679943657,212.6292719913181
10,0,0,0,0,0,0,1,132.61122899712063,181.6709999984596,356.48893800680526,170.78032800054643
16,0,0,2,2,0,2,1,145.3651829942828,190.29164299718104,1419.745833001798,646.2762260052841
309,0,0,3,15,0,2,1,692.3357889900217,653.946103004273,10820.648031993187,1871.6472719970625
16,0,0,1,1,0,2,1,122.91685900709126,171.63956300646532,704.7086419916013,319.56133000494447
40,0,0,1,2,0,2,17,1176.9973269983893,1291.7913700075587,543.1945159944007,471.8393070070306
153,0,0,4,8,0,2,1,686.1747640068643,658.4326650045114,10665.894520992879,2807.794289008598
57,0,0,8,5,0,3,1,1090.4945790098282,2125.9491110104136,23394.213785999455,15143.840903008822
7,0,0,1,0,0,1,2,124.66789101017639,175.44557199289557,650.0750489940401,310.34990699845366
5,0,0,1,0,0,1,1626,150.69086899165995,214.0712300024461,602.2345740057062,247.5467650074279
9,0,0,3,0,0,1,30,238.29791000753175,350.3163040004438,1223.5888190043624,300.31658899679314
22,0,0,2,2,0,1,1,130.85158000467345,171.70500000065658,1501.1052610061597,516.9057979946956
12,0,0,3,0,0,1,1,125.43026299681515,172.0834720035782,2289.3582949909614,1177.640711001004
12,0,0,1,1,0,1,1,64.71384699398186,88.69310301088262,531.1745520011755,212.2091229975922
4,0,0,2,0,0,1,12550,25.52491800452117,31.350675999419764,384.01954900473356,300.35861500073224
17,0,0,2,0,0,1,1,118.28614299884066,164.45938400283922,1325.488877002499,571.687336996547
35,0,0,1,3,0,2,1,373.6595420050435,515.1704229938332,1165.1616070012096,749.5603959978325
10,0,0,1,0,0,1,1,122.62035900494084,173.83309900469612,661.8823609896936,306.7941740009701
5,0,0,1,0,0,1,521,124.30821100133471,172.6614810031606,625.2130909997504,234.5429389970377
1,0,0,0,0,0,0,8533,99.4315900024958,138.71091599867214,277.4287869979162,155.6910200015409
37,0,0,4,4,0,3,0,618.8574929983588,359.6411269973032,4332.755917988834,977.0502419996774
10,0,0,2,0,0,1,11,69.03889200475533,94.66400899691507,986.0490139981266,448.6593039910076
53,0,0,1,3,0,2,1,772.6504799938994,734.5005039969692,1063.9873189938953,606.1595040082466
87,0,0,5,3,0,3,12550,238.19205600011628,75.98285400308669,4264.101506007137,2668.780287000118
5,0,0,1,0,0,1,0,117.31537799641956,165.49054000643082,611.935667009675,288.2746380055323
175,0,0,3,12,0,2,0,780.5344829976093,741.05895300454,3039.287596999202,1038.229515994317
34,0,0,2,2,0,2,78,638.9859289920423,1188.3745200029807,735.8532450016355,542.8744730015751
174,0,0,2,12,0,2,0,783.2298729917966,515.0390330090886,3324.0678069996648,1039.044784993166
44,0,0,4,4,0,3,1,1345.8428629965056,1274.8572889977368,2433.940970004187,1424.578563994146
139,0,0,5,5,0,2,1,1282.5649619917385,1235.1216330134775,9316.37940100336,2577.0218099933118
14,0,0,1,0,0,1,1,122.94932300574146,171.40089499298483,684.9424219981302,311.8721100036055
13,0,0,2,0,0,1,1,145.77575100702234,202.06929900450632,1183.559122000588,304.7583419975126
47,0,0,3,4,0,2,0,1165.5568510032026,1726.5737200068543,2998.617771998397,1863.6246910027694
108,0,0,3,10,0,2,1,594.40638498927,508.0157439952018,5875.004565008567,1657.3276109993458
13,0,0,3,1,0,1,21,120.30556799436454,162.84858300059568,2336.8010109988973,1103.3441049949033
16,0,0,1,1,0,2,12550,113.60268099815585,43.73857799510006,678.1261139985872,561.7625520098954
33,0,0,1,2,0,2,39,1229.3398390029324,1160.9927390090888,732.4293130077422,543.3727269992232
13,0,0,4,0,0,1,12,140.15466900309548,197.86109500273596,2265.796419000253,1205.8623189950595
7,0,0,3,0,0,1,9914,206.6360269964207,177.02566699881572,946.8495049950434,597.2064809902804
9,0,0,3,0,0,1,0,119.32261299807578,163.9803150028456,2394.8823920072755,1090.7278469967423
14,0,0,3,0,0,1,4,123.94911899173167,173.15172699454706,2652.5096660043346,1195.35966499825
44,0,0,3,3,0,3,39,657.5292380002793,1783.8474659947678,1669.2426110093947,1396.5169190050801
56,0,0,7,5,0,3,12550,343.5051169944927,105.45466300391126,24561.12772700726,16297.681873998954
12,0,0,6,0,0,1,12550,45.59758798859548,61.85257500328589,5707.469924003817,3797.610670007998
2,0,0,0,0,0,0,966,117.81582700496074,165.4573289997643,311.2598970037652,158.31582300597802
13,0,0,4,1,0,2,0,249.4526560039958,368.0943460058188,1578.2288180053001,605.8257440017769
56,0,0,7,5,0,3,12550,177.47274099383503,55.139638992841356,22798.773921997054,16875.353397990693
2,0,0,1,0,0,1,12550,36.183878997690044,43.908726001973264,288.6775939987274,151.56492199457716
39,0,0,5,4,0,2,1,714.48858299118,1228.5151069954736,10966.32356099144,7358.611432995531
17,0,0,7,2,0,3,116,676.4608469966333,650.8068800030742,4288.8880989921745,2356.7074239981594
10,0,0,2,0,0,1,3,126.07774500793312,175.64415700326208,800.3195109922672,298.85872000886593
37,0,0,4,4,0,3,0,615.2719940000679,361.69258000154514,3821.1746779998066,483.0391499999678
9,0,0,0,1,0,1,2,437.60178799857385,180.84284200449474,558.9381360041443,174.29310700390488
6,0,0,1,0,0,1,2,63.05251200683415,99.32440600823611,550.23667999194,284.96289800386876
13,0,0,5,0,0,1,26,713.262940000277,1117.3449089983478,5076.32866599306,1675.2985359926242
51,0,0,6,4,0,3,12550,304.68289701093454,59.588853997411206,15577.54631798889,5967.564289996517
7,0,0,0,1,0,1,10,129.574421007419,170.29722400184255,340.5026069958694,155.24539099715184
52,0,0,1,7,0,2,0,68.78154700098094,92.2185859963065,819.9229370075045,306.49811899638735
108,0,0,3,10,0,2,1,545.1112760056276,521.4911899965955,6220.794484004728,1423.0116899998393
10,0,0,1,0,0,1,5,121.97662799735554,170.49172300903592,661.219950998202,220.87956999894232
23,0,0,2,3,0,2,1,129.55181700817775,181.36388299171813,1559.755276000942,629.433391004568
27,0,0,5,3,0,3,18,1061.9560229970375,1045.2066470024874,1241.9835989858257,875.2751510037342
135,0,0,3,8,0,2,1,621.1788640066516,589.4053560041357,6577.558204007801,1851.5951559966197
14,0,0,1,0,0,1,0,118.28222099575214,160.75389899197035,651.6429420007626,280.71464199456386
55,0,0,6,5,0,3,490,1726.6035500069847,4689.441071997862,8004.926446999889,5216.043951004394
37,0,0,4,4,0,2,0,619.5898360019783,362.46794000908267,5443.540897002094,1326.7000769992592
127,0,0,1,22,0,2,1,442.59971199790016,458.5766079981113,2166.6333219909575,444.50893699831795
10,0,0,1,1,0,2,1,323.0244139995193,93.3870580047369,694.3185440031812,338.35279299819376
2,0,0,0,0,0,0,4804,114.99106998962816,157.82479901099578,295.56334100198,174.41494499507826
11,0,0,1,0,0,1,1,122.33243299124297,170.48939599771984,665.0716279982589,309.1119210002944
6,0,0,1,0,0,1,491,249.49502600065898,363.32868500903714,314.3563330086181,147.7466140058823
53,0,0,4,5,0,2,1,1261.822493004729,1247.8910850040847,2914.31110999838,920.0539589946857
10,0,0,2,1,0,1,3,144.36241399380378,204.93073400575668,1385.472068010131,650.4658709891373
5,0,0,0,0,0,0,5,120.15489599434659,166.56703599437606,214.99437300371937,123.77023600856774
17,0,0,4,1,0,1,1,98.8766590016894,169.36930600786582,5255.028825995396,2255.8158050087513
12,0,0,1,2,0,1,1,270.0163180124946,377.70958099281415,364.1700729931472,160.98604700528085
11,0,0,1,1,0,1,1,119.90135700034443,166.50706499058288,661.5349499916192,289.8860340064857
110,0,0,5,10,0,2,1,535.7876760099316,1222.131711008842,11242.03494899848,2503.5925309930462
34,0,0,1,0,0,1,1,127.42366800375748,175.07456301245838,797.9531339951791,306.4508969982853
14,0,0,3,0,0,1,2,123.7821789982263,168.6296389962081,2429.864568999619,1196.4244470000267
11,0,0,4,0,0,1,4,143.08131700090598,259.01543800137006,2449.8878509912174,1138.450231999741
12,0,0,2,1,0,2,2,78.59697900130413,99.46670700446703,1164.3578499933938,653.3445309905801
47,0,0,3,4,0,2,0,637.3705589940073,1751.0462860082043,2659.888858004706,1928.2474539941177
72,0,0,2,3,0,2,0,338.6640829994576,319.9948219989892,1532.2816059924662,734.7400659928098
16,0,0,5,2,0,2,118,632.3894700035453,877.8465729992604,2229.3090330058476,1206.3141800026642
11,0,0,2,0,0,1,4,124.887016005232,175.2788710000459,1306.1975090095075,609.8156359948916
15,0,0,1,1,0,2,1,122.77836300199851,180.9641759900842,710.7850419997703,313.121996994596
11,0,0,1,0,0,1,2,127.67088299733587,180.429390995414,677.3116490076063,319.79922400205396
9,0,0,4,0,0,1,1190,118.70163900312036,164.79175399581436,1643.4036519931396,1096.7610100051388
11,0,0,0,0,0,0,1,124.25251699460205,174.18564199761022,347.6014240004588,159.24077499948908
4,0,0,1,0,0,1,6,116.73421700834297,163.39240499655716,604.6779769967543,285.29662400251254
4,0,0,0,0,0,0,6,119.4417109945789,166.26405499118846,312.16225899697747,148.11887498944998
10,0,0,1,1,0,2,18,136.55139799811877,182.9833260126179,662.7937750017736,304.6681760024512
14,0,0,4,2,0,2,2,501.53517299622763,318.7841729959473,703.2967010018183,303.12456999672577
11,0,0,2,1,0,2,3,86.49274198978674,165.2645870053675,1302.3523339943495,420.4241289990023
56,0,0,7,5,0,3,78,1235.042820990202,2544.655452002189,16289.882257013232,10037.641564995283
33,0,0,4,3,0,2,122,1827.8363089921186,2395.348649006337,2643.7228040012997,1723.6082360032015
7,0,0,3,0,0,1,9230,117.75249299535062,169.66027200396638,1164.9914790032199,561.2699030025396
9,0,0,1,0,0,1,3,123.45413700677454,174.3047649943037,653.0336769938003,309.66950199217536
9,0,0,1,0,0,1,4,70.06814499618486,97.25816699210554,394.83540899527725,184.84576800256036
10,0,0,2,0,0,1,2,136.12432799709495,188.1435869872803,1286.9991839979775,611.298378003994
12,0,0,2,0,0,1,7,240.0672149960883,355.6222260085633,676.3998009992065,310.3681369975675
1,0,0,0,0,0,0,9230,55.105740000726655,69.37036699673627,200.97701299528126,153.92702199460473
20,0,0,0,1,0,1,18,610.8791139995446,208.9161689946195,429.0362519968767,92.33391999441665
9,0,0,4,1,0,2,1479,704.9205719958991,901.1782820016379,1269.898740996723,516.7269560042769
6,0,0,0,1,0,1,10,131.63405099476222,176.55729700345546,177.25740000605583,86.43964599468745
167,0,0,1,14,0,2,1,399.17574600258376,408.6937849933747,2146.7815460055135,538.1293829996139
13,0,0,2,0,0,1,1,124.57575100415852,178.00544899364468,973.004158004187,384.1746760008391
91,0,0,1,5,0,2,0,670.9645340015413,636.0330449970206,1501.2941519962624,371.708275997662
12,0,0,3,0,0,1,21,120.81628300074954,172.12115800066385,2569.137122001848,1199.1307910066098
21,0,0,4,3,0,3,12550,89.86544900108129,39.369285994325764,2961.410520001664,2473.851218994241
13,0,0,3,2,0,3,8,644.9800379923545,588.4435589978239,687.1769439894706,297.3162090056576
14,0,0,3,1,0,1,0,100.49232500023209,186.90835501183756,2443.454225998721,1189.3196150049334
12,0,0,3,0,0,1,3,132.6569369994104,104.0275039995322,2502.4085699988063,1187.6196910016006
12,0,0,5,0,0,1,4475,569.0049590048147,852.1743180026533,4874.392286990769,1846.6826660005609
6,0,0,3,0,0,1,12550,58.00406499474775,76.68920600553975,943.2814140018309,539.703697009827
26,0,0,1,4,0,2,1,608.0824039963773,575.3916569956345,1234.939261994441,417.90202500123996
54,0,0,5,5,0,3,1,1236.8266220000805,2110.816337997676,8723.426209995523,4969.799529993907
3,0,0,1,0,0,1,0,123.07125999359414,228.2404419966042,303.3798889955506,141.7266250064131
167,0,0,2,34,0,2,1,133.46356300462503,163.42931799590588,3921.1527519946685,562.238372003776
221,0,0,4,10,0,2,1,525.952445997973,497.4142069986556,16658.121335989563,3393.5504750115797
10,0,0,4,0,0,1,731,301.83987200143747,452.7947669994319,2477.946818995406,1195.4699479974806
4,0,0,0,0,0,0,323,133.94252900616266,136.9029670022428,198.77954899857286,91.81447299488354
11,0,0,1,0,0,1,3,124.93661900225561,174.0013129892759,676.2226089922478,307.51893400156405
15,0,0,3,2,0,1,1,120.88842899538577,166.61062600906007,2656.3375360128703,671.5387309959624
39,0,0,6,4,0,3,0,620.3189149964601,362.46472600032575,8066.035095005645,1976.4228249987355
6,0,0,2,0,0,1,170,127.28668599447701,178.94169500505086,1271.954658004688,629.1771510004764
12,0,0,3,0,0,1,12,123.51810000836849,171.04644399660174,2498.462200004724,1142.1931340009905
367,0,0,3,71,0,2,1,111.4481690019602,174.49643700092565,14237.534801999573,1077.2056029964006
31,0,0,3,1,0,2,0,78.23311399261001,173.22040899307467,3091.2731410062406,1205.701583006885
5,0,0,2,0,0,1,9914,159.75926000101026,127.74985100259073,664.827739004977,212.61070300533902
27,0,0,2,2,0,2,0,614.2867930029752,367.7519939956255,1394.6510599926114,340.1943289936753
53,0,0,4,3,0,3,3,401.4956620085286,408.1219729996519,6821.844031001092,4810.399668000173
2,0,0,1,0,0,1,12550,36.21608699904755,45.051417997456156,250.6856669933768,164.50160900421906
112,0,0,9,4,0,3,180,1065.7315919961547,1336.2579789973097,60000.0,42612.45060400688
9,0,0,1,0,0,1,1,126.94010601262562,174.71261099854019,660.3585890115937,313.18760399881285
52,0,0,3,5,0,2,1,1238.4944829973392,1193.5396129993023,944.0484490041854,454.367614001967
10,0,0,1,0,0,1,1,122.00694700004533,174.01814000913873,548.391926990007,153.20372399582993
15,0,0,5,2,0,3,1441,446.01939800486434,550.0195999920834,2622.2198309988016,1157.6222260046052
53,0,0,4,5,0,2,1,1239.6052650001366,1197.9522999899928,6004.868085990893,3641.0219100071117
19,0,0,2,3,0,1,0,72.07869100966491,92.09404299326707,1309.0156099933665,328.4637210017536
8,0,0,1,0,0,1,2,114.85617999278475,171.38142899784725,653.6747149948496,305.64858399156947
10,0,0,3,0,0,1,31,374.8972779867472,531.416755009559,1200.816937998752,608.0539940012386
34,0,0,1,5,0,1,1,126.83232300332747,166.31693000090308,870.4808499896899,287.66427499067504
9,0,0,2,0,0,1,1,111.20042399852537,170.69134500343353,1283.0146169872023,588.3322709996719
1,0,0,0,0,0,0,9230,54.01489499490708,70.96664000710007,202.78406899888068,157.36866599763744
15,0,0,2,2,0,2,0,965.0140489975456,987.5669359898893,1250.2439879899612,354.23949200776406
6,0,0,0,1,0,1,0,126.38835099642165,177.02436000399757,336.74562799569685,159.58271898853127
41,0,0,7,4,0,3,6,744.9595239886548,704.6175760042388,47762.14391000394,31795.022174002952
18,0,0,7,0,0,1,7,189.2879160004668,533.0819060036447,18164.262726000743,8640.397715993458
168,0,0,3,34,0,2,1,130.86851299158297,165.23742201388814,6394.992984991404,945.5576150066918
47,0,0,1,4,0,2,1,669.9314119905466,633.999205994769,1171.9124410010409,624.4351089990232
13,0,0,1,0,0,1,1,70.6388280086685,96.17188699485268,689.2074079951271,312.08405100915115
20,0,0,3,3,0,2,73,564.9871770001482,961.8119410006329,2466.9583219947526,1843.4473050001543
6,0,0,2,1,0,2,12550,41.53590298665222,31.56497300369665,344.59291999519337,316.0076089989161
16,0,0,1,1,0,2,12550,106.45262899925001,43.05994599417318,677.454675998888,559.7486550104804
5,0,0,1,1,0,2,408,129.10019099945202,176.37719699996524,254.30135500209872,85.15976600756403
220,0,0,1,11,0,2,1,631.6205809998792,599.9949999968521,2105.889982994995,462.97956600028556
6,0,0,1,0,0,1,250,239.73730400030036,362.37021700071637,317.3246539954562,149.79629599838518
1,0,0,0,0,0,0,256,118.47955499251839,162.85825800150633,304.9329530040268,148.50588999979664
10,0,0,1,0,0,1,1,241.5735139948083,358.28121899976395,341.1693980015116,159.51323599438183
16,0,0,1,2,0,2,266,942.9124190064613,532.9610879998654,295.77322299883235,221.36062300705817
6,0,0,0,1,0,1,142,67.76509300107136,87.02659499249421,171.02856498968322,81.19587400869932
28,0,0,1,4,0,2,1,953.6256889987271,937.3189339967212,575.7489929965232,357.90327900031116
9,0,0,4,0,0,1,1190,341.2625119963195,482.0144200057257,2191.323248000117,850.4707800020697
170,0,0,2,13,0,2,1,590.5375710135559,562.3985480051488,3055.427519007935,1026.0662049986422
62,0,0,4,4,0,3,0,572.0738429954508,706.0409160039853,5870.093129997258,3102.312876013457
6,0,0,1,0,0,1,491,131.76161600858904,243.29411699727643,194.93426699773408,87.83924000454135
29,0,0,3,3,0,2,1,125.77532201248687,165.88389000389725,1460.1829860039288,484.0033650107216
11,0,0,1,1,0,1,3,121.04821400134824,166.48107599758077,663.9100370084634,293.1533780065365
35,0,0,2,3,0,2,1,473.0061659938656,767.7679889893625,2601.1338690004777,730.826448998414
16,0,0,1,1,0,2,1,92.72275600233115,88.8431840139674,356.51985100412276,158.23403099784628
15,0,0,2,2,0,2,0,118.22015199868474,163.23865900631063,1279.6815109904855,272.3619580065133
13,0,0,2,0,0,1,4,126.84831499063876,284.4891779968748,653.9298650022829,290.85514599864837
5,0,0,1,0,0,1,23,126.7737760063028,179.05796300328802,650.1148649986135,318.2662010076456
23,0,0,0,3,0,1,1,134.80030601203907,189.79862998821773,421.5132200042717,178.6366450105561
13,0,0,1,1,0,1,1,118.308381002862,165.3265740023926,430.03348899947014,144.5181169983698
15,0,0,3,2,0,2,2,121.69857400294859,170.26765199261717,2623.1334830081323,1130.7084519939963
7,0,0,2,0,0,1,455,64.74156299373135,133.1286530039506,1260.7697430066764,607.5084849871928
9,0,0,1,0,0,1,1,119.24619300407358,164.71275700314436,639.2663590086158,295.43816299701575
24,0,0,2,3,0,2,1,444.67989999975543,474.98218501277734,2402.2462709981482,755.8248510031262
11,0,0,2,0,0,1,0,115.74128399661276,163.9637939952081,1245.342641006573,561.4115099888295
9,0,0,1,1,0,2,1,119.14810299640521,166.56856700137723,632.6416859956225,284.1213530045934
8,0,0,1,0,0,1,0,120.9950350021245,172.62439100886695,654.1755240032217,304.5518660073867
190,0,0,1,11,0,2,1,238.09122999955434,338.4309240063885,2244.222734007053,627.9938149964437
12,0,0,2,0,0,1,9,128.34973199642263,180.88925900519826,1343.8359189894982,633.8868550083134
10,0,0,2,0,0,1,7,120.67963600566145,182.60753799404483,1053.6684980033897,296.0771879879758
10,0,0,3,0,0,1,27,76.0826210025698,103.72138400271069,2411.6607879986987,1191.8069350067526
5,0,0,0,1,0,1,45,118.78102199989371,133.83919600164518,170.18583801109344,81.05973900819663
13,0,0,3,1,0,1,6,192.46299299993552,488.6361459939508,1299.4777130079456,570.2395289990818
19,0,0,4,2,0,2,1,131.84772898966912,172.36159600724932,1447.609144001035,593.8182079989929
13,0,0,0,1,0,1,0,572.5407489953795,180.60196499573067,565.397305006627,174.93006399308797
57,0,0,8,5,0,3,473,1322.4307219934417,2762.0235020003747,21594.06636300264,15536.854366000625
38,0,0,1,1,0,1,2,241.2750219955342,291.35196199058555,426.59012200601865,158.22005800146144
18,0,0,6,1,0,1,1,145.29751900408883,205.85020900762174,20076.113365998026,9463.84884598956
11,0,0,1,0,0,1,1,128.45854699844494,177.67984999227338,675.5570269888267,312.998546010931
7,0,0,3,0,0,1,0,190.1755559956655,502.3377920006169,978.4861669904785,329.3292140006088
8,0,0,0,0,0,0,1,125.28418400324881,175.69264299527276,336.9695339933969,131.69516500784084
14,0,0,3,0,0,1,1,126.64533598581329,345.79556400422007,1294.0667969960487,385.3479130048072
5,0,0,2,0,0,1,0,124.88542500068434,176.7295369936619,496.57956999726593,318.08708400058094
18,0,0,2,3,0,1,1,140.4503819940146,187.261559010949,1475.0053030002164,594.3203849892598
54,0,0,5,5,0,3,5,1233.3154840016505,1199.286390998168,8020.409749005921,4858.838978994754
66,0,0,1,4,0,2,1,627.3779980110703,590.2156099909917,1297.4697109893896,794.1015830001561
22,0,0,2,3,0,2,1,140.82593699276913,187.487613002304,1235.2342369995313,298.6733949946938
5,0,0,1,0,0,1,516,129.16952799423598,180.1999919989612,649.3046579998918,329.2055629863171
8,0,0,0,0,0,0,1,63.96186699566897,87.47934899292886,275.06404799351003,157.34933699422982
21,0,0,6,2,0,3,1,999.4967249949696,1262.5562290049857,5072.769352002069,2364.382858009776
13,0,0,3,0,0,1,1,373.3913770120125,566.902004997246,806.4374039968243,564.5851789886365
13,0,0,3,0,0,1,18,65.70937599462923,171.827737998683,2635.9793040028308,900.0878270016983
5,0,0,1,1,0,2,408,128.71222700050566,174.72734200418927,329.1918570030248,164.57369799900334
10,0,0,4,0,0,1,371,127.7649969997583,176.01029700017534,4909.2034159984905,2354.7320140060037
9,0,0,2,0,0,1,1,74.17417199758347,101.44873800163623,717.3323489987524,601.2796060094843
6,0,0,2,0,0,1,4475,291.74708599748556,437.10150598781183,623.1559220032068,305.5456209986005
9,0,0,1,0,0,1,1,120.4430229990976,169.80485800013412,647.3678250040393,305.5363690073136
12,0,0,4,0,0,1,20,256.7601479968289,383.4848849946866,2185.474380996311,1223.3982920006383
17,0,0,3,2,0,2,1,375.8723659993848,221.56295999593567,1994.3548919982277,329.67137898958754
115,0,0,4,8,0,2,1,1409.4279359997017,1349.7322680050274,4883.6843260069145,1501.445240995963
11,0,0,0,0,0,0,1,65.01236199983396,87.60143800463993,175.53898399637546,80.93463000841439
3,0,0,1,0,0,1,4295,60.565453008166514,79.59876400127541,265.1626059960108,127.30277900118381
16,0,0,3,2,0,2,0,1059.091951989103,1213.796972995624,1289.1557069960982,549.6850659983465
15,0,0,1,1,0,1,1,122.53016099566594,173.70084300637245,711.1059710005065,307.11655599588994
56,0,0,7,5,0,3,4,1851.351858000271,2119.4087430048967,28307.30852900888,17564.336226001615
17,0,0,2,1,0,1,1,131.08967899461277,173.3878450031625,1423.127223009942,596.6133389883908
4,0,0,0,1,0,1,114,196.57975601148792,96.84694900352042,530.6543030019384,178.13484399812296
32,0,0,3,3,0,2,12550,213.57998500752728,77.2899809962837,2689.256674988428,1301.5498699969612
33,0,0,4,3,0,2,0,1805.6448089919286,2411.5489840041846,2703.1690779986093,1971.8301309912931
224,0,0,1,14,0,2,1,651.8622029980179,617.563916996005,1670.4672259947984,451.5925510058878
13,0,0,1,1,0,1,0,133.2676839956548,185.98206898604985,693.5094820073573,303.4403409983497
10,0,0,2,1,0,1,0,133.83286500175018,187.46175500564277,1026.9135689886753,542.0751430065138
16,0,0,1,1,0,1,6,119.4052630016813,167.72337698785122,611.3589839951601,289.11021100066137
12,0,0,3,0,0,1,3,119.44742900959682,170.78726401086897,2486.2381710117916,850.1686780073214
10,0,0,3,0,0,1,16,120.19510900427122,167.4437379988376,2471.273906994611,1128.1302200077334
12,0,0,3,0,0,1,1,132.26763099373784,187.49519099947065,2530.0347290030913,1203.710140005569
14,0,0,4,2,0,3,124,771.5778150013648,815.1415710017318,1362.469390995102,598.4278590040049
13,0,0,1,2,0,2,1,129.91454199072905,170.96845200285316,708.8643120077904,299.55517999769654
5,0,0,1,0,0,1,6,147.2885739931371,208.75405400875024,657.3858299962012,184.34350700408686
177,0,0,1,11,0,2,1,589.2761849972885,558.8801300036721,2004.5940199925099,469.39885198662523
5,0,0,2,0,0,1,9122,97.34673501225188,196.08069700188935,586.8634629878215,307.24423099309206
43,0,0,1,3,0,2,1,599.8515039973427,568.1829270033631,1193.308332003653,780.4604589910014
150,0,0,0,8,0,1,0,779.5202270062873,733.8776199903805,833.7500979978358,282.4253110011341
10,0,0,1,0,0,1,2,123.96995500603225,175.56219099787995,670.0330070016207,248.46372299361974
16,0,0,1,2,0,1,1,124.92929700238165,167.81435000302736,713.0515120079508,288.5178340075072
35,0,0,1,3,0,1,1,116.50610699143726,165.1994330022717,749.5897549961228,151.1270949995378
17,0,0,1,2,0,2,2,303.6537649895763,243.04565800412092,1017.0633139932761,913.5071180062369
173,0,0,1,12,0,2,0,785.4048279987182,738.5424959938973,1685.890369990375,433.11961299332324
13,0,0,4,0,0,1,13,125.2534750092309,175.97548798948992,3209.3019409949193,1735.820774003514
14,0,0,4,1,0,2,22,122.37584398826584,172.48274400481023,4813.236243004212,2223.6473350058077
17,0,0,1,1,0,2,0,625.6432840018533,278.91610299411695,352.2878500079969,87.5923099956708
46,0,0,5,4,0,3,0,1022.2641690052114,1114.8613590048626,4833.20000700769,2206.0843740036944
8,0,0,1,0,0,1,21,123.48194500373211,174.91445298946928,658.2275879918598,310.16323900257703
3,0,0,0,0,0,0,197,65.89075300144032,142.77529901301023,326.59295199846383,172.26516398659442
2,0,0,1,0,0,1,12550,35.910557009628974,44.28285101312213,295.1264860021183,147.53235600073822
5,0,0,0,1,0,1,93,425.3501789935399,509.31437899998855,569.9292379867984,480.144121000194
11,0,0,1,0,0,1,3,123.00927299656905,174.33613500907086,670.2021350065479,313.2667500030948
11,0,0,1,0,0,1,4,122.03869101358578,166.98056700988673,652.1347539965063,291.02902401064057
22,0,0,4,3,0,2,12550,179.60630799643695,90.6639689928852,2606.8663189944346,1088.9566329860827
20,0,0,3,4,0,3,22,335.556263991748,386.3832770002773,2405.7893169956515,1564.634880007361
30,0,0,2,4,0,2,1,623.0232670059195,592.419324995717,2251.2015139946016,828.3152980002342
18,0,0,2,1,0,1,1,65.91614001081325,88.05188701080624,814.8264689953066,560.9068560006563
9,0,0,0,0,0,0,0,118.92947599699255,169.0548110054806,329.8339390021283,151.89433099294547
238,0,0,2,15,0,2,1,439.03860899445135,441.7864859860856,4992.768809010158,1100.9760799934156
12,0,0,3,0,0,1,2,120.51634599629324,90.92146999319084,2449.691112997243,1108.6531579931034
7,0,0,2,1,0,2,9914,107.06352400302421,143.18083200487308,995.508752996102,581.7559120041551
56,0,0,7,5,0,3,78,1232.224365012371,2557.777738009463,17247.254675006843,9841.629953996744
10,0,0,2,0,0,1,22,130.61631500022486,187.38774700614158,796.0004159976961,467.865451995749
28,0,0,2,4,0,2,1,125.3939430025639,161.44054000324104,1548.6189649964217,555.5539180058986
12,0,0,4,2,0,3,12550,120.8420839975588,77.70940099726431,1500.4106859996682,442.2470239951508
4,0,0,0,0,0,0,337,69.21695500204805,91.6170379932737,171.68058500101324,87.77976500277873
12,0,0,2,1,0,1,1,63.59492600313388,85.94211601302959,1143.1340819981415,597.7347709995229
8,0,0,0,0,0,0,1,61.486493999836966,82.72663700336125,163.6466319905594,75.20615299290512
301,0,0,1,17,0,2,1,664.9995980114909,671.8459379917476,2301.279325009091,404.47816300729755
17,0,0,3,2,0,2,3,359.5864079979947,231.87712900107726,2177.856973998132,774.1428279987304
13,0,0,5,0,0,1,276,615.2399339916883,935.9640640032012,5080.523773998721,2406.030647995067
14,0,0,4,2,0,2,4,513.929274995462,417.3217680072412,705.8821170066949,308.38128899631556
2,0,0,0,0,0,0,22,118.7814110016916,167.39032400073484,311.4371830015443,152.45480900921393
16,0,0,2,1,0,2,1,122.90652899537235,172.80317399126943,708.384419005597,309.3169749918161
8,0,0,1,0,0,1,1,122.99789900134783,176.72638800286222,661.3555070071016,316.9020770001225
22,0,0,7,2,0,3,1,422.5696229987079,296.30173099576496,10749.21871200786,4410.157242993591
17,0,0,2,2,0,1,1,117.7578770002583,162.12498700770084,1382.330673004617,560.0496559927706
12,0,0,1,0,0,1,1,124.91631899320055,176.54407100053504,392.79210701351985,182.90753700421192
3,0,0,1,0,0,1,8533,199.20974200067576,288.86879100173246,299.87273999722674,175.53638499521185
23,0,0,8,2,0,3,1,770.5994049902074,812.7323180087842,21741.61603000539,9480.560727999546
11,0,0,5,1,0,3,12550,99.81655399315059,95.07255999778863,2116.828190002707,550.7643590099178
22,0,0,3,4,0,2,0,412.98707299574744,187.51186200825032,4082.157618002384,1343.642178006121
7,0,0,1,0,0,1,6,131.4526470087003,187.75192300381605,648.7029340059962,310.30594400363043
18,0,0,1,0,0,1,1,87.29916599986609,169.909991993336,667.8537959960522,303.99352799577173
57,0,0,8,5,0,3,39,1238.551742004347,2399.832306007738,18998.465081996983,12380.986523989122
7,0,0,0,1,0,1,1,118.35935300041456,164.97244400670752,328.354422992561,145.71552800771315
13,0,0,1,1,0,1,0,124.58456899912562,177.17251100111753,687.5490819948027,304.5970719977049
31,0,0,2,5,0,2,1,849.9854789988603,1122.3760619905079,1310.5011180014117,439.64403100835625
22,0,0,1,2,0,2,1,121.14560999907553,175.0385289924452,735.8888540038606,307.68518899276387
3,0,0,0,0,0,0,11,120.78576900239568,170.7057919993531,319.8218150064349,154.92362399527337
6,0,0,2,0,0,1,4475,209.93015899148304,304.9095519963885,635.3346149990102,331.79304999066517
10,0,0,4,1,0,2,12550,102.05405499436893,91.04493699851446,2234.947902004933,1101.5697230031947
5,0,0,1,0,0,1,433,120.56610400031786,169.85549899982288,627.1757849899586,310.45255399658345
5,0,0,2,0,0,1,4295,228.44214001088403,337.00579399010167,609.2211340001086,311.0606369882589
56,0,0,7,5,0,3,12550,326.4801690093009,54.81291300384328,14392.01869200042,9439.148492005188
39,0,0,2,4,0,3,0,671.2498260021675,372.33859300613403,1296.226767997723,341.9466600025771
16,0,0,3,1,0,1,1,122.92234400229063,170.40838200773578,2253.1518960022368,1147.2092280018842
10,0,0,3,0,0,1,59,244.6265820035478,361.3725969917141,1293.3233520016074,606.602963001933
20,0,0,5,2,0,2,1,131.17826299276203,170.17097999632824,2862.6165300083812,1189.7210129973246
11,0,0,2,1,0,1,43,135.47376499627717,188.5920869972324,1338.7081429973477,610.4143039992778
14,0,0,0,2,0,1,2,330.92348198988475,333.29668099759147,518.1938339956105,342.1677930018632
54,0,0,5,5,0,3,1,1268.729909992544,1691.7554800020298,9291.230307004298,5397.251158996369
32,0,0,3,3,0,2,12550,205.99749599932693,75.88155400299001,2673.447702996782,2012.0035959989764
54,0,0,5,5,0,3,18,2190.2879440021934,3309.041578002507,8540.786248006043,5520.6968629936455
13,0,0,1,0,0,1,1,123.91037499764934,172.51176599529572,685.8223010058282,310.1004120107973
25,0,0,2,2,0,1,1,270.8593509887578,376.5105000056792,768.4358679980505,314.73344600817654
11,0,0,1,1,0,1,4,505.58467699738685,377.0295559952501,347.26641500310507,132.27803200425114
13,0,0,1,1,0,1,0,125.3908990038326,162.80055799870752,680.5702479905449,284.86861899727955
4,0,0,0,0,0,0,528,123.32516300375573,174.35320898948703,321.1008329963079,153.71432699612342
5,0,0,1,0,0,1,60,120.02398000913672,170.68572800781112,614.1294940025546,287.18635700352024
5,0,0,0,0,0,0,1,62.87184500251897,86.036698994576,214.42637499421835,75.44282999879215
2,0,0,0,0,0,0,3627,117.68970800039824,164.0450409904588,307.2016660007648,167.30074999213684
13,0,0,2,1,0,1,1,134.71903299796395,185.39642600808293,1360.9015789988916,611.8034960090881
16,0,0,2,2,0,2,1,504.2147709900746,377.3348379909294,712.8040530078579,301.59805400762707
10,0,0,1,1,0,2,1,120.6125559983775,169.83484600496013,342.88049800670706,155.41341000061948
11,0,0,2,0,0,1,0,61.31349000497721,83.64077199075837,710.7514389936114,469.14823800034355
13,0,0,2,2,0,2,6,605.7031210075365,320.14576900110114,975.9928939893143,301.8858029972762
11,0,0,2,0,0,1,0,118.8516719994368,160.86354899744038,856.057149998378,526.461849003681
46,0,0,5,4,0,3,0,1244.063981997897,700.9274760057451,5618.6203910037875,1625.0091719994089
24,0,0,1,3,0,2,1,532.2101750061847,486.4441740064649,1224.70649999741,664.4969780027168
57,0,0,8,5,0,3,473,1700.4610169969965,2811.8218099989463,25089.956997995614,13827.66235699819
9,0,0,4,0,0,1,849,599.1016460029641,852.4338349961909,2397.3991890088655,867.1769729990046
14,0,0,3,0,0,1,1,122.42132700339425,171.66602300130762,2410.302830990986,1101.332103004097
20,0,0,2,2,0,2,0,1071.0035499942023,663.9116510050371,586.4685119886417,191.25935999909416
40,0,0,6,4,0,3,78,741.4282329991693,2420.527939000749,20513.16622599552,13110.663468003622
5,0,0,1,1,0,2,12550,71.90439500845969,43.427602999145165,508.0075399891939,411.99477200279944
6,0,0,3,0,0,1,12550,60.432276004576124,78.63201100553852,1138.3022959926166,542.9449579969514
71,0,0,3,3,0,2,0,569.9591619923012,535.1979190018028,4543.700397000066,2613.571702007903
13,0,0,2,0,0,1,1,126.61576298705768,178.3203049999429,1172.5354960071854,606.9013819942484
13,0,0,2,1,0,1,1,132.99390199244954,184.51233999803662,1421.3220350065967,659.4827709923266
13,0,0,4,0,0,1,17,126.04052199458238,174.82769500929862,4661.481642004219,2229.2317090032157
9,0,0,2,0,0,1,139,326.61786398966797,579.285052997875,633.8395450002281,303.40865399921313
18,0,0,1,1,0,1,1,250.59084298845846,364.4745769997826,370.5651240015868,160.67454000585712
113,0,0,0,6,0,1,1,611.6552629973739,546.254715998657,538.3471329987515,225.32240499276668
6,0,0,1,0,0,1,17,122.43587098782882,157.926708998275,446.5269779902883,301.05486999673303
11,0,0,2,0,0,1,2,125.71550501161255,175.19380200246815,1297.9049510031473,609.7336380043998
8,0,0,1,0,0,1,5,118.05942900537048,166.51602799538523,506.04487500095274,184.28457500704098
10,0,0,1,0,0,1,1,131.00443099392578,188.31800200860016,664.4641950115329,248.63336500129662
108,0,0,5,4,0,3,23,1332.5955540058203,1758.4347869997146,5327.483838002081,2790.066828005365
45,0,0,2,9,0,2,1,126.51234600343741,175.58469199866522,979.8230140004307,316.3267439958872
13,0,0,2,1,0,1,0,105.46905000228435,121.34246999630705,1357.8147669904865,595.3947340021841
92,0,0,3,6,0,2,1,621.7584190017078,597.7408579929033,5056.096840999089,1640.0653140008217
29,0,0,7,3,0,3,178,1290.411017005681,1737.4363749986514,12979.636308999034,7343.725012004143
13,0,0,1,1,0,1,1,121.07298299088143,168.5720079985913,686.2769579893211,227.3043650056934
10,0,0,3,0,0,1,91,127.88567900133785,177.05911300436128,1120.4031759989448,601.4161240018439
55,0,0,4,7,0,2,1,130.46183000551537,175.6403759936802,7761.559478007257,2387.0868439989863
86,0,0,1,14,0,2,0,132.81347299925983,170.03705000388436,1253.2497819920536,240.27519300580025
3,0,0,1,0,0,1,4295,115.65543299366254,159.65069600497372,524.8369809996802,147.2909790027188
27,0,0,5,0,0,1,5,131.56217901268974,182.92656799894758,9635.352691009757,3177.959605003707
10,0,0,0,0,0,0,158,131.84266399184708,182.32442700536922,348.6620559997391,158.70967799855862
6,0,0,3,0,0,1,12550,59.062571002868935,78.02866199926939,1136.980253009824,540.7400500116637
12,0,0,4,1,0,3,14,142.4653669964755,347.6409469876671,1281.990453004255,595.7047539995983
50,0,0,3,6,0,2,1,606.0186790127773,998.9047599956393,5589.653503993759,1692.3964349989546
113,0,0,3,6,0,2,1,662.2858210030245,629.2905009904644,6170.438569999533,1471.7010550084524
53,0,0,4,5,0,2,1,1238.5272279934725,797.5548950053053,2855.0418819941115,1832.7657799964072
7,0,0,1,0,0,1,1,65.63518899201881,86.96440899802838,496.4253809885122,248.92588300281204
7,0,0,3,0,0,1,4295,263.78414199280087,508.01344600040466,1140.3261930099688,594.4192299939459
14,0,0,3,1,0,1,1,69.39127499936149,92.54285600036383,2446.3347170094494,1312.964908007416
55,0,0,6,5,0,3,12550,336.8009060068289,106.01991799194366,16129.18245200126,10021.979416997056
53,0,0,6,4,0,3,792,1758.5711589927087,2707.8378059959505,16293.120499001816,6482.752372990944
38,0,0,3,3,0,2,25,1200.1557979965582,1272.5403450021986,2304.423683992354,780.3493840037845
35,0,0,2,4,0,3,1,594.1140609938884,741.9061180116842,1883.1605000013951,1185.7811390073039
5,0,0,1,0,0,1,0,129.50312800239772,196.7055829882156,634.2580180062214,300.1928419980686
52,0,0,3,3,0,2,1,417.040537999128,416.9610899989493,6088.378158994601,3396.4444390003337
2,0,0,1,0,0,1,12550,36.547103998600505,44.02462099096738,280.24697600631043,147.9180270107463
55,0,0,6,5,0,3,39,1237.9159599950071,2926.6163619904546,8153.052391993697,5701.79946499411
8,0,0,3,1,0,2,12550,89.0279820014257,78.31438300490845,874.0335789916571,288.23800598911475
10,0,0,3,1,0,2,101,136.6599250031868,185.0128879887052,1337.8719550091773,637.1215099934489
153,0,0,4,8,0,2,1,691.2283590063453,645.7665720081422,9744.952847002423,3265.4219569958514
12,0,0,2,1,0,1,0,127.2934339940548,178.49299000226893,458.2024539995473,293.36416599107906
17,0,0,2,0,0,1,1,119.78211300447583,168.8037540006917,839.0460859955056,282.4073310039239
5,0,0,2,0,0,1,9122,46.826294012134895,61.41030001163017,725.4825410054764,531.5105180052342
3,0,0,0,0,0,0,1002,64.62462998752017,86.87532000476494,161.0542370035546,89.42428100272082
305,0,0,3,11,0,2,1,547.0326159993419,877.3494880006183,10523.933604999911,1838.7576139939483
51,0,0,4,6,0,2,1,563.1404669984477,986.3815830030944,8862.00638799346,3389.5563800033415
54,0,0,7,4,0,3,0,1721.4998849958647,2012.2582709882408,25660.529053013306,6601.192727990565
54,0,0,1,5,0,2,1,534.7160379897105,510.87391399778426,687.1161589951953,223.91275099653285
10,0,0,2,0,0,1,2,123.23858099989593,173.61124799936078,1299.708524995367,609.9691659910604
15,0,0,2,1,0,1,1,133.0838690046221,184.58337600168306,1390.298828991945,610.1168659952236
12,0,0,1,0,0,1,1,118.78940000315197,165.52333999425173,652.9203029931523,293.4807260025991
21,0,0,6,2,0,3,1,550.1169229974039,592.1899599925382,5569.714397002826,1575.6712760048686
12,0,0,1,1,0,1,4,245.75245099549647,354.85190799226984,341.7223670112435,149.22041200043168
114,0,0,3,8,0,2,1,680.7099019933958,654.9422889947891,5132.861693011364,2030.1846779912012
11,0,0,1,1,0,1,4,125.0948340020841,173.49208499945235,690.2679160120897,316.43801400787197
8,0,0,1,0,0,1,2,250.85112400120124,374.2315739946207,338.0604200065136,163.0231089948211
7,0,0,2,1,0,2,1879,242.32647600001656,467.64731600706,861.0421540070092,692.6839580119122
44,0,0,3,6,0,1,1,128.30886100709904,173.02080099761952,3678.5410979937296,1209.2704569950001
55,0,0,6,5,0,2,1,1235.165081001469,1198.8498290011194,6188.362950008013,3136.4108199923066
6,0,0,1,0,0,1,0,122.03845600015484,171.16010400059167,639.636360006989,302.1408899949165
12,0,0,1,0,0,1,0,120.65432099916507,166.83407299569808,654.889697994804,288.76557399053127
54,0,0,5,5,0,2,1,964.9412959988695,1209.1450059961062,6272.838718010462,3565.061410990893
49,0,0,5,4,0,2,1,1073.4329350088956,903.9326070051175,4760.089207004057,3392.231562989764
11,0,0,3,0,0,1,0,118.49963999702595,162.58651899988763,2461.26232399547,1003.1053240090841
13,0,0,1,0,0,1,1,124.91737700474914,177.29875400254969,677.3668870009715,309.11046999972314
8,0,0,2,1,0,2,16,139.52248900022823,187.89838200609665,1350.5671890015947,504.25661700137425
4,0,0,1,0,0,1,3160,122.40095500601456,170.08728100336157,608.0572740029311,297.34079699846916
13,0,0,1,1,0,1,1,123.49399899540003,176.3072089961497,656.2532569951145,158.57999100990128
16,0,0,1,1,0,2,12550,113.13412600429729,43.86106399761047,679.7826340043684,557.143352998537
27,0,0,2,4,0,2,1,610.1504399994155,576.5024710126454,1233.2405250053853,414.3263780133566
54,0,0,5,5,0,3,1,1239.6909480012255,1735.155038011726,7005.64162300725,4561.281155998586
1,0,0,0,0,0,0,9230,54.55319699831307,70.00243000220507,202.9578850051621,154.95077200466767
347,0,0,3,17,0,2,1,540.0947710004402,518.7169560085749,12179.990750999423,1996.5426969865803
53,0,0,4,5,0,3,0,1230.7562370115193,1194.3631939939223,3048.4979530010605,1798.3316630125046
46,0,0,2,4,0,2,0,970.3808460035361,1555.4633220017422,1513.7316229956923,967.8645509993657
12,0,0,3,0,0,1,3,244.22111999592744,354.9746100034099,694.0645849972498,569.4316250010161
13,0,0,5,0,0,1,17,161.86360600113403,213.79105799132958,3468.9093999913894,1563.9721259940416
11,0,0,4,0,0,1,8,374.7042489994783,577.7529799961485,2430.635003009229,1211.2704049941385
6,0,0,0,0,0,0,1,62.1603040053742,83.65230800700374,164.63185899192467,75.36023299326189
12,0,0,4,0,0,1,61,148.15676199214067,208.3543769986136,2429.726477013901,1179.3992900056764
12,0,0,2,1,0,1,3,143.16786800918635,189.08373700105585,1345.572094011004,602.2006040002452
10,0,0,2,0,0,1,1,132.80969599145465,187.86878600076307,1284.1131500026677,594.6839230018668
22,0,0,7,2,0,3,1,674.6211380086606,499.51885400514584,10588.019761009491,4268.530924993684
7,0,0,3,0,0,1,4295,335.7784459949471,509.0038690104848,1195.1641360064968,589.8542939976323
62,0,0,4,4,0,3,0,500.4389919922687,708.0801310075913,5873.880137995002,2929.5008730114205
9,0,0,2,0,0,1,40,252.41278001340106,370.36013600300066,655.0881889997981,313.22724900383037
17,0,0,1,0,0,1,3,121.47046699828934,174.2790900025284,427.08684199897107,156.0623539990047
9,0,0,3,1,0,2,3085,315.35252298635896,470.5248389946064,1231.9141539919656,564.922514007776
25,0,0,3,3,0,2,4,426.3428220001515,419.76752699702047,2478.7160950072575,1639.0093179943506
6,0,0,2,0,0,1,1121,129.51607999275438,179.3507209949894,1278.1984379980713,362.1333970077103
39,0,0,1,1,0,1,1,121.27227200835478,165.97089200513437,821.5064639953198,290.65393398923334
12,0,0,3,0,0,1,2,242.21948299964424,271.9129540055292,942.883236988564,554.7261260071537
7,0,0,3,0,0,1,8533,286.2571269943146,287.1413700049743,618.8334559992654,439.9643970100442
56,0,0,7,5,0,3,12550,339.78712899261154,105.024713993771,14629.003886991995,9174.82025398931
10,0,0,1,0,0,1,1,123.22030999348499,174.93411900068168,475.363252000534,303.51377300394233
44,0,0,3,3,0,2,12550,261.69585800380446,75.62950599822216,2853.6451929976465,1972.628520001308
8,0,0,1,0,0,1,0,108.12443000031635,86.8113249889575,322.62731601076666,146.0655919945566
19,0,0,2,3,0,2,122,883.1329660024494,1132.9056170070544,1299.2860350059345,942.409506009426
6,0,0,1,0,0,1,19,131.598830994335,185.21068699192256,626.5605380031047,335.7303939992562
20,0,0,5,2,0,2,3,71.58275099936873,86.05665600043721,5322.447450002073,1808.0998819932574
6,0,0,0,1,0,1,60,67.70131799567025,89.72682799503673,171.04906900203787,79.63004600605927
6,0,0,1,1,0,2,6,393.0467069876613,187.14151000312995,559.3935470096767,178.8922720006667
27,0,0,1,3,0,1,1,120.96572200243827,165.3256300050998,783.722033011145,293.1799260113621
10,0,0,1,1,0,1,1,64.07904300431255,87.41366100730374,547.6756479911273,308.66568100464065
3,0,0,1,0,0,1,8533,197.00950699916575,288.26898100669496,229.7549280046951,89.61623499635607
225,0,0,2,14,0,2,1,655.2124829904642,621.8531869963044,4099.977158999536,774.5911240053829
9,0,0,0,0,0,0,1,123.28947000787593,175.11227299110033,338.61924200027715,159.09565000038128
17,0,0,3,1,0,1,1,119.81865999405272,166.40234099759255,2682.7292459929595,1127.810997000779
11,0,0,2,0,0,1,3,130.95220699324273,183.8761849940056,338.0496819881955,157.31925499858335
125,0,0,1,9,0,2,1,507.831516006263,486.80363199673593,1704.1394650004804,681.9315009925049
32,0,0,3,3,0,2,0,1697.1329810039606,2284.906986009446,1364.1378199972678,847.8088799893158
6,0,0,3,0,0,1,12550,57.68547700427007,76.47532899864018,1158.4238609939348,605.1566499954788
8,0,0,0,0,0,0,0,121.32158198801335,170.05908499413636,330.2428930037422,154.85175700450782
14,0,0,3,1,0,1,4,62.90954600262921,84.89327999996021,2393.296693000593,1109.9415119970217
5,0,0,1,0,0,1,0,130.44915199861862,186.40924200008158,661.8019589950563,329.6368120063562
16,0,0,1,2,0,1,1,122.20864700793754,172.05804199329577,721.422023998457,302.14857099053916
56,0,0,7,5,0,3,473,1647.9491859936388,2661.915246004355,17032.863504005945,9482.042694013217
19,0,0,5,1,0,2,1,134.42812199355103,188.58324200846255,9868.939324995154,4850.806688002194
16,0,0,3,2,0,2,0,116.428007997456,164.5883599994704,1155.2329960104544,559.0904130076524
10,0,0,0,0,0,0,1,121.70699000125751,169.84406499250326,331.2924380006734,147.6267850084696
40,0,0,5,4,0,3,0,61.68580400117207,82.03177199175116,9561.816168992664,2637.731643000734
95,0,0,1,5,0,2,1,1251.9099450000795,1201.316026999848,748.3736099966336,333.63434999773744
4,0,0,0,0,0,0,26,121.73566700948868,150.63914100755937,326.05343899922445,156.59371500078123
13,0,0,2,0,0,1,1,156.73435700591654,218.41064500040375,1370.4693340114318,642.899487997056
12,0,0,0,2,0,1,0,126.03028099692892,174.89617899991572,283.99586099840235,159.52674899017438
7,0,0,1,0,0,1,2,97.92058599123266,83.269103008206,447.2858869994525,281.3646440044977
168,0,0,1,6,0,2,1,668.1059760012431,443.0842150031822,1313.150318004773,458.0937819991959
3,0,0,1,0,0,1,9914,95.27140900900122,131.9067339936737,551.017553996644,314.82730800053105
33,0,0,3,3,0,2,12550,129.18832700233907,38.9801580022322,1702.818183999625,1558.7496960069984
6,0,0,2,0,0,1,696,295.3571710095275,394.01601000281516,659.9205460079247,330.82174000446685
55,0,0,6,5,0,2,84,1801.5365669998573,2402.674726996338,21498.436453999602,12790.116392992786
13,0,0,5,0,0,1,2058,192.47477600583807,386.9301349914167,5039.197270991281,1929.7935450013028
8,0,0,1,0,0,1,5,122.98650000593625,175.53339200094342,653.2078430027468,311.5568480134243
12,0,0,1,1,0,1,1,123.82668899954297,176.08764200122096,694.6748109912733,314.1520320059499
24,0,0,2,3,0,2,0,424.3493419926381,416.37752299720887,2129.5137960114516,1440.2903999871342
257,0,0,1,14,0,2,1,591.1309119983343,587.3506570060272,2535.05761300039,491.0414559999481
14,0,0,2,1,0,3,12550,90.39549200679176,43.604795006103814,1021.4079400029732,667.5583670003107
21,0,0,4,3,0,2,4,581.2369970080908,549.6005889872322,4738.564237995888,3622.246155005996
26,0,0,1,3,0,2,1,128.77057898731437,176.34453799109906,790.135293995263,322.2661260078894
92,0,0,2,4,0,2,1,1227.2120169945993,1186.654486999032,923.9892150071682,205.70759600377642
19,0,0,6,1,0,1,1,533.490244008135,820.803894996061,9752.241523005068,3856.996899994556
14,0,0,7,0,0,1,12550,98.37633899587672,136.6131079994375,15711.7866089975,7008.340369007783
18,0,0,1,0,0,1,16,87.70612000080291,185.5167989997426,612.3555300000589,303.87696699472144
17,0,0,2,1,0,2,1,132.39168700238224,157.35069499351084,1005.9875159931835,588.7585599994054
15,0,0,0,2,0,1,0,123.65348800085485,168.83806000987533,367.0316169882426,157.96840999973938
23,0,0,4,1,0,1,1,62.634214002173394,112.02628999308217,5253.641639006673,1744.916481009568
15,0,0,5,2,0,3,0,763.2548520050477,800.6414709961973,2637.4200509890215,1193.2595380058046
23,0,0,8,2,0,2,18,516.6128529963316,427.37474299792666,20409.07485599746,8825.18001900462
43,0,0,9,4,0,3,124,760.5647410091478,2446.7860919976374,60000.0,47537.004140001955
10,0,0,3,0,0,1,51,356.5780079952674,581.8653940077638,1272.2599059925415,619.789161006338
37,0,0,5,2,0,3,12550,207.74523199361283,60.2330819965573,6399.103809002554,4130.573650996666
10,0,0,3,0,0,1,5,132.96258299669717,188.2513650052715,2314.929704007227,1186.680710001383
2,0,0,0,0,0,0,19,117.14938200020697,156.64793600444682,215.6337639898993,145.14220600540284
14,0,0,3,0,0,1,6,151.418993002153,377.4092770036077,1311.7658179980936,581.7056500090985
8,0,0,2,0,0,1,0,123.63321300654206,173.71576798905153,1151.4613339968491,499.59095600934234
5,0,0,0,0,0,0,51,131.74086999788415,184.73036099749152,181.37165199732408,88.64452899433672
33,0,0,6,3,0,3,12550,113.90792900056113,47.73378100071568,12064.079267001944,6521.4188959944295
48,0,0,2,7,0,2,1,287.6774720061803,265.20696700026747,2218.5987010016106,865.0803299969994
28,0,0,2,3,0,2,4,1021.1283849930624,1122.3647049919236,1183.8449760107324,650.8506140089594
6,0,0,2,0,0,1,1556,62.64541500422638,85.31920399400406,612.341022992041,476.7777590022888
44,0,0,3,3,0,3,39,1239.8675379954511,1294.3906869913917,2049.4575900083873,1094.9893009965308
12,0,0,3,0,0,1,10,145.92054100648966,208.80838599987328,2585.986882011639,1194.0213769994443
55,0,0,8,4,0,3,124,1172.8810619970318,1979.30729300424,50604.99467299087,23305.616495999857
6,0,0,1,0,0,1,0,118.19574800028931,164.8613270081114,613.6061129946029,279.886225995142
167,0,0,1,8,0,2,1,568.3993179991376,535.5583909986308,1448.7742570054252,248.67200500739273
11,0,0,3,0,0,1,13,68.56967699422967,92.34069800004363,2349.99441500986,1227.5798319897149
29,0,0,7,3,0,3,12550,223.52980299910996,78.56050798727665,8779.563598000095,6465.822635989753
4,0,0,1,0,0,1,1486,233.2340269931592,331.7635700077517,310.5828469997505,82.95380799972918
23,0,0,8,2,0,2,45,137.3558079940267,183.56518499786034,41379.6629760036,16923.377540995716
6,0,0,0,1,0,1,16,391.7781920026755,196.38378999661654,584.5643509965157,187.32754100346938
13,0,0,1,2,0,2,0,66.9701389997499,87.03276400046889,305.9563220012933,159.22205201059114
10,0,0,5,0,0,1,12550,78.53690900083166,105.74488299607765,4304.749624992837,1809.611129006953
6,0,0,3,0,0,1,12550,59.52673401043285,76.93870199727826,1020.6670120096533,585.9701220033458
1,0,0,0,0,0,0,9914,63.08777199592441,110.06110499147326,246.72004299645778,161.4072320080595
56,0,0,7,5,0,3,12550,203.82581900048535,71.90630199329462,23954.115979009657,16897.7423489996
55,0,0,8,4,0,3,12550,204.2407609988004,93.09511299943551,40309.01787499897,19289.746273003402
7,0,0,1,1,0,2,1626,158.71418800088577,212.38085599907208,670.7581450027646,335.5791100038914
53,0,0,4,3,0,2,2,1190.3777380066458,1049.928867010749,2527.412896990427,1904.4721219979692
9,0,0,3,1,0,2,4295,593.7116970017087,521.4823959977366,1233.7628829991445,605.9555779938819
21,0,0,3,2,0,1,1,124.56464700517245,177.0514489908237,2664.8796429944923,1201.6839150019223
5,0,0,2,0,0,1,8399,217.05055500206072,318.6644830129808,603.7870520085562,289.37243499967735
37,0,0,0,3,0,1,0,672.1398129884619,183.03183300304227,609.4259480014443,174.19061900000088
14,0,0,4,2,0,3,0,238.59860499214847,350.0845689995913,1881.5954989986494,820.8297840028536
2,0,0,0,0,0,0,80,116.04222300229594,164.5221669896273,306.42352599534206,147.9416219954146
322,0,0,2,66,0,1,1,143.1721349945292,173.89528699277434,5062.172354009817,378.12245900568087
86,0,0,1,14,0,2,0,120.48186598985922,161.6026159899775,1251.694998005405,286.23907899600454
11,0,0,1,0,0,1,1,120.63593800121453,171.58416101301555,663.0794010125101,234.75911701098084
50,0,0,3,3,0,2,40,337.23384198674466,1345.1464110112283,5118.751269998029,3349.669988005189
5,0,0,2,0,0,1,8533,195.31056701089256,433.2596210006159,488.64081100327894,157.53633900021669
16,0,0,4,1,0,2,1,247.8591210092418,358.40015699795913,2443.4577170031844,1005.0708759954432
31,0,0,1,5,0,2,1,663.5719259938924,728.5192129929783,673.0416390055325,209.43519100546837
54,0,0,5,5,0,3,1,1230.2016530011315,2253.4706750011537,6851.854242995614,4143.892867999966
14,0,0,3,1,0,1,0,65.17783500021324,89.49392399517819,1770.5317479994847,1207.6362749940017
17,0,0,1,2,0,2,50,993.2785090059042,928.1809200037969,554.2696810007328,413.12951099826023
19,0,0,4,2,0,2,0,512.5324910040945,280.65080400847364,1466.3747570011765,681.8142480042297
40,0,0,5,6,0,2,1,520.8233610028401,380.82589900295716,6031.730924994918,2328.9195079996716
9,0,0,2,0,0,1,0,124.2166659940267,181.1631029995624,1350.4460010008188,616.0770200076513
11,0,0,2,2,0,2,31,120.62939399038441,170.4542549996404,1299.131382998894,577.6926029939204
9,0,0,3,0,0,1,97,429.88134000916034,581.8848130002152,1226.7389980115695,566.3494420005009
219,0,0,2,10,0,2,0,536.8090739939362,499.391616001958,4878.957568987971,914.9704779993044
14,0,0,1,0,0,1,1,123.13852299121208,174.11113900016062,686.50777899893,307.76066600810736
22,0,0,5,3,0,3,12550,175.20554400107358,74.49683100276161,7344.710838995525,5643.105833005393
13,0,0,1,1,0,1,1,122.12463100149762,168.45913299766835,681.5872279985342,290.1420350099215
37,0,0,1,2,0,2,93,1280.4887300007977,1351.4898610010277,504.195258996333,322.0572930003982
12,0,0,4,0,0,1,21,274.7819860087475,406.5340119996108,2573.495942997397,1211.1106450029183
14,0,0,3,1,0,2,2,122.44440401264,172.6627570023993,2627.614551995066,1197.5313759903656
34,0,0,1,3,0,2,1,528.1549479987007,499.7358479886316,1261.416453999118,812.4846349965082
36,0,0,6,3,0,3,12550,218.3631280058762,89.90968599391636,15471.348879000288,7768.232655987958
1,0,0,0,0,0,0,8533,101.95294299046509,142.09196199954022,279.067886993289,153.81364199856762
5,0,0,2,0,0,1,8399,167.8975060058292,237.2745470056543,638.6927149869734,326.19290400180034
221,0,0,2,10,0,2,1,533.1062330078566,527.7328380034305,4040.888833013014,624.1620289947605
19,0,0,6,0,0,1,3,126.64393000886776,174.41316599433776,19639.953609002987,9087.07095500722
4,0,0,1,0,0,1,1607,61.76808501186315,82.91322100558318,302.57318100484554,148.44477700535208
15,0,0,5,1,0,2,101,122.50381900230423,170.58006099250633,10036.80509798869,4382.825510008843
8,0,0,1,0,0,1,6,121.79404600465205,173.05316399142612,648.8188660005108,301.46033100027125
17,0,0,5,2,0,3,0,466.63191299012396,181.2784229987301,2977.967458005878,604.1345789999468
45,0,0,3,5,0,3,1,1363.541353988694,1462.6238190103322,1440.3606699925149,387.532762993942
5,0,0,1,0,0,1,101,63.92864199005999,150.52739999373443,479.7462399874348,310.1984130044002
8,0,0,3,1,0,2,180,506.25372199283447,698.9263699942967,1326.9576580059947,665.3764490038157
14,0,0,1,1,0,1,1,118.36102399684023,161.72137000830844,676.1064250022173,285.8854120131582
51,0,0,1,8,0,1,1,65.25675600278191,83.08546199987177,845.9645609982545,285.6556689948775
13,0,0,2,1,0,1,0,128.93723500019405,144.6150010015117,701.3437499990687,315.7078700023703
10,0,0,3,1,0,2,243,249.4033979892265,353.537407994736,641.8497559934622,288.5352209996199
13,0,0,2,1,0,2,1,64.98222399386577,89.76494499074761,357.13922799914144,159.08987099828664
23,0,0,1,1,0,1,1,123.17481500213034,172.97096099355258,748.6041310039582,307.916354999179
6,0,0,0,0,0,0,0,64.18274099996779,86.92940899345558,313.45543899806216,157.14670399029274
7,0,0,3,1,0,3,12550,40.825490999850444,32.49998300452717,262.02335400739685,268.9187719952315
13,0,0,2,1,0,1,3,247.02934100059792,362.59480800072197,686.0011759999907,314.7459629981313
6,0,0,1,1,0,2,12550,73.56337599048857,43.48729600314982,500.87974399502855,401.84321599372197
18,0,0,3,0,0,1,1,117.22870499943383,166.27169599814806,2564.6653849980794,930.7711669971468
14,0,0,5,2,0,3,8399,545.0052700034576,515.6728099973407,2570.872058000532,1171.7629250051687
15,0,0,2,2,0,1,1,66.88793099601753,89.78316899447236,1302.1095570002217,595.2197389997309
49,0,0,2,6,0,2,0,603.0398909933865,577.077827998437,2601.3216779974755,859.6464050060604
136,0,0,5,5,0,3,16,1935.8650989888702,2286.918843004969,7197.940833008033,3105.35673898994
24,0,0,0,2,0,1,0,377.9386819951469,238.49230399355292,333.1219279934885,96.14177800540347
10,0,0,1,1,0,1,1,368.7471269950038,184.15155899128877,1136.2581169960322,278.73893300420605
7,0,0,2,1,0,3,12550,69.11047399626113,43.91757500707172,1077.765273003024,891.1258779990021
52,0,0,7,4,0,3,0,1858.170882012928,1351.9597349950345,26117.564482003218,6257.180676999269
39,0,0,5,4,0,3,12550,255.89418299205136,91.26444399589673,7946.636341002886,5569.3978430063
45,0,0,3,5,0,3,1,1001.0384760098532,982.0722760050558,1435.5853029992431,397.1869069937384
13,0,0,4,0,0,1,23,123.52575299155433,168.51227800361812,4464.496526008588,2233.149402993149
8,0,0,1,0,0,1,26,119.21844599419273,166.43816900614183,637.1905870037153,289.48081300768536
35,0,0,1,6,0,1,1,207.48499799810816,206.45659399451688,1331.7806969862431,360.2282530046068
31,0,0,3,2,0,3,12550,85.77929600141943,30.620741003076546,2099.8322049999842,1901.1175869964063
16,0,0,4,1,0,1,1,366.2320650037145,546.6735349909868,2659.5833680039505,1120.5985859996872
16,0,0,1,1,0,2,12550,112.81299999973271,45.049701002426445,684.1104479972273,568.2932600029744
173,0,0,1,12,0,2,0,726.7377649986884,373.31489600182977,936.8479929980822,257.58914499601815
70,0,0,2,3,0,2,2,654.457819997333,616.5656820085132,2339.3544160062447,1358.5506990057183
36,0,0,2,5,0,2,1,554.8946140042972,529.6308510005474,1744.3261389998952,409.26875500008464
10,0,0,2,0,0,1,3,64.73484300659038,88.98684701125603,1287.0994780096225,597.9137620015536
33,0,0,4,3,0,3,233,1277.4688839999726,1693.2107580068987,2059.987753003952,1257.536037999671
14,0,0,1,1,0,2,2,64.33098700654227,87.45312799874227,497.57938699622173,306.13525900116656
71,0,0,0,13,0,1,1,130.2921839960618,171.50468898762483,604.4605749921175,160.23852600483224
98,0,0,6,15,0,2,1,131.64519201382063,164.76632999547292,37593.48560299259,8794.717190001393
7,0,0,1,0,0,1,1,130.85163799405564,184.44954599544872,642.6432879961794,304.7234210098395
12,0,0,3,2,0,3,19,647.6716929901158,585.3942319954513,677.6862630067626,305.8107280085096
39,0,0,4,6,0,2,1,125.9512729884591,165.0650619994849,6701.188334001927,2067.0849210000597
10,0,0,1,0,0,1,4,123.76745000074152,173.46094700042158,658.0020590045024,307.3786930035567
108,0,0,2,18,0,2,1,136.46843199967407,169.91720300575253,2884.660490002716,610.3846780024469
13,0,0,2,0,0,1,1,245.5199500109302,358.6206640029559,661.0867220006185,290.1307260035537
3,0,0,0,0,0,0,433,119.83984599646647,167.49779900419526,316.7159620061284,158.93794799922034
8,0,0,2,0,0,1,7,75.44128199515399,104.28047399909701,837.143857992487,607.4343220097944
16,0,0,1,1,0,1,1,124.3534379900666,171.04206599469762,709.1184169985354,307.8834579937393
221,0,0,4,10,0,2,1,287.22758901130874,837.7049050031928,16103.650482997182,2656.7525720020058
12,0,0,3,1,0,1,3,120.46295800246298,167.24301099020522,2238.274397008354,1139.3701519991737
186,0,0,4,14,0,2,1,414.23093898629304,414.99900199414697,7887.1025040134555,2051.076304007438
12,0,0,1,1,0,1,1,64.12311400345061,87.83037000102922,630.8132740086876,312.5439969880972
6,0,0,3,0,0,1,12550,57.970373003627174,75.45680498878937,1152.355483995052,606.8118309922284
11,0,0,1,1,0,2,2,125.16707200848032,171.89036299532745,681.9849400053499,304.0195830108132
8,0,0,1,0,0,1,29,131.7496370029403,182.52000900974963,679.2379480029922,331.9334209954832
3,0,0,1,0,0,1,9914,95.2364149998175,130.1148619968444,523.5188429942355,291.8862880032975
12,0,0,5,0,0,1,877,621.2393309979234,908.0288600089261,5240.623020989005,2557.9067379876506
12,0,0,4,0,0,1,44,292.2473880025791,430.96605299797375,2582.375318001141,1027.5798280054005
12,0,0,4,0,0,1,545,293.5318879899569,243.66951500996947,1299.1606180003146,747.2283539973432
13,0,0,0,2,0,1,0,130.35910499456804,171.80569500487763,366.82809800549876,156.5025979944039
8,0,0,1,1,0,1,33,372.56089599395636,185.5409010022413,1117.3040839930763,343.87327000149526
12,0,0,1,0,0,1,1,125.64079099684022,177.20971599919721,671.4090689929435,308.4197379939724
54,0,0,5,5,0,3,2,1253.135964012472,2281.7558919923613,9189.732740996988,4570.802699003252
10,0,0,1,0,0,1,5,123.37315399781801,173.79097000230104,668.3141160028754,309.51502099924255
12,0,0,1,0,0,1,1,126.06119699194096,178.4642470011022,683.3341820019996,321.88627999858
56,0,0,7,5,0,3,54,1467.9517790063983,2337.43962799781,33437.39015700703,20723.42143500282
7,0,0,2,0,0,1,3,131.06289399729576,186.01729899819475,1259.106288998737,594.2734090058366
12,0,0,1,1,0,1,1,120.44041699846275,164.1362800000934,664.3487630062737,285.41227799723856
5,0,0,1,0,0,1,97,235.25594899547286,338.5700749931857,307.89945399737917,151.47956200235058
12,0,0,1,1,0,1,1,62.58163299935404,85.33516799798235,338.0104739917442,241.99773899454158
14,0,0,1,0,0,1,1,125.36362299579196,170.54507399734575,683.3809780073352,304.9418209993746
11,0,0,1,0,0,1,1,238.5154719959246,271.82039599574637,174.4466630043462,80.70083199709188
46,0,0,5,4,0,3,0,1377.959143006592,933.106028009206,8342.372600993258,2080.438596996828
7,0,0,3,0,0,1,4295,300.33027900208253,462.9713219910627,1209.160710001015,607.010663006804
2,0,0,0,0,0,0,1121,128.55011600186117,190.0972629955504,326.0286580043612,170.40836499654688
34,0,0,2,2,0,2,12550,196.62031201005448,61.01087300339714,1421.337380001205,853.3637620130321
40,0,0,1,3,0,2,1,1381.224269993254,1176.4526480110362,631.0090049955761,393.7436309934128
8,0,0,2,1,0,2,6240,151.18088200688362,164.1568499908317,1215.2703469910193,611.8458770069992
13,0,0,5,0,0,1,945,291.21178000059444,416.5455699985614,4846.318454001448,2418.85373799596
9,0,0,0,0,0,0,1,65.65342600515578,88.61205699213315,284.90780100401025,160.70596600184217
12,0,0,3,0,0,1,13,245.9289370017359,362.33413399895653,1156.7595349915791,576.8862440017983
8,0,0,2,0,0,1,9,120.84195800707676,170.21887400187552,1221.591212990461,566.0613650106825
41,0,0,4,6,0,2,1,924.7517640033038,921.376449012314,5300.995621000766,1292.0280580001418
368,0,0,4,71,0,2,1,134.64937699609436,171.82763198798057,24314.2622650048,2451.212084008148
9,0,0,1,1,0,1,13,194.04406601097435,95.8345340040978,1057.524833988282,343.26534600404557
10,0,0,1,1,0,2,5,122.78327200328931,171.9873900001403,541.7028200026834,155.7005630020285
14,0,0,1,0,0,1,1,64.28481701004785,87.29475300060585,343.5923680081032,156.7742680053925
5,0,0,1,0,0,1,1070,128.19148699054495,183.13845999364275,650.0970640045125,327.7442590042483
7,0,0,2,0,0,1,0,117.99857699952554,161.34176398918498,1208.0701189988758,557.3148030089214
12,0,0,3,0,0,1,2,362.3856930062175,547.7594210096868,1254.4289750076132,558.2406840112526
4,0,0,0,1,0,1,405,68.79829299577978,91.0206740081776,168.74615600681864,88.88081299664918
9,0,0,1,0,0,1,0,116.72176900901832,163.49087799608242,627.3093990021152,286.2287390016718
1,0,0,0,0,0,0,8399,79.39483699738048,107.3355810076464,243.70695599645842,156.39688300143462
6,0,0,0,1,0,1,8,130.40184500277974,184.18719100009184,351.4411150099477,173.33033599425107
13,0,0,2,0,0,1,1,69.44591300270986,86.85081500152592,1325.1789990026737,600.5961960036075
29,0,0,1,3,0,2,4,219.75325100356713,213.98495900211856,764.7482169995783,857.4943489948055
1,0,0,0,0,0,0,8533,99.22429200378247,137.61378500203136,275.5722970032366,154.27078001084737
63,0,0,5,4,0,3,126,1527.92540100927,2603.4628469933523,5728.513213995029,2254.4672780059045
21,0,0,4,3,0,2,0,138.9896370092174,181.50743999285623,5524.981388007291,2329.312335990835
7,0,0,1,0,0,1,0,119.42390799231362,166.46245500305668,622.4101539992262,288.37760399619583
32,0,0,3,3,0,2,12550,205.7563790003769,75.88600399321876,2621.6180019982858,2010.9355229942594
8,0,0,0,0,0,0,2,130.85236599727068,182.5140709988773,349.6146669931477,173.2024060038384
32,0,0,1,2,0,1,1,123.3079439989524,172.82257400802337,818.6815109947929,308.5001529980218
1,0,0,0,0,0,0,0,116.80574499769136,164.51451000466477,304.59944999893196,148.8968460034812
8,0,0,4,0,0,1,12550,67.35119900258724,91.14854299696162,2248.330207003164,1095.8872549963417
18,0,0,1,0,0,1,1,123.03664299543016,173.981615997036,437.15193899697624,159.9076150014298
4,0,0,1,0,0,1,966,119.47228500503115,165.87587899994105,611.3907079998171,304.5176879968494
152,0,0,1,7,0,2,0,427.6248249952914,242.70513000374194,1919.5347909990232,716.4398690074449
8,0,0,2,0,0,1,8,129.69499800237827,132.40805000532418,1115.8166009990964,629.0724419959588
8,0,0,3,1,0,2,12550,88.05678300268482,78.2902950013522,1136.3740649976535,600.1164730114397
6,0,0,2,0,0,1,241,163.1988180015469,234.5758330047829,1283.6354760074755,645.156455997494
30,0,0,3,3,0,2,1,325.0799279921921,576.0637609928381,3775.6000330118695,2226.744720013812
11,0,0,2,0,0,1,1,123.23308100167196,172.19667400058825,1307.8339919884456,607.4504900025204
8,0,0,4,0,0,1,12550,69.44513999042101,92.90001301269513,1377.9018570057815,838.132967997808
8,0,0,3,1,0,2,12550,87.3411279899301,77.17044600576628,1131.3708480010973,594.2729710077401
2,0,0,1,0,0,1,12550,36.442958007683046,44.55011100799311,297.89976798929274,148.85557901288848
55,0,0,6,5,0,3,35,2064.673444998334,3213.9198609947925,16785.890371989808,10280.367464991286
6,0,0,2,0,0,1,1800,166.45043800235726,237.12186199554708,1185.8208140038187,332.92869800061453
8,0,0,1,0,0,1,8,124.05204899550881,176.57786099880468,663.3537960005924,312.3035960015841
10,0,0,1,1,0,2,1,122.74071799765807,172.66852500324603,675.7777860038914,307.16719100018963
95,0,0,3,7,0,3,1,616.8481650092872,621.0783909918973,3695.7422340055928,1750.3714539925568
6,0,0,1,1,0,1,117,138.41426999715623,196.34577000397258,676.1394439963624,340.72253499471117
38,0,0,3,5,0,1,1,127.82378200790845,147.05149400106166,3456.363823002903,1189.6176760055823
108,0,0,5,4,0,3,1,653.0212379875593,332.25968800252303,9388.953956004116,4645.556419010973
56,0,0,7,5,0,3,233,1772.636458001216,2865.9653759968933,17346.540658996673,11767.84861300257
7,0,0,1,0,0,1,12,121.74981000134721,171.86548400786705,642.9880770010641,307.9499669984216
7,0,0,0,0,0,0,0,120.376570004737,172.77677399397362,332.0504860021174,158.5139279923169
16,0,0,1,1,0,1,1,121.64708699856419,171.64132600009907,706.6510250006104,309.29120400105603
9,0,0,1,0,0,1,5,124.2768869997235,175.25597200437915,658.2575899956282,310.7400020089699
11,0,0,3,1,0,1,22,261.03632799640764,563.4121360053541,813.4303010010626,279.81642200029455
53,0,0,4,3,0,2,2,1071.9962820003275,1166.2047860008897,3084.958691993961,1883.623047004221
10,0,0,3,0,0,1,16,131.4511800010223,186.32184699526988,2522.6338490028866,1189.5345480006654
12,0,0,2,2,0,1,2,143.5247149929637,383.03685501159634,699.9438999919221,312.3001140047563
29,0,0,3,2,0,3,12550,161.0446020058589,61.36449199402705,1709.6304619917646,1186.9808539922815
11,0,0,3,0,0,1,2,136.05771800212096,191.56408100388944,2572.7512430021306,1205.8984759933082
8,0,0,2,0,0,1,161,240.25440801051445,345.50849501101766,638.8536399899749,304.7611359943403
10,0,0,2,0,0,1,1,129.22859999525826,183.57023599673994,1282.6299720036332,600.2618450002046
1,0,0,0,0,0,0,9230,54.13451499771327,70.35182499384973,203.88699499017093,155.45338699303102
52,0,0,0,4,0,1,1,106.59249500895385,88.48049001244362,482.2897539997939,158.0528369959211
14,0,0,0,2,0,1,1,487.222866009688,475.4714199953014,587.0594170119148,190.20284600264858
57,0,0,8,5,0,3,124,1237.3855159967206,2958.013014009339,35182.734820991755,17734.419985994464
13,0,0,3,1,0,3,12550,106.81719100102782,61.608224001247436,2339.8909160023322,1277.2075139946537
11,0,0,2,1,0,1,1,133.97661900671665,187.37903799046762,1335.5101789929904,602.4468319956213
11,0,0,1,1,0,1,1,100.26082998956554,84.72116000484675,577.9802999895765,289.6528569981456
7,0,0,3,0,0,1,9914,113.56454799533822,158.00849099468905,1434.6913549961755,408.406961010769
23,0,0,1,1,0,1,1,125.51579800492618,175.84029499266762,194.69261101039592,81.57840499188751
26,0,0,1,4,0,2,1,474.82997199404053,449.27542700315826,1198.9308129996061,734.9833280022722
11,0,0,2,0,0,1,0,118.30250000639353,164.81034200114664,1242.6333800103748,429.9239980027778
14,0,0,2,0,0,1,1,120.8559010119643,172.21434401290026,1327.2143920039525,598.2413250021636
7,0,0,2,0,0,1,635,133.33741000678856,186.99175400251988,1232.9383809992578,575.8522679971065
9,0,0,2,0,0,1,11,245.0573519890895,333.72912798949983,646.4148289960576,299.06046600081027
6,0,0,1,1,0,1,13,498.69797499559354,376.621363000595,321.3767710112734,147.64249300060328
15,0,0,4,0,0,1,6,125.46842299343552,176.4001730043674,5228.645339011564,2224.4067839928903
11,0,0,2,1,0,1,3,119.0612000063993,167.0258990052389,1292.5074919912731,563.9800689968979
15,0,0,3,2,0,2,1,121.80054299824405,168.92939500394277,1355.6691560079344,563.3054390054895
304,0,0,1,12,0,2,1,488.878650998231,469.87894699850585,2765.423616991029,463.38347300479654
10,0,0,1,1,0,2,12550,92.5128910021158,43.38756299694069,611.9168110017199,509.3914750032127
8,0,0,2,0,0,1,14,375.81145799777005,582.4724530102685,649.2370199994184,310.14888700156007
10,0,0,1,0,0,1,1,121.31672899704427,170.25368900795002,656.4438329951372,299.65139098931104
1,0,0,0,0,0,0,2186,111.69532799976878,155.77086500707082,293.64776698639616,150.66034899791703
11,0,0,3,1,0,2,1,356.29923100350425,387.8592029941501,339.7811410104623,239.28605500259437
14,0,0,4,1,0,1,3,495.0018550007371,752.1061439911136,2588.5165800136747,1121.1822840123205
14,0,0,2,1,0,1,1,122.60327600233722,167.21986699849367,1341.7536659981124,569.7123290010495
10,0,0,1,0,0,1,1,124.2689360078657,175.8631420088932,664.6277310064761,310.5413119919831
8,0,0,3,0,0,1,2666,108.31262001011055,151.59293999022339,1469.1190290031955,1150.9213290119078
20,0,0,3,3,0,3,122,877.958633005619,1137.0362640009262,1629.082710001967,797.6895380124915
8,0,0,1,0,0,1,22,125.01381699985359,174.13931900227908,651.2943560082931,308.7345770036336
47,0,0,6,4,0,3,12550,287.8563729900634,106.67201199976262,16664.419168009772,8068.188139004633
54,0,0,5,5,0,2,792,2243.370240990771,4557.77061599656,5362.032161006937,3855.0306410033954
32,0,0,3,3,0,3,233,1222.283430994139,1701.6621340007987,2070.6966819998343,1472.9092310008127
109,0,0,6,4,0,3,1,687.4842020042706,576.5155929984758,20063.993330986705,9075.175986989052
11,0,0,2,0,0,1,4,119.0323049959261,166.69577900029253,1194.517159005045,573.5076740093064
13,0,0,3,1,0,1,1,256.39204699837137,313.0783079977846,1254.4478110066848,575.2730480016908
11,0,0,3,2,0,3,12550,56.02839800121728,30.832910008030012,1100.14534999209,858.095661009429
47,0,0,4,3,0,3,0,753.674047999084,1250.0995849986793,3882.2101250116248,1142.8301810083212
8,0,0,1,0,0,1,27,128.47893999423832,178.12879499979317,657.2999659983907,308.05323900131043
52,0,0,3,5,0,2,1,1229.3981139955577,1029.9022919934941,1559.666481000022,820.3486580023309
16,0,0,1,1,0,1,1,121.86063299304806,173.1348689936567,715.0739990029251,311.9947829982266
14,0,0,5,2,0,3,290,770.2188609982841,652.9812200024026,1770.199047998176,1191.78506800381
11,0,0,1,1,0,1,1,69.52297600219026,144.11289000418037,685.6260200001998,302.1311449992936
8,0,0,0,0,0,0,1,130.21247999859042,183.9938690100098,263.7947949988302,154.34213599655777
8,0,0,0,0,0,0,0,123.87484300415963,173.2070159923751,270.62414700048976,120.70598101126961
1,0,0,0,0,0,0,9230,54.64933499752078,69.4532710040221,204.06276000721846,152.01109400368296
8,0,0,2,1,0,1,34,122.93855199823156,230.1939820026746,639.3693900026847,290.15775000152644
22,0,0,3,1,0,1,1,62.41125900123734,149.47670100082178,2678.664833001676,983.000839012675
10,0,0,1,1,0,2,12,123.5597800114192,173.36302298645023,653.5829979984555,289.8783220007317
31,0,0,1,5,0,2,1,560.0746590062045,534.4702750007855,1232.4679430021206,214.24263301014435
20,0,0,0,2,0,1,0,566.378650997649,533.8751849922119,591.7061490035849,188.9713200071128
17,0,0,6,1,0,2,312,399.9062990042148,604.5859650039347,9117.499293002766,4449.293030993431
52,0,0,5,3,0,2,120,1356.6190410056151,1995.5946389964083,9966.474054992432,6103.555392997805
23,0,0,1,3,0,1,1,126.63103600789327,169.7781849943567,769.7471680003218,283.18377600226086
28,0,0,1,3,0,2,0,595.5503080040216,566.4644409989705,960.0793209974654,396.8790539947804
37,0,0,4,4,0,3,32,1022.0408669993049,1470.2319299976807,3415.853821003111,2378.5629510093713
62,0,0,3,5,0,3,1,416.90353499143384,416.27429200161714,4486.720589004108,1196.6134709946346
30,0,0,3,3,0,2,0,773.0669720040169,367.9141660104506,1701.126172003569,662.6374109910103
13,0,0,0,1,0,1,0,124.84652799321339,174.4765760086011,340.8719480066793,129.80150899966247
5,0,0,2,0,0,1,9230,74.3961690022843,101.29182299715467,932.8565869946033,346.03129100287333
7,0,0,0,1,0,1,3,337.2752059949562,190.28453499777243,567.5813150010072,179.1144340095343
55,0,0,6,5,0,3,490,2460.6485849944875,4212.669476008159,11890.232514997479,6610.807577992091
54,0,0,5,5,0,2,4,2098.508665992995,2338.4314270078903,10741.949253992061,6983.31307299668
12,0,0,4,0,0,1,98,256.7123670014553,376.32938400201965,2583.9583199995104,1221.333092005807
13,0,0,1,2,0,2,1,130.69224599166773,178.6265819973778,648.171380002168,265.99240899668075
18,0,0,5,1,0,1,1,63.227795995771885,123.64141400030348,9966.032873999211,4541.863671009196
39,0,0,4,5,0,2,1,147.06679900700692,188.18856100551784,5769.777456996962,1891.210335001233
16,0,0,1,1,0,2,12550,111.87778499152046,43.62341399246361,678.7874980072957,556.5917839994654
55,0,0,6,5,0,3,122,2180.368836998241,3623.231885008863,8622.028754005441,5170.634505993803
10,0,0,1,0,0,1,0,131.72712599043734,187.1772320009768,663.7182379927253,245.49415400542784
3,0,0,0,0,0,0,1448,61.04287000198383,81.2032029934926,155.409430997679,81.96538899210282
7,0,0,1,0,0,1,6,69.65954600309487,96.31090100447182,610.6493469997076,311.9741900009103
18,0,0,7,1,0,2,3,632.3922969895648,372.65950899745803,9745.12305999815,3320.289273993694
16,0,0,4,0,0,1,1,146.09495099284686,209.98197799781337,5201.436625007773,2160.425033987849
196,0,0,2,19,0,2,0,423.92777699569706,182.82533800811507,4655.983774995548,675.156044002506
15,0,0,2,1,0,1,1,494.5476380089531,381.86384800064843,705.7911939918995,304.9043149949284
168,0,0,3,34,0,2,1,132.49705599446315,164.6305600006599,7800.054898005328,1121.1418780003441
389,0,0,1,18,0,2,1,548.1216070038499,528.8201750081498,3569.531626999378,471.70922899385914
11,0,0,4,0,0,1,93,142.22137299657334,199.96441499097273,3781.787194995559,2317.565556993941
7,0,0,3,1,0,3,12550,78.21157100261189,62.43448799068574,512.8727989940671,305.4156319994945
37,0,0,4,3,0,3,844,1417.8345860127592,955.5714939924655,2647.349662001943,1868.2046999892918
6,0,0,2,0,0,1,136,365.4813229950378,559.8026310035493,646.659140009433,280.27158899931237
47,0,0,2,5,0,2,0,601.9917680096114,574.4065790058812,1405.4675420047715,286.941926999134
142,0,0,8,5,0,2,1,1196.718585997587,1183.7392840097891,60000.0,25322.065913002007
89,0,0,4,8,0,2,1,1294.2338729917537,1244.5410619984614,5429.166054993402,1916.7865960043855
6,0,0,3,0,0,1,12550,46.99952200462576,77.39139300247189,1115.3248339978745,596.6427839885
5,0,0,1,1,0,2,308,222.88129999651574,489.5164210029179,1039.7588500054553,865.5204009992303
14,0,0,4,0,0,1,0,236.55738899833523,347.6794160087593,2093.6217489943374,1176.9101909885649
15,0,0,5,1,0,2,32,747.9802550078603,753.8874500023667,4441.5780609997455,1950.4162809898844
16,0,0,3,1,0,2,1,122.92507500387728,174.59701400366612,2719.0355899947463,1222.9585610039067
136,0,0,5,5,0,3,1,338.5358530067606,991.4151920092991,13477.689579012804,5680.812858001445
22,0,0,0,2,0,1,10,615.0746060011443,585.90588500374,517.9667269985657,245.31335500068963
13,0,0,3,2,0,2,2,132.1591659943806,174.63516400312074,705.9557309985394,305.2097760082688
8,0,0,3,1,0,2,12550,45.837725992896594,40.584165006293915,1059.1298299987102,600.3133430058369
33,0,0,3,3,0,2,0,275.44774700072594,818.6395619995892,4053.83804399753,2903.1827110011363
9,0,0,1,0,0,1,2,64.74236999929417,112.64161199505907,664.868349005701,316.1852900084341
5,0,0,1,0,0,1,52,117.60719300946221,164.13220899994485,523.9733189955587,281.8606390064815
9,0,0,1,0,0,1,1,249.36962299398147,222.83604799304157,278.0516519997036,157.03088301233947
48,0,0,7,4,0,3,792,2188.20835200313,3353.054802995757,17224.00722000748,7345.489218001603
16,0,0,5,2,0,3,19,646.8724909937009,516.9378799910191,2415.5497059982736,807.1443939988967
3,0,0,1,0,0,1,9914,155.21497899317183,219.28056099568494,284.80319799564313,172.37058900354896
12,0,0,1,0,0,1,2,250.44901799992658,286.1189390096115,172.10589999740478,77.7687289955793
11,0,0,3,2,0,3,12550,106.87708000477869,61.7027990083443,1209.3373899988364,1008.0239810049534
7,0,0,1,1,0,1,10,146.91467500233557,206.22544999059755,684.7276719927322,327.4240320024546
14,0,0,4,0,0,1,21,132.50486100150738,189.1388329968322,5069.088100004592,2166.220789004001
25,0,0,3,3,0,3,13,337.48362500045914,1299.3565020005917,2326.339442995959,2319.2438969999785
11,0,0,1,1,0,2,9,131.9603400042979,186.69439700897783,703.8023930072086,340.3976870031329
10,0,0,1,1,0,1,2,84.2406640003901,174.29246599203907,675.2256749896333,306.7719649989158
222,0,0,5,10,0,2,1,528.299343000981,845.0417139974888,28203.177193994634,7269.141516997479
20,0,0,0,2,0,1,0,565.0693800125737,539.7170910000568,322.9088200023398,336.3846559950616
16,0,0,1,2,0,1,1,125.29617600375786,164.326277008513,714.4957669952419,284.7983230021782
53,0,0,6,4,0,3,124,1242.574396004784,2446.8496089975815,17982.9427759978,8173.915956998826
53,0,0,1,4,0,2,1,422.151856997516,335.4481209971709,779.1412500082515,776.3580960017862
25,0,0,3,3,0,2,0,433.56838199542835,428.11212000378873,1027.2780240047723,675.154297001427
11,0,0,1,0,0,1,2,119.86716299725231,168.1269999971846,650.9254459961085,291.1387470085174
3,0,0,0,1,0,1,1445,272.90179699775763,333.98397199925967,426.12151001230814,351.4966810034821
16,0,0,5,2,0,2,6,490.0361170002725,801.5362209989689,2537.6612700056285,998.7244130024919
17,0,0,0,1,0,1,39,740.830779002863,670.2072300104192,583.1379320006818,453.7457580008777
15,0,0,2,2,0,1,1,125.01107700518332,171.1171619972447,1375.207931996556,609.1814819956198
6,0,0,1,0,0,1,74,147.4476729927119,202.53792899893597,655.8903289987938,328.11217100243084
8,0,0,2,0,0,1,2,132.603170000948,126.48055399768054,640.0148820102913,491.03676099912263
6,0,0,2,0,0,1,0,117.52447900653351,164.16115500032902,1152.2706340037985,358.76887499762233
1,0,0,0,0,0,0,3085,101.92834599001799,144.26561098662205,281.39181098958943,151.06026799185202
4,0,0,1,1,0,2,122,372.57147500349674,457.22113600641023,851.9710969994776,413.4773250116268
11,0,0,1,1,0,1,1,126.34928099578246,172.96107699803542,685.4669230087893,307.3081930051558
6,0,0,1,1,0,2,2,322.330630995566,183.18748800083995,1095.6081899930723,337.16483699390665
13,0,0,4,2,0,3,12550,119.2812799999956,77.87841100071091,1880.1394199981587,833.8941590045579
15,0,0,2,1,0,1,0,125.3028089995496,175.43892298999708,1377.6399310008856,605.8680840069428
7,0,0,1,0,0,1,3,118.52092000481207,166.59997899841983,620.6710709957406,286.08854800404515
2,0,0,1,0,0,1,12550,37.890306004555896,45.09803099790588,203.05935399665032,151.16951100935694
12,0,0,1,2,0,2,1,123.93915899156127,165.30866899120156,687.698324007215,292.3831170046469
11,0,0,3,0,0,1,26,125.13460000627674,171.82896300801076,2529.953356992337,1184.0364770032465
397,0,0,1,17,0,2,1,1498.0446319968905,1439.5885990088573,1695.029259994044,240.4795359907439
265,0,0,1,26,0,2,1,470.6563709914917,457.8579009976238,2887.2101489978377,404.6924249996664
12,0,0,2,0,0,1,2,245.98037300165743,363.2856219919631,670.727814998827,306.23632299830206
14,0,0,0,1,0,1,36,663.8001999963308,686.2311320001027,494.97496501135174,401.19547001086175
22,0,0,7,2,0,3,11,770.974043989554,816.1533370002871,10155.546833004337,4470.894198006135
113,0,0,3,6,0,2,1,338.72539800358936,494.18889499793295,4537.086574011482,1420.0045430043247
14,0,0,1,2,0,1,1,122.48023199208546,165.95488299208228,691.1995060072513,285.6633790070191
14,0,0,1,1,0,2,1,121.77560199052095,172.44629199558403,686.633546007215,311.8807749997359
13,0,0,4,2,0,3,19,647.3362620017724,587.6861130091129,677.0762910018675,303.665400002501
27,0,0,2,3,0,2,8,860.6593839940615,857.4003240064485,1157.084689999465,506.6209520009579
11,0,0,3,0,0,1,9,130.52214699564502,180.3375060117105,938.3688920061104,590.9005510038696
10,0,0,1,0,0,1,1,122.8379039966967,170.29714900127146,661.596466001356,307.63740300608333
15,0,0,1,1,0,1,0,119.6840170014184,166.94002501026262,639.4488939986331,240.742138994392
11,0,0,1,0,0,1,1,126.99175599846058,176.09444999834523,678.8668569934089,326.1521120002726
15,0,0,6,2,0,3,12550,132.3997489962494,106.49549400841352,4766.477103010402,2273.4850339911645
2,0,0,1,0,0,1,12550,36.58575098961592,44.75489800097421,245.69627999153454,164.2753300111508
244,0,0,5,13,0,2,1,1361.1879340023734,1014.1312360065058,9247.562754011597,1802.2492040036013
6,0,0,2,0,0,1,608,130.2599350019591,184.45514999621082,825.0173210108187,367.7576600020984
13,0,0,3,1,0,2,1,134.68869500502478,198.937556007877,2611.5921059972607,1195.6161700072698
7,0,0,3,0,0,1,9914,59.385207990999334,80.59334500285331,1642.2776480030734,806.484411994461
48,0,0,1,7,0,2,1,455.9782029973576,447.43335199018475,590.4565200034995,116.6347480029799
10,0,0,1,1,0,1,4,65.22801000392064,88.56386899424251,345.6548390095122,197.53075600601733
11,0,0,3,0,0,1,1,362.3364249942824,550.9297239914304,1279.4055059930542,599.6812399971532
10,0,0,5,0,0,1,12550,78.8082899962319,107.01596901344601,3251.288707004278,1557.8728489927016
7,0,0,3,0,0,1,1901,113.53959899861366,157.9605799925048,2272.6406379952095,1121.200312001747
10,0,0,1,0,0,1,0,115.23858399596065,162.80211400589906,633.6292070045602,214.20942099939566
21,0,0,3,1,0,1,1,245.83615800656844,354.99898600392044,1429.6486229868606,611.5303279948421
32,0,0,3,3,0,2,0,1346.1707920068875,2078.677852987312,1361.7314570001327,994.4106110051507
8,0,0,2,0,0,1,0,241.02412500360515,349.27771901129745,624.2136579967337,290.1902519952273
11,0,0,3,0,0,1,31,287.6544410100905,424.2899410019163,764.3386069976259,521.85447300144
12,0,0,2,0,0,1,1,128.15122099709697,177.6116399996681,1127.6654110115487,311.39964298927225
14,0,0,1,0,0,1,1,63.474797003436834,84.27024699631147,333.84185400791466,147.2522309923079
15,0,0,4,1,0,1,7,132.0291790034389,183.81530199258123,5543.330614993465,2577.202546992339
242,0,0,3,13,0,2,1,969.0545829944313,711.9042069971329,4286.537758001941,809.9063130066497
55,0,0,6,5,0,3,39,1231.9998160091927,2917.1717719873413,12440.247135993559,8347.423935003462
19,0,0,1,1,0,1,1,118.55488900619093,163.96396499476396,710.13728401158,288.1844330113381
47,0,0,2,4,0,2,1,456.9306630000938,446.327702011331,3020.9337229898665,784.5556740066968
58,0,0,9,5,0,3,12550,325.89368100161664,55.739022995112464,36007.99673200527,24203.547246987
14,0,0,0,2,0,1,1,124.85579300846439,167.81878400070127,362.43493399524596,147.12306299770717
8,0,0,3,0,0,1,485,242.7241440018406,348.20126299746335,1256.86054500693,601.7849649942946
9,0,0,3,0,0,1,20,150.51300800405443,212.93710100871976,907.3321329924511,567.2296919947257
2,0,0,1,0,0,1,12550,38.58698300609831,45.53431000385899,203.86218599742278,154.6603979950305
11,0,0,3,0,0,1,4,121.55589800386224,172.48033499345183,2532.9628010076704,1190.349269003491
132,0,0,2,9,0,2,1,446.65122499282006,437.5883009925019,3780.9704999963287,1297.198305997881
11,0,0,1,0,0,1,1,121.39636199572124,172.50625799351837,668.0275089893257,306.7745330045
14,0,0,6,0,0,1,371,246.48094798612874,361.7764039954636,8660.273243993288,3218.408400003682
10,0,0,1,2,0,2,77,423.8869109976804,767.4726489931345,1166.5796540037263,942.008355006692
12,0,0,3,2,0,3,75,139.88863299891818,184.8949499981245,1259.411443999852,588.5626670060446
37,0,0,2,3,0,2,0,760.2699270064477,704.2158319964074,2654.770096996799,1552.9031199985184
23,0,0,4,4,0,2,2,408.98897900478914,194.22673400549684,7330.144881008891,2646.752604006906
14,0,0,1,0,0,1,1,123.00715199671686,173.11325699847657,685.6362399994396,306.84314599784557
180,0,0,1,16,0,2,1,401.39604499563575,398.4177459933562,2417.642751999665,505.9966609987896
29,0,0,1,4,0,2,1,407.4454359943047,412.8474049939541,1376.1058230011258,852.9108849907061
11,0,0,1,1,0,1,3,129.187970989733,169.7272159944987,685.7450140087167,302.6793400058523
13,0,0,0,0,0,0,1,121.96472399227787,171.60406199400313,346.0087629937334,158.32577100081835
32,0,0,0,4,0,1,1,127.95252299110871,177.0812970062252,437.09005099663045,167.86826000316069
121,0,0,3,11,0,2,1,452.43302299058996,444.12026001373306,7754.4548050063895,1126.5855899982853
12,0,0,3,1,0,2,6,120.24572800146416,164.72362099739257,2364.904738002224,1125.584292007261
10,0,0,0,1,0,1,1,329.1242620034609,183.71594000200275,575.7412620005198,176.3480150111718
39,0,0,4,6,0,2,1,125.95856600091793,167.4875649914611,6786.876219004625,1705.7586449955124
16,0,0,5,1,0,2,344,656.8981780001195,601.4527480001561,5265.107931001694,2162.555365008302
5,0,0,1,0,0,1,34,133.60926299355924,188.86631300847512,632.0486839977093,264.7383260045899
32,0,0,2,3,0,2,0,446.9606200000271,437.2647909913212,2419.123102008598,1521.0063569975318
11,0,0,1,0,0,1,1,122.44682600430679,173.7824869924225,680.6456780032022,321.0948380001355
18,0,0,6,1,0,3,4,369.7319570055697,555.5137569899671,3569.3459970061667,2184.284358008881
4,0,0,1,0,0,1,877,126.15323600766715,179.8766709980555,630.200979008805,319.3824750051135
10,0,0,3,0,0,1,243,249.34535000647884,370.510627006297,1284.6798690006835,614.7473539895145
176,0,0,4,12,0,2,0,695.7082089938922,678.6368610046338,13245.092658995418,3743.0817389977165
7,0,0,3,1,0,3,12550,77.25988600577693,61.92670999735128,1066.3268490025075,635.5513700109441
39,0,0,5,4,0,3,12550,254.3997830071021,90.22048801125493,7870.24531699717,5439.8179599957075
12,0,0,1,1,0,1,0,138.15432599221822,191.5337329992326,698.705490998691,312.87955700827297
8,0,0,1,0,0,1,25,253.4512579877628,370.79991700011306,337.7777179994155,99.88822799641639
266,0,0,1,11,0,2,1,463.89991699834354,658.9441269898089,2158.886553996126,461.24006899481174
74,0,0,5,12,0,2,1,68.38056100241374,88.93824501137715,13882.223185995826,4869.7923549916595
1,0,0,0,0,0,0,4295,73.90763399598654,148.2073500083061,228.69685899058823,79.24689800711349
8,0,0,2,0,0,1,49,123.5208580037579,175.09429299389012,1257.6413649949245,610.0211489974754
55,0,0,6,5,0,3,12550,346.3048919948051,106.06687401013914,16783.148860005895,9126.816453994252
33,0,0,3,3,0,2,12550,106.79481399711221,75.1813509996282,1459.1669250075938,1582.588956996915
3,0,0,1,0,0,1,8533,198.05583400011528,287.53257100470364,297.99729799560737,175.32685700280126
1,0,0,0,0,0,0,8533,98.94869900017511,137.29269499890506,277.17605100770015,157.1487100009108
10,0,0,2,0,0,1,4,124.71650799852796,175.90486399421934,863.5417430050438,366.00727699988056
65,0,0,1,12,0,2,1,67.65512000129092,89.79999400617089,1070.9121440013405,323.1353799928911
12,0,0,4,0,0,1,4,390.50830199266784,587.9049350041896,2090.548685999238,699.3795210000826
55,0,0,6,5,0,3,544,1921.3726360030705,4655.5618710117415,17297.7144359902,11156.075765000423
14,0,0,5,0,0,1,92,157.19967501354404,223.20037700410467,9999.529788998188,4579.458384992904
12,0,0,3,1,0,1,3,120.5211509950459,168.76208600297105,2571.3285359961446,1122.3701419949066
5,0,0,2,0,0,1,4295,223.99580299679656,298.7046170019312,601.4022620074684,303.632260998711
16,0,0,6,2,0,3,289,1110.6055220006965,1255.3260109998519,5203.936534002423,2387.7717970026424
13,0,0,1,0,0,1,1,124.45716900401749,176.29221100651193,691.0491849994287,314.04366200149525
140,0,0,6,5,0,2,1,704.1219890088541,1741.9636669947067,19999.53916600498,6514.250620995881
2,0,0,0,0,0,0,1607,114.89331499615218,152.960246996372,154.2972879979061,80.22861799690872
14,0,0,1,0,0,1,1,119.69434800266754,162.92933200020343,659.3978839955525,292.45977599930484
74,0,0,1,12,0,2,0,129.346125992015,169.16447000403423,1169.2039430054137,284.1040599887492
9,0,0,3,0,0,1,45,71.76413098932244,114.25148499256466,1637.4578480026685,1184.1560049942927
8,0,0,3,1,0,2,12550,87.46440699906088,78.04375699197408,1101.9597859994974,457.42463499482255
12,0,0,1,1,0,1,0,63.80755300051533,87.05900800123345,436.1153439967893,299.68274499697145
12,0,0,1,1,0,1,4,130.11851700139232,108.8748129986925,592.3603370029014,303.01550499279983
13,0,0,1,0,0,1,1,63.99796099867672,85.78367398877162,343.13331700104754,157.30413999699522
3,0,0,0,0,0,0,472,126.76523499249015,176.88916399492882,328.1669200077886,88.269546002266
32,0,0,1,3,0,2,1,721.2354920047801,677.666761999717,1355.3929449990392,945.5432800023118
59,0,0,1,6,0,2,1,587.0234989997698,554.6043330105022,1309.5613959885668,371.2612990057096
8,0,0,1,0,0,1,1,66.18426299246494,105.05116201238707,662.2528150037397,325.3154080011882
8,0,0,4,0,0,1,12550,35.57421600271482,47.257193000405096,1317.143701002351,702.1219979942543
18,0,0,0,3,0,1,0,130.74033400334883,174.42072000994813,219.64945099898614,80.23662801133469
19,0,0,4,2,0,2,0,131.18942300206982,170.29606200230774,2509.470560005866,1183.8980829925276
13,0,0,3,1,0,1,1,133.61194799654186,185.54711699835025,2480.351332007558,1193.774901010329
9,0,0,4,1,0,3,12550,87.47600299830083,76.61027499125339,1129.0619859937578,594.5440929936012
11,0,0,3,0,0,1,1,499.2625060112914,759.259001002647,1310.0084489997244,602.5487410079222
7,0,0,0,0,0,0,0,119.99829199339729,168.8466600026004,323.91540199751034,149.13663199695293
11,0,0,1,0,0,1,1,124.36172500019893,112.54959400685038,638.3567489974666,304.5391000050586
14,0,0,4,2,0,2,291,130.89901200146414,176.71356498613022,1934.3495670036646,1182.3560449993238
13,0,0,5,0,0,1,0,281.50041498884093,412.0020340051269,5060.849647998111,2356.3625149981817
13,0,0,1,0,0,1,1,123.25989299279172,175.02231200342067,597.7728069992736,314.94199800363276
6,0,0,0,1,0,1,3,125.58560899924487,177.31829300464597,343.79830000398215,157.66317599627655
11,0,0,1,0,0,1,1,241.0082909918856,353.7132139899768,339.7240839985898,156.65434800030198
265,0,0,1,15,0,2,1,800.6360530125676,756.7846040037693,2266.0291669890285,471.55545999703463
10,0,0,2,0,0,1,0,115.757762992871,138.7733110022964,1243.8170599925797,568.5373179876478
3,0,0,1,0,0,1,4295,114.77157300396357,101.18247500213329,269.52280799741857,252.73636198835447
9,0,0,2,0,0,1,41,118.6738569958834,165.4361719993176,1245.32983500103,576.4138740050839
69,0,0,2,11,0,2,0,130.3939469944453,177.50167900521774,2122.9062499915017,460.35038999980316
54,0,0,5,5,0,2,6,1248.6421810026513,1210.82548898994,2991.467667990946,1869.805157999508
244,0,0,5,13,0,2,1,1487.7884200104745,815.5439339898294,16401.673311993363,3592.249212990282
6,0,0,1,1,0,2,536,124.37338900053874,167.94881399255246,631.4435309905093,304.9632530019153
4,0,0,0,0,0,0,319,119.76297799265012,163.0452149984194,312.49830199521966,150.69161399151199
18,0,0,4,1,0,3,12550,94.26684099889826,76.14716800162569,4246.037686010823,1921.0936479939846
58,0,0,9,5,0,3,4,1100.9300150035415,1922.062753001228,48097.379771003034,29532.99286199035
17,0,0,6,2,0,3,116,663.765974008129,632.8574770013802,5027.461663004942,2308.024034005939
40,0,0,5,4,0,3,0,116.86169099994004,164.45274000579957,4565.135034004925,1638.3664949971717
14,0,0,7,0,0,1,12550,98.29540000646375,135.87916300457437,14103.830523003126,6810.483223991469
48,0,0,3,4,0,2,1,450.10573099716567,435.6057669938309,5111.802803003229,3255.9574030019576
16,0,0,1,1,0,2,12550,112.31370700988919,43.594778995611705,680.973662994802,560.3501580044394
32,0,0,2,4,0,2,1,705.6906830111984,1032.969616993796,1364.8334729950875,753.2767350057838
214,0,0,5,9,0,2,0,301.68076600239147,510.2694739907747,33853.209583001444,8360.873951998656
24,0,0,2,3,0,2,405,1416.2285110069206,1784.7379239974543,1168.5165249946294,835.0985340075567
41,0,0,1,2,0,2,2,641.8684340023901,610.2904819999821,1089.099681994412,704.728893993888
11,0,0,3,2,0,3,12550,109.1480600007344,61.10461099888198,1420.2211150113726,933.1984450109303
9,0,0,1,0,0,1,0,121.53599699377082,172.5762440037215,654.9478310043924,309.36904400005005
10,0,0,2,0,0,1,2,121.25017499784008,169.938794002519,1258.257681998657,567.7463399915723
9,0,0,1,1,0,1,1,141.89335200353526,186.98968799435534,672.0786420046352,303.0628690030426
18,0,0,0,2,0,1,2,441.4858680102043,430.5395289993612,587.7508859994123,433.4720750048291
14,0,0,5,2,0,3,0,120.73874501220416,164.12020099232905,4868.499457006692,1810.8820329944137
4,0,0,0,0,0,0,233,129.29889200313482,185.15254100202583,336.0642619954888,171.47090499929618
31,0,0,3,4,0,2,8,425.4051790048834,953.1430169881787,4666.54799200478,3782.7314349997323
139,0,0,5,5,0,2,1,1285.9431599936215,1229.3278760043904,10957.996935001574,3340.469499002211
62,0,0,4,4,0,2,1,390.4374780104263,610.6544749927707,7031.223023994244,3286.9911169982515
12,0,0,2,1,0,1,213,404.46225299092475,601.3914679933805,350.73595399444457,293.32991800038144
11,0,0,3,0,0,1,8,124.21871100377757,175.39828398730606,2457.077686005505,1181.1259440000867
27,0,0,3,4,0,1,0,152.74374799628276,184.2564050020883,3259.9974640033906,709.9665990099311
4,0,0,0,0,0,0,408,121.39119300991297,171.6306330054067,322.1669810009189,157.58520299277734
70,0,0,2,3,0,2,2,660.4885179986013,625.8998779958347,2078.833212988684,1410.0424330099486
12,0,0,2,0,0,1,1,122.36923699674662,171.7808589892229,1178.4925399988424,611.5674820030108
6,0,0,0,0,0,0,32,119.41376699542161,166.93818400381133,321.5913489984814,151.2097249942599
1,0,0,0,0,0,0,8533,98.96772900538053,136.5117880050093,275.66582900180947,156.83123900089413
16,0,0,3,1,0,1,1,376.61603900778573,181.36251500982326,4420.652052998776,1311.6762309946353
44,0,0,3,5,0,2,1,443.7671649939148,386.33547599602025,5420.976351990248,1678.0830999923637
8,0,0,1,0,0,1,17,119.26148999191355,166.38900799443945,630.0390340038575,292.7965309936553
91,0,0,4,6,0,2,0,623.8649529987015,570.7949899951927,9632.01615899743,1739.1936460044235
54,0,0,7,4,0,3,12550,164.18556499411352,54.89183000463527,23722.394683994935,11960.597968005459
14,0,0,4,2,0,3,321,148.8682849885663,200.21948299836367,2514.4642039958853,1022.3012430069502
6,0,0,2,0,0,1,106,125.34960999619216,173.73803599912208,1125.7805269997334,319.60355999763124
14,0,0,5,1,0,2,0,248.20062099024653,369.34700299752876,4808.513828000287,2348.9158260053955
9,0,0,1,1,0,2,22,122.40602499514353,142.0401499926811,536.3610630010953,200.03512399853207
6,0,0,1,1,0,1,405,254.54635599453468,368.9143319934374,314.3619199981913,82.6652039977489
6,0,0,3,0,0,1,12550,59.35633099579718,77.07568899786565,623.0183349980507,593.9434049942065
12,0,0,1,0,0,1,1,122.42234899895266,134.11155999347102,554.2842479917454,312.2973380086478
7,0,0,3,0,0,1,9914,115.16644900257234,159.313451993512,1660.3880769980606,794.8187360016163
56,0,0,7,5,0,3,7,1914.925282006152,2117.38637900271,33768.698536005104,18769.104401013465
6,0,0,2,0,0,1,877,250.94521799474023,368.4483029937837,654.2597590014338,329.6993010008009
174,0,0,2,12,0,2,0,773.6887030041544,724.1791040141834,3137.546897996799,1040.4714239994064
1,0,0,0,0,0,0,8533,98.38513199065346,137.88577400555369,273.15278199966997,154.41125600773375
1,0,0,0,0,0,0,8533,99.08085899951402,135.68964099977165,272.8785569925094,155.39093999541365
12,0,0,5,0,0,1,1474,399.4567189947702,472.0656860008603,4694.7340780025115,1586.9905229919823
7,0,0,0,0,0,0,20,130.330865009455,183.86179499793798,347.8941200010013,132.89279100717977
11,0,0,2,1,0,2,56,121.90691501018591,170.42495199711993,1275.9122230054345,580.1510330056772
7,0,0,1,1,0,2,56,126.96632801089436,175.81851399154402,631.3564230076736,296.3676960062003
2,0,0,1,0,0,1,12550,36.429532992769964,44.58726699522231,277.80752700346056,157.93424200091977
10,0,0,1,0,0,1,1,122.008876001928,170.89992700493895,633.6072070116643,160.91920000326354
19,0,0,1,1,0,1,1,120.84557799971662,170.79026000283193,710.4970529908314,184.62560599436983
14,0,0,1,0,0,1,1,63.92796600994188,86.81731199612841,346.69637799379416,159.62664301332552
13,0,0,4,0,0,1,10,128.94005500129424,180.6820420024451,4617.0297150092665,2298.7872660014546
55,0,0,6,5,0,3,18,2197.891393007012,3267.982652003411,15204.237896003178,9158.789769993746
1,0,0,0,0,0,0,8533,98.8381220086012,139.67016199603677,278.4390099986922,148.58465699944645
32,0,0,2,3,0,2,8,630.2141890046187,1058.9167490106774,370.90066701057367,365.74252700665966
12,0,0,3,0,0,1,3,63.38078899716493,124.80876200424973,2330.426587999682,562.935750989709
31,0,0,1,4,0,2,1,420.4137540073134,226.6727779933717,1120.9915439976612,782.0206270116614
13,0,0,0,1,0,1,1,119.84856199705973,169.01984499418177,351.3136669935193,152.31001599750016
9,0,0,0,1,0,1,2,131.00641600613017,172.14268298994284,348.8325079961214,156.99590800795704
12,0,0,1,1,0,1,2,130.34242199501023,171.72872299852315,693.3087619981961,305.2293389919214
15,0,0,5,2,0,3,0,752.1171180123929,861.9574229960563,2621.1817459989106,1190.3296069940552
7,0,0,0,0,0,0,0,114.81704900506884,161.86916899459902,318.55137599632144,145.42042699758895
264,0,0,1,14,0,2,1,703.5830469976645,992.486433009617,995.7175669987919,256.72818200837355
49,0,0,3,3,0,3,1,402.99330100242514,1124.9950460041873,1374.5260989962844,356.580716004828
11,0,0,1,0,0,1,1,125.59305501054041,177.02731500321534,673.0858299997635,311.0240829992108
7,0,0,3,0,0,1,1511,339.7597150033107,507.1225090068765,1092.3175000061747,294.2199789977167
16,0,0,3,2,0,2,1,68.02393399993889,139.58112099498976,719.2876650078688,303.2907599990722
11,0,0,1,1,0,2,2,119.60737200570293,165.61941399413627,652.2211499977857,292.7233349910239
9,0,0,3,0,0,1,71,204.24817499588244,176.63194799388293,1012.6165490073618,661.6581129928818
11,0,0,1,0,0,1,1,117.24131999653764,163.71629601053428,642.2490010008914,286.67000599671155
38,0,0,1,4,0,1,0,293.5476089915028,95.15566899790429,1282.597065990558,337.01716900395695
34,0,0,5,3,0,2,55,1002.3235039989231,1242.5845179968746,8491.127925997716,2330.652333999751
87,0,0,2,3,0,2,1,604.0213050000602,572.1190180047415,2262.2685539972736,1039.288932006457
46,0,0,4,5,0,3,1,1363.7674019992119,1496.79997000203,2796.752540001762,760.230165993562
7,0,0,2,0,0,1,0,243.70843000360765,352.14454800006934,633.1893739989027,306.12524900061544
15,0,0,1,1,0,1,1,124.35942099546082,175.58682600792963,709.0914879954653,312.8017030103365
46,0,0,1,3,0,2,1,603.4258909930941,976.9110580091365,1169.5129250001628,671.1971210024785
56,0,0,7,5,0,2,1,968.9898350043222,1108.3494779886678,22078.331003998755,12515.970990003552
44,0,0,3,3,0,2,12550,257.2376229945803,75.63856198976282,2834.8679400078254,2062.701176997507
6,0,0,1,1,0,1,2,241.41269699612167,354.93877199769486,334.37819199752994,157.2478640009649
13,0,0,1,1,0,1,1,124.59436699282378,173.72552400047425,699.5312200015178,312.25001400162
15,0,0,2,0,0,1,1,243.88537400227506,356.5471379988594,676.3296880089911,303.1278920097975
27,0,0,1,4,0,2,1,477.28252899833024,456.889281005715,1224.900063010864,746.1066879914142
108,0,0,5,4,0,2,1,690.4943850095151,646.1414679943118,15330.646297996282,5247.782593985903
22,0,0,3,2,0,2,1,143.8790560059715,185.34567700407933,2888.572166993981,1182.0900590100791
7,0,0,1,0,0,1,0,124.00253700616304,174.06880899216048,167.75939500075765,100.411613995675
41,0,0,6,6,0,2,1,126.80900300620124,163.91961699991953,23544.46345299948,6152.7155119983945
6,0,0,1,0,0,1,117,122.28426200454123,172.74469199765008,641.7165260063484,305.2255549991969
15,0,0,1,1,0,1,1,65.91871099954005,88.22816298925318,559.1856140090385,309.4641839998076
47,0,0,6,4,0,3,0,1257.4841500027105,699.239857000066,13148.841681002523,3263.3870799909346
22,0,0,5,3,0,3,15,667.026889990666,635.174733994063,14342.338128000847,10433.397122993483
8,0,0,1,0,0,1,4,124.97014200198464,176.33848699915688,653.1614400009857,306.47403800685424
32,0,0,4,3,0,3,12550,225.39726800459903,75.72170699131675,4311.803801014321,3042.8733300068416
32,0,0,3,3,0,2,12550,114.75310199602973,38.205759003176354,2549.260168001638,1701.5464220021386
32,0,0,0,0,0,0,9,146.86698399600573,208.69313599541783,445.3539880050812,202.378255999065
14,0,0,4,2,0,2,2,137.5174929999048,119.45308900612872,2002.1823489951203,896.6759790055221
8,0,0,2,0,0,1,69,98.45732399844564,230.86886398959905,1306.9531029905193,641.6902659984771
242,0,0,3,13,0,2,1,1474.7222650039475,1416.1520119960187,2421.4627840119647,464.3725530040683
13,0,0,1,0,0,1,1,125.16450599650852,175.38139400130603,686.2878469983116,308.32003500836436
21,0,0,2,1,0,1,1,122.9919439938385,121.56687000242528,1133.4153860079823,598.1365549960174
5,0,0,0,0,0,0,11,120.19411899382249,126.15323200589046,162.41996199823916,77.30475500284228
13,0,0,4,0,0,1,38,242.3083570029121,360.9584900113987,1758.218504008255,1106.9521289900877
53,0,0,4,5,0,2,122,2086.3770569994813,3318.4359180013416,5771.513625004445,3313.389542992809
15,0,0,2,0,0,1,1,63.5890450066654,86.10699500422925,662.242417995003,468.04371099278796
20,0,0,3,3,0,2,18,1132.62398999359,1046.2908019981114,1311.2596300052246,910.2323400002206
8,0,0,3,0,0,1,155,259.5858519925969,738.7432910036296,1272.6389180024853,615.6374389975099
5,0,0,1,0,0,1,354,121.05679599335417,164.5678670029156,548.4969210083364,298.61145399627276
16,0,0,3,1,0,2,1,135.45739599794615,190.08477599709295,2690.681484004017,1234.888733990374
43,0,0,4,3,0,3,0,1247.8899999987334,700.0075209944043,4435.78556200373,1086.7798420076724
8,0,0,1,1,0,1,2,128.74095799634233,175.7095630018739,676.1070939974161,314.71055099973455
21,0,0,4,3,0,3,12550,89.71665099670645,39.294321002671495,4274.721296009375,3201.885653004865
7,0,0,3,0,0,1,256,470.80302800168283,719.8967540025478,1237.7068089990644,589.6994359936798
10,0,0,2,0,0,1,1,242.87684900627937,196.82850399112795,581.5762580023147,313.07602699962445
13,0,0,0,1,0,1,1,120.76108899782412,93.58108299784362,179.55410499416757,148.17570900777355
98,0,0,6,15,0,2,1,129.52988799952436,166.2981440022122,19793.48213400226,3893.2904199900804
16,0,0,6,2,0,3,8399,893.103174996213,993.7172280042432,4239.711816000636,2146.4889000053518
7,0,0,2,0,0,1,1862,353.7099849927472,529.4599849876249,639.4418989948463,309.40752000606153
22,0,0,1,1,0,1,1,122.868507009116,175.0645669962978,750.9204759990098,311.17476399231236
17,0,0,1,1,0,1,1,119.6217910037376,169.2562509997515,702.5971770053729,302.1049709932413
1,0,0,0,0,0,0,8399,79.85028300026897,109.03502399742138,245.35194800409954,160.2501760062296
16,0,0,1,2,0,2,1,121.54235600610264,171.4268460054882,720.7537189970026,307.63444800686557
29,0,0,4,5,0,2,1,586.3192749966402,930.5330350034637,3170.132100000046,1285.9412870020606
16,0,0,4,2,0,3,0,645.95413999632,367.5034979969496,3028.7317000038456,896.0551700001815
29,0,0,1,4,0,1,1,125.89742800628301,167.7517120115226,815.1651060034055,282.0715780108003
12,0,0,4,1,0,3,0,760.6422269891482,820.8365960017545,1304.7354060108773,601.312037993921
6,0,0,3,0,0,1,12550,30.786766001256183,40.10241800278891,589.5134900056291,495.2741160086589
10,0,0,1,1,0,1,1,372.1594689995982,186.06877500133123,1187.747460004175,341.33244400436524
16,0,0,3,2,0,2,122,1061.464447004255,1214.0078969969181,1397.7272280026227,560.9498449921375
40,0,0,2,1,0,1,1,123.96012399403844,172.87639999995008,1334.6605299884686,286.98334499495104
183,0,0,2,11,0,2,1,660.0014919968089,628.5414320009295,4260.747670006822,468.9293620031094
30,0,0,4,5,0,2,0,150.70342099352274,184.75703800504562,5467.258168995613,2581.2851459922967
9,0,0,1,0,0,1,1,86.95621399965603,89.23022499948274,337.5662430044031,161.39051600475796
14,0,0,3,0,0,1,1,148.91070500016212,208.0251080042217,2736.6066009999486,1212.5564929883694
8,0,0,2,0,0,1,2,136.2573469959898,195.0479590013856,1268.5751399985747,603.9592930028448
12,0,0,2,1,0,1,1,256.4212500001304,377.73814699903596,688.3002169925021,309.1033310047351
45,0,0,4,3,0,3,78,628.6156749993097,934.090891998494,4163.43452098954,2681.0626619990217
21,0,0,2,1,0,1,1,242.84139199880883,355.90080299880356,716.8742899957579,294.96964800637215
16,0,0,8,0,0,1,12550,57.26564100768883,77.69140200980473,35576.49022199621,16871.3313400076
15,0,0,3,0,0,1,1,121.83860999357421,170.81057399627753,2314.9982119939523,1193.9025559986476
13,0,0,4,0,0,1,35,120.85961000411771,167.12857398670167,4130.729894997785,2255.917538990616
23,0,0,2,3,0,2,1,585.1024339935975,581.1512020009104,1562.3219669942046,698.31554099801
13,0,0,4,0,0,1,35,120.08853700535838,171.71822099771816,4610.50178098958,2266.8882529978873
13,0,0,1,0,0,1,1,126.4567390026059,177.80750899692066,687.5345120060956,307.5583780009765
48,0,0,4,4,0,3,233,1804.519953991985,2511.5863590035588,4219.253945993842,1655.7468110113405
9,0,0,2,0,0,1,1,123.11664599110372,173.77839199616574,1234.1054900025483,594.6184929925948
9,0,0,4,0,0,1,0,119.63030599872582,165.02927700639702,4014.069777011173,2008.7406329985242
7,0,0,0,1,0,1,24,123.10942501062527,173.4370499907527,340.4740660043899,158.78351099672727
45,0,0,1,8,0,2,1,399.5158949983306,402.47232500405516,1505.0451239949325,451.045265988796
37,0,0,2,6,0,1,0,66.88843399751931,82.92914299818221,1510.6718439928954,569.1730120015563
9,0,0,2,1,0,1,3,372.123847992043,222.47654398961458,2029.7038599965163,637.31753200409
2,0,0,0,0,0,0,3160,118.66077499871608,166.89851800038014,306.5858680056408,156.9463409978198
19,0,0,4,0,0,1,1,123.46533199888654,174.55132299801335,5448.611307001556,2172.4592429964105
6,0,0,0,0,0,0,7,123.55969598866068,170.4817930003628,324.06908299890347,149.9813910049852
15,0,0,3,1,0,2,6,135.97210799343884,187.0626129966695,2695.310024006176,1189.682450989494
20,0,0,3,2,0,3,1484,1169.3059649987845,892.1438270044746,1705.2408190065762,571.7222620005487
14,0,0,2,1,0,1,0,120.59484299970791,119.80888799007516,802.314884000225,283.89149099530187
12,0,0,3,0,0,1,1,107.44660200725775,92.4108290055301,2161.2649769958807,1192.4261579988524
45,0,0,4,3,0,2,124,905.9729560103733,1761.343926002155,5169.338459993014,3727.1301120053977
12,0,0,4,0,0,1,12,122.35384499945212,171.58769599336665,4658.515865012305,2225.1938010012964
61,0,0,1,10,0,2,1,131.70526298927143,171.9892120017903,558.7382770027034,157.51882700715214
20,0,0,3,3,0,2,12550,103.3098249899922,75.95573899743613,1958.8711810065433,1870.7487219944596
14,0,0,2,2,0,2,1,69.94754000334069,88.14730499580037,652.8931950015249,306.65726799634285
4,0,0,0,1,0,1,295,411.4142210019054,490.19199299800675,553.0817460094113,462.1247690083692
19,0,0,2,3,0,1,0,143.39633300551213,92.72040499490686,1455.0238800002262,597.3677119909553
5,0,0,2,1,0,2,0,566.0689490032382,651.4059650071431,1084.5573580008931,906.8585509958211
10,0,0,2,0,0,1,0,237.87847899075132,350.9333329857327,414.7975529922405,154.41983500204515
7,0,0,2,1,0,2,1511,226.75522600184195,333.1291219947161,632.1143909881357,303.83713499759324
5,0,0,2,0,0,1,9230,55.74744199111592,75.05661799223162,380.9258349938318,292.55646899400745
28,0,0,1,3,0,2,1,420.2853960014181,421.2652930000331,1215.382109003258,366.7675750039052
4,0,0,0,0,0,0,165,119.64809701021295,165.99660000065342,314.7045670048101,156.88753400172573
13,0,0,3,1,0,2,35,118.71880499529652,168.52363699581474,2541.52424899803,1143.149045004975
24,0,0,1,3,0,2,1,65.60303499281872,84.95513899833895,382.5041149975732,144.19713099778164
12,0,0,1,0,0,1,1,124.68162599543575,177.00565700943116,680.6907989957836,314.1817710129544
15,0,0,5,2,0,3,1170,675.0441919866716,639.7957440058235,2593.5134689934785,677.0749330025865
13,0,0,5,0,0,1,2445,291.0623960051453,426.5671079920139,4978.785575003712,2431.381574991974
15,0,0,4,1,0,2,14,642.4084989994299,583.5803910013055,2233.9684600010514,784.1386930085719
11,0,0,3,0,0,1,15,120.77576499723364,114.50402600166854,2144.4153799966443,1140.4918699990958
8,0,0,1,0,0,1,1,237.2430230025202,350.4468169994652,321.913157007657,147.85813700291328
13,0,0,1,2,0,1,1,129.38286500866525,169.2915520106908,708.9913910022005,313.36545100202784
8,0,0,3,1,0,3,9914,448.6590540036559,361.659532005433,506.26623499556445,153.9676169923041
152,0,0,3,8,0,2,1,679.8888269986492,640.8804319944466,5689.504373993259,1318.9352719928138
9,0,0,4,1,0,3,12550,46.724237996386364,40.26293799688574,878.3125930058304,593.2575049955631
31,0,0,2,5,0,2,1,425.05290400004014,324.57033199898433,2453.578695000033,868.5951119987294
52,0,0,5,4,0,3,39,1107.533426998998,2430.283217006945,7882.421519010677,4059.9979370017536
7,0,0,3,0,0,1,4295,331.07853900582995,504.50082700990606,1185.112259001471,586.4684480038704
12,0,0,3,0,0,1,20,139.7352519998094,197.61369600018952,2688.559787988197,1142.270650001592
68,0,0,3,4,0,3,1,1068.679490010254,1105.5404639919288,2930.0460619997466,1412.4985139933415
22,0,0,2,2,0,2,0,122.5799800013192,167.7009240083862,735.1344210037496,290.0329490075819
19,0,0,2,0,0,1,2,126.01393599470612,176.94274299719837,1426.7088189953938,628.4214400075143
5,0,0,2,0,0,1,0,240.64836799516343,350.6346389913233,623.5454169946024,300.24838299141265
40,0,0,3,3,0,2,12550,246.32784300774802,76.92046300508082,2496.48307399184,1595.9308090095874
12,0,0,1,0,0,1,1,118.71778700151481,172.68521898949984,659.8318769974867,292.62578500492964
20,0,0,3,2,0,3,1484,1166.5103940031258,888.7823760014726,1667.094349002582,571.7629889986711
12,0,0,4,0,0,1,1,123.23251699854154,168.1255779985804,4127.390576002654,1825.896709007793
55,0,0,8,4,0,3,12550,329.6903499867767,106.68722799164243,40338.94650399452,18867.457006010227
45,0,0,4,3,0,3,12550,261.3650260027498,77.27749299374409,3885.8644959982485,3080.421567996382
7,0,0,2,1,0,3,201,139.26010100112762,184.32157099596225,639.394120007637,308.40350899961777
12,0,0,4,2,0,3,12550,119.87133200454991,77.7092780044768,1526.039417993161,951.0247090074699
150,0,0,2,11,0,2,1,473.88561500702053,469.94955200352706,3982.369222008856,1354.5592989976285
108,0,0,5,4,0,3,3,687.1448760066414,645.1688429951901,11201.902882006834,5192.79999799619
24,0,0,5,4,0,3,2,558.0949860013789,399.5090649987105,8237.612206008635,2682.7929010032676
15,0,0,3,1,0,1,1,134.88692899409216,184.27966699528042,2644.502573995851,1194.3120990035823
13,0,0,2,0,0,1,2,122.58266400021967,173.35311199713033,1328.9888120052638,602.636421986972
11,0,0,3,2,0,3,12550,106.97787901153788,60.77176801045425,1420.4712729988387,1042.3416389967315
14,0,0,0,1,0,1,0,122.099756001262,172.22882999340072,244.66513200604822,79.94080400385428
21,0,0,1,1,0,1,1,64.42373999743722,105.99483399710152,740.2869569923496,310.5590320046758
246,0,0,1,14,0,2,1,668.1743380031548,631.3779310003156,1661.568918992998,501.3483289949363
5,0,0,0,1,0,1,46,117.88298000465147,165.7541150052566,322.36289099091664,147.45819100062363
11,0,0,1,0,0,1,1,121.29313599143643,173.33211599907372,667.2961150034098,264.2096869967645
7,0,0,1,0,0,1,7,65.79369500104804,175.12680999061558,644.7474029992009,202.4753189907642
62,0,0,3,4,0,2,3,696.8255219981074,1180.3434310131706,2438.674112010631,1408.23966699827
43,0,0,1,2,0,2,3,478.9123949885834,876.4716970035806,1085.8099159959238,746.8039480008883
34,0,0,5,3,0,3,473,639.9169039941626,1370.6702970084734,3709.071656005108,2926.7633440031204
10,0,0,0,0,0,0,1,121.57625000691041,169.20686699450016,339.02466599829495,156.9615629996406
56,0,0,7,5,0,3,688,1757.2792849969119,2776.6376090003178,30430.50270700769,20190.897028005566
5,0,0,0,0,0,0,67,91.03566799603868,183.18497600557748,343.37933400820475,170.3745630074991
8,0,0,3,0,0,1,555,131.40479499998037,185.99972999072634,2477.3690900037764,1181.217296005343
184,0,0,3,11,0,2,1,654.9015499913367,630.1334390009288,7788.855610007886,1007.1215240022866
2,0,0,1,0,0,1,12550,36.78303799824789,44.436771000619046,278.5253290057881,157.37274200364482
24,0,0,1,3,0,1,1,541.9641619955655,509.8719270026777,1171.8928899936145,400.42228100355715
14,0,0,6,0,0,1,1121,594.3944769969676,901.2628190102987,8277.99018699443,4718.468881997978
10,0,0,1,0,0,1,3,242.6596740115201,357.2105780040147,331.93427699734457,151.94770600646734
12,0,0,2,1,0,1,1,119.98568699345924,168.20880500017665,1306.5972769982181,569.8548629879951
12,0,0,4,0,0,1,2,375.791491009295,580.035120001412,2570.818659005454,1210.4693479923299
11,0,0,3,1,0,1,0,122.67991900444031,172.77412000112236,1769.5901910046814,1178.9760200044839
16,0,0,2,1,0,1,0,119.86968699784484,167.21589799271896,1325.6659089965979,460.2888829977019
35,0,0,5,3,0,2,12,1314.2182939918712,1271.2344300089171,9166.097287001321,5644.340425002156
44,0,0,3,3,0,2,12550,259.7830860031536,76.35778200346977,2767.3554070061073,2101.326062998851
10,0,0,4,0,0,1,747,398.22919499420095,602.756156004034,2494.156724991626,1216.4278389973333
2,0,0,0,0,0,0,3160,119.81929099420086,163.36185899854172,205.2851190092042,154.88568900036626
12,0,0,2,0,0,1,2,243.82536999473814,355.54207699897233,520.385448995512,155.23687499808148
11,0,0,3,1,0,2,2,121.38761700771283,170.35872500855476,1322.7009389956947,601.7793829960283
14,0,0,1,0,0,1,1,121.5035430068383,170.6092220119899,552.180065002176,305.289026000537
9,0,0,3,0,0,1,303,145.52523600286804,203.94011000462342,1208.1024149956647,517.9823630023748
7,0,0,1,0,0,1,2,68.99167799565475,94.53191400098149,343.83143301238306,304.232772992691
56,0,0,7,5,0,3,1,1091.0125570080709,1765.088177009602,15933.594618007191,9733.852942008525
264,0,0,1,14,0,2,1,562.9118670040043,537.7691220055567,2463.4865789994365,517.4130899977172
25,0,0,2,3,0,2,1,743.9059330063174,932.8714340081206,1198.5480570001528,411.8137269979343
21,0,0,4,3,0,3,0,521.6481530078454,1290.2973040036159,4503.100563990301,3661.1174100107746
12,0,0,3,0,0,1,0,120.74928201036528,166.04890998860355,2452.9624410060933,1101.9890400057193
56,0,0,7,5,0,3,12550,341.1885460081976,105.64242499822285,25183.115127001656,15302.524746002746
5,0,0,2,0,0,1,8533,281.39345200906973,392.15990700176917,585.4652039997745,314.9747360002948
11,0,0,1,1,0,2,1,138.80343800701667,184.242686998914,667.0909300009953,303.0918919976102
19,0,0,5,2,0,3,1,519.0088039962575,370.25282900140155,4606.912472998374,1345.5001230031485
50,0,0,3,6,0,2,0,467.1130889910273,548.9003770053387,5632.5330450054025,1705.9608489944367
54,0,0,5,5,0,3,18,1961.0678419994656,3331.7517730029067,4396.2554759928025,2587.97454899468
16,0,0,1,2,0,2,0,115.94326100021135,160.57222899689805,299.16424700058997,74.70173601177521
9,0,0,3,0,0,1,889,282.9856699972879,415.29558900219854,994.2526639933931,295.82429300353397
21,0,0,2,2,0,1,1,68.11922800261527,86.06494999548886,1372.989872994367,600.9102360112593
10,0,0,1,1,0,1,1,132.4925780063495,185.0103260076139,674.5556820096681,302.2735959966667
13,0,0,0,1,0,1,1,117.96632799087092,169.2377309955191,347.90682900347747,152.68785000080243
38,0,0,4,4,0,2,18,1791.3806400028989,2193.494199003908,2652.3102869978175,1806.4045289938804
14,0,0,4,2,0,3,50,78.95406500028912,146.9028739957139,2683.379259004141,1196.522483995068
5,0,0,0,0,0,0,119,123.47773200599477,174.25704300694633,326.7861339991214,160.3545209945878
56,0,0,7,5,0,3,15,1914.0462099894648,2183.0811309919227,32890.617101002135,19572.530555000412
123,0,0,1,21,0,1,1,373.2047739904374,192.3169209912885,1899.2580939957406,344.22695499961264
10,0,0,1,1,0,1,1,378.22791500366293,184.108802000992,1058.8437319966033,337.5492380000651
93,0,0,4,6,0,2,1,622.8933569946093,597.7221630018903,11118.475987997954,4438.074058998609
4,0,0,0,1,0,1,1,197.84128699393477,228.76046800229233,262.18537500244565,328.3917679946171
6,0,0,1,0,0,1,5,122.82066300394945,171.8259890039917,646.1794409988215,305.54303899407387
14,0,0,4,1,0,1,1,204.07908600463998,97.36985799099784,7917.862264002906,2664.2330920003587
8,0,0,3,0,0,1,0,237.2873940039426,344.158054998843,655.462702998193,552.8398239985108
6,0,0,1,1,0,2,1,119.68955899646971,170.93242799455766,527.8917959949467,151.59660500648897
116,0,0,5,8,0,2,1,1457.1183340012794,1395.8136580040446,10480.834287998732,4082.0222050097072
15,0,0,1,1,0,2,0,129.10237899632193,177.88939199817833,729.0103919949615,320.0015159964096
15,0,0,3,2,0,3,12550,103.10568800196052,60.891373999766074,1414.6436040027766,746.8249319936149
7,0,0,2,1,0,2,1511,228.88749699632172,335.19650300149806,641.4053659973433,171.30188499868382
15,0,0,1,0,0,1,1,125.87847400573082,172.24514800182078,694.3656179937534,307.0776069944259
29,0,0,2,2,0,1,1,64.30018400715198,86.29429699794855,1139.9367429985432,424.8720570030855
9,0,0,3,0,0,1,372,158.58253400074318,395.522496997728,1027.7660870051477,510.88573499873746
10,0,0,5,0,0,1,12550,77.08370899490546,107.24359900632408,3193.835352009046,1537.6925230084453
12,0,0,4,0,0,1,12,365.20244099665433,554.0332590026082,2520.453917008126,1219.479052000679
6,0,0,2,0,0,1,4804,243.20085199724417,328.47276800021064,643.657210006495,195.64005099528003
4,0,0,1,0,0,1,533,238.05308699957095,274.7599970025476,169.55143099767156,84.05764900089707
13,0,0,0,0,0,0,0,117.34981898916885,163.4015630115755,335.09972800675314,145.7242309988942
22,0,0,7,2,0,3,0,1062.5988289975794,1264.646834009909,11085.346242005471,4756.064469009289
9,0,0,4,0,0,1,849,601.32600099314,630.3673669899581,2036.338150006486,1196.7292110057315
9,0,0,1,0,0,1,1,121.79395400744397,174.2539769911673,658.8219460099936,309.8164000111865
134,0,0,1,11,0,2,1,396.1224419908831,473.8688950019423,1889.6168520004721,414.7125169984065
10,0,0,1,1,0,1,1,134.11230500787497,187.42433800071012,676.5569759882055,308.2843129959656
14,0,0,3,2,0,1,9,202.71178099210374,247.57574799878057,4084.7159560071304,1344.3294129974674
62,0,0,2,4,0,2,2,1288.7380300089717,1231.7264970042743,1054.5318169897655,645.5420760030393
96,0,0,4,7,0,3,1,620.0821600068593,591.7165980063146,9274.475736994646,3966.1556410137564
48,0,0,1,6,0,2,1,311.2856509978883,294.0844299882883,1263.442544004647,442.54251099482644
2,0,0,0,0,0,0,4804,114.13026500667911,158.9321709907381,301.0965129942633,175.03229499561712
6,0,0,2,0,0,1,371,125.65620000532363,177.1963630017126,1270.981212001061,632.0321600069292
28,0,0,2,3,0,2,1,122.46537399187218,166.2017649941845,1425.0547449919395,570.9146659937687
89,0,0,4,3,0,3,156,1368.2911960058846,2261.141476992634,3182.4511629965855,1560.4760800051736
32,0,0,2,5,0,2,1,836.9444020063384,826.3622480008053,681.4306570013287,211.92763200087938
5,0,0,0,1,0,1,234,129.88618499366567,172.41696300334297,331.79348600970116,158.61024300102144
11,0,0,1,0,0,1,1,126.13615299051162,175.8436759992037,446.7383559967857,153.0962160031777
31,0,0,4,3,0,2,140,1709.399409010075,1894.0792149951449,2933.3266189933056,2189.08590299543
4,0,0,0,0,0,0,248,129.53405200096313,182.06549200112931,334.8029760090867,169.68327299400698
17,0,0,3,1,0,2,1,120.06190199463163,167.0435239939252,698.3470620034495,288.86550400056876
13,0,0,4,2,0,2,2,72.59365101344883,171.55094700865448,1369.4184890046017,595.073582007899
33,0,0,3,3,0,2,4,483.98573500162456,754.6251679887064,2288.092274000519,1579.5788529940182
15,0,0,5,0,0,1,3,317.8640109981643,574.2212769982871,4536.83383599855,2367.6580429892056
41,0,0,1,2,0,2,8,635.2618279925082,1168.195503007155,730.8931859879522,524.3746409978485
6,0,0,3,0,0,1,12550,56.57420000352431,75.83941498887725,1141.9817019923357,587.8768310067244
8,0,0,3,0,0,1,1629,87.46903300925624,186.42176200228278,2441.5560539928265,767.1418899990385
187,0,0,5,14,0,2,1,410.2543820044957,413.6257539939834,8597.473444999196,2262.4942179973004
13,0,0,1,1,0,1,1,125.3550190012902,175.38020400388632,693.9499209984206,309.59697399521247
11,0,0,1,1,0,1,2,118.59214199648704,166.86403399216942,662.3664399958216,288.5511179920286
141,0,0,7,5,0,2,1,1293.2964550127508,1245.0930459890515,36267.08326100197,10072.30259400967
9,0,0,3,0,0,1,14,121.5588400082197,167.403938001371,2447.45768600842,1033.276421003393
20,0,0,5,2,0,2,1,506.05034999898635,375.99121998937335,2713.9776090043597,1182.7201319974847
9,0,0,2,0,0,1,91,123.07215400505811,174.51409800560214,1290.497222013073,349.7125059948303
13,0,0,1,1,0,2,1,140.20689199969638,186.88079300045501,684.314298996469,307.86829499993473
10,0,0,3,1,0,2,0,117.17964100535028,164.13927999383304,1250.5816359916935,550.427499008947
12,0,0,1,0,0,1,1,122.58006200136151,173.96195999754127,682.6324989960995,311.9274740020046
49,0,0,4,4,0,3,1,449.55185998696834,441.9377070007613,8349.728013999993,4710.61232998909
56,0,0,7,5,0,3,8,1321.0440010007005,1279.01192799618,17990.682209012448,9830.835611996008
6,0,0,2,0,0,1,267,120.63033800222911,167.21396299544722,1195.516284002224,569.0395449928474
4,0,0,1,0,0,1,3532,117.31070300447755,162.80356398783624,587.5627829955192,306.00507400231436
10,0,0,4,1,0,2,12550,102.91789199982304,92.75279099529143,2279.6618650027085,545.2325819933321
11,0,0,1,0,0,1,5,63.98776300193276,86.4625099929981,497.1770980046131,301.6208620101679
39,0,0,5,4,0,3,6,770.0677179964259,723.6513190000551,7821.199060010258,4976.744684987352
100,0,0,3,9,0,2,0,1159.3220570066478,1492.4475550069474,3101.3108889892465,833.9324510016013
11,0,0,3,1,0,2,142,130.5708370055072,170.80994600837585,2626.277885006857,1182.838687003823
6,0,0,1,0,0,1,30,132.67688298947178,190.0790549989324,646.1270919971867,305.36854099773336
53,0,0,4,5,0,2,8,1633.9318499958608,2110.5473850038834,5859.9932929937495,3716.8815140030347
11,0,0,3,1,0,1,0,133.16413699067198,189.34259298839606,2062.5033960095607,1158.1642140081385
21,0,0,4,2,0,3,248,735.8858660008991,692.9253220005194,3137.849113001721,1044.900132008479
22,0,0,0,2,0,1,1,138.76918400637805,149.95714800897986,370.0008479936514,188.86955401103478
9,0,0,1,1,0,1,1,122.18318998930044,172.36369599413592,671.461966005154,305.12884799099993
6,0,0,3,0,0,1,12550,57.61004801024683,76.42587998998351,1003.385343006812,529.4889869983308
7,0,0,3,0,0,1,0,363.6516480037244,562.7459380048094,1287.4529810069362,642.718697010423
54,0,0,5,5,0,2,1,875.6454749964178,1193.3898190036416,6199.9289829982445,3176.083438011119
3,0,0,1,0,0,1,9914,95.63612700731028,131.4066759950947,437.53767300222535,246.6341840045061
112,0,0,7,10,0,3,1,541.1666980071459,1240.5299300007755,60000.0,15393.722467997577
10,0,0,1,1,0,1,0,122.57253199641127,167.6541970082326,636.6841639974155,287.3899140104186
9,0,0,1,2,0,2,0,116.13116398802958,161.9265540066408,657.0597359968815,282.627959997626
49,0,0,5,4,0,3,78,1041.051009990042,2392.0897110074293,8787.6185500063,5694.112058001338
22,0,0,1,0,0,1,0,124.52569699962623,174.37813899596222,728.6314200027846,316.0663159942487
20,0,0,3,3,0,3,490,1296.0396950074937,1535.3480159974424,994.6913899912033,1175.04606199509
8,0,0,0,0,0,0,0,122.81465399428271,174.97309400641825,335.2820109867025,157.85096799663734
15,0,0,3,0,0,1,14,145.64536299440078,204.2540920083411,2779.924934991868,713.1042779947165
36,0,0,3,3,0,2,446,548.4418000123696,1317.390530006378,4289.298413001234,3540.052005002508
11,0,0,1,0,0,1,1,122.30187200475484,172.23032799665816,667.0617380004842,308.9194009953644
13,0,0,3,0,0,1,2,256.9187270128168,380.45163299830165,1209.2652010032907,602.7475919981953
10,0,0,4,0,0,1,310,119.20127899793442,164.2382949939929,4462.743452007999,1139.3400420056423
13,0,0,5,2,0,3,12550,129.6909649972804,60.28285200591199,2275.6028470030287,1364.3449270020938
4,0,0,1,0,0,1,1496,130.7364200038137,186.35000399081036,426.57189100282267,152.396643999964
23,0,0,6,3,0,3,15,672.5220279913628,637.6762139989296,13785.301263997098,10540.194778004661
23,0,0,1,1,0,2,12550,98.72559300856665,43.484658002853394,489.4096560019534,210.2615480107488
2,0,0,0,0,0,0,1827,110.37458300415892,153.07202099938877,293.0956259951927,152.60215901071206
187,0,0,5,14,0,2,1,420.1305539900204,417.27747798722703,17489.804477998405,3893.1871589884395
14,0,0,2,1,0,1,1,63.93372600723524,85.99336199404206,1227.8277000004891,577.1847440046258
7,0,0,1,1,0,2,56,67.23323599726427,88.81697298784275,323.50138000037987,150.8031419944018
56,0,0,7,5,0,3,1,1245.3904650028562,1301.4265340025304,19196.72037899727,11316.266625988646
5,0,0,2,0,0,1,9230,76.18114099022932,103.87055500177667,948.9126400003443,497.15079300221987
5,0,0,2,0,0,1,4295,118.74125400208868,295.22669198922813,617.7718490071129,314.4639609963633
54,0,0,5,5,0,3,4,984.4427899952279,889.2424879886676,9131.58741100051,5453.352672004257
7,0,0,3,0,0,1,9914,289.31555901363026,408.22329999355134,1211.983519999194,587.4532510060817
2,0,0,0,0,0,0,268,61.571124009788036,81.54288900550455,155.18001400050707,74.91842399758752
19,0,0,2,3,0,2,1,64.54827000561636,85.79775900579989,736.3692090002587,455.756775001646
21,0,0,3,2,0,2,4,416.3390900066588,491.7082479951205,3832.655538004474,1496.5708539966727
11,0,0,5,1,0,3,12550,98.99440599838272,94.54878600081429,2254.5909070031485,1094.406756994431
11,0,0,2,0,0,1,4,123.32996899203863,172.79280298680533,1293.7279870093334,600.1613630069187
7,0,0,1,0,0,1,6,244.76037400017958,353.72067100252025,318.9387359889224,147.1126649994403
74,0,0,1,12,0,2,0,128.45918399398215,163.89789700042456,1154.6704409993254,285.1813630113611
55,0,0,6,5,0,3,6,1239.09520599409,1206.8983979988843,19540.143303005607,9712.57472599973
49,0,0,5,4,0,3,122,1954.1142889938783,3364.6153489971766,8127.275428996654,5549.735230000806
63,0,0,5,4,0,3,0,759.5245109987445,707.243415992707,9999.104741000338,5608.820823996211
29,0,0,2,3,0,2,37,1104.0342540072743,1133.0707430024631,1033.647511008894,398.91526500287
10,0,0,1,0,0,1,7,132.90829499601386,188.52771999081597,665.4095370031428,312.7212460094597
55,0,0,6,5,0,3,1,1242.586583000957,1730.6699019973166,8862.118835997535,4276.98763400258
12,0,0,3,0,0,1,4,68.65462000132538,95.49569000955671,2385.241317009786,1198.4356720058713
16,0,0,5,0,0,1,25,126.32425800256897,177.62936200597323,10194.411366988788,2768.761554005323
22,0,0,3,1,0,1,1,243.866358010564,357.23579800105654,1214.3516749929404,578.7347859877627
14,0,0,6,0,0,1,2327,489.0228460135404,746.3845340098487,9944.40803800535,4692.686837006477
15,0,0,1,1,0,1,1,122.80700998962857,173.8037929899292,696.3458440004615,302.6182390021859
9,0,0,1,0,0,1,6,118.65909700281918,166.72250400006305,634.3376020085998,289.17714800627436
13,0,0,2,0,0,1,1,123.94471000880003,175.1749050017679,1330.8140160079347,614.6916830039117
12,0,0,1,1,0,1,1,132.9290010035038,185.7099670014577,569.8878630064428,305.7262709917268
19,0,0,4,2,0,2,1,131.9946259900462,168.99378299422096,2812.7169869985664,1190.0236960063921
12,0,0,1,0,0,1,1,119.16262800514232,166.21500300243497,653.2788840122521,289.7896189970197
8,0,0,2,1,0,2,12550,84.38146900152788,61.53715500840917,614.3274770001881,282.61496099003125
39,0,0,4,6,0,2,0,125.896659999853,163.95448500406928,6891.437640006188,2244.456654007081
10,0,0,2,0,0,1,0,116.79085899959318,163.26715299510397,1238.0489649949595,562.3525200062431
16,0,0,1,1,0,2,12550,113.85526199592277,44.23250899708364,680.8115589956287,557.2168159997091
10,0,0,1,0,0,1,2,123.81862101028673,174.1251689963974,669.4329290039605,314.46284100820776
57,0,0,8,5,0,3,15,2080.127829001867,2312.337312003365,33348.27579600096,18237.44143699878
15,0,0,4,2,0,2,8,137.0581469964236,172.7638270094758,2711.9983379961923,1184.3200039875228
11,0,0,1,1,0,1,0,503.20684799226,371.4210920006735,344.6078129927628,157.27796200371813
13,0,0,2,0,0,1,1,238.70886700751726,351.98641099850647,664.8746550054057,304.1961109993281
14,0,0,4,0,0,1,20,148.3224980038358,211.2238779955078,4710.231938996003,2234.158317995025
44,0,0,3,3,0,2,473,1620.4628849955043,1999.8915640026098,2914.2504560004454,2031.1754440044751
55,0,0,6,5,0,2,15,1891.450134004117,2145.3296709951246,11257.009487002506,7404.477203002898
23,0,0,6,3,0,3,688,617.7446310030064,1482.3989659926156,18906.321898990427,15715.152759992634
9,0,0,1,0,0,1,4,131.30791099683847,184.67862099350896,686.740789009491,341.1201780108968
15,0,0,3,0,0,1,1,63.187146006384864,85.22114300285466,2569.433801007108,1185.7030950050103
18,0,0,5,1,0,2,1,120.90331299987156,169.46503800863866,4670.282724997378,2272.930956998607
36,0,0,1,2,0,2,3,694.1264080087421,1387.6399220025633,837.4572739994619,514.5381469919812
53,0,0,4,3,0,2,1,425.94599099538755,334.64477201050613,10591.789867001353,7258.375292993151
9,0,0,2,0,0,1,61,118.84977600129787,164.21982200699858,1232.6728469925001,572.1479639905738
10,0,0,3,0,0,1,70,136.5611799992621,195.28199698834214,2362.1011739887763,617.1882409980753
13,0,0,4,2,0,3,12550,117.8772629937157,75.78794000437483,1795.2985919982893,829.7261810075724
17,0,0,1,3,0,1,1,154.9463000119431,344.64258899970446,380.37957399501465,159.10914400592446
7,0,0,1,1,0,1,13,141.005060999305,190.5479440029012,663.6803809960838,203.12765501148533
18,0,0,1,3,0,2,18,591.4697529951809,924.6264550019987,1292.156313007581,943.72758200916
13,0,0,1,0,0,1,1,122.36836800002493,172.5434789987048,680.7831159967463,307.8534269880038
53,0,0,1,8,0,1,1,485.6997400056571,469.99894600594416,1452.6497240003664,465.7174369931454
56,0,0,7,5,0,3,1,1255.4981889988994,1755.5838269909145,24835.540953994496,15644.24493999104
55,0,0,6,5,0,3,490,2354.4943520100787,4829.373176995432,11055.597240003408,9605.009979000897
5,0,0,0,1,0,1,16,120.70737399335485,162.62201099016238,320.4666149977129,146.99865800503176
113,0,0,10,4,0,3,206,1292.4529410083778,2138.0273709946778,60000.0,60000.0
19,0,0,2,2,0,3,0,444.0430029935669,473.91628999321256,1460.9110040037194,407.7942130097654
6,0,0,0,0,0,0,5,120.81760900036898,169.9692900001537,322.68226699670777,112.92216800211463
14,0,0,2,0,0,1,1,120.52926199976355,169.78354199090973,1340.4054319980787,610.0483530026395
5,0,0,0,0,0,0,75,123.58207401121035,174.94765399897005,329.84128400858026,164.44949200376868
21,0,0,3,2,0,3,12550,76.85794999997597,31.033854000270367,914.3781099992339,699.8725829907926
132,0,0,2,9,0,2,1,444.87051099713426,432.30988399591297,3541.990822996013,1264.8058780032443
8,0,0,1,0,0,1,1,135.290748992702,188.5187070001848,651.6595319990302,155.4273139918223
2,0,0,1,0,0,1,12550,20.311114989453927,23.191243002656847,103.34076899744105,77.48804699804168
100,0,0,3,7,0,2,0,1416.8489200092154,1360.212170999148,2312.1216209983686,811.4071250020061
18,0,0,1,2,0,1,1,130.51112700486556,172.3742879985366,739.8052919888869,308.86713600193616
14,0,0,3,0,0,1,6,371.69821199495345,565.2687580004567,794.1560250037583,446.7431599914562
8,0,0,1,0,0,1,20,129.41237199993338,183.49935399601236,678.4707849874394,335.2270529867383
109,0,0,4,10,0,2,1,538.1020310014719,1225.7314059970668,11944.836276001297,3475.8522740012268
17,0,0,4,1,0,2,1,520.5028659984237,385.82856599532533,6135.153982992051,1269.4075990002602
54,0,0,2,8,0,1,0,126.76802799978759,159.74950999952853,2034.3091690010624,573.4830279980088
27,0,0,2,4,0,2,1,611.0722710000118,578.4028509951895,1821.0039439873071,388.94261899986304
57,0,0,8,5,0,3,490,2536.369597990415,4736.891116001061,39360.47639399476,21067.40592699498
49,0,0,5,4,0,3,473,1518.4462569886819,1382.5232420058455,8462.513712001964,5911.749102990143
10,0,0,1,0,0,1,1,124.88332700741012,176.35776600218378,673.1831350043649,325.8427260007011
40,0,0,5,6,0,2,1,65.66377299895976,84.4747180090053,11001.544051003293,3901.3919069984695
5,0,0,1,0,0,1,30,65.78806298784912,87.85974700003862,528.1561330048135,307.4301250017015
14,0,0,2,0,0,1,1,241.87671599793248,356.0395459935535,669.9128829932306,305.89945800602436
12,0,0,1,1,0,2,0,91.25856100581586,81.8199880013708,386.9090590014821,281.81945500546135
47,0,0,3,4,0,2,0,1054.4308719981927,1723.4295820089756,3002.139295989764,1903.77809900383
9,0,0,0,1,0,1,3,125.12498399883043,173.60053298762068,347.72123899892904,161.19657100352924
13,0,0,4,0,0,1,0,240.99305999698117,352.7347859926522,2549.30745899037,1180.6621419964358
53,0,0,2,7,0,2,0,130.10763400234282,177.4566319945734,1974.9053270061268,603.5966750059742
15,0,0,4,1,0,2,4,130.65066699346062,179.2320519889472,5144.7108360007405,2201.575679006055
7,0,0,2,0,0,1,229,250.3950570098823,377.0694449922303,638.5113290016307,311.1984090064652
7,0,0,2,1,0,2,0,638.7329919962212,597.8267800091999,1076.0602759983158,334.84368500649
30,0,0,2,4,0,2,1,269.2050250043394,405.95187500002794,2764.4263210095232,1699.9456280027516
14,0,0,1,0,0,1,1,123.15779099299107,112.12136500398628,344.42697500344366,156.56716900411993
15,0,0,1,1,0,1,1,120.3071460040519,168.99289800494444,697.7387999941129,276.3951679953607
56,0,0,7,5,0,3,122,1173.2756379933562,2984.780373997637,22613.562885002466,17129.939182996168
149,0,0,0,12,0,1,1,571.077405998949,405.1434349967167,1103.236792012467,300.06078199949116
6,0,0,2,0,0,1,267,120.07356699905358,165.94721599540208,1182.206461991882,550.0269189942628
31,0,0,3,1,0,1,0,125.989785999991,174.99277599563356,3085.0800040061586,1144.55407600326
11,0,0,1,3,0,2,1,462.2142449952662,745.4680030059535,945.7138599973405,633.3331989881117
11,0,0,3,0,0,1,0,158.3799439977156,190.462241997011,1483.6575459921733,1124.7690489981323
18,0,0,5,2,0,1,12,325.8061669912422,305.4110579978442,5115.051280998159,2290.559265005868
74,0,0,5,12,0,2,0,131.09365200216416,180.10866199620068,17636.534090008354,4992.376540001715
9,0,0,2,0,0,1,33,63.889750992530026,169.51402398990467,1268.886828009272,605.7925700006308
17,0,0,1,2,0,1,3,125.28722200659104,166.3371540053049,718.2110189896775,286.59382100158837
73,0,0,3,3,0,2,0,665.9137570095481,632.1085939998738,3567.7470639930107,1501.6561869997531
115,0,0,4,8,0,2,1,1407.4949670030037,1342.2077739960514,4546.257922003861,2047.7924479928333
16,0,0,2,1,0,2,1,120.34050600777846,172.5495860009687,1258.968417008873,606.2080650008284
13,0,0,5,0,0,1,123,311.0771380015649,461.5800439933082,4838.366916999803,2031.0336789989378
53,0,0,6,4,0,3,0,1859.0247800020734,2006.071897005313,12329.894964001141,2769.3905040068785
45,0,0,4,3,0,3,12550,261.63687600637786,75.51562099251896,3206.3821500050835,3116.425697997329
13,0,0,4,2,0,3,0,118.06223799067084,97.09742899576668,2272.299363001366,607.9694420041051
2,0,0,0,0,0,0,156,62.78840999584645,84.12880900141317,207.70711099612527,149.7199690056732
3,0,0,1,0,0,1,8533,111.00862400780898,154.02558600180782,534.4328070059419,271.45447200746275
4,0,0,0,0,0,0,103,127.9492570029106,179.1183080058545,292.3919539898634,86.80744099547155
17,0,0,1,2,0,2,5,575.6777929927921,545.512137003243,1058.1553200026974,912.9076999961399
21,0,0,4,3,0,2,1,122.28648499876726,170.95963199972175,4988.326129008783,2405.2958259999286
108,0,0,3,10,0,2,1,532.579339997028,510.12343099864665,5088.6545429966645,2107.4568779877154
11,0,0,1,1,0,2,2,138.77259200671688,187.5278149964288,673.186275002081,240.08101801155135
14,0,0,1,0,0,1,0,119.02202499913983,166.9787639984861,666.2583180004731,292.6257430081023
48,0,0,4,4,0,2,12550,286.21416600071825,89.01416099979542,4383.827497003949,3190.892067999812
9,0,0,3,0,0,1,20,209.89468999323435,212.1425450022798,1246.0369469918078,607.5081870076247
11,0,0,5,0,0,1,8399,188.92160299583338,275.95137599564623,4846.921285992721,2039.544419007143
12,0,0,2,0,0,1,1,243.28871100442484,355.3014289936982,664.3980109947734,308.9664300059667
13,0,0,3,1,0,2,88,630.1004880078835,565.1632110093487,1320.4591659887228,601.0133959935047
1,0,0,0,0,0,0,9230,53.185573997325264,69.68583200068679,201.9093089911621,151.44896300625987
9,0,0,3,0,0,1,37,119.42651201388799,169.02189000393264,1539.6831060061231,884.8623240046436
13,0,0,2,1,0,1,2,124.16734600265045,172.06807500042487,1171.385351990466,576.1362920020474
35,0,0,1,6,0,1,1,126.71142800536472,174.46689200005494,887.2649280092446,310.4677209921647
13,0,0,4,0,0,1,5,94.60023199790157,174.5615120016737,4908.00396099803,2032.3231899965322
14,0,0,2,1,0,1,2,496.65858400112484,373.4913869993761,564.2116679955507,143.24047698755749
1,0,0,0,0,0,0,9122,36.42499100533314,46.746129999519326,191.2400839937618,154.81218899367377
23,0,0,1,4,0,2,6,125.6753580091754,171.05710500618443,785.8332920004614,308.5403309960384
12,0,0,4,2,0,3,12550,112.24256099376362,55.807101001846604,1743.4578630054602,1853.540990006877
16,0,0,1,2,0,2,9,542.9082409973489,512.7267249918077,1146.0447639983613,787.5923379906453
13,0,0,0,0,0,0,0,118.46813600277528,166.98467000969686,340.04533299594186,150.29955199861433
15,0,0,4,2,0,2,3627,136.55876800476108,186.0758669936331,4747.908277990064,2370.342141002766
8,0,0,1,1,0,2,160,321.30157499341294,544.6671329991659,532.394641006249,428.32639800326433
7,0,0,2,1,0,2,9230,80.69812900794204,100.60353200242389,768.430136013194,301.4917659893399
11,0,0,4,0,0,1,268,377.9007800039835,578.2401299948106,2480.3535860119155,1193.2607100025052
26,0,0,2,1,0,1,1,131.236308006919,170.59848200005945,1491.8247520108707,593.0470239982242
14,0,0,3,1,0,2,8,121.16586400952656,165.37320500356145,2223.705565003911,1137.838319002185
37,0,0,4,2,0,2,124,1120.2410300029442,1369.1813979967264,5022.894388996065,2648.2450299954507
13,0,0,3,1,0,1,1,384.6715030085761,568.3711530000437,1334.5698500052094,602.9936330014607
13,0,0,2,1,0,1,1,125.9545060020173,182.0377690019086,1412.7265809947858,660.4012649913784
13,0,0,2,1,0,1,1,119.7290659911232,165.81277899967972,1324.5056320010917,570.1336740021361
4,0,0,1,0,0,1,0,117.6553910045186,160.8494099928066,591.7463919904549,281.8719179922482
15,0,0,0,2,0,1,0,116.37397098820657,161.86321100394707,353.2973130058963,145.5667620029999
33,0,0,1,4,0,1,1,122.66307999379933,89.25676500075497,862.5102419900941,323.69450299302116
7,0,0,3,0,0,1,9230,82.98629699856974,114.06921700108796,1982.5866610044613,975.565220011049
9,0,0,2,0,0,1,55,241.91591900307685,351.3570359937148,641.8996689899359,305.69624800409656
10,0,0,3,0,0,1,18,120.0832930044271,168.7981159921037,2301.465073993313,912.7739690011367
9,0,0,0,1,0,1,1,62.350409003556706,84.26022699859459,171.95447300036903,78.49074900150299
11,0,0,2,0,0,1,1,127.55788599315565,223.39283500332385,600.6895460013766,314.6088750072522
54,0,0,5,5,0,3,37,1740.280329991947,2494.6152370102936,8660.289772000397,5554.6386419882765
9,0,0,3,0,0,1,170,124.41267099347897,173.7857459957013,2422.9199580004206,1118.2216570014134
53,0,0,6,4,0,3,0,1940.2877279935637,2000.749300001189,9368.217536000884,3191.5534600120736
12,0,0,2,0,0,1,1,152.80563299893402,216.69001900590956,1155.82069499942,590.9969630010892
32,0,0,3,3,0,2,0,1710.7716180034913,2288.9810250053415,1265.8119799889391,976.9614530086983
16,0,0,6,2,0,3,8399,894.2483210121281,1008.8346769916825,5169.716794000124,2146.081882994622
10,0,0,4,0,0,1,0,118.58005299291108,167.2371290042065,4766.899612994166,2168.2929920061724
17,0,0,6,1,0,2,2044,361.19322999729775,542.7184559957823,10029.075850994559,2945.62471799145
23,0,0,2,3,0,2,7,1182.6046310015954,1013.6495400074637,1116.2150239979383,356.6442069859477
11,0,0,4,0,0,1,624,135.49759400484618,125.38558499363717,4155.655366004794,2039.4531060010195
24,0,0,5,4,0,2,4,420.2278360025957,209.60193499922752,14235.326221998548,5066.98824299383
16,0,0,2,1,0,1,1,125.92613400192931,210.42611300072167,722.6718989986693,605.0487210013671
15,0,0,1,3,0,2,1,349.76399400329683,181.4144420059165,1170.4454559949227,339.8121809877921
3,0,0,1,0,0,1,8399,91.33666299749166,125.09391499042977,498.0782010097755,275.97123399027623
15,0,0,5,1,0,1,3,265.0872329977574,361.96120199747384,4566.932916000951,1123.7731439905474
4,0,0,2,0,0,1,12550,24.46005899400916,30.662697012303397,263.58867199451197,251.66995500330813
17,0,0,5,0,0,1,2,158.08589100197423,224.54216598998755,9436.623765999684,4300.431418989319
10,0,0,1,0,0,1,1,125.20775200391654,174.0855910029495,645.259729004465,295.9030560014071
17,0,0,3,1,0,2,1,122.98241100506857,174.50942599680275,1413.985553997918,604.0927619906142
2,0,0,0,0,0,0,156,119.79040699952748,164.7171810036525,303.9252970047528,147.51954399980605
7,0,0,0,0,0,0,0,116.3302479981212,165.0569219928002,316.19446199329104,145.0520930084167
12,0,0,1,2,0,1,1,128.58547001087572,171.69776100490708,707.1341380069498,305.49661700206343
8,0,0,3,0,0,1,4475,215.5046260013478,318.04451800417155,1262.7144269936252,630.224790002103
7,0,0,3,0,0,1,9122,148.79124700382818,212.62645699607674,1205.771092994837,559.9704630003544
54,0,0,5,3,0,3,46,660.5943860049592,1610.2492829959374,7483.468507998623,4548.506944003748
40,0,0,5,6,0,2,1,70.88827900588512,167.13863699987996,2926.196036001784,921.3237520016264
2,0,0,0,0,0,0,1607,61.05129800562281,80.67313900392037,154.82924500247464,82.30237501265947
12,0,0,3,1,0,2,9122,382.7922719938215,246.63747199520003,2403.715819003992,712.6706669951091
8,0,0,3,1,0,2,12550,47.00889400555752,60.550228008651175,1146.7472430085763,601.6587290068856
15,0,0,5,2,0,3,1916,164.97651000099722,223.92343200044706,5150.37334500812,2356.4753149985336
8,0,0,3,0,0,1,1607,118.90455200045835,168.41216599277686,2443.2782899966696,1173.6766350077232
33,0,0,1,4,0,2,1,190.36611099727452,225.17341500497423,843.4857669926714,327.0358300069347
45,0,0,4,4,0,3,0,1254.1906920087058,1250.2785620017676,4519.458262991975,1995.4825379973045
18,0,0,4,1,0,3,12550,114.79972300003283,76.09587399929296,2792.7025080134626,1685.5376260064077
57,0,0,8,5,0,3,194,1615.168991003884,2483.7781300011557,33447.221029011416,18178.581918007694
13,0,0,3,1,0,1,1,242.20656299439725,328.6301670013927,913.8777290063445,349.1146669985028
54,0,0,5,5,0,3,1,1812.606422987301,2082.4264220136683,4609.807326007285,2589.5494449941907
12,0,0,2,1,0,1,1,120.90171599993482,134.50150699645746,1291.7877990112174,563.1727470026817
9,0,0,2,0,0,1,62,67.33835900377017,155.41009799926542,1298.7410229980014,620.6474390055519
3,0,0,0,0,0,0,472,126.19939100113697,123.24057699879631,166.41060799884144,161.65153600741178
54,0,0,5,5,0,2,12550,337.5271260010777,105.23306799586862,11487.29326899047,7843.428654989111
47,0,0,1,4,0,2,1,426.35817400878295,430.72952100192197,1597.6927899901057,948.6961989896372
3,0,0,1,0,0,1,1190,227.3046729969792,329.97569600411225,236.1056509980699,80.41506100562401
8,0,0,3,1,0,3,12550,85.44400800019503,62.15279999014456,781.1621190048754,234.59247300343122
20,0,0,3,3,0,3,122,871.0738359950483,1118.2155089918524,1456.3869580015307,1079.5069739979226
4,0,0,1,0,0,1,1320,238.29593301343266,342.49915200052783,298.9836579945404,77.786052992451
14,0,0,2,1,0,1,5,140.76808899699245,185.54295599460602,1370.4304989951197,609.8191119963303
10,0,0,1,0,0,1,1,107.51610000443179,170.8624349994352,661.7839160026051,342.58913599478547
8,0,0,2,0,0,1,78,122.59048300620634,165.34680500626564,1069.249590000254,582.057898005587
8,0,0,1,0,0,1,6,67.90954498865176,134.32138299685903,665.8501240017358,308.86356699920725
8,0,0,0,0,0,0,0,123.7420050019864,174.026959008188,338.43850999255665,160.5570039973827
20,0,0,5,2,0,3,12550,157.74020399840083,77.39841900183819,5318.455989006907,3708.8454329932574
17,0,0,7,2,0,3,12550,144.55999800702557,123.22097600554116,8723.593061993597,4411.051360992133
26,0,0,4,3,0,2,0,450.0996700080577,425.47752101381775,1242.0203130022855,817.0404200063786
15,0,0,2,1,0,2,1,252.18776699330192,368.1063969997922,359.0281290089479,159.2843289981829
17,0,0,3,1,0,1,1,134.03745800314937,176.9742979959119,2766.8944059987552,1201.1702120071277
3,0,0,1,0,0,1,8399,90.45542299281806,125.12930000957567,539.0708129998529,300.971208998817
264,0,0,1,14,0,2,0,559.526975004701,536.428388004424,2149.5002419978846,514.6736329916166
22,0,0,5,3,0,3,12550,188.093882999965,75.81118500092998,3576.3830289943144,2954.554444004316
10,0,0,4,0,0,1,2327,277.7547910081921,404.71464199072216,2457.628553995164,1172.160033005639
10,0,0,1,0,0,1,1,122.61714800843038,177.74079699302092,693.6928020004416,305.9578450047411
2,0,0,0,0,0,0,1607,113.99371200241148,160.24058300536126,302.91391200444195,157.9737110005226
6,0,0,1,0,0,1,111,120.79529999755323,170.54717600694858,621.4983969985042,286.9733879924752
56,0,0,1,7,0,2,0,333.24014900426846,470.7153009949252,1207.7167099923827,400.592587000574
6,0,0,2,0,0,1,130,237.5964759994531,344.7045990033075,624.44626299839,306.01743700390216
8,0,0,2,0,0,1,76,125.7022270001471,178.0838310078252,1286.137603005045,611.5296939969994
28,0,0,2,4,0,2,1,501.0687059984775,180.49964700185228,394.18915899295826,143.27237399993464
22,0,0,7,2,0,3,3,130.46293100342155,169.62953499751166,9899.833443007083,4681.717170009506
21,0,0,3,1,0,1,1,65.29787799809128,88.76047800004017,1431.3567789940862,600.5096339940792
103,0,0,1,17,0,2,1,69.24421200528741,82.6545919990167,516.6969929996412,144.83330999792088
110,0,0,7,4,0,3,3,684.9032019963488,646.9375289889285,40592.07217300718,15606.746043005842
14,0,0,2,0,0,1,2,123.3920219965512,174.25077699590474,1346.1910530022578,396.51812400552444
2,0,0,0,0,0,0,966,62.77046799368691,84.03291300055571,215.21079500962514,157.43312999256887
27,0,0,5,3,0,3,40,743.9262260013493,714.8080830083927,6989.334234007401,3947.183414013125
9,0,0,3,0,0,1,0,238.74451400479302,350.89552598947193,1230.3932610084303,566.2649439909728
18,0,0,6,2,0,2,200,506.78183398849797,391.5812589984853,5463.172602991108,1924.5476729993243
9,0,0,2,0,0,1,58,128.3050460042432,203.03327099827584,1291.572312999051,620.0765050016344
9,0,0,3,0,0,1,0,377.1476179972524,582.1598030015593,1228.4146520105423,567.0983970048837
69,0,0,6,3,0,3,216,2044.5992659952026,2872.0077330071945,10914.110496989451,6053.022455991595
55,0,0,6,5,0,3,35,1563.0011329922127,3295.701071008807,7929.834030001075,4582.400868006516
29,0,0,2,3,0,2,1,498.65263000538107,693.875607001246,2236.4592180092586,1101.3396759954048
23,0,0,8,2,0,3,21,767.0009529974777,816.1565660120687,20788.72629099351,8543.47087800852
5,0,0,2,0,0,1,9122,168.97157600033097,247.7928879961837,530.8973409992177,151.92140500585083
12,0,0,2,0,0,1,1,219.8730490054004,334.17575499333907,669.135827003629,309.065545006888
108,0,0,5,4,0,2,2,679.8665259993868,638.9390290132724,17492.454735998763,6856.035354998312
54,0,0,5,3,0,3,4,405.71832099522,418.1935730011901,13920.034453010885,9528.504839996458
142,0,0,1,11,0,2,1,1353.9516040036688,1279.8317580018193,868.3853159891441,275.66112000204157
42,0,0,1,3,0,2,3,1238.4789579955395,1203.0868290021317,768.5986889991909,509.91491800232325
9,0,0,1,0,0,1,3,121.60844300524332,169.6749800030375,654.5184189890279,301.9418159965426
19,0,0,2,3,0,2,1,151.43984201131389,201.06261200271547,1217.8284300025553,596.380697999848
38,0,0,1,3,0,2,0,723.3806200092658,672.5277720106533,1432.4385689978953,946.8107059947215
53,0,0,4,5,0,2,0,2158.7011230003554,3339.023068998358,5911.264205991756,2877.8819810104324
36,0,0,3,2,0,3,0,1257.5199370039627,625.1906649995362,2096.140955996816,534.3447869963711
5,0,0,1,0,0,1,228,132.23929500964005,190.11337999836542,656.0652120097075,326.3200960063841
16,0,0,5,1,0,2,152,702.3761780001223,674.8666470084572,5005.895246998989,2367.6369809982134
54,0,0,5,5,0,2,1,1259.1342569940025,1200.0247149990173,6063.327560987091,3544.568284996785
7,0,0,1,0,0,1,88,154.2395430005854,218.77155899710488,681.4160499925492,340.76380099577364
18,0,0,5,1,0,1,0,237.42717399727553,350.48897001252044,3163.9040779991774,1893.8168129971018
10,0,0,4,0,0,1,154,595.2614370035008,904.3206229980569,2308.5981309995987,1036.0148540057708
39,0,0,4,6,0,2,1,127.00665900774766,165.03233399998862,6015.529985001194,1593.8357359991642
12,0,0,1,1,0,1,2,123.809047989198,173.8968130084686,585.2158540074015,158.601542992983
32,0,0,3,3,0,2,12550,205.12926699302625,76.1542480031494,2105.728664988419,2008.4505440026987
10,0,0,3,0,0,1,42,172.84894100157544,219.51706400432158,1164.1029540041927,604.0116259973729
14,0,0,3,1,0,1,9,511.7721499991603,379.7366310027428,1388.5777260002214,603.5263939993456
9,0,0,2,0,0,1,26,276.64699700835627,545.2576429961482,652.0037789887283,310.93455299560446
7,0,0,3,1,0,3,12550,78.0319170007715,62.230675990576856,513.4068339975784,301.4339900109917
50,0,0,3,4,0,2,0,1256.4155540021602,1247.8137169964612,2783.241134995478,539.4394039904
1,0,0,0,0,0,0,0,107.49409701384138,163.8377670024056,300.063536997186,142.3565050063189
19,0,0,1,1,0,2,0,665.9415979956975,222.57025400176644,335.1316920015961,85.75157599989325
10,0,0,2,0,0,1,27,244.3658249976579,354.4032750069164,653.6600029940018,306.0388660087483
6,0,0,2,0,0,1,2666,55.030559000442736,74.20233200537041,636.8565029988531,574.1321919922484
69,0,0,6,3,0,3,216,1590.508401990519,2748.012866009958,10496.75326400029,6390.125304998946
137,0,0,1,29,0,2,1,419.4642969960114,413.27269400062505,2262.80134699482,427.73222499818075
9,0,0,3,0,0,1,652,156.54513200570364,222.19489600684028,2489.0122060023714,1273.8953049993142
3,0,0,1,0,0,1,0,240.7773600134533,347.58924700145144,305.9935290075373,148.44291200279258
54,0,0,5,5,0,3,5,1249.2951580061344,936.651943004108,9095.513615990058,6591.375297997729
9,0,0,1,1,0,1,3,122.25848399975803,170.00939199351706,654.2215890076477,303.4689350024564
3,0,0,1,0,0,1,8533,196.58376098959707,307.2799459914677,305.62200999702327,158.10650700586848
2,0,0,0,0,0,0,0,121.09045698889531,168.80075499648228,422.84714001289103,147.21806600573473
13,0,0,5,0,0,1,9,361.39536699920427,551.01062200265,5078.383134998148,2508.3433160034474
11,0,0,3,0,0,1,1,136.787847004598,193.86006699642166,2683.917168993503,1216.401631012559
13,0,0,2,2,0,1,3,131.16477799485438,171.75797899835743,1401.0577790031675,596.4759959897492
20,0,0,3,3,0,3,122,903.9598179952009,1147.9055219970178,1949.6049349982059,1423.4375880041625
212,0,0,3,9,0,2,1,522.4119409976993,391.70757099054754,8602.28145099245,2654.97169700393
9,0,0,1,0,0,1,3,124.62063100247178,174.11554499994963,662.1832349919714,313.3123599982355
53,0,0,4,5,0,2,1,1262.5849620089866,1202.3017199971946,3157.2094180010026,1613.9685609959997
10,0,0,1,0,0,1,2,124.94605900428724,174.47365399857517,691.4046640013112,310.62306799867656
20,0,0,5,2,0,3,0,140.08863900380675,183.08382199029438,5561.359967992757,2122.279110000818
14,0,0,1,0,0,1,1,123.32192799658515,171.56110500218347,679.4703699997626,299.6797340019839
57,0,0,8,5,0,2,1,1515.015153985587,1433.0412249983056,44810.95063799876,25127.203102994827
30,0,0,2,4,0,2,1,444.666256007622,725.6898969935719,2736.4168200001586,1634.965609991923
6,0,0,2,0,0,1,1290,118.16999199800193,166.56899900408462,1189.6298979991116,569.4382539950311
175,0,0,3,12,0,2,0,781.6410929954145,732.0834249985637,6985.338889004197,2102.6750090095447
56,0,0,7,5,0,3,1,1244.9366319924593,1184.0535410010489,18748.793705002754,9462.537822997547
8,0,0,1,0,0,1,7,247.01170199841727,366.43113500031177,350.6583239941392,177.49186400033068
16,0,0,2,3,0,2,104,939.384573008283,936.1043979879469,1131.666489993222,450.4985800012946
6,0,0,2,0,0,1,170,86.83508999820333,90.072238992434,946.062974006054,636.1343969911104
18,0,0,7,2,0,2,12550,154.845924989786,137.82181400165427,19874.13863898837,8982.05125000095
12,0,0,2,1,0,1,1,125.14787500549573,167.22362399741542,1302.596232999349,579.7661420074292
17,0,0,1,1,0,1,1,196.89718801237177,93.70142700208817,1009.2961019981885,338.8040559948422
12,0,0,4,2,0,3,12550,119.1640689939959,77.84076599637046,1789.3329110083869,821.6155150003033
12,0,0,0,1,0,1,1,131.45091199839953,180.9574169892585,370.4782620043261,119.44830098946113
15,0,0,2,0,0,1,1,93.04277099727187,87.4139570078114,912.3141470045084,500.8368800044991
12,0,0,2,0,0,1,3,121.96536699775606,169.1276280034799,1279.4729849993018,578.028080999502
4,0,0,2,0,0,1,12550,46.71113200311083,59.60597100784071,552.0072740036994,310.83182399743237
4,0,0,1,0,0,1,201,118.23906700010411,164.27497900440358,586.7617780022556,144.75747600954492
22,0,0,7,2,0,3,1,776.9653110008221,814.2416339978809,10743.315984000219,4115.525647997856
27,0,0,3,2,0,2,285,989.3180520011811,802.1236749918899,1633.154202994774,747.1946430014214
11,0,0,2,0,0,1,1,240.49897700024303,351.4248959982069,658.247223997023,302.3953420051839
89,0,0,2,5,0,2,1,690.7364030048484,663.1374880089425,2274.12125999399,1425.536162001663
50,0,0,6,4,0,3,124,1264.385410991963,2419.958205995499,15990.780097010429,11402.626073002466
8,0,0,2,0,0,1,11,128.20307900256012,177.3211659892695,1219.7008039947832,317.85916900844313
2,0,0,1,0,0,1,12550,19.918110003345646,23.25551000831183,103.00457499397453,76.74726498953532
45,0,0,4,4,0,2,0,1052.2407980024582,670.5680830054916,2977.953587003867,732.3235130024841
20,0,0,1,1,0,1,1,142.35606200236361,198.94885098619852,749.0098459966248,320.07419399451464
1,0,0,0,0,0,0,8533,98.88615200179629,140.07775999198202,276.2907220021589,155.7804589974694
37,0,0,4,4,0,2,0,621.9129060045816,366.4303200057475,2882.0118689909577,664.2669569991995
13,0,0,5,0,0,1,133,132.08300599944778,183.00182301027235,9767.809210010455,3555.1933829992777
8,0,0,3,1,0,2,12550,85.85276300436817,75.87541699467693,1129.7996479988797,581.7583220050437
13,0,0,4,1,0,2,0,250.02291800046805,318.7313020025613,2433.0950809962815,1219.1859039885458
9,0,0,3,0,0,1,0,365.059410003596,561.8438310048077,1035.4307050001808,554.752912998083
26,0,0,1,3,0,2,8,809.817033004947,839.1945039911661,734.060866991058,506.2468219985021
41,0,0,4,6,0,2,1,311.4971560135018,615.6811760010896,9290.735371992923,3303.1665080052335
207,0,0,1,21,0,2,1,542.9316609952366,515.1913620065898,2150.4062129970407,451.90854799875524
23,0,0,8,2,0,3,1,1134.5183640078176,1193.8478950032732,10911.490551006864,4767.699157993775
10,0,0,2,0,0,1,1,126.21039699297398,180.83554798795376,1310.8603470027447,623.1754249893129
22,0,0,3,4,0,2,1,127.04375600151252,168.13264299707953,2971.082456992008,1093.945808999706
36,0,0,3,3,0,2,0,690.5586780048907,182.51534400042146,4423.177285003476,1317.742953004199
18,0,0,3,0,0,1,1,126.5289660077542,177.04291398695204,2433.794933007448,1204.327170009492
15,0,0,0,3,0,1,1,128.35283399908803,178.267972994945,387.97690100909676,91.1755959969014
10,0,0,0,1,0,1,65,592.6966929982882,677.6422069960972,535.929464007495,424.7079909982858
60,0,0,2,6,0,2,1,591.662645994802,552.1321479900507,2607.7168619958684,462.7812920080032
58,0,0,9,5,0,3,1,1249.8025030072313,2270.8612760034157,50974.76241699769,28444.605440003215
3,0,0,1,0,0,1,8399,147.6540220028255,211.45865399739705,304.54328800260555,144.79155199660454
5,0,0,0,0,0,0,50,122.10549799783621,169.7886070032837,221.82695601077285,80.53269700030796
1,0,0,0,0,0,0,9122,34.59239700168837,44.46316999383271,112.80406000150833,80.14373001060449
12,0,0,2,0,0,1,1,121.10237500746734,171.81216800236143,1309.322934001102,594.4626900018193
4,0,0,0,1,0,1,2,70.23300899891183,146.02835300320294,335.6027600093512,143.67755300190765
24,0,0,9,2,0,3,564,717.5718259968562,718.6384439992253,40333.34802801255,16903.216730002896
11,0,0,2,0,0,1,10,245.7019519933965,355.64660900854506,644.9061229941435,280.59601099812426
14,0,0,3,0,0,1,1,66.4901409909362,86.60775500175077,2469.7630089940503,1195.5080079933396
56,0,0,7,5,0,3,1,1261.3401220005471,1217.1580849972088,16940.936048005824,8180.312707001576
21,0,0,4,3,0,3,12550,172.67055399133824,75.13241999549791,3780.2995450037997,2698.4778000041842
2,0,0,1,0,0,1,12550,38.098657998489216,45.3639579936862,203.92459799768403,153.79540099820588
14,0,0,5,0,0,1,17,126.45471100404393,176.4339579967782,9933.745118993102,4529.872286002501
12,0,0,3,2,0,2,31,123.48637900140602,168.30921899236273,2479.4448640022893,1109.8150290054036
12,0,0,3,0,0,1,8,245.95543000032194,361.56344899791293,1299.7824579942971,416.46329801005777
6,0,0,3,0,0,1,12550,30.97647099639289,40.16983200563118,476.14791498926934,311.5230090043042
12,0,0,0,2,0,1,0,442.0589189976454,425.27692699513864,614.4698600110132,190.88027300313115
15,0,0,1,1,0,1,1,122.44322799961083,165.35732900956646,690.0692620110931,306.4098489994649
11,0,0,1,0,0,1,1,67.04492300923448,87.19397499226034,462.74945899494924,293.0277790001128
21,0,0,4,3,0,3,122,850.5618560011499,1065.1653930108296,3845.258773988462,2806.698688000324
11,0,0,2,0,0,1,15,138.04209599038586,192.9467209993163,1346.3010669947835,609.2940839880612
12,0,0,2,1,0,2,2,115.19798499648459,166.2626210018061,1320.5856800050242,568.4628809976857
48,0,0,3,4,0,2,1,356.5437299985206,224.02891999809071,4865.852640999947,1561.8113439995795
57,0,0,8,5,0,3,490,2232.8324870031793,3887.810026993975,29786.66995400272,19708.577602010337
11,0,0,1,1,0,1,2,249.21614999766462,362.7360879909247,341.436913004145,151.53331599140074
23,0,0,6,3,0,3,12550,93.18876599718351,38.85380399879068,10471.024971004226,7554.165544992429
33,0,0,4,3,0,2,22,1179.5342410041485,1119.8771339986706,4496.529424999608,1594.4588240090525
7,0,0,2,0,0,1,0,236.22294899541885,354.22304799431004,639.6001490065828,303.92224300885573
7,0,0,3,0,0,1,3085,312.68365200958215,471.067303995369,1202.6757580024423,584.7967159934342
57,0,0,8,5,0,3,6,1243.8948929921025,2274.26161999756,52878.59955598833,30933.927075006068
56,0,0,7,5,0,2,2,1081.1247800011188,943.0629220005358,22138.260238003568,13813.082652995945
8,0,0,1,0,0,1,3,64.96694800443947,174.17843599105254,654.038517997833,314.5089729950996
18,0,0,2,1,0,1,1,120.52810500608757,166.27666300337296,1384.384182994836,566.0674779937835
12,0,0,0,1,0,1,1,372.71657900419086,180.79748000309337,579.7355009999592,171.0072049900191
6,0,0,1,1,0,2,12550,73.4022830001777,44.01529399910942,409.48397999454755,207.52628799527884
6,0,0,1,0,0,1,119,121.74405199766625,167.6951240078779,623.3643760060659,296.12181399716064
4,0,0,0,0,0,0,384,117.92975799471606,89.99603299889714,278.68711299379356,170.47330900095403
10,0,0,2,0,0,1,11,248.13554099819157,365.50931599049363,633.9674090122571,288.6206449911697
20,0,0,3,3,0,3,0,430.71742101165,799.1243290016428,3909.1950410074787,2784.2926179873757
10,0,0,2,0,0,1,28,126.99198399786837,175.68188298901077,1301.3675109978067,621.8778350012144
9,0,0,1,0,0,1,0,122.15949899109546,168.837747987709,634.0816500014625,290.88287099148147
10,0,0,1,0,0,1,1,122.31125000107568,173.88746100186836,664.8688860004768,309.9453419999918
136,0,0,0,11,0,1,1,622.7599980047671,587.132954999106,1104.6473480091663,328.9444910042221
29,0,0,1,3,0,2,1,558.9181450050091,527.5871379999444,1368.7001439975575,934.9765590013703
15,0,0,6,2,0,3,594,1130.9888450050494,1516.6138719941955,2565.242961005424,1196.4210260048276
9,0,0,2,1,0,1,115,370.233323003049,191.26134399266448,2196.526323998114,674.2370400024811
6,0,0,0,0,0,0,2,119.10648299090099,164.47909400449134,318.92831400909927,148.86765099072363
15,0,0,3,2,0,1,2,125.53673500951845,173.25012800574768,2531.3514440058498,1185.0005680025788
9,0,0,4,0,0,1,1190,390.07542199396994,680.3809000120964,2395.6275480013574,1111.0550790035632
5,0,0,1,0,0,1,6,147.00042600452434,206.68330999615137,659.4351270032348,287.9467519960599
1,0,0,0,0,0,0,8533,82.9229429946281,136.04288799979258,272.178036000696,156.35832599946298
55,0,0,6,5,0,3,12550,174.7336090047611,54.35241600207519,16343.71399700467,10671.621249988675
8,0,0,3,1,0,2,1479,459.2113019898534,632.3404780123383,677.7765369915869,314.1829109954415
13,0,0,3,1,0,2,11,121.80569299380295,166.6206619993318,2517.3007849953137,827.277189004235
7,0,0,3,0,0,1,4295,331.2511830008589,504.95005000266246,1227.8690680104773,599.96014200442
10,0,0,1,0,0,1,1,121.9358680100413,173.51118499937002,666.5998090029461,309.5246760058217
49,0,0,5,4,0,3,39,1033.8165759894764,2303.593575998093,3236.9094470050186,2574.447996012168
11,0,0,4,0,0,1,2058,261.56484299281146,386.23343998915516,2494.6357690059813,1186.6577789915027
12,0,0,1,0,0,1,1,126.6586260026088,169.9010879965499,378.4275559883099,237.14541998924688
8,0,0,1,0,0,1,4,128.13595999614336,158.9599580038339,578.3411739976145,308.06996699539013
14,0,0,1,2,0,1,1,119.37780999869574,164.5073669933481,698.789936999674,288.8109260093188
8,0,0,4,0,0,1,12550,68.29634799214546,91.0615280008642,1637.2663299989654,639.5016080059577
14,0,0,4,2,0,3,19,336.72489899618085,300.8419379912084,1308.938157002558,592.1348230040167
10,0,0,1,0,0,1,2,66.50043200352229,87.35644500120543,331.8886930064764,302.75297300249804
57,0,0,8,5,0,3,4,1117.9485519969603,2004.8278129979735,24967.489332993864,15236.474065008224
7,0,0,3,0,0,1,865,116.389690010692,158.91978600120638,2315.072084995336,1083.3185110095656
14,0,0,3,2,0,2,10,439.21419300022535,513.4341510129161,2292.3440739978105,742.1175920026144
46,0,0,2,4,0,2,0,671.1826719983947,1261.8227540078806,928.0477220017929,492.25884799670894
8,0,0,4,0,0,1,12550,67.92947198846377,90.01279999210965,1629.2424679995747,791.4070099941455
12,0,0,2,1,0,2,4,241.18330198689364,350.3012650035089,657.3162649874575,300.5221390048973
34,0,0,4,3,0,3,12550,201.4416799938772,76.25529600773007,3203.0417089990806,2378.5207890032325
28,0,0,6,3,0,3,238,703.5429109964753,1142.0436939952197,5676.55257799197,2554.331623003236
47,0,0,1,4,0,2,0,429.85928399139084,430.46504601079505,1487.5321689905832,308.15382600121666
316,0,0,1,16,0,2,1,852.7763479942223,622.1599979908206,1223.7866580107948,258.1859809870366
18,0,0,2,3,0,2,10,964.620221988298,874.4738110108301,1200.2102279948303,354.55543600255623
16,0,0,6,2,0,3,52,169.54413898929488,232.92332599521615,4594.652547995793,2408.958410989726
14,0,0,1,2,0,2,6,530.8303360070568,500.0370630004909,1086.475659001735,824.1589279932668
11,0,0,2,1,0,1,0,122.34637000074144,172.14806900301483,1291.577777999919,570.1033959921915
6,0,0,2,0,0,1,0,253.03474700194784,376.66722500580363,665.8546810067492,326.38285800931044
6,0,0,1,0,0,1,44,243.47671400755644,353.41230299673043,319.6816550043877,151.89794599427842
11,0,0,3,1,0,2,0,137.2524440084817,169.16603200661484,1315.6309770129155,592.3909510020167
1,0,0,0,0,0,0,9230,53.12502100423444,68.35543499619234,198.39705699996557,151.90771000925452
23,0,0,8,2,0,2,26,514.0665149956476,380.8292089961469,21624.982152992743,7185.225480992813
1,0,0,0,0,0,0,8533,52.08429500635248,68.80421200185083,140.84239199291915,80.09399501315784
15,0,0,4,0,0,1,2,246.02220600354485,356.2371349980822,2547.9944919934496,1142.035794997355
22,0,0,3,1,0,1,1,244.04581700218841,356.63935099728405,1161.163853990729,562.9680440033553
9,0,0,3,1,0,3,12550,88.6423170013586,41.06898300233297,676.0812400025316,412.54411000409164
13,0,0,3,0,0,1,6,251.2784830032615,364.56510100106243,1321.5621370036388,599.1594929946586
13,0,0,2,0,0,1,0,151.48271799262147,217.55149999808054,1248.186402997817,328.2424049975816
177,0,0,5,12,0,2,0,785.4020410013618,1320.1087479974376,26210.548677991028,8260.137274002773
13,0,0,3,1,0,2,25,136.28834900737274,191.6449339914834,2268.4631290030666,1221.7150659998879
7,0,0,2,0,0,1,345,252.28095600323286,371.3933059916599,675.1482340041548,350.6348299997626
37,0,0,4,4,0,2,490,1819.1893769981107,2839.588013011962,5638.6065170081565,2515.0327410083264
21,0,0,6,2,0,2,0,71.05022999166977,140.1847069937503,10609.568336003576,4705.098885999178
96,0,0,4,15,0,2,0,131.79844499973115,166.137616004562,8894.22032800212,2221.675873006461
14,0,0,4,0,0,1,0,67.01472100394312,90.01401100249495,4269.683539998368,1614.698794001015
11,0,0,3,0,0,1,1,130.27537100424524,189.85409000015352,2559.2462530039484,932.1876839967445
13,0,0,1,0,0,1,1,119.99407300027087,167.4551890027942,654.3130640056916,285.5619920010213
206,0,0,1,18,0,2,1,403.7463390122866,404.7401819989318,2202.4082690040814,342.8614629956428
10,0,0,1,1,0,1,4,73.0757889978122,93.14676398935262,341.7884230002528,165.7359910022933
11,0,0,1,0,0,1,1,124.08447299094405,174.7182280087145,670.4745169990929,314.5680510060629
13,0,0,3,1,0,3,1,518.8701339939144,557.0596910110908,627.5360470026499,283.22062199003994
18,0,0,1,3,0,2,18,895.50132099248,884.9034320010105,572.8757689939812,237.7053249947494
2,0,0,0,0,0,0,3160,117.4619000084931,162.34261999488808,222.6440679951338,80.40389300731476
1,0,0,0,0,0,0,8533,73.03615899581928,135.53410000167787,273.6221019877121,154.19415400538128
2,0,0,1,0,0,1,12550,37.98751700378489,36.09180099738296,101.87014398979954,77.19441899098456
109,0,0,3,18,0,2,1,135.06933399185073,171.7151350021595,5784.711052008788,1190.085779002402
10,0,0,2,0,0,1,8,149.56119300040882,358.0358979961602,555.5493139981991,288.2690740079852
21,0,0,6,2,0,3,0,672.4498719995609,613.9528829953633,4700.278153992258,2348.598853001022
7,0,0,2,1,0,2,8399,167.96278399124276,233.8093559956178,388.93844599078875,194.90945700090379
192,0,0,2,10,0,2,1,336.69644099427387,450.78607599134557,3500.292664000881,914.512333998573
12,0,0,3,1,0,1,3,64.68359299469739,84.11336000426672,2535.429921001196,1128.3350180019625
6,0,0,2,0,0,1,4804,321.6776109911734,483.28198099625297,609.5484929974191,144.11712800210807
5,0,0,1,0,0,1,182,241.5309670032002,356.4815389981959,324.627693000366,156.38308601046447
108,0,0,5,4,0,2,2,684.7258479974698,644.1459229972679,17305.553118989337,6713.52279499115
8,0,0,3,0,0,1,3095,225.95131400157697,333.10444600647315,1246.0601950006094,596.4632780087413
18,0,0,1,1,0,1,1,65.02396499854513,86.24174000578932,574.0318960015429,312.5671239977237
55,0,0,6,5,0,2,7,1801.819593005348,1718.0631950031966,22310.775773992646,14215.692316996865
190,0,0,1,10,0,2,1,659.2827249987749,614.0503930073464,1905.1404110068688,467.10559900384396
8,0,0,1,0,0,1,2,125.04150099994149,174.34348000097089,650.9566680033458,279.2628820025129
8,0,0,1,0,0,1,2,121.45997099287342,168.9216169907013,642.5353220110992,305.3869840077823
13,0,0,1,0,0,1,1,119.84321899944916,164.6286329923896,652.8379699884681,288.036109006498
234,0,0,3,13,0,2,0,632.1856629947433,655.1144400000339,4614.038248997531,1080.6390090001514
7,0,0,1,0,0,1,34,130.88234599854331,186.83765600144397,649.1693169955397,266.4776480087312
9,0,0,3,0,0,1,29,496.2388769927202,758.6540519987466,1262.953101992025,597.201522992691
55,0,0,6,5,0,3,12550,336.016314002336,104.68420801043976,16269.796459004283,10623.171076003928
22,0,0,2,2,0,1,1,369.3489059951389,180.0248960062163,2433.012231995235,688.5365159978392
8,0,0,4,0,0,1,12550,67.65638299111743,63.87577000714373,1609.5086279965471,638.4308450069511
54,0,0,5,5,0,3,5,1243.764779996127,1130.4646529897582,7916.826342989225,4698.109532997478
2,0,0,1,0,0,1,12550,36.146680009551346,45.04672899201978,222.88872400531545,158.34398900915403
10,0,0,2,0,0,1,1,66.80756200512405,87.50077900185715,1051.0332940029912,612.2519909986295
10,0,0,4,1,0,2,12550,98.65307899599429,92.57259199512191,2254.0699940000195,720.5967990012141
6,0,0,3,0,0,1,12550,58.19772099494003,76.56803300778847,1151.6310300066834,320.49717400514055
11,0,0,3,0,0,1,12,243.3061310002813,349.5386499998858,1083.7587990099564,598.5893350007245
11,0,0,2,1,0,2,10,81.82605300680734,186.7701409937581,1304.6167909924407,614.1040889924625
33,0,0,4,3,0,2,122,1738.8425679964712,1825.7573179871542,2176.203858005465,1549.5048640004825
30,0,0,3,3,0,2,70,1711.4982419880107,2340.420886001084,2020.8930909866467,1117.394268992939
11,0,0,0,0,0,0,14,118.30568399454933,165.6245929916622,332.35218000481836,149.21146299457178
13,0,0,1,0,0,1,1,118.97706000308972,169.0207680076128,634.4080319977365,295.6767769937869
5,0,0,2,0,0,1,4295,225.42200901079923,329.97633299964946,633.3775779930875,319.701966989669
22,0,0,2,2,0,2,1,501.09920400427654,366.38591600058135,1220.5415659991559,239.56133499450516
15,0,0,4,1,0,1,2,133.03444000484888,179.09929499728605,5360.601559004863,2364.640527011943
1,0,0,0,0,0,0,1901,105.9816509950906,149.8274200130254,286.1450589989545,148.59914699627552
6,0,0,3,0,0,1,12550,31.50034999998752,39.27061198919546,563.5127029963769,293.1178569997428
15,0,0,7,0,0,1,9122,280.10624399757944,421.06089399021585,15224.71830699942,7545.128819998354
12,0,0,2,0,0,1,1,123.15104299341328,170.56568601401523,1313.257027999498,609.4534889998613
30,0,0,4,2,0,3,12550,181.10403600439895,60.179653999512084,4718.559050001204,4112.071348004974
9,0,0,3,0,0,1,803,121.96742001106031,170.93481599295046,2495.1955280121183,1175.9762360015884
55,0,0,6,5,0,3,7,1248.8603930105455,1050.7308569940506,17264.435587989283,9481.257357008872
12,0,0,4,0,0,1,39,128.305015998194,180.76520999602508,4327.218726990395,2424.47132000234
13,0,0,1,2,0,1,0,118.14688300364651,162.51120700326283,678.8625519984635,284.50208400317933
14,0,0,2,0,0,1,1,124.83450600120705,175.94485300651286,1338.9857570000459,603.6612590105506
28,0,0,3,5,0,2,1,149.46490699367132,187.61698200250976,3166.649706006865,1024.6240959968418
19,0,0,2,1,0,1,1,246.6754380002385,359.28973100089934,700.9977089910535,289.1004220000468
43,0,0,6,3,0,3,0,1260.8282959990902,697.5171939993743,8127.649161993759,2147.3164199996972
10,0,0,4,0,0,1,1607,119.42478599667083,168.39196500950493,4991.900456006988,2354.7690639970824
14,0,0,1,0,0,1,1,120.23147899890319,164.07688400067855,659.8142910079332,287.46846500143874
57,0,0,8,5,0,3,0,1262.3196429922245,1706.7557380069047,21575.05348000268,11436.93691700173
27,0,0,5,3,0,3,12550,198.46526900073513,76.35009899968281,6293.410015990958,4297.606301988708
7,0,0,2,0,0,1,11,121.32773699704558,162.8332819964271,1216.8099429982249,564.0813569916645
8,0,0,1,2,0,2,1,68.66972299758345,85.66152999992482,177.10337799508125,108.74263700679876
114,0,0,4,6,0,2,1,662.3498139961157,628.2275949924951,10596.61347499059,2777.4503879918484
168,0,0,1,6,0,2,1,645.9635999926832,619.6912189916475,1711.4566810050746,458.80876400042325
8,0,0,2,0,0,1,15,127.94491900422145,179.33670300408266,1298.199790995568,631.9044660049258
8,0,0,1,0,0,1,1,123.5179390059784,165.19726401020307,631.8287540052552,285.2286660054233
10,0,0,4,0,0,1,1607,125.36631998955272,171.3725540030282,4909.592962998431,2336.318563990062
22,0,0,4,3,0,2,18,1081.6811980039347,1133.5196209984133,2709.0657980006654,1084.8117529967567
14,0,0,3,0,0,1,1,241.39757100783754,351.82142100529745,1312.7314989978913,598.5520649992395
31,0,0,4,3,0,3,56,518.1113900034688,1413.6470169905806,6139.399755993509,3183.8092190009775
15,0,0,1,1,0,1,1,122.96722500468604,173.29221000545658,703.063306005788,308.09514300199226
45,0,0,3,3,0,2,0,1240.894181013573,1199.2917699972168,3016.4357390021905,779.1126789961709
43,0,0,9,4,0,3,12550,281.108167997445,93.47614500438794,34723.02854000009,24298.565946999588
1,0,0,0,0,0,0,8533,102.3037520062644,140.28647399391048,278.5461419989588,155.13499900407623
9,0,0,2,0,0,1,16,122.4456950003514,167.29193499486428,1207.9304290091386,289.7102749993792
33,0,0,3,3,0,2,2,452.09352699748706,393.77778899506666,4631.27233000705,5097.898285006522
10,0,0,2,0,0,1,0,117.63376399176195,162.9143220052356,1030.3073429968208,556.6484750015661
12,0,0,1,1,0,2,1,122.92715700459667,173.58659900492057,498.8431599922478,318.42571300512645
35,0,0,1,4,0,1,1,524.5232009910978,494.9644559965236,1234.3255189916817,582.442892002291
22,0,0,1,2,0,2,1,130.06868999218568,172.0202819997212,748.0027690035058,306.02995000663213
6,0,0,2,0,0,1,3627,333.1941399956122,510.41793100012,648.3963759965263,331.61699399352074
7,0,0,0,0,0,0,0,120.92574799316935,170.92607800441328,333.50910899753217,156.9620450027287
2,0,0,1,0,0,1,12550,37.39426600805018,45.389380989945494,204.5483179972507,153.018510012771
10,0,0,2,0,0,1,5,122.58813899825327,172.7485320006963,1291.2121260014828,474.70441900077276
63,0,0,4,4,0,3,186,1263.0264689942123,1810.952998988796,2339.6648930065567,1441.388455001288
59,0,0,10,5,0,3,124,881.7541169992182,1817.5385340000503,60000.0,42828.9602510049
35,0,0,1,2,0,2,2,329.19287199911196,440.24547100707423,1402.049858996179,1018.8896420004312
10,0,0,5,0,0,1,12550,79.4077510072384,107.76141499809455,3571.222064012545,1851.605963005568
45,0,0,4,3,0,3,78,1220.8179680019384,1861.0814529965864,4284.901531005744,2932.0124439982465
3,0,0,1,0,0,1,4295,217.88107600877993,318.207229996915,317.6388839929132,131.85543900181074
10,0,0,1,1,0,1,3,244.48934200336225,357.02169900469016,343.8789270003326,160.00687499763444
14,0,0,3,0,0,1,2,62.395995992119424,101.70506499707699,1893.4874400001718,1144.2603149916977
14,0,0,2,2,0,2,1,67.25834599637892,89.93425700464286,1103.5629050020361,596.0798099986278
11,0,0,2,0,0,1,1,120.38330499490257,170.4259690013714,1063.454646995524,606.2969959893962
5,0,0,1,0,0,1,0,122.24191200220957,173.57871000422165,631.8456759909168,301.39704199973494
10,0,0,1,1,0,1,1,376.3201880065026,185.4512689897092,1135.248467006022,346.0640129924286
37,0,0,2,6,0,2,1,127.62469900189899,166.52385599445552,1694.3391069944482,400.64615600567777
11,0,0,1,0,0,1,1,147.85216099699028,209.84090899582952,695.0795799930347,328.11942999251187
9,0,0,2,0,0,1,2,140.81157599866856,197.40735900995787,1258.1582540005911,649.9895089946222
7,0,0,0,1,0,1,1,129.25481800630223,182.71538299450185,352.3562420014059,170.0068670033943
9,0,0,1,0,0,1,5,239.20792300486937,349.3192210007692,330.88036300614476,154.6601159934653
97,0,0,5,15,0,2,1,129.78480900346767,166.75352200400084,18936.521644995082,4431.087284989189
10,0,0,1,0,0,1,1,137.26203099940903,191.0395070008235,669.678696009214,317.94629599608015
14,0,0,6,0,0,1,4118,432.5045669975225,656.9029950042022,7691.806213988457,4653.765291994205
20,0,0,6,2,0,3,1,676.1189620010555,637.5978209980531,5098.239607003052,2370.1210910076043
14,0,0,1,2,0,2,144,490.11026600783225,878.1750490015838,1079.1340550058521,853.0439530004514
3,0,0,1,0,0,1,606,61.179812997579575,80.12303299619816,300.064968992956,143.55804599472322
11,0,0,1,0,0,1,1,72.32835500326473,87.70419599022716,558.1926040031249,309.9727749940939
4,0,0,1,0,0,1,3055,120.80516399873886,167.618797000614,577.5719429948367,251.10125700302888
40,0,0,5,6,0,2,1,128.70833800116088,164.4280320033431,12949.382163002156,4418.68289699778
400,0,0,4,17,0,2,1,702.2385070013115,664.2177470057504,22655.821124004433,3663.2944739976665
8,0,0,4,0,0,1,12550,69.35346299724188,93.14615999755915,1939.409093989525,1074.779968999792
22,0,0,9,1,0,3,24,797.8321669943398,873.9521740062628,39202.47326200479,15744.889679001062
11,0,0,2,0,0,1,1,124.46341699978802,170.38342900923453,1096.252701987396,597.3041160032153
16,0,0,1,2,0,2,70,513.8503930065781,777.2999680018984,628.8413169968408,469.3704889941728
9,0,0,2,0,0,1,0,124.96323100640438,173.58001798857003,1281.5983899927232,623.2030490064062
2,0,0,1,0,0,1,12550,36.04301800078247,43.97612399770878,248.12344799283892,163.27180400548968
16,0,0,6,2,0,3,1170,668.3666039898526,631.1969769885764,1592.824485996971,1183.0481990036787
7,0,0,2,1,0,3,12550,78.06354299827944,44.33864999737125,802.1084370120661,691.1949479981558
7,0,0,2,0,0,1,838,135.12079900829121,192.17461200605612,1302.1187010017456,594.7122320067137
12,0,0,5,0,0,1,4118,220.1490110019222,357.66135100857355,4215.015055000549,1975.4628850059817
8,0,0,3,1,0,2,633,390.50008601043373,394.0521580079803,646.1336220090743,304.1754230071092
5,0,0,2,0,0,1,8533,291.39114200370386,435.56855600036215,640.371002999018,320.4929959902074
58,0,0,9,5,0,3,12550,303.61532799724955,105.47045400016941,60000.0,47596.23768899473
23,0,0,8,2,0,3,15,809.6196230035275,868.6760979908286,20613.81073400844,7670.779624997522
7,0,0,2,1,0,2,0,117.13898299785797,164.84858898911625,1218.7932070082752,551.8222550017526
4,0,0,1,0,0,1,130,124.14782699488569,171.41195099975448,162.0460410049418,81.72314200783148
5,0,0,1,0,0,1,55,130.4194000113057,248.72571900777984,342.5278909999179,169.89274199295323
29,0,0,1,2,0,2,39,1320.6837430043379,1389.3210450041806,589.8514290020103,421.9941990013467
16,0,0,3,2,0,2,1,129.43648699729238,179.0426890074741,2419.892546997289,1115.6789679953363
12,0,0,3,0,0,1,4,132.06392900610808,172.30311899038497,2013.2964970107423,1123.4982919995673
212,0,0,3,9,0,2,0,511.9605850049993,488.6023139988538,8810.672353996779,2277.9159219935536
96,0,0,4,15,0,2,1,130.49197400687262,165.63441600010265,9580.805828998564,2206.26687600452
10,0,0,2,2,0,2,18,408.81278399319854,274.2842459992971,905.7290960045066,610.9746159927454
4,0,0,1,1,0,2,12550,63.771062006708235,43.26483400654979,549.7825049969833,461.88197800074704
10,0,0,2,0,0,1,1,64.13029201212339,84.41773599770386,947.408683001413,564.4174990011379
13,0,0,5,0,0,1,2201,256.1092249961803,377.8034280112479,5051.706548998482,2224.512781991507
10,0,0,0,1,0,1,0,578.3555109956069,184.13152599532623,556.6794930055039,172.71728899504524
39,0,0,5,4,0,3,12550,254.47421599528752,90.8817210001871,6930.721153999912,5095.692821996636
7,0,0,2,0,0,1,1448,124.77727999794297,174.85690100875217,1220.3436249983497,584.9001080059679
2,0,0,0,0,0,0,1827,108.41248200449627,149.843917999533,286.18913900572807,149.14394599327352
18,0,0,1,2,0,2,1,623.0170850030845,588.0576820054557,1068.9403060096083,786.307004003902
6,0,0,0,1,0,1,1,369.18852900271304,180.8242029946996,555.0460630038287,172.29135299567133
8,0,0,3,0,0,1,1121,146.23888100322802,207.5384369964013,1836.8668939947383,928.8153080124175
31,0,0,4,3,0,3,0,642.8464290074771,181.954613988637,3375.71288899926,991.4522960025351
55,0,0,8,4,0,3,12550,323.6680439877091,55.538549000630155,38090.16229599365,16890.704202989582
53,0,0,6,4,0,3,39,1207.9599389981013,2439.033329996164,12630.696605003322,5786.653176997788
57,0,0,8,5,0,3,39,1245.6764240050688,2797.786821000045,20232.388033997267,11451.269477998721
10,0,0,1,0,0,1,0,64.5716419967357,170.71909400692675,656.1312489939155,307.2406840074109
53,0,0,6,4,0,3,0,1922.604200997739,1606.9654269958846,11911.024554996402,3262.0678050006973
6,0,0,0,1,0,1,21,118.91532399749849,167.85517099197023,327.9826109937858,151.01707199937664
109,0,0,4,10,0,2,1,537.4459879967617,515.3011399961542,11957.147410998004,2798.476195996045
16,0,0,1,0,0,1,0,123.96675800846424,172.0937180070905,684.4404860021314,157.52418400370516
52,0,0,3,5,0,2,0,725.5797420075396,1401.0710430011386,2752.4660140043125,1514.0741479990538
13,0,0,1,2,0,1,2,252.6688979996834,353.8427879975643,349.25262100296095,149.28910999151412
16,0,0,1,1,0,2,12550,107.10478799592238,43.25418300868478,677.409430994885,559.3578680127393
7,0,0,2,1,0,1,151,506.7264800018165,701.7432139982702,684.5617570070317,347.53736198763363
5,0,0,0,0,0,0,1,135.25994399969932,183.4448450099444,341.5285450028023,172.9654950031545
12,0,0,1,0,0,1,2,127.97289500304032,173.7305569986347,668.0603550048545,306.6729410056723
18,0,0,5,0,0,1,2,125.44132000766695,171.9965520023834,10029.214077003417,3769.357293000212
1,0,0,0,0,0,0,8533,97.29372899164446,133.6164300009841,271.87849300389644,87.24168399930932
46,0,0,1,8,0,2,1,68.66994300798979,136.13171700853854,953.4803709975677,303.4505390096456
10,0,0,3,0,0,1,2,369.1123820026405,557.5898109964328,1312.421587004792,640.6822510034544
10,0,0,2,0,0,1,7,90.17149300780147,86.33967500645667,1150.9084479912417,600.7263599894941
14,0,0,4,1,0,1,1,132.3085439944407,179.33347899816,5016.445770001155,2218.174107998493
32,0,0,2,3,0,2,6,555.3362210048363,871.9073279935401,700.7441930036293,756.8009550013812
8,0,0,2,1,0,2,224,633.5648410022259,571.858326002257,625.9276279888581,291.2997120001819
55,0,0,6,5,0,2,15,1906.8080129945884,1922.5174780003726,10254.68565900519,7362.009582997416
1,0,0,0,0,0,0,8533,98.35745900636539,134.7625659982441,274.35860299738124,155.523984998581
7,0,0,2,0,0,1,97,125.81322899495717,172.0147470041411,1202.336332993582,562.0179629913764
1,0,0,0,0,0,0,9914,80.21971400012262,56.32702600269113,123.86686399986502,82.11800298886374
213,0,0,4,9,0,2,0,527.2211709961994,496.70117399364244,16772.623497003224,5209.536524998839
14,0,0,2,0,0,1,1,64.79366098938044,86.13946101104375,677.588682010537,304.63885600329377
98,0,0,6,15,0,2,1,126.73851998988539,110.66432000370696,18372.069538003416,4452.294615999563
35,0,0,1,6,0,2,1,301.41872201056685,244.37406999641098,468.60331000061706,216.58144598768558
22,0,0,4,3,0,2,0,60.29640398628544,81.0735279956134,1985.2714789885795,541.7767129983986
41,0,0,6,4,0,3,0,116.39415699755773,164.69746100483462,11213.017631002003,4901.5050969901495
11,0,0,3,0,0,1,5,125.22538400662597,173.5071639996022,1556.3344530091854,1041.00583899708
14,0,0,3,1,0,1,1,421.39811599918175,193.1397899898002,4229.847905997303,1338.913011000841
12,0,0,6,0,0,1,12550,88.45054500852711,120.93618600920308,7545.622186007677,3747.8250060084974
12,0,0,5,0,0,1,72,240.85617599484976,348.9023330039345,5197.906913992483,2538.354101998266
28,0,0,1,2,0,2,0,1339.7277820040472,914.5575809961883,701.695417999872,191.6382369963685
32,0,0,4,1,0,2,0,127.21421600144822,174.45076900185086,5411.70596399752,2482.9387760109967
38,0,0,5,4,0,2,18,1544.3537710089004,1965.1775590027682,11439.985885008355,5176.017506004428
6,0,0,2,0,0,1,4475,213.0926110112341,307.8318720072275,321.50507799815387,155.84251600375865
57,0,0,8,5,0,3,1,998.847681999905,2226.7136849986855,22890.676654002164,12556.099802997778
11,0,0,1,0,0,1,3,126.77986499329563,177.58345999754965,653.5050569946179,266.80634799413383
9,0,0,3,1,0,2,0,238.34906199772377,348.1828929943731,1209.0312380023533,600.4525640018983
24,0,0,2,3,0,2,0,423.78355999244377,422.922354991897,1119.9753459950443,833.5396709881024
14,0,0,2,0,0,1,6,68.0978820018936,91.69790599844418,1253.5127670125803,613.2278709992534
10,0,0,0,0,0,0,0,122.05147001077421,164.48613499233034,275.4346150031779,77.85700898966752
116,0,0,1,9,0,2,1,342.3596020002151,471.89998198882677,1519.108184002107,549.7002049960429
30,0,0,3,3,0,2,0,650.5864109931281,182.90301399247255,2191.7587829957483,655.3961320023518
13,0,0,4,0,0,1,10,142.0100349932909,305.05635899316985,1300.009462996968,614.6916870056884
12,0,0,4,1,0,1,47,158.1133010040503,224.98457400070038,5157.233385005384,2148.1049040012294
109,0,0,1,7,0,2,1,243.1788629910443,429.60737900284585,1797.8616079926724,679.9006470100721
14,0,0,1,2,0,2,16,247.70448899653275,213.1654449913185,1071.0614580020774,892.1792070032097
13,0,0,2,0,0,1,1,121.96960501023568,170.41082998912316,1292.065129004186,568.6266499978956
6,0,0,3,0,0,1,12550,58.1066079903394,76.1894679890247,1190.8288470003754,599.9459960003151
16,0,0,4,2,0,3,1,596.3200940022944,487.6863149984274,1386.7711999919266,582.0791970036225
7,0,0,3,1,0,3,12550,77.81947299372405,63.19092800549697,513.415163004538,302.1556360035902
8,0,0,1,0,0,1,2,236.0065700049745,344.68527301214635,324.371816997882,153.46422301081475
9,0,0,1,0,0,1,7,125.96074999601115,176.2578600028064,662.7907319925725,309.6203409950249
108,0,0,5,4,0,3,23,1333.6120230087545,2309.745712002041,6483.437185001094,1942.2190749901347
45,0,0,4,3,0,3,12550,264.5807749941014,76.02433100691997,4356.8701059994055,2787.2297430003528
11,0,0,1,0,0,1,1,133.3426709898049,191.00976800837088,677.472740993835,304.48321599396877
12,0,0,2,1,0,1,1,128.44136598869227,177.46870599512476,1347.616539002047,596.9605460122693
26,0,0,4,3,0,2,0,1430.1096740091452,1787.9423319973284,4808.0481799988775,3302.556337992428
13,0,0,3,1,0,1,1,244.22625900479034,353.79679199832026,1184.5752850058489,311.7881850048434
9,0,0,0,1,0,1,3,121.51908100349829,170.16752800554968,342.8420099953655,157.54337400721852
5,0,0,0,1,0,1,2,61.282584007130936,81.69870199344587,162.42841399798635,75.53303599706851
167,0,0,0,30,0,1,1,725.24394300126,608.6102310073329,1322.5328590051504,220.18924399162643
13,0,0,3,2,0,2,3,503.07009198877495,378.3977120037889,699.5605859992793,306.31793999054935
9,0,0,1,1,0,1,4,141.55854500131682,191.35434000054374,698.8094779953826,333.09664399712346
6,0,0,1,1,0,1,1,140.276507998351,196.55808100651484,655.8884779951768,315.7789329998195
14,0,0,2,2,0,1,1,120.38682001002599,167.88645199267194,1367.063734011026,573.5132190020522
54,0,0,5,5,0,3,18,1703.9636010013055,3357.136349994107,6786.43920700415,4556.309683001018
9,0,0,4,1,0,3,12550,88.39100999466609,78.02687700313982,1132.7152970043244,591.7295990075218
19,0,0,4,2,0,2,1,133.4757340082433,172.50679800054058,1426.5242669935105,565.2190499968128
45,0,0,4,3,0,3,78,845.3985179949086,1869.041344994912,4061.440577992471,3033.989329007454
160,0,0,1,10,0,2,1,525.5895700101973,499.92329700035043,1821.709859999828,465.5658429983305
11,0,0,1,0,0,1,1,123.12578900309745,172.10511499433778,671.5631230035797,315.0676669902168
8,0,0,1,1,0,1,31,244.04823601071257,334.76545099983923,295.58537200500723,154.67985899886116
116,0,0,5,8,0,2,1,1377.7108290087199,1131.4001989958342,4737.2766159969615,1939.120612005354
2,0,0,0,0,0,0,2666,70.0254809926264,140.1416480075568,278.88095199887175,120.56781600404065
98,0,0,1,19,0,1,1,127.703254998778,172.21235900069587,1091.2475200020708,197.64865400793497
2,0,0,1,0,0,1,12550,36.72034101327881,44.606042007217184,169.3018590012798,75.99225100420881
3,0,0,1,0,0,1,8399,148.33321400510613,220.27072400669567,297.2846320044482,167.00853800284676
5,0,0,1,1,0,2,9914,50.29970999748912,64.74706500011962,290.34422799304593,258.22857799357735
12,0,0,2,1,0,2,1,124.6514199883677,177.06857700250112,1333.479401000659,615.87152100401
11,0,0,2,1,0,1,1,125.31344500894193,173.94451099971775,1334.2125669878442,609.3314210011158
11,0,0,1,1,0,1,4,129.36052000441123,171.83981199923437,688.3096509991447,302.96030300087295
235,0,0,4,13,0,2,0,690.0413600087631,660.3331819933373,16482.932558996254,3281.694878998678
12,0,0,3,2,0,2,31,121.36528700648341,168.11824300384615,2534.267480004928,1104.4179050077219
11,0,0,4,0,0,1,516,391.2591910047922,522.8094359918032,2393.2122889964376,1310.4892050032504
1,0,0,0,0,0,0,9230,53.44194899953436,69.70151500718202,202.60855500237085,153.5335469961865
6,0,0,2,0,0,1,2666,198.56165499368217,289.90007999527734,603.609512996627,288.8021580001805
8,0,0,2,0,0,1,13,240.8588870021049,354.1748599964194,540.8284750010353,309.3804399977671
48,0,0,4,4,0,3,0,1673.644869995769,3179.8861290008062,4186.580787005369,2200.9069149935385
8,0,0,2,0,0,1,107,122.81003600219265,169.2836809961591,1259.9599399982253,598.3523110044189
1,0,0,0,0,0,0,9230,28.562343009980395,36.698071999126114,103.28080799081363,77.89770798990503
19,0,0,4,2,0,2,1,132.5682919996325,169.87048799637705,2844.6258940093685,1190.1224379980704
6,0,0,1,1,0,2,1441,134.08899800560903,178.3969570096815,626.4340610068757,319.86456298909616
11,0,0,2,0,0,1,7,125.92622499505524,175.36934299278073,1300.9514570003375,602.7129920112202
13,0,0,3,0,0,1,8,250.72771799750626,365.8719629893312,1308.1181440065848,597.3546590103069
17,0,0,2,1,0,2,6,120.92221099010203,164.16917899914552,693.7936839967733,285.1744689978659
14,0,0,3,1,0,1,6,429.04915400140453,761.2991990026785,1375.3583239886211,611.2415319948923
13,0,0,4,0,0,1,77,66.80459999188315,91.84396199998446,4957.458114993642,2454.617216993938
12,0,0,4,1,0,2,243,250.2576380065875,358.89401999884285,1277.9125639935955,559.3429110012949
53,0,0,4,2,0,2,13,656.2297039927216,776.2894309998956,6465.794932999415,2732.9918530012947
47,0,0,6,4,0,3,122,1421.4180300041335,1235.515459004091,15120.141227991553,6993.402298001456
10,0,0,1,0,0,1,0,123.91517100331839,170.88917100045364,651.529558992479,306.94748400128447
19,0,0,6,0,0,1,1,67.69986700965092,87.86475200031418,18675.17300300824,7837.509176999447
33,0,0,3,3,0,2,5,450.36500701098703,445.78095799079165,4055.641333005042,4676.5558420011075
7,0,0,1,0,0,1,2,135.40731799730565,190.1626960025169,647.3781829990912,309.41947099927347
17,0,0,1,2,0,2,21,126.49404400144704,163.3485060010571,719.1275869990932,290.5904769868357
8,0,0,0,0,0,0,0,79.78140599152539,97.03471900138538,182.6237269997364,169.81827598647214
57,0,0,8,5,0,2,8,1737.9957090015523,2141.4397680055117,42841.70194999024,27376.7073659983
52,0,0,3,5,0,2,1,1234.3175989954034,1183.6050389974844,3098.610747998464,1830.6381330039585
11,0,0,2,1,0,1,1,130.30741398688406,185.85258899838664,1333.6972440010868,599.6412620006595
20,0,0,5,2,0,3,0,139.64475500688422,182.19978800334502,4522.526403990923,1884.6102969982894
11,0,0,3,0,0,1,2,276.9481069990434,349.76853399712127,897.5957160000689,649.4729309924878
35,0,0,1,3,0,2,1,1024.6300639992114,1019.1279080027016,747.1384789969306,490.76136099756695
12,0,0,6,0,0,1,12550,88.41212399420328,121.95125198923051,6723.801852000179,3658.4192109876312
14,0,0,4,0,0,1,6,416.2816789903445,632.4053060088772,2509.7109680064023,1181.1567080003442
11,0,0,2,0,0,1,4,121.64476700127125,170.3256920009153,1270.8379280084046,571.0769779980183
25,0,0,3,3,0,2,1,129.60708899481688,168.30362100154161,2263.7024319992634,1110.1611900085118
2,0,0,1,0,0,1,12550,36.139869000180624,44.215586996870115,283.14673800196033,149.45109700784087
35,0,0,1,1,0,1,1,125.87464600801468,176.41315099899657,825.0069110072218,312.5013460085029
23,0,0,2,1,0,1,1,136.33230299456045,186.3844909967156,1466.2607740028761,605.9216300054686
35,0,0,2,3,0,2,1,534.5262129994808,506.2802169995848,2393.9512179931626,1637.2700149950106
29,0,0,0,2,0,1,5,669.1453329985961,635.3203850012505,606.9551530090393,439.8822279908927
40,0,0,0,2,0,1,0,124.61844499921426,170.8463219983969,451.18984699365683,156.5509630017914
13,0,0,3,2,0,2,41,133.71417799498886,175.6151590088848,1379.2275489977328,638.3423480001511
4,0,0,1,1,0,2,12550,67.39675298740622,43.87856500397902,607.1102760033682,522.0978209981695
10,0,0,1,0,0,1,1,123.34125800407492,200.47760699526407,706.6769520024536,172.87758699967526
8,0,0,2,0,0,1,66,131.91312599519733,181.15919300180394,1408.3122730080504,609.8667040059809
9,0,0,1,1,0,1,1,265.681962002418,370.1420709985541,343.48561300430447,158.01388399268035
65,0,0,3,7,0,2,1,332.8129230067134,304.6151650050888,4906.03439998813,1533.3880010002758
13,0,0,1,1,0,2,12550,101.46887300652452,42.607755996868946,519.4574969937094,406.9380159926368
6,0,0,3,0,0,1,12550,32.18555200146511,39.40037000575103,1068.493872997351,596.2557650054805
14,0,0,1,1,0,2,1,73.8274530012859,92.47042599599808,664.9426069925539,256.25179799681064
186,0,0,4,14,0,2,1,426.5981770004146,428.61697101034224,4504.359932994703,3078.9528479945147
9,0,0,3,0,0,1,14,125.96777200815268,175.09660999348853,2190.275699002086,1015.6643629889004
10,0,0,1,0,0,1,1,79.82284600439016,90.39630800543819,444.418589991983,172.036179996212
19,0,0,3,1,0,1,1,65.54005500220228,85.94860200537369,2294.7975429997314,1208.0207750113914
29,0,0,2,3,0,2,0,496.18602301052306,154.11390201188624,2180.2104969974607,670.8788230025675
39,0,0,1,2,0,2,11,683.5044150066096,1049.8479249945376,702.8542740008561,497.64434999087825
108,0,0,5,4,0,3,2,1338.2222740037832,1287.3642749909777,7790.395921008894,3780.6558050069725
12,0,0,0,1,0,1,56,636.5237129939487,717.1729870024137,519.8421889945166,411.6463540121913
23,0,0,1,4,0,1,1,120.98411699116696,168.55675099941436,768.7122930074111,310.70317899866495
27,0,0,3,5,0,2,1,147.139374006656,186.60569700296037,1597.158500997466,688.9257959992392
6,0,0,0,1,0,1,3,120.10781200660858,169.167590996949,334.14149000600446,155.33531800610945
7,0,0,3,0,0,1,261,321.0556150006596,274.6911019930849,804.9515180027811,322.60658899031114
5,0,0,2,0,0,1,9230,103.71828799543437,147.19399099703878,579.4181379897054,283.84560500853695
11,0,0,3,0,0,1,0,137.26844600751065,188.6157330009155,2409.9417830002494,663.5170569934417
111,0,0,8,4,0,3,36,638.6756179999793,2144.5665809878847,57960.72068900685,26766.971395991277
11,0,0,2,1,0,1,0,134.87118599005044,179.74292900180444,1353.5982370085549,631.591886995011
14,0,0,1,2,0,2,3,479.45737100963015,468.27204200963024,1168.3613089990104,891.0559110081522
108,0,0,5,4,0,3,138,1825.546612002654,2805.254820996197,7727.59447399585,3085.6559240055503
23,0,0,4,2,0,2,1,141.6737510007806,184.79389398999047,4317.327054988709,2113.2776899903547
13,0,0,3,1,0,1,1,256.54243599274196,371.7741790023865,1326.5552240045508,582.1551499975612
12,0,0,1,1,0,1,1,122.43112399301026,169.72936800448224,681.252102003782,299.4329210050637
18,0,0,6,1,0,3,0,510.28744800714776,390.63204400008544,8663.878628998646,2671.1657590058167
16,0,0,6,2,0,3,8399,579.8446989938384,535.6523710070178,3594.6942500013392,2173.090162992594
10,0,0,3,0,0,1,6,141.4319540053839,201.73776600859128,2297.8372360084904,820.8192259917269
39,0,0,6,4,0,3,122,1446.2724839977454,2070.5421110033058,15955.128741989029,6655.257303005783
11,0,0,1,0,0,1,1,69.99672600068152,169.67131599085405,661.446441008593,303.24994699913077
39,0,0,5,4,0,3,12550,220.21054099604953,90.6912310019834,7619.6171149931615,5720.851270001731
15,0,0,2,0,0,1,1,65.53507599164732,115.6360559980385,1303.5772889998043,567.6296550082043
16,0,0,4,2,0,3,0,554.8258820053888,364.61221500940155,1724.0065899968613,498.6607580067357
8,0,0,1,0,0,1,0,121.67008299729787,164.800667000236,628.2994080102071,220.7884419913171
400,0,0,4,17,0,2,1,703.6060910031665,666.906600992661,23640.60214300116,3283.543155004736
24,0,0,5,4,0,2,4,454.19750099244993,503.08210600633174,15531.749511996168,4736.271678993944
57,0,0,8,5,0,3,490,2541.8347750091925,4397.218598009204,36294.65858000913,22973.181358000147
167,0,0,2,34,0,1,1,131.9138070102781,163.0778319959063,3568.882751991623,554.6261419949587
13,0,0,3,0,0,1,15,73.10994400177151,89.78382300119847,1672.5420410075458,1224.150666006608
7,0,0,2,0,0,1,1549,265.6899059948046,396.1024119926151,600.2388920023805,281.19827499904204
10,0,0,0,0,0,0,0,127.21786899783183,173.96774201188236,316.91145699005574,160.58461400098167
11,0,0,1,1,0,1,1,121.53509999916423,167.83525700157043,658.0872449994786,289.49969899258576
7,0,0,3,0,0,1,1190,451.2524869933259,683.1012899929192,1193.3796259982046,565.8291010040557
50,0,0,6,4,0,3,124,1128.5605220036814,2419.181509001646,16372.303843003465,11657.818927007611
29,0,0,4,5,0,2,1,410.6655969953863,188.55831699329428,4414.745809001033,1355.0465500011342
44,0,0,3,6,0,1,1,127.34558299416676,174.29932400409598,3682.874428006471,1208.2925089925993
56,0,0,7,5,0,3,12550,338.93078300752677,94.02056600083597,23582.931845012354,16390.714809997007
6,0,0,2,0,0,1,536,127.27235299826134,179.6895439911168,650.1539740129374,597.2083810047479
19,0,0,2,3,0,2,35,779.5187960000476,894.1143230040325,1313.993046991527,919.017148000421
10,0,0,3,0,0,1,129,393.1394579994958,401.23553699231707,942.4155389860971,598.7122200021986
11,0,0,1,1,0,1,3,119.64988500403706,167.8111369983526,666.4940790069522,153.88743400399107
13,0,0,3,2,0,3,25,151.5178690024186,199.71724299830385,1137.1668689971557,302.08719000802375
10,0,0,5,0,0,1,12550,77.60765000421088,107.63402700831648,3846.3523740065284,2176.947237996501
13,0,0,3,1,0,1,1,126.35170700377785,173.06348599959165,2661.411479988601,873.1831400073133
11,0,0,2,0,0,1,1,67.49477499397472,91.0230190056609,1128.850085005979,620.6606199993985
29,0,0,7,3,0,3,12550,206.96646098804194,75.92940299946349,7267.94175899704,6027.3143380036345
310,0,0,1,59,0,1,1,139.23246799095068,178.81703900638968,3164.1096840030514,323.6084140080493
9,0,0,2,0,0,1,24,124.49233200459275,169.09771200153045,1266.3863869966008,591.322856998886
52,0,0,5,4,0,2,0,1125.9166000090772,1211.1236229975475,11606.110456996248,3069.7260790038854
43,0,0,2,3,0,2,5,1230.9150669898372,1234.969302007812,1393.0898230028106,1001.8782410043059
11,0,0,2,1,0,1,0,134.15555100073107,188.04177400306799,1349.0615610062378,608.5202800022671
6,0,0,1,0,0,1,67,127.49346700729802,177.27594000461977,625.1002240023809,296.3481810002122
14,0,0,6,0,0,1,104,716.4393900020514,1109.4257919903612,8463.319859991316,4771.936575998552
6,0,0,1,1,0,1,9,386.3216559984721,197.16071100265253,1102.885519998381,349.3410439987201
184,0,0,2,14,0,2,1,409.05188900069334,408.20207000069786,2447.529412995209,560.7993970043026
15,0,0,4,1,0,2,51,690.6672280019848,662.3236360028386,4512.600621004822,1350.2781830029562
1,0,0,0,0,0,0,9914,79.66371098882519,108.50781500630546,244.22014399897307,159.15366700210143
5,0,0,2,0,0,1,8399,214.31837399723008,321.2890819995664,595.8766160038067,288.3512339903973
33,0,0,4,3,0,3,233,810.9506440086989,1095.235764994868,1276.861006001127,925.3602359967772
9,0,0,4,1,0,3,12550,87.10565199726261,76.28317599301226,1119.7649609966902,597.9764780058758
16,0,0,1,1,0,2,12550,91.62946400465444,23.769513994921,348.48038099880796,454.64831400022376
10,0,0,2,0,0,1,0,248.19112299883272,363.79090099944733,652.7686390036251,308.34359300206415
17,0,0,1,1,0,1,1,126.39890400168952,175.8943609893322,694.1734319989337,309.8924290097784
17,0,0,4,2,0,2,122,1243.3623270044336,1224.413148011081,1292.1420609927736,550.1297329901718
26,0,0,4,3,0,3,12550,197.39095200202428,76.44031399104279,3444.9619539955165,2585.0456049956847
14,0,0,6,0,0,1,2327,489.64385100407526,753.6605349887395,7785.644759002025,4721.7249639943475
25,0,0,1,2,0,2,160,850.983319003717,700.4872240067925,703.9605220052181,389.8255599924596
11,0,0,2,1,0,1,0,119.73778500396293,167.4908730055904,1300.4487730067922,575.2379439945798
35,0,0,6,3,0,3,12550,231.88503400888294,75.70109899097588,6058.375474007335,4150.777324000956
14,0,0,4,2,0,3,57,665.4540599993197,629.6245080011431,1138.1476459937403,386.6573069972219
108,0,0,5,4,0,3,1,687.7880489919335,645.54379900801,10689.218058992992,4624.618012996507
175,0,0,3,12,0,2,0,785.0061299977824,742.719076006324,7134.140700989519,1986.571665998781
2,0,0,1,0,0,1,12550,35.396249004406855,42.44340700097382,241.83116700442042,157.86607799236663
15,0,0,4,0,0,1,2,74.92127799196169,172.19404599745758,3925.7053320034174,2358.9079530065646
7,0,0,3,0,0,1,8399,171.546269004466,250.7821619947208,1196.4808019984048,321.8855680024717
63,0,0,5,4,0,2,2,1533.7797429965576,2054.3445789953694,7686.335678998148,3653.819518003729
1,0,0,0,0,0,0,8533,61.68348099163268,133.188217994757,270.90475099976175,153.72146999288816
94,0,0,2,15,0,2,0,128.16002999898046,166.8048380088294,2458.5055579955224,443.7768140051048
5,0,0,1,0,0,1,473,117.73897599778138,166.3668319961289,615.111542007071,305.65043399110436
12,0,0,1,1,0,2,1,139.28353700612206,181.24707000970375,568.95701099711,154.96331399481278
46,0,0,1,3,0,2,1,347.5396669964539,325.9261869970942,1180.70905499917,560.8014239987824
10,0,0,1,0,0,1,1,64.78506998973899,85.51754700602032,462.8427629941143,296.1240199947497
305,0,0,3,11,0,2,1,540.948253008537,305.61026799841784,9972.168883992708,1747.1385239914525
399,0,0,1,20,0,2,1,613.1167129933601,585.1943180023227,3457.364182002493,439.3052870000247
16,0,0,2,0,0,1,2,123.38838400319219,176.5366719919257,1366.34602000413,616.4390650083078
13,0,0,2,0,0,1,3,66.74395799927879,87.58903200214263,948.2121129985899,601.3940169941634
216,0,0,4,20,0,2,1,414.6868700045161,213.92080700024962,17420.2862969978,3542.285609000828
7,0,0,1,0,0,1,32,124.38682100037113,175.46128199319355,467.2516580030788,309.1737079957966
18,0,0,5,2,0,3,1,656.3252939959057,589.7071750077885,2012.9069039976457,1138.5724589927122
12,0,0,2,1,0,1,9,124.54666499979794,174.45817499537952,1350.4797039931873,605.174762007664
11,0,0,2,0,0,1,0,121.78333899646532,171.99999999138527,1293.6954110045917,600.6771739921533
48,0,0,3,4,0,2,1,596.8446330080042,564.114711000002,5632.546284003183,3226.732979994267
23,0,0,8,2,0,2,53,512.4389980046544,409.73765798844397,19425.75695400592,8080.3534320002655
3,0,0,0,0,0,0,521,115.8885740005644,159.75357199204154,299.92547299480066,148.4634110092884
5,0,0,2,0,0,1,9914,101.97370400419459,141.70303101127502,908.4972870041383,459.7446050029248
11,0,0,4,0,0,1,83,137.308548000874,191.60678000480402,4582.213579007657,1906.287028992665
213,0,0,4,9,0,2,0,473.07705201092176,507.270938003785,17215.77535700635,4375.685572988004
8,0,0,3,0,0,1,371,129.04453701048624,180.38819899084046,2529.9652940011583,1233.1640819902532
23,0,0,6,3,0,3,688,614.8989530047402,1495.4268840083387,20511.06950499525,13688.107513997238
8,0,0,0,0,0,0,1,119.83494900050573,176.94364199996926,331.71992599091027,152.75504099554382
13,0,0,3,1,0,3,6,79.68754900502972,169.55711899208836,1768.7297219963511,801.4399920066353
12,0,0,2,0,0,1,6,121.15331999666523,169.4830880005611,1297.6541139942128,569.7020840016194
15,0,0,5,2,0,3,124,770.3125240077497,825.7381829898804,1081.9485300016822,557.3161319916835
48,0,0,2,3,0,2,1,242.64802101242822,335.68868901056703,2396.0639819997596,1831.993711006362
10,0,0,4,0,0,1,4804,429.978668995318,791.377713001566,2536.6028900025412,1100.6910430005519
42,0,0,5,6,0,2,1,423.21243400510866,937.0974240009673,19598.440259011113,6453.811168990796
11,0,0,2,1,0,1,1,139.34453600086272,189.03392599895597,1335.4030350019457,608.4379719977733
15,0,0,5,2,0,3,1441,732.9582420061342,759.9684840097325,2458.2317049935227,772.859899996547
13,0,0,2,1,0,2,4,644.6322660049191,581.7981220025104,674.7323899908224,303.01635900104884
10,0,0,2,0,0,1,0,238.7556739995489,349.9831270019058,646.1560320021817,259.28187600220554
54,0,0,5,5,0,2,7,1266.937295004027,1080.3860229934799,5183.518727993942,3365.8791829948314
97,0,0,5,15,0,2,0,130.60680199123453,166.0339509980986,19890.334216994233,4404.379649000475
17,0,0,2,2,0,2,1,67.43792899942491,83.6885680037085,1231.8220529996324,559.0642509923782
26,0,0,4,4,0,1,0,137.18691300891805,191.25308100774419,5116.951709991554,2560.9050830098568
13,0,0,5,0,0,1,264,284.3944539927179,423.2756209967192,4900.555283995345,2184.197695009061
5,0,0,0,1,0,1,490,211.63875500496943,250.11283499770798,365.26897401199676,400.506805992336
16,0,0,5,1,0,2,141,648.695914002019,592.7894299966283,4912.368431003415,2359.9468609900214
12,0,0,1,1,0,1,1,131.20011799037457,179.86020199896302,179.59080100990832,151.17964299861342
2,0,0,0,0,0,0,4,120.15059300756548,164.12217500328552,302.8885520034237,146.6786360106198
9,0,0,1,0,0,1,1,250.79271399590652,369.2156550096115,333.0488270003116,158.655056002317
12,0,0,2,0,0,1,0,127.02558599994518,177.18601900560316,1210.1772280002479,305.91842300782446
40,0,0,1,3,0,2,1,125.1511010050308,146.6767320089275,428.65398499998264,301.00985198805574
11,0,0,3,0,0,1,24,253.78145500144456,334.5653269934701,1116.3844980037538,316.6185379959643
11,0,0,1,1,0,1,0,505.27140899794176,375.8065309957601,347.7617610042216,158.61748799216002
8,0,0,4,0,0,1,12550,67.46290100272745,90.13037399563473,2064.6858209947823,1028.6793510022108
9,0,0,1,2,0,2,490,612.7114760020049,833.1985129916575,498.91888700949494,342.4447799916379
8,0,0,3,1,0,2,12550,83.34055999876,75.59174500056542,1749.25891100429,778.858779987786
22,0,0,1,1,0,2,12550,97.05652701086365,43.213465993176214,478.966833994491,339.4914259988582
7,0,0,2,1,0,2,0,644.2281000054209,591.0657439962961,1093.4513529937249,330.5261000059545
369,0,0,5,71,0,2,1,136.76027600013185,173.13554001157172,52762.92618601292,4895.059004993527
11,0,0,1,1,0,1,0,120.46646799717564,159.36786000384018,668.8753140042536,308.98817599518225
44,0,0,1,3,0,2,1,508.64201500371564,475.3170059993863,1090.171124000335,796.8105600011768
9,0,0,3,0,0,1,489,312.9608570015989,367.1488019899698,730.7704539998667,520.6756940024206
11,0,0,3,2,0,3,12550,106.67654300050344,60.43654699169565,1302.8712980012642,1045.119735004846
9,0,0,3,0,0,1,12,125.57874599588104,175.4923529952066,2434.0706460061483,1126.4460569946095
43,0,0,9,4,0,3,12550,208.70824200392235,90.88078100467101,31308.45795699861,23255.022616998758
17,0,0,7,2,0,3,116,698.4183169988682,652.2269990091445,4693.380412994884,2387.1657669951674
16,0,0,3,2,0,1,1,124.89198699768167,175.0340220023645,2211.5537019999465,1115.0290130026406
2,0,0,0,0,0,0,4804,113.74223799793981,156.55485200113617,298.4245999978157,171.8807930010371
4,0,0,0,0,0,0,77,124.75188598909881,175.20082800183445,324.16985000600107,160.45633899921086
21,0,0,6,2,0,3,5,680.0117259990657,655.0242230005097,4229.893691997859,2368.709949994809
2,0,0,0,0,0,0,2666,100.89008400973398,138.60493300308008,278.21603800111916,157.38541599421296
17,0,0,3,2,0,1,2,153.2089719985379,211.7608830012614,2812.3299779981608,1206.3098379876465
15,0,0,3,2,0,1,2,124.0209809911903,171.35131999384612,2620.2908940031193,1203.7666700052796
11,0,0,2,1,0,3,12550,96.83604500605725,44.04297799919732,1145.3947089903522,942.4083379999502
49,0,0,4,4,0,3,1,454.0338719962165,446.02900100289844,8327.570070003276,1539.6061549981823
9,0,0,0,0,0,0,1,63.83755699789617,82.71373200113885,167.8446809964953,77.77670300856698
7,0,0,1,0,0,1,83,63.59926699951757,145.02065599663183,623.5846310009947,291.14055799436755
53,0,0,4,5,0,2,33,1842.3532949964283,2150.4357579979114,6022.94957099366,3574.1989880043548
14,0,0,1,1,0,1,1,378.1548529950669,185.8387690008385,1145.8179830078734,341.85733400227036
175,0,0,3,12,0,2,0,790.8093189907959,718.6235530098202,6617.360233998625,2099.170489993412
7,0,0,1,0,0,1,1,129.83066999004222,124.50381800590549,335.34690500528086,165.5821489985101
141,0,0,7,5,0,2,2,1293.4698690078221,1743.3368080091896,37289.85651899711,11675.31483300263
13,0,0,2,2,0,2,4475,796.5459150000243,767.9531430039788,1191.0714160039788,385.0313150032889
134,0,0,1,29,0,2,1,434.3643429892836,422.40106099052355,2010.4863659944385,429.92104901350103
27,0,0,5,3,0,3,295,217.17761299805716,812.9976780037396,7473.9394770003855,4890.151062005316
1,0,0,0,0,0,0,9914,81.12704499217216,107.99021999991965,244.63011398620438,133.5691720014438
25,0,0,3,3,0,3,2,443.77105799503624,478.1385239912197,3291.9542109884787,880.6974339968292
19,0,0,1,2,0,2,4,559.3546250020154,493.35266900015995,1184.6610170032363,392.786745011108
13,0,0,4,2,0,2,4,789.5388329925481,378.62007301009726,1191.548168004374,595.8492659992771
7,0,0,3,0,0,1,9230,81.85702499758918,112.7966460044263,2077.154814003734,1177.4867530039046
11,0,0,5,0,0,1,4295,656.7715809942456,988.3142909966409,4291.133467995678,2471.5117599989753
56,0,0,7,5,0,3,12550,313.7370809999993,105.8071939914953,24972.496938004042,16701.17155899061
46,0,0,0,7,0,1,1,552.3763649980538,529.8900380003033,749.0822289983043,228.19574999448378
7,0,0,2,1,0,3,12550,77.2518570011016,43.68001098919194,869.7660619945964,692.5692049990175
11,0,0,0,1,0,1,0,129.40126498870086,170.6523340108106,350.38108700246084,155.1270670024678
10,0,0,2,0,0,1,5,372.5430710037472,521.9637749978574,594.1763110022293,256.5332340018358
14,0,0,1,0,0,1,1,122.58674600161612,123.79394000163302,342.64826399157755,296.5202999912435
52,0,0,3,5,0,2,1,1083.039955003187,1195.9556080109905,1584.3415690032998,902.0899460010696
8,0,0,2,1,0,2,40,507.21151499601547,381.1878820124548,275.2745439938735,171.19113699300215
10,0,0,3,0,0,1,27,147.32596000249032,207.74052999331616,2537.5571490003495,1195.088267995743
12,0,0,3,0,0,1,3,120.62117199820932,103.35526699782349,2464.3406010000035,1107.841000004555
14,0,0,1,1,0,1,1,124.94475000130478,171.32865299936384,702.7022929978557,305.7743789977394
40,0,0,3,3,0,2,12550,244.22448400582653,75.82097599515691,2283.7031520029996,1714.318185011507
8,0,0,3,1,0,2,12550,87.62582299823407,77.36841699806973,1103.423403998022,577.3817729932489
52,0,0,7,4,0,3,12550,305.1958729920443,105.37794299307279,24597.838367000804,12193.937614996685
95,0,0,3,15,0,2,1,66.5562000067439,83.43324100133032,4085.065121005755,1115.305133003858
55,0,0,4,7,0,2,1,133.03522400383372,180.83301901060622,7724.791754008038,1883.849944002577
11,0,0,1,1,0,1,3,124.07406901184004,175.41564400016796,681.693140999414,307.7512580057373
55,0,0,6,5,0,3,1,1168.0085490079364,1206.7405260022497,18080.922073000693,10202.919356001075
10,0,0,2,0,0,1,51,127.94127699453384,175.73913899832405,1309.2833909904584,612.3304810025729
40,0,0,5,4,0,3,0,120.51175200031139,167.4320570018608,4471.487467002589,1409.1806090000318
18,0,0,2,1,0,2,1,125.04460899799597,290.3053229965735,570.0963200069964,284.7935640020296
47,0,0,3,4,0,2,0,1242.710356003954,1500.8942060085246,2798.9712029957445,1925.3198869992048
47,0,0,2,4,0,2,1,236.0615340003278,294.66761300864164,2825.8405219967244,778.5628319979878
37,0,0,5,2,0,3,12550,154.0733680012636,30.806404989561997,6240.099157992518,4630.992349993903
212,0,0,3,9,0,2,1,274.27613199688494,254.18521100073121,3179.321928997524,1219.5562750130193
48,0,0,4,4,0,3,233,1753.11019300716,2445.2243379928404,4361.2383250001585,2853.2134169945493
54,0,0,5,5,0,3,5,1069.9131509900326,1215.062871997361,8836.633733997587,4738.436924002599
10,0,0,3,0,0,1,0,118.465499006561,159.60299999278504,2432.8391650051344,1104.766197007848
174,0,0,1,7,0,1,1,346.2624099920504,520.3732009977102,1519.6730489988113,461.8149930029176
56,0,0,7,5,0,2,1,1331.0947830032092,1269.7560419910587,46289.83242400864,23727.310848000343
39,0,0,4,6,0,2,1,127.2585110127693,167.0634509937372,5830.017760003102,2203.493417997379
9,0,0,4,1,0,3,12550,88.91399600543082,79.7823480097577,1149.4833899923833,605.7544089999283
8,0,0,2,0,0,1,76,255.9766160120489,377.48719900264405,639.6846479910892,307.9728220036486
34,0,0,2,2,0,2,78,1223.691738996422,1272.2212419903371,732.9898430034518,539.5933520048857
142,0,0,1,11,0,2,1,624.2848289984977,592.4685920035699,1711.5318290016148,536.1223879881436
13,0,0,1,2,0,1,2,247.7409660059493,361.7012979957508,356.68669499864336,153.2894789997954
57,0,0,0,10,0,1,1,365.23578299966175,184.15578499843832,740.5128960090224,179.42144199332688
23,0,0,1,2,0,1,1,141.44445600686595,199.67574899783358,827.0068200072274,359.55965500033926
9,0,0,3,0,0,1,0,240.86047000309918,347.31622799881734,1106.6300959937507,369.62538500665687
12,0,0,2,1,0,1,1,144.40437199664302,205.2152840042254,1365.0479750067461,615.6550260056974
8,0,0,3,0,0,1,230,387.7825610106811,592.9064450028818,1325.7151869911468,659.4179829990026
7,0,0,0,0,0,0,7,126.07451299845707,172.85162399639376,331.3753469992662,161.99823800707236
4,0,0,2,0,0,1,12550,25.09967700461857,34.26058300829027,320.7354670012137,277.539639006136
9,0,0,1,2,0,2,66,602.67884300265,203.24897099635564,445.6132909981534,173.36764800711535
9,0,0,2,0,0,1,2,257.22478500392754,371.82491199928336,632.6093399984529,296.00175899395254
21,0,0,8,1,0,3,0,735.6353099894477,808.6830459942576,20441.204603994265,9355.670552991796
13,0,0,1,1,0,1,1,128.63898299110588,173.59701299574226,691.3783509953646,305.50761600898113
266,0,0,2,15,0,2,1,785.1175449904986,1332.504218997201,3613.1391279923264,782.425722994958
8,0,0,3,0,0,1,1149,153.2077479932923,218.67417299654335,2437.0203830039827,1178.9704589900794
67,0,0,2,4,0,2,1,410.50941600406077,212.60532099404372,2729.1125350020593,1408.81911800534
3,0,0,0,0,0,0,1626,128.8902039959794,178.0074630078161,325.9969789942261,173.46361601084936
38,0,0,4,4,0,3,233,1038.7446930108126,1895.2434259990696,4192.274650995387,2652.488835999975
11,0,0,2,0,0,1,1,136.7480670014629,192.62659699597862,1315.073541001766,613.4257579979021
56,0,0,7,5,0,3,122,2035.3725780005334,2932.5634370034095,27258.54656100273,16022.24561299954
53,0,0,4,5,0,2,1,1281.951487006154,1060.2198869892163,5473.446282994701,3625.4835900035687
9,0,0,4,1,0,3,12550,88.89175999502186,76.9206520053558,1139.074596008868,598.9818719972391
20,0,0,3,2,0,2,2,444.76926799688954,426.5805460017873,4567.647324001882,1505.2326459990581
12,0,0,5,0,0,1,505,490.90119200991467,750.996713002678,4836.73234199523,2135.8704650047002
8,0,0,1,0,0,1,1,119.98890800168738,164.57732098933775,631.84141999227,296.11603599914815
19,0,0,1,3,0,1,1,121.22093899233732,164.30004499852657,613.3128850051435,146.01582699106075
7,0,0,2,1,0,2,1511,223.47670599992853,332.0387319981819,627.7982710016659,302.6970100036124
25,0,0,1,2,0,1,1,128.53510500281118,173.56160101189744,789.5128419913817,310.41765499685425
11,0,0,5,0,0,1,8399,315.79766600043513,471.0041869984707,4765.453946005437,2211.786257001222
41,0,0,2,4,0,2,1,491.6757000028156,477.76421200251207,2625.5482220003614,1528.7043029966298
1,0,0,0,0,0,0,9230,53.331424001953565,69.2196259915363,201.62559898744803,151.41086399671622
15,0,0,6,2,0,3,12550,82.78258399514016,55.61545000819024,3421.631065008114,2166.087556994171
13,0,0,2,0,0,1,1,248.0712549877353,362.02623799908906,651.3129509985447,290.27342300105374
55,0,0,6,5,0,2,47,1093.248457997106,2363.887405997957,19408.18810899509,12539.004518999718
16,0,0,2,0,0,1,1,81.79117301187944,88.58242900168989,1147.7930560067762,602.1740510041127
13,0,0,1,0,0,1,1,121.56707800750155,173.41680100071244,509.86073599779047,299.57216999900993
37,0,0,1,5,0,2,1,519.6135580044938,501.9181030074833,1233.9619970007334,436.82278800406493
92,0,0,3,6,0,2,0,326.1867230030475,522.3751949961297,5372.431462004897,791.392786995857
10,0,0,4,0,0,1,0,408.3265380031662,593.003755013342,2180.2355499967234,1106.2983410083689
6,0,0,2,0,0,1,96,240.8749570022337,358.66678100137506,636.9208459946094,305.03531800059136
13,0,0,1,1,0,1,1,129.31232199480291,175.97901400586125,689.9415959924227,304.44027499470394
10,0,0,5,0,0,1,12550,78.65353400120512,107.20857400156092,4391.817857991555,1971.8301809916738
48,0,0,0,2,0,1,0,661.706660001073,623.1346760032466,421.87414299405646,189.46170700655784
8,0,0,1,0,0,1,8,121.85668299207464,163.59015699708834,624.4223369867541,288.89174399955664
11,0,0,2,0,0,1,3,123.59711999306455,171.88891500700265,1092.2472090023803,310.5344210052863
13,0,0,3,1,0,1,20,134.4862429978093,179.50379800458904,953.4921180020319,606.4094530011062
177,0,0,5,12,0,2,0,754.5423289993778,788.7602470000274,27645.006953011034,6941.890436995891
8,0,0,3,0,0,1,60,123.22208999830764,164.55138400488067,1866.9771599961678,1118.6725010047667
127,0,0,1,7,0,2,1,400.5182730033994,650.288962002378,1879.5251660048962,742.8352479910245
13,0,0,2,1,0,1,4,507.81729399750475,368.07208000391256,690.7206760079134,306.0753140016459
13,0,0,2,0,0,1,1,128.12897900585085,107.76916399481706,1301.5468290104764,626.8113350088242
5,0,0,1,0,0,1,230,248.0465349945007,337.5626040069619,176.46292100835126,91.06312500080094
6,0,0,2,0,0,1,988,229.64058500656392,334.7153659997275,626.1182610032847,310.97029699594714
9,0,0,1,0,0,1,3,117.84279700077605,164.5789030008018,635.3489860048285,289.52592800487764
9,0,0,2,0,0,1,37,123.76041799143422,98.31434000807349,1024.5043960021576,602.5351480056997
6,0,0,1,0,0,1,0,138.14410399936605,196.11492799594998,639.880123999319,304.30134099151473
11,0,0,5,0,0,1,9122,85.61038100742735,116.05873300868552,4717.252515998553,2115.99964099878
27,0,0,1,5,0,2,1,122.41545700817369,103.63773100834806,413.5723679937655,145.83194498845842
50,0,0,1,5,0,2,1,686.5373949985951,648.2149229996139,1344.6637119923253,773.3163939992664
5,0,0,1,0,0,1,3,64.37942499178462,110.8935349911917,626.2979309976799,300.4429240099853
9,0,0,2,0,0,1,2,121.8638260033913,169.16409900295548,1272.2169350017793,599.9610030121403
37,0,0,1,3,0,2,1,1057.2729770065052,1034.5901819964638,741.2927499972284,487.9124010039959
133,0,0,2,5,0,3,1,375.28425799973775,614.1870949941222,2030.9331669996027,785.4946529987501
24,0,0,4,4,0,2,2,155.449835001491,188.8635760114994,6323.603531011031,2547.7995700057363
9,0,0,1,0,0,1,1,124.5934379985556,171.6450160020031,658.4624590032035,303.0635400064057
13,0,0,5,0,0,1,764,220.80441599246114,410.3253029898042,4848.307791005936,2389.5097829954466
12,0,0,2,1,0,2,5,129.54575799813028,175.5704249953851,1284.5446239953162,571.5670530044008
4,0,0,1,0,0,1,4804,129.44835900270846,181.80263899557758,558.4117460093694,306.6653639980359
6,0,0,2,0,0,1,0,360.05647099227645,564.1618049994577,659.2489720060257,331.74624599632807
56,0,0,7,5,0,2,1,1316.9655739911832,1876.4805270038778,23074.58965200931,14467.780948994914
5,0,0,0,0,0,0,7,118.31229299423285,165.29893400729634,315.1148809993174,149.7618660068838
54,0,0,1,4,0,2,1,422.27351100882515,540.6976610101992,1377.3347550013568,770.167302005575
13,0,0,3,1,0,1,1,125.27888399199583,173.5847520030802,1954.838181991363,859.3257059983443
19,0,0,2,3,0,2,233,552.3222190095112,1364.0536949969828,1821.7562310019275,1908.787961001508
9,0,0,2,0,0,1,9,241.51829800393898,349.323414004175,629.721948003862,294.8009700048715
8,0,0,1,0,0,1,11,135.98399200418498,188.0616470007226,645.8889170025941,315.3788990020985
3,0,0,0,0,0,0,34,124.49141799879726,173.48113699699752,291.3745660043787,112.16073099058121
14,0,0,0,1,0,1,0,130.85242499073502,172.86698300449643,278.95070299564395,149.5565889927093
37,0,0,3,4,0,2,1,760.9538660035469,493.27899600029923,5152.116693992866,3597.6736070006154
2,0,0,1,0,0,1,12550,35.66146199591458,43.8267160061514,242.14624999149237,156.39830500003882
19,0,0,6,1,0,2,6,261.70954799454194,537.5767969962908,9082.447360997321,4126.017611997668
9,0,0,2,0,0,1,24,247.36312600725796,365.4375270125456,635.7925789925503,143.30833200074267
11,0,0,2,0,0,1,1,122.74876800074708,174.21165900304914,1290.741735996562,597.3442880058428
11,0,0,0,1,0,1,1,123.76474199118093,171.17856499680784,353.0046459927689,180.8179840008961
19,0,0,3,1,0,1,1,126.58063101116568,171.75393299839925,2780.240201987908,1190.3031499969075
8,0,0,1,0,0,1,3,69.89291700301692,96.02626800187863,582.8085170069244,270.7145919994218
13,0,0,1,1,0,1,2,130.4567560000578,170.12592799437698,590.7773469953099,154.97441499610431
11,0,0,2,0,0,1,2,65.06062699190807,173.6287849926157,1308.740869993926,566.4731249999022
4,0,0,0,0,0,0,15,116.78650499379728,162.61745599331334,306.3782679964788,144.23695199366193
23,0,0,1,2,0,2,8,147.4437580036465,197.88881299609784,697.3428700002842,306.80537900479976
16,0,0,2,0,0,1,3,124.34059999941383,174.27405300259124,1215.7833420060342,441.85899099102244
14,0,0,4,2,0,2,291,95.89824100839905,175.3646549914265,2494.020491008996,1057.1581029944355
9,0,0,2,0,0,1,8,121.83613999513909,171.44222899514716,1285.3750520007452,605.9942520078039
25,0,0,3,3,0,2,0,218.7811620096909,209.95562100142706,1003.4458839945728,794.9435579939745
18,0,0,7,1,0,2,3095,337.00427701114677,509.34121999307536,17428.041017003125,8787.905424993369
14,0,0,5,0,0,1,52,122.03510399558581,168.75596399768256,7926.337790006073,4050.5007530009607
16,0,0,3,1,0,2,1,257.695173000684,192.2819010069361,1294.9768910038983,621.2994119996438
2,0,0,0,0,0,0,2326,121.7025969963288,171.5437000093516,178.90086201077793,87.56346299196593
12,0,0,2,0,0,1,1,144.95967399852816,110.34256700077094,979.2330420023063,600.7693760038819
11,0,0,1,1,0,1,2,372.3855940042995,183.1276189914206,1131.6098749957746,346.3884630036773
7,0,0,1,0,0,1,3,250.13077800394967,373.079583994695,324.5473870047135,157.66136300226208
116,0,0,1,9,0,2,1,619.5484589989064,622.8257059992757,1473.3404479920864,542.2095710091526
12,0,0,4,0,0,1,5,313.40849099797197,551.0890909936279,2261.56997900398,593.4365479915868
12,0,0,2,1,0,1,0,502.6861489895964,378.7828990025446,675.0884799985215,304.7393610031577
5,0,0,0,0,0,0,195,70.04677499935497,93.56761000526603,172.0535420026863,151.24652200029232
49,0,0,5,4,0,3,12550,293.1893260101788,91.97161899646744,8188.693710006191,6052.343987001223
6,0,0,0,1,0,1,15,387.07782499841414,193.8138679979602,491.30582899670117,180.07826700340956
88,0,0,6,3,0,3,12550,240.51344700274058,75.50197500677314,8196.351434002281,4019.8511089984095
19,0,0,2,1,0,1,1,128.68086399976164,178.36081801215187,1313.3349400013685,611.8240049981978
19,0,0,3,0,0,1,1,122.69155500689521,172.27345499850344,2707.925544003956,1201.5231599943945
4,0,0,1,1,0,2,12550,64.16005099890754,43.554620002396405,529.0776579931844,447.54910201299936
12,0,0,2,0,0,1,1,136.51898301031906,188.26353199256118,1313.031060009962,619.2348470067373
61,0,0,2,4,0,2,1,1087.7551789890276,1258.1249340000795,650.0556000100914,357.3068130062893
11,0,0,4,0,0,1,4,280.74701500008814,340.29710399045143,1845.376604993362,1142.165985002066
55,0,0,6,5,0,3,6,1250.134877001983,1204.1420050081797,17204.98313299322,9550.837806003983
9,0,0,0,0,0,0,0,121.86126899905503,174.1749479988357,339.67414300423115,163.2825389970094
9,0,0,1,0,0,1,0,124.80746100482065,172.54534500534646,647.460806008894,310.5240399891045
6,0,0,3,0,0,1,12550,29.675931989913806,39.424764006980695,581.0018179909093,304.86401700181887
2,0,0,0,0,0,0,155,68.53329800651409,92.1753400034504,169.11301801155787,89.00925199850462
4,0,0,1,0,0,1,0,131.89524298650213,186.4090250019217,650.8389109949348,325.5587970052147
21,0,0,6,2,0,3,1,647.6243039942347,592.3818600131199,5579.982829003711,2359.917256006156
137,0,0,1,11,0,2,1,1305.740298004821,1234.157030005008,546.6430480009876,223.0955770064611
9,0,0,2,1,0,2,6,404.68494599917904,181.8986630096333,951.2476039963076,338.45373599615414
6,0,0,2,0,0,1,14,74.52964800177142,146.61264499591198,1287.4989629926858,633.2140629965579
207,0,0,0,12,0,1,1,668.3492000011029,628.2521029934287,969.1808380011935,169.40241800330114
7,0,0,2,0,0,1,230,364.430589004769,564.1103609959828,663.2355049951002,327.3449620028259
1,0,0,0,0,0,0,9230,28.620933007914573,35.91311200580094,102.73988799599465,78.67344999976922
267,0,0,3,15,0,2,1,795.1329790084856,1118.9845870103454,7437.934375004261,1457.4890980002237
13,0,0,4,1,0,2,490,477.61382699536625,638.3832540013827,8451.767612001277,2549.854878001497
14,0,0,4,0,0,1,4,136.0337110090768,185.84014900261536,4984.942512004636,2425.177270997665
11,0,0,1,0,0,1,1,254.27660800050944,370.50669400196057,339.05373100424185,87.66658599779475
9,0,0,1,0,0,1,5,120.40159199386835,164.61424600856844,633.8684729998931,295.62106500088703
12,0,0,2,0,0,1,1,126.0670790070435,180.12996400648262,1318.9982779877027,617.881740006851
15,0,0,5,2,0,3,25,153.93292999942787,197.56966100248974,2261.759108005208,1175.7675179978833
13,0,0,4,0,0,1,9,366.9788190018153,401.58444400003646,2196.148725997773,1023.7488910061074
6,0,0,2,0,0,1,2326,128.4845479967771,179.42569800652564,1204.4971909926971,356.45422799279913
16,0,0,1,3,0,2,1,125.73781498940662,172.3795239959145,510.7275889895391,280.8898820076138
50,0,0,6,4,0,3,12550,152.4784809880657,46.41645299852826,12160.179532991606,9271.872066005017
291,0,0,1,55,0,2,1,74.37995699001476,88.40506499109324,1484.5844299998134,164.51249600504525
14,0,0,4,1,0,2,1,495.1844559982419,366.8029270047555,2653.266467008507,1067.235124995932
13,0,0,4,0,0,1,6,259.4069990009302,378.2839360064827,1850.4311990109272,1332.1003279997967
9,0,0,3,0,0,1,7,84.16282499092631,110.11627200059593,2257.7933090069564,1182.0532880083192
11,0,0,3,0,0,1,3,129.11582899687346,181.26424601359759,2570.71260799421,1223.128079000162
11,0,0,2,0,0,1,2,96.37746099906508,169.50608500337694,1287.6587280043168,599.2685960081872
11,0,0,2,0,0,1,1,240.9990559972357,347.5438360037515,530.943035002565,153.5090230026981
17,0,0,2,1,0,3,1,124.34483399556484,172.35969800094608,699.8307070025476,314.18485699396115
54,0,0,5,5,0,2,122,2137.5415600050474,3013.142747004167,5856.455144996289,3008.1215649988735
25,0,0,2,3,0,2,2,277.53733001009095,507.02726100280415,1213.218598990352,825.6153080001241
139,0,0,5,5,0,2,1,1242.1969499991974,1184.2382540053222,10660.078917004284,3328.3610899961786
54,0,0,2,4,0,2,2,1174.920438992558,1120.544763005455,1361.879931006115,767.2212140023476
13,0,0,2,1,0,2,1,66.59743400814477,87.77467699837871,1092.696599996998,558.334773988463
6,0,0,3,0,0,1,12550,58.21997301245574,77.48250699660275,890.6425220047822,434.76522399578243
20,0,0,1,1,0,1,1,123.05092001042794,173.7041659944225,721.9790420058416,304.27992800832726
16,0,0,1,1,0,1,1,121.40770199766848,170.98114200052805,707.0096500101499,305.67941699700896
6,0,0,2,0,0,1,3572,129.27375800791197,178.74178999045398,1175.1263159967493,584.2179530009162
17,0,0,6,0,0,1,2,244.15518400201108,355.0184019986773,9989.138830991578,3347.368471993832
2,0,0,0,0,0,0,2666,99.73747200274374,138.90022499253973,278.681958996458,158.051290010917
4,0,0,2,0,0,1,12550,46.91927299427334,60.87538000429049,524.3988639995223,255.24556600430515
30,0,0,3,2,0,2,12550,187.54829200042877,76.54901999922004,2502.440200987621,1334.7896600025706
13,0,0,3,0,0,1,1,377.7535979897948,568.5999709967291,1306.0383530100808,611.2343309941934
14,0,0,1,1,0,1,0,66.6404160001548,88.8304039981449,357.2516239946708,157.40922599798068
12,0,0,3,1,0,1,1,154.39215500373393,203.3273429988185,2478.306937002344,1159.683751000557
8,0,0,1,0,0,1,0,127.53152700315695,174.11462499876507,641.9424609921407,312.4461359984707
1,0,0,0,0,0,0,8533,97.9251300013857,136.21134399727453,275.0558789994102,155.8793869917281
17,0,0,2,1,0,2,3,124.13418899814133,171.27194999193307,783.3418070076732,304.3233659991529
12,0,0,2,1,0,1,1,267.91904799756594,403.09316299681086,678.7523830134887,307.16306100657675
6,0,0,2,0,0,1,360,121.1165249987971,197.6331879995996,622.3276669916231,299.7312090010382
10,0,0,2,0,0,1,5,133.08703900838736,260.8362110040616,328.716424992308,273.2291660067858
7,0,0,2,1,0,2,8533,525.3715319995536,490.8845449972432,1091.0338949906873,353.11131000344176
10,0,0,4,0,0,1,533,234.65790798945818,347.27101599855814,2564.579901008983,1266.4107830059947
20,0,0,3,3,0,2,0,139.50774200202432,186.7515929916408,2901.975071989,841.8612959940219
10,0,0,4,1,0,2,12550,98.37120299926028,92.49640800408088,2350.184521987103,570.6483899994055
13,0,0,1,1,0,1,2,123.23993199970573,172.79324799892493,694.0808420040412,309.9408229900291
8,0,0,2,0,0,1,392,144.06454999698326,203.80510999530088,1294.530669998494,639.2931610025698
9,0,0,2,0,0,1,31,130.46722499711905,183.4213409892982,327.556371994433,304.5295430056285
9,0,0,4,0,0,1,0,116.68337098672055,161.46589200070594,4441.98957599292,1756.8476049927995
32,0,0,5,3,0,3,115,450.9001250116853,1152.2560640005395,12360.160295007518,6536.995852002292
16,0,0,6,2,0,3,633,490.1609689986799,395.74499599984847,2655.614566989243,1183.0577810032992
6,0,0,2,0,0,1,966,118.12654799723532,166.67924899957143,1228.8989610096905,597.9343320068438
20,0,0,1,2,0,1,1,197.4068929994246,365.6847960082814,380.11833299242426,159.82125799928326
5,0,0,1,0,0,1,51,122.4753620044794,168.1783749954775,611.3793830008944,293.29329800384585
12,0,0,4,1,0,2,234,132.5239989964757,173.91859799681697,4437.822056992445,1429.06528498861
6,0,0,2,0,0,1,696,263.1043050059816,290.5164510011673,331.0204720037291,166.18629300501198
4,0,0,0,0,0,0,23,122.65730999934021,170.9739600046305,322.9868939961307,159.17358700244222
4,0,0,2,0,0,1,12550,24.69128300435841,31.211353008984588,430.104625003878,156.5032280050218
9,0,0,1,1,0,1,1,127.78665400401223,177.04617499839514,177.23271599970758,84.30884600966237
2,0,0,0,0,0,0,1320,117.07775900140405,166.2423990055686,308.0570199963404,157.3972010082798
57,0,0,8,5,0,3,792,2565.5784419941483,4739.211795997107,24140.81487400108,16293.88078500051
11,0,0,2,0,0,1,15,124.09711501095444,170.86296499473974,1313.9193679962773,612.4342569964938
44,0,0,3,3,0,2,12550,259.7551350045251,75.1971130084712,2845.850249999785,2122.2435110103106
10,0,0,2,0,0,1,8,240.55962800048292,356.22268699808046,651.5812669968,304.2656879988499
10,0,0,0,1,0,1,1,113.18570798903238,87.52650000678841,176.26205099804793,81.69591400655918
5,0,0,2,0,0,1,0,241.57176200242247,357.80435299966484,657.2803859889973,333.3196739986306
209,0,0,2,19,0,2,1,282.7325039979769,264.33953300875146,2969.9828589946264,751.8089310033247
15,0,0,1,0,0,1,1,124.17277500208002,172.22109199792612,497.0284130104119,157.76802800246514
15,0,0,1,2,0,2,70,590.2822140051285,1038.597436985583,476.9800219946774,336.78369599510916
38,0,0,6,3,0,3,12550,236.34814699471463,92.23719300644007,20639.148116999422,10818.451073995675
35,0,0,2,3,0,1,1,329.4422089966247,462.980434007477,2128.42134499806,792.3488119995454
12,0,0,3,1,0,1,281,330.4813339927932,355.9901609987719,1340.3241820051335,603.6347429908346
11,0,0,4,0,0,1,12,262.31170500977896,226.9984369922895,1724.5539270079462,1200.4703389975475
10,0,0,1,0,0,1,0,117.76148500212003,161.44331599934958,628.2209960045293,280.05477599799633
75,0,0,2,12,0,2,0,131.12875798833556,163.79239100206178,2308.4777369949734,569.0912220015889
18,0,0,1,1,0,1,1,122.72648200450931,169.7436080139596,718.1577699957415,277.0609110011719
12,0,0,3,0,0,1,1,125.90173800708726,175.20326700469013,2562.921723991167,1191.2974720034981
49,0,0,2,2,0,1,1,65.89486599841621,87.08239099360071,1392.8758840047522,604.4593219994567
113,0,0,8,10,0,3,1,1168.930296000326,1080.6920989998616,60000.0,20402.353388009942
9,0,0,4,0,0,1,9230,89.83990900742356,123.56252501194831,4507.163289003074,1863.976962005836
7,0,0,2,0,0,1,32,249.0583190083271,370.56089300313033,643.4118420002051,313.7303800031077
54,0,0,5,5,0,2,1,824.7395619982854,1731.2041200057138,11191.463782000937,6838.045273005264
187,0,0,5,14,0,2,1,412.58529300102964,416.26433000783436,18570.741471994552,4590.095886000199
19,0,0,6,2,0,2,47,264.6904439898208,343.38849200867116,5127.048512003967,2321.8130769964773
11,0,0,3,0,0,1,0,134.15084000735078,163.00151900213677,1923.6608239880297,798.4303410048597
7,0,0,3,0,0,1,1190,345.3306339943083,518.8050959986867,1220.6269880116452,597.9265849891817
9,0,0,1,0,0,1,1,128.96502199873794,176.30020699289162,661.8992929870728,315.12458198994864
16,0,0,5,2,0,3,40,696.5150640025968,414.9488270049915,2504.9014020041795,1188.3678629965289
20,0,0,3,3,0,2,473,557.1829539985629,1352.8805779933464,4693.818435000139,3612.3156629910227
57,0,0,8,5,0,3,4,1807.9843200102914,1787.8411550045712,29956.580026002484,17222.18861100555
16,0,0,2,0,0,1,1,126.1356039904058,175.80673900374677,1366.0580790019594,614.2384600098012
12,0,0,1,1,0,2,1,124.08842801232822,172.55335100344382,687.448142998619,311.49534998985473
17,0,0,1,3,0,1,1,69.25579599919729,86.36810899770353,526.4971950091422,307.75398899277207
12,0,0,1,1,0,1,19,122.52376700052992,166.69905300659593,676.1860609985888,291.9593019905733
41,0,0,7,4,0,2,2,824.2639320087619,1371.1496379983146,40682.672973998706,25704.410630991333
29,0,0,4,2,0,3,0,629.1967779980041,364.25637600768823,3094.4303379947087,410.53639599704184
26,0,0,1,2,0,2,2,220.46691700234078,294.68227800680324,1247.8564899938647,886.4099640049972
9,0,0,3,0,0,1,156,276.57486400858033,408.75977599353064,1258.2904910086654,599.697408004431
6,0,0,2,0,0,1,4118,220.76838099746965,331.1308900010772,613.2159510016209,307.5479399994947
14,0,0,1,1,0,1,0,126.76374999864493,170.4256009979872,720.8079209958669,301.29536699678283
11,0,0,3,2,0,3,12550,109.65512799157295,60.53832500765566,1752.648212001077,1295.6471020006575
8,0,0,1,1,0,1,19,384.2861559969606,222.15184901142493,1120.5860100017162,342.134772989084
11,0,0,2,0,0,1,1,127.5113239971688,168.54091300047003,1288.703747006366,601.6356110048946
49,0,0,5,4,0,2,0,2433.5327000007965,3592.3167480068514,5630.230186012341,3512.509783002315
10,0,0,3,0,0,1,4,146.56829698651563,205.74347300862428,2075.7341560092755,1191.08256099571
2,0,0,1,0,0,1,12550,36.14219799055718,43.91749198839534,248.9150549954502,161.29863800597377
56,0,0,7,5,0,3,12550,356.19277399382554,105.09008500957862,15910.300835006637,8888.930354005424
13,0,0,2,1,0,1,5,124.14230698777828,174.8468470032094,1376.9452900014585,615.4660250031156
33,0,0,3,3,0,2,0,393.6239399918122,427.99614000250585,4723.599258999457,2828.694538999116
46,0,0,2,4,0,2,0,1063.2516640034737,1726.714410004206,1509.6813330019359,968.9731969992863
8,0,0,3,0,0,1,1474,281.57045200350694,413.3237970090704,1293.3789240050828,647.8829910047352
10,0,0,1,0,0,1,1,123.61227699148003,171.57495900755748,662.9135100083658,310.44475399539806
54,0,0,5,5,0,2,1,1261.2812790030148,1224.5765990082873,5986.293936002767,2341.288381998311
7,0,0,1,0,0,1,5,122.58260499220341,175.71844899794087,577.051678992575,313.3848669967847
8,0,0,0,0,0,0,1,122.42611199326348,168.99914499663282,331.7786540137604,158.41416000330355
39,0,0,4,6,0,2,1,129.44544399215374,165.2260139962891,3265.3290800080867,1119.4302289950429
16,0,0,1,1,0,2,12550,112.9823860101169,43.63114800071344,676.6128079907503,553.9089109952329
16,0,0,8,0,0,1,12550,110.13795400504023,153.1494139926508,35747.597392997704,16339.02772500005
71,0,0,2,12,0,2,1,133.08692099235486,178.98482500459068,1180.4067290067906,323.18601600127295
4,0,0,2,0,0,1,12550,46.95859499042854,61.64344499120489,578.3211329980986,281.5819749957882
46,0,0,5,3,0,3,12550,263.2063670025673,75.7221639942145,6031.4457200001925,4371.898860001238
15,0,0,3,1,0,1,0,133.81157600088045,183.4397079946939,813.2508029957535,568.1535490002716
55,0,0,6,5,0,3,490,2448.7611490039853,4302.27070300316,12862.392278009793,8379.234245003317
1,0,0,0,0,0,0,9230,54.25138499413151,69.95905499206856,200.94909500039648,154.13562100729905
26,0,0,4,3,0,3,35,557.7733090030961,562.8065460041398,6866.2466920068255,4418.9691330102505
4,0,0,1,0,0,1,0,117.63059500663076,160.99912900244817,594.4991939904867,277.23979600705206
10,0,0,3,0,0,1,36,125.16178000078071,145.90298901021015,2253.8810650003143,1195.581363994279
6,0,0,1,0,0,1,105,121.19908699241932,165.28760601067916,615.7734410080593,160.6907940004021
9,0,0,1,0,0,1,4,125.5436200008262,179.73322099715006,663.4387399972184,319.68413799768314
14,0,0,1,0,0,1,1,124.7587459947681,118.46763000357896,367.8728980012238,154.58540999679826
11,0,0,1,1,0,1,3,66.54910401266534,88.4265930071706,343.4114440024132,158.19616299995687
7,0,0,3,0,0,1,0,118.29508499067742,166.71945700363722,2305.5990129942074,1091.4687420008704
303,0,0,1,15,0,2,1,805.2271039923653,555.7379639940336,2126.576316994033,467.3959389911033
11,0,0,1,1,0,2,0,68.81621699722018,85.24780799052678,171.80473401094787,77.06508100091014
31,0,0,2,3,0,2,2,426.9067689892836,418.6831459956011,2503.719282001839,807.6230970036704
10,0,0,1,1,0,1,1,137.20316300168633,183.434375008801,670.8956950024003,302.1515899890801
14,0,0,5,0,0,1,83,261.47820499318186,380.2415419922909,5433.09615200269,2649.570027992013
12,0,0,3,0,0,1,4,76.08066200918984,103.82639299496077,1498.0976450024173,1208.6923469905742
86,0,0,4,3,0,3,1,688.8854459975846,646.3447310088668,5721.936085014022,2708.4300679998705
14,0,0,4,2,0,2,4,776.7955159943085,407.88958698976785,1369.1225570073584,588.6995129985735
4,0,0,2,0,0,1,12550,47.80360900622327,61.43534499278758,546.8768540013116,220.7497440103907
11,0,0,1,0,0,1,1,132.72692599275615,183.74564399709925,662.3297119949711,308.64639799983706
11,0,0,1,1,0,2,3,135.41072799125686,183.9660909899976,663.1853479921119,297.63317499600817
5,0,0,0,0,0,0,53,122.10656599199865,164.03118000016548,315.7255420082947,149.152605998097
11,0,0,1,0,0,1,1,120.88162000873126,167.97938500531018,642.4801899993327,292.4805840011686
95,0,0,3,15,0,2,0,130.68125299469102,163.47773300367408,5141.931293997914,920.1041420019465
12,0,0,2,1,0,1,1,124.5603630086407,176.98023100092541,1317.3460039979545,565.5940949945943
5,0,0,2,0,0,1,1190,226.5975430054823,328.0770960118389,609.2972720070975,305.63302799419034
6,0,0,2,0,0,1,0,130.13688499631826,349.65662499598693,631.0707939992426,311.0736039961921
17,0,0,6,1,0,2,607,484.87678900710307,657.8034170088358,9366.96674200357,3542.4816019949503
6,0,0,1,0,0,1,6,121.47302499215584,169.12512700946536,633.2247100071982,304.8621870111674
55,0,0,6,5,0,3,792,2386.5424410032574,4102.349766995758,14666.597814997658,9882.386942001176
8,0,0,4,0,0,1,12550,67.34736899670679,90.99580299516674,1543.7043630081462,795.2824539970607
38,0,0,5,3,0,3,12550,218.98233599495143,44.61440400336869,4950.084637996042,3825.2745070058154
10,0,0,0,2,0,1,1,124.47075601085089,171.7745040077716,308.4994359960547,114.94221599423327
10,0,0,1,2,0,2,23,143.29595600429457,184.54507199930958,679.5591389964102,309.82204600877594
31,0,0,2,3,0,2,3,1312.628911997308,1250.7238179969136,1392.5668169977143,1003.7684570124839
30,0,0,1,2,0,2,20,577.5819330010563,1044.2460920021404,938.5047029936686,1018.602219002787
6,0,0,3,0,0,1,12550,57.72039000294171,76.10202400246635,1148.2069870107807,613.115669999388
12,0,0,2,0,0,1,0,130.66620100289583,178.8289940013783,1482.8671569994185,619.8414389946265
51,0,0,6,4,0,3,0,2305.481229996076,3460.2873229887336,10415.875150996726,3505.606313003227
7,0,0,3,0,0,1,9914,314.0319480007747,363.15306500182487,1241.4955150015885,562.3749890073668
56,0,0,5,7,0,2,1,129.0738010138739,176.93868500646204,7903.328295011306,2389.084807000472
2,0,0,1,0,0,1,12550,35.823863989207894,44.28314798860811,272.154534002766,156.15249500842765
113,0,0,8,10,0,3,1,538.4263019950595,1225.2322470012587,60000.0,39776.83640300529
30,0,0,2,2,0,2,446,558.4983770095278,1053.3320550021017,2499.806448002346,1848.839311991469
28,0,0,3,5,0,1,1,599.210453001433,654.5206800074084,1660.7158919941867,644.4665629969677
9,0,0,1,0,0,1,4,119.82638899644371,165.0997609976912,598.0284190009115,259.12936399981845
136,0,0,5,5,0,3,1,555.7634610013338,568.7438689928968,14586.982299006195,6299.188065007911
174,0,0,2,12,0,2,0,788.6151370039443,735.1581240072846,3769.3308890011394,1032.3544410057366
14,0,0,1,2,0,2,266,936.3206030102447,1037.057879002532,595.6355369999073,454.7436909924727
8,0,0,1,0,0,1,0,126.38006800261792,174.58637100935448,654.757691998384,314.7019150055712
4,0,0,1,0,0,1,0,119.01880799268838,161.78942999977153,596.85775199614,284.13371500209905
8,0,0,3,0,0,1,209,124.70658999518491,169.39867098699324,2391.429078998044,1118.133903000853
2,0,0,0,0,0,0,1320,118.12097100482788,168.00583500298671,306.27140699652955,159.5696099975612
70,0,0,1,3,0,2,1,651.2227759958478,613.6827989976155,1195.6433129962534,415.11513700243086
13,0,0,2,0,0,1,1,131.87134500185493,184.53269799647387,1396.2052770075388,664.3231329944683
34,0,0,2,2,0,2,12550,196.7445689952001,60.329557993100025,1170.6876359967282,1080.232602005708
17,0,0,2,1,0,1,1,126.42837400198914,171.10168799990788,1413.6241270025494,457.4643380037742
117,0,0,0,8,0,1,1,529.0005139977438,496.08178800554015,925.9029910026584,348.58180599985644
13,0,0,1,1,0,1,2,128.14273599360604,173.39721800817642,695.3411509894067,307.33649199828506
23,0,0,1,0,0,1,0,65.80208399100229,87.33041000959929,407.3144699941622,308.63302799116354
35,0,0,1,3,0,2,1,1053.109708998818,1024.9594199995045,567.3142300074687,213.48642399243545
7,0,0,0,2,0,1,1,384.231470990926,388.5228389990516,433.4614889958175,469.6262860088609
10,0,0,5,0,0,1,12550,80.30907300417311,108.9342550112633,4192.326147007407,2145.433362995391
97,0,0,5,15,0,2,0,128.08376899920404,164.6284279995598,19828.285972995218,4415.2018379973015
9,0,0,3,0,0,1,0,288.68158800469246,419.9000869994052,1312.2397660044953,649.3200039985823
49,0,0,2,6,0,2,1,506.2468510004692,572.9997180023929,1175.8669560076669,216.60276599868666
3,0,0,1,0,0,1,3085,112.02316300477833,149.6856850135373,579.9760240042815,291.25611200288404
20,0,0,1,1,0,1,1,123.73838199710008,170.9987890062621,732.1168079943163,306.316144997254
7,0,0,1,1,0,1,20,372.2805979923578,182.8235190041596,1107.5486280024052,340.93514700361993
18,0,0,2,2,0,1,1,144.68214199587237,187.82835399906617,1403.2052489928901,604.7091709915549
234,0,0,3,13,0,2,1,621.0978950111894,650.3462230029982,8195.257022001897,1136.3184060028289
139,0,0,5,5,0,2,1,1324.9718400038546,1251.2458730052458,9825.688900004025,3126.371072998154
7,0,0,2,1,0,2,101,137.79124899883755,171.21074900205713,656.954792997567,306.9524450111203
12,0,0,2,1,0,2,5,124.73458600288723,166.70077500748448,1188.4959250019165,355.221702993731
13,0,0,3,1,0,1,1,70.70856700011063,93.96651299903169,2283.052304002922,1196.004704994266
12,0,0,1,2,0,2,40,471.01118898717687,493.2257640030002,1101.4662599918665,359.2397689935751
7,0,0,3,1,0,3,12550,74.3720820028102,60.168902011355385,1043.8462289894233,618.3739400003105
10,0,0,2,2,0,2,93,375.7421430054819,187.32006699428894,1138.8847220077878,356.0393230000045
15,0,0,0,1,0,1,1,121.92337099986617,180.28427800163627,369.45918199489824,153.5978790052468
5,0,0,0,1,0,1,93,242.3190639965469,523.709337998298,276.33426399552263,229.48836100113112
9,0,0,2,0,0,1,5,122.85724800312892,174.47618399455678,1164.5256120100385,602.9075879923766
2,0,0,1,0,0,1,12550,36.00403601012658,43.49697301222477,289.00087099464145,148.8786859990796
6,0,0,3,0,0,1,12550,57.659100988530554,75.76216998859309,822.1284470055252,419.4352570048068
10,0,0,1,0,0,1,1,123.26073499571066,171.3237130024936,660.0547660054872,310.04384900734294
14,0,0,3,2,0,2,0,428.54608700145036,472.99089599982835,2283.926669988432,700.7729469914921
48,0,0,1,12,0,2,1,453.08884799305815,433.5452289960813,719.7306739981286,229.81307699228637
7,0,0,2,0,0,1,36,132.90787900041323,188.48430999787524,1331.8982719938504,676.4906939934008
11,0,0,3,0,0,1,0,125.96586199651938,173.88813399884384,1133.3847110072384,601.2896909960546
54,0,0,2,3,0,2,1,595.4645849997178,565.625535993604,2773.466587997973,1711.3398619985674
4,0,0,0,0,0,0,6,123.33771400153637,174.2095009976765,325.1437699946109,159.05692799424287
16,0,0,0,2,0,1,1,376.95889599854127,183.8831700006267,541.9879090040922,175.62048800755292
48,0,0,4,4,0,3,39,990.9189809986856,2150.7792850025,3614.6620020008413,2875.6942610052647
12,0,0,4,0,0,1,77,129.53585899958853,179.55928400624543,4308.396323991474,2155.9893480007304
14,0,0,4,2,0,3,321,153.5710280004423,104.42721800063737,1460.1010479964316,1166.9806670106482
10,0,0,3,0,0,1,228,123.6586799932411,170.2863829996204,2471.782014006749,1135.237982001854
48,0,0,7,4,0,3,0,1391.808544009109,932.5975719984854,19048.018251007306,4369.776610998088
7,0,0,3,0,0,1,4295,331.3064420071896,397.26451999740675,1025.318177009467,588.9862379990518
3,0,0,0,0,0,0,1484,125.97421499958728,174.04833500040695,323.1654970004456,170.46130099333823
8,0,0,3,1,0,2,12550,87.74506198824383,77.6152399921557,1077.6081690128194,597.6468179869698
11,0,0,3,0,0,1,10,137.37383999978192,190.03464699198958,1471.918030991219,941.3088719884399
8,0,0,1,1,0,2,267,119.8263800033601,139.90612800989766,606.0174860031111,295.49981700256467
26,0,0,1,3,0,1,1,130.03317300172057,179.02465999941342,814.0959620068315,330.09478499297984
14,0,0,4,0,0,1,17,193.24664000305347,370.38759399729315,2481.8303419888252,1201.2702110077953
2,0,0,0,0,0,0,3627,61.949089998961426,81.36717000161298,157.01278299093246,87.46831900498364
199,0,0,3,15,0,2,1,651.648846003809,536.1070689978078,7699.57821299613,1488.037370989332
33,0,0,1,3,0,2,1,387.2006279998459,445.41196900536306,691.7895799997495,457.9377479967661
10,0,0,1,0,0,1,1,66.46738799463492,85.32262600783724,334.3147989944555,153.74973099096678
51,0,0,4,4,0,2,0,1720.4562859988073,1997.0803320029518,5810.693788997014,1446.7371729988372
64,0,0,1,8,0,2,1,70.83153500570916,86.77695000369567,528.522692999104,151.54319000430405
16,0,0,3,0,0,1,1,119.75195900595281,176.75035398860928,2668.507527996553,1062.4400329979835
45,0,0,4,3,0,3,78,1228.5618840105599,1855.4816800024128,3892.4212330020964,2799.791737998021
9,0,0,1,0,0,1,2,67.54529901081696,176.11864500213414,659.6517150028376,312.3951239977032
11,0,0,1,0,0,1,0,252.51861700962763,369.10781399637926,341.62452998862136,162.85124499700032
8,0,0,2,0,0,1,0,70.22498399601318,128.38153701159172,1282.987394995871,613.5139870020794
14,0,0,4,2,0,2,5,138.9787029911531,172.52763200667687,2740.1247179950587,1177.6801509986399
56,0,0,7,5,0,3,1,1243.9376109978184,1673.1675769988215,26731.114149995847,15681.770716997562
22,0,0,2,0,0,1,1,119.40142800449394,118.38123999768868,695.8056220028084,486.3671069906559
14,0,0,5,0,0,1,196,134.90393600659445,185.54844601021614,10235.215269000037,4341.073789997608
13,0,0,4,0,0,1,13,127.74748700030614,173.0637949949596,4543.933922002907,2282.7894990041386
10,0,0,2,0,0,1,4,240.550426999107,350.0566980073927,647.7327340107877,301.37370800366625
10,0,0,0,1,0,1,1,133.16187499731313,183.03352799557615,359.9912360077724,171.9328829931328
15,0,0,5,2,0,3,50,151.70678299909923,201.42550699529238,4018.051077000564,2351.025693002157
14,0,0,6,0,0,1,605,136.03368001349736,185.55553299665917,17889.442753003095,8293.771012991783
11,0,0,2,0,0,1,1,123.39111699839123,175.92110099212732,1216.2225080101052,589.1705590038328
46,0,0,1,3,0,2,1,403.8827649928862,406.38041299826,1452.961126997252,416.6859100078
17,0,0,4,0,0,1,1,124.69846699968912,172.16693799127825,5295.253389995196,1576.7373330018017
16,0,0,2,1,0,2,4,533.7048400106141,241.93939499673434,2076.605075999396,712.4127679999219
12,0,0,6,0,0,1,12550,46.27309399074875,60.936438996577635,7514.1182170045795,4200.668403995223
7,0,0,3,1,0,3,12550,76.95429700834211,61.67368800379336,1052.9455979994964,619.8208909918321
15,0,0,1,0,0,1,1,125.89981300698128,173.84381299780216,694.8968740034616,310.6651010020869
9,0,0,3,0,0,1,118,131.0532120114658,179.94105099933222,2287.096672996995,755.0821720069507
24,0,0,7,3,0,3,12550,197.28513600421138,76.86900600674562,10696.513244998641,8145.640489994548
23,0,0,1,4,0,1,1,125.37111699930392,166.42774498905055,779.0051720076008,284.9096709978767
54,0,0,5,5,0,2,12550,330.6000140000833,104.66113200527616,10393.70066500851,6161.250453005778
113,0,0,2,8,0,3,1,681.5878180059372,1145.1274139981251,1953.3553489891347,770.3366189962253
1,0,0,0,0,0,0,0,119.44834599853493,163.9907979988493,300.0508550030645,145.22154499718454
39,0,0,1,2,0,2,2,575.2215240063379,554.3684010044672,626.3332010130398,728.9087749959435
9,0,0,1,1,0,2,41,122.87251300585922,174.431966006523,653.7798839999596,306.2915990012698
12,0,0,4,2,0,3,12550,125.72970699693542,60.1886570075294,1744.7601690073498,1269.8682670015842
109,0,0,4,10,0,2,1,275.48082399880514,778.7965819879901,11001.013796005282,3563.410249000299
7,0,0,3,0,0,1,4295,327.88630700088106,493.0273659992963,1008.6441220046254,610.718708994682
11,0,0,1,0,0,1,1,125.7345769990934,178.18657800671645,667.8696570015745,252.25383900396992
11,0,0,0,0,0,0,0,118.48584900144488,160.4724329954479,326.2389459996484,146.39171700400766
14,0,0,1,0,0,1,1,67.5196400115965,164.70158299489412,654.9896840006113,286.97681799530983
56,0,0,7,5,0,3,233,1767.0029569999315,2867.2341920027975,19731.72086199338,10808.222969004419
12,0,0,3,0,0,1,3,355.8867719984846,549.7520439967047,750.5952039937256,296.9319859985262
20,0,0,2,3,0,2,1,71.05120999040082,83.041152000078,921.3846400089096,577.7123510051752
12,0,0,2,1,0,1,0,128.95569400279783,179.3518890044652,335.747541001183,146.90991799579933
15,0,0,2,1,0,2,1,132.97626900020987,171.09311900276225,701.1509690055391,306.9724449887872
44,0,0,5,2,0,3,216,1521.946034001303,1489.9899960000766,10291.124397001113,7420.328566004173
47,0,0,0,3,0,1,1,238.34979499224573,230.661333000171,555.3237799904309,494.8184480017517
9,0,0,3,0,0,1,274,121.76514900056645,170.6274919997668,2442.6872699987143,1141.2878919945797
10,0,0,2,0,0,1,8,125.11119499686174,175.60471598699223,1255.924294993747,573.1621719896793
50,0,0,5,4,0,2,1,452.7528100006748,694.1585750028025,20041.97355400538,13242.607263993705
13,0,0,2,0,0,1,2,120.23408699315041,163.9936459978344,1278.2703630073229,576.5772390004713
17,0,0,1,0,0,1,1,133.98564999806695,186.98781299463008,692.9313670116244,306.81852300767787
109,0,0,6,4,0,3,36,692.4305629945593,2185.060493997298,18067.977752987645,8208.062415011227
10,0,0,3,0,0,1,23,254.05054799921345,367.75213600776624,1273.3024490007665,611.076625995338
136,0,0,4,8,0,2,1,612.4912520026555,581.870798007003,5076.075963996118,1122.447101995931
16,0,0,6,2,0,3,1121,759.5993949944386,575.4346440080553,3934.7723129903898,1778.7549860076979
10,0,0,2,0,0,1,0,124.88134000159334,174.95948499708902,1297.963382996386,610.0163480004994
57,0,0,8,5,0,2,1,1361.36898699624,1945.2393499959726,46637.04097700247,25490.84218000644
11,0,0,4,0,0,1,61,130.09808299830183,178.60421400109772,5152.6985759992385,2506.1405879969243
8,0,0,2,0,0,1,91,245.6227590009803,354.40987200126983,649.3907510011923,320.4338900104631
26,0,0,2,2,0,2,0,1003.4971650020452,525.1407850009855,1105.6031640036963,379.81174000015017
1,0,0,0,0,0,0,9230,53.10877900046762,68.2475979992887,200.023234996479,151.64011699380353
56,0,0,7,5,0,3,5,1260.845202996279,1180.7061479921686,11086.022504998255,7588.023525997414
34,0,0,4,3,0,2,0,435.36407900683116,424.781902009272,9463.778307006578,5906.179218000034
9,0,0,2,1,0,1,8,373.2631390012102,185.61246500757989,1639.9577770062024,336.69206099875737
15,0,0,5,2,0,3,1916,144.04878699861,194.9398219876457,5202.230111011886,2345.1533939951332
57,0,0,2,7,0,2,1,593.1751250027446,962.5679469900206,2780.9986700012814,832.6930559996981
16,0,0,1,1,0,2,12550,112.30946700379718,44.51421200064942,678.9691849990049,555.9071299940115
39,0,0,4,4,0,3,0,119.7355259937467,160.44209300889634,4200.817239994649,1559.1151950065978
10,0,0,1,0,0,1,2,117.48307700327132,85.61070800351445,607.6729479973437,304.51767799968366
5,0,0,2,0,0,1,865,344.3891549977707,521.2636840005871,619.4747840054333,305.007126997225
6,0,0,1,0,0,1,337,252.86330199742224,382.05717800883576,336.2903290108079,171.13631800748408
8,0,0,0,0,0,0,3,131.14812898857053,180.0522340054158,346.94502998900134,171.60128100658767
4,0,0,1,0,0,1,3532,209.88106999720912,306.6065500024706,308.67076899448875,158.7981610064162
11,0,0,3,0,0,1,0,266.4795610035071,392.15087400225457,1121.1058780027088,600.7671570114326
13,0,0,3,1,0,1,1,500.83812199591193,370.13409299834166,1328.4432660002494,302.30249199667014
52,0,0,1,8,0,1,1,141.26623299671337,182.33548699936364,1040.467726008501,326.9887160131475
5,0,0,2,0,0,1,4295,322.856459999457,484.19118599849753,638.9838620088995,332.0327690016711
17,0,0,4,1,0,1,1,375.65080300555564,186.97696000162978,9132.210486990516,2621.643701000721
8,0,0,2,0,0,1,70,137.7907400019467,192.81766600033734,1082.2026489913696,617.4520740023581
6,0,0,3,0,0,1,12550,54.22380499658175,75.47906000399962,886.7454660066869,580.0478369928896
29,0,0,1,1,0,2,4,142.517266998766,183.85004700394347,704.209190007532,307.35791599727236
26,0,0,4,3,0,3,1597,410.5934429971967,913.5490269982256,6080.524631994194,4644.801296992227
24,0,0,1,3,0,1,1,129.51657400117256,174.63937700085808,785.133384008077,303.75702399760485
12,0,0,2,0,0,1,3,124.83096300275065,173.31384400313254,1324.199171998771,622.8123990003951
8,0,0,4,0,0,1,12550,69.27806200110354,92.33397799835075,1716.0491329996148,914.9509840062819
4,0,0,0,0,0,0,212,130.9589679876808,182.2295000019949,334.626540003228,172.00693499762565
11,0,0,1,0,0,1,1,124.8839010077063,144.46002199838404,661.086758991587,301.0348389943829
13,0,0,2,0,0,1,1,142.71689500310458,205.8834060007939,1332.018066997989,600.332617003005
26,0,0,2,2,0,1,1,879.306393006118,987.7650090056704,769.2518189869588,307.38644499797374
15,0,0,5,2,0,3,1441,740.9045709937345,767.4730879953131,2641.8624880025163,1200.1689940079814
106,0,0,3,4,0,2,1,685.9596299909754,645.2614739973797,4122.564464996685,1733.5139350034297
22,0,0,0,3,0,1,1,120.21647399524227,142.2469800018007,371.0069599910639,155.9323710098397
265,0,0,2,14,0,2,1,289.7184610046679,269.08125598856714,4225.138822992449,931.3579529989511
22,0,0,7,2,0,3,3,142.2584609972546,183.98273699858692,10747.18252698949,4129.854165992583
21,0,0,6,2,0,2,1,268.54680001270026,186.80153199238703,2337.7990890003275,806.5489509899635
8,0,0,1,1,0,1,1,138.9537270006258,185.19108899636194,697.6173750008456,334.58903500286397
18,0,0,2,2,0,2,1,242.2962179989554,218.79724400059786,1208.3034990064334,619.47560099361
29,0,0,2,2,0,2,0,119.08620099711698,167.20281100424472,1349.5387159928214,556.298715993762
29,0,0,2,3,0,2,0,606.9206749962177,183.44197300029919,1431.9311389990617,482.7245399937965
6,0,0,2,0,0,1,1556,126.5580030012643,176.02333099057432,1215.7422009913716,607.1206920023542
14,0,0,3,0,0,1,1,240.51475699525326,353.5347190045286,1312.5453750108136,596.2578620092245
292,0,0,2,55,0,2,1,138.38673499412835,178.39651799295098,2968.6886239942396,269.8922599956859
55,0,0,6,5,0,3,1,1080.1446929981466,916.6898739931639,8312.682592004421,5378.075576998526
41,0,0,6,6,0,3,1,127.45908900978975,166.2012120068539,6795.95575798885,2189.051825000206
7,0,0,1,0,0,1,51,214.7233230061829,329.6577739965869,318.2323030050611,151.3150940008927
49,0,0,6,3,0,3,0,1528.855819007731,1239.8460260010324,12888.881028004107,3670.580385005451
9,0,0,4,0,0,1,849,313.43534200277645,449.57628700649366,2482.5523129984504,1184.8447200027294
13,0,0,1,1,0,1,1,123.56666299456265,172.23083499993663,688.3287929958897,312.5442629971076
13,0,0,3,0,0,1,17,64.71297399548348,139.7494629927678,2601.692198004457,1088.467852998292
15,0,0,4,0,0,1,2,128.1668610026827,175.77009199885651,4852.401500000269,2411.341775994515
31,0,0,1,1,0,2,9,676.999650997459,762.3976129980292,773.2799629884539,443.1498189951526
27,0,0,3,4,0,2,1,126.61800500063691,166.69749599532224,3070.5285309959436,808.3222540008137
11,0,0,1,0,0,1,1,120.87464099749923,173.00351599988062,668.881630001124,195.6614460068522
22,0,0,9,1,0,3,24,651.6008720063837,865.9754249965772,37541.882264995365,18294.005698000547
42,0,0,1,2,0,1,1,100.10696599783842,88.01508898613974,442.9833019967191,158.29133399529383
8,0,0,2,0,0,1,8,68.3774710050784,89.61353299673647,657.8738789976342,322.1745000046212
26,0,0,2,5,0,2,1,78.33549300266895,99.8880450060824,1271.0830260039074,653.4986759943422
12,0,0,6,0,0,1,12550,86.7001370061189,119.02179398748558,7625.865908004926,3317.091986988089
138,0,0,4,10,0,2,1,588.5141699982341,547.7108339982806,14240.145025993115,3375.6130399997346
27,0,0,1,3,0,1,1,475.0435609894339,451.7718249990139,1154.9147000041557,407.5181400112342
13,0,0,4,1,0,2,10,153.1162030005362,215.96467099152505,5128.502138002659,2384.973110005376
7,0,0,2,1,0,2,405,175.9495589940343,284.6289720037021,332.91457599261776,160.45945799851324
19,0,0,6,2,0,3,31,139.4364809966646,188.14689200371504,9628.86324399733,3908.8484740059357
19,0,0,2,2,0,1,1,130.62403799267486,173.46663599892054,1454.7821989981458,603.8353339972673
55,0,0,6,5,0,3,233,1747.321977003594,1994.2212390014902,9772.847618995002,7503.392812999664
34,0,0,5,3,0,2,11,1128.7505509972107,1085.6757839937927,8095.841290996759,1881.6710919927573
47,0,0,1,4,0,2,1,1211.4237829955528,1159.1134679911193,350.3173669887474,368.95949400786776
58,0,0,9,5,0,3,1879,1366.388756010565,3847.729512999649,49395.34695800103,31511.611711001024
20,0,0,1,1,0,1,1,65.8315879991278,87.1995909983525,535.9191460011061,318.1973989994731
4,0,0,1,0,0,1,1998,114.2288679984631,156.4625050086761,564.4869190000463,304.6380760060856
12,0,0,3,1,0,2,73,142.45606899203267,190.53127500228584,1556.3650219992269,598.9652139978716
11,0,0,3,0,0,1,84,288.0792060022941,422.0942090032622,1287.8070510050748,599.9201590020675
26,0,0,3,3,0,2,40,961.0297329927562,993.1687829957809,1709.9805870093405,442.8388850064948
10,0,0,1,0,0,1,1,125.05023200355936,173.62544899515342,661.1201019986765,312.1493929938879
13,0,0,6,0,0,1,865,232.3510529968189,340.2889300050447,10200.220325990813,4979.507113006548
8,0,0,0,1,0,1,1,62.638540999614634,87.61829699506052,289.0220890112687,154.45900500344578
201,0,0,1,10,0,2,1,1080.9512510022614,1059.4600769982208,1207.3827639978845,239.20959900715388
14,0,0,4,1,0,2,13,126.13499000144657,173.1315340002766,5059.795713998028,2260.717223995016
11,0,0,3,0,0,1,2,152.18254100182094,382.7231940085767,1032.5892869877862,530.8490490133408
38,0,0,1,0,0,1,0,123.28001600690186,169.5093070011353,799.5436439960031,298.0599209986394
13,0,0,3,0,0,1,1,137.2236610041,193.60515600419603,2234.8241209983826,1157.1444489964051
4,0,0,0,1,0,1,289,375.57303499488626,191.97449999046512,553.9430670032743,183.41539399989415
13,0,0,2,2,0,3,2,141.79944300849456,183.65963498945348,691.5384729945799,305.1926949992776
13,0,0,3,2,0,2,3,368.7173200014513,185.70497100881767,408.6386550043244,307.7170039905468
54,0,0,5,5,0,2,12550,330.3127420076635,104.24518698710017,11564.942487006192,7020.335535999038
14,0,0,5,2,0,3,594,1103.9448149967939,1498.0023029929725,2645.065308010089,1197.0432579983026
53,0,0,4,5,0,2,1,1223.9822080009617,1180.824825001764,4621.045214997139,3540.6884270050796
8,0,0,1,1,0,2,5,138.45484700868838,135.01451000047382,645.2938339934917,216.69506799662486
10,0,0,1,0,0,1,1,65.67324399657082,113.89644599694293,652.1188119950239,303.39107899635565
7,0,0,2,0,0,1,106,120.53163899690844,172.30177599412855,998.8127919932595,579.8667390045011
60,0,0,1,3,0,2,1,496.42056500306353,481.52530200604815,1140.7758629939053,941.8572010035859
15,0,0,5,0,0,1,21,359.351869992679,539.343196011032,5088.9260010008,1452.9780340089928
11,0,0,2,1,0,2,6,140.94814998679794,191.9487429986475,1217.6404439960606,610.8736890018918
6,0,0,2,0,0,1,1556,119.13505599659402,165.74401600519195,1188.6257299920544,534.0192840085365
11,0,0,2,0,0,1,5,134.80126200011,187.0057329942938,1314.7200589883141,504.7719040012453
6,0,0,3,0,0,1,12550,31.510508008068427,39.95661799854133,981.1003420036286,574.5163310057251
16,0,0,2,1,0,2,1,129.25328400160652,175.36095099058002,1374.7748009918723,662.7724130084971
6,0,0,2,0,0,1,1556,116.83326499769464,161.87340699252672,915.6374230078654,293.75455300032627
6,0,0,3,0,0,1,12550,30.94372600025963,39.42101000575349,653.882690006867,571.0046189924469
23,0,0,1,3,0,2,48,459.0881109907059,703.5062520008069,1163.8201260066126,833.7042280036258
54,0,0,5,5,0,2,35,2114.881918998435,3193.6150639958214,5927.498436998576,3658.885419004946
9,0,0,4,0,0,1,865,123.05112500325777,165.89588699571323,1791.2916820059763,973.9462569996249
16,0,0,3,1,0,2,2,511.40506599040236,377.83930099976715,2281.6517570026917,660.3518310002983
8,0,0,1,0,0,1,1,123.61732199497055,172.02290800923947,652.9959210020024,305.42634599260055
38,0,0,1,3,0,2,1,622.4599940032931,582.7138380118413,1064.0320770035032,361.57255100260954
368,0,0,4,71,0,2,1,137.08573499752674,171.76885399385355,27324.38321900554,2169.632007004111
20,0,0,5,2,0,3,1,333.44441100780386,294.90143099974375,2711.198675999185,1159.840221007471
14,0,0,1,0,0,1,1,93.69700698880479,172.57947799225803,683.6236000090139,315.3865779895568
10,0,0,2,2,0,2,12550,90.26134599116631,59.73926499427762,947.2059260006063,704.9971550004557
11,0,0,2,1,0,1,1,157.3561749974033,349.48861300654244,668.5878330026753,294.1464920004364
108,0,0,3,10,0,2,1,539.5708559954073,289.02692600968294,5815.476785006467,1635.3174910036614
5,0,0,2,0,0,1,9914,165.28567900240887,238.06805799540598,596.5392740035895,279.0762340009678
4,0,0,1,0,0,1,3532,108.41458399954718,150.55702300742269,156.21059799741488,82.3599360010121
6,0,0,1,1,0,2,12550,72.31560999935027,43.800921994261444,488.6042010039091,397.56160500110127
12,0,0,4,0,0,1,41,262.2656050079968,382.17681999958586,2574.9807319953106,1222.785695004859
16,0,0,6,0,0,1,156,267.97141900169663,390.00196299457457,9757.022688005236,4551.826317998348
49,0,0,4,4,0,2,1,462.26369199575856,454.39451398851816,10912.280718010152,2864.1811210109154
8,0,0,4,0,0,1,12550,68.26542799535673,90.48706899920944,2295.408749996568,853.7794770090841
8,0,0,2,0,0,1,163,116.97523700422607,166.24998199404217,1234.5354089920875,573.5236549953697
16,0,0,2,2,0,1,1,179.36222899879795,328.81909600109793,700.8993909985293,288.16229999938514
114,0,0,4,6,0,2,1,650.2407340012724,573.5009950003587,11428.001653999672,2899.0813010022976
10,0,0,1,1,0,1,15,131.37333901249804,169.69198800507002,574.051371004316,299.1747500054771
14,0,0,2,1,0,1,0,142.9907429992454,187.79478799842764,1204.9841959960759,482.5253610033542
29,0,0,2,3,0,2,0,598.1737069960218,179.78819900599774,1857.7503270062152,671.2207559903618
10,0,0,2,1,0,1,22,490.3908539999975,374.1337779938476,667.709693996585,300.9446060023038
16,0,0,4,1,0,2,0,247.79811200278345,362.1197559987195,2582.394092998584,1139.603884992539
21,0,0,6,2,0,2,3,508.7675670074532,373.3908840076765,5394.516692002071,2019.3466969940346
13,0,0,5,0,0,1,276,526.8857449991629,907.4235959997168,4936.722551006824,2064.7990879951976
76,0,0,2,11,0,1,1,257.8524929995183,366.96206200576853,1055.7575929997256,311.0858010040829
23,0,0,8,2,0,3,21,765.9533149999334,811.6861920134397,20709.824749996187,8001.695716011454
8,0,0,4,0,0,1,12550,66.54851800703909,89.200193004217,1245.933831000002,738.3842510025715
17,0,0,6,2,0,2,56,1426.102188997902,1249.6134999964852,5343.8467960077105,2396.0995609959355
17,0,0,4,1,0,2,1,259.304659004556,186.2227969977539,3251.379562992952,1126.2808509927709
38,0,0,4,4,0,2,1,562.2472030081553,1185.9018020040821,5217.038308997871,3536.994959009462
29,0,0,1,3,0,1,1,63.96897700324189,86.009118007496,755.8588630054146,206.64629199018236
7,0,0,3,0,0,1,9914,112.17277900141198,156.39409399591386,1229.1706100077135,409.0936170105124
14,0,0,6,0,0,1,696,386.5736209991155,552.998191997176,9558.10923500394,4467.353493004339
20,0,0,1,1,0,1,3,64.28630799928214,82.93953699467238,382.2940969985211,290.36518700013403
5,0,0,2,0,0,1,1901,110.793983010808,152.48335301293992,1133.6886240023887,541.8986779986881
33,0,0,4,3,0,3,12550,214.30359400983434,75.64676000038162,2664.449372998206,1999.590168998111
10,0,0,2,0,0,1,14,253.1846189958742,369.82870000065304,679.9241830012761,329.4202260003658
5,0,0,1,0,0,1,50,245.5236610112479,354.18507299618796,316.41460399259813,150.89555400481913
8,0,0,4,0,0,1,12550,66.05956300336402,89.65674300270621,1127.9860289942008,403.75772399420384
22,0,0,7,2,0,3,16,649.8392560024513,600.8157370088156,8928.257289007888,4641.779921003035
13,0,0,2,1,0,1,0,250.72944500425365,365.41609501000494,688.6737329914467,290.18108900345396
16,0,0,3,1,0,1,3,122.81845399411395,169.2323039897019,2669.2772550013615,1132.991430000402
27,0,0,1,4,0,2,1,389.5191429910483,391.6965259995777,1199.6388169936836,419.7483390016714
169,0,0,4,34,0,2,1,134.58445100695826,165.10289500001818,15048.812580993399,1995.9321280039148
11,0,0,5,0,0,1,8399,189.06186601088848,275.2057299949229,4048.203943995759,1916.265157997259
2,0,0,1,0,0,1,12550,35.63190500426572,43.59374700288754,245.6022840051446,160.81285900145303
4,0,0,1,0,0,1,6240,128.65130399586633,180.54394199862145,585.5395789985778,314.743021997856
9,0,0,2,0,0,1,26,361.35309300152585,545.1736950053601,648.4966270072618,312.9816349974135
12,0,0,2,0,0,1,7,127.81810299202334,174.2985889868578,1310.8900999941397,600.046209001448
10,0,0,2,1,0,1,17,374.09918699995615,261.3642240030458,2225.3155630023684,514.702654996654
27,0,0,2,3,0,2,1,428.5905019933125,296.50060199492145,2063.004950003233,1191.2474010023288
11,0,0,2,0,0,1,3,124.92276000557467,172.39777599752415,1312.308259002748,605.7109599933028
56,0,0,7,5,0,3,473,1730.464332998963,2088.73256300285,24591.248646000167,15432.596069003921
137,0,0,6,5,0,3,2,603.7334660068154,898.8003349950304,27839.030232004006,11722.168200998567
26,0,0,3,5,0,2,1,76.99577299354132,94.40029399411287,1495.526439990499,508.9062430051854
54,0,0,5,5,0,2,78,1229.2264499992598,2868.7401969946222,9242.580050995457,7479.872777010314
13,0,0,2,2,0,2,1,132.50150000385474,171.44242700305767,514.1781499987701,157.74723500362597
31,0,0,0,5,0,1,1,125.2357299963478,176.11773899989203,431.8967619910836,158.15014399413485
174,0,0,2,12,0,2,0,795.8091339969542,623.5441500029992,3652.646607006318,595.4483080131467
9,0,0,3,1,0,3,1121,634.9132289906265,566.8153849983355,643.7892450048821,304.8282840027241
3,0,0,1,0,0,1,8533,195.45457299682312,278.8426629995229,300.94846000429243,157.0668499916792
9,0,0,2,1,0,3,16,531.5992789983284,367.2899749944918,535.4493210033979,173.51286701159552
28,0,0,3,4,0,3,1,613.7014599953545,1000.2400240045972,1824.2831389943603,603.1778180040419
11,0,0,2,0,0,1,27,130.66512299701571,180.9943599946564,927.9442420083797,497.42104900360573
30,0,0,3,3,0,2,1,390.12935500068124,1092.5196280004457,4282.349365006667,2212.9243379895343
10,0,0,2,1,0,2,1,124.2900479992386,171.70573500334285,175.11388099228498,82.0219869929133
12,0,0,3,1,0,1,61,137.40801200037822,183.35716500587296,2362.970916001359,1248.7733919988386
13,0,0,1,1,0,1,1,69.85780900868122,85.73880500625819,356.8592809897382,229.43675199348945
3,0,0,0,0,0,0,521,118.16455400548875,160.7763200008776,305.64934099675156,149.1693599964492
10,0,0,3,0,0,1,4,363.0753829929745,546.396248988458,1232.983638998121,569.1412949963706
12,0,0,3,2,0,3,19,640.4440049955156,432.20485899655614,590.3373350010952,301.313983
12,0,0,1,2,0,1,1,374.2971530009527,380.2384700102266,1189.683855001931,372.87899799412116
8,0,0,3,1,0,2,12550,88.79763999721035,79.19480200507678,1135.3886510041775,598.181483001099
18,0,0,1,1,0,2,5,647.8967489965726,730.3518970002187,937.9905980022158,365.4578380082967
37,0,0,2,6,0,2,1,354.5853840041673,208.09357300458942,1297.3693079984514,432.7173000056064
10,0,0,1,0,0,1,1,133.95330098865088,190.02503299270757,657.7584909973666,308.4560760034947
16,0,0,5,2,0,2,41,138.45090499671642,173.07872998935636,5380.856956995558,2346.535078002489
8,0,0,1,0,0,1,4,124.94916799187195,141.36002800660208,332.6933350035688,160.25775000161957
18,0,0,1,2,0,2,7,560.989708013949,536.2138969940133,1064.846082997974,800.4027770075481
13,0,0,2,0,0,1,1,81.86619800108019,111.69564600277226,699.4883860024856,336.66083999560215
5,0,0,2,0,0,1,0,117.24016000516713,165.95775399764534,1178.46826800087,556.6569229995366
32,0,0,2,4,0,2,1,429.8152970004594,424.13214399130084,2608.9385939994827,1555.250856996281
9,0,0,3,1,0,2,9230,65.82503000390716,84.8668929975247,632.2470029990654,490.8480000012787
16,0,0,4,2,0,2,2,126.60343199968338,172.28844900091644,2786.2648849986726,1189.5799149933737
12,0,0,3,1,0,1,1,375.4119009972783,218.45217900408898,3368.577605986502,652.5308529962786
8,0,0,0,1,0,1,300,520.5489430081798,600.2432870009216,599.0092150022974,495.4025330080185
17,0,0,1,2,0,1,1,67.86846599425189,87.34505000757053,374.12711899378337,211.67989900277462
11,0,0,1,0,0,1,3,124.56135099637322,176.14532199513633,668.668433005223,264.45906099979766
32,0,0,3,3,0,2,12550,204.32383399747778,75.58804399741348,2656.226612001774,1955.0712769996608
27,0,0,2,3,0,1,1,594.8239169956651,475.59613500197884,1754.0835999971023,792.3132089927094
8,0,0,2,0,0,1,22,249.6099379932275,366.9216770067578,598.7238160014385,287.4927530065179
7,0,0,1,1,0,1,21,122.42140799935441,171.61195899825543,606.4993009931641,282.9977960063843
76,0,0,4,12,0,2,1,81.50728399050422,172.04295098781586,8846.022869009175,1932.1242780133616
15,0,0,4,2,0,2,0,1008.6133439908735,960.1648139941972,3783.0205310019664,1345.9838799899444
10,0,0,4,0,0,1,1209,403.2932289992459,524.8418429982848,2282.423648997792,1185.5187640030636
15,0,0,1,0,0,1,1,121.73906799580436,172.1285310050007,682.1885559911607,306.4626269915607
29,0,0,2,3,0,2,0,377.8092330030631,185.36859699815977,2022.6421379920794,448.5434089874616
11,0,0,1,0,0,1,1,124.0786160051357,173.30676199344452,667.0046510116663,307.6951170078246
12,0,0,3,0,0,1,1,243.63607399573084,358.65309700602666,1293.3040780044394,599.6269229945028
4,0,0,0,0,0,0,1,116.40796800202224,162.12547200848348,306.7579630005639,145.1867309951922
12,0,0,1,0,0,1,1,123.89899000118021,170.89222399226855,670.9669779957039,288.1335739948554
1,0,0,0,0,0,0,9122,67.03433199436404,87.98622799804434,223.62703800899908,160.1733330026036
11,0,0,3,0,0,1,1,68.09105300635565,90.06576900719665,2307.7538939978695,1181.923217009171
56,0,0,7,5,0,3,12550,338.5942140012048,104.61681899323594,24459.128350004903,16593.690553010674
174,0,0,3,13,0,2,1,815.34861100954,767.3751359980088,3440.635306003969,770.7900499954121
10,0,0,4,0,0,1,65,157.2189449943835,222.5417390000075,4962.156395995407,2307.390169997234
8,0,0,0,1,0,1,1,68.59234800504055,91.87995300453622,182.38885000755545,88.11725999112241
5,0,0,1,0,0,1,0,117.52258699561935,165.18614899541717,602.5186979968566,284.2476849909872
11,0,0,1,0,0,1,1,63.11103599728085,82.81439400161617,328.1415210076375,147.32613900559954
11,0,0,3,0,0,1,0,120.5185049911961,168.7217089929618,2478.61895999813,1127.7064089954365
22,0,0,7,2,0,3,1,140.21095100906678,186.242702009622,9996.461289993022,4668.696152992197
52,0,0,8,4,0,3,12550,306.30619199655484,90.16299400536809,37361.723605004954,25287.290990992915
2,0,0,0,0,0,0,1556,113.51584100339096,157.62633200210985,300.4386849934235,157.31290000258014
49,0,0,5,4,0,3,233,1621.1984050023602,1824.4468329939991,4435.5156699894,4011.3732919999165
7,0,0,2,1,0,2,633,486.53054899477866,382.69741700787563,334.23786600178573,158.3398219954688
14,0,0,1,0,0,1,1,118.96371000329964,166.32553799718153,662.0093540113885,300.2072420058539
12,0,0,1,0,0,1,1,127.61537500773557,175.07076800393406,674.6759709931212,309.82331999985036
11,0,0,1,0,0,1,2,121.61780201131478,171.37053998885676,660.4312639974523,309.42517099902034
6,0,0,2,0,0,1,350,143.0027979949955,199.79492800484877,1233.55156800244,431.7423989996314
4,0,0,0,0,0,0,10,114.08037799992599,166.29164598998614,313.3558429981349,150.87037200282793
14,0,0,2,0,0,1,3,126.35625801340211,175.19539898785297,1340.7443879987113,601.6251819964964
2,0,0,0,0,0,0,4475,105.63937498955056,142.98438301193528,281.1882649984909,168.68234299181495
7,0,0,3,1,0,3,12550,76.25775899214204,61.85497700062115,505.59044900001027,303.82491800992284
9,0,0,3,1,0,2,110,577.5038669962669,447.28806499915663,625.9060919983312,284.5812289888272
3,0,0,0,0,0,0,803,120.18810100562405,168.65035600494593,308.5244200046873,161.0094380012015
3,0,0,0,0,0,0,1626,127.99421200179495,179.92623100872152,327.3063239903422,173.57157199876383
7,0,0,1,0,0,1,6,234.95628700766247,352.64926998934243,311.5560200094478,147.24229399871547
12,0,0,4,0,0,1,24,145.10265800345223,206.86751800531056,4579.54764799797,2367.5105400034226
13,0,0,2,0,0,1,8,123.60695999814197,173.25432298821397,1310.9296819893643,600.0872739969054
25,0,0,2,2,0,2,1,270.4480069951387,376.06885499553755,766.6569619905204,305.8248379966244
107,0,0,4,4,0,3,1,695.6069690058939,651.7448269878514,6393.1384710012935,1977.3516740096966
9,0,0,4,1,0,3,12550,88.17284600809216,77.34156899095979,863.0001709971111,391.26891500200145
6,0,0,0,1,0,1,95,124.91681400570087,173.13461800222285,336.0544399911305,160.3216139919823
5,0,0,1,0,0,1,5,120.99756300449371,171.44638100580778,526.5949220047332,304.2489750077948
14,0,0,3,0,0,1,1,239.0476909931749,351.0430700116558,1310.2860070066527,592.0716529944912
14,0,0,2,0,0,1,1,127.80492901219986,176.91794900747482,1325.7509089889936,609.7591709985863
8,0,0,1,1,0,2,865,462.1175609936472,243.93045699980576,595.3809500060743,177.18962900107726
9,0,0,0,1,0,1,2,131.64663800853305,173.27513599593658,347.8348839998944,157.6935930061154
46,0,0,1,3,0,2,1,399.321819000761,402.72959500725847,1321.107462994405,419.95563900854904
12,0,0,2,0,0,1,1,125.77164100366645,290.7558230072027,641.9877340085804,292.00510200462304
9,0,0,1,0,0,1,0,118.03637399862055,164.30072000366636,627.3209010105347,289.8652099975152
13,0,0,3,0,0,1,2,70.05244999891147,94.75959099654574,2274.1339950007387,1180.6406680116197
13,0,0,1,1,0,2,1,122.73562198970467,173.7268650031183,350.90338200097904,157.4416819930775
11,0,0,3,0,0,1,2,290.6745959917316,425.2111050009262,1295.841767991078,618.0933470022865
2,0,0,1,0,0,1,12550,37.24195099493954,44.995131000177935,200.6080270075472,151.82473800086882
55,0,0,6,5,0,3,1,1183.4322600043379,1212.4248680047458,17701.25718100462,10348.141378010041
5,0,0,2,0,0,1,0,363.749245996587,556.0509670031024,627.9775150032947,311.80930699338205
54,0,0,7,4,0,3,12550,294.1859239945188,106.23518399370369,23506.300345005002,10774.268280001706
3,0,0,1,0,0,1,8533,198.7217679998139,286.151657011942,306.9681339984527,156.06872900389135
19,0,0,1,2,0,1,1,138.69764600531198,193.09503899421543,768.8499799987767,337.096108996775
2,0,0,0,0,0,0,1320,120.3783340024529,168.4430710010929,305.52753900701646,158.40721099812072
142,0,0,8,5,0,2,1,1312.4861620017327,987.7395939984126,60000.0,22739.261098002316
8,0,0,1,0,0,1,14,131.25890000083018,120.26600299577694,525.5473470024299,210.63766699808184
17,0,0,3,1,0,2,64,518.0393159971572,761.5964419965167,4308.81414700707,1763.5638789943187
10,0,0,2,0,0,1,0,121.13270799454767,172.07561900431756,1219.8248900094768,429.39885100349784
112,0,0,9,4,0,3,12550,157.06014100578614,46.376534999581054,60000.0,28017.762051007594
12,0,0,2,1,0,1,0,130.39470299554523,185.04042700806167,1338.8940449949587,604.1548310022335
10,0,0,2,0,0,1,11,65.83280500490218,88.72870399500243,743.9396129921079,601.239262992749
15,0,0,3,0,0,1,1,237.89052601205185,352.8825680114096,1322.448759994586,595.5377180071082
12,0,0,2,0,0,1,0,257.9737619962543,377.0141179993516,673.8020049961051,272.29581600113306
33,0,0,3,3,0,3,85,1603.9479800092522,1958.0582290072925,2367.3699950013543,1582.661428998108
23,0,0,4,2,0,2,1,143.2809520047158,185.22157799452543,5065.636671992252,1327.1754869929282
20,0,0,1,2,0,1,1,132.76929799758364,172.1909160114592,755.4863029945409,305.88493900722824
6,0,0,0,0,0,0,19,65.06792199797928,87.42534299381077,167.30549199564848,83.0009070050437
28,0,0,1,3,0,2,1,680.876779006212,639.6367050037952,1105.716336009209,726.8120880034985
35,0,0,2,2,0,2,0,1372.2705239924835,864.8604409972904,920.5796120077139,324.6997029928025
2,0,0,1,0,0,1,12550,35.372276994166896,44.021232999511994,241.3106029998744,159.01931100233924
11,0,0,4,0,0,1,8,373.5787280020304,571.0448430036195,2176.5806159964995,1213.3430310059339
56,0,0,7,5,0,3,8,1809.1131760011194,2099.7247399936896,15129.566617993987,8606.251745994086
11,0,0,5,0,0,1,4295,443.5577819967875,653.159349996713,4956.386385994847,2276.6419510007836
8,0,0,1,0,0,1,8,252.63718799396884,375.32188500335906,338.6457079905085,165.17382700112648
34,0,0,4,3,0,2,14,603.4887880086899,895.8278650097782,2247.334461993887,925.8245490054833
11,0,0,5,0,0,1,4295,545.1906060043257,821.5815110015683,4974.243434990058,2438.6258279992035
36,0,0,3,3,0,2,15,410.5062870075926,664.6019820036599,5273.594041005708,3624.828711996088
23,0,0,1,1,0,2,9230,74.43778100423515,86.349977995269,564.9453460064251,244.5417230046587
6,0,0,1,0,0,1,50,128.72151199553628,176.42279699794017,642.2057349991519,309.8426110082073
7,0,0,3,0,0,1,9914,114.9542159982957,155.69527199841104,1637.5229099940043,731.9290500017814
4,0,0,0,0,0,0,22,69.57390700699762,165.44864399475046,337.1448010002496,171.39600300288294
13,0,0,5,0,0,1,1868,618.4720970049966,949.2275079974206,4379.739637006423,2208.0006010073703
12,0,0,1,0,0,1,0,245.7894219987793,357.1970170014538,334.09016398945823,150.63200300210156
17,0,0,7,2,0,3,9230,113.18389399093576,136.878382996656,9307.735700000194,3453.007759002503
1,0,0,0,0,0,0,849,113.62365599779878,160.780727994279,297.2067230002722,148.2359330111649
12,0,0,1,2,0,1,1,143.6368769936962,190.31998999707866,700.3175740101142,307.9700660018716
21,0,0,1,2,0,1,1,242.5163470034022,354.0777799935313,382.47914900421165,156.84829700330738
16,0,0,2,3,0,2,405,455.4258130083326,1018.1016309943516,720.015066995984,415.071375988191
1,0,0,0,0,0,0,9230,28.98485701007303,36.901843996020034,103.68249099701643,78.94314300210681
3,0,0,1,0,0,1,8399,91.23319000354968,125.72460899536964,499.69554800190963,283.6843490076717
134,0,0,2,8,0,2,1,619.9086910055485,584.3454200075939,3169.2124679975677,905.9832899947651
16,0,0,1,1,0,2,12550,92.92287999414839,43.98799799673725,680.1545500056818,557.7641389972996
11,0,0,2,0,0,1,2,240.28468399774283,355.64838199934456,631.5361870074412,344.94383800483774
10,0,0,1,1,0,1,1,123.67575700045563,174.9875559908105,711.5281910082558,321.745829001884
11,0,0,4,0,0,1,859,347.99469300196506,587.3879209975712,2409.8061840049922,1305.206213000929
6,0,0,0,0,0,0,6,127.95621299301274,177.59119100810494,334.71926300262567,192.0995020045666
50,0,0,0,10,0,1,1,134.8972709965892,175.94137499690987,524.051372995018,155.2036540088011
4,0,0,1,0,0,1,867,236.03364400332794,339.87819199683145,308.1537130055949,146.46504700067453
9,0,0,2,0,0,1,14,134.91153799986932,205.1740390015766,1291.7458640004043,607.1142220025649
1,0,0,0,0,0,0,9914,80.98093800072093,112.10520300664939,246.78233200393151,160.10217399161775
6,0,0,2,0,0,1,267,120.72121199162211,169.04507599247154,1195.2788009948563,584.3816810083808
7,0,0,3,0,0,1,606,233.30313101178035,344.0790540043963,1202.9758260032395,565.1449879951542
45,0,0,4,3,0,3,78,1230.6029780011158,1941.785308998078,4014.636318999692,3077.382285002386
37,0,0,4,3,0,3,12550,218.2698279939359,75.67524199839681,4950.537500000792,3853.5722569940845
26,0,0,4,3,0,2,0,437.4723590008216,432.4379549943842,2496.571233001305,1652.7887150004972
39,0,0,5,4,0,3,1,679.7971969936043,1230.9946780005703,8476.980783001636,5506.765938989702
16,0,0,1,1,0,2,12550,114.46376700769179,44.37608999432996,688.3744780061534,564.2566939932294
210,0,0,1,9,0,2,1,685.7539890042972,651.4673479978228,968.2720379933016,290.08099700149614
8,0,0,2,1,0,1,1,506.5387539943913,372.89120600325987,634.4465040019713,283.11771899461746
18,0,0,4,2,0,2,1,379.84643899835646,186.78135100344662,4626.912039995659,789.8076620040229
29,0,0,2,3,0,2,0,770.9802520112135,365.5513580015395,1128.5188220062992,335.37597600661684
366,0,0,2,71,0,1,1,121.98394899314735,159.29700298875105,7010.471499001142,618.8862169947242
6,0,0,1,0,0,1,10,253.73572899843566,373.9218120026635,329.6451629867079,129.76926899864338
9,0,0,1,0,0,1,3,64.51377099438105,143.06658600980882,660.8471580111654,314.55809499311727
7,0,0,3,0,0,1,8399,175.9772750083357,258.7837269966258,1183.067228004802,599.4776029983768
37,0,0,2,3,0,2,2,677.2047570120776,618.683995999163,2298.1775919906795,1480.7474099943647
55,0,0,6,5,0,2,866,2396.9882519886596,4529.4213900051545,11197.847132003517,7199.5164989930345
7,0,0,2,0,0,1,594,134.47395800903905,189.55778899544384,1246.3348950113868,628.8312830001814
4,0,0,0,0,0,0,1,117.93730799399782,166.6796399949817,312.7956669923151,149.0518540085759
12,0,0,2,2,0,2,2,533.4232220047852,377.4281100049848,360.3681810054695,156.63155500078574
12,0,0,3,0,0,1,2,245.03487400943413,363.1460720062023,1257.9132760001812,287.9636739962734
14,0,0,4,1,0,2,343,748.4345029952237,486.12002200388815,2065.8463180006947,1195.077279000543
40,0,0,2,7,0,2,1,126.89100499846973,167.62774800008629,1795.759911998175,559.2835950083099
268,0,0,1,14,0,2,1,733.0519460083451,478.26536900538485,2490.957841000636,442.9894009954296
10,0,0,1,0,0,1,1,120.31300200033002,166.80539400840644,645.4581130092265,295.5269019876141
5,0,0,1,0,0,1,31,253.54856299236417,342.23927299899515,313.4196760074701,169.84764199878555
13,0,0,5,0,0,1,607,334.91623000008985,491.14415400254074,4827.7288249955745,1910.2076190029038
11,0,0,3,0,0,1,9,123.24334999721032,173.2488440029556,2515.942387995892,1172.0446569961496
8,0,0,1,0,0,1,0,124.21340400760528,173.26834899722598,531.619960005628,313.3916450024117
11,0,0,1,0,0,1,1,86.61427500192076,89.55563699419145,568.9268520072801,310.006687999703
13,0,0,1,1,0,1,2,87.32197200879455,173.84267899615224,695.5063530040206,303.9030189975165
58,0,0,9,5,0,3,12550,355.6735739985015,105.3067809989443,60000.0,39589.08010300365
10,0,0,5,0,0,1,12550,79.3386179866502,107.76280298887286,4583.616395990248,2178.201718998025
24,0,0,2,4,0,2,6,128.842446996714,176.21075100032613,1540.213379994384,603.9835990086431
19,0,0,4,2,0,3,1,140.94729100179393,183.10069599829149,2583.858140002121,1185.3943549940595
57,0,0,8,5,0,3,12550,358.2850430102553,104.00729600223713,24391.491260001203,15602.27396999835
1,0,0,0,0,0,0,9914,79.38717798970174,108.81549899931997,242.04494200239424,155.69117800623644
6,0,0,1,0,0,1,50,134.69716400140896,189.53564499679487,626.5355380019173,303.3952850091737
7,0,0,0,1,0,1,5,124.24701898999047,174.6552810072899,344.28603200649377,159.61760199570563
17,0,0,1,1,0,1,1,122.46950999542605,168.2013000099687,693.7160590023268,290.75831500813365
15,0,0,4,0,0,1,10,266.7606600007275,351.3694710127311,2568.5436759958975,1145.9317820117576
10,0,0,1,0,0,1,2,248.30446900159586,364.2869890027214,310.9586899954593,82.83163199666888
7,0,0,1,0,0,1,7,122.92613500903826,171.80214599648025,442.2148959856713,157.33387600630522
44,0,0,3,3,0,2,12550,259.26375000562984,75.67111701064277,2833.4538740018615,1994.6408520045225
111,0,0,6,10,0,3,1,281.19975700974464,1102.4230109906057,35516.412202996435,6013.692362001166
2,0,0,0,0,0,0,1607,62.944285993580706,79.48310200299602,153.35594699718058,79.50477399572264
8,0,0,2,0,0,1,31,126.54383800690994,177.06907899992075,1295.2217389974976,625.1827550004236
6,0,0,3,0,0,1,12550,30.962089003878646,40.46588200435508,1059.0412479941733,603.5639860056108
10,0,0,3,0,0,1,70,145.62846400076523,206.19389100465924,2406.902407994494,1178.6167309910525
7,0,0,2,1,0,2,8533,518.9028040040284,445.7629680109676,633.0852359969867,336.22789999935776
47,0,0,2,3,0,2,1,398.04802200524136,403.5521230107406,2766.7103150015464,818.2608899951447
14,0,0,4,1,0,1,25,119.03507699025795,165.2249700127868,3509.706923010526,1822.3732220067177
10,0,0,4,0,0,1,4118,232.07734400057234,305.44399400241673,2403.208239004016,1105.4485689965077
194,0,0,1,11,0,2,1,435.51967000530567,434.8192019970156,1563.6835120094474,313.2871849957155
7,0,0,2,0,0,1,0,129.87808899197262,182.66659800428897,1314.808594994247,651.7494400031865
7,0,0,1,1,0,1,39,228.46201701031532,95.1578610111028,1093.8460320030572,346.6148839943344
3,0,0,1,0,0,1,8399,150.7511380041251,215.78821800358128,302.07280899048783,159.7626230068272
140,0,0,6,5,0,3,1,1947.0835259999149,2288.319905012031,13042.332089986303,3554.458023994812
6,0,0,3,0,0,1,12550,59.16667899873573,76.97819500754122,1027.673299991875,539.1298830072628
24,0,0,1,2,0,2,124,1094.5049900037702,1283.1364070007112,618.5260850033956,458.5650069930125
10,0,0,3,0,0,1,6,97.024129005149,177.4619410134619,2513.9967479917686,1194.26189600199
9,0,0,2,0,0,1,12,372.4570819904329,562.6461280044168,404.38418900885154,157.67347801011056
12,0,0,1,1,0,2,140,624.5315940032015,701.7352679977193,787.7405259932857,782.4044160079211
12,0,0,1,1,0,1,1,251.54551499872468,362.0402410015231,347.7989270031685,155.9342709952034
17,0,0,2,2,0,1,1,63.41707998944912,83.72369500284549,704.7439519956242,283.18057900469285
38,0,0,3,6,0,2,1,342.532934009796,406.99086799577344,2756.0894650086993,848.5521029942902
14,0,0,3,2,0,1,6,142.45612399827223,190.5783709953539,2756.7241479991935,1197.572750999825
14,0,0,1,0,0,1,1,125.25183300022036,173.6662869952852,695.6626600003801,327.2751269978471
6,0,0,1,0,0,1,2,119.8192209994886,164.73330098961014,651.0049310018076,286.16178200172726
36,0,0,1,3,0,2,1,460.40151600027457,454.79832199634984,1599.8431989864912,1032.183896008064
9,0,0,1,0,0,1,1,125.31025300268084,175.50693900557235,657.1769240108551,312.8409430064494
39,0,0,2,4,0,2,0,532.7351500018267,544.7920979931951,2327.1182129974477,638.7542440061225
16,0,0,2,2,0,2,1,149.36608899733983,172.2435800038511,1404.7550130053423,590.6812530010939
138,0,0,4,10,0,2,1,587.6605450030183,553.1773190014064,11007.10198500019,3701.5376789931906
245,0,0,6,13,0,2,1,2237.058824990527,2653.746180003509,17135.60817099642,3577.582188998349
61,0,0,2,3,0,2,1,487.7056160039501,487.0443520048866,2856.773310995777,1856.59486700024
15,0,0,2,0,0,1,1,124.9559239950031,172.8433709940873,1357.9091669962509,610.3395350073697
33,0,0,1,2,0,2,39,717.7590159990359,1344.8209229973145,730.9931500058156,362.9838599881623
13,0,0,1,1,0,1,1,136.61856899852864,178.59825599589385,711.6578109998954,324.34213800297584
11,0,0,3,2,0,3,490,942.549715997302,972.7373950008769,910.7413250021636,613.382684008684
10,0,0,1,0,0,1,2,127.88926699431613,173.82134099898394,659.6854999952484,305.8618579962058
11,0,0,1,1,0,2,1,120.31980499159545,166.99433399480768,341.2558359996183,151.39472999726422
14,0,0,1,1,0,1,2,106.40052499365993,172.59940700023435,695.075427996926,307.36102900118567
6,0,0,2,1,0,2,12550,79.55909401061945,61.38793099671602,592.0090619911207,291.41665100178216
11,0,0,2,1,0,1,13,134.07778900000267,187.79430499125738,1336.1863280006219,610.0371010106755
10,0,0,0,1,0,1,0,373.7563559989212,182.38237699551973,595.2298579941271,190.8945989998756
18,0,0,5,2,0,2,3,254.90232701122295,355.083315007505,2727.6155930012465,712.0379729894921
10,0,0,1,0,0,1,6,127.3704990016995,174.10035499779042,668.6554170009913,313.1638989871135
7,0,0,1,0,0,1,0,130.61493799614254,177.64946600073017,659.6346189908218,323.93414300167933
15,0,0,7,0,0,1,8399,467.72220300044864,706.8893899995601,18960.954319001758,7082.673729993985
5,0,0,1,1,0,2,8399,97.42523499880917,124.37815500015859,567.0498739928007,317.01400100428145
6,0,0,2,0,0,1,1121,68.00221400044393,159.3397010001354,1274.596417992143,646.8304019945208
3,0,0,1,0,0,1,8399,147.46871999523137,215.08140399237163,299.81352599861566,157.89500300888903
15,0,0,1,1,0,1,1,123.19801400008146,168.03329400136136,685.7961960049579,291.51899499993306
21,0,0,4,3,0,3,12550,201.68965999619104,75.81239800492767,4048.0292910069693,3691.1120529985055
38,0,0,5,4,0,2,12550,262.5537719868589,107.3378250002861,11050.010498001939,5402.899177002837
9,0,0,0,0,0,0,0,123.99861399899237,172.8812170040328,345.721001009224,159.79066299041733
9,0,0,0,1,0,1,3,118.1393709994154,164.8958909936482,334.9819479917642,148.83143300539814
22,0,0,5,3,0,3,122,840.8039859932614,887.2357520012883,7351.999328006059,5431.029518003925
20,0,0,3,1,0,3,12550,113.82354599481914,43.54788499767892,2564.5073670020793,2062.2172429866623
6,0,0,1,0,0,1,9,243.81161699420772,358.8982850051252,282.2551440040115,153.46363799471874
115,0,0,5,6,0,2,1,660.6890280090738,623.3193759981077,22979.31277898897,4056.308211002033
6,0,0,2,0,0,1,3160,352.9178759927163,537.2499660006724,646.2767780030845,331.8127880047541
6,0,0,2,0,0,1,0,151.79399300541263,215.68382599798497,810.4650189925451,573.9726160099963
12,0,0,2,0,0,1,3,252.01006699353456,370.1292259938782,672.1594810078386,307.0475760032423
2,0,0,1,0,0,1,12550,35.65367100236472,43.987762997858226,273.6722679983359,155.7912519929232
6,0,0,2,1,0,2,12550,76.40797999920323,61.375753008178435,596.0082579986192,284.2119260021718
8,0,0,3,1,0,2,12550,96.67733300011605,74.89239500137046,2141.493538991199,953.6892739997711
4,0,0,2,0,0,1,12550,33.46046000660863,31.014570005936548,470.4921550001018,259.2431430093711
27,0,0,1,2,0,2,85,1165.4213269939646,1114.2480529961176,304.2737059877254,221.73003299394622
2,0,0,0,0,0,0,3160,61.77645499701612,134.6381440089317,306.34704600379337,153.46910600783303
18,0,0,1,1,0,1,0,251.93257699720562,367.89600999327376,368.8907469913829,161.57695000583772
11,0,0,3,0,0,1,2,124.44630899699405,170.79015100898687,2396.9005330000073,1127.5247189914808
44,0,0,3,3,0,2,6,1239.3857090064557,1196.5245600003982,769.5886380097363,507.8749370004516
12,0,0,4,0,0,1,54,612.1543089975603,929.670822006301,2442.7469990041573,1191.6538389923517
13,0,0,3,1,0,1,3,438.3585280011175,208.32209099899046,1180.621951003559,603.8241169881076
9,0,0,0,0,0,0,1,132.01656099408865,185.55890399147756,353.02627499913797,172.91812899929937
1,0,0,0,0,0,0,0,117.8054939955473,167.35386500658933,304.0544349933043,147.71729600033723
14,0,0,2,1,0,1,1,124.68751698906999,175.96418999892194,1362.1410820051096,595.6414579995908
35,0,0,1,3,0,2,1,1029.3806650006445,1031.4402530057123,746.5350280108396,490.26818000129424
21,0,0,8,1,0,3,0,796.022530994378,873.422529999516,20504.80610600789,7600.200458007748
35,0,0,6,3,0,3,12550,229.6331670077052,75.66298800520599,6057.717399002286,4440.543236996746
9,0,0,2,1,0,1,115,191.7072969954461,166.74554599740077,2216.360323000117,675.3706010058522
21,0,0,5,2,0,3,0,1146.9680709997192,434.7076739941258,4313.8246559974505,1449.247815005947
54,0,0,5,5,0,3,233,1600.897762007662,2148.9024730108213,8337.598619997152,5596.845840002061
21,0,0,1,2,0,2,14,292.4957710056333,276.4743929874385,1170.289685993339,994.9553879996529
140,0,0,6,5,0,2,1,1279.9333639995893,1233.2203279947862,20932.470330997603,6460.830433003139
5,0,0,1,1,0,1,12,499.3651389959268,648.9423050079495,320.6116049987031,147.61469700897578
9,0,0,0,0,0,0,0,123.00988200877327,173.41746100282762,341.6453929967247,160.79091999563389
4,0,0,0,0,0,0,4,127.14311698800884,177.8738469874952,333.01914800540544,165.34873499767855
177,0,0,1,15,0,2,0,398.9437940035714,403.3671599900117,2199.3446000124095,451.18120999541134
13,0,0,2,1,0,1,0,257.961276001879,378.0233639990911,585.7873810018646,168.6590659955982
1,0,0,0,0,0,0,4295,107.46318199380767,151.90676199563313,289.8834649968194,150.69779100304004
29,0,0,1,1,0,2,12550,98.59027899801731,44.10222299338784,409.00782799872104,244.99717600701842
19,0,0,2,4,0,2,10,223.12054899521172,215.89441000833176,621.1523980018683,488.960678994772
57,0,0,8,5,0,3,15,1742.7288230101112,2169.82611300773,31231.937349002692,18476.780091994442
10,0,0,2,0,0,1,2,137.15078799577896,194.32522800343577,1289.5211959985318,606.0598470066907
25,0,0,4,3,0,2,1,129.96408400067594,178.55407801107503,5954.517873993609,2523.8317390030716
42,0,0,8,4,0,3,1879,1786.3169199990807,2631.3413250027224,21372.55272800394,15301.916921001975
9,0,0,1,0,0,1,1,125.34597599005792,168.57921099290252,634.0078810026171,292.33711800770834
10,0,0,1,0,0,1,1,86.349623001297,187.9934970056638,657.73726599582,311.86540599446744
32,0,0,2,3,0,2,6,610.218198999064,901.8255830014823,1146.8475150031736,785.2916859992547
11,0,0,1,1,0,1,4,380.285883002216,183.9090059947921,1135.1527490041917,345.24176799459383
15,0,0,4,1,0,2,1,415.030857999227,230.33500400197227,4502.618501006509,1158.5511729936115
89,0,0,4,3,0,3,156,1812.3801439942326,2255.171674012672,3200.0905189925106,1526.9139579904731
210,0,0,2,10,0,2,1,1472.3669189988868,1405.6218470068416,2193.796815001406,531.8289690039819
25,0,0,10,2,0,3,2326,1183.257151991711,1423.2759220030857,60000.0,35323.500094993506
17,0,0,2,0,0,1,2,122.95487099618185,171.24805800267495,1346.8776930094464,593.4257980115945
12,0,0,2,0,0,1,1,129.1374410066055,180.66637498850469,1317.5813580019167,612.8135440085316
10,0,0,4,0,0,1,1745,352.3733009933494,535.36507600802,2507.6815860084025,1182.1198489924427
9,0,0,2,0,0,1,73,245.887365003,353.6395699920831,631.8061780038988,285.2037879929412
13,0,0,4,0,0,1,1,132.74387900310103,182.55840300116688,4689.155669999309,1784.403169003781
3,0,0,0,0,0,0,473,121.3379559922032,166.30819399142638,312.2244830010459,154.75468299700879
10,0,0,2,0,0,1,3,358.55533700669184,541.6373280022526,653.1678860046668,305.0486520078266
53,0,0,4,5,0,2,0,1323.3491340070032,3180.0556990056066,5923.663424007827,2945.9848889964633
15,0,0,4,1,0,1,7,133.17629999073688,181.94100999971852,5134.402448995388,2533.615391002968
8,0,0,1,0,0,1,0,63.57833699439652,148.57022599608172,618.4023620007792,281.5469619963551
6,0,0,1,0,0,1,223,240.70138100069016,350.88572300446685,314.3163680069847,149.5635479950579
10,0,0,1,1,0,2,10,124.98472300649155,171.73062899382785,661.1744470137637,306.59160000504926
56,0,0,7,5,0,2,7,1898.8615489943186,2159.42925499985,19626.198628000566,13176.186451004469
9,0,0,1,0,0,1,1,121.08924498897977,168.7763130030362,447.559417996672,284.5917700033169
10,0,0,1,0,0,1,2,124.46700100554153,166.96240799501538,640.1679279952077,294.68498899950646
45,0,0,4,4,0,2,0,1369.9520590016618,935.0818450038787,4871.827458991902,1381.0133850056445
14,0,0,2,1,0,1,1,122.70443800662179,172.8862619929714,1269.9505499913357,600.1639220048673
14,0,0,2,2,0,2,1,129.68609399104025,173.9045169961173,773.6791310016997,592.1359829953872
21,0,0,2,1,0,1,1,364.75898200296797,562.1422860131133,411.4294629980577,249.53310399723705
26,0,0,1,2,0,2,1,550.5919550050749,505.45377799426205,514.1498099983437,461.18126600049436
19,0,0,2,3,0,2,1,124.01794300239999,171.40111399930902,1391.5727029962,609.0005110017955
11,0,0,1,0,0,1,1,128.85806200210936,176.30232199735474,667.72490600124,313.25489201117307
20,0,0,3,3,0,2,12550,166.51593999995384,75.24950099468697,2392.990288994042,1928.165605000686
25,0,0,1,1,0,1,1,125.87680300930515,176.8487919907784,765.9920250007417,313.5980459919665
10,0,0,4,0,0,1,154,589.2603860120289,882.2140340053011,2248.436075009522,1105.8056139881955
11,0,0,1,0,0,1,1,120.05089999001939,163.4056829934707,427.4710040044738,262.9031370015582
56,0,0,7,5,0,3,12550,338.42717300285585,105.87774199666455,24653.124067990575,14985.159436997492
11,0,0,5,1,0,3,12550,98.54049199202564,91.91184300289024,2107.119940992561,1095.184641002561
1,0,0,0,0,0,0,1901,106.9472119997954,146.2710089981556,284.7747210034868,145.30231899698265
9,0,0,1,0,0,1,1,238.52007399545982,357.61525899579283,334.62083600170445,157.17431200027931
8,0,0,4,0,0,1,12550,68.58923600520939,91.90900399698876,1976.7803129943786,968.1909029895905
13,0,0,3,2,0,2,10,512.9768330079969,372.85044199961703,693.8755349983694,309.94471700978465
20,0,0,3,2,0,1,1,75.18234199960716,118.03338599565905,2885.00849500997,1112.9921329993522
6,0,0,2,0,0,1,3095,222.7040779980598,171.08067800290883,314.63658100983594,161.02590900845826
9,0,0,3,0,0,1,165,148.32793700043112,209.10008499049582,2545.4149849974783,1291.3627139932942
8,0,0,4,0,0,1,12550,68.26177200127859,90.99934100231621,2301.8322910065763,1083.2532530039316
8,0,0,3,0,0,1,3643,254.15064999833703,371.2051749898819,1259.3850569974165,596.1390760057839
11,0,0,2,0,0,1,18,150.98113998828921,210.49628300534096,1218.3951610059012,326.99989501270466
12,0,0,1,2,0,1,4,161.552533012582,276.8641049915459,361.0650429909583,158.0107269983273
12,0,0,3,1,0,2,8,292.45463700499386,239.4663250015583,4638.2559329940705,1405.4614390042843
10,0,0,1,1,0,1,1,132.6246300013736,173.0715070007136,658.9746859972365,155.44659399893135
50,0,0,0,6,0,1,1,657.9683279996971,622.4617910047527,817.8334679978434,429.291729000397
10,0,0,2,0,0,1,20,67.97658900904935,91.8942260032054,1317.7096559957135,654.5480680069886
190,0,0,1,11,0,2,1,411.44740900199395,453.56904799700715,1967.0683959993767,313.68142199062277
12,0,0,2,0,0,1,10,145.87531601137016,204.655592009658,1320.1522799936356,346.13673300191294
4,0,0,1,0,0,1,0,124.46197700046469,271.6079280071426,319.6914510044735,156.41755700926296
45,0,0,4,3,0,2,13,1273.0595290049678,1221.8109670066042,6001.944435003679,3601.9608130009146
6,0,0,3,0,0,1,12550,59.81535500905011,77.8057900024578,1129.1187859897036,539.2167560057715
13,0,0,2,1,0,2,4,74.80491499882191,92.97345600498375,726.0522519936785,612.3850969888736
29,0,0,4,4,0,2,1,67.4448360077804,82.75094701093622,5557.79572299798,2219.665027994779
36,0,0,6,3,0,3,12550,211.62249500048347,75.66755299922079,9482.84132599656,7274.205899011577
8,0,0,1,0,0,1,4,132.44538501021452,184.18227099755313,651.3544359913794,311.95307499729097
9,0,0,1,0,0,1,3,124.40384199726395,170.5492440087255,653.0824320070678,310.01068899058737
9,0,0,4,0,0,1,8399,129.8003070114646,184.49288299598265,1263.9034329913557,632.0322859974112
11,0,0,1,0,0,1,1,64.85603399050888,85.92775400029495,333.86207500007004,152.88667600543704
8,0,0,1,0,0,1,14,66.08883499575313,87.45283700409345,334.2330400046194,155.7636020006612
44,0,0,3,3,0,2,6,1242.7045970107429,1200.361569004599,2742.9144409979926,1975.802194996504
13,0,0,3,1,0,1,1,381.3083480054047,185.60926200007088,4428.875505996984,1332.891705998918
3,0,0,0,0,0,0,1002,119.7479749971535,168.98387599212583,318.27152099867817,179.70288499782328
10,0,0,5,0,0,1,12550,40.282059999299236,54.30717999115586,4205.425779990037,2180.0919319939567
39,0,0,5,4,0,3,12550,254.8978300037561,90.73919699585531,7903.3637959946645,5821.735189005267
4,0,0,0,0,0,0,2,124.2873829905875,171.33111199655104,322.7272109943442,160.92639201087877
26,0,0,1,1,0,1,1,125.7883440121077,173.73264000343625,774.0868320106529,314.03177200991195
72,0,0,4,3,0,2,0,558.6761410086183,525.3678029985167,8812.454259998049,4559.268490993418
9,0,0,2,1,0,2,41,138.19682400207967,182.30104498798028,993.5033810033929,631.1475000111386
3,0,0,1,0,0,1,1901,109.97677000705153,151.96788900357205,566.5857459971448,269.3007409980055
9,0,0,1,0,0,1,2,245.59482399490662,385.1746669970453,250.47569499292877,77.60653299919795
4,0,0,0,0,0,0,0,133.93660201109014,185.8203869924182,357.00437299965415,168.80636500718538
1,0,0,0,0,0,0,9914,80.93492100306321,109.98029199254233,246.5197310084477,158.88878499390557
15,0,0,3,2,0,1,2,127.48060599551536,173.5598129889695,2808.52998100454,990.8727459987858
14,0,0,4,1,0,1,3,385.83108999591786,192.27417300862726,7650.064139001188,1331.2656480120495
34,0,0,1,5,0,2,1,394.3665870028781,396.5678529930301,1401.601887002471,778.1020609982079
20,0,0,1,2,0,2,5,539.5552650006721,515.6051249941811,1172.891130001517,710.0112839980284
10,0,0,1,0,0,1,2,123.7133850081591,173.56450999795925,664.0151799947489,313.80498300131876
43,0,0,3,4,0,2,1,516.7476920032641,793.9207960007479,4676.021345003392,1557.4304290057626
5,0,0,0,0,0,0,1,121.66892799723428,118.5365839919541,164.78277699206956,112.43484199803788
21,0,0,4,3,0,3,12550,88.69972798856907,38.71490299934521,3475.1067559991498,2786.855090991594
7,0,0,3,0,0,1,9914,115.54989899741486,157.0661810110323,1334.3181530071888,787.4601070070639
37,0,0,2,5,0,1,1,129.35669500438962,175.82751899317373,1744.2552030115621,595.1132939953823
36,0,0,1,6,0,1,1,123.27723400085233,162.57647699967492,872.273902001325,282.89111898629926
3,0,0,1,0,0,1,9230,87.71803999843542,124.47024999710266,288.671364003676,146.91862200561445
141,0,0,7,5,0,3,13,2551.5571759897284,3699.064435000764,21856.87142799725,8032.702145996154
9,0,0,4,1,0,3,9914,684.4780320097925,367.8512659971602,927.403517998755,450.05014100752305
6,0,0,0,1,0,1,1,120.92133300029673,164.1976869868813,323.68755800416693,147.55161599896383
225,0,0,2,14,0,2,1,657.7745039976435,611.9650400069077,3649.523490006686,864.4402840000112
51,0,0,0,10,0,1,1,127.09962199733127,177.93460699613206,538.7056300096447,167.06832600175403
12,0,0,2,1,0,1,0,116.97344100684859,165.9311769908527,1281.2419069960015,550.2619369945023
9,0,0,1,0,0,1,10,125.45444699935615,108.10332901019137,622.3219800012885,302.9019700043136
13,0,0,3,1,0,1,17,258.71954300964717,376.5137010050239,1354.3405029922724,611.5208880073624
5,0,0,1,0,0,1,0,129.57155900949147,183.02519900316838,623.1304630055092,295.89949500223156
8,0,0,4,0,0,1,12550,66.21738699323032,90.06693700212054,1418.0423250072636,400.44071299780626
55,0,0,6,5,0,3,12550,339.68737100076396,105.42328099836595,16107.840876997216,11561.44624100125
6,0,0,0,0,0,0,2,121.89071300963406,171.67357499420177,326.20453998970333,111.01816799782682
4,0,0,1,0,0,1,1290,115.20345199096482,159.01049600506667,509.5171529974323,177.61191999306902
14,0,0,4,1,0,2,1,245.50876300781965,354.4458779942943,2246.419102011714,1189.050655986648
6,0,0,0,0,0,0,1,121.69954398996197,173.717483994551,349.221876997035,158.92725699814036
15,0,0,2,0,0,1,1,65.08393900003284,137.83125999907497,870.8903820079286,396.91658699302934
10,0,0,2,0,0,1,4,235.26741100067738,362.6119709952036,654.921783003374,306.47258600220084
4,0,0,1,0,0,1,6240,75.63139300327748,89.04353799880482,358.2257340021897,315.8650390105322
17,0,0,1,2,0,2,11,419.76682499807794,423.15560900897253,1379.2535819957266,1077.9291929939063
73,0,0,4,12,0,2,1,130.1583699969342,175.53146100544836,8113.565409003058,1663.5896439984208
9,0,0,1,0,0,1,3,121.95025400433224,171.06118299125228,522.3954489920288,158.80025700607803
8,0,0,4,0,0,1,12550,67.62206800340209,90.34457599045709,1641.3989060092717,799.4785339978989
11,0,0,1,0,0,1,1,123.60866600647569,176.9186759920558,672.557002006215,288.28249500656966
22,0,0,2,3,0,2,1,129.242159993737,179.72923300112598,1547.640967008192,614.9650739971548
12,0,0,3,0,0,1,2,120.54602299758699,171.90844001015648,2539.3445439985953,590.3219780011568
2,0,0,1,0,0,1,12550,36.35814698645845,44.255015993257985,291.83179800747894,152.1958800003631
12,0,0,4,0,0,1,0,135.13738400069997,188.86705799377523,5095.264034011052,2401.042965007946
56,0,0,7,5,0,3,1,1146.9612999935634,1110.8583619934507,34344.32202299649,19299.652050991426
12,0,0,1,1,0,1,1,120.46724199899472,169.850617996417,667.3969460098306,293.8883570022881
17,0,0,2,2,0,2,1,73.07977299205959,84.3746739992639,936.5812909964006,549.6205679955892
127,0,0,1,10,0,2,1,584.2751590098487,552.1834999963176,1760.348105992307,590.8195200026967
15,0,0,1,2,0,1,1,127.99552999786101,167.49797100783326,702.7035909995902,278.4691250126343
11,0,0,3,0,0,1,2,127.6861420046771,182.39030399126932,2542.8027140005725,1143.7293349881656
94,0,0,4,4,0,3,1,658.6027149896836,1101.9379130011657,5953.892787001678,2366.7295049963286
6,0,0,1,0,0,1,25,126.21622599544935,176.54484199010767,644.1570540046087,310.7112839934416
18,0,0,4,1,0,2,1,245.05639399285428,276.7870339885121,1342.2093199915253,569.7331460105488
4,0,0,1,1,0,2,12550,61.70585499785375,44.067637994885445,430.7401999976719,353.05375899770297
11,0,0,3,0,0,1,36,124.72920599975623,175.2906140027335,1912.3139139992418,603.829500003485
14,0,0,2,1,0,1,1,124.34765799844172,174.39058699528687,348.09341000800487,253.66378799662925
9,0,0,1,0,0,1,1,122.33178599854,171.75660899374634,510.3965330054052,153.5118090105243
11,0,0,0,1,0,1,1,68.97819900768809,92.80659999058116,184.74331799370702,87.55904399731662
26,0,0,2,4,0,2,2,409.3602339999052,411.88643999339547,2349.142954000854,1190.5255250021582
14,0,0,2,1,0,2,2,133.14726899261586,172.0848420081893,698.9446770021459,308.6137200007215
64,0,0,2,4,0,2,0,560.9422819979955,536.6498910007067,1288.0114529980347,354.4356260099448
13,0,0,2,1,0,2,0,116.04353399889078,165.35026399651542,1245.9148900088621,447.4176509975223
4,0,0,1,0,0,1,3160,122.38074500055518,346.6834930004552,339.1948600037722,177.43850499391556
39,0,0,5,4,0,3,39,740.9276050020708,2428.236913998262,12157.762358998298,7789.438664010959
8,0,0,0,1,0,1,1,121.64874399604741,171.92795999289956,339.4760340015637,155.60587399522774
110,0,0,5,10,0,2,1,2421.5513189992635,3749.6661559998756,11215.732094002306,3598.773645993788
9,0,0,2,2,0,2,4,376.3303399900906,375.7770929951221,2232.2964769991813,1188.2516170007875
54,0,0,1,7,0,2,1,151.9095510011539,191.2464360066224,998.5825579933589,331.10314699297305
30,0,0,1,3,0,2,1,400.24362099939026,402.12255499500316,689.6012229990447,214.6677590062609
14,0,0,2,2,0,1,0,123.78817600256298,170.43164301139768,1383.5682369972346,598.1326670007547
15,0,0,7,0,0,1,9122,280.1226330047939,421.15428000397515,17782.146969009773,8886.014521005563
11,0,0,2,0,0,1,1,122.31950199929997,130.97810100589413,1303.4308370115468,618.5589700035052
214,0,0,5,9,0,2,0,271.45370400103275,433.12923700432293,31680.94815898803,10326.438845993835
28,0,0,6,0,0,1,6,131.70071599597577,185.94717698579188,22520.097089000046,9080.851872000494
7,0,0,2,1,0,2,87,639.0713260043412,594.9393049959326,967.8021439904114,332.3148189956555
11,0,0,3,0,0,1,1,235.95774099521805,182.68067500321195,1255.4661720059812,610.3998549951939
15,0,0,2,0,0,1,1,121.92358799802605,169.58141200302634,1309.641883999575,575.0463120057248
7,0,0,3,0,0,1,0,477.13346499949694,543.0689189961413,940.2837450033985,602.579643993522
58,0,0,9,5,0,3,194,1886.9142050098162,2095.452939000097,60000.0,41495.00218000321
55,0,0,2,3,0,2,1,436.48671300616115,438.13387499540113,1978.1116399972234,1210.2755770029034
38,0,0,3,3,0,2,11,662.1763820003252,1088.6588620051043,4320.013131000451,3001.8114840058843
21,0,0,6,2,0,3,1,649.9073640006827,597.0964919979451,5546.663852001075,1885.0476520019583
10,0,0,3,1,0,2,164,120.59753401263151,163.72696799226105,2421.4591269992525,1108.8722770073218
36,0,0,2,1,0,1,1,128.89606799581088,176.74152400286403,1624.6686710073845,611.5369549952447
1,0,0,0,0,0,0,8533,97.83746500033885,135.0430929887807,273.2180849998258,155.3497409913689
12,0,0,3,0,0,1,5,152.46094900066964,395.8239330095239,1297.461617999943,615.5305549909826
11,0,0,3,0,0,1,0,270.4023859987501,397.031757995137,1282.9261349979788,605.4076639993582
27,0,0,2,2,0,2,0,620.6889559980482,361.6629189928062,1382.2238970024046,335.7065799937118
15,0,0,0,2,0,1,1,119.3672209919896,164.7808589914348,358.10515099728946,151.1206799914362
23,0,0,5,3,0,3,544,1411.1867160099791,1907.8946480003651,4020.3837690060027,1026.2784200021997
11,0,0,5,0,0,1,8399,311.4166430023033,474.80051800084766,4614.773929002695,1867.9532759997528
6,0,0,2,0,0,1,154,118.04972399841063,160.21053299482446,699.4945339974947,275.6122150021838
59,0,0,10,5,0,3,612,1707.2715559916105,4613.745773007395,60000.0,60000.0
10,0,0,4,1,0,2,12550,52.33885000052396,47.09098700550385,2169.7212379949633,1076.8270090047736
32,0,0,3,3,0,2,12550,212.63253800862003,75.79805800924078,2629.2663640051614,2022.315277994494
8,0,0,1,0,0,1,2,60.53894500655588,81.89262000087183,357.7380970091326,285.6618990044808
13,0,0,1,1,0,1,1,122.47622500581201,170.67420299281366,678.6903659958625,291.4681410038611
10,0,0,4,0,0,1,126,247.8395259968238,363.36706999281887,2498.2842249883106,1185.0978459988255
55,0,0,6,5,0,3,1,1243.4896920021856,1737.0030229940312,13741.341240995098,7655.49548000854
59,0,0,10,5,0,2,1,1488.562719008769,1439.6888529881835,60000.0,60000.0
23,0,0,8,2,0,3,33,455.2458920079516,593.8214260095265,19430.28025700187,8739.360360996216
11,0,0,1,0,0,1,1,252.53920900286175,370.25659999926575,338.08687300188467,160.87557999708224
7,0,0,0,1,0,1,3,128.10803100001067,182.87144099303987,353.61632698914036,170.2559929981362
35,0,0,6,3,0,3,12550,231.76569200586528,75.56398399174213,6013.355886010686,4446.060503003537
13,0,0,3,0,0,1,14,66.30372500512749,90.55048300069757,1727.2607859922573,1049.709315993823
110,0,0,7,4,0,3,3,692.1726800064789,640.2236220019404,36277.084681001725,14348.38278600364
7,0,0,3,0,0,1,9230,82.91536399337929,115.02095000469126,2064.9494399985997,1011.9638750038575
9,0,0,2,0,0,1,4,131.38843199703842,185.14065600174945,1289.8314199992456,591.2108210031874
32,0,0,2,3,0,2,2,395.48790200205985,385.91956900199875,2200.1161460066214,1567.534412999521
14,0,0,2,2,0,2,2,127.22095299977809,172.38523399282712,1377.1425379964057,605.1949030079413
4,0,0,0,0,0,0,2,120.8879390032962,166.80614301003516,313.69647799874656,151.19927100022323
15,0,0,2,2,0,2,149,414.36356300255284,755.1428050064715,2485.0978890026454,1605.7301800028654
19,0,0,2,3,0,2,122,891.8817859957926,1143.3243240026059,1291.0319279908435,953.6186479963362
136,0,0,4,8,0,2,1,480.3882819978753,300.9008210065076,13016.833279005368,3498.8916250003967
3,0,0,1,0,0,1,8533,196.87364499259274,283.63575899857096,299.37216598773375,173.72299398994073
23,0,0,6,3,0,3,35,944.4022759998916,1061.1744170018937,9376.006474994938,6212.710589999915
20,0,0,0,1,0,1,1,130.82881100126542,182.47200599580538,390.3795529913623,170.46693799784407
3,0,0,1,0,0,1,9914,96.79319900169503,130.5794289946789,541.988697994384,307.6548160024686
6,0,0,2,0,0,1,0,74.97104100184515,100.24461901048198,910.8718049974414,591.2933330109809
7,0,0,2,1,0,2,1889,454.0097879944369,512.9887090006378,920.8041050005704,744.8349780024728
5,0,0,2,0,0,1,1190,229.78653300378937,335.33479300967883,608.1351539905882,153.9778180012945
7,0,0,2,1,0,2,1511,229.68039000988938,326.25182199990377,624.8432440042961,304.0405790088698
17,0,0,3,3,0,2,413,794.6113770012744,1252.068888003123,2202.6976630004356,1604.1866689920425
15,0,0,2,0,0,1,5,252.72399600362405,250.51033799536526,659.9198829935631,312.9797500005225
16,0,0,3,1,0,2,1,132.79524398967624,182.16259400651325,1011.7286549939308,314.5374070008984
19,0,0,1,1,0,1,1,119.74205099977553,167.55002000718378,711.4473800029373,293.03174100641627
11,0,0,4,0,0,1,7,484.8433129955083,748.2591640000464,2398.5654349962715,1197.2401840030216
3,0,0,0,0,0,0,290,121.6346639994299,165.77735399187077,309.57493699679617,151.24438800557982
8,0,0,1,0,0,1,3,120.47882699698675,172.43930300173815,624.8429580009542,154.14010600943584
8,0,0,1,1,0,1,25,130.2496720018098,179.5425320015056,671.2513219972607,314.04587998986244
9,0,0,2,0,0,1,95,119.27200498757884,168.18388599494938,1244.3140230025165,572.2580129950074
11,0,0,3,0,0,1,3,133.48226698872168,159.920758989756,2008.3959409967065,1178.7245710002026
35,0,0,2,2,0,2,46,562.2493570117513,1192.1708939917153,2476.7776189983124,1891.2568719970295
10,0,0,2,0,0,1,34,131.66456800536253,184.5004259957932,1361.3706109899795,660.4763979994459
5,0,0,0,1,0,1,490,421.6846519993851,486.72395599714946,461.00596300675534,369.72801099182107
7,0,0,1,0,0,1,75,126.95432500913739,173.17069599812385,493.23991700657643,306.97958800010383
5,0,0,2,0,0,1,0,62.66332798986696,80.70207500713877,860.2868650050368,546.863786992617
16,0,0,5,0,0,1,17,130.8847229956882,181.80377400130965,8815.407358008088,3058.0474349990254
66,0,0,3,3,0,2,126,2209.758992001298,2773.8864710117923,1006.1394770018524,554.1609939973569
43,0,0,1,4,0,2,1,500.5743410001742,479.72389101050794,1444.5830860058777,875.8361930085812
10,0,0,3,0,0,1,17,122.10889298876282,168.2183209923096,2518.1307919992832,1183.6177109944401
10,0,0,0,0,0,0,1,123.729358005221,174.10127600305714,341.29699600453023,158.29558800032828
40,0,0,5,4,0,3,0,117.74837899429258,165.71014700457454,7886.061856988817,2561.7327710060636
23,0,0,1,3,0,2,1,69.87269800447393,88.79482799966354,583.6544299963862,305.78180799784604
10,0,0,1,0,0,1,5,124.43133800115902,174.0679810027359,655.7514200103469,312.4788150016684
52,0,0,3,3,0,3,1,411.7561650054995,664.1254709975328,4211.107320996234,2926.5611869923305
44,0,0,4,4,0,3,56,644.7120399971027,2048.8305180042516,6763.102273005643,4407.101998993312
56,0,0,7,5,0,3,0,2491.465151004377,5185.406902004615,17128.013282999746,9783.548959996551
8,0,0,3,1,0,3,4295,303.3394719968783,499.3824230041355,596.8890640069731,478.5480669961544
15,0,0,3,1,0,1,0,61.68844900093973,157.4491010105703,2492.074092995608,536.5129609999713
5,0,0,1,0,0,1,116,64.03520400635898,86.479949997738,324.02441000158433,288.11680199578404
7,0,0,3,0,0,1,4295,333.96823100338224,501.7700379976304,1193.4690560010495,596.4282049972098
13,0,0,5,0,0,1,21,363.229886002955,550.7154049992096,4738.792004995048,2361.189621005906
10,0,0,1,0,0,1,2,122.39532399689779,173.3506739983568,610.7078000059118,222.74629000457935
54,0,0,5,5,0,3,2,1802.6349029969424,2084.9707559973467,8639.552693988662,5191.185636998853
27,0,0,5,3,0,2,0,1407.453299005283,1775.7693239982473,4548.597519999021,3391.514229995664
13,0,0,3,0,0,1,7,139.5562360121403,195.22271798632573,1956.881374004297,1044.2429319955409
56,0,0,7,5,0,3,109,1816.7157659918303,2466.452697000932,33525.63710299728,20040.805059004924
56,0,0,7,5,0,3,473,1504.8279089969583,2523.955759999808,26001.168446004158,13049.316998003633
17,0,0,0,4,0,1,0,365.57551100850105,370.3024849965004,633.7520149972988,396.24707799521275
56,0,0,7,5,0,3,473,1729.3451060104417,2501.5493289974984,24587.87899799063,15197.47074499901
161,0,0,3,10,0,2,1,415.38814100204036,415.1663500088034,4453.679444006411,819.9645479908213
7,0,0,1,0,0,1,13,132.5630040082615,182.51185800181702,167.08550800103694,81.5817819966469
110,0,0,7,4,0,3,6,677.3100580030587,620.4424560128246,46564.769101009006,20175.39831000613
7,0,0,2,0,0,1,229,233.3731780090602,366.5213819913333,497.15564600774087,157.36100600042846
9,0,0,1,1,0,1,5,122.17490300827194,168.6290970101254,652.200280004763,292.76697199384216
8,0,0,1,0,0,1,2,65.66373900568578,86.14864399714861,330.60372799809556,157.30979399813805
4,0,0,1,0,0,1,2666,104.06730500108097,144.02204100042582,561.7764519993216,229.38026300107595
4,0,0,0,1,0,1,3,386.67255800100975,183.6531539884163,560.3441709972685,173.5833129932871
53,0,0,6,4,0,3,0,1235.8144970057765,1244.4379579974338,12560.418493987527,3113.936505993479
12,0,0,4,1,0,2,1,359.85463998804335,342.70615498826373,1313.284117000876,602.6221200008877
400,0,0,4,17,0,2,1,706.0541299870238,670.3033219964709,26092.724529007683,3699.2884850042174
87,0,0,5,3,0,3,0,512.5547909992747,118.15416099852882,10789.34554400621,3486.2036740087206
6,0,0,1,0,0,1,49,251.62112900579814,341.822450995096,329.20091900450643,162.84325301239733
15,0,0,3,0,0,1,1,124.49300999287516,172.83792300440837,2535.2815960068256,1156.279809991247
9,0,0,1,0,0,1,1,123.09294698934536,171.98608399485238,652.9553040018072,308.06016200222075
33,0,0,4,3,0,2,122,1445.9379850013647,2409.4988659926457,2344.1583280073246,1959.097255996312
14,0,0,1,2,0,2,77,457.19397701031994,834.9952009884873,1149.1456130024744,906.5982440079097
6,0,0,2,0,0,1,5477,137.7523929986637,191.8929599924013,1209.764836996328,618.0902960040839
176,0,0,1,11,0,2,1,336.67127099761274,324.4392839987995,1360.6310689938255,466.0046900098678
52,0,0,7,4,0,3,39,1239.2145179910585,2446.0754739993718,21611.322288998053,8837.657352996757
14,0,0,4,2,0,3,57,579.5891370071331,390.2268850069959,1225.0142599950777,526.0030380013632
9,0,0,1,0,0,1,1,125.88456099911127,174.3278409994673,666.0023829899728,315.2785159909399
112,0,0,9,4,0,3,12550,305.5223819974344,90.35425999900326,56095.47377600393,26364.655272991513
3,0,0,0,0,0,0,84,125.8892790065147,203.1698009959655,320.4447610041825,161.44277500279713
154,0,0,5,8,0,2,1,355.28362200420815,321.0136100096861,19122.52043999615,6410.788383000181
7,0,0,2,0,0,1,1817,244.95331099024042,253.93198899109848,611.2799359980272,312.8731729957508
4,0,0,1,0,0,1,0,117.66904500836972,160.80555799999274,594.9359090009239,284.8977640096564
6,0,0,2,0,0,1,877,234.04686500725802,180.39406300522387,645.9688780014403,335.4292650037678
11,0,0,5,0,0,1,606,231.37852099898737,311.4917350030737,4967.1378190105315,1948.44627501152
10,0,0,2,0,0,1,2,216.76937901065685,170.22723800619133,336.19447000091895,288.10690400132444
12,0,0,1,1,0,1,1,133.65425399388187,179.10209100227803,715.4280600079801,331.97315300640184
6,0,0,3,0,0,1,12550,57.38686599943321,76.98356000764761,766.5384249994531,594.2682640015846
53,0,0,4,5,0,2,1,907.3510919988621,1141.2111109966645,3151.5297810110496,1613.826393004274
6,0,0,2,0,0,1,3131,231.02664299949538,345.06608299852815,670.8943779958645,321.71540800482035
14,0,0,4,2,0,3,10,502.7760460070567,380.26031899789814,721.0694910027087,317.3419379891129
123,0,0,1,21,0,1,1,377.0702820038423,197.5427120050881,2046.4482889947249,345.5684289947385
7,0,0,2,1,0,2,0,619.8848950007232,612.9700360033894,1043.9432639977895,339.29583699500654
13,0,0,4,1,0,2,0,120.69137798971497,169.46101099892985,5123.032584000612,1892.2746579919476
116,0,0,5,4,0,3,0,330.7846109964885,991.8074489978608,13887.574444001075,4152.228049992118
37,0,0,3,4,0,3,1,388.19357700413093,898.8785819965415,2036.6995890071848,1364.38441601058
23,0,0,2,1,0,1,1,158.35825000249315,110.78794300556183,1433.4508960018866,609.1655159980292
155,0,0,1,6,0,2,1,543.1404419941828,511.31986000109464,1908.0412760085892,615.4331450088648
9,0,0,2,0,0,1,0,127.56641699525062,179.76745100168046,1286.0853119927924,602.6220570056466
17,0,0,2,2,0,2,0,598.2911049941322,361.32459600048605,969.2947189905681,335.85972200671677
13,0,0,1,1,0,2,1,122.98464099876583,163.39522998896427,672.5907960062614,289.9060509953415
15,0,0,3,1,0,2,3,130.26116600667592,171.57248299918137,1348.2927230070345,306.18077600956894
16,0,0,4,0,0,1,3,121.47238699253649,172.42837000230793,5237.433375994442,2393.4683249972295
109,0,0,6,4,0,2,2,488.934977009194,650.8128480054438,33887.95708800899,13613.945872988552
13,0,0,3,0,0,1,5,128.05647600907832,173.5147730069002,2106.8291109986603,1118.4851089928998
12,0,0,3,0,0,1,1,209.90397899004165,363.6675969901262,1294.954744997085,600.220601001638
13,0,0,5,0,0,1,0,129.91994300682563,186.76994599809404,4253.505382992444,2132.5546800071606
124,0,0,0,15,0,1,1,623.8994849991286,508.9904220076278,546.2642579950625,133.03584400273394
94,0,0,2,15,0,2,0,131.38425200304482,165.9145269950386,2547.2751170018455,445.77577800373547
34,0,0,5,3,0,3,12550,117.88434299523942,38.71410399733577,3839.8345159948803,3007.3750159936026
16,0,0,1,1,0,1,1,124.05290600145236,173.36774300201796,707.0870099996682,303.30326900002547
5,0,0,1,0,0,1,292,121.64074399333913,168.6972390016308,611.9768079952337,290.17187100544106
8,0,0,2,0,0,1,0,117.79103700246196,160.2925010083709,1207.5643680000212,547.6778649899643
58,0,0,9,5,0,3,0,2079.634822002845,4129.682339000283,41857.79131599702,26516.639679990476
6,0,0,2,0,0,1,521,120.73302599310409,165.91037399484776,1174.45807500917,556.9860429968685
13,0,0,3,0,0,1,7,84.50396299303975,169.91374500503298,2507.6049610070186,1119.0021090005757
21,0,0,1,2,0,2,2,629.5895210059825,612.310589000117,1075.2967159933178,784.8309330001939
12,0,0,3,0,0,1,0,122.33533599646762,168.17117400933057,1983.1085490004625,1192.0230249961605
5,0,0,0,0,0,0,48,122.6380110019818,174.46240900608245,328.34087598894257,157.18858799664304
1,0,0,0,0,0,0,9230,53.69510600576177,69.5238009939203,202.05194200389087,153.8408240012359
53,0,0,4,5,0,2,1,1244.76730900642,1196.034984997823,4111.7862410028465,3588.5586490039714
40,0,0,4,3,0,2,0,1377.8061409975635,823.5776549990987,2807.03155399533,690.6420419982169
19,0,0,2,1,0,1,1,122.38814101147,171.87192299752496,1429.689166994649,603.1072210025741
2,0,0,0,0,0,0,1121,128.04944699746557,174.85963900981005,323.73525798902847,172.89827798958868
38,0,0,5,4,0,3,0,628.2845759997144,362.76930099120364,8007.11128799594,1716.9354729994666
11,0,0,2,1,0,3,12550,94.90114499931224,43.93136300495826,1147.2402369981864,942.8658230026485
2,0,0,1,0,0,1,12550,37.73461400123779,45.547868008725345,200.13251299678814,151.78034899872728
29,0,0,7,3,0,3,12550,218.99399200628977,76.32250100141391,7136.5067579899915,5038.312570002745
14,0,0,4,2,0,2,633,494.19549900630955,681.3686940004118,2424.815606995253,1247.025513992412
40,0,0,0,3,0,1,0,423.3004760026233,442.95275800686795,619.1723679949064,389.87869999255054
10,0,0,2,0,0,1,4,120.22687299759127,167.5525549944723,1251.4539030089509,374.7869500075467
49,0,0,5,4,0,3,12550,295.54858499614056,89.71353799279314,7844.5498360088095,5591.33714500058
114,0,0,9,10,0,3,1,948.7343259970658,1942.3606140044285,60000.0,49148.03206900251
9,0,0,1,2,0,1,1,131.17310000234284,174.61023399664555,685.469643009128,308.12146699463483
14,0,0,1,0,0,1,1,124.21204400015995,177.1502730116481,688.150964997476,315.12079399544746
39,0,0,4,4,0,3,0,117.879441997502,161.55759298999328,4794.399652004358,1670.019589990261
7,0,0,2,0,0,1,419,270.8469700010028,397.51758400234394,643.9381050004158,315.7412000000477
339,0,0,1,17,0,2,1,503.0069960048422,489.8068510083249,3286.776638997253,490.81876801210456
125,0,0,1,15,0,2,1,631.3958039972931,578.8401439931476,2201.3802220026264,582.7685190015472
36,0,0,2,6,0,2,1,391.6489650000585,412.8074409964029,2711.257980990922,932.8643819899298
60,0,0,11,5,0,3,1,1512.622348003788,1444.3558450002456,60000.0,60000.0
202,0,0,2,10,0,2,1,1073.8148460077355,1063.563035990228,2345.5781529919477,481.039823993342
20,0,0,3,3,0,2,18,1140.5429250007728,1052.9168189968914,1311.5708070108667,919.883918002597
39,0,0,4,6,0,2,1,127.62571399798617,163.9406229951419,7082.827402002295,2210.7646219956223
15,0,0,2,2,0,2,1,123.20743899908848,167.77524301141966,1344.187722002971,574.9245299957693
2,0,0,0,0,0,0,1827,110.257971988176,151.90107400121633,293.6930760042742,150.86966400849633
9,0,0,1,0,0,1,1,120.800586999394,167.44755099352915,649.6271530049853,296.0145279939752
14,0,0,6,0,0,1,0,364.31998999614734,557.7851799898781,10256.615618985961,4725.9364659985295
54,0,0,5,5,0,2,73,1085.4323550011031,2048.2317690039054,8784.810373996152,7140.268508999725
14,0,0,3,1,0,1,8,508.71927601110656,380.6179469975177,878.420623994316,299.35101899900474
18,0,0,1,2,0,2,93,499.7811869980069,894.6548319945578,1055.1184890064178,808.7835219921544
8,0,0,3,0,0,1,2326,251.68586798827164,355.1951500121504,1152.0935480075423,571.1522579949815
23,0,0,1,3,0,1,1,133.9213769970229,174.98614400392398,774.1379999933997,301.7843369889306
15,0,0,3,1,0,1,5,129.98712000262458,180.2555080066668,2749.518773998716,1219.1916489973664
38,0,0,6,3,0,3,0,1480.6004990095971,1139.4721180113265,12186.861096008215,3150.1802659913665
9,0,0,1,0,0,1,6,134.50823299353942,185.89565399452113,659.8797549959272,308.21828299667686
114,0,0,2,8,0,3,1,585.6625860033091,551.7655540024862,2073.3618099911837,1000.4572570032906
41,0,0,4,6,0,2,1,1292.3462439939613,1543.3050199935678,5197.923332001665,1354.4400000100723
13,0,0,2,0,0,1,0,63.818447990342975,85.17040699371137,1188.0742040084442,572.0601600041846
109,0,0,4,10,0,2,1,536.4896760002011,513.9277460111771,6211.261667005601,1263.8568789989222
5,0,0,0,0,0,0,24,69.93725898792036,169.5250080083497,294.9590890057152,169.93189800996333
13,0,0,5,0,0,1,39,246.7551790032303,370.40714599424973,5107.04779200023,2080.2894099906553
11,0,0,1,1,0,1,2,245.07411100785248,355.0363149988698,339.52664901153184,149.54107499215752
6,0,0,2,0,0,1,696,265.74059200356714,390.9752299950924,659.6219109924277,333.3634470036486
17,0,0,4,1,0,1,1,375.0839490094222,181.1095870070858,8285.687454001163,2612.18755999289
21,0,0,3,1,0,1,1,66.21513499703724,86.08338699559681,2580.072722004843,1195.094811002491
15,0,0,2,1,0,2,5,124.59290800325107,171.62348100100644,1351.9171499938238,609.0061389986658
5,0,0,2,0,0,1,606,233.18308200396132,340.57508199475706,616.2426359951496,305.7418480020715
137,0,0,5,5,0,2,2,943.7776330014458,1289.3330859951675,9119.989008002449,2696.237538999412
21,0,0,1,2,0,2,0,552.8844619984739,522.4413940013619,1183.7544800073374,367.4445310025476
11,0,0,2,1,0,3,14,125.368687993614,176.38564799563028,666.4697889937088,310.2617080003256
13,0,0,2,0,0,1,1,120.09279000631068,167.9313380009262,1272.7767730102642,554.3264360021567
57,0,0,8,5,0,3,4,782.0617749966914,2420.1437970041297,60000.0,42379.134428992984
15,0,0,5,2,0,2,1479,464.3925569980638,925.9373759996379,5341.957779994118,2003.8450460124295
40,0,0,5,4,0,3,0,117.464356997516,162.6477120007621,6876.271661996725,2236.768242000835
9,0,0,1,0,0,1,0,119.70661600935273,170.17389899410773,636.127503006719,291.555222007446
12,0,0,3,0,0,1,51,257.7252530027181,362.69425800128374,1038.088402012363,284.26162598771043
18,0,0,8,2,0,3,12550,145.96862399776,123.84066300000995,9502.340356004424,3405.3911809896817
12,0,0,1,1,0,1,1,128.7018849980086,179.05689399049152,683.0678020050982,312.7260490000481
42,0,0,8,4,0,3,12550,143.08813300158363,46.96465800225269,15046.38255199825,12094.407486001728
19,0,0,3,2,0,3,274,293.6537009954918,177.42402899602894,1034.5235010026954,325.93205699231476
38,0,0,4,4,0,2,12550,248.46014801005367,90.82603998831473,5343.724270991515,3309.1292870085454
8,0,0,1,1,0,1,32,245.61120200087316,356.6280969971558,338.8713840104174,159.0843390004011
2,0,0,0,0,0,0,1827,58.8170179980807,76.58571499632671,147.1942299976945,77.38494100340176
36,0,0,1,2,0,2,18,1182.7843979990575,1296.226745005697,680.3838490013732,482.8361969994148
21,0,0,1,3,0,2,3,67.59405699267518,85.36571200238541,362.54268400080036,142.93421899492387
55,0,0,6,5,0,2,1,1253.4182370000053,1214.0016100020148,6124.459906000993,3569.798394004465
2,0,0,0,0,0,0,3160,65.12699399900157,82.69974999711849,154.6530320047168,79.1741120046936
13,0,0,2,1,0,2,6,125.12457300908864,172.9145889985375,1337.2729219991015,603.3220520039322
13,0,0,3,1,0,1,1,142.36992299265694,193.98252900282387,2683.9838969899574,1192.8174740023678
3,0,0,1,0,0,1,8399,149.40481699886732,215.1393739914056,323.9267809985904,170.23617299855687
4,0,0,1,0,0,1,4804,218.0864389956696,321.141553009511,318.31914000213146,175.10715800744947
28,0,0,2,2,0,2,12550,177.20284100505523,61.2003790010931,1336.5282360027777,1030.2326759992866
1,0,0,0,0,0,0,8399,79.71685999655165,107.03448399726767,243.81149200780783,157.7274120063521
4,0,0,0,0,0,0,2,129.33752400567755,182.8310739947483,336.5662089927355,155.62533900083508
15,0,0,6,2,0,3,12550,134.17603899142705,107.35365400614683,4320.40240400238,1576.2680990010267
10,0,0,5,0,0,1,12550,41.567388994735666,55.023141991114244,3262.791989996913,2241.273558989633
51,0,0,1,5,0,2,1,440.3378269926179,431.35761200392153,1502.1184549987083,786.4875919913175
33,0,0,3,3,0,2,3,442.06902000587434,699.8077709868085,4504.258544999175,3102.075139991939
10,0,0,2,0,0,1,5,111.37432200484909,173.37760800728574,806.2042699893937,439.7035929869162
183,0,0,1,9,0,2,1,572.5334629969439,924.9105710041476,2032.9286159976618,464.0830639982596
8,0,0,3,1,0,2,12550,87.85410100244917,78.21781899838243,1136.6785880090902,598.2699099986348
13,0,0,2,1,0,1,1,125.38461700023618,172.43442600010894,1165.4628079995746,310.9055579989217
44,0,0,3,3,0,2,12550,133.1808520044433,39.07575400080532,2808.4811120061204,2104.3522719992325
10,0,0,1,0,0,1,5,70.1611469994532,94.58187899144832,333.8235650007846,181.54690699884668
37,0,0,1,2,0,2,2,579.262227009167,519.8871250031516,1173.6602160090115,792.7639950066805
72,0,0,1,3,0,2,1,658.5885160020553,620.5379669991089,1196.8631009949604,402.1185500023421
9,0,0,1,0,0,1,0,122.69777301116847,170.4014900024049,651.483558001928,304.0031910059042
59,0,0,10,5,0,3,1,1506.1520659946837,1633.5086580074858,60000.0,60000.0
14,0,0,5,0,0,1,37,70.40702700032853,95.29011699487455,9096.921134987497,3734.7547770041274
4,0,0,2,0,0,1,12550,47.24667799018789,60.90538999706041,533.5703140008263,268.47338100196794
2,0,0,0,0,0,0,0,119.39602899656165,162.68784999556374,303.84736899577547,150.3872129978845
214,0,0,5,9,0,2,0,530.6915469991509,499.70119299541693,26458.251682997798,10014.50899199699
13,0,0,1,0,0,1,1,125.57920800463762,174.7385079943342,669.7940510057379,309.6146810130449
17,0,0,2,1,0,1,1,123.00579898874275,170.53493398998398,1396.802873001434,607.9624359990703
37,0,0,4,3,0,3,12550,220.99641698878258,75.54697700834367,5063.5190489992965,3468.993196001975
13,0,0,2,1,0,1,9,131.94029899023008,172.24346900184173,1367.3819989926415,603.2123949989909
209,0,0,2,19,0,2,1,593.6792040010914,534.1048139962368,2426.598286998342,459.7902129899012
25,0,0,3,4,0,2,6,131.09867500315886,174.68814400490373,2680.1224559894763,844.092551007634
7,0,0,1,1,0,2,118,391.563187004067,182.01330098963808,529.1532929986715,176.08325699984562
49,0,0,2,12,0,2,1,446.6215540014673,428.4279649873497,2844.1465299983975,879.3031010136474
50,0,0,5,4,0,3,0,1250.541337998584,1465.155654004775,6785.713170000236,1777.9751899943221
57,0,0,8,5,0,3,1,1258.5171540122246,1476.543723998475,60000.0,29558.91090699879
12,0,0,1,1,0,1,1,131.76725899393205,173.42549898603465,691.8730229954235,303.2130759966094
2,0,0,1,0,0,1,12550,36.383903003297746,44.570754005690105,276.7125130048953,155.50419100327417
6,0,0,0,0,0,0,0,69.23994299722835,180.6587790051708,341.34904100210406,171.0685380094219
10,0,0,1,0,0,1,1,249.50015200010967,364.88778500643093,338.08083199255634,157.711316991481
52,0,0,3,5,0,2,1,1236.137043000781,1192.2336949937744,2364.6875609993003,1821.1051050020615
12,0,0,3,0,0,1,1,132.38358999660704,137.36568100284785,1308.3351880050031,607.9449239914538
65,0,0,3,7,0,2,1,1256.4204429945676,1193.8775110029383,2936.3981140049873,882.0055450050859
26,0,0,3,2,0,1,1,141.5305789996637,188.87481199635658,791.7027100047562,382.5475480116438
10,0,0,2,2,0,2,1,133.9830479992088,177.36256901116576,690.3202690009493,308.222713007126
54,0,0,5,5,0,3,39,1146.8464179924922,2520.452951997868,8874.763672996778,5693.1400730099995
14,0,0,2,2,0,2,1,127.8989420097787,176.09735600126442,690.3153949970147,313.4452490048716
16,0,0,5,1,0,2,43,495.8158389927121,746.4984050020576,4957.7841269929195,2190.5897919932613
9,0,0,1,1,0,1,4,369.32994100789074,183.14074400404934,1150.3547970060026,341.17189300013706
223,0,0,1,22,0,2,1,605.914389991085,465.51926599931903,2116.2768099893583,439.9584089987911
1,0,0,0,0,0,0,9914,48.87538299954031,109.26063799706753,247.0204580022255,162.6116400002502
6,0,0,3,0,0,1,12550,30.37998199579306,38.28968000016175,794.1646160033997,584.4884249963798
58,0,0,9,5,0,3,12550,344.0708410053048,106.11911599698942,60000.0,40735.63244201068
41,0,0,6,4,0,3,0,61.68455599981826,80.04660600272473,17997.359357992536,5984.805938001955
7,0,0,3,0,0,1,9914,114.93554200569633,154.7462890011957,1664.4959179975558,768.3343890093965
9,0,0,1,0,0,1,1,123.32501099444926,175.6589510041522,652.8566140041221,312.3899069905747
5,0,0,1,1,0,2,1511,113.9054500090424,157.84933599934448,595.2008080057567,286.53735799889546
10,0,0,2,0,0,1,29,136.43943099305034,191.5229770092992,1166.143785987515,533.73336000368
27,0,0,1,5,0,2,1,132.5487310095923,168.9026389940409,650.174941009027,145.308078994276
13,0,0,3,1,0,1,19,324.48315199872013,534.8854110052343,1351.7429560015444,604.195673004142
14,0,0,4,2,0,2,4,463.7311679980485,264.7156829916639,699.9298009905033,302.0100699941395
54,0,0,5,5,0,3,1,1243.7813059950713,1750.8213940018322,9252.463935001288,5397.048451995943
117,0,0,6,4,0,3,0,1815.9174049942521,2336.1850250075804,13683.288756001275,3944.4610010104952
32,0,0,1,5,0,1,1,123.46709599660244,170.6626410013996,854.4149729859782,309.6263600018574
11,0,0,1,0,0,1,3,123.55246499646455,170.54546299914364,662.4442219908815,309.8844630003441
16,0,0,4,2,0,2,2,64.3177900055889,84.8478289990453,5092.236930999206,2237.9199769929983
54,0,0,5,5,0,2,18,2359.5049580035266,2984.678413005895,5817.990142997587,3432.622332009487
4,0,0,0,0,0,0,15,66.05964500340633,88.26188099919818,163.92531199380755,81.83358299720567
18,0,0,7,2,0,3,9914,898.8236329896608,989.109981994261,12977.72936700494,7158.752989009372
47,0,0,1,5,0,1,1,590.1959190086927,521.8553620070452,1055.8885260106763,367.4504969967529
12,0,0,3,1,0,1,15,143.2633850054117,205.06783900782466,2643.8922609959263,1188.8076219911454
6,0,0,2,0,0,1,2091,86.80770099454094,95.4539629892679,1077.726214993163,580.9302590059815
96,0,0,4,15,0,2,1,130.47786000242922,165.79258399724495,5005.830584996147,741.2071069993544
41,0,0,6,4,0,3,0,118.18444299569819,162.3931909998646,17443.769143996178,5677.548690000549
8,0,0,0,2,0,1,18,329.8906590061961,336.1399309942499,495.9415239864029,337.1691840002313
13,0,0,2,0,0,1,1,144.19977899524383,203.82575799885672,1304.4605510076508,599.957999002072
33,0,0,3,3,0,2,8,1120.1805340097053,1086.4052429969888,2117.7171640010783,1499.1166630061343
2,0,0,0,0,0,0,0,118.49934699421283,165.7781159883598,308.2693360047415,147.4886259966297
35,0,0,2,5,0,2,1,128.73846798902377,162.10161699564196,1659.5565759926103,418.1490539922379
15,0,0,4,1,0,1,1,148.60865099763032,204.29219199286308,5318.349143009982,2414.047487996868
213,0,0,4,9,0,2,1,525.4821550042834,496.11210500006564,16637.061879999237,5281.422512009158
95,0,0,5,4,0,3,1,661.4696760079823,881.7600049951579,9345.167598003172,2667.5051959900884
41,0,0,3,7,0,2,1,127.211085986346,170.33999800332822,3508.6140670027817,1110.3479689918458
12,0,0,4,0,0,1,149,268.3631070103729,395.0423589994898,2557.0060270110844,1205.379199993331
50,0,0,6,4,0,3,39,1234.7118860052433,2272.7588410052704,10130.831889007823,5492.394788001548
9,0,0,3,1,0,3,1916,140.5506709998008,188.6632449895842,1247.5609030079795,598.3268380077789
14,0,0,1,0,0,1,1,128.32482600060757,174.61948600248434,684.46678800683,306.027238999377
6,0,0,0,0,0,0,0,121.40805598755833,168.68857100780588,327.15156600170303,161.31609199510422
11,0,0,1,0,0,1,1,125.05314000009093,186.83522699575406,676.9109710003249,328.8373010000214
76,0,0,1,12,0,1,1,134.4629429950146,168.3257370023057,677.2655569948256,219.67013999528717
152,0,0,2,8,0,2,1,775.3681640024297,734.5653039956233,2652.399398997659,886.7661349941045
38,0,0,4,4,0,2,12550,248.83677100297064,90.09991100174375,5309.182141005294,3809.9277769943
18,0,0,3,2,0,2,1,127.95460599591024,170.19503901246935,2652.181555997231,1104.378734002239
5,0,0,2,0,0,1,0,185.9706209943397,356.3654159952421,632.5059689988848,309.9651980010094
10,0,0,1,0,0,1,1,133.42191999254283,185.8536979998462,660.4112070053816,310.67661399720237
9,0,0,1,0,0,1,7,62.5589389965171,84.90192200406455,331.70359999348875,147.9791949968785
15,0,0,5,2,0,3,0,170.749265991617,217.0238539983984,1919.662860003882,1012.7671259979252
12,0,0,3,0,0,1,1,361.8396980018588,558.1117710098624,1289.5466709887842,602.8207079943968
3,0,0,0,0,0,0,114,117.86467100318987,166.7114909942029,291.5938179939985,130.02047699410468
15,0,0,5,0,0,1,4,147.0656930032419,210.63020899600815,9222.023208989413,4607.916768989526
6,0,0,0,0,0,0,41,123.29781999869738,184.63351800164673,344.7143499943195,181.91760699846782
16,0,0,6,2,0,3,116,973.9811300096335,633.3430340018822,3971.9898699986516,1765.4678679973586
39,0,0,0,2,0,1,0,751.7513529892312,715.845774000627,487.76098000234924,187.83898898982443
6,0,0,2,0,0,1,0,244.79208000411745,358.40368999924976,374.36921599146444,177.15888998645823
4,0,0,0,0,0,0,27,96.55001499049831,115.72268999589141,321.0382370016305,156.26491399598308
56,0,0,7,5,0,3,8,825.497372992686,639.3966050090967,16622.475017997203,10714.216750988271
16,0,0,3,1,0,2,1,252.81335599720478,370.74778501119,1126.6569699946558,559.8774069949286
11,0,0,2,0,0,1,2,122.62733399984427,172.0842610084219,1293.9751410012832,601.1380170093616
36,0,0,4,2,0,3,12550,198.73903499683365,61.10799800080713,3558.3205459988676,2687.9188849998172
13,0,0,3,0,0,1,3,123.18799400236458,167.34083300980274,2519.5088689943077,1148.3745840087067
15,0,0,4,1,0,1,6,376.74498799606226,430.36436699912883,2064.241089989082,1125.4954909964
19,0,0,7,2,0,3,763,686.4023509988328,661.1475649988279,10188.833633990726,3839.5103239890886
11,0,0,2,0,0,1,2,252.14541199966334,368.43731500266585,540.2618359948974,155.31166199070867
14,0,0,4,2,0,3,25,149.9194469943177,204.60611701128073,1355.650142999366,605.9623159962939
13,0,0,1,1,0,2,1,129.86489600734785,172.05521000141744,695.2720279950881,315.1406870019855
5,0,0,1,0,0,1,433,64.70676900062244,84.57298700523097,317.31140799820423,302.6695760054281
10,0,0,2,1,0,2,43,132.6985890045762,184.08154699136503,1350.058058000286,649.3169089953881
26,0,0,4,3,0,3,295,313.8817129947711,992.2248630027752,5140.5833439930575,3817.416025995044
15,0,0,2,1,0,1,1,124.56516700331122,172.74702699796762,936.7633159999968,374.1519059985876
15,0,0,2,1,0,1,0,66.31220599228982,132.07863199932035,1386.0361370025203,619.2708769958699
6,0,0,2,0,0,1,693,235.08693699841388,347.6462020043982,629.4421149941627,306.0323829995468
13,0,0,4,1,0,2,61,139.5447639952181,187.1237250015838,2534.3380790000083,1279.0790799917886
5,0,0,1,0,0,1,650,62.313276997883804,101.9183320022421,600.0083609978901,295.1000400062185
8,0,0,3,0,0,1,3627,434.0489850001177,688.0178629944567,1227.4538299971027,592.075175998616
14,0,0,3,1,0,1,9,487.9715639981441,381.6003219981212,1183.272266003769,454.650245999801
32,0,0,2,5,0,2,1,831.2421199952951,823.5096150019672,1321.2952290050453,413.16689300583676
12,0,0,1,1,0,1,2,123.34841099800542,176.06592501397245,387.1820500062313,213.95460900384933
68,0,0,3,4,0,3,1,412.9879200045252,655.69966599287,4153.976760993828,2124.233775000903
12,0,0,2,1,0,2,0,626.3396389986156,561.8081189895747,660.6244190043071,304.8778160009533
12,0,0,2,1,0,1,4,197.52655799675267,96.30545100662857,1773.8220659957733,677.2738419967936
35,0,0,3,2,0,3,12550,195.16419900173787,60.74892399192322,2108.0838959896937,1622.1526049921522
39,0,0,6,4,0,3,122,1339.6837840118678,1978.1660520093283,16492.40695600747,7454.964920994826
15,0,0,6,2,0,3,12550,132.9348090075655,106.07977100880817,3983.533033009735,2280.1163100084523
136,0,0,5,5,0,3,1,530.1013249991229,872.3396080022212,13998.462415998802,4148.681582999416
48,0,0,7,4,0,3,0,995.8833290002076,658.1331189954653,16052.162185995257,3690.430558010121
16,0,0,8,0,0,1,12550,109.51960300735664,152.77587200398557,37341.640099999495,16837.837227998534
14,0,0,7,0,0,1,12550,98.91016500478145,136.06404500023928,16502.22310400568,6959.18882600381
57,0,0,8,5,0,3,688,1781.5726099943276,2820.645079991664,30985.114380004234,20651.07634999731
