num_elements,num_wildcards,num_anything,num_optionals,num_parallels,num_choices,tree_depth,matches,VM,VM_LAZY,DFS,BFS
2,0,0,0,0,0,0,3830,16.140713007189333,20.32472100108862,72.14619393926114,70.18773094750941
26,0,0,0,5,0,3,9,63.44828300643712,77.99703592900187,125.12372399214655,66.91860395949334
25,0,0,1,4,0,3,1,110.9181500505656,158.6254360154271,145.57857892941684,37.75461495388299
30,0,0,1,3,0,2,1,66.60507607739419,84.04584508389235,337.11321896407753,134.8538469756022
33,0,0,1,7,0,3,1,118.63082798663527,161.39139398001134,198.84327799081802,72.10561400279403
32,0,0,1,3,0,2,1,34.26668397150934,64.66225197073072,324.04603401664644,148.281897068955
79,0,0,1,16,0,4,1,77.64808204956353,86.93260292056948,560.6528780190274,97.35446597915143
29,0,0,1,5,0,3,1,73.93887196667492,88.11505092307925,360.12110800947994,142.83922500908375
31,0,0,2,3,0,3,1,67.01863801572472,82.70436490420252,645.4009639564902,269.791029044427
80,0,0,2,16,0,4,1,80.32723190262914,90.7681800890714,1037.394128041342,144.59341391921043
31,0,0,2,3,0,2,1,67.00004497542977,84.20767995994538,676.0059079388157,265.9238309133798
26,0,0,2,2,0,3,1,66.36963994242251,83.0848979530856,638.5303160641342,265.6471870141104
22,0,0,0,6,0,3,7,116.34595494251698,79.73656803369522,271.1904690368101,74.55811905674636
80,0,0,2,16,0,4,1,81.37922908645123,91.99533890932798,1055.318242055364,286.2735850503668
34,0,0,2,7,0,3,2,60.50096405670047,116.94999400060624,398.1646979227662,142.95270305592567
26,0,0,2,4,0,3,2,57.37190891522914,79.44708107970655,178.52266901172698,74.48350102640688
33,0,0,2,3,0,2,1,68.45808296930045,81.83604700025171,737.1443419251591,293.10639994218946
32,0,0,3,3,0,3,1,33.73217792250216,41.322376928292215,1008.7879879865795,528.8403279846534
80,0,0,2,16,0,4,1,78.20287707727402,87.91621099226177,1132.226676098071,292.1252609230578
27,0,0,1,5,0,3,1,79.40421102102846,89.06627097167075,393.6694829026237,146.23994403518736
33,0,0,2,3,0,2,1,68.18458205088973,80.56439505890012,743.8288589473814,295.5590469064191
32,0,0,3,3,0,3,1,68.95458092913032,100.06751795299351,1235.8815980842337,531.8204080685973
30,0,0,0,6,0,3,1,145.1581020373851,91.31569997407496,281.5912840887904,80.72477008681744
21,0,0,0,4,0,3,1,80.6611169828102,90.9394919872284,200.18844201695174,88.65176106337458
33,0,0,2,3,0,2,1,78.94641102757305,61.820344999432564,373.4839669195935,142.33610895462334
33,0,0,2,3,0,2,1,68.06881900411099,80.97765292041004,733.9132790220901,293.41954400297254
81,0,0,3,16,0,4,1,80.92790702357888,88.59673806000501,2039.250809000805,568.9535130513832
35,0,0,3,7,0,4,9,116.71338998712599,158.53939298540354,743.9006670610979,283.1560510676354
35,0,0,3,7,0,3,2,96.0949269356206,167.18865011353046,782.3699960717931,281.48234193213284
81,0,0,3,16,0,4,1,80.23369091097265,90.24374803993851,2058.900499017909,571.8697420088574
81,0,0,3,16,0,4,1,40.904180030338466,42.03007696196437,1988.355212030001,591.3786840392277
82,0,0,4,16,0,4,1,81.42955705989152,88.08199700433761,2053.825144073926,573.042732081376
32,0,0,3,3,0,3,1,65.47429296188056,82.28641701862216,1284.0494180563837,475.6686899345368
30,0,0,2,5,0,3,1,129.6477820724249,170.08324898779392,332.64491299632937,140.87380992714316
46,0,0,1,7,0,3,1,65.79272297676653,80.7657070690766,413.2999118883163,142.4086260376498
31,0,0,1,6,0,4,3,41.018745047040284,43.333535082638264,262.18287309166044,144.23011301551014
81,0,0,3,16,0,4,1,46.71605199109763,48.52504306472838,1207.920365035534,567.7377249812707
21,0,0,2,3,0,3,61,118.31278598401695,160.3752679657191,344.32788798585534,144.6316190995276
35,0,0,3,7,0,3,0,129.28119394928217,166.21196898631752,793.8480569282547,279.55577708780766
82,0,0,4,16,0,4,1,81.00375498179346,89.02997896075249,3380.7825810508803,914.6109540015459
15,0,0,0,3,0,3,8,27.057930012233555,38.01566001493484,78.62114207819104,36.87652503140271
82,0,0,4,16,0,4,1,93.69964001234621,105.23045994341373,4078.5437690792605,1007.9795810161158
2,0,0,0,0,0,0,3830,8.568796911276877,10.258111055009067,36.40094993170351,34.01211998425424
21,0,0,3,3,0,3,87,121.22362002264708,168.32036094274372,638.4858320234343,277.73805102333426
43,0,0,1,6,0,3,1,57.31218692380935,79.94906301610172,393.7768740579486,151.99737006332725
53,0,0,1,5,0,3,1,38.76579203642905,40.380034944973886,280.23487504106015,149.45485396310687
36,0,0,4,7,0,4,9,120.9272569976747,162.81810693908483,1399.6586609864607,546.1483959807083
29,0,0,1,4,0,3,1,67.59655405767262,83.63984001334757,372.54603602923453,148.25086493510753
1,0,0,0,0,0,0,3830,10.98837109748274,12.783598969690502,65.46270893886685,64.67747094575316
81,0,0,3,16,0,4,1,80.88035497348756,89.07921600621194,1930.4250370478258,591.1044620443135
33,0,0,4,3,0,3,1,67.02955905348063,84.14139703381807,2234.717344981618,1064.2312329728156
18,0,0,0,2,0,3,38,57.61247791815549,81.21604996267706,164.8889679927379,43.64750802051276
82,0,0,4,16,0,4,1,78.28771392814815,85.71009407751262,3678.256227984093,773.5292779980227
3,0,0,0,0,0,0,365,25.491897016763687,34.86027696635574,64.12884802557528,34.279488027095795
33,0,0,4,3,0,3,1,66.67339405976236,83.53393198922276,2516.8413390638307,1063.6579870479181
31,0,0,1,4,0,3,1,33.77396997530013,41.3529189536348,190.1403790106997,72.68312608357519
30,0,0,2,5,0,3,1,91.15689492318779,101.46912804339081,686.957761994563,239.04339491855353
37,0,0,5,7,0,4,26,139.8516510380432,141.46907289978117,2523.811502964236,1105.465617030859
16,0,0,1,3,0,3,8,53.72023698873818,79.31797299534082,365.1392920874059,68.0424029706046
33,0,0,3,5,0,4,2,232.93665202800184,192.10376392584294,1094.9876520317048,252.69791798200458
82,0,0,4,16,0,4,1,81.14667201880366,89.86372698564082,4179.601720999926,1146.3283330667764
28,0,0,2,5,0,3,1,78.18266400136054,90.26803995948285,715.2445670217276,291.6297590127215
44,0,0,2,6,0,3,1,29.871130012907088,40.396569063887,559.907635091804,295.1554859755561
34,0,0,3,3,0,2,2,69.09207999706268,80.73322894051671,1375.9550269460306,593.0812460137531
40,0,0,1,8,0,3,1,40.026886970736086,43.35577099118382,225.81587091553956,71.22886402066797
26,0,0,1,5,0,3,1,34.56681000534445,54.508353932760656,357.47734596952796,144.86104692332447
22,0,0,4,3,0,3,843,344.6545070037246,334.4577569514513,1214.0440449584275,534.7186570288613
22,0,0,1,4,0,3,3,81.52083097957075,90.53183300420642,387.75174401234835,172.85733309108764
2,0,0,1,0,0,1,3830,12.011333019472659,14.098834013566375,64.18912194203585,64.42294002044946
25,0,0,0,5,0,3,5,39.73135398700833,43.4308850672096,103.41933195013553,36.69553995132446
73,0,0,4,13,0,4,1,79.36675508972257,87.67971908673644,3682.884003035724,1138.0193469813094
25,0,0,1,3,0,3,1,63.25597898103297,80.3503900533542,336.0738370101899,143.08962202630937
34,0,0,1,5,0,3,1,34.34378607198596,40.69852200336754,193.28614010009915,69.598593050614
42,0,0,1,5,0,3,1,76.22568809892982,78.83648795541376,435.26806496083736,150.18098696600646
12,0,0,0,2,0,3,210,63.69763892143965,59.34408202301711,179.54608297441155,91.1128589650616
9,0,0,0,3,0,3,421,133.30030196812004,163.49722805898637,249.98483306262642,156.0378730064258
41,0,0,1,5,0,3,1,60.178568004630506,80.96297702286392,389.26229893695563,148.3428650535643
34,0,0,3,3,0,3,1,83.09577207546681,94.33706500567496,1326.0289640165865,563.5111699812114
1,0,0,0,0,0,0,3830,11.165953939780593,13.07370699942112,65.02025504596531,64.38904104288667
15,0,0,0,3,0,3,217,67.00907601043582,85.48547595273703,174.98253204394132,82.28101395070553
11,0,0,0,2,0,3,541,175.25744298473,117.89886199403554,204.2044639820233,100.95860599540174
12,0,0,1,2,0,3,541,178.30775200854987,117.20493494067341,207.61540299281478,101.58122598659247
51,0,0,1,6,0,3,1,68.0298749357462,82.03850500285625,419.3222390022129,141.82101807091385
33,0,0,1,6,0,3,1,77.52420997712761,84.47750308550894,414.1900900285691,146.1566180223599
82,0,0,4,16,0,4,1,90.08651005569845,97.91861206758767,4138.401889009401,1109.750836971216
16,0,0,1,3,0,3,8,53.09582408517599,77.3000909248367,309.7535080742091,139.1411740332842
21,0,0,2,2,0,3,3,66.09076005406678,83.21428194176406,602.9601789778098,268.58264300972223
37,0,0,5,7,0,4,17,122.61513504199684,168.68870705366135,1967.6560340449214,599.378464045003
26,0,0,1,5,0,3,0,51.58660502638668,76.0918779997155,327.59696093853563,135.97876601852477
8,0,0,0,1,0,1,158,79.1743959998712,90.59515700209886,171.6874500270933,89.01588700246066
82,0,0,4,16,0,4,1,135.31577005051076,121.80514703504741,2090.83720901981,569.0443789353594
16,0,0,1,3,0,4,8,53.34606010001153,76.21157204266638,295.7275689113885,136.98719604872167
73,0,0,4,13,0,4,1,81.21314004529268,88.46322994213551,3642.6510089077055,896.8093759613112
35,0,0,4,7,0,4,26,50.64167897216976,47.520695021376014,1747.72149103228,1030.8187219779938
35,0,0,4,3,0,2,2,121.57555494923145,96.99828596785665,1107.5359769165516,588.3234880166128
32,0,0,3,3,0,3,1,66.86996296048164,83.57302704825997,1295.4986579716206,529.285185970366
34,0,0,5,3,0,3,1,65.89360593352467,85.49432992003858,4786.796785076149,1700.0275430036709
45,0,0,3,6,0,3,1,72.3072950495407,75.64779999665916,1222.156460979022,433.9976179180667
3,0,0,1,0,0,1,3830,17.104252008721232,21.472232998348773,70.69130206946284,68.28920298721641
30,0,0,1,4,0,3,2,67.10635998751968,80.88806900195777,375.48855994828045,149.11731996107846
83,0,0,5,16,0,4,1,79.25731409341097,88.67952902801335,3982.5220650527626,1131.0771389398724
30,0,0,3,2,0,3,0,55.38103205617517,80.9256739448756,1216.0500109894201,520.8392180502415
34,0,0,3,3,0,2,1,78.55699397623539,86.24283410608768,1372.752614901401,530.8402089867741
38,0,0,6,7,0,4,214,335.4931640205905,361.14301800262183,5441.75787596032,1761.4042799687013
6,0,0,0,0,0,0,622,49.79756206739694,71.79615797940642,132.30206002481282,75.59133099857718
15,0,0,0,1,0,2,40,67.6023600390181,82.58037699852139,170.5729749519378,79.45941493380815
33,0,0,1,4,0,3,1,86.75805700477213,90.2780540054664,373.28535900451243,143.1926479563117
34,0,0,2,7,0,3,0,102.3014789680019,154.53873004298657,361.7621000157669,128.61760903615505
10,0,0,1,1,0,1,64,125.7238300750032,187.24862998351455,122.48222890775651,100.01529101282358
83,0,0,5,16,0,4,1,81.13635098561645,89.03430204372853,8025.023382971995,1981.5734399016947
34,0,0,1,4,0,3,1,77.42851797956973,85.23093594703823,408.83074200246483,149.0169600583613
82,0,0,4,16,0,4,1,82.55444408860058,90.66291095223278,4078.5845388891175,1076.5665039652959
36,0,0,4,7,0,3,0,130.19672594964504,168.58817299362272,1563.3265459910035,557.6485109049827
36,0,0,4,7,0,4,9,110.89192400686443,79.06487607397139,1222.7099619340152,561.6395469987765
83,0,0,5,16,0,4,1,78.04323395248502,83.9040350401774,6254.668729030527,2283.2864680094644
23,0,0,0,3,0,3,4,86.9253920391202,84.86255002208054,176.2035199208185,88.51432299707085
35,0,0,2,6,0,3,1,183.45690798014402,71.3186030043289,1041.9824660057202,313.21028992533684
83,0,0,5,16,0,4,1,81.28678903449327,88.6195859638974,7314.462214009836,2252.2575210314244
34,0,0,3,3,0,2,1,80.10754897259176,89.0134850051254,1396.686800988391,391.3565690163523
16,0,0,1,3,0,3,0,52.14077094569802,75.83797501865774,309.5356880221516,80.8440160471946
29,0,0,1,6,0,3,1,120.66896096803248,164.65233999770135,192.38270400092006,71.85043499339372
31,0,0,4,2,0,3,0,56.527649983763695,82.30629097670317,2284.336491022259,1033.8095469633117
20,0,0,2,3,0,3,87,181.06758303474635,129.90132300183177,1105.0663890782744,332.1419679559767
74,0,0,5,13,0,4,1,81.33337297476828,88.38946092873812,6445.961187011562,2283.625648007728
22,0,0,3,3,0,3,87,118.4491110034287,160.94455204438418,666.23936209362,284.0189499547705
83,0,0,5,16,0,4,1,91.3963260827586,97.84537402447313,7934.382398030721,1923.5438910545781
32,0,0,3,3,0,3,0,68.03421396762133,86.47485706023872,1284.351347014308,532.8089839313179
30,0,0,2,5,0,3,1,73.51754000410438,90.20337800029665,739.0899149468169,284.56800896674395
18,0,0,1,2,0,3,76,56.20107299182564,79.34366795234382,165.76396604068577,79.85933008603752
39,0,0,1,6,0,3,1,80.60240803752095,64.31931699626148,288.4970959275961,146.10626210924238
83,0,0,5,16,0,4,1,68.11971799470484,82.55086094141006,3787.3846479924396,929.2534780688584
39,0,0,7,7,0,4,214,338.2177919847891,360.98095995839685,10727.751847007312,3990.574636962265
83,0,0,5,16,0,4,1,80.24676493369043,88.58486404642463,6400.772587978281,1650.818575057201
36,0,0,1,8,0,4,1,69.41256497520953,84.41392297390848,392.2566369874403,142.75024400558323
30,0,0,2,6,0,3,1,119.22552005853504,162.02763002365828,375.9249469731003,140.64194401726127
40,0,0,2,6,0,3,1,40.317896055057645,63.02937294822186,765.6400660052896,167.37998405005783
36,0,0,3,6,0,3,1,186.53210694901645,135.81507292110473,2327.123312978074,436.16417702287436
18,0,0,3,2,0,2,635,96.85106202960014,131.74385100137442,1354.2527259560302,692.4387599574402
22,0,0,0,4,0,3,1,61.493688030168414,82.49197097029537,180.98823400214314,76.6600959468633
46,0,0,4,6,0,3,1,58.50357702001929,76.50614599697292,2862.9917689831927,1185.2027180138975
32,0,0,2,4,0,3,3,67.15519190765917,83.43452692497522,738.3785450365394,293.1507509201765
74,0,0,5,13,0,4,1,80.99404803942889,89.31993204168975,7691.3545679999515,2154.2250199709088
27,0,0,2,5,0,3,1,77.59018207434565,91.17047302424908,671.763506019488,218.56399695388973
10,0,0,0,3,0,3,150,65.8133439719677,88.27703702263534,159.32390198577195,78.40585603844374
38,0,0,6,7,0,4,17,125.3288920270279,168.78259391523898,2375.5918180104345,1112.3821859946474
17,0,0,2,3,0,3,15,28.784074005670846,39.418699918314815,311.3239819649607,274.3607979500666
51,0,0,1,8,0,3,1,61.18087703362107,86.90310304518789,412.48257004190236,139.0619579469785
9,0,0,0,3,0,3,421,134.54220502171665,164.91369297727942,245.93908106908202,156.1269259545952
21,0,0,3,3,0,3,163,85.07903502322733,98.22125593200326,1223.0244160164148,511.62873301655054
31,0,0,2,4,0,3,3,64.68118203338236,79.97493201401085,722.4022379377857,279.35462596360594
26,0,0,1,5,0,3,5,79.95900104288012,89.93021200876683,398.9229719154537,149.35396797955036
25,0,0,6,3,0,3,1389,385.18441503401846,451.76342292688787,4747.269990039058,1690.985306049697
33,0,0,4,3,0,3,1,69.48451499920338,88.67011195980012,2580.9090060647577,1063.8553940225393
30,0,0,2,6,0,3,1,119.1750189755112,161.53804201167077,375.8639900479466,139.41161101683974
19,0,0,4,2,0,2,635,101.31121904123574,141.0512940492481,2342.2800799598917,1343.076427001506
10,0,0,1,0,0,1,309,53.14765707589686,76.98694104328752,276.11205901484936,145.90094902087003
24,0,0,1,3,0,3,7,39.081904920749366,41.899041971191764,377.7912249788642,149.14361806586385
37,0,0,1,4,0,3,1,68.01688391715288,80.7912009768188,365.6930320430547,150.8674779906869
38,0,0,6,7,0,4,214,337.8622179152444,359.138568979688,4905.875475029461,2093.3952199993655
17,0,0,2,3,0,4,8,53.342060069553554,78.69855593889952,592.3123799730092,271.5373419923708
27,0,0,2,5,0,3,0,52.67106194514781,76.09501807019114,625.3538700984791,269.8350209975615
37,0,0,4,6,0,3,4,187.66225897707045,135.69085206836462,4566.922491998412,1244.8656399501488
37,0,0,5,7,0,3,0,246.6919319704175,264.98080394230783,2731.7638819804415,1051.9027039408684
1,0,0,0,0,0,0,1951,37.85123396664858,53.68158407509327,108.83390705566853,64.90256602410227
20,0,0,1,3,0,3,61,66.55300210695714,82.10727397818118,319.3612350150943,71.1126410169527
41,0,0,2,8,0,3,1,79.90863500162959,88.30887894146144,898.1827739626169,286.94128210190684
83,0,0,1,8,0,3,1,32.19033102504909,39.06152897980064,237.48069000430405,71.0109700448811
83,0,0,5,16,0,4,1,78.22306407615542,82.38129201345146,8123.091905028559,1786.576466052793
17,0,0,2,3,0,3,15,108.87963802088052,160.68883810658008,308.9317779522389,137.47823308221996
36,0,0,3,6,0,4,1,192.48871598392725,132.08247197326273,2343.6381090432405,623.9982399856672
82,0,0,4,16,0,4,1,84.12193099502474,95.50914401188493,3947.658962919377,1144.6185200475156
74,0,0,5,13,0,4,1,80.76640299987048,88.61008891835809,7666.116853943095,1771.7535560950637
38,0,0,5,6,0,3,5,97.24832593929023,69.69948706682771,7055.626858957112,2493.3276439551264
27,0,0,3,2,0,3,1,68.28217394649982,83.13427900429815,617.7687229355797,266.752382973209
35,0,0,4,3,0,2,1,55.296623962931335,44.280857080593705,2206.511868047528,1137.8043100703508
84,0,0,6,16,0,4,1,81.52434602379799,88.62865902483463,7677.393076941371,1793.9681549323723
33,0,0,0,4,0,3,0,58.440246037207544,81.97838498745114,184.68444398604333,67.11467797867954
7,0,0,0,1,0,1,130,26.80797700304538,37.27346996311098,70.84786798804998,35.25937406811863
11,0,0,2,0,0,1,309,56.83082900941372,84.19983799103647,530.4708969779313,261.11539697740227
83,0,0,5,16,0,4,1,66.61813100799918,107.74445196148008,4128.8036881014705,1183.2864589523524
10,0,0,0,2,0,1,63,123.57294396497309,86.31550404243171,191.28595397341996,77.57786300498992
17,0,0,2,3,0,4,8,43.31556800752878,37.92442404665053,294.23042200505733,205.85163997020572
35,0,0,3,7,0,3,2,60.86969096213579,161.26951400656253,768.9127469202504,281.1245759949088
84,0,0,6,16,0,4,1,81.67002792470157,89.00724805425853,15190.004635951482,4522.706912015565
82,0,0,4,16,0,4,0,90.59038292616606,98.08655199594796,3155.193645041436,1124.298061011359
34,0,0,2,7,0,4,1,119.34376391582191,135.32594498246908,382.5477479258552,141.89376798458397
31,0,0,1,5,0,3,1,84.31766007561237,93.2841399917379,269.91599099710584,122.22590192686766
31,0,0,1,6,0,3,1,54.97175105847418,77.24547397810966,363.2030449807644,139.77715093642473
28,0,0,1,4,0,3,2,62.65538698062301,75.20548300817609,361.3669789629057,134.16418700944632
16,0,0,1,3,0,3,176,92.80624997336417,78.0270560644567,84.57153604831547,39.62038899771869
32,0,0,2,4,0,3,1,35.91275599319488,41.48930008523166,722.4634779850021,292.4971979809925
22,0,0,1,2,0,3,2,76.41267601866275,95.1405739178881,214.35643394943327,76.01988792885095
30,0,0,1,5,0,3,1,34.04675889760256,41.50970408227295,347.1759760286659,140.91076399199665
34,0,0,5,3,0,3,1,66.76939490716904,83.27526599168777,4446.848547901027,1460.1699248887599
30,0,0,1,5,0,3,1,35.2466010954231,81.68593898881227,374.86827396787703,141.14825101569295
34,0,0,1,4,0,3,0,58.49914904683828,81.47715090308338,365.4393900651485,149.93121998850256
40,0,0,8,7,0,4,360,464.09715502522886,501.67242903262377,19577.40680302959,7503.64713196177
33,0,0,4,3,0,3,0,226.37369600124657,258.2243309589103,1210.620658006519,526.6968000214547
21,0,0,3,3,0,3,240,178.99194499477744,134.83533391263336,2119.608827983029,502.6305699720979
14,0,0,1,2,0,3,0,103.62172301393002,155.2753250580281,151.78988699335605,69.21087799128145
82,0,0,4,16,0,4,1,83.7364069884643,91.46651602350175,3339.2643299885094,692.8527349373326
74,0,0,5,13,0,4,1,81.11590100452304,87.55389298312366,7241.0564420279115,2270.8692209562287
13,0,0,1,2,0,3,297,87.80033804941922,100.06365005392581,348.97923294920474,170.96443695481867
29,0,0,3,5,0,3,1,79.85658897086978,90.16055904794484,1087.7917340258136,513.2152820006013
36,0,0,5,7,0,4,214,282.1913049556315,280.4493650328368,2723.701737006195,834.3676580116153
13,0,0,0,2,0,3,441,63.30692698247731,87.61490799952298,163.6505350470543,62.32807307969779
32,0,0,2,5,0,3,2,83.66092096548527,93.70382293127477,767.8350050700828,277.31336292345077
11,0,0,1,2,0,2,63,134.4477339880541,86.06260304804891,358.34544606041163,148.53962906636298
19,0,0,1,2,0,3,109,30.231098062358797,42.49696806073189,164.9564189137891,76.21780096087605
32,0,0,3,4,0,3,6,64.46207407861948,79.5505839632824,1425.156292039901,543.0138619849458
13,0,0,2,2,0,4,1684,112.82123904675245,95.58011498302221,108.94583899062127,51.01121205370873
33,0,0,4,3,0,3,1,67.40033195819706,86.2420559860766,2472.3829278955236,1064.564423984848
32,0,0,2,6,0,4,44,81.86673803720623,85.13330493588,707.6413750182837,292.87085600662977
38,0,0,6,7,0,4,165,470.7208309555426,358.7453030049801,5385.116660036147,1974.9680969398469
31,0,0,1,4,0,3,2,60.31804997473955,82.53265300299972,364.622027031146,155.0246380502358
52,0,0,2,8,0,3,1,31.58707299735397,44.218912022188306,687.4278299510479,282.306450069882
34,0,0,3,3,0,3,0,82.92112196795642,95.14427301473916,1111.6707250475883,558.9713060762733
44,0,0,2,6,0,3,1,59.75066509563476,82.14355004020035,775.9013660252094,299.8509269673377
32,0,0,2,4,0,3,1,67.83491501118988,84.3399299774319,627.382162027061,214.32858798652887
54,0,0,2,5,0,3,1,78.29683006275445,81.33212802931666,881.7702030064538,296.59745295066386
16,0,0,0,2,0,1,7,74.65692504774779,105.93377100303769,208.30617693718523,97.40298602264374
84,0,0,6,16,0,4,1,134.26630501635373,166.62720602471381,7894.692340982147,2267.9987059673294
23,0,0,1,5,0,3,9,182.84130794927478,118.6178979696706,605.1354439696297,148.0218650540337
10,0,0,1,1,0,1,0,112.63898096513003,170.79007206484675,161.52265202254057,87.1651649940759
36,0,0,4,7,0,4,0,130.43158606160432,111.8329509627074,1138.2248420268297,558.2645679824054
34,0,0,1,6,0,4,1,79.11663199774921,86.71258401591331,377.2407929645851,144.1836819285527
36,0,0,4,7,0,4,26,137.069578981027,95.35262198187411,749.2084980476648,482.1540820412338
26,0,0,1,3,0,3,6,74.46944096591324,105.85129598621279,412.83583105541766,188.86467604897916
85,0,0,7,16,0,4,1,82.96377898659557,61.362167936749756,14779.371820972301,3885.4024480096996
58,0,0,2,12,0,4,2,78.04644200950861,45.35704094450921,969.3071080837399,292.46829194016755
75,0,0,4,14,0,4,0,79.6573800034821,86.44246403127909,1939.6431740606204,569.3165740231052
32,0,0,3,4,0,3,6,64.39925299491733,80.98046889062971,1443.2021629763767,548.7920689629391
31,0,0,1,4,0,3,1,130.32251200638711,162.05115197226405,199.06464009545743,76.13194198347628
70,0,0,3,13,0,4,1,90.39741102606058,98.76721794717014,1955.3529499098659,413.9685779809952
27,0,0,3,2,0,3,2,67.21333297900856,84.53307603485882,1243.9511039992794,531.0479919426143
34,0,0,1,6,0,3,4,59.92913001682609,82.14204001706094,328.2121930969879,74.80751699768007
38,0,0,1,3,0,3,1,77.05923402681947,81.18109905626625,402.69803802948445,148.53432297240943
27,0,0,3,4,0,3,2,83.1582680111751,121.31694098934531,531.0400041053072,273.58004404231906
32,0,0,0,6,0,3,1,48.5148630104959,84.43042007274926,198.53473897092044,72.22354307305068
1,0,0,0,0,0,0,3830,11.200241046026349,12.885152944363654,65.24773000273854,64.88499604165554
34,0,0,3,3,0,2,1,68.75166203826666,81.51659101713449,1434.5030679833144,429.3663619318977
30,0,0,2,4,0,4,1,68.74144298490137,84.7155530937016,684.2475190060213,292.954663047567
36,0,0,1,7,0,3,1,78.48680298775434,88.14402401912957,446.9985190080479,147.42902806028724
83,0,0,5,16,0,4,1,90.72138904593885,97.89822704624385,7666.968642035499,2211.403348017484
22,0,0,3,2,0,3,3,72.80593598261476,93.67754601407796,1177.1207440178841,525.8368439972401
33,0,0,4,3,0,3,0,69.64911299291998,83.80812697578222,2607.4859970249236,887.1933970367536
27,0,0,1,5,0,3,1,39.594647008925676,44.52435695566237,296.6687090229243,146.05209603905678
12,0,0,1,1,0,2,1,61.13183405250311,88.50891899783164,303.0603560619056,147.01003301888704
20,0,0,3,3,0,3,986,314.5798050099984,310.74447999708354,754.6425309265032,295.4255370423198
36,0,0,1,7,0,3,3,55.51166599616408,75.84592909552157,372.93309799861163,140.65847895108163
84,0,0,6,16,0,4,1,80.78147494234145,88.89669203199446,7654.281580937095,2247.1666790079325
13,0,0,2,2,0,3,760,173.96608996205032,159.61438801605254,364.0057109296322,179.73321094177663
29,0,0,1,4,0,3,1,35.49451509024948,44.0462080296129,322.4801329197362,138.37943400721997
30,0,0,2,4,0,3,2,73.4916030196473,94.02971109375358,697.8195479605347,275.69262497127056
85,0,0,7,16,0,4,1,81.10002789180726,89.39719700720161,29844.141437090002,7856.430995976552
27,0,0,3,2,0,3,2,67.86702002864331,85.28880297672004,1237.5110409921035,530.7067319517955
83,0,0,5,16,0,4,1,42.8903290303424,45.68878700956702,7970.0915339635685,2164.8470369400457
14,0,0,2,2,0,3,357,81.39100798871368,116.8358389986679,647.6540020667017,331.5502420300618
35,0,0,3,7,0,4,2,121.37661408632994,161.42754803877324,398.4102118993178,143.10412399936467
33,0,0,4,4,0,3,8,66.2434899713844,81.125034019351,2801.3291959650815,697.3227309063077
23,0,0,2,3,0,3,29,65.4092050390318,80.1990469917655,695.5568440025672,287.3870290350169
30,0,0,4,5,0,3,1,132.16071401257068,169.78962300345302,1562.2277010697871,573.0966289993376
22,0,0,4,3,0,3,236,86.34928695391864,102.4147649295628,2312.499577063136,1010.5639829998836
31,0,0,1,4,0,3,1,59.48426900431514,83.29536498058587,363.44678699970245,147.78780692722648
6,0,0,1,0,0,1,0,59.393569943495095,86.94181602913886,306.17070698644966,168.5824419837445
34,0,0,3,3,0,2,1,70.17479895148426,86.21637802571058,1465.2928849682212,587.2009929735214
33,0,0,1,5,0,3,1,62.97178799286485,83.09966092929244,385.5929340934381,149.19179200660437
38,0,0,1,5,0,3,1,79.0608279639855,88.45915703568608,376.9620540551841,141.08398102689534
82,0,0,7,16,0,4,1,227.37721493467689,101.75283206626773,9943.558042054065,2207.7997480519116
23,0,0,1,4,0,3,2,71.84769795276225,85.65574500244111,351.42349591478705,145.92834399081767
47,0,0,5,6,0,3,1,111.81788996327668,165.56884697638452,2932.0810160133988,580.7116120122373
19,0,0,2,3,0,4,87,59.88167098257691,78.81862798240036,86.50259801652282,52.06356302369386
32,0,0,2,5,0,3,2,83.61556008458138,93.57831696979702,748.9844479132444,270.3339389991015
38,0,0,5,6,0,3,5,191.48010795470327,143.67392496205866,8657.41310105659,1844.2444540560246
35,0,0,1,4,0,3,1,67.06164800561965,81.08932303730398,378.83328506723046,147.4925260990858
36,0,0,5,3,0,2,3,78.29932891763747,90.99722094833851,4277.201204095036,2246.557510108687
31,0,0,3,6,0,3,1,119.50586701277643,165.6252349494025,762.3422089964151,282.40906703285873
33,0,0,4,3,0,3,1,66.73707498703152,83.6558029986918,2567.1748489839956,785.8803810086101
27,0,0,1,5,0,3,1,129.41006699111313,130.09397697169334,399.5439789723605,145.6893029389903
32,0,0,2,5,0,4,0,236.1530140042305,193.7493160367012,424.8015769990161,114.08332199789584
54,0,0,0,7,0,3,1,57.43669508956373,82.03496702481061,224.75673200096935,74.97305399738252
7,0,0,0,1,0,1,432,58.131602010689676,76.17078407201916,146.0103759309277,76.01571502164006
2,0,0,1,0,0,1,3830,12.484414968639612,14.68054298311472,65.0688469177112,64.43884503096342
28,0,0,1,4,0,3,1,58.679981040768325,82.759925047867,353.1501379329711,128.5541590768844
31,0,0,1,3,0,3,1,58.61443199682981,116.75170995295048,353.3046500524506,150.93340899329633
4,0,0,1,0,0,1,2490,36.2428369699046,50.54523702710867,143.73734104447067,94.71516509074718
37,0,0,5,7,0,3,3,131.6299190511927,174.18117495253682,2569.262741948478,1092.6410700194538
13,0,0,2,2,0,4,1684,204.60501906927675,174.8442070093006,204.6415510121733,102.89062501396984
36,0,0,2,4,0,3,1,35.23687901906669,72.67346791923046,707.029692013748,200.9619059972465
33,0,0,1,6,0,3,1,64.26752707920969,80.00811107922345,379.3755980441347,141.31895394530147
4,0,0,0,1,0,1,442,115.72368803899735,149.75035097450018,122.88112402893603,89.67349992599338
16,0,0,0,2,0,1,6,41.92347708158195,43.256530072540045,93.04407297167927,41.77618899848312
35,0,0,3,7,0,3,3,120.09046203456819,164.60487805306911,796.9231590395793,286.11622005701065
31,0,0,2,6,0,4,49,82.12662092410028,94.64744501747191,637.6035360153764,142.91817496996373
19,0,0,1,3,0,4,72,69.78839391376823,85.47916391398758,176.9642400322482,75.09593106806278
28,0,0,4,2,0,3,2,70.03408495802432,90.73885600082576,2431.3545210752636,1054.2643190128729
34,0,0,3,3,0,2,1,79.3957420391962,87.84361591096967,1412.0935499668121,598.7628450384364
21,0,0,2,3,0,3,0,120.51986693404615,163.9580250484869,341.4062379160896,140.55095007643104
35,0,0,4,3,0,3,2,83.37248908355832,98.07651094160974,2603.9684490533546,866.6242859326303
71,0,0,4,13,0,4,1,90.5942270765081,97.92439790908247,3778.061931952834,1142.5566310063004
22,0,0,4,3,0,3,236,84.79650900699198,101.5349340159446,2410.1057030493394,1033.723967964761
73,0,0,4,13,0,4,1,41.13333998247981,43.790096999146044,2909.5459019299597,1153.7503760773689
84,0,0,6,16,0,4,1,84.30607302580029,89.39576405100524,14339.16503796354,3581.7609659861773
86,0,0,8,16,0,4,1,81.02506608702242,90.05915094166994,29379.07185300719,8882.213328033686
33,0,0,3,6,0,4,3,132.53842492122203,171.42272705677897,772.0446679741144,167.2030589543283
34,0,0,1,6,0,3,1,34.03927700128406,40.616976912133396,200.27593104168773,71.76463608630002
37,0,0,5,7,0,3,0,66.17276498582214,123.05257492698729,2429.0191349573433,857.7892580069602
28,0,0,4,2,0,3,2,69.15799994021654,83.85069703217596,1222.3439409863204,534.3195080058649
37,0,0,5,7,0,4,0,145.53187391720712,189.77711501065642,2703.4443920711055,1084.2656400054693
31,0,0,3,5,0,4,2,93.77863199915737,111.92682408727705,1302.4047380313277,557.5803649844602
84,0,0,6,16,0,4,1,97.06725098658353,106.78080702200532,13391.286569065414,4412.854376947507
27,0,0,1,2,0,2,1,59.7254519816488,51.39486806001514,172.4890519399196,72.75780802592635
31,0,0,3,5,0,3,1,77.45617302134633,95.0048150261864,1343.1338010123,530.3971850080416
44,0,0,1,9,0,4,1,76.73572096973658,87.0088660158217,437.09584698081017,145.37560602184385
27,0,0,1,3,0,3,1,40.75088701210916,42.94640303123742,181.74182996153831,124.2214860394597
34,0,0,2,7,0,3,2,120.58822403196245,160.58742499444634,394.7033650474623,143.73543090187013
35,0,0,4,3,0,2,1,67.95324303675443,82.25684706121683,1349.1063039982691,565.8963499590755
30,0,0,2,6,0,3,1,116.98393698316067,162.7476039575413,387.07828102633357,140.22861700505018
20,0,0,1,2,0,3,200,219.37391499523073,209.85715999267995,224.74474494811147,85.14618000481278
32,0,0,2,4,0,3,2,62.21292505506426,87.19893207307905,698.1184999458492,285.82406393252313
31,0,0,2,5,0,3,1,68.00847896374762,82.73650798946619,501.05405994690955,274.3255249224603
2,0,0,0,0,0,0,2320,37.21947397571057,51.38234898913652,104.34521199204028,81.41658897511661
20,0,0,2,3,0,3,87,64.7607910213992,78.98397999815643,642.5083220237866,265.78805805183947
36,0,0,4,7,0,3,2,96.00468189455569,129.23407601192594,1412.935202009976,270.0220710830763
37,0,0,6,7,0,4,214,287.56143106147647,284.20839097816497,2226.5991270542145,1030.0024059833959
22,0,0,4,3,0,4,635,310.6026470195502,341.72149701043963,2123.493824969046,620.0730620184913
4,0,0,1,0,0,1,907,25.04391991533339,34.50724598951638,116.35148501954973,60.585806029848754
17,0,0,2,3,0,3,15,56.35739304125309,79.28321894723922,610.0754489889368,270.12181805912405
16,0,0,1,3,0,3,303,34.28982803598046,47.307173954322934,319.89692500792444,152.21396705601364
42,0,0,1,6,0,3,1,89.2758519621566,96.29500296432525,415.8311759820208,145.06651903502643
20,0,0,3,4,0,4,887,78.15763005055487,76.63857191801071,873.6678350251168,451.4183879364282
51,0,0,1,7,0,3,1,58.40656708460301,80.1131030311808,210.8684399863705,75.93942200765014
15,0,0,1,3,0,3,15,56.967295007780194,80.16997599042952,78.9460459491238,35.2991510881111
36,0,0,5,3,0,2,1,133.97487602196634,172.83005802892148,2832.1070870151743,1132.5916529167444
29,0,0,2,4,0,3,1,112.44401603471488,165.7981079770252,357.05210897140205,151.97630296461284
33,0,0,1,4,0,3,1,76.15719398017973,85.1099839201197,370.9433220792562,141.11280697397888
30,0,0,2,4,0,3,1,92.79242891352624,96.89898998476565,755.4102969588712,289.32057204656303
15,0,0,1,3,0,4,8,53.916044998914,76.06348802801222,202.99873396288604,67.36443494446576
16,0,0,0,0,0,0,0,54.83520997222513,80.78183711040765,152.18374296091497,75.25403401814401
28,0,0,4,2,0,3,1,34.603904001414776,41.48555698338896,999.303066986613,533.5351208923385
39,0,0,7,7,0,4,17,62.80495401006192,89.30965303443372,5612.08968795836,2125.258603016846
31,0,0,3,4,0,3,1,92.56472194101661,60.74116507079452,1337.0649579446763,295.6296040210873
12,0,0,2,2,0,2,63,132.72444100584835,85.58732096571475,696.0842020343989,289.8446599720046
29,0,0,1,4,0,4,1,78.73170101083815,85.98728908691555,349.93846400175244,143.1014109402895
25,0,0,2,3,0,3,13,40.1245349785313,42.65327495522797,382.96455796808004,147.48951606452465
10,0,0,1,1,0,1,212,63.79936099983752,82.07772707100958,271.0660049924627,133.2135290140286
32,0,0,3,5,0,3,1,61.45461893174797,101.71142197214067,704.8965339781716,137.97039701603353
17,0,0,2,3,0,3,15,30.522943940013647,41.925396071746945,312.71349999587983,133.38580401614308
2,0,0,1,0,0,1,3830,6.923155975528061,6.840271060355008,32.97261905390769,31.644277973100543
36,0,0,3,6,0,3,1,117.27107397746295,131.1811179621145,2401.080028968863,621.2082860292867
27,0,0,1,3,0,3,2,39.69527897424996,40.937436977401376,196.48714503273368,73.88360309414566
24,0,0,2,5,0,3,25,184.30678499862552,123.10959002934396,1177.4817469995469,300.6665990687907
61,0,0,1,10,0,3,1,69.08877298701555,84.5306480769068,482.5962280156091,147.15826499741524
84,0,0,6,16,0,4,1,82.46045897249132,89.03595095034689,7529.9764750525355,2139.484870014712
37,0,0,5,7,0,4,9,124.83038695063442,166.87936894595623,2682.7279820572585,907.8526420053095
28,0,0,1,3,0,3,2,64.72088093869388,84.9225320853293,351.2354039121419,149.85434897243977
28,0,0,2,2,0,2,1,58.766862959600985,81.95650496054441,688.8405879726633,296.6684760758653
11,0,0,2,0,0,1,309,51.1876679956913,132.70780898164958,274.3481110082939,144.4499179488048
19,0,0,2,3,0,3,87,120.81362400203943,163.25953195337206,323.1613129610196,143.75699998345226
36,0,0,2,4,0,3,1,67.6456360379234,80.99899906665087,744.6360850008205,292.3988220281899
35,0,0,4,3,0,2,1,40.330203948542476,45.57550197932869,2177.9457869706675,582.9895850038156
26,0,0,0,5,0,3,1,72.00338295660913,76.34572801180184,202.20769301522523,69.05875098891556
19,0,0,4,3,0,3,2875,268.5441980138421,339.3300330499187,642.1669329283759,327.8610680717975
18,0,0,3,3,0,5,90,51.74187000375241,74.66324395500124,842.0385239878669,398.925662972033
1,0,0,0,0,0,0,3062,28.89360103290528,41.226298082619905,96.02706192526966,68.46712995320559
34,0,0,3,3,0,2,2,67.83621897920966,81.29300002474338,1459.9945730296895,592.5814709626138
23,0,0,5,3,0,3,335,84.70515697263181,103.528265026398,4285.303766024299,1992.9988380754367
46,0,0,4,6,0,3,1,30.142477015033364,41.78985895123333,2613.8383699581027,1189.802170963958
91,0,0,1,4,0,3,1,68.21649300400168,81.4697869354859,242.33941396232694,76.1058070929721
31,0,0,1,4,0,3,0,101.49938694667071,154.78424297180027,168.63195202313364,56.50072195567191
17,0,0,2,3,0,4,650,105.68095103371888,147.00195600744337,301.4212850248441,150.34651197493076
30,0,0,1,4,0,3,1,59.03024796862155,81.48026303388178,363.19689196534455,153.05340895429254
83,0,0,5,16,0,4,1,83.47902901005,91.79398801643401,8140.360380988568,2037.3349169967696
84,0,0,6,16,0,4,1,81.7458409583196,89.82828294392675,14289.869185071439,4341.292405035347
10,0,0,0,3,0,3,152,70.44033601414412,94.10127601586282,164.65205198619515,87.27227698545903
12,0,0,1,2,0,3,471,85.67215490620583,95.78650689218193,324.81208606623113,157.86653896793723
35,0,0,4,3,0,3,0,82.86192896775901,96.05045395437628,1833.7879239115864,1105.3664080100134
21,0,0,0,2,0,3,14,55.55411393288523,81.62033301778138,167.43179701734334,77.06623896956444
17,0,0,1,0,0,1,0,58.907567989081144,85.05065797362477,304.4874370098114,146.62335603497922
35,0,0,4,3,0,2,1,76.76366390660405,90.86911706253886,1829.729167977348,556.1395339900628
21,0,0,4,3,0,3,1389,302.87738610059023,322.14480999391526,1492.6690410356969,581.9798459997401
40,0,0,1,6,0,3,1,69.1935820505023,85.07006999570876,411.0196039546281,148.6732850316912
24,0,0,1,4,0,3,5,78.49611097481102,101.04567394591868,391.63775905035436,171.23754508793354
27,0,0,2,5,0,3,1,36.28165100235492,45.58223008643836,352.2123839939013,255.40478201583028
45,0,0,0,6,0,3,0,66.18519907351583,82.75268506258726,184.43056498654187,36.993487970903516
35,0,0,4,3,0,3,0,75.75849699787796,94.33556697331369,2634.566391003318,1099.6086570667103
31,0,0,3,6,0,3,1,119.81405597180128,161.89637396018952,749.0710279671475,276.88131108880043
19,0,0,4,2,0,2,635,50.164783955551684,67.10430700331926,1022.0054510282353,627.4282439844683
28,0,0,0,3,0,3,1,77.07529503386468,80.4613969521597,195.3434399329126,75.14145702589303
5,0,0,2,0,0,1,3830,20.554759074002504,27.048903051763773,162.83880500122905,116.3219049340114
72,0,0,2,13,0,4,0,81.03640191257,92.24985202308744,1040.3262880863622,294.7519499575719
20,0,0,2,2,0,3,109,111.43365199677646,162.86406491417438,325.5582849960774,153.30241795163602
30,0,0,3,4,0,3,2,121.36307801119983,170.16297299414873,645.4531430499628,146.01353404577821
32,0,0,4,4,0,3,1,105.0733879674226,105.6024479912594,2838.1542519200593,1114.0312310308218
32,0,0,4,5,0,4,32,95.33319296315312,117.14251898229122,1305.3592330543324,757.1941959904507
85,0,0,7,16,0,4,1,81.09274005983025,87.59751601610333,30387.071431963705,8984.12283998914
40,0,0,1,8,0,4,1,240.77267898246646,193.57958401087672,296.9483600463718,76.0886810021475
28,0,0,3,5,0,3,1,72.56002107169479,92.72606507875025,1345.2748849522322,542.0178640633821
16,0,0,1,3,0,3,0,50.06369203329086,73.63378501031548,306.21775798499584,130.43581694364548
38,0,0,6,7,0,4,45,121.8266939977184,166.72681795898825,4846.4283619541675,2176.1146360076964
76,0,0,5,14,0,4,0,78.79059202969074,89.98013101518154,3890.0893749669194,1139.6866750437766
35,0,0,3,7,0,4,1,66.03015400469303,87.8901369869709,735.65696796868,277.8407749719918
31,0,0,3,5,0,3,1,142.36539602279663,180.8773789089173,685.3192260023206,277.7875369647518
13,0,0,1,2,0,3,297,82.22601097077131,97.73455595131963,338.91931793186814,170.94333202112466
31,0,0,1,6,0,3,1,114.0907279914245,162.50398405827582,141.42350992187858,37.619755952619016
16,0,0,2,3,0,4,15,54.03585103340447,45.21741799544543,567.5018350593746,282.1731560397893
37,0,0,2,7,0,4,1,80.44082100968808,89.06607097014785,856.7931890720502,287.6909499755129
10,0,0,2,1,0,2,1155,49.80945901479572,68.34964896552265,217.67816599458456,182.09414195735008
31,0,0,0,5,0,3,0,66.95937796030194,82.43738301098347,197.94194400310516,75.40897198487073
52,0,0,2,8,0,3,0,57.70391097757965,83.79891293589026,501.9505190430209,272.7320799604058
17,0,0,1,2,0,1,8,65.25881495326757,43.371099047362804,206.99271897319704,75.49973798450083
21,0,0,1,3,0,3,1,66.98417395818979,83.80778494756669,342.45283401105553,150.63685202039778
32,0,0,4,6,0,3,1,120.36504794377834,163.51013898383826,1481.878045015037,550.2164209028706
20,0,0,2,3,0,5,72,70.66661899443716,84.54396901652217,314.9252780713141,141.09007199294865
12,0,0,0,2,0,3,0,49.62592804804444,72.45294307358563,147.03091594856232,64.93673007935286
34,0,0,5,4,0,3,8,33.63124607130885,40.059385006316006,1877.5806679623201,1099.3109360570088
22,0,0,3,3,0,3,65,230.69251305423677,252.30027898214757,637.1430750004947,268.31860409583896
28,0,0,1,4,0,3,2,63.26114397961646,79.64823103975505,353.28384896274656,143.29330495093018
5,0,0,0,0,0,0,399,50.32143893186003,71.74344290979207,131.68141397181898,70.06593502592295
14,0,0,0,2,0,1,1,121.5241129975766,81.18357800412923,194.04370710253716,74.03095497284085
22,0,0,3,3,0,3,87,59.52013307251036,140.86233300622553,650.8937990292907,284.17347103822976
18,0,0,3,3,0,3,25,114.03896496631205,162.98029804602265,614.706302061677,270.84570506121963
34,0,0,1,4,0,3,1,58.309054002165794,81.00677898619324,364.2655739095062,148.51253398228437
22,0,0,5,4,0,4,887,118.08694805949926,163.1819640751928,2666.1340300925076,1299.8383870581165
33,0,0,4,3,0,3,1,227.15895890723914,249.5621299603954,1128.7996729370207,259.9091809242964
33,0,0,1,5,0,3,1,57.19303898513317,81.47457800805569,373.42909700237215,149.76785599719733
19,0,0,1,3,0,3,2,38.95567404106259,58.253836003132164,366.5601779939607,159.2184950131923
35,0,0,1,3,0,3,1,76.95090200286359,81.04451396502554,398.0606849072501,148.4549690503627
35,0,0,3,7,0,3,2,129.0136700263247,167.99019707832485,785.52340506576,282.8927580267191
32,0,0,4,4,0,3,1,96.22099995613098,98.18225796334445,2755.798852071166,1073.5391459893435
43,0,0,2,6,0,3,1,87.41397003177553,97.0551329664886,830.238803057,285.3142130188644
28,0,0,2,2,0,2,0,59.5893410500139,80.93617600388825,687.5457350397483,291.9668620452285
83,0,0,5,16,0,4,1,80.4079360095784,89.6876030601561,7566.143495962024,2262.057948973961
30,0,0,1,5,0,3,1,65.22492796648294,88.52580701932311,368.612144025974,132.25076301023364
41,0,0,3,6,0,3,1,79.90343600977212,88.95783801563084,1685.9215480508283,577.2661209339276
25,0,0,6,3,0,3,1389,382.27011798880994,444.84128698240966,4482.349946978502,1703.6275119753554
22,0,0,1,4,0,3,3,80.95533505547792,90.49357892945409,390.0928549701348,172.91062395088375
20,0,0,1,4,0,3,1,87.63588906731457,167.6312240306288,188.99002100806683,76.16652105934918
27,0,0,0,5,0,3,1,65.29463396873325,80.50065604038537,183.65329201333225,71.76000997424126
28,0,0,2,3,0,3,1,80.89033397845924,86.24629606492817,700.4626509733498,277.7898650383577
61,0,0,1,3,0,3,1,56.16973002906889,81.40010701026767,399.4552600197494,151.10120398458093
36,0,0,5,3,0,2,1,79.25663993228227,94.20409193262458,5477.359608979896,2247.2283400129527
8,0,0,1,1,0,1,186,53.07789100334048,76.33065595291555,273.7476050388068,137.26990309078246
35,0,0,3,7,0,4,2,118.92397096380591,159.7756209084764,476.2037970358506,147.3962179152295
46,0,0,1,6,0,4,0,75.6366370478645,92.13040606118739,438.76665900461376,149.84688896220177
12,0,0,0,1,0,1,65,91.57862199936062,105.78565706964582,183.50597203243524,116.95043800864369
40,0,0,2,8,0,4,4,88.98856199812144,98.76439697109163,955.5700219934806,297.5886600324884
33,0,0,5,4,0,3,1,99.59390293806791,99.97079998720437,5127.761060954072,2305.4460620041937
27,0,0,0,3,0,3,1,58.987080003134906,81.65822294540703,182.17047199141234,75.89745800942183
83,0,0,5,16,0,4,1,83.57450691983104,78.14389700070024,7427.307342062704,2401.16493194364
80,0,0,2,16,0,4,0,79.78399796411395,90.14068695250899,1072.9016059776768,295.4854950075969
33,0,0,3,4,0,3,3,69.68355493154377,91.05096606072038,1459.975162986666,594.725833972916
18,0,0,2,2,0,2,216,80.04093798808753,109.90866599604487,742.6349580055103,363.3563689654693
36,0,0,5,3,0,2,1,45.43907206971198,49.33287692256272,5638.385127997026,2278.843501000665
33,0,0,4,3,0,3,1,78.87777592986822,83.99393607396632,2569.6679210523143,1057.9642280936241
31,0,0,1,6,0,3,0,102.62209898792207,152.9671330936253,179.1997910477221,68.81619500927627
29,0,0,4,5,0,3,1,83.57294602319598,107.92823904193938,2680.9819359332323,1071.9998179702088
38,0,0,1,5,0,3,1,71.87569397501647,80.7428628904745,411.50449903216213,124.37032500747591
9,0,0,0,3,0,3,421,134.20653890352696,164.50823296327144,246.33869889657944,155.68399406038225
32,0,0,2,4,0,3,1,62.255449942313135,82.6503139687702,732.1404200047255,296.4905360713601
11,0,0,0,1,0,2,182,59.529376099817455,84.7169749904424,161.45632194820791,80.68918890785426
32,0,0,2,6,0,4,3,93.52112503256649,100.49591993447393,785.1611470105127,277.1148970350623
34,0,0,2,7,0,4,0,42.14189399499446,61.53932597953826,596.4253440033644,241.9539240654558
18,0,0,2,0,0,1,0,59.09267102833837,85.71510494221002,650.8233300410211,313.45554103609174
28,0,0,4,2,0,3,2,70.38639090023935,86.63503802381456,1261.4065209636465,540.3912690235302
82,0,0,4,16,0,4,1,80.46240801922977,89.9661669973284,4336.771913920529,1152.9613538878039
57,0,0,1,9,0,3,1,74.80854203458875,94.87829392310232,297.05704702064395,106.63286002818495
37,0,0,0,6,0,3,1,174.03091699816287,93.18365098442882,314.81029000133276,81.81301108561456
84,0,0,6,16,0,4,1,132.7260190155357,165.88372900150716,8526.664832956158,2096.7670279787853
6,0,0,0,1,0,1,650,55.27395708486438,73.17951193545014,137.26049999240786,76.83353300672024
36,0,0,1,6,0,3,1,31.987981987185776,43.475868995301425,189.83198807109147,68.80964303854853
30,0,0,2,5,0,3,1,73.73302592895925,87.17610209714621,359.922694042325,143.5989859746769
35,0,0,2,6,0,3,4,111.75019608344883,164.66834594029933,387.0089609408751,152.4411999853328
28,0,0,2,2,0,2,1,67.11782701313496,84.743732935749,694.8674819432199,188.49510396830738
34,0,0,4,5,0,4,14,230.07313103880733,263.546230038628,1602.837314014323,451.26284495927393
25,0,0,1,3,0,3,0,24.491673917509615,54.528148961253464,168.96510298829526,120.08354510180652
35,0,0,2,4,0,3,1,87.54588896408677,89.81011901050806,752.0343459909782,291.1316599929705
1,0,0,0,0,0,0,3830,11.521016946062446,13.567951042205095,65.79885492101312,65.7216840190813
19,0,0,2,3,0,2,8,119.38108899630606,162.17778797727078,338.93437101505697,145.05837799515575
11,0,0,1,2,0,3,994,130.43926504906267,137.01203803066164,402.563014999032,186.71213602647185
17,0,0,1,2,0,1,24,90.63582308590412,90.9851350588724,363.25517192017287,166.3311260053888
84,0,0,6,16,0,4,1,68.1741739390418,98.8320680335164,16023.306979914196,4489.1255160328
46,0,0,1,9,0,3,1,72.22469092812389,87.05023594666272,438.12551302835345,140.12956095393747
36,0,0,1,5,0,3,1,79.29667690768838,94.37862504273653,396.6156810056418,148.31870305351913
21,0,0,3,3,0,3,240,112.63657605741173,68.24400799814612,2043.3152520563453,617.3232359578833
24,0,0,1,5,0,3,1,67.01455300208181,80.20832494366914,357.55024291574955,141.05773996561766
25,0,0,1,4,0,3,1,77.04394299071282,84.46326898410916,384.67866205610335,156.23428602702916
35,0,0,4,3,0,3,0,83.01499707158655,96.5081830509007,2690.9711160697043,1120.2780819730833
32,0,0,3,5,0,3,1,68.04923503659666,83.59075104817748,1101.6321470960975,415.92648497316986
27,0,0,2,5,0,3,0,104.55567203462124,154.21423397492617,331.7425299901515,138.72793002519757
29,0,0,5,2,0,3,1,232.90526994969696,251.88116100616753,1126.8053309759125,531.3469140091911
81,0,0,3,16,0,4,0,92.9934011073783,107.74243203923106,2128.634633962065,574.3239559233189
36,0,0,5,3,0,3,0,84.93646595161408,96.84947098139673,4548.413562006317,1971.8026079935953
29,0,0,5,2,0,3,2,69.95396502315998,85.29605506919324,2327.6466040406376,822.48197006993
20,0,0,2,3,0,4,72,78.2349850051105,90.31204506754875,327.51482096500695,140.86891105398536
34,0,0,5,4,0,3,8,65.53771696053445,80.39084204938263,2879.018550971523,1111.6096050245687
26,0,0,1,5,0,3,2,72.05510896164924,86.54761908110231,373.14557493664324,143.56964302714914
23,0,0,1,4,0,3,1,65.80314401071519,87.03232498373836,343.06094294879586,143.0163059849292
4,0,0,0,1,0,1,442,116.55059095937759,151.16979007143527,126.95711897686124,91.90560493152589
28,0,0,2,5,0,3,1,40.796791086904705,44.499863986857235,661.9214420206845,287.2024440439418
30,0,0,1,5,0,3,1,70.6414309097454,83.23515602387488,373.90467105433345,143.3392440667376
31,0,0,0,7,0,3,0,63.59342602081597,81.52976899873465,196.28796190954745,72.15389900375158
32,0,0,0,4,0,3,1,66.78136100526899,79.81152494903654,187.33042501844466,73.3937689801678
36,0,0,4,7,0,4,9,77.6827170047909,79.38407699111849,1020.7337979227304,316.8698069639504
26,0,0,1,3,0,3,2,61.88938801642507,82.13105995673686,358.34593302570283,149.2014239775017
41,0,0,9,7,0,4,647,460.0286140339449,512.7673839451745,41367.69947595894,15418.18860906642
12,0,0,2,2,0,2,63,195.44400100130588,86.41697699204087,361.2331610638648,151.3767399592325
30,0,0,1,6,0,3,20,79.35263507533818,89.837666018866,411.3236080156639,149.38741701189429
43,0,0,2,5,0,3,1,76.41490001697093,80.75774600729346,847.6553140208125,295.635565998964
32,0,0,2,6,0,3,1,55.78698904719204,78.8117159390822,642.4047451000661,139.19545896351337
46,0,0,1,6,0,3,0,67.62691505718976,81.37182192876935,413.7035249732435,148.15081492997706
83,0,0,5,16,0,4,1,80.87618695572019,89.80907802470028,4099.918719031848,1141.969303949736
7,0,0,1,1,0,1,331,133.82951798848808,195.91428397689015,170.03940499853343,104.62988703511655
23,0,0,4,3,0,3,190,242.1201029792428,294.9520490365103,1257.3279510252178,530.1185890566558
55,0,0,1,7,0,3,1,51.413232926279306,40.22202198393643,389.28760890848935,150.34272300545126
40,0,0,1,8,0,3,1,78.9176180260256,84.93179990909994,348.7903649220243,72.44529202580452
75,0,0,6,13,0,4,1,87.13021699804813,96.35417500976473,15384.014492039569,4464.513684040867
16,0,0,2,2,0,1,5,93.79201999399811,106.30962194409221,616.5002429625019,291.8471619486809
32,0,0,1,5,0,3,1,65.48001302871853,80.14406391885132,378.13409394584596,143.110723933205
32,0,0,4,4,0,3,1,98.52168196812272,112.54740599542856,2726.738400058821,1104.9721570452675
11,0,0,0,1,0,1,34,56.08948098961264,80.90557507239282,148.2613910920918,74.31192300282419
82,0,0,4,16,0,4,0,52.171160001307726,74.97498602606356,3761.671805055812,1077.7277069864795
32,0,0,1,5,0,3,1,66.1739690694958,82.67630508635193,400.1925999764353,150.740223005414
85,0,0,7,16,0,4,1,133.94166808575392,167.15975000988692,7014.071149984375,1685.3075560647994
34,0,0,5,3,0,3,0,65.50177908502519,82.96867203898728,4375.7666000165045,2085.7049520127475
33,0,0,4,3,0,3,1,34.382504993118346,68.34976398386061,2555.3285300265998,1065.1453729951754
20,0,0,2,3,0,3,2,81.99604391120374,97.60743100196123,671.017418964766,287.31430298648775
34,0,0,1,5,0,3,1,66.76340999547392,82.54827605560422,381.3464780105278,142.9630130296573
5,0,0,1,0,0,1,365,53.33557503763586,76.46871695760638,251.43788801506162,127.80980102252215
33,0,0,1,4,0,3,1,54.45981095544994,39.84458395279944,198.95429001189768,74.38038801774383
29,0,0,1,2,0,2,1,67.19751097261906,86.68902795761824,343.8676979858428,150.82752995658666
21,0,0,3,3,0,4,72,44.70883391331881,44.10421603824943,365.2708070585504,138.01835000049323
30,0,0,2,6,0,3,0,119.60494995582849,161.54092003125697,377.4841419653967,140.53586905356497
38,0,0,7,7,0,4,368,281.369069009088,297.848621965386,5443.531643017195,1863.2892749737948
31,0,0,4,4,0,3,3,73.3558339998126,91.70742193236947,933.8909299112856,596.2599429767579
33,0,0,4,5,0,3,2,68.6654900200665,86.82993694674224,2150.3958090906963,835.949125001207
6,0,0,1,0,0,1,1062,94.95295793749392,140.68489300552756,115.59522000607103,35.256927949376404
15,0,0,1,3,0,3,22,83.89468805398792,94.52638996299356,370.5482629593462,183.40412608813494
34,0,0,1,7,0,3,1,27.415602933615446,44.97180797625333,263.7085230089724,67.64146604109555
57,0,0,1,8,0,3,1,32.85414993297309,39.00060697924346,110.32623297069222,36.15901293233037
30,0,0,2,5,0,3,1,73.82487505674362,90.73803294450045,709.1543839778751,280.3907070774585
36,0,0,5,3,0,2,1,131.1139699537307,167.57829498965293,2618.8803910044953,782.0375689771026
58,0,0,2,9,0,3,1,57.461306103505194,48.85884199757129,882.1104499511421,284.75587407592684
8,0,0,1,1,0,1,432,61.3973030121997,81.7063560243696,261.57749409321696,131.14702992606908
28,0,0,2,5,0,3,2,129.26401500590146,131.3952610362321,800.7395879831165,288.7208630563691
35,0,0,3,7,0,4,2,119.21834701206535,166.46597697399557,393.3626599609852,143.1358449626714
38,0,0,6,7,0,4,17,122.44813598226756,169.98511704150587,2868.91983600799,1087.399847107008
20,0,0,5,2,0,2,1028,123.19593993015587,167.13015106506646,4564.126997021958,2247.769471956417
31,0,0,3,6,0,3,1,120.57066196575761,89.73718294873834,722.098172060214,275.35667608026415
40,0,0,8,7,0,4,214,333.7221440160647,362.7625670051202,10473.543995060027,3885.7335090870038
26,0,0,2,4,0,3,2,77.58953899610788,85.7925119344145,665.1996420696378,141.8075750116259
8,0,0,3,1,0,2,3830,18.90884491149336,24.534925003536046,273.0324309086427,172.8581100469455
32,0,0,1,5,0,3,0,33.50284299813211,39.44409603718668,199.42203001119196,72.30758806690574
87,0,0,9,16,0,4,1,86.00073494017124,95.35379300359637,54833.659144933335,16758.238284965046
37,0,0,5,7,0,4,0,131.59348699264228,167.85169299691916,2869.728494086303,1111.5637479815632
62,0,0,4,12,0,4,1,66.717040957883,83.59598997049034,1776.0946250054985,577.5067440699786
29,0,0,2,4,0,3,3,33.23692502453923,67.63090402819216,703.1484049512073,285.54329311009496
29,0,0,5,2,0,3,2,69.9083429062739,86.72384393867105,2402.3224120028317,713.0428670207039
17,0,0,3,2,0,2,1028,69.98199399095029,140.4167350847274,462.9769920138642,269.6850890060887
3,0,0,0,0,0,0,1296,45.28296506032348,63.86822904460132,119.89975301548839,70.0292089022696
19,0,0,1,3,0,4,0,24.40794906578958,34.246115013957024,143.62138300202787,63.02720191888511
18,0,0,3,3,0,4,15,59.29043295327574,85.87374596390873,1162.499818019569,539.6334138931707
6,0,0,1,1,0,1,1031,92.74929005187005,135.23083203472197,131.5709810005501,80.42281202506274
37,0,0,1,6,0,3,1,72.2924730507657,81.63673803210258,406.49131301324815,140.89462999254465
27,0,0,2,5,0,3,0,52.07937699742615,70.41554490569979,551.7765060067177,270.21581190638244
20,0,0,1,2,0,2,14,62.81628005672246,80.95626998692751,334.8635049769655,150.01607802696526
32,0,0,1,5,0,3,1,70.96422102767974,90.04339203238487,369.79753500781953,142.9832800058648
28,0,0,5,4,0,3,17,119.80500293429941,82.53771299496293,835.8197220368311,277.4729719385505
32,0,0,2,4,0,3,1,69.44407802075148,91.90999309066683,730.6664650095627,290.7630569534376
23,0,0,1,4,0,4,1,78.29669490456581,86.36742609087378,349.90481205750257,145.83175198640674
32,0,0,2,6,0,4,3,80.71907900739461,88.81150395609438,377.9346279334277,144.07046500127763
29,0,0,1,6,0,3,1,57.17665993142873,77.94296403881162,358.0411149887368,140.22977894637734
33,0,0,3,6,0,4,3,103.6117619369179,117.41867195814848,1391.6103419614956,292.6867139758542
11,0,0,2,1,0,1,76,132.33715598471463,196.15204608999193,335.8076700242236,186.74488202668726
26,0,0,3,3,0,3,17,77.99147302284837,86.36118902359158,1500.1751930685714,582.5112190796062
33,0,0,5,4,0,3,26,96.85690596234053,100.33740696962923,5317.839754046872,2159.01856997516
29,0,0,3,2,0,2,1,110.73811794631183,160.25208495557308,682.3880450101569,295.38995609618723
27,0,0,2,5,0,3,1,75.15499403234571,94.51199893373996,701.6267080325633,289.05154997482896
4,0,0,0,1,0,1,442,111.17470997851342,144.23598209396005,123.14660008996725,87.997562950477
10,0,0,2,1,0,2,1155,97.78161405120045,140.12395997997373,287.05509495921433,124.97638503555208
26,0,0,2,4,0,3,1,161.55373502988368,243.77041298430413,334.0725729940459,139.34272690676153
47,0,0,1,9,0,3,1,78.50892492569983,87.9636169411242,479.5671539613977,147.09233900066465
21,0,0,2,2,0,2,23,31.481897924095392,79.2376259341836,667.831955011934,298.8023760262877
4,0,0,1,0,0,1,2320,43.63313200883567,64.14888694416732,197.92996300384402,122.71998194046319
23,0,0,5,3,0,3,1389,343.06442190427333,389.25199897494167,2396.164412028156,1029.5574859483168
38,0,0,1,7,0,3,1,169.39379402901977,171.10447899904102,225.50423303619027,75.58219798374921
8,0,0,0,1,0,1,167,75.35845693200827,109.09087490290403,191.49094098247588,113.81520901340991
28,0,0,1,4,0,3,1,93.28654501587152,86.71345200855285,373.29835596028715,148.2790820300579
44,0,0,2,6,0,3,1,109.47564104571939,164.93685101158917,396.37441909871995,152.93309791013598
33,0,0,3,6,0,4,165,103.94994204398245,147.21742400433868,1483.0414790194482,585.4270170675591
16,0,0,1,2,0,3,168,111.35358700994402,163.27854804694653,93.83966505993158,45.69781897589564
7,0,0,1,0,0,1,622,26.808066992089152,66.79558393079787,245.12189999222755,139.85014602076262
84,0,0,6,16,0,4,1,133.2178870216012,167.63395897578448,8674.51107292436,2266.3289179326966
36,0,0,5,3,0,2,1,40.55568005423993,45.48938199877739,5150.154136004858,2283.6968960473314
84,0,0,6,16,0,4,1,90.78748791944236,98.5882340464741,15652.049685944803,4435.859302058816
32,0,0,2,6,0,3,1,54.71948394551873,76.79283595643938,708.58383201994,273.8231149269268
31,0,0,2,5,0,3,1,36.58913401886821,78.14394892193377,354.201112058945,142.64218998141587
40,0,0,8,7,0,4,360,461.41617000102997,495.95858401153237,18735.938576981425,7881.034336052835
13,0,0,1,2,0,3,1389,80.64637600909919,70.84734400268644,231.56673600897193,94.00044905487448
42,0,0,1,7,0,3,1,64.03893500100821,87.007315014489,403.52684701792896,141.21096301823854
7,0,0,1,1,0,2,3830,10.889659053646028,13.421081006526947,124.91233902983367,89.25225504208356
36,0,0,5,3,0,3,0,66.37763301841915,90.11552401352674,4482.883329037577,1558.4505000151694
35,0,0,1,4,0,3,1,54.44610898848623,76.16583700291812,351.3172350358218,140.0217718910426
6,0,0,1,1,0,1,36,173.62291202880442,242.2557909740135,146.019691019319,72.74187402799726
31,0,0,0,6,0,3,1,92.16068801470101,80.22373192943633,109.32238702662289,39.4054640782997
31,0,0,2,5,0,4,1,35.64981499221176,42.10421408060938,491.03646993171424,276.0058860294521
12,0,0,3,0,0,1,433,104.11391803063452,155.63018596731126,534.778153989464,273.58656004071236
33,0,0,3,5,0,4,0,388.48082500044256,338.3371069794521,1043.7115400563926,143.18592206109315
27,0,0,2,5,0,4,5,86.92475000862032,96.6285039903596,728.3172110328451,275.7760710082948
31,0,0,2,5,0,3,2,69.19837999157608,86.66111994534731,712.5261429464445,277.75678294710815
14,0,0,1,1,0,1,164,55.17026490997523,115.77526200562716,348.19906402844936,201.3318759854883
20,0,0,3,1,0,2,40,47.61076101567596,48.09015500359237,1178.9786090375856,571.5116789797321
17,0,0,2,3,0,4,0,52.094428916461766,75.20644599571824,580.394487013109,268.60231498721987
2,0,0,0,0,0,0,3830,16.265196027234197,20.545145962387323,70.25408407207578,68.98436299525201
36,0,0,4,7,0,4,0,102.52320196013898,152.56794798187912,1340.9572030650452,504.61563805583864
21,0,0,4,4,0,4,1419,121.80717498995364,166.80021595675498,2603.1337750609964,1167.993871960789
28,0,0,1,3,0,3,1,109.9888919852674,160.37212894298136,179.52616792172194,76.9042749889195
73,0,0,3,13,0,4,0,80.93583199661225,92.27227699011564,1874.3438699748367,426.2918441090733
29,0,0,3,5,0,3,2,131.97399803902954,133.13397497404367,689.8991600610316,182.4134869966656
19,0,0,1,2,0,3,38,108.60088397748768,160.7028329744935,164.5607849350199,78.23015400208533
12,0,0,1,2,0,3,471,43.57615311164409,47.18130989931524,286.95200802758336,159.2808678979054
41,0,0,3,6,0,3,1,89.64243601076305,97.52938896417618,1132.6941159786656,565.4860999202356
34,0,0,1,6,0,4,1,65.35718007944524,80.51405695732683,194.7159810224548,71.85135397594422
33,0,0,4,3,0,3,0,68.87009693309665,85.4899249970913,2483.7478160625324,935.3438790421933
27,0,0,1,4,0,3,1,86.70013095252216,98.60884991940111,369.78418298531324,143.32330191973597
38,0,0,1,5,0,3,1,61.06307194568217,84.26850498653948,384.43998305592686,175.80292699858546
27,0,0,1,5,0,4,9,94.81292904820293,82.06076791975647,363.42970305122435,145.32998309005052
23,0,0,4,3,0,3,98,232.5847059255466,251.54130498412997,1309.0143490117043,526.0865159798414
12,0,0,1,2,0,3,471,86.54482290148735,95.06561409216374,322.08815799094737,162.5367810484022
36,0,0,4,7,0,3,0,130.46168396249413,169.47330301627517,1350.297445897013,552.1004609763622
2,0,0,0,0,0,0,2320,36.9797790190205,51.866065012291074,105.11971707455814,80.83856804296374
8,0,0,0,1,0,1,167,75.10984700638801,108.89674595091492,171.07216303702444,101.07218404300511
29,0,0,5,2,0,3,2,76.60186593420804,97.58487902581692,2479.1309139691293,806.1047970550135
3,0,0,0,1,0,1,340,58.32970701158047,134.25099500454962,167.51646692864597,136.60432607866824
2,0,0,1,0,0,1,3830,12.270412058569491,14.457618002779782,64.74236596841365,63.78118903376162
21,0,0,2,3,0,3,61,118.71802597306669,163.6203119996935,348.65205199457705,148.19755498319864
28,0,0,1,4,0,2,1,65.63153502065688,81.94626600015908,356.61081701982766,141.0442030755803
60,0,0,0,9,0,3,0,77.01747608371079,105.33810988999903,251.27426302060485,75.46588499099016
32,0,0,1,3,0,3,1,57.23648192360997,82.81634002923965,374.13386604748666,148.43136304989457
13,0,0,3,2,0,3,233,197.61155999731272,179.02145092375576,707.8963990788907,293.14814205281436
34,0,0,5,3,0,3,1,230.5250830249861,251.32802489679307,2508.6537869647145,1017.4967610510066
2,0,0,0,0,0,0,3830,16.17350592277944,20.142936031334102,69.78490296751261,68.29027901403606
22,0,0,3,2,0,3,8,66.84024399146438,84.54223501030356,1193.4668730245903,403.3141719410196
34,0,0,6,4,0,3,40,96.27284004818648,100.47986300196499,8603.052878053859,3635.703323991038
23,0,0,2,4,0,3,3,97.98399196006358,106.34339402895421,764.3006020225585,327.1324950037524
10,0,0,1,3,0,4,3830,10.920123080722988,12.98819005023688,243.3282850543037,154.2390000540763
4,0,0,1,0,0,1,907,47.121529933065176,67.2259540297091,190.8733770251274,61.786483973264694
84,0,0,6,16,0,4,1,82.00621407013386,88.2978430017829,14283.601962961257,3819.139378028922
36,0,0,5,7,0,4,26,85.54505894426256,95.90311103966087,2308.8684120448306,841.2925499724224
27,0,0,3,4,0,3,4,80.43197903316468,95.77881905715913,1514.983174041845,572.7921919897199
21,0,0,3,3,0,3,2,182.81801999546587,256.6933810012415,668.7458269298077,283.75246096402407
71,0,0,4,13,0,4,1,91.07554203364998,76.5249109826982,3820.980961085297,1122.3682130221277
34,0,0,1,4,0,3,1,56.752547970972955,81.48073998745531,366.8473130092025,150.54073208011687
32,0,0,3,3,0,2,1,34.247371018864214,41.140588000416756,725.4285149974748,533.5982010001317
24,0,0,4,3,0,3,26,54.674056940712035,88.84231210686266,1918.3189989998937,837.7409160602838
17,0,0,3,2,0,3,1389,200.34274994395673,205.7442219229415,684.5921960193664,288.27087802346796
28,0,0,2,5,0,4,9,118.56717790942639,160.34420009236783,308.5983688943088,144.36447992920876
34,0,0,5,5,0,3,2,119.43762097507715,163.90694200526923,2110.7443710789084,822.1676839748397
28,0,0,2,5,0,3,1,69.41297301091254,45.18331994768232,415.1023970916867,285.32321006059647
35,0,0,5,5,0,4,19,272.2185429884121,246.02402991149575,3026.5322140185162,881.7958500003442
85,0,0,7,16,0,4,1,133.7940599769354,169.28685805760324,15631.357084028423,3829.818974947557
19,0,0,2,3,0,3,98,119.41281391773373,84.73559003323317,759.85585199669,289.8084750631824
28,0,0,2,4,0,4,1,91.6333090281114,98.46698108594865,677.9785209801048,287.98206604551524
38,0,0,5,6,0,3,5,187.506754999049,137.68694002646953,8544.398871948943,2079.8004319658503
7,0,0,0,1,0,1,312,75.12264500837773,108.8550389977172,172.8886120254174,106.78403009660542
21,0,0,3,3,0,3,0,176.64607299957424,101.54924797825515,2178.453946020454,602.2207220084965
41,0,0,9,7,0,4,986,431.9647980155423,496.834022924304,31479.570772033185,12542.833202984184
34,0,0,2,4,0,3,2,75.85393101908267,87.33298303559422,484.1730260523036,255.09705604054034
85,0,0,7,16,0,4,1,42.844220995903015,48.11735404655337,26545.868951943703,8418.487573042512
45,0,0,3,6,0,3,1,110.02447200007737,162.98709204420447,777.612466015853,299.65403699316084
30,0,0,6,2,0,3,2,235.0049529923126,257.585151004605,2489.5985999610275,870.3216130379587
86,0,0,8,16,0,4,1,42.1292440732941,44.52631005551666,56670.421299058944,17803.768869955093
84,0,0,6,16,0,4,1,83.73732992913574,88.61909003462642,14707.85922196228,3883.098675054498
16,0,0,1,3,0,3,217,71.47961191367358,91.1858850158751,315.94521400984377,140.84472402464598
22,0,0,4,3,0,4,102,85.0602799328044,91.43449703697115,1266.20041904971,544.2026040982455
19,0,0,3,2,0,2,370,90.07723000831902,125.34734699875116,950.4902639891952,715.1904490310699
33,0,0,4,3,0,3,0,69.02668706607074,86.40297502279282,2151.4017489971593,1073.837666073814
37,0,0,4,6,0,3,4,188.20381094701588,135.7575679430738,4197.744434000924,1249.966174014844
1,0,0,0,0,0,0,3062,29.10936390981078,39.9933640146628,94.3183790659532,69.37131704762578
13,0,0,2,2,0,4,0,259.989776997827,187.08041706122458,218.34137896075845,78.04770406801254
34,0,0,6,4,0,3,40,95.6802039872855,97.93622500728816,9264.126276015304,3626.5729889273643
32,0,0,3,6,0,4,49,133.30075598787516,176.59387399908155,736.3182649714872,295.4177800565958
23,0,0,2,3,0,3,3,67.18051491770893,82.40146702155471,647.5121779367328,276.44721895921975
22,0,0,1,5,0,3,25,185.57944206986576,122.17131303623319,598.4302570577711,155.90508398599923
23,0,0,5,3,0,3,335,85.21968009881675,106.8384749814868,4313.676537014544,1966.6823539882898
37,0,0,6,3,0,2,2,81.3911990262568,94.17370799928904,10577.747511095367,4087.056947988458
11,0,0,2,0,0,1,0,106.8072090856731,158.69034710340202,288.508536061272,146.68818400241435
46,0,0,2,10,0,4,7,94.23756110481918,107.63879597652704,910.3247470920905,303.45413100440055
47,0,0,2,6,0,4,0,66.69261306524277,81.8425560137257,797.6145599968731,291.4432480465621
29,0,0,5,2,0,3,2,68.82391904946417,86.42861898988485,2436.684447922744,1057.8542919829488
28,0,0,3,5,0,4,5,140.21608605980873,175.42849108576775,729.2729830369353,288.6769149918109
6,0,0,1,1,0,3,18,136.8073250632733,175.5807870067656,350.86479398887604,276.98217902798206
58,0,0,2,9,0,3,1,73.717079940252,88.20955804549158,870.5670930212364,282.8253540210426
55,0,0,3,5,0,3,1,77.46353291440755,81.31313393823802,1575.799221987836,587.5910479808226
22,0,0,5,4,0,4,2106,149.57424602471292,196.17436302360147,4313.65258898586,2176.885799970478
49,0,0,1,8,0,4,1,63.15722595900297,79.21255892142653,319.850517087616,71.280003990978
41,0,0,2,6,0,3,1,68.79166897851974,85.69242106750607,427.12474800646305,161.7464500013739
37,0,0,1,5,0,4,1,62.774574966169894,87.27799204643816,353.676354046911,147.09307195153087
31,0,0,3,5,0,3,1,38.79139700438827,81.69830893166363,625.7165989372879,264.2234619706869
36,0,0,5,7,0,4,54,86.0347580164671,99.49082997627556,3922.25733702071,2062.099325004965
81,0,0,3,16,0,4,1,80.65965003333986,92.06385596189648,1732.9156580381095,401.3669249834493
31,0,0,3,4,0,3,1,93.49941299296916,94.68705207109451,1512.575202039443,485.65461207181215
92,0,0,2,4,0,3,1,34.71538994926959,40.0680280290544,243.88457997702062,74.59696906153113
35,0,0,3,4,0,3,4,76.1162640992552,87.22832798957825,1493.1229460053146,422.8585989912972
44,0,0,2,6,0,3,1,55.31169997993857,78.05638702120632,195.22488699294627,73.66569503210485
19,0,0,3,4,0,4,887,91.10175503883511,132.81144702341408,688.0537719698623,372.91608296800405
52,0,0,2,7,0,3,1,30.13425797689706,40.45829002279788,388.1900809938088,151.48861205670983
2,0,0,0,0,0,0,3830,16.151132993400097,20.590599975548685,71.45312707871199,68.19628097582608
64,0,0,1,12,0,3,1,77.81493698712438,85.23772598709911,517.5097309984267,146.55830501578748
27,0,0,4,3,0,3,17,77.97859702259302,87.19406800810248,2927.381297922693,1140.2744019869715
34,0,0,4,6,0,4,3,103.01027598325163,115.1575850090012,2787.1637840289623,1047.4151279777288
31,0,0,1,6,0,3,1,142.1576909488067,45.19319999963045,364.60088891908526,159.17845198418945
28,0,0,1,5,0,3,1,65.21251797676086,80.94308897852898,362.3554880032316,141.84003695845604
31,0,0,1,5,0,3,1,76.65601407643408,83.67552096024156,409.1527690179646,147.64944405760616
48,0,0,6,6,0,3,1,56.391292018815875,123.40774293988943,2951.13008399494,1189.8905569687486
7,0,0,1,0,0,1,939,25.91687999665737,36.977878073230386,241.4645969402045,120.80333090852946
37,0,0,6,7,0,4,215,178.0909999506548,147.19578402582556,4973.967251949944,2062.938201939687
28,0,0,2,3,0,3,1,81.45680208690464,87.6961110625416,595.2692090068012,279.0788939455524
14,0,0,2,2,0,3,1389,103.55796397197992,145.04877291619778,756.5727159380913,307.16246902011335
21,0,0,0,3,0,3,3,85.89520095847547,91.9986650114879,229.9586880253628,87.85156696103513
37,0,0,6,3,0,2,1,79.04923090245575,100.21473397500813,10088.724052999169,3324.8984249075875
29,0,0,1,6,0,3,1,64.9583829799667,80.83500002976507,384.1185619821772,144.94508900679648
32,0,0,2,5,0,3,2,83.9391010813415,97.35577297396958,747.863415046595,248.7335769692436
84,0,0,6,16,0,4,1,93.81544298958033,105.91886600013822,15692.458085948601,3702.9511319706216
37,0,0,3,4,0,3,1,67.21446302253753,82.81805401202291,1549.2862230166793,576.2623749906197
30,0,0,1,4,0,3,2,33.819235977716744,39.88614201080054,191.2721929838881,73.28544394113123
32,0,0,1,6,0,3,1,92.50518993940204,86.50468301493675,426.9543560221791,155.53805499803275
7,0,0,2,1,0,1,1315,87.01786596793681,119.61686494760215,113.83316305000335,61.71259703114629
28,0,0,4,2,0,3,2,229.1651569539681,253.27097706031054,1224.537490052171,531.2980699818581
12,0,0,0,2,0,3,210,40.75344803277403,68.31445102579892,180.9952890034765,93.26341992709786
28,0,0,2,5,0,4,9,68.86873592156917,85.90771397575736,672.4041509442031,270.0281400466338
30,0,0,4,5,0,3,1,41.902221040800214,48.6356420442462,2203.2593470066786,1023.0396330589429
8,0,0,1,1,0,1,432,61.23933498747647,80.88318700902164,264.23972798511386,130.66497899126261
20,0,0,4,2,0,2,635,114.36445498839021,155.08102905005217,2752.467737067491,1382.7523989602923
27,0,0,1,3,0,2,1,55.307361064478755,76.8620950402692,340.5725759221241,140.07830596528947
32,0,0,2,5,0,3,2,74.93538595736027,83.07132695335895,816.2886589998379,292.3776569077745
34,0,0,4,5,0,4,0,395.98538097925484,338.3395329583436,2238.223838969134,589.0560019761324
34,0,0,5,3,0,3,0,236.4909650059417,259.1515959938988,2548.900310997851,1107.5648210244253
37,0,0,6,7,0,4,54,85.35958803258836,99.41550309304148,4749.617981025949,2052.078746026382
37,0,0,6,7,0,4,109,90.69032105617225,84.5879859989509,10023.194444016553,3391.175191034563
41,0,0,2,8,0,4,2,79.49419692158699,87.54561794921756,854.1421350091696,287.77749300934374
76,0,0,7,13,0,4,1,83.00408395007253,91.22665203176439,14877.064546919428,4356.315987068228
29,0,0,3,5,0,3,2,128.03776294458658,132.8959239181131,1622.3473330028355,582.0485290605575
30,0,0,1,5,0,3,1,81.54295303393155,92.68314100336283,373.03211202379316,136.40729198232293
30,0,0,6,2,0,3,2,236.61187407560647,253.29874898307025,2097.415735013783,518.9458519453183
19,0,0,1,2,0,4,38,56.96763296145946,82.64411904383451,309.92097593843937,151.8562809797004
15,0,0,1,1,0,1,2,27.95943699311465,37.88373002316803,148.84859800804406,68.3258839417249
33,0,0,3,6,0,4,3,93.96472491789609,100.27572698891163,1447.6896220585331,554.1426839772612
29,0,0,1,3,0,3,2,66.01991597563028,80.32870793249458,372.5212080171332,150.10307694319636
33,0,0,3,6,0,3,0,121.97456392459571,165.62535206321627,731.6390359774232,276.4186210697517
20,0,0,2,3,0,4,72,78.67191999685019,89.6991150220856,322.30399700347334,152.32611203100532
30,0,0,2,6,0,3,1,66.19303696788847,83.80783209577203,743.9851849339902,287.06317103933543
11,0,0,1,2,0,3,2875,125.454289955087,163.80332096014172,317.382410983555,219.5905129192397
7,0,0,2,0,0,1,1296,93.13204907812178,137.28928193449974,242.41813097614795,124.12031996063888
20,0,0,3,3,0,4,98,122.71301704458892,86.75456407945603,1429.0629089809954,562.0019029593095
62,0,0,2,10,0,4,1,67.80681002419442,85.67140402738005,943.0448110215366,294.7175179142505
38,0,0,2,6,0,3,1,67.82630691304803,41.004779981449246,399.5917560532689,136.05749106500298
32,0,0,2,4,0,3,1,32.0031710434705,40.983640938065946,364.2925890162587,143.12439097557217
39,0,0,1,5,0,3,1,56.207042071036994,81.71927998773754,376.8912700470537,112.64253896661103
13,0,0,2,2,0,4,2370,65.72213803883642,72.68484297674149,412.9813590552658,161.59414302092046
9,0,0,1,1,0,1,383,40.989776025526226,46.45444802008569,170.3274609753862,88.6683699209243
43,0,0,1,8,0,3,1,80.92602796386927,92.77575206942856,428.31807502079755,136.8345400551334
33,0,0,1,5,0,3,0,63.1500210147351,82.85300200805068,384.88675002008677,148.92019890248775
13,0,0,2,2,0,3,994,91.34878497570753,109.15878799278289,167.01251605991274,141.29247108940035
21,0,0,4,3,0,4,846,227.24390111397952,219.9599629966542,1423.1920329621062,566.3324070628732
7,0,0,1,0,0,1,939,50.52701500244439,73.38201603852212,244.58010611124337,134.79627796914428
14,0,0,2,2,0,3,471,98.18507207091898,116.07282294426113,630.9795619454235,305.70987693499774
7,0,0,1,0,0,1,622,53.02037193905562,77.76155194733292,245.8170490572229,129.94448991958052
85,0,0,7,16,0,4,1,81.74996403977275,89.3977100495249,14586.447679088451,4495.362562010996
36,0,0,2,3,0,3,1,77.70762406289577,81.82027097791433,790.0361680658534,299.96996896807104
39,0,0,7,7,0,4,17,124.06656006351113,168.59114705584943,5558.856655959971,1777.5493540102616
34,0,0,2,5,0,3,2,62.58692790288478,86.60704700741917,740.0858029723167,293.2552720885724
30,0,0,1,2,0,3,6,57.76216404046863,83.08805408887565,345.7325389608741,151.43753797747195
13,0,0,4,0,0,1,622,100.9340580785647,151.92313096486032,1030.1354399416596,516.7744240025058
24,0,0,6,3,0,4,335,86.10547601711005,104.7539230203256,4354.081159923226,1943.6922370223328
33,0,0,4,4,0,3,8,64.81476395856589,80.40923404041678,2435.7871850952506,1101.6971970675513
35,0,0,1,5,0,3,1,70.30866690911353,92.39515394438058,293.4332969598472,69.54684702213854
29,0,0,3,5,0,3,1,97.94958692509681,83.72166391927749,780.4958650376648,291.21666902210563
36,0,0,4,7,0,3,3,121.44928309135139,123.09985305182636,1500.4263599403203,563.1632929435
23,0,0,0,3,0,3,1,36.46851400844753,39.092459017410874,93.42569299042225,53.244269103743136
33,0,0,1,6,0,3,1,62.35890497919172,82.02470000833273,187.7611050149426,37.85404097288847
46,0,0,2,10,0,4,7,91.43293602392077,90.1891210814938,915.9537489758804,304.13543805480003
74,0,0,4,13,0,4,0,81.80175500456244,91.80955903138965,4072.6611269637942,995.9974830271676
13,0,0,1,2,0,1,53,97.81571896746755,111.4352879812941,353.61434996593744,167.63762396294624
22,0,0,3,3,0,3,61,119.88218000624329,160.98184895236045,339.37418705318123,149.1349700372666
33,0,0,1,5,0,3,1,69.99327300582081,82.2846689261496,376.9200280075893,141.44278201274574
31,0,0,4,2,0,3,0,56.34934501722455,81.06543903704733,2080.514874891378,1076.7921969527379
83,0,0,5,16,0,4,1,81.99523796793073,89.74983100779355,6633.4548270097,1878.2638299744576
28,0,0,1,6,0,3,1,78.80176894832402,84.42391199059784,406.3513370929286,82.03444199170917
41,0,0,2,8,0,3,1,87.51912601292133,91.88355598598719,835.7459050603211,206.22447202913463
33,0,0,2,5,0,3,0,34.786850097589195,41.35453200433403,441.29625300411135,149.18090600986034
34,0,0,2,5,0,3,1,64.23650297801942,84.00091098155826,752.8638249495998,295.1078040059656
18,0,0,0,2,0,1,0,52.95103695243597,77.61703408323228,155.69525700993836,72.16440606862307
23,0,0,4,2,0,3,16,71.0199229652062,91.17758995853364,2294.168067048304,1055.1139250164852
16,0,0,0,3,0,3,8,77.80017703771591,96.67499794159085,197.63352104928344,91.8315660674125
31,0,0,1,6,0,3,1,69.52482298947871,83.7046989472583,289.3709630006924,116.79822497535497
26,0,0,2,3,0,3,1,68.17730597686023,85.07117396220565,406.4913240727037,132.80042097903788
44,0,0,1,8,0,3,1,42.28724492713809,46.847751014865935,436.8431599577889,146.32332511246204
31,0,0,3,5,0,3,1,91.22550394386053,104.06542697455734,1380.5705170379952,563.7523690238595
17,0,0,3,2,0,2,5,135.74089691974223,109.39736710861325,751.735202036798,253.67220595944673
36,0,0,6,5,0,4,29,138.09981709346175,127.91192205622792,5988.3718099445105,1812.2377569088712
26,0,0,1,4,0,3,2,76.97634596843272,78.80941999610513,194.16832097340375,147.84762996714562
32,0,0,2,5,0,4,1,84.34970199596137,93.38882495649159,740.7221080502495,273.1214150553569
18,0,0,1,1,0,1,52,73.84835905395448,110.42984493542463,377.86920997314155,215.34343296661973
35,0,0,7,4,0,3,40,101.10495402477682,127.50531698111445,10283.81166793406,3829.8421590588987
33,0,0,3,6,0,4,44,93.78743707202375,105.62356095761061,1378.5390129778534,560.260682948865
40,0,0,8,7,0,4,34,122.0200969837606,167.76966501493007,11028.541035018861,4409.999868017621
38,0,0,7,3,0,2,3,79.06082295812666,102.94348106253892,21949.36690002214,7986.481215106323
34,0,0,1,4,0,3,1,66.78348500281572,82.83688209485263,384.28873906377703,148.72480207122862
10,0,0,2,2,0,4,3830,10.780679993331432,13.241196982562542,183.50811302661896,151.06933296192437
75,0,0,6,13,0,4,1,80.29198192525655,88.54761999100447,15337.13620598428,4391.361456015147
25,0,0,2,5,0,3,1,70.9295409033075,86.53767395298928,396.1635389132425,132.27921503130347
23,0,0,4,3,0,3,87,119.27864991594106,163.37749594822526,1325.3236000891775,553.9713579928502
37,0,0,1,7,0,3,1,67.372593912296,81.02355699520558,415.2436900185421,147.33923901803792
28,0,0,2,3,0,3,1,80.69736405741423,86.2123150145635,711.3095209933817,273.7251369981095
29,0,0,2,4,0,3,2,63.9821020886302,78.99829605594277,717.1002769609913,289.54923700075597
34,0,0,0,6,0,3,0,51.61436798516661,72.37731502391398,182.00895900372416,67.49552895780653
46,0,0,1,9,0,4,2,78.01785599440336,85.95963101834059,452.6372749824077,147.58992101997137
85,0,0,7,16,0,4,1,69.83577401842922,108.48712793085724,29609.24740997143,8145.111210993491
24,0,0,4,2,0,3,48,86.4835879765451,108.60499704722315,2608.606613939628,1160.7665999326855
42,0,0,3,8,0,3,1,84.80811200570315,54.65040705166757,838.9699519611895,284.44021893665195
34,0,0,1,4,0,3,1,58.892752043902874,80.81421907991171,362.659215927124,141.37445797678083
76,0,0,7,13,0,4,1,80.66936803516,89.59422900807112,25418.540306040086,8006.184631958604
82,0,0,4,16,0,4,1,45.4192670295015,47.76911297813058,4033.7476700078696,1114.2055550590158
39,0,0,1,3,0,4,1,31.804420985281467,38.87252195272595,336.1670820740983,144.32640501763672
14,0,0,3,2,0,4,760,249.4239560328424,181.10730801708996,625.6709849694744,307.37352406140417
4,0,0,0,0,0,0,744,47.21511306706816,67.71252094767988,122.90893902536482,84.00341391097754
19,0,0,4,3,0,4,25,116.65262305177748,166.77666909527034,1018.8805019715801,267.2721300041303
12,0,0,1,1,0,2,182,117.73993889801204,171.55111604370177,161.4046930335462,90.87299299426377
31,0,0,1,6,0,3,1,145.9278779802844,97.44319599121809,564.656027010642,158.4655799670145
35,0,0,2,4,0,4,1,56.83532392140478,81.3940450316295,358.2289869664237,150.40917007718235
83,0,0,5,16,0,4,1,80.22834395524114,89.1644669463858,4101.414641016163,1139.7641430376098
29,0,0,1,3,0,3,1,77.42887898348272,81.78771589882672,219.39511294476688,74.217589921318
84,0,0,6,16,0,4,1,91.57916903495789,98.75358291901648,14308.540113968775,3576.8679309403524
37,0,0,6,3,0,2,2,314.29285707417876,359.987789997831,5450.095831998624,2235.3220409713686
23,0,0,5,3,0,3,335,84.27501900587231,104.17088202666491,4129.946783999912,1988.112940103747
23,0,0,5,3,0,3,335,84.70702799968421,103.45665598288178,4567.848012084141,2029.1449500946328
1,0,0,0,0,0,0,3062,29.463504091836512,40.53505102638155,95.41651501785964,69.23098303377628
22,0,0,3,2,0,3,0,71.59279799088836,93.53682899381965,1194.8599059833214,531.4795810263604
21,0,0,2,2,0,2,35,62.11494700983167,85.83614905364811,653.7525809835643,271.9208199996501
33,0,0,5,4,0,3,1,97.35747298691422,100.52521096076816,5192.660825094208,2160.6729790801182
1,0,0,0,0,0,0,3062,29.201352037489414,41.085224016569555,95.9741739789024,69.03917202726007
30,0,0,6,2,0,3,0,245.13377400580794,253.90379992313683,2387.0570509461686,515.8490650355816
21,0,0,3,3,0,5,102,46.034683007746935,59.0031270403415,541.3104030303657,278.5348129691556
13,0,0,2,2,0,4,1684,207.4738600058481,178.3080310560763,207.20041100867093,99.40125001594424
6,0,0,0,1,0,1,251,38.00237108953297,64.62625600397587,157.17894898261875,92.87521196529269
22,0,0,5,3,0,4,2320,354.60060997866094,460.1725999964401,2796.5705969836563,1171.4079469675198
39,0,0,2,5,0,3,1,64.78266103658825,90.20964102819562,740.7074029324576,275.3337840549648
83,0,0,5,16,0,4,1,76.09448698349297,88.85464409831911,3858.0484749982134,1127.1667699329555
34,0,0,0,6,0,3,0,50.00784108415246,73.46281805075705,182.16360197402537,70.81837300211191
11,0,0,2,0,0,1,309,52.36177099868655,41.28763894550502,427.2059879731387,270.83820605184883
17,0,0,0,3,0,3,12,144.69183702021837,89.84574291389436,261.08361000660807,81.76475204527378
34,0,0,1,5,0,3,1,68.67101101670414,85.44575097039342,399.39586096443236,148.9520809845999
28,0,0,3,5,0,3,2,71.62597798742354,92.14988292660564,776.8295499263331,267.19629496801645
38,0,0,1,9,0,3,1,77.15235906653106,91.8375289766118,217.98193803988397,68.85226292070001
27,0,0,3,2,0,3,1,72.15270109008998,94.81779392808676,1206.8630509311333,523.0439660372213
39,0,0,2,9,0,3,2,55.0412000156939,47.85020195413381,528.9781499886885,279.6978240367025
35,0,0,1,4,0,3,1,54.628021898679435,78.25669797603041,353.0968789709732,143.08939001057297
29,0,0,3,2,0,2,0,59.652095078490674,81.65618393104523,1364.9684189585969,585.6874360470101
38,0,0,7,3,0,2,2,79.069008002989,93.76631793566048,20864.19841297902,8432.766814017668
83,0,0,5,16,0,4,1,80.93338704202324,89.55804002471268,4092.1293469145894,1131.4157659653574
9,0,0,2,1,0,1,186,103.16060797777027,156.8518850253895,282.30194398202,139.86325403675437
18,0,0,1,3,0,4,3,53.309143986552954,78.09792994521558,317.0417279470712,140.73475706391037
32,0,0,3,4,0,3,0,65.18844491802156,80.1143180578947,1293.062387034297,552.4338079849258
27,0,0,3,4,0,4,1,141.28298102878034,192.65575497411191,774.0685070166364,373.32282797433436
87,0,0,9,16,0,4,1,95.20693507511169,105.8146160794422,58676.74094904214,16806.264247046784
37,0,0,1,4,0,3,1,56.80053192190826,80.56455198675394,258.9690750464797,80.60347102582455
35,0,0,2,4,0,3,0,58.92985197715461,83.21138005703688,694.6165999397635,297.9014980373904
6,0,0,1,0,0,1,176,104.34369102586061,154.98114796355367,134.17352095711976,69.64560900814831
64,0,0,1,11,0,3,1,70.47310401685536,84.22246691770852,486.7060029646382,141.72135095577687
24,0,0,5,3,0,3,190,243.7751330435276,290.833628969267,1259.7165399929509,532.7214309945703
32,0,0,2,6,0,4,2,230.372388032265,168.90051099471748,385.0992809748277,77.28705496992916
36,0,0,5,3,0,3,0,84.09210701938719,94.55207700375468,4777.015004074201,2072.7461189962924
47,0,0,2,9,0,4,3,78.09227390680462,86.51243196800351,910.526753985323,324.37586900778115
19,0,0,1,2,0,3,38,108.20654302369803,160.9378430293873,165.56176799349487,77.71584892179817
34,0,0,1,6,0,3,1,31.920027919113636,92.60406298562884,389.00979794561863,148.38047500234097
12,0,0,3,1,0,2,287,64.37707296572626,82.0003739790991,349.6404200559482,236.07949796132743
12,0,0,2,2,0,2,190,75.3431300399825,65.71315601468086,451.99031196534634,315.51921705249697
31,0,0,4,4,0,3,15,119.95141999796033,172.91836999356747,1335.5454019038007,486.31187505088747
75,0,0,6,13,0,4,1,41.038380935788155,43.59480401035398,13679.195094970055,3459.3537320615724
32,0,0,1,5,0,3,1,46.33048304822296,82.85241003613919,389.773269998841,142.53132499288768
84,0,0,6,16,0,4,1,81.51785703375936,88.7095129583031,7965.524600003846,2264.6064140135422
14,0,0,5,0,0,1,939,94.93371204007417,143.0954949464649,1993.8826829893515,480.6051580235362
15,0,0,2,2,0,3,1389,154.64082802645862,133.71009298134595,876.732251024805,319.5324440021068
9,0,0,0,1,0,1,212,60.450294986367226,76.7196319065988,148.04965700022876,74.50022106058896
17,0,0,1,3,0,3,118,63.81187099032104,79.44854802917689,349.4382411008701,137.29187997523695
36,0,0,5,3,0,3,0,83.0335560021922,96.94445901550353,4983.712389017455,2260.025716968812
27,0,0,1,5,0,3,9,65.1290729874745,79.81645502150059,139.8716230178252,74.38989204820246
8,0,0,2,1,0,1,1031,94.82731693424284,136.3730930024758,244.6700419532135,134.99195000622422
33,0,0,5,4,0,3,1,103.03656000178307,112.26202000398189,3100.2060970058665,1156.526701990515
10,0,0,0,1,0,1,0,62.65436392277479,93.66941498592496,169.4452230585739,92.12962398305535
25,0,0,1,5,0,3,1,69.32689191307873,87.47679204680026,350.93869897536933,139.79449402540922
82,0,0,4,16,0,4,1,80.35576401744038,88.6366079794243,3953.9827620610595,1146.3288879022002
84,0,0,6,16,0,4,1,84.24271899275482,96.4965260354802,9756.977122975513,3041.3113909307867
35,0,0,4,3,0,2,1,131.23747101053596,166.79467097856104,903.2488020602614,365.7864370616153
24,0,0,1,4,0,3,107,75.39515802636743,84.59278498776257,380.83191600162536,152.31953607872128
33,0,0,3,5,0,3,2,83.50457402411848,93.59572897665203,1290.111838025041,381.01357501000166
36,0,0,1,7,0,3,1,68.69187904521823,89.18640692718327,387.2957469429821,140.07523900363594
34,0,0,5,5,0,3,2,69.64957504533231,88.46167696174234,3101.0906209703535,1588.1689050002024
51,0,0,1,6,0,3,1,80.1334650022909,88.74447306152433,455.89043595828116,149.8837110120803
33,0,0,3,5,0,3,2,84.50258197262883,94.99331202823669,1509.6664499724284,544.7058369172737
27,0,0,2,5,0,3,1,79.56904405727983,97.99382009077817,692.1067490475252,278.76276208553463
34,0,0,2,7,0,4,16,153.19282095879316,126.97725801263005,1108.3440530346707,303.5248159430921
41,0,0,1,6,0,4,1,59.40132692921907,81.6961700329557,198.6604779958725,76.42617402598262
33,0,0,2,3,0,3,1,60.516908997669816,84.79621296282858,697.4881939822808,150.02887602895498
31,0,0,7,2,0,3,2,239.75372593849897,254.73334302660078,4335.952711990103,1964.1670889686793
59,0,0,0,4,0,3,1,90.56550008244812,44.68620498664677,171.13763303495944,42.84499702043831
34,0,0,4,6,0,4,0,122.72161804139614,165.5442479532212,1397.5355370203033,549.6381620177999
32,0,0,4,5,0,3,1,99.90372194442898,117.22332099452615,1323.4158670529723,524.2053921101615
85,0,0,7,16,0,4,1,133.7454499443993,171.0310640046373,16134.164459072053,4258.6762820137665
30,0,0,4,5,0,3,2,132.8200630377978,137.98428291920573,1593.150721048005,578.1457510311157
33,0,0,5,6,0,3,2,120.52715697791427,165.25119403377175,2924.8622899176553,1108.1790099851787
75,0,0,6,13,0,4,1,83.24489800725132,95.57368303649127,13310.53473893553,3655.117957969196
37,0,0,6,3,0,3,0,90.31027799937874,110.87900307029486,9872.004779987037,4221.186588983983
34,0,0,5,3,0,3,1,228.58084994368255,251.7298118909821,1523.921167012304,925.4286820068955
34,0,0,5,3,0,3,1,68.88263393193483,86.27961308229715,4835.558407008648,2117.459161905572
33,0,0,2,3,0,2,1,67.99651205074042,81.82314899750054,548.1370869092643,291.7955439770594
24,0,0,5,3,0,3,98,231.4943780656904,259.0064810356125,2486.9490190176293,1048.8079600036144
11,0,0,1,3,0,3,421,234.69233803916723,284.25034193787724,163.48530701361597,80.89612703770399
13,0,0,4,0,0,1,433,110.98276101984084,167.3094390425831,945.1427130261436,468.3367119869217
22,0,0,1,4,0,4,1,79.5482899993658,88.05793500505388,337.39809005055577,143.60785903409123
34,0,0,4,6,0,4,0,48.14207903109491,69.67621401418,2034.9426179891452,474.43445690441877
15,0,0,3,2,0,3,471,90.36338399164379,113.93751995638013,1217.5224609673023,576.504721888341
30,0,0,2,5,0,3,1,73.96738301031291,90.81158903427422,577.0659610861912,138.5985859669745
84,0,0,6,16,0,4,1,41.12338996492326,45.164140057750046,7134.694678010419,2279.2806460056454
85,0,0,7,16,0,4,1,94.46672897320241,100.79479496926069,29479.842051048763,8279.74152204115
46,0,0,4,6,0,3,1,113.8480770168826,166.88429901842028,1425.6947740213946,584.0585289988667
8,0,0,2,1,0,1,334,154.20972800347954,220.26448091492057,314.5925090648234,188.37609700858593
36,0,0,5,3,0,3,0,85.30394302215427,96.21135494671762,5261.872211005539,2038.0118900211528
32,0,0,1,6,0,3,4,76.84127404354513,86.41060395166278,431.53098598122597,150.57148004416376
28,0,0,0,5,0,3,1,120.56831608060747,104.97459501493722,214.49700405355543,72.15187500696629
31,0,0,3,6,0,3,1,121.64896004833281,163.23818906676024,378.9027649909258,140.6979520106688
83,0,0,5,16,0,4,1,81.70512097422034,89.34683096595109,8385.853448999114,2028.5594990709797
29,0,0,1,5,0,3,18,69.52853093389422,86.81811497081071,315.4028180288151,78.75681400764734
3,0,0,0,1,0,1,2583,92.58512500673532,116.97602504864335,129.37060301192105,67.11285898927599
22,0,0,4,3,0,4,0,291.5965620195493,285.8921049628407,2162.850654916838,588.0827140063047
37,0,0,4,6,0,5,14,183.17588092759252,130.09978202171624,3535.552768036723,935.7637880602852
53,0,0,0,6,0,3,1,56.50616798084229,80.05563297774643,203.62096501048654,76.02513092570007
26,0,0,7,3,0,4,1389,390.6552249100059,451.25585596542805,9451.02198200766,3149.341408046894
31,0,0,2,5,0,4,1,130.21777290850878,164.0412260312587,379.9778911052272,137.19138293527067
53,0,0,3,8,0,3,0,29.4526960933581,41.845503030344844,1418.6585929710418,535.9588529681787
34,0,0,5,3,0,3,1,68.19913198705763,86.62137889768928,2210.6352139962837,1059.8511709831655
29,0,0,3,5,0,4,10,117.26969503797591,158.45250594429672,690.6821769662201,284.6830670023337
30,0,0,6,2,0,3,2,80.20991005469114,100.50100192893296,3835.849648923613,1561.2903849687427
36,0,0,4,7,0,4,3,120.01716892700642,162.41669410374016,777.5002680718899,284.60073797032237
32,0,0,5,4,0,4,3,66.73138111364096,109.40729000139982,2652.8111950028688,1170.4959280323237
25,0,0,2,4,0,3,16,338.9946880051866,214.39516101963818,250.83461101166904,76.39649498742074
33,0,0,3,6,0,4,0,103.66318805608898,95.81576194614172,1301.4428680762649,495.2100729569793
31,0,0,2,5,0,4,1,68.82467400282621,90.02496593166143,680.8764499146491,280.461622052826
9,0,0,2,1,0,2,432,32.398876966908574,43.12246490735561,260.12054400052875,123.64607700146735
27,0,0,3,4,0,3,2,89.21798004303128,212.79351797420532,666.5007900446653,274.0593940252438
29,0,0,1,4,0,4,1,79.85684694722295,84.96424392797053,350.6379059981555,144.24747496377677
22,0,0,4,3,0,5,102,74.39662492834032,91.13545308355242,1166.0723011009395,525.7289550499991
8,0,0,3,1,0,2,3830,18.659909022971988,24.467431008815765,274.02629097923636,146.85428293887526
31,0,0,7,2,0,3,2,240.1727109681815,166.8306600768119,4301.568418974057,1902.882969006896
16,0,0,2,4,0,4,1419,79.28604993503541,106.40584805514663,341.8104969896376,196.46671693772078
8,0,0,3,0,0,1,1417,91.86143998522311,137.61329906992614,464.07178696244955,228.9325229357928
29,0,0,4,5,0,4,22,71.06257590930909,91.51784505229443,2475.417469977401,1073.1897379737347
22,0,0,1,2,0,4,14,50.980000058189034,40.337227983400226,157.67928399145603,74.08185594249517
34,0,0,5,3,0,3,1,66.16447994019836,82.35419599805027,4670.412587933242,1937.3745829798281
36,0,0,4,7,0,4,2,106.95870302151889,167.1455829637125,771.2819080334157,278.84802501648664
38,0,0,4,4,0,3,1,67.91161303408444,82.03469100408256,2975.602745078504,1167.8565409965813
37,0,0,0,7,0,3,1,176.81828408967704,98.52743404917419,322.4509130232036,78.50173104088753
74,0,0,5,13,0,4,1,42.8924789885059,44.55964604858309,6344.365295022726,2039.3142940010875
20,0,0,3,3,0,4,87,121.50606699287891,166.07371298596263,625.2555239479989,276.3163800118491
34,0,0,6,4,0,3,1,103.58708899002522,119.00700198020786,5679.0111201116815,2287.9888899624348
37,0,0,7,5,0,4,68,268.2424549711868,245.50430208910257,11828.326729941182,3620.4356939997524
36,0,0,1,6,0,3,1,76.53211406432092,81.36011904571205,426.0286260396242,147.28971396107227
84,0,0,6,16,0,4,1,40.742381010204554,44.32858503423631,14849.254611996002,3770.207725930959
35,0,0,2,6,0,4,1,105.50170694477856,165.57429591193795,195.39871101733297,73.02117592189461
23,0,0,0,4,0,3,2,64.29740996100008,80.67060902249068,179.81704499106854,72.7949000429362
8,0,0,2,0,0,1,622,138.969284016639,237.00524703599513,240.39417097810656,129.26138006150723
13,0,0,2,1,0,2,90,144.3009899230674,193.301155930385,344.32168200146407,185.15280494466424
63,0,0,3,10,0,4,1,36.562784924171865,44.94931304361671,1437.3195980442688,311.9973229477182
29,0,0,2,4,0,3,2,64.61629399564117,86.57663001213223,641.3092709844932,300.79031991772354
7,0,0,2,0,0,1,1296,53.396863979287446,66.83902896475047,155.36209393758327,126.44642195664346
42,0,0,2,6,0,4,1,63.06099600624293,86.14874898921698,386.9474530220032,143.88591703027487
44,0,0,3,5,0,3,1,77.39891298115253,83.1175489583984,1138.3742439793423,290.4917490668595
83,0,0,5,16,0,4,0,91.33047994691879,97.75138006079942,7965.470040100627,2084.7969530150294
24,0,0,1,4,0,3,2,66.83201703708619,84.76181596051902,346.9098130008206,147.18822401482612
37,0,0,1,3,0,3,1,55.891652940772474,81.84050500858575,359.4960999907926,150.46288503799587
17,0,0,2,3,0,3,217,36.28826094791293,45.016888063400984,378.317677997984,267.5290040206164
33,0,0,1,6,0,3,1,71.20652601588517,83.12300697434694,200.58216399047524,72.51011300832033
20,0,0,2,3,0,4,0,49.71433593891561,68.9216119935736,293.77976001705974,120.8924490492791
12,0,0,3,1,0,2,76,132.27740593720227,196.04284304659814,649.1943519795313,366.8287469772622
12,0,0,2,2,0,2,63,100.78307206276804,50.40265200659633,193.82517598569393,74.35404299758375
8,0,0,2,1,0,2,650,66.77650206256658,89.40705005079508,456.07334305532277,236.09680403023958
12,0,0,3,0,0,1,433,29.48239806573838,41.59818694461137,515.5982240103185,259.36687202192843
14,0,0,1,2,0,1,2,54.39559801016003,76.2109849601984,296.25815502367914,138.55571707244962
23,0,0,2,3,0,3,0,59.27885405253619,80.30841499567032,516.6304169688374,162.93525497894734
34,0,0,4,5,0,3,2,83.9924409519881,108.11335896141827,2302.964750910178,1072.3825400928035
16,0,0,1,2,0,1,23,39.54951907508075,50.142718013376,259.52408998273313,184.46194799616933
12,0,0,1,2,0,3,471,91.02384594734758,95.70038493257016,322.0875170081854,140.23365394677967
86,0,0,8,16,0,4,1,131.9765739608556,166.90477600786835,30389.291588915512,8736.579966032878
30,0,0,1,5,0,3,2,38.792034960351884,43.66692202165723,205.61087504029274,72.9279899969697
24,0,0,2,5,0,3,25,183.46082710195333,122.0149010187015,1197.4973540054634,299.5614199899137
32,0,0,0,5,0,3,1,64.81772800907493,47.626924933865666,116.11625307705253,35.676342085935175
35,0,0,2,6,0,4,4,62.34087597113103,83.96961796097457,722.8213460184634,297.2758909454569
31,0,0,2,5,0,4,2,83.79681501537561,91.3892739918083,733.9887979906052,288.17289392463863
33,0,0,5,4,0,3,0,96.14096907898784,99.94675498455763,5649.802517029457,2140.857464983128
1,0,0,0,0,0,0,3062,29.352220008149743,40.31247098464519,94.77656299713999,68.93210601992905
15,0,0,3,2,0,3,994,238.3342859102413,298.1463019968942,632.3457849211991,304.3270200723782
34,0,0,2,6,0,3,1,66.60339399240911,84.15080304257572,723.1053380528465,280.51794203929603
49,0,0,1,6,0,3,1,63.69733309838921,80.89381491299719,405.71240498684347,143.24880798812956
22,0,0,4,3,0,5,149,73.95149802323431,92.14870794676244,1258.2694459706545,543.7902879202738
29,0,0,2,4,0,2,1,65.9246250288561,82.96927704941481,710.1881440030411,276.0702199302614
11,0,0,1,1,0,1,130,87.45674998499453,132.96339695807546,345.1107540167868,199.35560203157365
9,0,0,0,1,0,1,0,59.287994052283466,87.40557101555169,160.4335269657895,84.1841249493882
34,0,0,2,4,0,3,1,86.37487899977714,90.34679003525525,743.2278350461274,280.3669989807531
24,0,0,6,3,0,3,1978,313.48971696570516,388.4648329112679,3884.502928936854,976.2178329983726
2,0,0,1,0,0,1,3830,6.269426085054874,7.45423196349293,33.56223402079195,31.92354494240135
14,0,0,1,2,0,3,441,33.86203700210899,47.16794204432517,150.34037199802697,72.00681103859097
22,0,0,1,3,0,3,13,61.64373201318085,83.76021194271743,351.779454969801,151.75643702968955
36,0,0,2,4,0,3,1,34.54553196206689,41.23073897790164,479.8462160397321,208.17848993465304
13,0,0,4,0,0,1,622,107.14933695271611,157.32515905983746,1026.453110971488,276.9058810081333
18,0,0,3,3,0,3,15,55.326548987068236,78.45798798371106,613.8892240123823,271.9200240680948
16,0,0,1,2,0,3,189,34.741987939924,44.58584194071591,177.94534901622683,145.77588497195393
33,0,0,1,6,0,3,1,62.79655802063644,81.00278093479574,387.84778804983944,148.84693105705082
84,0,0,6,16,0,4,1,82.31651596724987,91.91742108669132,15384.410043014213,4207.461591926403
1,0,0,0,0,0,0,3062,29.797981958836317,41.411767015233636,94.83790001831949,69.10625204909593
13,0,0,2,1,0,2,182,115.16206909436733,168.11279009561986,312.63759499415755,169.32832798920572
26,0,0,3,3,0,3,37,76.82173408102244,85.84649907425046,1507.433864986524,576.6251819441095
84,0,0,6,16,0,4,1,84.99353402294219,96.81641904171556,15935.901955934241,4211.913552018814
8,0,0,1,1,0,2,1951,43.67569403257221,57.5936920940876,239.33810892049223,129.58426296245307
25,0,0,1,4,0,3,1,68.26979503966868,86.50467603001744,364.26405992824584,144.4065539399162
30,0,0,4,5,0,3,0,112.42372600827366,164.02503894641995,1544.728039065376,567.4951609689742
38,0,0,7,7,0,4,360,412.0398910017684,419.9586899485439,5267.792982980609,1919.0537839895114
29,0,0,1,4,0,3,1,77.00944796670228,87.80188905075192,389.7678699577227,145.60745691414922
23,0,0,5,3,0,5,102,92.96993899624795,113.27705602161586,2306.7799609852955,1030.4379729786888
20,0,0,4,2,0,2,635,152.89023099467158,212.67578494735062,1401.775965001434,711.9987080805004
37,0,0,3,4,0,3,1,66.8991170823574,83.653221023269,1507.5239590369165,593.1683700764552
1,0,0,0,0,0,0,3830,13.098441995680332,13.325024978257716,64.36169799417257,62.883979990147054
8,0,0,2,0,0,1,622,60.288840904831886,87.63363305479288,455.39471704978496,231.2805859837681
13,0,0,2,2,0,4,2370,64.25743107683957,71.91887102089822,346.01666196249425,227.96010901220143
86,0,0,8,16,0,4,1,99.59685697685927,110.12954695615917,29446.089971926995,8394.633980933577
41,0,0,1,4,0,4,1,58.15108004026115,81.8759819958359,354.5007340144366,148.67974596563727
5,0,0,1,0,0,1,1488,76.81835198309273,114.40379300620407,114.04823698103428,73.3529799617827
85,0,0,7,16,0,4,1,90.81131697166711,99.60660489741713,29422.338242991827,8153.520165011287
84,0,0,6,16,0,4,1,82.82642194535583,89.08525796141475,7468.6959609389305,1508.6763900471851
1,0,0,0,0,0,0,3062,15.393131994642317,21.301355911418796,47.971538035199046,34.52174400445074
23,0,0,1,3,0,2,14,61.62245408631861,81.46259095519781,345.61985405161977,150.1802169950679
35,0,0,5,5,0,4,19,266.0912679275498,243.71062696445733,3222.4748039152473,915.2670269832015
37,0,0,6,3,0,2,2,79.21449700370431,96.00928903091699,9028.032397967763,3688.5713499505073
9,0,0,0,3,0,3,421,172.2904520574957,190.89394295588136,205.20624797791243,152.72461296990514
10,0,0,1,1,0,2,8,122.70702607929707,179.78513101115823,146.8001970788464,70.29645203147084
58,0,0,2,9,0,3,1,37.92510100174695,43.889079010114074,533.9119019918144,281.4767159288749
40,0,0,1,8,0,4,4,80.49653901252896,95.55499104317278,444.76108998060226,147.90404692757875
34,0,0,2,7,0,3,0,101.57171997707337,152.2691990248859,351.57691000495106,129.17234899941832
34,0,0,3,3,0,2,1,39.06866698525846,43.85606897994876,1385.7873510569334,571.1819600546733
31,0,0,3,6,0,3,0,129.902754095383,171.88355093821883,728.0929809203371,278.6251719808206
35,0,0,4,3,0,3,0,82.21031399443746,93.9852399751544,2608.870388008654,1105.9472839115188
35,0,0,6,3,0,3,1,232.40382689982653,242.85219807643443,4811.789500992745,2053.3136919839308
38,0,0,1,6,0,3,1,62.046804931014776,81.79214701522142,356.57118796370924,149.73881503101438
37,0,0,6,7,0,4,360,410.22535902448,418.289688997902,3337.5291420379654,1365.2707639848813
24,0,0,3,3,0,3,3,70.62540191691369,89.01120501104742,1248.9611610071734,519.6471150266007
37,0,0,3,3,0,4,1,80.69777092896402,85.09102300740778,1146.746956044808,408.3568840287626
25,0,0,1,3,0,2,5,61.06508697848767,80.35017701331526,349.11440103314817,150.50153492484242
19,0,0,3,3,0,4,118,78.9227340137586,165.47170700505376,617.2399059869349,164.64738897047937
24,0,0,1,3,0,3,2,73.10613605659455,75.59232402127236,357.473666081205,131.09624409116805
38,0,0,6,7,0,3,0,131.98548497166485,169.90065202116966,3124.2545059649274,1057.4478179914877
93,0,0,3,4,0,3,1,69.61131608113647,81.63210295606405,948.9378840662539,296.8617989681661
33,0,0,3,5,0,3,3,84.55432299524546,94.91002699360251,1433.873119065538,497.6066470844671
8,0,0,1,1,0,1,325,82.7135699801147,121.57526193186641,320.2827819623053,189.80818497948349
55,0,0,1,10,0,3,1,61.05020991526544,83.67658092174679,456.9606709992513,151.7313689691946
47,0,0,3,10,0,4,18,137.17008102685213,116.7004460003227,1788.4638579562306,613.232851959765
19,0,0,3,2,0,2,370,90.1740100234747,126.22634298168123,1229.8713829368353,715.0229729013517
33,0,0,4,3,0,3,1,33.71046099346131,41.046558995731175,1983.4442080464214,970.2435530489311
32,0,0,3,4,0,3,6,65.13831706251949,79.82526894193143,1450.1747369067743,548.2697460101917
36,0,0,5,3,0,3,0,83.30827893223614,94.45702598895878,5043.29126002267,2230.155430966988
32,0,0,2,6,0,3,1,144.62609693873674,94.20379507355392,1127.9757819138467,167.6408339990303
42,0,0,3,8,0,3,1,79.47649899870157,88.56042299885303,1761.3953649997711,565.8724190434441
31,0,0,1,6,0,3,1,68.5282020131126,81.87767898198217,208.8280770694837,74.58114507608116
62,0,0,2,3,0,3,1,65.50194998271763,82.11203699465841,797.9546770220622,301.4176890719682
12,0,0,0,2,0,3,795,68.95683996845037,93.65402499679476,164.02254800777882,99.43153895437717
10,0,0,1,2,0,2,1,64.09751600585878,80.57168801315129,154.30506598204374,75.08877699729055
37,0,0,2,7,0,3,3,67.52024497836828,81.90408698283136,801.1875679949299,182.8964309534058
24,0,0,3,3,0,3,29,64.48211695533246,79.9268790287897,686.1952790059149,275.3694789716974
35,0,0,6,4,0,3,17,67.1665359986946,86.21667802799493,4738.575438037515,2208.8113219942898
29,0,0,4,5,0,3,3,80.6002530734986,106.07297800015658,2675.0165780540556,1074.7125269845128
46,0,0,4,6,0,3,1,55.661621037870646,82.19850505702198,1347.9202990420163,591.2052930798382
12,0,0,2,1,0,2,906,68.72849690262228,99.69183895736933,584.1129280161113,354.9105490092188
30,0,0,3,4,0,3,2,66.7873410275206,84.02485901024193,1337.1003200300038,525.9683839976788
35,0,0,2,5,0,3,1,118.7544260174036,162.08004707004875,359.21406908892095,142.25120702758431
24,0,0,5,2,0,3,16,83.6902839364484,111.60481907427311,3745.032018981874,1407.4203179916367
27,0,0,3,2,0,3,2,68.39801301248372,86.21324505656958,1257.3092660168186,479.3110570171848
33,0,0,1,3,0,3,2,61.13015697337687,83.11594603583217,363.3473120862618,151.12034999765456
35,0,0,6,4,0,3,26,92.58160297758877,91.60192997660488,5874.148429022171,2223.850768059492
39,0,0,8,7,0,4,590,293.7197689898312,309.0992389479652,10787.41363401059,4032.660008990206
22,0,0,1,4,0,4,1,79.7947080573067,92.22883300390095,393.22174806147814,172.356995055452
22,0,0,5,3,0,4,2320,178.62929997500032,226.07341199181974,2217.074802960269,1005.9762099990621
5,0,0,1,0,0,1,1155,47.20443405676633,99.2404050193727,122.57256405428052,91.27004200126976
32,0,0,2,3,0,3,1,68.58586403541267,82.26902899332345,732.052044942975,295.2383819501847
64,0,0,4,10,0,4,1,124.30728005710989,172.40589298307896,1382.182827917859,312.2693400364369
37,0,0,2,7,0,3,1,79.49711894616485,88.83143600542098,547.3921259399503,162.94654796365649
35,0,0,3,4,0,3,4,75.14409010764211,86.04364993516356,1503.5407550167292,562.5835719984025
27,0,0,3,4,0,3,2,78.2084099482745,86.26468398142606,1495.3069069888443,540.152846951969
37,0,0,5,7,0,4,54,130.8976230211556,171.36075999587774,2959.9631959572434,1126.8782200058922
14,0,0,3,2,0,4,2320,189.22500498592854,181.73536006361246,363.1233510095626,177.97502898611128
53,0,0,1,10,0,4,1,63.001499976962805,78.96912202704698,420.99757795222104,141.1343381041661
36,0,0,5,3,0,3,1,80.00344294123352,91.94782294798642,2869.3980439566076,1132.6321379747242
38,0,0,1,5,0,3,1,111.77711701020598,163.26495201792568,197.96252192463726,76.79624098818749
86,0,0,8,16,0,4,1,134.18130401987582,167.2893000068143,31283.61630393192,8964.352832059376
16,0,0,2,3,0,3,264,177.68281896132976,181.37761007528752,310.2372819557786,139.11857700441033
34,0,0,5,3,0,3,1,66.94703397806734,84.33067996520549,4063.7323749251664,1907.1588080842048
13,0,0,4,0,0,1,622,101.0851840255782,150.7205889793113,1016.9243440032005,514.7949800593778
13,0,0,2,1,0,2,2,70.59608702547848,103.42639707960188,530.7606799760833,288.6782189598307
19,0,0,4,3,0,5,176,56.242336984723806,81.28352498169988,1670.4599559307098,638.7645000359043
14,0,0,3,2,0,4,3062,90.02687409520149,110.81919108983129,385.2907490218058,227.91953792329878
30,0,0,1,4,0,3,2,65.36973896436393,80.20291000138968,363.52624802384526,144.95784998871386
34,0,0,6,4,0,3,1,97.55265002604574,101.34036501403898,9046.87417706009,4137.984610977583
28,0,0,1,5,0,3,1,74.89438797347248,81.87326206825674,367.02168197371066,141.43985591363162
36,0,0,5,3,0,3,2,84.1531460173428,95.69955198094249,4544.728084933013,1935.4794519022107
33,0,0,4,6,0,4,190,156.19410097133368,228.12732809688896,1463.2965159835294,602.2297259187326
21,0,0,2,2,0,3,238,230.98487092647702,229.66753703076392,452.7680849423632,168.21965796407312
35,0,0,6,3,0,3,0,242.6332919858396,292.059600003995,5059.14504698012,2092.009003041312
24,0,0,6,3,0,3,479,84.06969695352018,102.46561502572149,9079.17386200279,3508.055776008405
30,0,0,4,5,0,3,30,463.0739949643612,383.9017429854721,801.3982340926304,290.9535989165306
34,0,0,2,6,0,3,1,76.6652210149914,85.80404601525515,836.9832390453666,244.17056294623762
15,0,0,3,2,0,4,2320,219.01431505102664,239.3420550506562,798.9825210534036,301.2353259837255
31,0,0,2,5,0,3,1,71.320531074889,82.37083104904741,718.5666830046102,277.3708460154012
75,0,0,6,13,0,4,1,80.09406190831214,88.66499201394618,14140.651765977964,3677.996009006165
23,0,0,2,4,0,4,91,40.99567502271384,43.33824198693037,489.31655602063984,292.802034993656
36,0,0,4,7,0,3,3,120.1093849958852,165.1802760316059,1568.7013710848987,556.7960509797558
32,0,0,1,5,0,4,0,67.02096608933061,82.19037903472781,374.0157779539004,147.66013505868614
35,0,0,6,4,0,3,8,68.66888597141951,87.16389792971313,4430.237027001567,1943.2818669592962
24,0,0,1,4,0,3,2,69.91099496372044,88.16373196896166,354.23918499145657,147.98625698313117
15,0,0,1,2,0,1,1,181.57280806917697,169.75454497151077,181.0022658901289,81.62968896795064
35,0,0,6,3,0,3,1,63.65086999721825,85.63207800034434,4944.225393002853,2119.815509999171
7,0,0,0,0,0,0,461,51.15285899955779,73.55800992809236,134.2147069517523,73.74337699729949
44,0,0,2,6,0,4,1,56.343351025134325,81.53830992523581,752.8264720458537,300.82585103809834
10,0,0,0,2,0,3,18,68.20672296453267,97.26444003172219,167.39683796186,91.29758598282933
37,0,0,1,4,0,3,1,52.97513504046947,76.41669304575771,350.729594938457,137.52881495747715
87,0,0,9,16,0,4,1,68.2029570452869,81.69129095040262,59329.392254934646,15913.540562032722
29,0,0,0,4,0,3,1,70.0976779917255,82.38516701385379,187.48424493242055,72.88135902490467
34,0,0,5,6,0,4,190,156.55401803087443,212.90249295998365,1271.8535360181704,610.4820140171796
2,0,0,0,0,0,0,3830,16.21027395594865,20.032290020026267,36.555551923811436,33.954598009586334
50,0,0,2,8,0,4,1,31.7766621010378,67.83809908665717,800.8586269570515,280.9892889345065
28,0,0,1,4,0,3,1,28.991036000661552,40.67820205818862,175.44505302794278,75.3018039977178
30,0,0,1,4,0,3,1,63.54014400858432,85.57321701664478,352.9412579955533,138.46212602220476
34,0,0,4,6,0,4,0,143.53305799886584,168.24559797532856,1391.3046449888498,557.744710939005
36,0,0,1,5,0,3,1,33.710324903950095,66.48500100709498,404.45281902793795,142.22693000920117
8,0,0,3,1,0,2,3830,19.037413992919028,24.8968000523746,268.426624010317,84.9601929076016
6,0,0,1,1,0,1,1031,47.0220809802413,64.56552294548601,65.56426407769322,39.550757966935635
43,0,0,2,5,0,3,1,129.5077030081302,160.39005608763546,426.8957329913974,147.81051210593432
35,0,0,6,4,0,3,13,65.03405002877116,80.14507708139718,4424.356027971953,1980.5159970419481
86,0,0,8,16,0,4,1,81.19048399385065,89.61008791811764,29076.958175981417,7861.571759101935
31,0,0,3,5,0,3,1,37.4507560627535,44.85291591845453,376.8458568956703,137.49167299829423
31,0,0,4,2,0,3,0,56.422611931338906,80.54174296557903,2318.886067951098,909.2436670325696
24,0,0,1,4,0,4,1,77.96704000793397,89.1616060398519,350.0945729902014,145.54272696841508
28,0,0,2,5,0,3,2,129.4633550569415,132.23935198038816,801.7297829501331,289.68873200938106
30,0,0,2,4,0,3,2,36.0675910487771,43.89323899522424,608.3184720482677,272.408859920688
36,0,0,2,4,0,3,1,66.4315139874816,81.46161295007914,434.55254402942955,145.37710789591074
84,0,0,6,16,0,4,1,84.18228500522673,96.08475607819855,13541.342620039359,4236.1470090691
23,0,0,2,4,0,3,3,82.49312802217901,92.16152096632868,769.5452319458127,339.5680140238255
33,0,0,3,6,0,4,3,244.8573219589889,237.3334449948743,742.5709419185296,310.7805739855394
45,0,0,3,6,0,3,1,114.75560197141021,195.58988395147026,780.295975971967,264.0615910058841
31,0,0,3,5,0,3,1,73.1063480488956,92.46380301192403,1408.6820019874722,558.2681300584227
32,0,0,4,4,0,3,1,93.73440698254853,95.05405789241195,2810.2270020172,1131.1790560139343
13,0,0,3,2,0,2,190,141.41175290569663,142.27860898245126,1405.5692630354315,624.8941820813343
32,0,0,2,3,0,3,3,63.437858945690095,83.55911506805569,715.8005640376359,298.3936700038612
27,0,0,6,2,0,2,0,54.16445899754763,80.80324192997068,4480.439897044562,1639.0812589088455
31,0,0,2,5,0,3,1,81.82292396668345,94.3666819948703,741.5213190251961,281.6125229001045
35,0,0,3,6,0,3,1,33.36593706626445,41.26765800174326,1196.1863581091166,556.3339530490339
35,0,0,6,5,0,3,2,120.26943790260702,167.8724930388853,4139.640685985796,1642.0061059761792
83,0,0,5,16,0,4,0,80.36982105113566,88.55057309847325,3342.7863440010697,964.1473470255733
85,0,0,7,16,0,4,0,77.55058410111815,44.814798049628735,29498.583951033652,8454.30388301611
52,0,0,2,6,0,3,1,68.17320897243917,81.13113092258573,846.529999980703,279.1219800710678
23,0,0,0,3,0,3,1,81.26521192025393,92.50828495714813,201.04194001760334,89.15119699668139
32,0,0,4,5,0,3,1,75.93755703419447,92.08822797518224,713.8386790174991,148.01423402968794
24,0,0,1,4,0,4,3,65.2076150290668,80.21793002262712,181.46037007682025,73.01217992790043
22,0,0,4,3,0,3,236,84.3709500040859,101.4784739818424,2464.4141499884427,1005.9559299843386
38,0,0,6,7,0,4,0,146.7027880717069,185.21911499556154,5657.819660031237,2174.780771951191
8,0,0,3,0,0,1,1417,91.33743098936975,133.59271991066635,452.1730840206146,225.0221469439566
38,0,0,2,4,0,4,1,67.9732239805162,83.69385695550591,720.6207440467551,294.0106299938634
23,0,0,6,4,0,4,2583,332.9005279811099,365.0177239906043,4473.531163064763,2524.1041199769825
28,0,0,1,6,0,4,1,69.80902201030403,82.42540201172233,382.4039390310645,141.6993848979473
30,0,0,4,5,0,3,2,91.8901520781219,69.42500500008464,1314.618524047546,580.0533700967208
34,0,0,5,3,0,3,0,75.0992150278762,95.9651799639687,5021.220389986411,2089.5114130107686
75,0,0,6,13,0,4,1,82.56681298371404,84.71910306252539,14582.82909099944,4523.002734058537
23,0,0,1,4,0,4,1,60.62470003962517,86.68526797555387,324.7445219894871,147.51152996905148
35,0,0,3,7,0,4,28,149.12611397448927,128.67515697143972,2238.200026913546,606.6302270628512
88,0,0,10,16,0,4,1,86.1527860397473,95.17556894570589,60000.0,33142.07549300045
37,0,0,6,3,0,3,0,42.18935896642506,47.9432389838621,9264.154713018797,3170.5076879588887
28,0,0,2,5,0,3,2,129.68903500586748,133.04573600180447,802.0523550221696,289.9910039268434
38,0,0,1,6,0,4,1,77.85263005644083,81.1164960032329,391.5103729814291,132.1031500119716
13,0,0,3,2,0,2,63,195.5542319919914,86.58310200553387,701.2288559926674,290.84111796692014
36,0,0,4,7,0,4,3,120.08918996434659,161.73863504081964,723.0424080044031,284.0383290313184
37,0,0,3,4,0,3,1,92.92152000125498,87.74235204327852,1361.2994690192863,461.7392639629543
33,0,0,3,5,0,4,1,42.60185605380684,59.695427073165774,719.5044220425189,271.5810650261119
24,0,0,2,4,0,4,91,77.14853005018085,86.86620893422514,668.3094850741327,236.94134096149355
35,0,0,3,7,0,4,2,120.27795403264463,161.72024398110807,740.1815950870514,279.8580890521407
27,0,0,0,5,0,3,4,77.82194099854678,84.44655500352383,202.1659939782694,75.88201994076371
21,0,0,4,3,0,4,140,123.57342906761914,91.80380392353982,2572.976261959411,1119.3395940354094
9,0,0,0,2,0,3,2875,117.76709195692092,143.89832003507763,193.40124796144664,172.51380207017064
26,0,0,1,3,0,3,3,80.02453099470586,88.84704997763038,359.16031699161977,139.48842603713274
9,0,0,0,1,0,1,1,53.20950597524643,75.67431300412863,145.7172150257975,70.44759904965758
34,0,0,2,4,0,3,1,66.9261779403314,83.02417502272874,746.2884490378201,263.5133379371837
19,0,0,4,3,0,4,176,27.049842989072204,36.9664269965142,857.6653780182824,535.7491589384153
33,0,0,1,4,0,3,1,65.7047409331426,81.41124609392136,191.04228192009032,72.95943098142743
13,0,0,4,0,0,1,622,100.90261499863118,149.90080008283257,1027.8449530014768,529.2493640445173
47,0,0,1,11,0,3,1,61.70500803273171,84.61233205161989,458.29911704640836,146.70184499118477
31,0,0,2,6,0,3,20,129.53311810269952,166.23514401726425,413.8120040297508,149.12604703567922
15,0,0,1,2,0,3,238,69.91155992727727,78.8516269531101,203.60247499775141,67.14542198460549
38,0,0,6,7,0,3,0,472.548741963692,502.0771709969267,4610.7223549624905,2088.9545649988577
73,0,0,6,13,0,4,1,84.09549400676042,95.737230964005,13172.187787014991,3627.2146449191496
16,0,0,1,2,0,4,238,38.47192297689617,43.41825097799301,155.42012103833258,73.26280802953988
25,0,0,3,5,0,4,25,184.6916660433635,124.28047694265842,1162.893834989518,168.45209000166506
45,0,0,3,6,0,3,1,58.261365047656,84.15816293563694,1167.5005339784548,590.3043739963323
32,0,0,2,3,0,2,1,65.42375101707876,79.14022193290293,568.81532096304,278.82312005385756
9,0,0,3,0,0,1,1026,170.19300593528897,243.6631069285795,232.48211306054145,230.6113219819963
31,0,0,3,4,0,3,2,171.9490820541978,247.32517707161605,696.6342249652371,274.4395239278674
37,0,0,2,8,0,4,1,34.94835610035807,68.95845790859312,529.0576400002465,284.14942196104676
32,0,0,1,3,0,2,1,35.5146819492802,42.503478936851025,277.9531149426475,144.56123602576554
21,0,0,4,1,0,3,0,74.50644602067769,79.0816720109433,578.1274230685085,306.6833240445703
27,0,0,2,5,0,4,2,70.93060901388526,86.88973600510508,373.54447203688323,207.1336170192808
4,0,0,0,0,0,0,0,51.20194598566741,75.70528204087168,137.14149908628315,42.938819038681686
8,0,0,3,1,0,2,3830,18.879282055422664,24.771576980128884,275.59289999771863,172.8674799669534
7,0,0,0,1,0,1,0,27.26077102124691,76.47589198313653,143.94568803254515,72.29111099150032
23,0,0,2,4,0,3,3,82.43464096449316,91.21681691613048,765.478947898373,339.55795189831406
45,0,0,3,6,0,3,1,56.89837294630706,81.84887992683798,1545.0836539966986,600.5215330515057
37,0,0,6,3,0,3,0,43.157420004718006,46.88067699316889,8618.53299208451,4363.464560941793
37,0,0,5,7,0,4,17,121.28559697885066,165.55972606875002,2812.4220200115815,1096.3677959516644
29,0,0,1,4,0,3,2,70.41187398135662,87.35786203760654,361.80294502992183,142.19060691539198
11,0,0,1,1,0,1,0,82.98791397828609,112.47081006877124,362.86671506240964,188.35066992323846
37,0,0,1,6,0,3,3,58.48170898389071,82.17822294682264,381.46078400313854,149.43072595633566
15,0,0,1,2,0,2,23,61.83208094444126,40.85678607225418,317.78832303825766,146.15468599367887
36,0,0,2,5,0,3,1,69.5118170697242,87.0218820637092,760.3048969758675,278.34634599275887
32,0,0,4,6,0,3,1,127.88823898881674,172.27359698154032,850.1710229320452,299.3918149732053
16,0,0,1,2,0,3,557,84.84340400900692,95.03971703816205,340.4205220285803,164.69072992913425
17,0,0,2,1,0,2,46,110.69380096159875,162.75517805479467,317.9285649675876,154.0849560406059
39,0,0,8,3,0,2,2,78.85910291224718,97.37239498645067,40010.45819895808,16751.474826945923
34,0,0,2,4,0,3,2,76.27271197270602,86.77525806706399,738.0148250376806,276.6298549249768
28,0,0,1,5,0,3,1,133.2168730441481,169.86427607480437,799.9654939631,77.63657998293638
37,0,0,5,7,0,4,2,130.25640707928687,168.75962202902883,1572.3206730326638,528.6658579716459
23,0,0,4,2,0,3,0,289.7797089535743,341.09786397311836,1176.5522889327258,520.0202929554507
24,0,0,6,3,0,3,1978,312.18408595304936,383.5918410914019,3747.1015700139105,1734.5923410030082
63,0,0,1,10,0,3,1,69.21181501820683,85.56012494955212,250.06455497350544,72.86534400191158
32,0,0,2,5,0,4,1,84.83777299989015,92.82028104644269,373.4345589764416,137.20056205056608
47,0,0,1,9,0,3,1,31.089140917174518,42.86817891988903,215.85183299612254,74.406060972251
27,0,0,1,4,0,3,21,77.5613880250603,87.08675811067224,380.98691299092025,147.18851202633232
18,0,0,0,3,0,3,4,39.559897035360336,47.43749997578561,99.31738104205579,46.391176991164684
31,0,0,1,4,0,3,1,56.95141002070159,81.60764700733125,355.1166889956221,149.0779269952327
38,0,0,4,4,0,4,1,69.14487795438617,84.69044999219477,2385.227291029878,1161.35257598944
33,0,0,2,5,0,3,1,67.37398996483535,82.01603800989687,767.3575771041214,292.1349121024832
15,0,0,1,3,0,3,15,109.37148099765182,160.35543102771044,155.42802901472896,70.56089700199664
24,0,0,1,4,0,3,2,68.37612600065768,85.34271095413715,343.75808597542346,140.4006399679929
27,0,0,2,5,0,4,10,116.58445105422288,160.56995606049895,297.708168043755,70.45749307144433
26,0,0,1,4,0,2,1,32.28126699104905,39.18337495997548,295.33809202257544,142.7689449628815
37,0,0,5,7,0,4,26,130.6923869997263,172.7763080270961,2954.2057210346684,967.5337709486485
6,0,0,1,1,0,2,2320,47.395033994689584,59.03763393871486,238.40342194307595,88.58976198825985
82,0,0,4,16,0,4,1,72.24458502605557,88.77560205291957,1374.9713529832661,560.1144440006465
31,0,0,3,6,0,3,1,118.90259000938386,161.38156899251044,746.9440629938617,278.3254599198699
30,0,0,1,7,0,3,1,61.828635982237756,129.32418705895543,194.70352306962013,73.0867589591071
14,0,0,3,2,0,4,0,312.32060794718564,357.8548929654062,648.7794059794396,308.0800789175555
35,0,0,2,4,0,3,0,61.981263919733465,85.06607497110963,701.6251790337265,274.45644105318934
33,0,0,1,4,0,3,1,66.73457904253155,81.30869700107723,370.8952070446685,142.78902299702168
5,0,0,1,0,0,1,0,53.9838969707489,78.46347393933684,269.10321798641235,134.64207702782005
20,0,0,3,3,0,4,98,121.78969499655068,86.71398006845266,1399.1700690239668,555.6415719911456
19,0,0,2,3,0,5,165,52.13064595591277,75.7210539886728,446.8334319535643,209.2789839953184
19,0,0,4,3,0,4,365,106.43596400041133,155.43668495956808,1134.2088299570605,524.1744649829343
34,0,0,5,3,0,3,0,65.59297605417669,84.34256399050355,4939.787017996423,1821.3304120581597
29,0,0,2,5,0,3,1,65.22480503190309,78.77767900936306,526.1462250491604,279.0407070424408
35,0,0,2,4,0,4,1,68.45409295056015,84.78911500424147,712.3840589774773,295.65164004452527
12,0,0,3,1,0,2,80,131.38499797787517,195.047649089247,649.4738400215283,365.0191759224981
42,0,0,3,8,0,4,2,79.73242900334299,104.31270604021847,1717.593563022092,337.81857206486166
17,0,0,0,4,0,3,13,37.94049797579646,51.89520097337663,105.6617529829964,49.607116961851716
33,0,0,5,4,0,3,1,98.30073302146047,112.17548605054617,6019.382887054235,2298.7239650683478
35,0,0,5,5,0,4,19,283.31132302992046,285.8859479892999,3228.685467969626,901.3543819310144
4,0,0,1,0,0,1,2490,54.93891704827547,80.96898696385324,95.9172110306099,71.85971608851105
9,0,0,2,1,0,2,0,47.94786695856601,69.45866602472961,507.76591699104756,236.64693906903267
28,0,0,4,4,0,4,2,79.89002205431461,88.82589300628752,2465.644767973572,1119.335948023945
19,0,0,4,3,0,5,176,51.72591900918633,73.92083993181586,1678.7445740774274,611.7153778905049
34,0,0,5,3,0,3,1,65.71196904405951,83.69940903503448,4606.801750021987,1802.4570540292189
33,0,0,2,5,0,3,1,66.45298702642322,82.58289797231555,718.4725669212639,268.04200699552894
31,0,0,1,6,0,3,1,145.63004102092236,91.00222494453192,562.0914640603587,158.0597379943356
14,0,0,5,0,0,1,622,145.41287196334451,222.35604200977832,1939.2878039507195,949.6960899559781
13,0,0,1,2,0,3,297,41.62227897904813,47.35504696145654,335.1526620099321,170.58233194984496
53,0,0,2,8,0,4,1,35.045163007453084,40.98953097127378,783.2657860126346,291.8789149262011
47,0,0,2,9,0,4,2,79.6601049369201,89.24746897537261,536.2066170200706,287.4709179159254
30,0,0,3,4,0,3,1,111.16213398054242,164.73649011459202,694.8294920148328,296.6111609712243
34,0,0,4,6,0,4,3,103.44835801515728,65.47865294851363,2456.762094050646,1049.9808460008353
30,0,0,2,4,0,3,1,66.71678798738867,83.42833910137415,740.8847300102934,294.0909540047869
26,0,0,1,5,0,4,1,56.09583400655538,77.2964459611103,170.58834596537054,70.63920598011464
33,0,0,3,6,0,4,3,251.3601480750367,237.0859009679407,964.8509830003604,326.6767719760537
33,0,0,1,5,0,3,1,76.96458790451288,85.07888996973634,416.5527509758249,146.32960909511894
26,0,0,1,2,0,2,1,68.13922699075192,48.86030592024326,179.06631203368306,73.07568192481995
82,0,0,4,16,0,4,1,132.85014301072806,169.05906202737242,2106.920927995816,362.2246769955382
30,0,0,2,4,0,4,1,73.03535693790764,85.5306179728359,702.5934580015019,284.32244597934186
10,0,0,4,1,0,2,3830,22.19643199350685,29.11927190143615,707.198063028045,238.5648739291355
29,0,0,2,4,0,3,2,32.20802894793451,39.26132805645466,650.3215819830075,283.68579305242747
15,0,0,2,2,0,3,441,80.00097796320915,117.07659892272204,250.19641197286546,146.28764404915273
59,0,0,3,12,0,4,2,131.39171106740832,165.07004701998085,975.5604719975963,289.614149951376
59,0,0,1,10,0,3,1,80.1962079713121,88.77195999957621,499.66004001908004,147.73953997064382
17,0,0,1,2,0,4,0,51.581342006102204,74.99964500311762,151.38163696974516,68.48848192021251
12,0,0,0,4,0,3,87,126.99274101760238,104.11313700024039,201.75463997293264,96.04926104657352
55,0,0,1,7,0,3,1,56.702643050812185,82.99948193598539,418.61265792977065,150.9856729535386
41,0,0,1,7,0,4,2,62.481473898515105,77.24869402591139,382.22390902228653,143.67702801246196
25,0,0,5,3,0,3,26,84.43852106574923,105.67780397832394,3668.0535809136927,1446.7371830251068
9,0,0,2,1,0,1,319,192.58826493751258,285.63158598262817,309.2070450074971,178.9266869891435
4,0,0,1,0,0,1,0,28.473120997659862,73.72186495922506,261.6155130090192,131.5485299564898
76,0,0,7,13,0,4,1,82.89083698764443,94.44479004014283,12041.578452917747,4455.475891940296
27,0,0,2,5,0,3,0,51.75937002059072,74.77591605857015,656.0606330167502,271.9678069697693
17,0,0,2,2,0,4,557,45.406888937577605,54.130889009684324,289.49685289990157,140.03307896200567
25,0,0,2,4,0,3,3,65.8464040607214,85.40246391203254,687.4982409644872,291.0995229613036
18,0,0,3,3,0,4,15,56.0480299172923,79.1039519244805,1155.6832799687982,539.8847899632528
53,0,0,1,7,0,3,1,53.15858800895512,77.65936304349452,398.4341799514368,138.17806006409228
35,0,0,2,6,0,3,1,67.86649499554187,81.40595792792737,379.89775196183473,145.4374110326171
39,0,0,1,6,0,3,1,55.9303070185706,79.40492301713675,380.91051403898746,150.64201899804175
39,0,0,7,7,0,4,34,123.42448404524475,169.64656091295183,5562.320917029865,1983.860666048713
33,0,0,1,6,0,3,1,80.5929530179128,93.58410292770714,415.2358160354197,146.41405397560447
37,0,0,5,7,0,4,17,83.87933997437358,165.83958896808326,2844.8720660526305,1092.4602680606768
5,0,0,1,0,0,1,1684,25.363475899212062,35.22262198384851,101.51189600583166,120.13899500016123
38,0,0,7,3,0,2,2,79.73672403022647,104.0132810594514,22059.065114939585,8771.868969895877
29,0,0,5,2,0,3,2,44.655300909653306,86.59105806145817,1964.435631991364,756.9898529909551
3,0,0,1,0,0,1,1951,77.5868899654597,112.7985289786011,130.4730490082875,73.02407501265407
4,0,0,1,0,0,1,2490,55.316603975370526,79.92785901296884,96.0994460619986,72.26937497034669
29,0,0,0,5,0,3,1,81.93300699349493,86.13483398221433,204.43400193471462,80.81566204782575
19,0,0,1,2,0,1,2,63.65694699343294,79.05886799562722,318.835731013678,144.19248001649976
26,0,0,2,4,0,4,425,148.1771320104599,144.53347702510655,707.3034479981288,327.23993598483503
19,0,0,1,1,0,1,4,65.31831389293075,82.3293459834531,316.8414660030976,145.02440602518618
56,0,0,2,7,0,3,1,57.01827898155898,82.13506906758994,835.6414870359004,300.0186519930139
30,0,0,2,4,0,4,47,72.28535099420696,89.83911504037678,687.9239979898557,283.2464869134128
26,0,0,2,4,0,3,2,111.83373001404107,162.484043976292,352.1601459942758,154.45341798476875
24,0,0,1,3,0,2,1,57.40337306633592,83.1818749429658,340.61254805419594,150.2256920794025
39,0,0,2,5,0,3,1,60.96548109780997,83.29990599304438,772.6492149522528,304.0058040060103
33,0,0,3,6,0,4,3,85.62527305912226,105.13546993024647,752.7562819886953,291.32595600094646
30,0,0,1,3,0,2,1,67.24822393152863,80.98895603325218,357.2357199154794,141.69214002322406
84,0,0,6,16,0,4,1,82.36585604026914,89.35921406373382,7721.537170000374,1623.781704925932
26,0,0,1,6,0,3,1,75.4184399265796,87.57878909818828,412.0954010868445,149.0188620518893
14,0,0,1,2,0,3,986,84.17663595173508,60.26404700241983,255.32040500547737,91.16262395400554
85,0,0,7,16,0,4,1,80.14983695466071,88.93280103802681,29153.34547800012,8325.443410081789
18,0,0,2,2,0,3,44,74.95865994133055,97.07127301953733,635.0147230550647,279.2403700295836
37,0,0,1,6,0,3,1,70.30773803126067,82.1083999471739,406.22557199094445,143.94629502203315
23,0,0,3,2,0,3,6,48.390547977760434,57.71684099454433,846.3694340316579,580.5677389726043
23,0,0,5,3,0,3,335,44.51185604557395,55.473710992373526,4394.747177022509,1785.9731499338523
34,0,0,4,4,0,3,6,67.46759999077767,83.5111360065639,2891.5269650751725,1179.3183319969103
38,0,0,2,7,0,3,1,65.28305890969932,81.62880106829107,873.6146229784936,291.9540830189362
77,0,0,1,10,0,3,1,69.09873802214861,81.676040077582,1105.5223289877176,142.14822999201715
30,0,0,2,5,0,3,1,160.87422496639192,169.9603779707104,360.8005919959396,160.85707396268845
5,0,0,0,1,0,1,21,58.496454963460565,112.2543610399589,133.79090698435903,61.01113697513938
40,0,0,1,7,0,4,1,78.90819199383259,84.77915392722934,398.5401300014928,144.80180805549026
38,0,0,6,7,0,4,54,142.91367691475898,239.55645400565118,5410.271510947496,2255.1016189390793
40,0,0,1,5,0,4,1,66.54994108248502,80.6930341059342,201.2468030443415,75.37656195927411
20,0,0,5,2,0,2,887,78.13898008316755,144.2197480937466,2720.3424419276416,1290.9780510235578
85,0,0,7,16,0,4,1,91.68859210330993,106.21025995351374,29508.6345289601,8692.570913000964
32,0,0,2,4,0,3,0,51.72594997566193,111.81222402956337,196.44713297020644,106.57069797161967
42,0,0,2,5,0,3,1,58.97249700501561,81.31744398269802,788.480153074488,299.500675057061
83,0,0,5,16,0,4,1,42.25874901749194,45.440893969498575,7359.371438040398,2025.3886199789122
26,0,0,4,5,0,4,25,186.7722999304533,124.59295790176839,2236.839934019372,600.7864560233429
34,0,0,6,4,0,3,0,97.57402597460896,75.72555996011943,9702.216166071594,2879.1918359929696
26,0,0,2,4,0,3,1,61.094729928299785,133.36013304069638,335.37934499327093,70.94047800637782
35,0,0,3,4,0,3,1,71.42799103166908,85.31281689647585,1420.4401159659028,602.6561609469354
39,0,0,6,6,0,3,5,191.7559530120343,146.97299106046557,17057.57259798702,4340.3589859372005
19,0,0,1,3,0,3,2,74.6981450356543,92.0009829569608,352.9614199651405,155.67451703827828
33,0,0,5,4,0,3,1,196.73017505556345,257.07055802922696,2800.578407011926,1079.805992078036
32,0,0,2,6,0,3,1,131.00006699096411,170.85474194027483,215.12727800291032,74.66293091420084
39,0,0,8,3,0,2,2,39.724007016047835,46.32753599435091,22017.99646008294,8822.862292057835
3,0,0,1,0,0,1,1951,41.320104035548866,59.02130692265928,204.0436170063913,111.7165790637955
33,0,0,4,3,0,3,1,67.55315710324794,84.84607399441302,1857.999300933443,522.1463650232181
19,0,0,1,3,0,4,0,49.48227002751082,72.57235399447381,152.36220799852163,66.0009749699384
36,0,0,3,6,0,3,15,121.49744108319283,166.46306798793375,788.3865209296346,202.14312803000212
12,0,0,0,2,0,3,0,35.59273306746036,41.58497299067676,152.99904893618077,78.52922799065709
37,0,0,6,3,0,2,1,88.57947902288288,104.6557129593566,10429.631419014186,4333.183925016783
47,0,0,3,10,0,4,11,206.7929960321635,223.63470098935068,744.3117989460006,151.41665004193783
1,0,0,0,0,0,0,3062,29.711034963838756,41.033560992218554,94.84007605351508,68.839778075926
7,0,0,1,1,0,1,0,58.74858901370317,76.7357520526275,76.52057602535933,39.98021502047777
35,0,0,1,6,0,3,0,35.59758106712252,36.56024008523673,177.80515702906996,64.04204608406872
29,0,0,2,5,0,3,1,68.28735792078078,84.63909104466438,689.3129620002583,263.5056630242616
23,0,0,2,2,0,4,33,63.266208046115935,89.6740920143202,623.9085890119895,294.768325984478
14,0,0,4,2,0,3,1930,85.46861307695508,45.462868991307914,486.1914300126955,204.71747394185513
14,0,0,3,1,0,2,182,63.72718699276447,90.5218500411138,334.59849597420543,154.73347692750394
31,0,0,2,4,0,3,1,64.18969703372568,88.15205690916628,672.8035350097343,271.9141050474718
34,0,0,1,5,0,3,1,35.17048596404493,42.924097971990705,199.7949929209426,72.59783102199435
44,0,0,4,7,0,4,1,87.06183300819248,91.7102819075808,3498.0178700061515,1226.519979070872
35,0,0,3,7,0,4,9,72.4796160357073,168.06025197729468,621.2322110077366,117.73311998695135
36,0,0,7,4,0,3,13,70.53695200011134,86.90619608387351,10225.236528087407,4182.812232989818
33,0,0,2,5,0,3,1,72.85416999366134,91.52992093004286,653.1376589555293,279.697255929932
15,0,0,2,2,0,3,1389,95.10346804745495,139.35000996571034,769.0388679038733,158.67009095381945
92,0,0,2,4,0,3,1,68.34440096281469,81.72567305155098,475.79299903009087,148.51580606773496
7,0,0,2,0,0,1,365,106.37995903380215,156.70268097892404,261.19821809697896,131.78950606379658
56,0,0,2,10,0,3,1,60.36542705260217,82.09897100459784,898.6180999781936,295.20078597124666
32,0,0,3,3,0,4,3,35.45917698647827,42.4333339324221,973.0139849707484,605.6406889110804
17,0,0,2,3,0,4,1031,63.219218980520964,78.17653007805347,571.2501300731674,285.6727429898456
16,0,0,1,2,0,3,168,64.03346394654363,89.69881106168032,308.6076519684866,147.36692199949175
83,0,0,5,16,0,4,1,42.03005798626691,44.27318891976029,7297.663962002844,2259.128910023719
33,0,0,3,5,0,3,3,83.79403199069202,94.2705050110817,1491.1579199833795,534.178909030743
85,0,0,7,16,0,4,1,142.0894319890067,176.7915820237249,16309.662475949153,4499.689826043323
37,0,0,1,6,0,4,3,76.51700603310019,81.48158399853855,400.4522250033915,148.04282400291413
20,0,0,1,3,0,3,2,78.12245900277048,90.18080006353557,369.210522971116,156.0115460306406
30,0,0,3,2,0,3,0,56.708385003730655,81.23284089379013,1209.7052580211312,517.0109330210835
29,0,0,0,6,0,3,1,65.97493193112314,80.95450792461634,192.36964301671833,72.5783669622615
36,0,0,6,5,0,4,29,274.1421669488773,266.86984102707356,6363.588081905618,1822.6994420401752
48,0,0,3,9,0,4,3,77.60664401575923,85.72401793207973,1814.373027998954,574.7208630200475
85,0,0,7,16,0,4,1,84.87480296753347,93.633898999542,15338.784824940376,4128.522756043822
34,0,0,4,6,0,4,0,122.66917002853006,165.97478103358299,1260.651033022441,538.5311560239643
58,0,0,2,9,0,3,1,108.78122702706605,86.97121497243643,842.3465909436345,276.57090791035444
3,0,0,1,0,0,1,3062,59.47888607624918,84.74617300089449,104.84585200902075,81.27984998282045
21,0,0,3,4,0,4,2370,144.3734170170501,157.5251070316881,738.2902470417321,261.54244400095195
27,0,0,1,4,0,3,9,66.0214809468016,41.08088789507747,293.1082770228386,150.31066397204995
29,0,0,2,4,0,2,1,65.94114599283785,83.35473702754825,709.541107993573,279.46334111038595
37,0,0,5,7,0,4,0,141.16309501696378,178.05496393702924,2188.8586099958047,1091.2488439353183
34,0,0,4,6,0,5,44,79.51882807537913,89.59564904216677,1429.3599859811366,567.4727339064702
36,0,0,6,5,0,4,29,266.6761330328882,244.35231206007302,6387.798561016098,952.3554530460387
23,0,0,1,6,0,3,7,180.83704495802522,79.8717129509896,535.8970409724861,143.09863897506148
9,0,0,1,1,0,2,167,75.45026205480099,108.73761400580406,331.3377629965544,195.16604207456112
15,0,0,2,2,0,3,1389,81.03820297401398,71.46734301932156,1287.1833899989724,317.6455310313031
3,0,0,0,0,0,0,2490,31.248569954186678,43.435024097561836,95.48677399288863,71.37316395528615
34,0,0,1,7,0,3,1,53.497992106713355,78.20218591950834,375.46885397750884,137.58148602209985
34,0,0,5,3,0,3,1,70.81178098451346,86.87433099839836,4020.0316809350625,2033.1822040025145
37,0,0,7,5,0,4,44,245.8928469568491,261.6429239278659,11218.228148994967,2970.454360009171
19,0,0,2,1,0,1,71,74.37357399612665,110.61762005556375,724.0093719447032,404.8106800764799
38,0,0,2,4,0,3,1,56.02533498313278,81.35275496169925,738.632031949237,299.3227570550516
3,0,0,0,1,0,1,340,112.58051008917391,148.49273196887225,168.27896400354803,136.6934849647805
2,0,0,0,0,0,0,30,48.90002100728452,70.85399003699422,127.13853805325925,62.51649698242545
35,0,0,1,6,0,4,1,78.79400497768074,84.67868797015399,382.2811999125406,145.35327500198036
17,0,0,2,2,0,4,238,89.6231709048152,99.78071693331003,577.1699160104617,274.462902918458
16,0,0,4,2,0,3,994,276.98995789978653,359.9758050404489,1071.243172045797,500.60466199647635
32,0,0,3,5,0,3,1,35.65308195538819,40.06829590070993,579.4398770667613,280.23864701390266
33,0,0,4,3,0,4,4,69.84429294243455,84.54300207085907,2603.7206649780273,1152.266233926639
28,0,0,3,5,0,3,0,154.9597770208493,237.29402001481503,645.1219379669055,259.49388393200934
56,0,0,4,5,0,3,1,77.19464297406375,81.44368801731616,3505.2828149637207,1170.1525590615347
38,0,0,8,5,0,4,44,471.34272602852434,482.8419020632282,11597.38226106856,1890.903074061498
22,0,0,5,3,0,4,1179,238.1928889080882,253.61844501458108,3012.9986139945686,1148.4258100390434
19,0,0,4,3,0,5,176,52.0856729708612,75.27652906719595,1701.0457930155098,792.4762270413339
33,0,0,4,5,0,4,1,70.81482000648975,82.36287697218359,740.245669032447,279.3679629685357
36,0,0,6,5,0,4,19,326.94425398949534,312.6542930258438,6481.257191975601,1803.3469909569249
13,0,0,4,1,0,2,88,193.43737501185387,285.78480100259185,1267.4648779211566,705.8269339613616
20,0,0,2,3,0,4,72,78.69183295406401,88.8824500143528,322.2636500140652,142.24061195272952
30,0,0,3,5,0,3,2,68.70766507927328,86.02339995559305,1367.6514610415325,497.1905970014632
14,0,0,5,1,0,3,1383,142.22357398830354,212.59273099713027,1655.856605968438,845.6454239785671
23,0,0,4,2,0,3,8,37.58714906871319,48.96138305775821,1567.2761070309207,1054.9755239626393
25,0,0,1,2,0,2,4,143.8014160376042,90.82083194516599,484.419155982323,168.16738701891154
6,0,0,0,0,0,0,706,58.65962104871869,83.8772039860487,140.1162249967456,103.32582902628928
66,0,0,3,13,0,4,1,40.488680941052735,45.32839299645275,1677.9706859961152,582.9919580137357
20,0,0,2,3,0,5,0,70.53405395708978,83.21093104314059,326.9061539322138,139.37083701603115
11,0,0,1,1,0,1,2,58.401691960170865,87.5991879729554,299.2299940669909,150.27093002572656
86,0,0,8,16,0,4,1,46.799869975075126,44.40232506021857,30043.263536994345,8555.787060991861
28,0,0,1,3,0,3,3,65.34621899481863,84.20416607987136,353.5378290107474,148.94009300041944
26,0,0,1,5,0,3,1,67.75218097027391,86.67190605774522,373.30351606942713,151.81690594181418
32,0,0,2,4,0,3,2,68.6469899956137,85.17407497856766,717.7624120377004,293.6880049528554
30,0,0,1,5,0,3,1,84.45633796509355,87.63145899865776,399.9890739796683,246.7082350049168
8,0,0,1,1,0,1,88,75.69154095835984,113.25394199229777,293.80104201845825,155.5124770384282
26,0,0,3,4,0,3,30,342.6690500928089,235.1540249073878,394.34294193051755,150.9576019598171
22,0,0,1,4,0,3,3,82.52939395606518,91.04229102376848,385.7427620096132,184.67114202212542
86,0,0,8,16,0,4,1,82.46206201147288,89.35663406737149,60000.0,17125.304710003547
37,0,0,6,3,0,3,0,93.73936196789145,110.61550700105727,10149.263537023216,4254.7024670057
25,0,0,2,3,0,3,13,76.12009695731103,84.62886698544025,686.5813140757382,142.37828506156802
7,0,0,1,1,0,1,650,29.653048957698047,53.21312206797302,239.29014196619391,128.009530948475
9,0,0,0,2,0,3,994,93.92768796533346,78.46591505222023,114.19705103617162,58.15715598873794
48,0,0,6,6,0,3,1,129.0003239409998,161.04297596029937,5260.254419059493,2424.861409002915
33,0,0,4,4,0,3,8,65.78427797649056,80.43641794938594,2858.3515810314566,1002.8672360349447
37,0,0,1,4,0,3,1,28.848835034295917,66.14862696733326,374.78130497038364,150.82921204157174
26,0,0,1,4,0,3,1,68.45647701993585,84.94188403710723,304.34192798566073,72.68312899395823
27,0,0,1,4,0,4,1,68.77452391199768,84.84056405723095,345.10251006577164,147.51295698806643
32,0,0,4,5,0,4,2,44.18836103286594,47.630799934268,667.278915992938,424.55720296129584
36,0,0,1,6,0,3,1,32.449629972688854,41.05956305284053,195.85064600687474,92.82094798982143
34,0,0,0,6,0,3,0,51.2920490000397,69.89118095953017,88.86160899419338,32.39015501458198
30,0,0,2,3,0,3,1,79.58178396802396,82.82064704690129,775.3535519586876,296.5373629704118
30,0,0,3,4,0,3,3,34.820709959603846,60.22314599249512,1181.8247670307755,295.27979192789644
27,0,0,3,4,0,4,566,152.14629599358886,167.23336605355144,1303.0992218991742,582.0842069806531
39,0,0,2,6,0,3,1,63.454000977799296,83.98189407307655,790.7760170055553,298.3780129579827
32,0,0,2,4,0,3,1,68.87573900166899,88.44014897476882,744.0621519926935,290.9632879309356
84,0,0,6,16,0,4,1,83.39479204732925,88.73929793480784,16123.798953020014,4581.26747305505
27,0,0,3,3,0,3,1,230.98622006364167,254.5976999681443,625.6260509835556,269.15943098720163
16,0,0,1,3,0,3,8,53.97788400296122,78.16205208655447,174.89676596596837,77.85345206502825
8,0,0,1,1,0,1,432,61.03343307040632,80.52711503114551,226.9265779759735,137.19730998855084
35,0,0,4,3,0,2,1,80.27514396235347,91.45645098760724,2535.328011959791,847.4927219795063
31,0,0,1,4,0,3,1,63.74419899657369,78.64238799083978,357.90033999364823,145.3589639859274
35,0,0,3,5,0,3,1,68.0837199324742,87.49915705993772,1452.5839670095593,558.013127068989
10,0,0,0,3,0,3,150,54.96291699819267,41.951828985475004,132.38517008721828,82.60958397295326
32,0,0,2,4,0,4,1,62.48575798235834,78.28473101835698,691.6602869750932,286.70470195356756
86,0,0,8,16,0,4,1,49.7572059975937,53.75482200179249,58357.724493020214,17043.904584017582
5,0,0,1,0,0,1,1026,45.93317897524685,65.66960003692657,113.58598188962787,64.73157601431012
9,0,0,0,1,0,1,264,38.0470760865137,53.90748998615891,88.97972898557782,53.76626399811357
41,0,0,1,5,0,3,1,76.407081913203,86.9428759906441,426.656918018125,108.31188096199185
19,0,0,3,2,0,3,44,96.01805603597313,116.86831805855036,1200.2634829841554,556.7412369418889
33,0,0,2,5,0,3,1,33.62480108626187,41.54345893766731,735.4552209144458,292.64405905269086
13,0,0,4,1,0,2,432,32.7736729523167,41.32200498133898,512.0170650770888,248.58240399044007
37,0,0,5,7,0,3,3,123.25006001628935,162.62565599754453,1551.5678540105,599.0650389576331
56,0,0,1,6,0,3,1,68.82252800278366,85.63839201815426,442.77616403996944,146.9554640352726
39,0,0,2,5,0,3,1,70.96438494045287,82.57566299289465,770.4003429971635,280.4066409589723
35,0,0,1,8,0,4,1,79.06789507251233,88.34459295030683,161.71874105930328,36.95630200672895
28,0,0,4,2,0,3,2,68.18470300640911,85.10324300732464,2441.485560964793,1065.1078150840476
29,0,0,1,6,0,3,2,78.5519810160622,88.06638501118869,404.94502894580364,147.05828193109483
21,0,0,0,4,0,3,0,47.587353037670255,69.48938907589763,158.87167409528047,61.7757550207898
1,0,0,0,0,0,0,3830,11.133541935123503,12.97853491269052,64.84152690973133,65.82984095439315
81,0,0,3,16,0,4,1,78.24751106090844,85.368124069646,2172.576747951098,574.6973380446434
18,0,0,4,2,0,2,1419,136.52489997912198,200.23905904963613,1272.9608410736546,672.2875820705667
53,0,0,3,7,0,3,1,58.50394000299275,80.55807906202972,800.2565180649981,292.9369129706174
86,0,0,8,16,0,4,1,97.56607702001929,108.76200604252517,59668.20760094561,16227.48916898854
14,0,0,1,2,0,3,56,74.69561300240457,109.99475501012057,359.317434951663,193.66906699724495
12,0,0,2,2,0,2,102,111.42754298634827,131.93513301666826,607.8477540286258,312.80419195536524
37,0,0,5,7,0,4,26,141.9390810187906,178.79862594418228,2805.2791679510847,687.3695539543405
17,0,0,3,2,0,2,5,128.4510779660195,104.91762997116894,1505.6832700502127,576.4609769685194
30,0,0,1,5,0,3,2,34.859610022976995,41.46931099239737,232.5569730019197,149.7989878989756
21,0,0,1,3,0,3,23,174.3516200222075,101.87284706626087,567.4318760866299,153.94480503164232
12,0,0,3,0,0,1,0,109.78224000427872,164.6331090014428,567.8875939920545,278.26774306595325
84,0,0,6,16,0,4,1,59.40057605039328,79.34166898485273,6823.554425034672,2294.1989729879424
62,0,0,2,3,0,3,1,56.444493937306106,81.97540999390185,809.9853140302002,303.307005087845
39,0,0,8,3,0,2,13,78.92781996633857,93.8402860192582,41491.08266399708,17090.311793028377
20,0,0,0,4,0,3,1,53.29409602563828,39.05614698305726,90.56442801374942,58.836185024119914
1,0,0,0,0,0,0,3830,11.03085104841739,12.844373006373644,64.17609297204763,63.866776996292174
87,0,0,9,16,0,4,1,132.92781601194292,170.47505802474916,58602.632323047146,14657.09302504547
88,0,0,10,16,0,4,1,146.40135306399316,188.3619629079476,60000.0,32921.36873793788
36,0,0,5,3,0,2,1,79.29362403228879,98.75999204814434,5628.284950973466,1545.0112540274858
40,0,0,8,7,0,4,34,125.28319098055363,170.64935399685055,9874.483725987375,3284.2069329926744
26,0,0,7,3,0,3,1978,352.7993810130283,437.69654107745737,9293.327671010047,3709.684399073012
33,0,0,2,5,0,3,0,66.44081708509475,79.99029895290732,770.1089619658887,293.8997109886259
12,0,0,3,0,0,1,0,48.496554023586214,68.47641803324223,1014.8536480264738,473.19662396330386
29,0,0,6,4,0,3,214,335.9373969724402,357.36200399696827,1983.8392100064084,760.5281700380147
33,0,0,3,5,0,3,3,84.8142389440909,95.17904801759869,1149.9624779680744,437.63858603779227
44,0,0,1,7,0,3,1,64.02903702110052,79.25725693348795,396.75430208444595,142.49216800089926
33,0,0,1,6,0,4,2,79.3679510243237,87.1507179690525,387.5043970765546,145.81908797845244
16,0,0,4,1,0,2,0,124.90483198780566,190.6945980153978,1318.5919959796593,751.0968740098178
5,0,0,1,0,0,1,0,104.34158402495086,156.9450789829716,137.21490500029176,71.0030070040375
69,0,0,4,13,0,4,1,88.735815952532,97.90820407215506,3813.551426981576,1136.3511559320614
37,0,0,6,3,0,2,1,131.59059104509652,183.72882099356502,5699.325587018393,2165.906146983616
80,0,0,2,16,0,4,1,77.95400905888528,84.95134592521936,1114.2866619629785,288.79443695768714
35,0,0,3,7,0,4,0,103.4803130896762,152.54933794494718,668.2563899084926,257.3189069516957
31,0,0,3,5,0,3,1,73.88158899266273,51.27281497698277,707.2846400551498,279.58329499233514
29,0,0,1,6,0,4,1,67.4744489369914,80.40337101556361,187.62403703294694,71.74143404699862
20,0,0,1,2,0,4,24,56.14974698983133,82.306441036053,316.29321502987295,152.364527923055
32,0,0,1,6,0,3,1,47.852386021986604,41.04023706167936,209.3780899886042,147.8987199952826
26,0,0,1,3,0,3,4,67.19023792538792,45.66710104700178,286.1521049635485,73.95761494990438
23,0,0,2,4,0,4,26,83.67865392938256,91.93128196056932,737.7693000016734,340.6383899273351
32,0,0,4,4,0,4,1,97.07742102909833,95.69993591867387,1411.4249089034274,344.025845057331
28,0,0,3,5,0,3,0,57.812575018033385,81.40886295586824,1274.1641500033438,288.7896419269964
39,0,0,8,7,0,4,647,405.9369619935751,438.9037250075489,10098.88447704725,4120.049266028218
22,0,0,5,3,0,4,0,136.6563899209723,159.2443250119686,2876.3785269111395,1043.5061749303713
21,0,0,2,4,0,3,103,80.49209893215448,65.0593499885872,846.9463029177859,330.3491279948503
38,0,0,1,5,0,3,1,60.44720800127834,118.76345798373222,202.6324529433623,75.03306504804641
35,0,0,4,3,0,2,1,129.52380802016705,168.07105904445052,1403.7439780076966,566.1291320575401
38,0,0,7,7,0,4,368,240.08974398020655,288.0645719124004,5390.418299008161,2095.5225859070197
37,0,0,6,3,0,3,0,94.23495503142476,110.33656797371805,9798.833335982636,4137.678861967288
23,0,0,2,4,0,3,3,85.95026296097785,99.0494480356574,783.6953859077767,344.600748969242
18,0,0,3,3,0,4,15,56.22327595483512,79.21464403625578,1149.7215990675613,552.0658489549533
35,0,0,2,5,0,3,1,70.81401394680142,86.93020790815353,734.105546027422,270.10471804533154
24,0,0,6,3,0,4,335,93.90616999007761,119.87304291687906,7008.3005951019,3430.1642349455506
50,0,0,1,10,0,3,1,66.61489396356046,73.93787894397974,224.63923296891153,71.15737302228808
7,0,0,1,0,0,1,90,27.152001042850316,74.8073160648346,269.0247551072389,135.40576491504908
39,0,0,3,4,0,4,1,69.11934609524906,84.63576005306095,1010.897324886173,285.7512040063739
47,0,0,3,10,0,4,11,216.1319819279015,135.07331407163292,901.0399889666587,240.19835493527353
9,0,0,1,1,0,1,207,82.83282211050391,120.09174795821309,329.4831059174612,186.54989695642143
42,0,0,10,7,0,4,1389,437.35613592434675,553.8047960726544,59232.198017067276,22070.007119094953
4,0,0,1,0,0,1,1417,46.881641959771514,66.88443198800087,194.1744489595294,104.43312104325742
24,0,0,6,3,0,4,335,88.46188301686198,110.68228306248784,8754.275936051272,3908.286878024228
33,0,0,3,4,0,3,3,34.90217903163284,48.421346000395715,1429.9040980404243,575.5435189930722
11,0,0,1,1,0,1,0,68.62395303323865,105.15490197576582,333.2124239532277,173.73709403909743
13,0,0,3,1,0,2,1226,70.01648307777941,99.09036289900541,1114.4870748976246,641.391486977227
15,0,0,2,2,0,2,39,96.17488598451018,110.70723703596741,700.7528831018135,348.4354609390721
9,0,0,3,1,0,1,340,292.9910300299525,425.4198659909889,605.6642750045285,350.12640804052353
23,0,0,2,4,0,3,3,90.87412303779274,103.86047104839236,731.8048710003495,336.5746960043907
32,0,0,4,5,0,3,1,73.5493479296565,91.16203803569078,1441.8964569922537,567.3889489844441
39,0,0,1,5,0,3,1,79.03651695232838,87.54352200776339,431.21575098484755,147.03531400300562
17,0,0,2,3,0,3,479,119.68282703310251,166.25496197957546,320.32898196484894,158.40469300746918
20,0,0,4,2,0,2,635,105.593052925542,141.38004498090595,1998.4594699926674,1320.7897640531883
40,0,0,2,6,0,4,1,55.0985160516575,82.094194018282,567.81186000444,225.6729359505698
35,0,0,3,4,0,3,1,89.14501103572547,90.38950898684561,1121.8107730383053,355.4475390119478
9,0,0,0,2,0,3,994,60.72851596400142,54.453211021609604,115.58321095071733,59.24351396970451
34,0,0,3,3,0,3,1,81.90309698693454,111.43095302395523,1341.85569093097,561.0157588962466
30,0,0,3,4,0,3,3,68.56172194238752,84.95800301898271,1417.7759839221835,566.0546589642763
38,0,0,7,3,0,3,0,83.14282493665814,98.25166501104832,19621.061546029523,8826.220024959184
87,0,0,9,16,0,4,1,58.56044904794544,53.253935067914426,60000.0,34993.081638007425
21,0,0,1,4,0,3,141,77.4132349761203,92.58561895694584,226.08578496146947,78.14844895619899
27,0,0,1,3,0,3,2,61.501080985181034,80.3407320054248,355.102103902027,73.4228880610317
13,0,0,4,0,0,1,0,115.19924993626773,179.220407968387,1043.6718530254439,553.8322060601786
26,0,0,1,5,0,3,2,90.57073201984167,93.71431998442858,396.5918000321835,149.9509169952944
38,0,0,1,6,0,3,1,38.95031404681504,52.78892500791699,429.68026699963957,147.93145598378032
52,0,0,2,7,0,3,1,64.420792972669,83.71927496045828,445.0610540807247,148.7703260499984
37,0,0,3,4,0,3,1,121.27237499225885,161.1157200532034,795.1568249845877,299.6039839927107
25,0,0,2,4,0,3,2,120.83328701555729,181.9580290466547,341.3630729774013,147.98050397075713
85,0,0,7,16,0,4,1,85.51037404686213,94.42099696025252,30961.98192110751,6866.993211093359
33,0,0,5,6,0,3,1,75.04808902740479,169.57208793610334,2507.062408956699,1178.1575720524415
6,0,0,2,0,0,1,1383,93.48078700713813,160.27129697613418,219.9872030178085,132.32752191834152
34,0,0,1,5,0,3,1,68.54978203773499,91.55177196953446,429.36307401396334,142.04103301744908
25,0,0,1,3,0,1,1,28.413925087079406,38.93508005421609,163.52916695177555,72.548737982288
20,0,0,2,2,0,1,3,64.79170697275549,82.36206602305174,546.5247940737754,282.0318969897926
29,0,0,2,3,0,3,1,56.14931706804782,84.05003102961928,178.4876650199294,101.09289106912911
35,0,0,3,7,0,3,2,252.64302594587207,250.68446598015726,709.2323709512129,255.4457059595734
38,0,0,1,4,0,2,1,44.25887996330857,48.31211396958679,300.62760901637375,71.9578949501738
40,0,0,2,3,0,4,1,63.74431401491165,78.34526407532394,673.7638240447268,283.4285229910165
1,0,0,0,0,0,0,3062,15.057865995913744,20.056656911037862,48.868110054172575,34.6640549832955
44,0,0,1,7,0,3,1,86.94968791678548,89.48821597732604,420.9298350615427,142.8363419836387
28,0,0,1,1,0,1,1,55.64133496955037,81.0217639664188,329.3502109590918,138.4208220988512
38,0,0,1,5,0,3,1,77.9588531004265,84.71364295110106,416.1037299782038,146.65832906030118
31,0,0,3,5,0,3,1,80.5383970728144,102.22272097598761,687.4818520154804,281.61126805935055
32,0,0,5,2,0,3,0,56.59117002505809,80.90916194487363,4876.753843971528,2046.3890780229121
33,0,0,2,5,0,3,1,69.8684889357537,84.95122694876045,711.3862409023568,274.2609550477937
9,0,0,3,1,0,1,340,312.99337709788233,246.43623502925038,455.18843294121325,352.59058501105756
28,0,0,4,4,0,3,4,83.38804601226002,101.94968804717064,1972.5904730148613,668.4327529510483
55,0,0,1,8,0,3,1,76.49196696002036,92.13735302910209,435.154631966725,145.00815502833575
47,0,0,0,6,0,3,0,55.93883595429361,80.4307300131768,201.7337930155918,75.54322201758623
19,0,0,3,2,0,3,44,49.16085104923695,58.42789600137621,1037.259727017954,558.9897269383073
82,0,0,4,16,0,4,1,80.57276497129351,91.65297402068973,2164.763978915289,571.920292917639
16,0,0,2,2,0,2,39,127.39868694916368,83.44328997191042,738.0708620185032,291.2424559472129
18,0,0,2,2,0,1,42,90.39080492220819,92.72401605267078,708.8986659655347,320.794397033751
84,0,0,6,16,0,4,1,42.13840700685978,45.00012204516679,15497.869757004082,4271.792677929625
26,0,0,0,5,0,3,0,77.76076393201947,87.01436209958047,199.2901269113645,74.92261007428169
23,0,0,5,3,0,5,149,105.77053495217115,84.8275349708274,927.0154730184004,543.3665720047429
23,0,0,1,4,0,3,1,78.3161009894684,85.29868198093027,372.1029630396515,147.0003619324416
6,0,0,1,1,0,1,1031,53.02627198398113,133.54886800516397,128.28823109157383,78.82857508957386
29,0,0,3,2,0,2,1,59.598528081551194,81.42361498903483,679.160624044016,311.2364379921928
7,0,0,0,0,0,0,433,50.845136982388794,74.56444296985865,136.7763029411435,75.34015504643321
40,0,0,1,6,0,3,1,77.83440803177655,83.4084179950878,333.51260307244956,148.6601799260825
19,0,0,0,3,0,3,27,62.13526299688965,81.40181400813162,176.07699299696833,77.757004997693
75,0,0,6,13,0,4,1,41.72761901281774,64.31519601028413,14640.888804919086,4036.023320048116
22,0,0,4,3,0,3,474,188.6456049978733,159.06795300543308,3762.742158025503,1002.6042819954455
39,0,0,2,6,0,3,1,129.63149405550212,170.29100202489644,396.044317050837,72.38782395143062
34,0,0,3,5,0,3,0,42.73013991769403,78.84614006616175,768.8528690487146,290.2455439325422
26,0,0,1,3,0,2,1,59.829398058354855,47.272800002247095,357.17432806268334,142.76710792910308
13,0,0,3,2,0,2,102,113.98847796954215,120.89190899860114,801.6710249939933,623.7996340496466
36,0,0,7,4,0,3,13,68.96600394975394,84.96690297033638,10581.752883968875,3851.998275029473
37,0,0,1,6,0,3,1,76.13298902288079,90.23565798997879,397.0250739948824,145.82825906109065
27,0,0,3,4,0,3,2,39.1047679586336,42.226759949699044,1317.72963097319,581.3156729564071
36,0,0,4,4,0,3,6,77.96430890448391,88.696448947303,2677.9942190041766,1126.0943120578304
38,0,0,5,6,0,5,19,161.32468706928194,131.52746099513024,6559.885359951295,1861.3080770010129
37,0,0,5,7,0,4,0,102.66688303090632,170.35688098985702,2014.9652259424329,619.647971005179
24,0,0,1,3,0,2,1,65.39192295167595,79.89402301609516,329.1271870257333,71.06770400423557
20,0,0,2,3,0,4,0,50.43062299955636,72.39463599398732,298.6274149734527,127.65562697313726
79,0,0,1,4,0,3,1,29.83611694071442,39.7672129329294,328.090486000292,149.57215206231922
35,0,0,1,4,0,3,1,40.13220698107034,43.08910598047078,272.5355749716982,148.5830700257793
28,0,0,1,4,0,3,1,54.02824701741338,41.611276916228235,178.76960802823305,103.2721740193665
3,0,0,0,1,0,1,340,112.35941702034324,147.0785760320723,165.15868599526584,133.73051397502422
23,0,0,2,2,0,4,33,50.24074204266071,43.71799202635884,463.718252023682,298.9478049566969
36,0,0,2,6,0,3,0,50.12303008697927,72.63906404841691,633.8093699887395,127.1745489211753
29,0,0,2,1,0,1,2,56.37856596149504,81.00829494651407,646.8216379871592,296.56419693492353
18,0,0,1,2,0,3,104,59.22154092695564,83.0410469789058,321.15363399498165,110.15105189289898
31,0,0,2,5,0,3,1,71.01230695843697,84.37585202045739,571.4226310374215,137.6177379861474
30,0,0,1,4,0,3,1,79.29232402238995,86.99551993049681,351.50829900521785,143.920857924968
42,0,0,1,6,0,4,1,79.60315805394202,83.66276498418301,214.3367399694398,74.89458005875349
31,0,0,2,5,0,4,21,77.66110601369292,87.16092607937753,774.2234769975767,288.56765397358686
13,0,0,1,0,0,1,146,55.710555985569954,80.39830706547946,288.46213908400387,145.89711604639888
12,0,0,2,2,0,4,2320,177.6349189458415,166.65772709529847,196.81105006020516,107.40763496141881
13,0,0,4,0,0,1,0,26.938992086797953,60.87624991778284,1395.8888070192188,943.0034189717844
26,0,0,1,5,0,3,1,69.2672849399969,83.97855795919895,378.3816689392552,148.75646098516881
17,0,0,3,3,0,4,25,44.176546041853726,39.67493795789778,889.6647359943017,539.8473449749872
28,0,0,2,5,0,4,10,66.43141200765967,82.15932094026357,691.5438870200887,284.02626793831587
35,0,0,2,4,0,3,1,67.03527306672186,88.78743089735508,362.7913709497079,274.43737303838134
44,0,0,3,6,0,3,1,88.75520108267665,95.79006803687662,1564.7653950145468,392.45457598008215
29,0,0,4,5,0,3,2,152.70720794796944,122.17230303213,1332.5785580091178,445.94735198188573
30,0,0,2,6,0,3,1,68.89864895492792,82.44768704753369,683.6231359047815,140.01663599628955
20,0,0,2,3,0,5,0,48.571502906270325,68.81059997249395,276.4438110170886,119.60681807249784
24,0,0,1,2,0,2,1,59.46219398174435,80.2190329413861,337.7628440503031,96.26660391222686
24,0,0,3,2,0,4,74,34.14698306005448,44.79661409277469,966.7718809796497,444.9371029622853
71,0,0,6,14,0,4,1,147.8655009996146,102.6913650566712,20716.02245606482,3446.20861497242
26,0,0,7,3,0,3,1978,350.83369293715805,486.54817906208336,9044.458840973675,3972.478114068508
26,0,0,2,5,0,3,13,36.356745986267924,43.95919002126902,501.52525899466127,282.246786984615
37,0,0,3,6,0,3,0,29.245140962302685,40.61530204489827,1304.5497010461986,502.5898850290105
38,0,0,3,7,0,3,3,60.171283897943795,123.90763103030622,803.6184629891068,277.9823780292645
30,0,0,1,4,0,3,2,62.509536975994706,80.86718991398811,362.8061640774831,147.59711897931993
8,0,0,2,0,0,1,622,59.06848795711994,87.65831007622182,453.85147200431675,232.38136700820178
23,0,0,4,2,0,3,8,73.78184190019965,96.0941769881174,2335.939946002327,642.5980270141736
19,0,0,1,2,0,3,84,61.48085300810635,80.99057502113283,233.2929540425539,162.649153964594
38,0,0,6,7,0,4,214,332.636056933552,356.5780739299953,4086.0007349401712,1937.8353350330144
7,0,0,0,1,0,1,42,68.02642694674432,98.97033497691154,160.34866403788328,92.47082006186247
38,0,0,4,3,0,4,2,39.21127202920616,43.74004597775638,2858.119394048117,1045.4160909866914
94,0,0,4,4,0,3,1,73.96514702122658,80.25408198591322,1879.2835349449888,583.7320369901136
82,0,0,4,16,0,4,1,83.64324097055942,97.76055300608277,4193.531380034983,1140.929740970023
28,0,0,4,4,0,4,2,80.77572996262461,87.75799802970141,2625.205831020139,1141.667398973368
48,0,0,6,6,0,3,1,111.78062797989696,162.1431849198416,5843.573109945282,2341.0680369706824
28,0,0,1,4,0,3,5,87.7606199355796,91.52831393294036,374.2273199604824,143.32416106481105
23,0,0,6,4,0,4,2106,77.348003978841,181.92797095980495,4152.562223025598,2391.6223789565265
26,0,0,1,4,0,3,44,76.78191806189716,81.83515595737845,378.9589919615537,152.03044307418168
31,0,0,3,4,0,3,0,51.93255201447755,74.80743993073702,1058.4935959195718,381.47921895142645
76,0,0,7,13,0,4,1,84.41676292568445,93.89259002637118,29384.708516998217,8541.024533915333
33,0,0,2,5,0,3,1,35.4895539348945,68.56593699194491,190.28298801276833,69.78840695228428
86,0,0,8,16,0,4,0,82.08978793118149,88.55742600280792,55403.846668079495,17528.479350963607
33,0,0,4,4,0,3,14,66.53069099411368,85.84585599601269,2838.846859987825,1105.5893839802593
29,0,0,2,4,0,3,1,39.36689591500908,40.49775202292949,347.4801159463823,168.33761194720864
14,0,0,1,4,0,4,2106,80.1076740026474,103.2600689213723,332.60716195218265,190.8867940073833
47,0,0,1,7,0,3,1,36.39623196795583,41.736201965250075,271.48534695152193,141.57001208513975
19,0,0,3,0,0,1,0,33.436603960581124,47.61047009378672,1001.2410340132192,276.7729180632159
34,0,0,5,4,0,3,13,65.30947797000408,79.5272079994902,4229.356218944304,2201.5359890647233
41,0,0,9,7,0,4,0,460.2369370404631,458.59293499961495,30881.088228081353,11726.125605055131
52,0,0,1,7,0,3,1,60.200678068213165,79.7211789758876,422.76023607701063,148.36675010155886
33,0,0,2,5,0,3,1,65.63368905335665,82.53969892393798,762.2744309483096,200.46119100879878
38,0,0,1,7,0,3,1,91.53788106050342,51.09394097235054,519.0125489607453,171.17713205516338
3,0,0,1,0,0,1,3830,21.26821898855269,29.990860959514976,70.67445397842675,70.0713680125773
10,0,0,0,3,0,3,150,38.41134102549404,42.380145052447915,81.29331492818892,40.03194603137672
87,0,0,9,16,0,4,0,47.53823101054877,90.73276002891362,57367.150226957165,17930.227641016245
39,0,0,2,5,0,3,1,60.86153199430555,84.42975697107613,755.1159920403734,292.74493001867086
33,0,0,4,3,0,3,1,66.54904200695455,84.06931604258716,2591.2877980154008,631.9559719413519
33,0,0,3,6,0,4,2,231.8858050275594,207.81957695726305,1105.2028730046004,210.71822801604867
25,0,0,3,2,0,3,2,68.16078897099942,85.09507903363556,1225.3151229815558,533.8477899786085
19,0,0,1,1,0,1,1,27.761892997659743,37.33325097709894,153.3377079758793,68.36765992920846
8,0,0,2,0,0,1,1226,54.17050200048834,80.44074906501919,443.3867570478469,258.27012199442834
27,0,0,1,4,0,3,1,63.67562897503376,85.9508520225063,335.70340601727366,139.84364503994584
34,0,0,3,5,0,3,1,118.89255093410611,161.4356660284102,768.5011859284714,295.49948195926845
35,0,0,2,5,0,3,1,67.51699396409094,81.8970559630543,754.44382999558,278.0562590342015
36,0,0,3,5,0,3,1,70.76888799201697,86.06491994578391,1282.5955389998853,527.0956760505214
35,0,0,2,4,0,3,1,58.95453202538192,81.18992298841476,733.285999041982,298.4846649924293
9,0,0,2,1,0,2,432,67.89583200588822,90.36491997539997,484.35251193586737,242.53920605406165
31,0,0,3,4,0,4,1,68.59665003139526,85.18392499536276,1348.3039198908955,579.8611880745739
32,0,0,4,5,0,3,6,76.12109195906669,95.31873802188784,1160.610114922747,396.5100239729509
20,0,0,5,3,0,4,907,68.38963308837265,71.18402700871229,1958.123738062568,1025.379208032973
20,0,0,0,3,0,3,2,84.87121702637523,90.2529590530321,195.8748890319839,87.54191803745925
14,0,0,2,0,0,1,177,58.90088505111635,84.78148304857314,560.8894570032135,220.95659701153636
34,0,0,4,6,0,4,165,156.64941794238985,211.8331289384514,1447.562000947073,593.7140079913661
30,0,0,6,2,0,3,2,69.37849195674062,85.60466405469924,4860.425929073244,1734.808468958363
86,0,0,8,16,0,4,1,98.48786995280534,111.9036030722782,29051.93193210289,7517.522907932289
12,0,0,1,2,0,3,760,172.88599803578109,160.97025701310486,364.64367096778005,178.91267698723823
40,0,0,3,5,0,3,1,73.82677006535232,87.29397400747985,1480.6443710112944,532.5847099302337
12,0,0,1,2,0,3,357,79.22270696144551,112.60210594628006,286.08686407096684,89.63430498261005
48,0,0,1,9,0,3,1,34.40930601209402,41.87468497548252,304.8222039360553,148.0233040638268
31,0,0,5,5,0,4,1,145.2058149734512,132.87957105785608,2520.269616972655,1128.338546026498
75,0,0,6,13,0,4,1,80.53737599402666,88.5856170207262,14297.506434028037,3426.702989032492
2,0,0,0,0,0,0,3830,16.04960300028324,20.20376909058541,69.68817801680416,68.32245201803744
33,0,0,3,4,0,3,1,68.39830300305039,84.50316404923797,1463.7454559560865,489.83425705228
84,0,0,6,16,0,4,1,80.14909492339939,88.82459893357009,7640.104759950191,2056.1319660628214
33,0,0,3,4,0,3,6,67.00221810024232,82.78480102308095,1497.5358510855585,592.7369409473613
83,0,0,5,16,0,4,1,82.81386597082019,91.51397296227515,8370.751638081856,2181.46602390334
34,0,0,1,7,0,3,0,27.180581004358828,39.20101106632501,250.11215696576983,137.43884407449514
35,0,0,4,3,0,2,3,34.40032689832151,66.1232490092516,2731.0580069897696,1180.758217931725
18,0,0,2,3,0,5,89,125.98258606158197,92.57196995895356,190.5138889560476,108.08523301966488
57,0,0,1,8,0,4,1,68.08095599990338,84.74975591525435,442.0689089456573,150.9601940633729
45,0,0,2,7,0,3,1,87.36051700543612,87.50618994235992,836.7941039614379,180.82056194543839
10,0,0,1,2,0,4,3830,5.487809074111283,6.523450021632016,99.72237492911518,84.95418494567275
22,0,0,3,2,0,2,23,67.03648203983903,105.83229502663016,1275.781215983443,550.0028210226446
32,0,0,2,4,0,4,0,106.86728800646961,150.96919401548803,311.4119489910081,76.86760695651174
5,0,0,0,1,0,1,1031,26.079777046106756,34.96115293819457,67.33434298075736,39.91298901382834
32,0,0,2,6,0,3,1,55.371164926327765,77.29519600979984,687.8704159753397,272.9609770467505
59,0,0,3,9,0,3,1,91.60778601653874,103.56089798733592,1701.5080580022186,422.8686300339177
5,0,0,2,0,0,1,1951,21.52513398323208,29.83489295002073,202.8808540198952,155.59637104161084
21,0,0,3,2,0,2,1,119.49385597836226,148.82848097477108,1167.3269850434735,556.6300310892984
34,0,0,4,3,0,3,0,82.82001304905862,91.52532008010894,2452.782293083146,1047.347864951007
30,0,0,3,5,0,3,1,59.68273303005844,76.89667504746467,629.969769041054,283.2330660894513
52,0,0,1,9,0,3,1,55.831922916695476,77.20765098929405,212.62466709595174,70.18853491172194
41,0,0,2,5,0,4,1,67.45480594690889,81.72726503107697,353.3561680233106,149.10175697878003
19,0,0,3,3,0,4,140,122.18020192813128,88.85300299152732,1317.7632869919762,564.9200560292229
1,0,0,0,0,0,0,3062,29.39817006699741,40.646033943630755,95.82057304214686,68.28494695946574
33,0,0,4,3,0,4,4,35.16674495767802,41.49471200071275,2571.021454059519,1043.4172080131248
17,0,0,5,1,0,2,899,67.28610303252935,95.67012800835073,4408.252585097216,2333.7316419929266
35,0,0,4,3,0,2,1,79.59162897896022,88.92500295769423,2872.6943760411814,1138.7708160327747
62,0,0,1,9,0,3,1,29.63826002087444,39.60929694585502,407.2709869360551,151.56203194055706
30,0,0,5,5,0,3,3,178.86676092166454,261.8371240096167,2657.1939249988645,860.7829149113968
1,0,0,0,0,0,0,1951,37.896684021689,53.60584089066833,108.41988807078451,64.82378591317683
49,0,0,0,8,0,3,0,33.63827895373106,40.10413005016744,166.12580802757293,71.38600095640868
21,0,0,4,3,0,4,236,137.58117402903736,177.94626508839428,1218.670146074146,550.2653999719769
59,0,0,3,12,0,4,2,78.13612709287554,85.76037490274757,1874.72566193901,284.5668710069731
32,0,0,4,6,0,4,2,118.64571296609938,164.06987491063774,1419.4270509760827,496.73051992431283
32,0,0,3,3,0,3,1,66.17675605230033,91.79422107990831,920.9354160120711,532.6913669705391
7,0,0,0,1,0,1,1,46.77703802008182,77.09189597517252,143.55070097371936,70.21864899434149
14,0,0,5,0,0,1,622,132.98210897482932,109.8615350201726,1751.5867289621383,944.5718990173191
34,0,0,3,5,0,3,1,70.77226997353137,75.60250000096858,1275.457787909545,314.2581710126251
4,0,0,0,0,0,0,0,47.21237602643669,68.57488199602813,130.1379179349169,61.56878103502095
34,0,0,2,6,0,3,1,135.1837390102446,175.40702200494707,414.8735200287774,146.87306294217706
27,0,0,0,5,0,3,0,53.182994946837425,75.49842598382384,174.88998302724212,71.74987904727459
38,0,0,1,7,0,3,1,91.75617201253772,97.3677650326863,623.021004954353,154.17586406692863
29,0,0,4,5,0,3,3,80.16355196014047,105.99196399562061,2659.73858803045,1084.095475031063
36,0,0,7,4,0,3,13,35.25834798347205,48.07381494902074,10116.691654082388,3164.836092037149
31,0,0,1,6,0,4,1,229.19680399354547,200.10616804938763,178.84018295444548,80.07908298168331
26,0,0,4,3,0,3,29,64.72495209891349,79.58843605592847,1385.6290170224383,572.6738310186192
47,0,0,2,9,0,4,2,82.63147703837603,89.50972196180373,826.0183850070462,287.90999902412295
39,0,0,2,6,0,3,1,77.69308495335281,86.05949592310935,702.6537399506196,143.80884007550776
31,0,0,3,6,0,3,1,60.424042982049286,79.93624894879758,649.9037889298052,284.6859539858997
27,0,0,1,6,0,3,1,34.85049295704812,40.73231399524957,191.8904399499297,69.87354904413223
47,0,0,3,10,0,4,7,87.5715350266546,90.76863899827003,1832.6484119752422,501.28495099488646
1,0,0,0,0,0,0,3062,14.675989979878068,20.141521003097296,47.553203999996185,37.66210796311498
54,0,0,4,7,0,3,1,62.16391292400658,86.09516895376146,1603.924544993788,545.8052780013531
19,0,0,4,3,0,5,176,55.955711053684354,80.43721807189286,1693.9941149903461,802.6190400123596
33,0,0,3,6,0,4,3,103.00554696004838,115.68825505673885,1398.749944055453,526.2852979358286
28,0,0,1,4,0,3,1,66.5375649696216,82.97343004960567,376.05801597237587,147.895114030689
28,0,0,2,4,0,3,21,77.11598207242787,87.97210303600878,760.7480590231717,293.2284629205242
28,0,0,0,4,0,3,1,77.16636406257749,89.26310401875526,202.03969802241772,81.90017601009458
47,0,0,3,10,0,4,18,94.22473795711994,101.24542296398431,1756.0761329950765,612.3584930319339
3,0,0,0,0,0,0,0,59.36196004040539,87.20506506506354,153.0423059593886,85.99876100197434
23,0,0,4,3,0,4,65,231.9704859983176,252.47382302768528,1185.1396290585399,526.9893369404599
25,0,0,1,3,0,3,4,56.761134997941554,81.05368097312748,340.08901892229915,152.04199508298188
21,0,0,4,4,0,4,0,52.102194051258266,124.07594500109553,2321.913994033821,1293.7360639916733
33,0,0,3,3,0,3,1,69.00946400128305,84.04949505347759,1450.7428699871525,592.9708910407498
36,0,0,3,6,0,3,1,181.61999701987952,129.94289910420775,2142.355690943077,591.2296460010111
34,0,0,1,6,0,4,1,80.6416500126943,87.13082398753613,375.4902509972453,143.57365702744573
35,0,0,4,3,0,2,1,69.60523698944598,85.47606295906007,1739.7043999517336,818.4212499763817
26,0,0,1,5,0,3,1,80.5412899935618,83.44141393899918,317.26859300397336,70.06021903362125
20,0,0,1,3,0,3,27,62.158709042705595,80.63130604568869,171.6191410087049,52.70082503557205
23,0,0,4,2,0,3,0,72.34363001771271,93.87245296966285,2254.861967987381,1044.7895639808849
41,0,0,1,5,0,3,1,39.17931497562677,43.4873360209167,414.6631049225107,146.26378403045237
27,0,0,1,4,0,3,2,34.776107990182936,40.878033032640815,251.62894907407463,148.45234097447246
87,0,0,9,16,0,4,1,80.75185003690422,80.60932101216167,60000.0,34694.25481907092
35,0,0,3,4,0,3,1,43.618327006697655,44.278761954046786,1011.4633250050247,375.09643100202084
18,0,0,3,1,0,2,46,162.2134989593178,203.80287803709507,305.74667104519904,137.65131297986954
29,0,0,1,5,0,3,1,121.27437710296363,96.54106898233294,211.51265501976013,71.94411696400493
32,0,0,1,6,0,3,1,66.60849798936397,87.83378696534783,378.3891990315169,143.76508502755314
35,0,0,1,6,0,3,1,29.75518605671823,40.57656601071358,189.56919806078076,73.48700403235853
34,0,0,3,3,0,2,1,77.85973302088678,86.39628300443292,1408.493107999675,373.56278800871223
20,0,0,1,4,0,3,0,88.8208830729127,77.76826701592654,378.38599702809006,139.52185295056552
37,0,0,1,5,0,3,1,62.41177907213569,80.87187597993761,199.4270080467686,76.55208499636501
14,0,0,4,2,0,3,2583,115.44806300662458,172.4086400354281,1670.7483989885077,810.773516073823
20,0,0,4,2,0,3,44,104.2503040516749,128.24054900556803,2365.83336093463,1109.818778000772
30,0,0,2,4,0,4,1,81.64539898280054,91.25352103728801,695.8703969139606,288.7708650669083
38,0,0,6,7,0,4,0,102.5552119826898,151.38224908150733,4746.169310063124,1723.4138899948448
11,0,0,1,2,0,3,994,124.18850092217326,138.55597598012537,397.13419892359525,182.68992600496858
20,0,0,3,3,0,3,986,168.23928896337748,148.90595502220094,1988.3656420279294,625.8405459811911
33,0,0,3,3,0,3,3,67.89502000901848,88.69154890999198,1359.178347978741,575.2383409999311
38,0,0,3,8,0,4,1,74.55663301516324,91.54192707501352,1410.405850969255,536.8122110376135
51,0,0,1,9,0,3,1,58.0669529736042,81.80791698396206,397.08382403478026,75.74423600453883
33,0,0,5,4,0,3,1,163.70615607593209,188.06412001140416,2895.0059129856527,1113.2773800054565
55,0,0,1,9,0,3,1,67.9632700048387,81.83735399506986,452.1877720253542,144.25641496200114
32,0,0,1,6,0,3,1,35.910931997932494,41.45318502560258,212.93153206352144,140.7790289958939
4,0,0,1,0,0,1,907,46.545352903194726,67.31458997819573,235.03804299980402,126.37832795735449
30,0,0,2,4,0,3,2,78.44208099413663,87.39268500357866,775.383512955159,287.6678919419646
20,0,0,4,0,0,1,0,64.70286997500807,95.80878296401352,2036.2699120305479,670.1975760515779
27,0,0,2,5,0,3,0,52.98367398791015,74.76513693109155,651.8399938941002,270.8488160278648
36,0,0,2,6,0,3,1,54.36848499812186,49.19841908849776,639.6995740942657,147.52050105016679
35,0,0,5,5,0,4,2,90.08086810354143,99.70812906976789,5323.516350006685,2095.3207719139755
34,0,0,6,4,0,3,2,99.04827701393515,112.38303896971047,11088.930331985466,4638.998666079715
15,0,0,2,2,0,3,1389,153.15872698556632,134.1902429703623,855.8894280577078,317.9392759921029
53,0,0,1,9,0,3,1,77.32151297386736,84.86068504862487,309.5737759722397,102.25807200185955
41,0,0,1,8,0,4,0,75.83877991419286,84.7134490031749,434.41707792226225,146.54407498892397
83,0,0,5,16,0,4,1,67.42746802046895,82.8422779450193,3006.894140969962,1136.4020709879696
34,0,0,3,7,0,4,9,66.44511898048222,77.86919793579727,1347.459371900186,526.7753599910066
11,0,0,2,1,0,1,0,119.03885705396533,184.96864498592913,310.2925430284813,166.46300395950675
21,0,0,3,2,0,3,109,115.7016979996115,167.65312501229346,625.7428110111505,285.9193399781361
6,0,0,2,0,0,1,907,142.79478893149644,215.32697696238756,250.18398405518383,130.4253659909591
62,0,0,6,11,0,4,1,293.2152299908921,208.30327307339758,4562.555396929383,822.8220409946516
9,0,0,0,2,0,3,2875,57.810945087112486,80.10367804672569,193.560422048904,176.04179494082928
84,0,0,6,16,0,4,1,79.49487201403826,85.10192297399044,16811.542463023216,4029.226590995677
19,0,0,2,2,0,3,104,111.75126198213547,161.11021500546485,243.54019900783896,153.02755194716156
24,0,0,3,1,0,3,0,55.336614954285324,80.28058696072549,1072.7135179331526,280.67781997378916
14,0,0,5,0,0,1,622,107.12923191022128,159.4554220791906,1978.5636831074953,980.9612839017063
32,0,0,1,5,0,3,1,65.87323499843478,79.76389210671186,368.2792739709839,141.88973396085203
2,0,0,0,0,0,0,3830,16.034848988056183,20.56687092408538,69.92102798540145,68.04361194372177
41,0,0,9,7,0,4,647,436.29999703262,399.04847100842744,38198.263105005026,15717.484444961883
25,0,0,2,3,0,3,0,39.339330047369,40.91729398351163,563.9246940845624,270.3326609916985
50,0,0,1,6,0,3,1,69.11534501705319,83.1065489910543,420.103101991117,140.03181306179613
11,0,0,3,1,0,2,1383,139.75863996893167,207.90927100460976,537.0268729748204,310.212372103706
29,0,0,1,3,0,3,1,78.03435705136508,83.03295401856303,385.3335380554199,107.85412497352809
21,0,0,3,3,0,5,0,47.601863043382764,68.19007999729365,550.25144002866,237.66702297143638
48,0,0,1,6,0,3,0,55.06066791713238,81.92845992743969,410.34051892347634,183.78310510888696
26,0,0,1,5,0,4,23,61.560990056023,82.41283998358995,354.77194702252746,151.65782102849334
36,0,0,4,6,0,3,1,67.20081402454525,85.79490601550788,2156.5023079747334,1110.4829260148108
17,0,0,2,3,0,3,15,58.83333494421095,85.24006104562432,621.7550910077989,275.28882399201393
25,0,0,7,3,0,4,3062,160.78385792206973,370.4584779916331,8618.021650006995,3780.697603011504
26,0,0,1,4,0,3,12,61.665253015235066,86.7352900095284,340.8529660664499,141.95701200515032
38,0,0,6,7,0,4,26,139.65920300688595,182.16095701791346,4671.930170967244,1189.6348079899326
33,0,0,1,5,0,3,1,128.8574649952352,95.01268703024834,435.38999604061246,142.02807506080717
33,0,0,4,3,0,3,1,34.23373005352914,41.85540007892996,2500.4796619759873,1036.1285149119794
27,0,0,1,5,0,3,1,71.42312603536993,82.10066892206669,190.02774299588054,75.57174994144589
29,0,0,2,6,0,4,1,36.150840925984085,40.88436090387404,542.5176880089566,281.32832201663405
14,0,0,1,3,0,3,25,28.00948906224221,39.13189203012735,227.01149806380272,140.45539102517068
27,0,0,4,4,0,4,251,431.86560401227325,414.31821195874363,945.4616759903729,306.1544559895992
28,0,0,3,5,0,4,32,125.24810805916786,168.4784529497847,501.55520904809237,140.18710795789957
27,0,0,1,5,0,4,54,42.88821597583592,80.07685700431466,350.00087006483227,146.5809710789472
40,0,0,3,6,0,3,1,130.07741898763925,172.13190800976008,854.8265609424561,290.5631789471954
36,0,0,7,4,0,3,40,87.79428096022457,89.09347397275269,11326.691076974384,4360.4623400606215
19,0,0,1,3,0,3,1,41.59299097955227,45.03786994609982,311.42587296199054,142.23701099399477
30,0,0,2,6,0,3,1,120.11641310527921,161.73937905114144,370.38258102256805,139.37138300389051
30,0,0,3,4,0,3,3,118.70374192949384,134.65206208638847,700.9221359621733,284.0150980046019
29,0,0,2,3,0,3,3,65.51555101759732,86.27629396505654,711.6125109605491,297.63607308268547
17,0,0,2,3,0,4,90,52.83600289840251,74.71659302245826,466.61101502832025,269.202750059776
5,0,0,2,0,0,1,2343,63.00589698366821,90.65670799463987,245.96696998924017,145.39766404777765
32,0,0,1,4,0,3,1,82.38063391763717,89.9608489125967,396.4982390170917,148.91947398427874
39,0,0,2,9,0,4,1,120.67544204182923,96.12149593885988,778.9705509785563,140.24726604111493
33,0,0,1,7,0,4,1,71.21934404131025,82.69205898977816,199.17335803620517,72.7504410315305
48,0,0,2,9,0,3,1,32.160614035092294,44.89757097326219,424.8588520567864,146.36291295755655
34,0,0,3,5,0,3,0,67.41635501384735,84.29186698049307,1543.4099970152602,583.3955280249938
26,0,0,1,4,0,3,1,59.195153997279704,80.68472403101623,344.48729001451284,86.90391993150115
21,0,0,0,3,0,3,2,99.56627001520246,83.18944508209825,204.1045289952308,78.8909699767828
24,0,0,5,2,0,3,16,85.05548792891204,112.29898489546031,4553.7550339940935,2110.312117030844
20,0,0,4,3,0,4,335,68.49277100991458,116.90713802818209,1206.4618750009686,542.0837729470804
35,0,0,7,4,0,3,2,98.84930704720318,110.69830693304539,11780.092354980297,3732.136227074079
7,0,0,0,1,0,1,233,29.469346976839006,41.200206032954156,71.71925297006965,35.49837111495435
31,0,0,1,6,0,4,1,39.200262050144374,43.16578898578882,187.35310598276556,70.59608900453895
12,0,0,1,1,0,1,75,39.667736971750855,41.422259993851185,147.11495104711503,80.54749795701355
41,0,0,1,4,0,3,1,76.842330978252,91.94204001687467,362.45580192189664,142.265415051952
84,0,0,6,16,0,4,1,82.71557791158557,91.34690905921161,15249.508083914407,4365.785742993467
38,0,0,7,7,0,4,370,294.54639507457614,302.98653000500053,9597.470081993379,3936.328703071922
29,0,0,0,4,0,3,0,43.16301294602454,39.49653694871813,114.81947801075876,75.33071795478463
6,0,0,1,1,0,2,1552,74.50246706139296,85.8931050170213,229.1888960171491,132.72774103097618
7,0,0,2,1,0,2,3830,35.96047998871654,39.03816605452448,178.24262706562877,127.39685794804245
43,0,0,1,7,0,3,1,70.57250803336501,83.25954002793878,414.723901078105,141.9596510240808
41,0,0,1,5,0,3,1,67.62344297021627,82.44543697219342,401.40439092647284,146.74601797014475
27,0,0,1,6,0,3,2,50.58499495498836,42.11723001208156,191.5982849895954,141.2738049402833
39,0,0,1,8,0,3,1,82.76201598346233,89.49268294963986,444.2073729587719,145.23163298144937
84,0,0,6,16,0,4,1,82.63897895812988,92.17480407096446,14370.420405990444,4279.0658249286935
12,0,0,4,1,0,2,1492,176.67888302821666,135.55392599664629,700.8822299540043,545.8832500735298
10,0,0,3,1,0,2,186,104.25542294979095,155.65203700680286,345.18628497608006,205.67376806866378
24,0,0,1,1,0,1,2,55.07271294482052,76.22281997464597,282.31806692201644,140.38888306822628
40,0,0,9,3,0,3,2,86.1455419799313,101.27704590559006,39224.127875990234,16826.250692014582
3,0,0,0,1,0,1,1315,85.7505799503997,110.5194459669292,107.3697549290955,59.77212800644338
35,0,0,3,7,0,3,2,128.89355095103383,166.62839194759727,772.6595749845728,280.31083301175386
83,0,0,5,16,0,4,1,83.00295704975724,89.41770007368177,7843.896082020365,1728.3261920092627
3,0,0,1,0,0,1,3830,11.083367047831416,14.650320052169263,35.09595000650734,33.8272979715839
31,0,0,2,3,0,2,1,67.4240990774706,83.46284204162657,671.0243760608137,266.614523017779
16,0,0,1,3,0,4,54,52.13683389592916,74.72607004456222,285.7859389623627,138.1147149950266
38,0,0,3,7,0,3,3,118.31204302143306,160.11497494764626,808.8384190341458,280.3540360182524
2,0,0,1,0,0,1,3830,11.449705925770104,13.790761935524642,110.69025006145239,64.14467399008572
77,0,0,6,14,0,4,0,82.42262701969594,96.41053003724664,6730.44348100666,1812.1642279438674
2,0,0,1,0,0,1,3830,11.183231952600181,13.205638970248401,69.22498298808932,63.8151450548321
3,0,0,1,0,0,1,3830,16.53448201250285,21.583684952929616,70.6031060544774,69.71955299377441
39,0,0,2,5,0,3,1,39.43843697197735,42.9692700272426,448.62213591113687,278.42383505776525
12,0,0,2,1,0,1,0,68.4996050549671,104.22210989054292,635.4808600153774,344.0972550306469
20,0,0,2,1,0,2,19,77.83870201092213,89.13557801861316,662.0349219301715,291.13545699510723
29,0,0,2,4,0,3,1,69.56055806949735,85.70673409849405,697.1113320905715,264.1278419177979
17,0,0,2,3,0,3,215,227.8138060355559,249.21906809322536,303.9376790402457,140.33891004510224
38,0,0,2,5,0,3,1,61.88258994370699,80.17823600675911,384.20158403459936,148.3065920183435
50,0,0,1,11,0,3,1,75.63162199221551,88.25399994384497,441.1606069188565,136.87049597501755
31,0,0,2,5,0,3,1,65.83051197230816,88.38031894993037,730.3404189879075,188.8173898914829
77,0,0,8,13,0,4,1,94.5502039976418,105.9451699256897,28614.948518923484,8990.813902928494
27,0,0,2,6,0,3,1,43.677834095433354,47.19924391247332,537.6575890695676,284.3898559221998
48,0,0,1,8,0,4,1,49.837580998428166,47.54646890796721,417.5872739870101,144.86185798887163
35,0,0,5,6,0,5,44,84.51126306317747,95.19982105121017,1767.5195779884234,524.2686240235344
27,0,0,1,6,0,3,1,130.48943097237498,166.39124904759228,204.50819097459316,76.46685105282813
20,0,0,3,1,0,2,40,78.07735598180443,95.24129296187311,1268.9369479194283,569.4417670601979
32,0,0,4,4,0,3,1,93.63360202405602,93.30098098143935,3036.359037971124,1082.2954130126163
27,0,0,2,3,0,3,6,68.32109298557043,82.35461404547095,535.9557470073923,150.9713699342683
7,0,0,2,0,0,1,365,103.5170239629224,157.00169501360506,261.36339199729264,131.9092190824449
47,0,0,2,6,0,4,0,34.50500906910747,44.50123489368707,803.8641540333629,293.47419494297355
26,0,0,1,4,0,2,2,65.18328399397433,80.1669170614332,347.2843309864402,137.4507419532165
1,0,0,0,0,0,0,3830,5.717556923627853,6.191191961988807,33.20151497609913,33.18601893261075
25,0,0,0,5,0,3,1,33.153373980894685,41.11711704172194,95.38613690529019,35.30619607772678
13,0,0,3,2,0,2,190,105.25392892304808,70.60495798941702,485.05241400562227,319.0934360027313
36,0,0,3,6,0,4,4,112.38583899103105,161.79140692111105,372.90767300873995,151.6593259293586
39,0,0,7,7,0,4,34,122.54249304533005,169.0491639310494,4880.924765020609,1851.9962719874457
23,0,0,2,5,0,4,286,192.1965430956334,195.38313907105476,1060.5757118901238,296.67109809815884
2,0,0,1,0,0,1,3830,11.287800967693329,13.766024960204959,68.61958908848464,65.44747308362275
28,0,0,1,7,0,3,1,73.83752998430282,88.09004595968872,364.01707702316344,135.3510799817741
36,0,0,1,7,0,4,1,66.38989900238812,82.04409701284021,376.36498699430376,142.72514695767313
26,0,0,1,3,0,3,1,77.1157129202038,80.50857903435826,384.24495002254844,150.16353700775653
10,0,0,0,1,0,1,238,73.60892102587968,111.64888297207654,183.32073907367885,109.66791701503098
24,0,0,6,3,0,3,1978,313.30964202061296,379.5150259975344,4451.138552976772,1991.2766959751025
89,0,0,1,4,0,3,1,70.67471195477992,82.40726997610182,476.8219100078568,146.28508407622576
29,0,0,1,5,0,3,1,55.86343794129789,77.5447649648413,346.0450030397624,136.73297700006515
39,0,0,7,7,0,3,0,65.96058898139745,82.94963999651372,5220.940196071751,1919.1301469691098
63,0,0,5,12,0,4,1,132.62688601389527,170.9530019434169,3650.7786720758304,1139.4609248964116
26,0,0,2,3,0,3,1,63.983578933402896,78.8683439604938,651.12863201648,282.9384399810806
21,0,0,1,2,0,3,0,49.567248090170324,69.9116230243817,286.9994109496474,125.71850104723126
84,0,0,6,16,0,4,1,45.67187000066042,88.12131092417985,7147.391333943233,2179.765411070548
74,0,0,4,13,0,4,0,81.4871039474383,91.75797400530428,3812.763976980932,1155.6786870351061
8,0,0,2,0,0,1,1488,48.17150405142456,69.91027796175331,334.53936700243503,119.15900104213506
17,0,0,2,3,0,4,8,42.56005003117025,79.39335098490119,579.8421769868582,273.3901010360569
95,0,0,5,4,0,3,1,35.76619806699455,39.87482702359557,2551.4078530250117,788.67479308974
26,0,0,0,6,0,3,1,173.06190496310592,114.49681699741632,296.1581479758024,74.91967105306685
23,0,0,2,4,0,3,3,46.22403206303716,53.19755198433995,402.5502819567919,249.59327501710504
2,0,0,1,0,0,1,3830,11.326004983857274,13.413268025033176,110.52953195758164,64.75143495481461
42,0,0,3,8,0,3,1,89.4346380373463,104.87210704013705,1661.632542964071,556.3717799959704
36,0,0,4,7,0,3,3,236.20889498852193,251.30436499603093,1420.08288402576,509.93029202800244
85,0,0,7,16,0,4,1,71.86925993300974,172.9220689740032,15568.147240090184,4475.353228976019
18,0,0,1,3,0,3,25,148.5013470519334,108.69530506897718,537.3134789988399,158.8776719290763
51,0,0,1,6,0,3,1,60.60650595463812,83.13029201235622,412.582142977044,152.43567002471536
12,0,0,4,1,0,2,1492,176.04077397845685,266.50724501814693,992.2191859222949,547.6124980486929
24,0,0,6,3,0,4,335,88.50784902460873,111.47204297594726,8654.76745099295,3753.4257730003446
24,0,0,4,3,0,3,26,68.5281150508672,88.2603150093928,1656.0989510035142,829.0905080502853
34,0,0,4,6,0,4,26,256.1557210283354,238.88627800624818,1738.264855928719,332.33885699883103
4,0,0,1,0,0,1,2490,55.04374695010483,80.85462905000895,96.48211393505335,71.56415504869074
51,0,0,2,10,0,3,1,68.57001106254756,83.19482894148678,873.5665989806876,281.239505042322
25,0,0,2,3,0,3,4,111.16136203054339,160.79711494967341,331.7026150180027,149.18948290869594
4,0,0,1,0,0,1,3830,20.893128006719053,27.83090900629759,118.55468002613634,93.42487994581461
24,0,0,2,4,0,4,1,32.55992103368044,43.454647064208984,212.68329105805606,146.48044703062624
36,0,0,7,4,0,3,13,32.814960926771164,69.24580701161176,11046.494935988449,4245.5748480279
36,0,0,4,7,0,3,0,112.02958202920854,161.41175897791982,1484.5925050321966,498.4085879987106
1,0,0,0,0,0,0,3062,29.59474001545459,41.6572269750759,95.35643295384943,70.16717398073524
37,0,0,2,6,0,4,3,64.59506193641573,87.8029630985111,728.1613779487088,273.8929509650916
34,0,0,4,3,0,3,1,36.38534899801016,42.68537100870162,2871.0399530828,1149.7404099209234
21,0,0,1,4,0,4,27,32.43493696209043,38.747382001020014,166.18350404314697,68.13907297328115
3,0,0,1,0,0,1,3830,8.630195981822908,10.946551919914782,35.87966808117926,33.780631958507
55,0,0,1,10,0,3,1,38.94915001001209,44.01087190490216,229.21697690617293,74.27436800207943
20,0,0,3,3,0,5,218,27.529707993380725,58.33088397048414,871.6881009750068,407.8765111044049
55,0,0,3,8,0,4,1,72.72101298440248,90.51123796962202,1654.7767700394616,565.6419210135937
48,0,0,3,6,0,4,0,67.68684310372919,81.83721196837723,1585.2762290742248,584.0862350305542
18,0,0,3,3,0,3,303,71.27694005612284,91.4752030512318,1160.6373020913452,515.0734148919582
23,0,0,1,4,0,3,2,58.12442000024021,89.05272395350039,365.93952192924917,151.39634802471846
46,0,0,1,6,0,3,0,119.71040593925864,135.46219293493778,110.09296693373471,38.01616793498397
33,0,0,3,6,0,4,3,52.36647604033351,57.5451860204339,1064.1104790847749,509.85301402397454
36,0,0,1,6,0,3,1,85.78787103760988,91.26053703948855,396.5278510004282,144.35386192053556
28,0,0,2,4,0,3,21,65.44796598609537,165.77654296997935,379.2027391027659,148.42646499164402
31,0,0,3,4,0,4,2,77.28886802215129,98.08826493099332,1151.6664039809257,488.4712219936773
16,0,0,2,2,0,3,1031,30.451882048510015,38.05204504169524,514.0157210407779,145.67599701695144
16,0,0,0,3,0,3,3,43.86327299289405,45.58128397911787,122.70417902618647,43.56542706955224
20,0,0,5,3,0,4,907,102.22217498812824,146.2886939989403,2078.048422932625,1044.7626159293577
15,0,0,1,1,0,2,1,52.34080692753196,75.83127194084227,291.1624959670007,137.60438992176205
34,0,0,4,5,0,4,0,241.97227403055876,428.434998029843,1616.4505020715296,431.6225750371814
29,0,0,2,4,0,3,3,32.706562080420554,38.94097404554486,508.4748009685427,284.9169059190899
23,0,0,5,3,0,3,1389,344.80485296808183,380.018383031711,2323.6020910553634,594.4793809903786
24,0,0,1,5,0,3,1,68.60186194535345,82.99298502970487,333.4231609478593,130.5468960199505
25,0,0,5,2,0,3,71,87.05330395605415,120.4698960063979,4963.98269792553,2324.701508972794
32,0,0,3,5,0,3,1,69.5581950712949,83.56461802031845,736.6422130726278,278.76197593286633
22,0,0,5,3,0,3,1978,278.8694080663845,325.4442539764568,2833.962995908223,1131.614633020945
64,0,0,1,11,0,3,1,69.89901105407625,82.55110797472298,483.9693680405617,141.92877104505897
9,0,0,3,0,0,1,365,103.91516191884875,153.6458459449932,511.966496007517,222.0638890285045
30,0,0,6,2,0,3,2,35.12093599420041,42.63850999996066,3011.406143894419,1395.6585850100964
6,0,0,1,1,0,1,1031,46.348611009307206,65.07780100218952,65.63574308529496,39.40806700848043
2,0,0,0,0,0,0,2320,18.756435019895434,25.54332499857992,52.436677971854806,40.467977989465
42,0,0,2,7,0,4,2,62.86319706123322,77.48846604954451,730.3994860267267,289.55334902275354
35,0,0,3,6,0,3,2,135.44725603424013,176.63253901991993,827.6559450896457,295.79875292256474
18,0,0,1,4,0,4,573,84.89267795812339,119.66828990262002,362.72232502233237,186.65247305762023
13,0,0,3,2,0,2,190,205.6058479938656,139.82636295259,693.6530719976872,314.9667589459568
34,0,0,2,4,0,3,0,110.40944303385913,55.05438905674964,631.9092640187591,278.97196100093424
66,0,0,3,13,0,4,0,81.17403404321522,90.85097501520067,2001.0044520022348,579.1389310033992
43,0,0,1,5,0,3,1,66.8674421031028,82.79365499038249,399.4989449856803,148.02127901930362
56,0,0,2,8,0,3,1,76.81074494030327,89.63813108857721,658.8402000488713,140.66755899693817
5,0,0,0,1,0,1,1031,52.75600193999708,71.50901609566063,129.16963803581893,79.34380893129855
35,0,0,6,5,0,3,2,236.6281870054081,331.1436929507181,4060.1889030076563,1605.486968997866
42,0,0,1,9,0,3,1,67.10182991810143,81.89280307851732,430.7917399564758,145.1988270273432
13,0,0,3,2,0,2,63,195.49315399490297,87.12372404988855,354.72458600997925,149.61094700265676
33,0,0,1,6,0,4,1,67.82347499392927,81.94954704958946,201.28894795197994,75.68795094266534
37,0,0,5,7,0,4,9,61.52580305933952,159.51497701462358,2655.6736959610134,1089.6648110356182
8,0,0,0,2,0,3,378,122.84584005828947,159.74151401314884,226.82975803036243,151.2761180056259
33,0,0,5,6,0,3,1,129.01685596443713,173.26238902751356,2676.9928329158574,1101.5763899777085
7,0,0,2,1,0,1,1315,167.5410020397976,239.70736796036363,222.57342305965722,123.70664405170828
2,0,0,1,0,0,1,3830,11.423465912230313,13.644361984916031,99.73361191805452,31.737601035274565
15,0,0,0,1,0,2,35,29.971144977025688,40.71857605595142,83.89272098429501,39.05593405943364
32,0,0,1,6,0,3,1,63.616218976676464,82.43814599700272,381.6119000548497,149.4596260599792
33,0,0,4,3,0,3,0,277.4475140031427,282.30856207665056,1247.4112439667806,502.8146549593657
16,0,0,0,2,0,1,1,41.2120979744941,41.856380994431674,95.54476605262607,40.382248000241816
83,0,0,5,16,0,4,1,133.65759805310518,168.5335640795529,4116.302328999154,1069.960801047273
20,0,0,3,2,0,3,104,55.408539017662406,79.7300860285759,318.56275303289294,213.07147899642587
7,0,0,1,0,0,1,939,47.97766893170774,68.29301395919174,264.4142140634358,145.28367505408823
14,0,0,3,2,0,4,0,313.00724390894175,287.75621100794524,423.69192000478506,149.83647991903126
11,0,0,1,2,0,3,573,83.60132400412112,115.76773901470006,308.3406350342557,170.84060003980994
15,0,0,6,0,0,1,1026,219.16141000110656,333.40247499290854,3210.2004510816187,1863.4876520372927
34,0,0,3,3,0,2,1,78.98041303269565,86.82090998627245,1403.712535975501,447.3463270114735
43,0,0,1,9,0,3,1,54.67494996264577,76.38898293953389,180.1981049356982,72.25568790454417
27,0,0,2,4,0,2,2,68.17957304883748,86.5754809929058,659.1587939765304,275.83249600138515
31,0,0,2,4,0,3,1,80.6913609849289,89.00991501286626,718.9352569403127,281.4764709910378
34,0,0,4,6,0,4,49,48.335732077248394,56.43049697391689,1747.94626806397,1113.7266251025721
26,0,0,2,4,0,3,2,111.70618096366525,161.5278609097004,349.31314003188163,150.30288707930595
20,0,0,4,2,0,3,44,97.19612402841449,116.37381196487695,2309.786272002384,1123.6238580895588
36,0,0,5,3,0,2,1,79.28155397530645,89.04713299125433,2823.8753919722512,1127.353724092245
30,0,0,2,5,0,3,18,69.51877498067915,82.08621793892235,739.1082380199805,284.7680259728804
34,0,0,2,7,0,4,16,149.8180510243401,123.95628693047911,1149.6331269154325,338.61992496531457
27,0,0,2,5,0,3,2,70.90097398031503,86.07278193812817,369.05624298378825,143.4825590113178
33,0,0,4,4,0,3,8,64.64248907286674,80.36972605623305,2885.103618958965,1236.1358070047572
23,0,0,4,2,0,3,5,74.02406889013946,95.86635802406818,2350.734772044234,1130.9531029546633
21,0,0,1,3,0,3,2,66.48822000715882,82.82461995258927,385.81091596279293,153.23773794807494
83,0,0,5,16,0,4,1,94.88189104013145,79.57089401315898,8078.764419071376,2327.005311031826
13,0,0,1,1,0,1,1,52.777555072680116,76.20430598035455,338.2079240400344,193.8567600445822
5,0,0,2,0,0,1,3062,90.04530205857009,184.09526499453932,180.9541470138356,148.90648203436285
30,0,0,2,5,0,3,1,67.36269895918667,77.83892191946507,474.9631480081007,154.90924997720867
37,0,0,0,6,0,3,0,172.11356898769736,95.42387095279992,314.85842901747674,81.95734501350671
33,0,0,4,5,0,3,2,127.6595420204103,169.68374198768288,1560.9890529885888,674.1754020331427
92,0,0,2,4,0,3,1,68.09265306219459,80.6126359384507,483.68325002957135,172.9248429182917
4,0,0,1,0,0,1,0,68.1485349778086,102.81157202553004,300.0055879820138,171.60009290091693
32,0,0,4,5,0,3,6,144.33222904335707,190.88918599300086,1459.3049199320376,579.052728950046
63,0,0,5,12,0,4,1,135.3552769869566,177.28646600153297,3877.280637039803,1152.3433349793777
34,0,0,1,4,0,3,1,59.65863901656121,82.3683129856363,404.4887019554153,155.30793904326856
32,0,0,2,4,0,3,1,56.793770054355264,81.25703106634319,725.3053510794416,299.0395799279213
37,0,0,8,4,0,3,58,91.18817502167076,93.42245804145932,20299.425325007178,8360.763879027218
35,0,0,5,6,0,4,165,213.4727529482916,323.5049860086292,3142.626221990213,1097.1729810116813
53,0,0,2,9,0,3,1,109.80734508484602,78.2688120380044,443.5070529580116,151.92739793565124
35,0,0,1,4,0,3,2,61.06688699219376,76.79940201342106,495.04075897857547,142.986916936934
28,0,0,1,4,0,3,1,69.04779304750264,93.12012302689254,401.7972309375182,157.17326500453055
31,0,0,2,3,0,2,1,162.99310501199216,196.47199602331966,394.3598259938881,189.76986000780016
23,0,0,1,3,0,2,2,84.26478796172887,87.46391895692796,365.51810696255416,151.3371280161664
42,0,0,1,6,0,3,1,83.22387596126646,91.9907339848578,430.67400506697595,148.62152293790132
36,0,0,3,6,0,3,15,127.73936009034514,203.41386005748063,761.6158670280129,298.4406250761822
33,0,0,3,4,0,3,0,102.79232100583613,154.43745499942452,660.2593999123201,254.12295607384294
4,0,0,0,1,0,1,1930,99.69358297530562,82.04940299037844,168.43644995242357,89.05586507171392
35,0,0,4,6,0,4,3,166.24245198909193,170.86826195009053,3139.7898969007656,1214.7390650352463
28,0,0,2,5,0,3,0,131.67304208036512,131.07245601713657,807.3376920074224,280.9628299437463
27,0,0,2,2,0,2,2,68.54314508382231,80.96589299384505,740.6541199889034,172.44251491501927
35,0,0,6,3,0,3,1,256.4999860478565,344.43050599657,4677.460641018115,2091.1629300098866
86,0,0,8,16,0,4,0,41.186472051776946,44.8465469526127,54906.029430101626,18361.071245977655
34,0,0,4,6,0,4,2,128.05544794537127,123.06972499936819,1902.6289080502465,629.0776770329103
21,0,0,3,2,0,3,213,119.33238909114152,169.1292319446802,646.1866620229557,303.9881850127131
8,0,0,3,0,0,1,907,102.48782101552933,151.97004203218967,506.465440033935,251.20882294140756
29,0,0,2,4,0,3,2,62.67705396749079,74.64922999497503,704.7959089977667,265.2851860038936
36,0,0,5,3,0,3,0,95.33297503367066,110.06660398561507,4315.1861421065405,2137.2342699905857
1,0,0,0,0,0,0,3830,11.220486951060593,13.22006806731224,64.9568400112912,63.9062310801819
24,0,0,2,3,0,2,14,66.86340493615717,87.00992004014552,640.4328780481592,274.70307098701596
34,0,0,4,5,0,3,4,85.49386006779969,95.03194410353899,1998.8122039940208,531.8248349940404
38,0,0,1,5,0,3,1,42.43896109983325,40.00133299268782,214.36247508972883,74.18714300729334
41,0,0,2,8,0,4,1,239.1832689754665,194.59565600845963,598.1677930103615,151.6517970012501
19,0,0,2,3,0,4,6,28.72965601272881,40.13275995384902,309.3221690505743,136.70925598125905
33,0,0,2,3,0,2,1,68.41130496468395,84.0944800293073,735.5912619968876,293.51092607248574
25,0,0,1,1,0,1,0,57.32199305202812,83.15168204717338,320.16392797231674,148.72340497095138
31,0,0,3,6,0,3,1,111.26893991604447,146.207119920291,732.5462750159204,276.85810008551925
35,0,0,4,3,0,2,1,78.15921201836318,90.23953892756253,2652.7405800297856,990.1079279370606
28,0,0,2,5,0,3,16,456.07404003385454,358.6407849797979,321.49934803601354,72.5253140553832
29,0,0,2,6,0,3,2,80.70038701407611,92.79072901699692,792.4873629817739,289.1960380366072
11,0,0,0,3,0,3,62,29.3817650526762,40.818220004439354,79.67427198309451,65.58121298439801
28,0,0,2,5,0,4,45,77.46634597424418,89.9751870892942,597.6654789410532,253.49388597533107
38,0,0,1,4,0,2,1,68.64362908527255,84.03801103122532,351.8259930424392,134.32805694174021
25,0,0,2,3,0,3,0,80.92901005875319,85.24875610601157,692.4891120288521,268.7255870550871
50,0,0,1,4,0,3,1,63.56515199877322,79.53499001450837,395.19787102472037,145.50421899184585
15,0,0,1,1,0,2,58,38.79524802323431,44.69604603946209,186.28854304552078,149.58542201202363
24,0,0,5,2,0,3,16,76.20679901447147,100.01670999918133,4260.948465904221,1836.6892740596086
2,0,0,1,0,0,1,3830,11.12423196900636,13.675204012542963,68.82530706934631,65.25943498127162
33,0,0,2,5,0,3,1,66.89487001858652,82.23676704801619,788.9373139478266,297.5336810341105
32,0,0,4,4,0,3,0,52.48059600125998,76.76255598198622,2650.541357928887,1096.411032951437
16,0,0,0,2,0,3,137,65.76633907388896,83.70571897830814,170.09139596484601,80.25001594796777
86,0,0,8,16,0,4,1,79.8944520065561,88.67630001623183,58438.407148001716,17121.635250048712
36,0,0,4,4,0,3,1,121.93274206947535,116.26472498755902,2930.9176730457693,1117.4263349967077
34,0,0,1,6,0,3,1,65.58606098406017,79.66256700456142,191.63011002819985,72.25684903096408
32,0,0,4,4,0,4,4,113.48292604088783,127.13687599170953,2619.3732059327886,1065.2119419537485
43,0,0,11,7,0,4,1978,351.423476007767,551.1958539718762,60000.0,49439.7742979927
38,0,0,7,7,0,4,174,115.23023701738566,124.75199403706938,19714.98381299898,8091.971887042746
29,0,0,1,4,0,3,1,77.0385810174048,83.93270696979016,394.3055879790336,107.46177600231022
43,0,0,2,6,0,3,1,87.4662920832634,95.41130892466754,801.772425067611,284.1527130221948
54,0,0,1,8,0,3,1,26.920260046608746,37.19936206471175,205.59662801679224,68.10514291282743
33,0,0,3,3,0,3,4,64.24563401378691,84.02837393805385,1433.3125689299777,592.8554540732875
33,0,0,1,4,0,3,1,67.5117690116167,83.14104692544788,366.84279097244143,148.88543298002332
83,0,0,5,16,0,4,1,78.77210003789514,85.13630693778396,7970.148546970449,2336.471790098585
58,0,0,2,8,0,3,1,64.480931032449,79.52860894147307,431.10170401632786,144.3926360225305
18,0,0,3,2,0,4,557,135.43740299064666,172.60120098944753,566.533631994389,284.80219293851405
34,0,0,4,4,0,3,6,72.25909794215113,88.22363207582384,2551.179831963964,1132.4769799830392
35,0,0,2,4,0,3,1,58.34963999222964,80.2602251060307,724.7133599594235,299.83595898374915
88,0,0,10,16,0,4,1,48.48226404283196,52.677041036076844,60000.0,36001.255086041056
74,0,0,1,11,0,3,1,64.50619199313223,79.81754303909838,489.0345869353041,142.80368108302355
35,0,0,1,4,0,3,1,55.10789796244353,76.98164193425328,343.3528139721602,137.89911102503538
60,0,0,4,12,0,4,2,131.5921210916713,163.90260693151504,968.0377420736477,292.4813349964097
31,0,0,7,2,0,3,3,70.15470799524337,86.86785690952092,9481.9206870161,4264.697739039548
54,0,0,1,6,0,3,1,57.87259398493916,81.03219396434724,409.31789902970195,151.31173399277031
33,0,0,2,6,0,3,1,62.34601908363402,82.2060980135575,751.4565099263564,301.7677089665085
37,0,0,6,3,0,2,1,67.04830098897219,82.81277399510145,5346.70264495071,2278.8580249762163
31,0,0,2,4,0,3,1,59.05037000775337,80.31397894956172,698.4390430152416,296.5134090045467
26,0,0,1,4,0,3,1,33.62930205184966,40.27222201693803,175.4416029434651,70.39350899867713
37,0,0,1,7,0,3,1,55.55222008842975,76.7781479516998,372.8836119407788,120.02857204061002
34,0,0,1,3,0,2,1,65.40519802365452,86.50809701066464,356.57659790012985,143.49017501808703
19,0,0,3,2,0,3,44,129.48751100338995,171.11863498575985,625.7019609911367,288.5591270169243
16,0,0,1,1,0,2,83,71.5273100649938,91.58805501647294,320.88812603615224,152.74552104528993
32,0,0,3,5,0,3,1,66.54796504881233,87.29794097598642,1182.6006399933249,561.7059159558266
40,0,0,2,6,0,4,1,35.85057589225471,45.29504501260817,802.8920730575919,345.5064140725881
33,0,0,3,5,0,3,15,42.834397056140006,46.25146195758134,978.1206819461659,483.49283693823963
29,0,0,2,3,0,4,6,110.67446495871991,160.1523730205372,339.83713400084525,146.76271297503263
20,0,0,1,4,0,3,3,124.64320403523743,80.58322104625404,400.920563028194,148.214461049065
47,0,0,5,6,0,3,1,70.21475303918123,52.3415079806,3972.2181409597397,2343.74724898953
29,0,0,4,5,0,4,0,153.97380001377314,235.00326403882354,1217.323665972799,514.8821839829907
11,0,0,2,3,0,4,3830,10.726901004090905,12.9794639069587,200.68291097413749,151.06695995200425
55,0,0,1,8,0,4,1,77.72746100090444,84.71459697466344,452.79418502468616,145.78217000234872
11,0,0,3,1,0,2,1383,140.1184709975496,206.00928901694715,526.0381710249931,309.067977941595
42,0,0,1,8,0,4,1,68.75911098904908,85.22342704236507,404.25019699614495,147.37108605913818
85,0,0,7,16,0,4,1,80.92847699299455,91.17710893042386,30842.527910950594,9123.167582903989
29,0,0,5,2,0,3,4,71.31133892107755,90.19091492518783,4457.727016066201,1628.8174260407686
4,0,0,1,0,0,1,907,47.066000988706946,68.06589500047266,238.20062598679215,124.41192497499287
38,0,0,7,7,0,4,0,221.72755491919816,247.84850690048188,4874.400416039862,1894.397406023927
71,0,0,4,13,0,4,1,89.34711199253798,95.19315289799124,3845.101280952804,1039.5554510178044
15,0,0,3,2,0,3,573,94.9728520354256,140.06810495629907,970.1997030060738,595.5917269457132
35,0,0,1,6,0,3,0,54.120906977914274,78.01624306011945,259.0980059467256,63.36523103527725
61,0,0,1,9,0,3,1,77.11566996295005,81.73114096280187,483.15980995539576,150.45996196568012
13,0,0,2,2,0,4,2370,64.63619298301637,72.25240406114608,409.0812960639596,228.5170640097931
23,0,0,5,3,0,4,102,69.42464003805071,82.32994400896132,1231.180934002623,544.4314950145781
29,0,0,3,5,0,3,1,79.26459901500493,92.41757309064269,1292.9347669705749,549.4000839535147
21,0,0,5,0,0,1,0,64.92787902243435,95.7230250351131,4571.482570958324,2205.247649922967
32,0,0,3,5,0,4,1,35.14987707603723,44.49354100506753,688.4553249692544,492.399571929127
30,0,0,1,5,0,3,1,69.41511994227767,40.671969996765256,261.1347259953618,150.90173203498125
28,0,0,2,2,0,2,3,58.74417000450194,82.03543804120272,672.1767260460183,297.2124289954081
82,0,0,4,16,0,4,1,80.62970696482807,87.51729503273964,4109.0025920420885,1156.594897969626
36,0,0,2,6,0,4,4,29.82245502062142,40.907362941652536,358.22126793209463,194.5771099999547
12,0,0,3,1,0,2,0,120.39733806159347,181.69206497259438,617.5488450098783,326.61654299590737
47,0,0,1,6,0,3,1,65.9621839877218,80.86695894598961,405.84526292514056,142.11563300341368
33,0,0,1,6,0,3,1,107.2569479001686,157.09535707719624,217.69176702946424,73.32869409583509
26,0,0,4,2,0,3,3,67.98202695790678,84.66562605462968,2455.4786080261692,1108.2181149395183
32,0,0,2,6,0,4,10,114.13879692554474,155.37443000357598,404.20639305375516,159.97115802019835
31,0,0,2,5,0,3,0,68.40147892944515,72.97734403982759,833.0742719117552,263.13644205220044
33,0,0,2,5,0,4,0,69.22062707599252,84.96328303590417,788.6804100126028,290.77159706503153
28,0,0,2,3,0,2,1,70.00107003841549,91.43431799020618,699.7496240073815,267.12492702063173
39,0,0,3,4,0,4,1,70.4019790282473,85.01596201676875,1535.4835799662396,586.6296570748091
17,0,0,3,2,0,2,63,110.99526099860668,88.67433306295425,1581.018741009757,381.0821999795735
7,0,0,2,0,0,1,0,67.82007205765694,102.5373840238899,590.9882680280134,312.02141602989286
9,0,0,0,0,0,0,3,26.755022001452744,47.34086396638304,140.2594189858064,69.65107005089521
11,0,0,1,1,0,1,11,74.84017289243639,112.7547329524532,334.98634910210967,179.426308022812
38,0,0,2,6,0,4,1,36.13907692488283,41.29225492943078,393.7078210292384,210.36011795513332
8,0,0,2,0,0,1,939,92.27810706943274,136.07625290751457,240.89742603246123,132.27174896746874
74,0,0,1,10,0,3,1,64.10647206939757,82.26403093431145,490.67272094544023,149.0233939839527
27,0,0,2,5,0,4,23,43.7943609431386,41.212082956917584,657.9470629803836,304.7267970396206
35,0,0,3,7,0,4,16,150.07426706142724,125.71503000799567,2053.810997051187,604.2464970378205
28,0,0,2,6,0,3,2,72.0215430483222,86.2370899412781,750.306612928398,281.83679503854364
30,0,0,2,4,0,4,1,81.11389901023358,89.98336596414447,697.8662869660184,288.4621290722862
15,0,0,1,1,0,1,85,33.12335698865354,40.607389993965626,155.6729539297521,134.29631106555462
43,0,0,1,9,0,3,1,69.89601394161582,82.96689309645444,431.2508039874956,141.97707793209702
27,0,0,1,5,0,3,4,67.47823592741042,79.27188102621585,362.38451208919287,140.9659649943933
31,0,0,7,2,0,3,4,71.24396902509034,89.7894490044564,9576.210162020288,4296.867811004631
37,0,0,5,7,0,4,54,134.26888803951442,172.00970405247062,2866.4019380230457,1108.2342410227284
37,0,0,1,6,0,3,1,59.66957600321621,81.08249993529171,382.96554202679545,149.1193639812991
24,0,0,6,3,0,4,2320,359.93740207049996,422.2755969967693,3819.516967050731,1705.9981341008097
13,0,0,2,2,0,2,63,196.60293799825013,172.8189829736948,342.3912029247731,162.08570695016533
32,0,0,1,5,0,4,0,50.480174948461354,71.73585204873234,331.20379294268787,129.1750599630177
24,0,0,3,3,0,3,29,64.75050596054643,79.5523050474003,1371.2896279757842,548.4161099884659
24,0,0,2,4,0,3,3,118.00768005196005,103.17717702127993,735.3572719730437,294.9467849684879
32,0,0,4,6,0,3,1,121.72903399914503,163.21210202295333,377.6894829934463,142.66296999994665
36,0,0,4,4,0,4,1,92.39343006629497,98.26857701409608,2525.942387059331,1106.358746998012
33,0,0,3,5,0,4,2,119.09166898112744,98.37864001747221,599.3171191075817,145.75021609198302
84,0,0,6,16,0,4,1,83.33292498718947,58.6488590342924,7370.0687600066885,2232.9907949315384
32,0,0,5,4,0,3,95,119.62126102298498,172.81828704290092,2436.582460999489,1233.462509000674
5,0,0,1,0,0,1,0,46.993782045319676,67.87300808355212,253.98835400119424,122.78172094374895
33,0,0,5,6,0,4,2,134.41163208335638,192.71373597439378,711.8445229716599,279.72105296794325
22,0,0,4,3,0,3,236,42.65957802999765,50.02853902988136,2244.420291041024,1028.4553950186819
35,0,0,1,6,0,4,0,49.84229092951864,72.24563404452056,290.0215840199962,64.35117800720036
7,0,0,1,1,0,1,650,59.759520925581455,80.3301379783079,249.16579201817513,128.67128907237202
21,0,0,1,3,0,3,14,33.60867197625339,40.179411065764725,294.238714966923,148.66094302851707
32,0,0,4,6,0,3,1,119.33742195833474,164.77510798722506,760.6793119339272,281.7594630178064
23,0,0,1,2,0,2,2,61.360556981526315,85.10263497009873,338.5354559868574,151.5395570313558
35,0,0,5,5,0,3,5,86.98467491194606,96.95233195088804,5908.303954056464,1970.4099709633738
8,0,0,3,1,0,2,3830,9.679512004368007,12.120001018047333,187.6220890553668,122.52077704761177
34,0,0,4,5,0,3,2,49.07787102274597,53.77177498303354,2247.328663012013,966.0134700825438
33,0,0,1,4,0,3,1,61.24891201034188,84.55275697633624,367.13028501253575,150.53669596090913
8,0,0,2,0,0,1,939,59.13276004139334,67.74605193641037,232.99326503183693,133.90193902887404
38,0,0,7,3,0,2,2,316.7730189161375,444.42488404456526,10760.108483955264,4087.501108995639
24,0,0,2,2,0,3,1,66.70489301905036,83.03575601894408,613.2041990058497,235.08503404445946
34,0,0,3,3,0,3,1,38.25875197071582,45.869100955314934,1296.588820987381,585.983261000365
7,0,0,0,0,0,0,1,52.11105395574123,75.13114402536303,137.85319007001817,69.99599793925881
18,0,0,3,3,0,4,15,57.51617706846446,82.28540606796741,1147.3041670396924,541.3392640184611
4,0,0,1,0,0,1,3830,20.964386989362538,27.938292012549937,117.88846598938107,93.80527993198484
44,0,0,2,9,0,4,1,107.76023601647466,155.9687410481274,387.79701804742217,140.17402904573828
40,0,0,9,3,0,2,2,86.33057097904384,114.92843192536384,41114.629821968265,16669.934922014363
24,0,0,3,5,0,4,2875,147.69911707844585,229.14246493019164,1994.3050729343668,651.6499760327861
12,0,0,1,2,0,2,1,65.37127704359591,82.19397102948278,114.62425300851464,37.83446399029344
60,0,0,4,12,0,4,2,67.72956205531955,84.16762191336602,1540.6025560805574,573.6877889139578
34,0,0,1,4,0,3,0,87.20162196550518,42.22177795600146,183.72655101120472,73.81354994140565
27,0,0,1,5,0,3,1,69.95357293635607,84.40107200294733,366.33049591910094,140.6559880124405
59,0,0,3,9,0,3,1,51.44170206040144,51.398935029283166,1570.9907209966332,551.79789790418
12,0,0,0,3,0,3,0,50.29219703283161,73.91582906711847,149.63891298975796,66.23881694395095
26,0,0,1,4,0,3,1,60.4950359556824,81.35389199014753,352.79732197523117,150.0719920732081
12,0,0,5,0,0,1,1522,98.03322399966419,140.63161297235638,1469.6266109822318,880.4713980061933
2,0,0,0,0,0,0,3830,16.148048103787005,20.51660802680999,70.4095879336819,69.03366092592478
31,0,0,1,4,0,3,1,119.3749459926039,159.68652593437582,184.5895010046661,73.02470004651695
33,0,0,1,5,0,3,1,54.766805027611554,76.33466401603073,352.6921180309728,139.58837592508644
19,0,0,0,4,0,3,201,88.15846603829414,95.23821505717933,204.31265293154866,93.63486000802368
48,0,0,4,10,0,4,50,98.1902910862118,112.40096704568714,3482.8086260240525,1213.619713904336
32,0,0,4,5,0,4,1,74.14716796483845,94.13242503069341,2484.651990002021,876.5465969918296
29,0,0,1,4,0,3,2,68.548324983567,85.57305193971843,329.39758093561977,148.86926906183362
84,0,0,6,16,0,4,1,80.4009479470551,88.03817490115762,7763.41205695644,2032.4101920705289
7,0,0,1,1,0,1,650,100.12944194022566,143.5397199820727,140.19299193751067,76.93344203289598
36,0,0,4,7,0,4,2,118.97124699316919,116.91499000880867,315.4834070010111,72.39589199889451
16,0,0,2,3,0,5,90,51.53480905573815,74.79887292720377,288.717002957128,187.3038540361449
14,0,0,3,1,0,2,3,88.23953801766038,122.76348902378231,1192.574277985841,577.4304689839482
84,0,0,6,16,0,4,0,43.36331400554627,47.62377601582557,14366.452727932483,4526.9334689946845
15,0,0,1,2,0,1,1,109.36394496820867,156.69709304347634,152.57599600590765,71.11837598495185
36,0,0,3,6,0,3,1,195.21644501946867,132.5262349564582,2239.9762680288404,626.0603200644255
52,0,0,3,10,0,4,1,154.58786697126925,140.537102939561,1847.5469279801473,645.2140220208094
60,0,0,6,11,0,4,1,143.83800502400845,100.26058997027576,18124.665464041755,3908.837261958979
30,0,0,3,3,0,3,3,84.8909579217434,96.90277895424515,1263.0666519980878,589.8740600096062
85,0,0,7,16,0,4,1,82.59027602616698,88.4965070290491,6527.757690986618,1871.7806560453027
9,0,0,1,1,0,1,207,132.83185905311257,197.34211498871446,157.91974496096373,72.63499300461262
22,0,0,1,2,0,2,1,77.38277700264007,107.71625302731991,387.8123250324279,199.91904706694186
56,0,0,2,8,0,3,1,80.31680202111602,95.53344605956227,835.2790270000696,271.5436479775235
26,0,0,1,4,0,3,1,67.46485398616642,79.14166897535324,188.1260700756684,75.33488504122943
41,0,0,2,7,0,4,1,83.7825060589239,90.14613390900195,504.00949094910175,220.99125594832003
24,0,0,4,2,0,2,4,46.13711405545473,65.63816394191235,2943.707365076989,1363.1045579677448
35,0,0,5,6,0,4,165,196.89731602557003,275.4084540065378,2189.387299004011,928.9337580557913
29,0,0,3,2,0,3,3,59.70545602031052,80.3033011034131,1313.9210590161383,589.1345250420272
3,0,0,0,0,0,0,2490,15.618485980667174,21.6231009690091,47.79372701887041,35.04326299298555
39,0,0,3,5,0,3,1,61.87216192483902,82.13304704986513,769.0450479276478,296.16256698500365
7,0,0,2,1,0,2,3830,18.398025073111057,19.967394997365773,89.46208097040653,62.19564797356725
53,0,0,2,9,0,4,1,55.8729839976877,78.46833195071667,409.29806290660053,140.95586398616433
9,0,0,3,1,0,2,2343,152.85666391719133,184.2940429924056,454.5996019151062,234.86411198973656
48,0,0,6,6,0,3,1,82.54758804105222,100.6165579892695,11873.174153035507,4330.866668955423
30,0,0,2,5,0,3,1,73.06892308406532,89.54255504067987,687.6434740843251,280.9415179071948
5,0,0,0,0,0,0,0,52.120679058134556,75.18384698778391,135.77580102719367,69.48132102843374
26,0,0,3,3,0,3,0,40.475400048308074,43.37868292350322,653.477952000685,267.0961250551045
18,0,0,3,2,0,4,0,47.82270302530378,69.05208295211196,1074.114945018664,481.7339159781113
36,0,0,4,7,0,4,2,121.59876397345215,161.19437501765788,757.2513859486207,282.63644501566887
3,0,0,1,0,0,1,3830,17.112920992076397,21.490450017154217,70.74152503628284,68.35398601833731
27,0,0,1,5,0,3,2,69.45691897999495,85.98956791684031,379.38584003131837,148.68336694780737
12,0,0,1,1,0,1,2,56.97351507842541,81.68435003608465,289.115377003327,138.0565030267462
15,0,0,6,0,0,1,1026,113.24267298914492,205.14139998704195,3851.74927697517,1863.045469042845
21,0,0,4,1,0,2,40,84.7137039527297,71.59903401043266,1237.77481704019,810.2025799453259
24,0,0,1,5,0,3,2,86.71379496809095,85.76610207092017,370.34861207939684,133.32751393318176
35,0,0,7,4,0,3,0,97.93554397765547,99.21577596105635,18540.43414501939,7805.471747997217
28,0,0,2,4,0,4,1,73.84091208223253,92.18152798712254,687.3179749818519,290.8435579156503
14,0,0,0,2,0,2,36,65.35543000791222,84.20140098314732,167.2210410470143,78.40926293283701
35,0,0,2,4,0,3,0,92.31676592025906,50.374370999634266,405.59412399306893,295.06878496613353
26,0,0,1,4,0,3,0,49.929135013371706,72.0467419596389,282.1478160331026,64.34902595356107
32,0,0,4,6,0,3,1,120.06203806959093,165.81720404792577,742.8999780677259,279.07843503635377
46,0,0,1,6,0,3,0,34.73350498825312,42.67606290522963,210.68328991532326,87.49816298950464
57,0,0,3,10,0,3,1,61.870818957686424,82.24117790814489,895.0865240767598,291.435428080149
30,0,0,2,4,0,4,1,79.7191170277074,85.84293501917273,702.5169970002025,287.90657001081854
23,0,0,1,4,0,3,1,53.10606805142015,76.20495103765279,286.49531304836273,67.54273595288396
16,0,0,1,1,0,2,40,121.17781804408878,161.50760697200894,168.86604495812207,78.81267799530178
21,0,0,2,3,0,3,61,68.04453302174807,81.53618103824556,652.5937600526959,252.71804293151945
8,0,0,2,0,0,1,939,54.03966503217816,69.67045599594712,295.6009970512241,230.00567103736103
33,0,0,3,4,0,3,11,67.1848589554429,82.47367094736546,1369.913932052441,590.3912070207298
31,0,0,2,5,0,3,1,73.23898805771023,162.26664395071566,355.49684904981405,141.7925680289045
39,0,0,1,7,0,3,1,66.43285905010998,79.1901369811967,395.25793702341616,143.39549897704273
42,0,0,2,5,0,3,1,39.086610078811646,42.978335986845195,547.7946989703923,141.57508104108274
1,0,0,0,0,0,0,3830,5.675846012309194,6.403511040844023,32.27141604293138,31.193115981295705
34,0,0,6,4,0,3,1,108.67982404306531,125.79683598596603,5742.9703790694475,2251.620854018256
33,0,0,3,3,0,3,5,76.09550398774445,87.06174697726965,1423.192624002695,596.3791840476915
30,0,0,2,6,0,3,10,78.0027189757675,90.02467500977218,738.8498849468306,281.4400880597532
20,0,0,3,3,0,4,98,228.39649894740433,248.21444402914494,292.37113904673606,135.87716105394065
24,0,0,1,5,0,4,1,88.4504069108516,146.14207902923226,358.79555402789265,150.22533305455
40,0,0,3,6,0,3,1,76.91313093528152,46.439070953056216,1444.8195529403165,547.1975799882784
33,0,0,5,4,0,3,1,96.12856793683022,95.0623230310157,5698.514144052751,2157.054575975053
24,0,0,1,4,0,3,1,67.18795199412853,83.30947300419211,205.715082003735,148.47752102650702
27,0,0,0,5,0,3,4,78.5225200233981,83.82480998989195,203.99622898548841,76.18618500418961
31,0,0,3,6,0,3,10,77.25935790222138,91.35823999531567,1449.306333088316,552.9950809432194
35,0,0,6,3,0,3,1,76.23374997638166,96.64093202445656,5014.790483983234,2106.0305539285764
92,0,0,2,4,0,3,1,69.84233506955206,80.81360906362534,478.90946501865983,151.16424404550344
29,0,0,4,5,0,4,10,139.86859598662704,109.5869290875271,1158.9779159985483,580.8254500152543
17,0,0,0,2,0,2,21,68.50673502776772,82.90465397294611,168.36661892011762,75.47351997345686
29,0,0,2,4,0,3,1,64.67570399399847,83.73728999868035,714.1773760085925,296.1351320846006
48,0,0,4,10,0,4,50,94.6422410197556,113.73448395170271,3091.822355054319,1170.3984671039507
40,0,0,3,6,0,3,1,131.1545929638669,170.69945007096976,842.9947870317847,293.1620569434017
32,0,0,1,6,0,3,0,52.96972091309726,77.44231598917395,380.66180096939206,142.51122903078794
34,0,0,4,5,0,4,0,325.67917997948825,317.6468430319801,2186.7563360137865,581.8262440152466
45,0,0,1,10,0,3,1,63.51575790904462,83.13430997077376,447.35613802913576,149.2259349906817
4,0,0,0,1,0,1,352,113.96330897696316,145.79000999219716,122.37812799867243,89.62245297152549
27,0,0,2,5,0,3,2,70.38140099029988,84.4088540179655,367.67483490984887,143.4070860268548
37,0,0,4,6,0,4,14,184.01828198693693,130.42194803711027,4136.607734952122,806.9863469572738
10,0,0,0,2,0,3,68,55.708372965455055,80.37919201888144,156.19012899696827,75.53695107344538
7,0,0,0,1,0,1,0,54.24724204931408,78.39727704413235,144.43082991056144,73.76500288955867
29,0,0,1,5,0,4,1,32.564223976805806,39.88799103535712,179.02202298864722,71.84271491132677
4,0,0,1,0,0,1,907,35.828603082336485,33.03911199327558,117.61561105959117,60.86995196528733
33,0,0,2,3,0,2,1,33.961653942242265,39.79298402555287,704.6235450543463,291.5880240034312
29,0,0,3,2,0,2,1,67.88859004154801,85.57487197685987,1362.5560400541872,584.7519849194214
25,0,0,6,2,0,3,37,97.55974099971354,128.71978303883225,8042.158312979154,3797.911864006892
30,0,0,3,6,0,3,4,83.83728994522244,106.52325500268489,1528.7437550723553,578.3611140213907
28,0,0,2,4,0,3,2,71.79881609044969,88.49218103569001,703.4488689387217,279.8171159811318
29,0,0,3,4,0,4,2,37.81751194037497,46.72184493392706,1345.0253499904647,285.349166020751
19,0,0,1,4,0,3,10,51.70663702301681,44.9809639248997,219.20784597750753,142.15302106458694
21,0,0,3,3,0,5,72,81.55914407689124,97.5307539338246,598.6327460268512,206.19505899958313
32,0,0,5,2,0,3,0,56.77372496575117,80.30702103860676,4627.923337044194,1817.663241061382
5,0,0,1,0,0,1,0,24.07960209529847,34.43050000350922,129.0979899931699,59.37749904114753
11,0,0,1,2,0,3,159,67.03183695208281,92.84801501780748,302.3967939661816,149.37454089522362
33,0,0,4,3,0,2,1,66.45139795728028,83.20138603448868,2646.818578010425,842.408369993791
35,0,0,3,7,0,3,0,101.68358602095395,152.39743003621697,707.6608570059761,256.4147029770538
8,0,0,2,1,0,1,1031,57.95749102253467,79.4950210256502,446.86439307406545,232.211820082739
31,0,0,1,6,0,4,1,67.03688902780414,80.82762802951038,360.95588305033743,139.77612205781043
23,0,0,1,4,0,4,41,79.18363099452108,88.76240788958967,348.9260700298473,146.62103005684912
38,0,0,3,7,0,3,1,42.582051013596356,46.75291106104851,1280.837059020996,539.3400778993964
37,0,0,1,8,0,3,1,79.90457094274461,87.52685494255275,439.0013769734651,145.93322796281427
37,0,0,5,7,0,4,0,145.65260300878435,183.56687400955707,2653.3385619986802,621.9891849905252
15,0,0,1,2,0,3,291,68.4198479866609,91.05903806630522,306.40392599161714,150.29976202640682
31,0,0,1,5,0,3,1,36.821037996560335,44.96937501244247,184.32884197682142,70.63606299925596
49,0,0,1,6,0,3,1,77.31730304658413,88.19940499961376,419.2383639747277,147.22002891357988
10,0,0,0,2,0,1,63,63.47737298347056,43.27481403015554,98.43345906119794,38.801554939709604
18,0,0,0,2,0,3,77,66.7874530190602,82.23521104082465,174.0868609631434,79.14822699967772
29,0,0,1,6,0,3,1,59.97072998434305,79.56620398908854,97.21168095711619,73.16048804204911
3,0,0,0,0,0,0,2490,31.53310902416706,43.731527985073626,96.59891598857939,71.87945302575827
21,0,0,5,2,0,3,3830,44.7887220652774,48.94270596560091,3853.2822089036927,2209.1404349775985
30,0,0,0,5,0,3,0,124.5550139574334,40.83193000406027,158.36711192969233,39.45549705531448
23,0,0,2,2,0,3,1,67.3133370000869,83.78742006607354,610.2858800441027,269.35142697766423
36,0,0,2,4,0,3,1,55.644260020926595,76.9203359959647,706.2523739878088,275.7213260047138
33,0,0,4,3,0,2,1,65.59657503385097,83.09133804868907,2234.9978019483387,892.7380410023034
3,0,0,0,0,0,0,2490,31.286317971535027,44.50926301069558,97.00444201007485,71.73856603913009
34,0,0,5,3,0,4,4,68.91860300675035,83.8643639581278,5277.841720031574,2311.6104679647833
3,0,0,1,0,0,1,1951,40.914952056482434,56.31870392244309,199.8738480033353,109.79582904838026
6,0,0,0,1,0,1,325,75.32397005707026,106.62539396435022,170.54967500735074,104.85160304233432
32,0,0,4,5,0,3,1,46.67551105376333,52.25689499638975,1787.2434959281236,1094.5697510614991
15,0,0,5,2,0,3,1951,207.31731597334146,156.24880592804402,930.1635640440509,406.7126320442185
22,0,0,5,4,0,4,2320,67.07564601674676,82.5071029830724,4466.773389955051,2236.3963740644976
14,0,0,0,4,0,3,50,83.01473304163665,98.60309294890612,193.4834570856765,93.64382189232856
17,0,0,1,3,0,3,12,90.30357410665601,108.860146952793,385.9929370228201,176.89619201701134
31,0,0,3,5,0,3,1,89.60507099982351,100.69090302567929,1391.3721169810742,558.5838060360402
41,0,0,1,5,0,3,1,76.97570999152958,87.65747002325952,421.832038089633,148.14316807314754
85,0,0,7,16,0,4,1,83.40471901465207,94.21040199231356,12385.286286007613,4267.510817036964
7,0,0,1,1,0,1,650,59.59083396010101,79.61897400673479,243.22392896283418,128.65142396185547
34,0,0,6,4,0,3,1,102.90711501147598,103.71875192504376,10905.14627599623,3966.6199549101293
46,0,0,4,6,0,4,1,110.42933294083923,162.4398169806227,1265.3375590452924,340.4613280436024
62,0,0,2,9,0,3,1,81.83513395488262,85.9697189880535,894.1560540115461,272.2828920232132
8,0,0,3,0,0,1,907,101.02707508485764,148.89321208465844,497.99636797979474,249.50396304484457
27,0,0,1,5,0,4,65,81.01291302591562,92.95398299582303,388.04123492445797,150.84091993048787
33,0,0,2,5,0,4,0,70.06029889453202,82.631989964284,373.0446480913088,150.23263602051884
7,0,0,1,1,0,1,0,48.74484706670046,69.05966205522418,255.680447909981,121.88811006490141
36,0,0,1,7,0,3,1,67.2767999349162,87.38690102472901,391.35192707180977,143.93110002856702
37,0,0,1,3,0,3,1,56.61157704889774,81.54066791757941,363.2181850261986,151.6843339195475
39,0,0,3,6,0,3,1,70.1038819970563,83.3120740717277,1581.2161249341443,557.8462809789926
3,0,0,1,0,0,1,3830,16.8460700660944,21.864849026314914,70.1388189336285,70.25337393861264
22,0,0,2,4,0,4,64,199.4447089964524,186.38420500792563,327.74859305936843,137.2481769649312
25,0,0,0,4,0,3,0,74.30936791934073,83.82147492375225,202.7577880071476,77.89369800593704
8,0,0,3,0,0,1,907,96.62396600469947,143.07865302544087,499.2469440912828,254.0697909425944
39,0,0,3,5,0,3,1,62.33797897584736,80.7650729548186,767.9025160614401,292.9476690478623
28,0,0,1,4,0,3,6,62.86399299278855,86.08213299885392,352.6100410381332,140.44214400928468
26,0,0,2,4,0,3,1,115.14291795901954,165.22572690155357,340.23909107781947,145.39759198669344
36,0,0,1,6,0,3,1,76.52569003403187,85.18313197419047,396.65836305357516,112.89071699138731
39,0,0,1,6,0,3,1,57.06948391161859,80.60140698216856,385.59490989428014,152.62555005028844
24,0,0,2,6,0,4,7,179.2386609595269,79.48088995181024,1039.4759180489928,281.74933802802116
49,0,0,0,8,0,3,0,66.29522400908172,79.00698902085423,128.11192497611046,37.33695298433304
20,0,0,5,3,0,5,365,103.93979796208441,155.53624997846782,1676.0934160556644,801.4446839224547
15,0,0,1,3,0,3,74,77.74290908128023,110.29460304416716,365.40427792351693,147.20455300994217
14,0,0,3,2,0,4,2320,187.73932801559567,184.7299919463694,363.7281800620258,178.61618800088763
38,0,0,2,3,0,3,1,29.931094963103533,40.48762295860797,360.27557507622987,300.70541391614825
25,0,0,3,5,0,3,25,188.42281098477542,123.67734906729311,2352.5443070102483,597.1844620071352
20,0,0,4,4,0,4,1684,33.242929028347135,41.2686700001359,1195.4918440897018,667.1560970135033
37,0,0,3,4,0,3,1,35.79410701058805,53.18975599948317,1494.9697570409626,354.75304198917
4,0,0,1,0,0,1,907,94.12937390152365,139.15697403717786,128.05240298621356,68.23787104804069
87,0,0,9,16,0,4,0,80.69939096458256,88.74470903538167,60000.0,33582.26316201035
33,0,0,3,4,0,3,1,64.30229695979506,85.61228797771037,1373.5051370458677,582.7253249008209
37,0,0,6,3,0,3,0,95.56886798236519,112.19486000481993,10174.979856936261,4116.191750974394
23,0,0,4,3,0,3,87,122.84788291435689,167.15787700377405,1272.2359959734604,554.4407350244
18,0,0,3,3,0,4,176,55.88793603237718,80.79394791275263,1130.8771889889613,528.1827659346163
32,0,0,1,6,0,3,2,79.4081250205636,91.6196609614417,410.88679200038314,148.3405929757282
24,0,0,1,4,0,3,1,77.29310996364802,86.99747698847204,191.78133795503527,74.20374406501651
40,0,0,3,6,0,4,1,63.25842998921871,83.13303999602795,771.7284059617668,293.59547793865204
21,0,0,1,2,0,2,3,62.376818037591875,83.16700905561447,336.6683869389817,148.9516959991306
36,0,0,4,7,0,4,0,113.59340092167258,158.20522990543395,749.4769400218502,277.6359310373664
25,0,0,3,4,0,4,368,77.22872798331082,97.63046889565885,1294.6556170936674,550.8708780398592
25,0,0,3,4,0,4,6,70.13596803881228,81.97497390210629,357.10045509040356,142.90192699991167
33,0,0,2,3,0,2,1,68.58817301690578,84.304049029015,441.13496597856283,141.84489101171494
2,0,0,0,0,0,0,3830,8.204502053558826,10.02948998939246,35.56170407682657,34.08249490894377
33,0,0,4,5,0,4,1,68.37499793618917,88.63800903782248,2496.2972829816863,1113.8440390350297
33,0,0,3,6,0,3,1,60.033034067600965,158.0618480220437,690.4724149499089,274.0186370210722
31,0,0,2,5,0,3,2,68.03374504670501,83.68026104290038,705.6379780406132,278.37916603311896
29,0,0,1,4,0,3,1,120.61271595302969,164.39351497683674,164.16834003757685,74.81519994325936
31,0,0,6,5,0,4,3,162.24483295809478,259.46901901625097,4548.781311023049,2068.6994229909033
6,0,0,2,1,0,2,3830,14.399753068573773,18.460375955328345,172.27230104617774,119.89044107031077
28,0,0,2,6,0,3,1,72.91306904517114,84.36604391317815,535.3490000125021,179.84418396372348
43,0,0,1,3,0,3,1,59.366284986026585,86.95723104756325,360.74238910805434,144.84908909071237
57,0,0,1,6,0,3,1,63.71015100739896,80.18530206754804,426.6894740285352,148.8825639244169
49,0,0,1,7,0,3,1,63.21540393400937,78.50745203904808,416.1667689913884,144.35325900558382
31,0,0,1,4,0,3,1,73.06023396085948,86.91184490453452,355.5266100447625,140.8864150289446
19,0,0,0,2,0,1,1,55.12344802264124,75.76961000449955,154.55343900248408,70.73719392064959
84,0,0,2,8,0,3,1,63.59131704084575,78.145987004973,936.0536109888926,284.22121598850936
23,0,0,2,3,0,3,13,66.02265301626176,90.46193899121135,669.9590800562873,305.4225060623139
35,0,0,2,5,0,3,1,66.62612303625792,81.0297119896859,730.121876928024,283.610159996897
35,0,0,2,5,0,3,1,119.23197691794485,160.56691098492593,311.42761500086635,140.73205401655287
30,0,0,1,6,0,3,4,69.24284005071968,83.09841598384082,387.3405649792403,141.9844590127468
25,0,0,5,3,0,3,31,69.91564889904112,92.9693259531632,3783.3992230007425,1673.8588400185108
23,0,0,4,2,0,3,0,73.23164003901184,91.37608006130904,2313.9088649768382,1058.092799037695
21,0,0,5,2,0,3,3830,44.35180698055774,48.88896201737225,4491.19446403347,2208.1319380085915
5,0,0,1,0,0,1,1684,49.67330489307642,71.58102001994848,203.9217361016199,137.14270200580359
83,0,0,5,16,0,4,1,134.1350229922682,88.456243975088,2133.896625950001,772.1240459941328
63,0,0,3,3,0,3,1,56.127346004359424,80.56907507125288,1591.178757022135,594.8293480323628
21,0,0,1,3,0,3,2,59.554188046604395,83.55708711314946,340.294148074463,151.20812004897743
29,0,0,5,2,0,3,2,67.6718819886446,85.3267649654299,4134.137416956946,2092.1712609706447
29,0,0,3,5,0,4,1,92.53259107936174,102.15133498422801,1416.4200730156153,578.3038040390238
30,0,0,2,4,0,3,1,71.49995199870318,89.64004495646805,486.2836239626631,273.7553030019626
44,0,0,5,8,0,4,5,97.53903304226696,108.85083395987749,6040.404062019661,2078.690950991586
86,0,0,8,16,0,4,1,132.4785560136661,170.69535609334707,29802.945589995943,8765.06707596127
10,0,0,0,1,0,1,238,75.32936194911599,110.41573795955628,181.02153693325818,111.08667100779712
21,0,0,1,5,0,3,529,176.26796197146177,128.32596898078918,407.68212103284895,98.43353903852403
56,0,0,2,3,0,3,1,68.63154994789511,99.32113601826131,886.8416580371559,377.6853500166908
11,0,0,2,1,0,1,287,64.31149109266698,84.48290498927236,525.728337932378,253.45002999529243
32,0,0,6,5,0,4,2,107.4866249691695,182.14095290750265,5018.727074959315,2187.2429630020633
35,0,0,2,4,0,3,1,31.463854014873505,54.32682193350047,702.1396800410002,284.36902503017336
6,0,0,2,0,0,1,2490,59.10172301810235,87.77232095599174,179.60052902344614,113.03270293865353
47,0,0,1,11,0,3,0,62.79515800997615,82.19585497863591,433.61994810402393,132.9136179992929
38,0,0,0,2,0,1,1,87.9581249319017,85.97804000601172,198.23081092908978,42.31861897278577
39,0,0,0,8,0,3,0,39.841266931034625,72.34489300753921,221.7557680560276,74.39288892783225
2,0,0,1,0,0,1,3830,11.267667985521257,13.532264973036945,123.89508506748825,61.40761589631438
38,0,0,3,7,0,4,3,84.3908729730174,99.03954993933439,1654.0223049232736,422.0586239825934
5,0,0,1,0,0,1,0,57.677300996147096,144.81766102835536,125.99980796221644,61.02234008722007
33,0,0,5,4,0,5,1,100.01144604757428,100.14928900636733,2294.1829240880907,1157.2936810553074
84,0,0,6,16,0,4,1,45.89041601866484,48.52340603247285,15803.29318693839,3829.4871610123664
29,0,0,4,5,0,4,71,133.53746302891523,178.20429999846965,1373.1625030050054,568.1176580255851
86,0,0,8,16,0,4,1,119.91372890770435,108.50069799926132,26785.103852977045,8475.053339963779
27,0,0,5,3,0,3,29,71.60499994643033,85.02633904572576,2558.588630054146,1039.8081289604306
62,0,0,2,10,0,3,1,34.93945801164955,42.39325399976224,492.93912400025874,146.87905402388424
58,0,0,1,6,0,3,1,64.32334298733622,79.75317898672074,429.2165650986135,143.57860304880887
25,0,0,2,3,0,3,32,72.38335104193538,75.84051706362516,702.7657259022817,263.1125730695203
21,0,0,3,3,0,3,240,181.44026503432542,128.46897600684315,2127.112892922014,615.186545997858
18,0,0,4,3,0,4,365,26.996801025234163,37.12244995404035,1121.5097609674558,530.7058449834585
31,0,0,3,5,0,3,6,126.07665301766247,169.22094905748963,695.4727830598131,283.0458909738809
37,0,0,6,3,0,3,0,84.0284189907834,93.36607693694532,9344.228742993437,4321.199333062395
37,0,0,5,7,0,4,17,122.64084198977798,168.33693906664848,1825.3419829998165,678.4701450960711
31,0,0,2,5,0,3,1,73.31859006080776,100.17127403989434,714.4711499568075,268.95167701877654
38,0,0,2,5,0,4,1,72.29486794676632,94.20317295007408,701.0606719413772,285.22924706339836
25,0,0,1,4,0,3,1,85.38161194883287,91.47419000510126,241.99409200809896,72.2624349873513
20,0,0,1,3,0,4,1,80.80554404295981,87.8406559349969,344.05066003091633,152.3899040184915
34,0,0,0,7,0,3,0,40.502839954569936,44.76931202225387,170.5669709481299,74.70717304386199
34,0,0,1,7,0,3,1,71.67800597380847,116.4520219899714,302.03238304238766,138.43172299675643
61,0,0,0,7,0,3,1,56.99944600928575,77.92318391148001,212.38183393143117,71.69161003548652
37,0,0,5,7,0,4,3,122.61277704965323,162.26807597558945,1238.0870649358258,271.5297848917544
14,0,0,2,2,0,2,53,106.18563101161271,110.79441604670137,674.210877972655,324.3724999483675
49,0,0,7,6,0,3,1,82.77524006552994,82.93091703671962,23347.244919044897,9019.877742044628
24,0,0,6,3,0,3,479,43.04247396066785,60.46745798084885,7700.88288502302,3909.311490948312
48,0,0,2,11,0,3,1,61.97806401178241,82.09722291212529,851.0071800556034,290.50514101982117
28,0,0,5,4,0,4,319,407.3427349794656,596.1795460898429,1919.652423937805,646.2286929599941
15,0,0,3,2,0,3,1978,153.38920790236443,180.97364099230617,1135.6986210448667,477.8117440873757
30,0,0,3,4,0,3,3,66.13121693953872,79.90485697519034,1393.5383360367268,564.08735900186
27,0,0,1,5,0,3,1,66.21559197083116,81.72194508370012,370.37894094828516,142.40388001780957
29,0,0,3,5,0,3,2,129.9507439834997,133.5529190255329,804.352410021238,292.64509095810354
30,0,0,1,2,0,3,6,56.54315196443349,83.57031096238643,350.0723170582205,134.81935393065214
22,0,0,3,3,0,3,0,59.82433899771422,77.59244402404875,344.3529170472175,135.90942998416722
35,0,0,5,6,0,5,49,80.87352802976966,90.26367799378932,2828.7423140136525,1170.5357289174572
35,0,0,6,3,0,3,1,235.09088100399822,251.92111497744918,5024.881402030587,2112.2339540161192
85,0,0,7,16,0,4,1,86.74654201604426,95.52613203413785,14280.161647009663,4132.21995101776
27,0,0,3,4,0,3,4,121.60146899987012,180.05364295095205,598.118636989966,144.76531103719026
9,0,0,2,1,0,2,325,67.01906397938728,95.52055096719414,161.210210993886,102.7303960872814
32,0,0,2,6,0,4,10,230.55638605728745,198.80133995320648,334.6759610576555,79.01260897051543
28,0,0,4,2,0,3,2,34.649132983759046,55.9124139836058,2513.822309090756,848.4173909528181
39,0,0,1,3,0,3,1,76.31070702336729,113.01444307900965,416.39097093138844,187.4020550167188
57,0,0,3,8,0,3,1,57.343509048223495,90.96970991231501,1760.4533849516883,504.7332299873233
38,0,0,1,3,0,3,1,60.12754305265844,80.4296099813655,351.07117099687457,164.21855497173965
26,0,0,1,5,0,3,1,33.95712992642075,58.62544302362949,311.3132528960705,144.07874399330467
32,0,0,2,4,0,3,1,32.82957407645881,39.30231207050383,593.9499080413952,321.3318850612268
73,0,0,6,13,0,4,1,85.47687192913145,95.96707997843623,12448.865877930075,4570.753940031864
13,0,0,2,2,0,3,573,85.31031908933073,122.06302396953106,658.5004080552608,302.58172506000847
3,0,0,1,0,0,1,3830,16.76421193405986,21.270863944664598,69.25592396873981,67.79531098436564
84,0,0,6,16,0,4,1,90.49779805354774,97.7160990005359,14634.655581903644,4488.171780947596
32,0,0,3,5,0,3,0,62.892613001167774,72.45692098513246,1548.554767970927,519.3207029951736
63,0,0,2,9,0,3,1,57.16598592698574,82.16536603868008,917.2619410092011,298.7854729872197
44,0,0,1,6,0,3,1,55.96567899920046,77.09321600850672,387.6023889752105,141.21842000167817
25,0,0,4,1,0,3,0,56.260351091623306,80.84265899378806,2311.766811995767,1051.362541038543
29,0,0,3,3,0,3,1,80.55120497010648,85.97521902993321,1320.7464900333434,455.16419608611614
39,0,0,8,3,0,2,4,41.483846958726645,52.13988898321986,41584.822522010654,15654.202257981524
33,0,0,5,6,0,3,1,130.55755896493793,171.69485392514616,2864.631142001599,1099.1716400021687
30,0,0,3,3,0,4,6,161.44010494463146,249.25373902078718,661.568611045368,248.97123593837023
33,0,0,0,6,0,3,1,33.54767698328942,39.28117407485843,98.41721900738776,36.15564096253365
65,0,0,5,10,0,4,1,128.58825596049428,173.00149705260992,2853.3025899669155,838.9059769688174
18,0,0,1,3,0,3,87,34.120758064091206,40.70816398598254,165.84888799116015,160.7199109857902
34,0,0,3,3,0,2,1,69.01952996850014,80.79723303671926,1458.579981001094,580.7388559915125
33,0,0,5,5,0,4,1,108.22278901468962,116.60895892418921,2507.8823149669915,1037.2700520092621
34,0,0,4,7,0,4,214,117.14202410075814,99.2223999928683,1360.4760899906978,453.4157810267061
6,0,0,2,0,0,1,2490,59.54634502995759,86.40562603250146,178.08533390052617,112.40833590272814
42,0,0,2,6,0,4,1,29.886299977079034,39.3593650078401,198.70450103189796,73.7766589736566
36,0,0,2,6,0,3,0,57.004728936590254,82.66141102649271,683.3815899444744,250.01136807259172
4,0,0,0,1,0,1,442,113.2458649808541,147.80318993143737,122.54585395567119,83.72904197312891
64,0,0,1,11,0,3,0,35.60764202848077,43.66214002948254,480.95481202472,139.4987798994407
36,0,0,5,3,0,3,0,43.056258000433445,46.86681099701673,4308.239309932105,2239.3141500651836
33,0,0,4,3,0,3,1,35.977625055238605,43.53968892246485,2240.0048460112885,972.0557489199564
52,0,0,2,6,0,3,1,59.1345849679783,81.98358304798603,806.167479022406,296.72222095541656
37,0,0,2,7,0,3,1,68.1674430379644,88.12268602196127,392.6585600711405,144.31451889686286
7,0,0,2,1,0,2,3830,36.84140008408576,43.81103999912739,178.6136149894446,126.39792903792113
24,0,0,5,3,0,4,3062,259.18592407833785,316.0119829699397,1724.5738480705768,432.67457804176956
28,0,0,5,4,0,4,319,452.24460505414754,505.39720396045595,1788.226000033319,679.8651010030881
5,0,0,0,1,0,1,1031,34.452512045390904,35.15774698462337,65.42529701255262,38.981172954663634
8,0,0,1,1,0,2,0,53.37813694495708,79.09730996470898,284.2131130164489,141.71257195994258
24,0,0,6,3,0,3,479,85.49739501904696,122.02415603678674,8685.31070498284,3709.3199769733474
10,0,0,1,1,0,2,670,56.72399199102074,79.17092903517187,297.37420508172363,177.8059679782018
39,0,0,8,3,0,3,1,85.28050105087459,101.92931594792753,38585.96058108378,17412.58803009987
83,0,0,5,16,0,4,1,82.30328606441617,89.38382402993739,3747.179375961423,1124.3660830659792
18,0,0,3,2,0,4,829,87.35885401256382,63.48580808844417,844.786707079038,523.3737129019573
13,0,0,2,2,0,4,541,264.2485050018877,133.14568100031465,337.8171669319272,166.35130206122994
23,0,0,3,4,0,3,5,92.62205101549625,97.33228699769825,1548.3996400143951,628.3140060259029
21,0,0,2,3,0,3,87,66.74562499392778,82.87936099804938,681.5162529237568,283.9102130383253
35,0,0,3,7,0,4,0,103.85963506996632,152.33815496321768,672.6702880114317,254.08924196381122
8,0,0,0,2,0,1,157,90.21227702032775,93.84996606968343,171.93027399480343,98.29729492776096
43,0,0,2,5,0,3,1,38.785945042036474,40.42006202507764,427.16101789847016,283.5733479587361
24,0,0,3,4,0,3,3,91.62182698491961,104.88327196799219,1403.4264299552888,647.2252409439534
7,0,0,1,1,0,1,650,58.868576074019074,79.0503800380975,173.6584649188444,89.22472794074565
62,0,0,1,7,0,4,1,57.030601892620325,77.9359140433371,400.6365439854562,139.8042810615152
21,0,0,1,3,0,3,1,37.718852050602436,83.6039810674265,334.12761706858873,139.58170299883932
22,0,0,2,2,0,2,3,63.87387809809297,84.6701159607619,658.597013913095,290.6897059874609
34,0,0,2,6,0,3,1,109.11354096606374,156.58563398756087,368.2772449683398,139.10101691726595
33,0,0,4,4,0,4,0,67.2689889324829,80.28411993291229,2473.5358180478215,1116.9919479871169
6,0,0,2,0,0,1,2320,43.96654502488673,62.56679294165224,328.8736450485885,203.7261010846123
5,0,0,1,0,0,1,1488,45.05414399318397,65.56186103262007,195.6078519579023,113.73421992175281
21,0,0,3,2,0,1,4,67.33557698316872,82.82063901424408,1289.8942100582644,573.2064460171387
37,0,0,2,6,0,3,1,62.55454395432025,82.1585749508813,781.2522950116545,293.26669790316373
29,0,0,2,6,0,4,1,70.97866502590477,41.46593599580228,379.2120710713789,140.35750192124397
29,0,0,2,5,0,3,1,182.20987601671368,249.70839801244438,374.2415390443057,138.89812002889812
25,0,0,1,3,0,3,4,58.07631905190647,81.47322898730636,340.2023889357224,150.59158101212233
28,0,0,3,5,0,4,11,231.8739789770916,257.4484390206635,600.6978260120377,131.25042500905693
23,0,0,1,2,0,2,1,55.770996026694775,77.12660904508084,321.0951980436221,138.8599299825728
6,0,0,3,1,0,3,3830,10.532935964874923,12.75638397783041,188.45758703537285,160.88458395097405
7,0,0,2,1,0,1,1315,172.1224170178175,245.50491489935666,222.6028279401362,125.50102197565138
35,0,0,7,4,0,3,58,49.40403997898102,50.190562033094466,20468.16625702195,8484.413272002712
37,0,0,5,7,0,3,3,232.68940194975585,250.91435899958014,2621.491487021558,662.2638100525364
85,0,0,7,16,0,4,1,134.01513907592744,166.5296859573573,14908.390989992768,4612.605766043998
34,0,0,4,6,0,4,49,92.79617900028825,101.6133630182594,2253.057762980461,1008.4170970367268
10,0,0,1,2,0,3,1101,118.8381789252162,177.71975498180836,370.6977650290355,213.04008597508073
15,0,0,0,3,0,3,8,29.84758501406759,37.75940404739231,79.50669899582863,35.51652398891747
24,0,0,3,4,0,4,11,75.33500099088997,94.97120510786772,1186.6453520487994,416.9747339328751
3,0,0,1,0,0,1,3830,21.839763969182968,30.177152017131448,69.66151809319854,69.01106901932508
12,0,0,0,1,0,2,123,34.50233396142721,45.329132000915706,83.90412107110023,42.24852996412665
6,0,0,0,1,0,1,640,60.8577209059149,77.09943200461566,63.226878992281854,44.65593001805246
20,0,0,3,3,0,2,8,127.72880704142153,170.13312398921698,648.0745109729469,287.31753397732973
33,0,0,4,6,0,4,0,154.28681101184338,214.00543698109686,1487.4744690023363,626.6220320248976
33,0,0,3,4,0,3,1,67.41582206450403,83.28396000433713,1200.999666005373,282.5162239605561
25,0,0,0,4,0,2,1,27.293346007354558,35.44050105847418,81.8402289878577,32.85797289572656
17,0,0,1,3,0,3,19,233.67683705873787,185.0706230616197,210.30107606202364,82.15495804324746
21,0,0,0,4,0,3,0,81.41668501775712,90.67808394320309,163.03599497769028,86.63322601933032
39,0,0,2,5,0,3,1,41.29383189138025,46.57493194099516,685.5133849894628,288.49114500917494
27,0,0,1,3,0,3,1,56.88296095468104,80.65002004150301,339.83862097375095,149.79283697903156
3,0,0,1,0,0,1,3062,33.812919980846345,47.363299992866814,140.33667498733848,100.90828605461866
38,0,0,8,5,0,4,165,325.74997702613473,263.78152589313686,25061.232735053636,7067.76985200122
83,0,0,5,16,0,4,1,132.86595197860152,166.34317697025836,4010.903273941949,1134.1968519845977
35,0,0,5,5,0,4,0,254.08973509911448,333.161209942773,2962.802469963208,435.3777930373326
39,0,0,1,5,0,3,0,53.1436400488019,75.84411592688411,363.2730710087344,139.79404896963388
82,0,0,1,8,0,3,1,70.87519497144967,82.10313401650637,486.77266598679125,146.4617500314489
5,0,0,2,0,0,1,3830,28.292133938521147,39.61114399135113,118.68424795102328,95.04829591605812
42,0,0,3,8,0,3,1,87.82258001156151,90.91333404649049,1637.2168650850654,560.259941034019
38,0,0,2,5,0,4,1,62.92181997559965,86.21266600675881,630.1317500183359,291.0158470040187
34,0,0,2,4,0,3,1,71.28229597583413,87.91328594088554,696.9679370522499,279.27426202222705
13,0,0,0,3,0,3,4,72.5665659410879,101.80543700698763,183.26016003265977,98.90747896861285
13,0,0,2,2,0,3,760,173.27521299012005,161.37803299352527,294.25411601550877,87.33897493220866
39,0,0,6,6,0,5,25,187.31383699923754,130.89011097326875,13360.053497017361,3724.472376983613
14,0,0,2,2,0,3,1978,147.30532793328166,171.1556810187176,755.1158869173378,258.4963390836492
33,0,0,5,5,0,3,1,100.90716800186783,116.97793495841324,2625.950839021243,1056.4718230161816
34,0,0,5,3,0,3,1,37.83863200806081,44.024148024618626,4183.3680850686505,1695.705923018977
43,0,0,4,8,0,3,1,87.12300506886095,90.21632093936205,3222.1090219682083,1129.8698900500312
11,0,0,1,1,0,1,37,88.47235003486276,124.72603097558022,358.20658097509295,188.9323650393635
9,0,0,0,1,0,1,264,74.12913907319307,109.02040405198932,180.1177009474486,101.12291399855167
43,0,0,2,6,0,3,1,89.45128496270627,97.53283695317805,829.6039620181546,287.93494298588485
27,0,0,4,3,0,3,48,78.34373798687011,85.30738204717636,2819.9375089025125,1150.4614009754732
30,0,0,2,5,0,3,6,37.70156402606517,45.085552032105625,349.3109999690205,254.66616300400347
38,0,0,1,5,0,3,1,45.1576909981668,76.82245201431215,183.9038060279563,70.61155699193478
47,0,0,1,9,0,4,1,57.262658956460655,83.43327604234219,413.2297510514036,149.1427170112729
22,0,0,2,3,0,3,2,47.86950699053705,46.9130469718948,338.78082502633333,249.0248599788174
39,0,0,1,5,0,3,1,63.74250096268952,78.53212801273912,316.46847899537534,142.57982897106558
20,0,0,1,3,0,3,27,66.16588204633445,85.95586207229644,297.10129904560745,70.09797997307032
30,0,0,2,5,0,3,1,78.5115169128403,93.99857802782208,675.4142799181864,265.75883210171014
17,0,0,0,2,0,3,0,66.91433303058147,79.39478498883545,175.80167192500085,75.13154798652977
23,0,0,6,3,0,4,3062,289.0357469441369,398.99336406961083,5344.390704995021,2300.9479220490903
20,0,0,1,3,0,4,48,79.04347195290029,87.42690901271999,333.76274700276554,148.4521629754454
48,0,0,1,7,0,3,1,77.27815106045455,83.42201798222959,458.6033549858257,152.7793899876997
8,0,0,3,0,0,1,907,96.42429405357689,157.2883379412815,457.6711120316759,220.10334802325815
17,0,0,0,4,0,3,67,142.08089001476765,94.80918198823929,265.8697919687256,72.38309702370316
16,0,0,0,3,0,2,8,32.99205400981009,77.53347291145474,172.54648800008,75.0106800114736
24,0,0,6,3,0,4,335,94.39450304489583,120.51350099500269,8236.98472592514,3683.3279280690476
3,0,0,0,0,0,0,2490,31.779027078300714,44.37957797199488,97.11587498895824,72.03534501604736
32,0,0,1,6,0,3,1,63.3147720945999,78.46257090568542,377.8399720322341,142.98379002138972
37,0,0,5,7,0,4,3,122.31681903358549,162.08532091695815,1107.0073080481961,569.9071979615837
75,0,0,5,13,0,4,0,81.42726100049913,91.2269790424034,8122.084191069007,2229.799267021008
36,0,0,3,4,0,3,1,62.248759903013706,85.97115194424987,1405.1945339888334,561.8750270223245
20,0,0,1,3,0,2,1,59.28746797144413,77.00986100826412,93.43658096622676,73.21725599467754
5,0,0,0,0,0,0,939,45.93134089373052,67.30779493227601,126.83763692621142,74.59935895167291
1,0,0,0,0,0,0,2343,29.21326190698892,40.24547105655074,92.55345992278308,66.58682902343571
49,0,0,1,8,0,4,1,63.549050013534725,78.65601999219507,413.0037120776251,143.1192309828475
28,0,0,3,5,0,3,0,54.97092299629003,80.67827194463462,1304.5401730341837,524.1140100406483
12,0,0,3,1,0,1,0,215.07197699975222,336.5870799170807,620.6451070029289,319.62797697633505
32,0,0,2,6,0,4,3,80.00286400783807,87.6294239424169,382.2938959347084,143.7347080791369
27,0,0,2,4,0,4,1,59.13867196068168,79.71046795137227,353.2293749740347,148.8352130400017
8,0,0,0,2,0,1,79,121.01953895762563,84.75831593386829,187.54338298458606,77.53082795534283
13,0,0,1,2,0,1,53,97.67926298081875,110.42176990304142,359.4437730498612,166.9516230467707
16,0,0,3,2,0,3,1978,150.53247206378728,173.52695402223617,1516.343797906302,552.5365400826558
35,0,0,4,3,0,3,2,71.52118801604956,83.77300505526364,2312.6130580203608,840.9207579679787
32,0,0,0,6,0,3,0,69.5930439978838,81.8955780705437,202.14601093903184,70.9635280072689
34,0,0,1,6,0,3,1,66.69030501507223,83.64217600319535,373.4533879905939,140.92932199127972
26,0,0,2,4,0,3,1,113.87995793484151,166.94357804954052,344.6954239625484,143.4643849497661
35,0,0,6,3,0,3,0,67.16905301436782,83.95403099711984,8806.107833981514,4207.105910987593
12,0,0,1,3,0,4,907,49.259852967225015,68.57184693217278,276.47295605856925,138.19585496094078
37,0,0,2,6,0,3,1,62.7168701030314,82.04907702747732,784.3410730129108,292.8445510333404
21,0,0,2,3,0,4,2,83.7588730501011,99.59441795945168,674.6089870575815,300.63544295262545
15,0,0,1,2,0,3,44,76.78411097731441,66.38955196831375,230.7143999496475,167.66784200444818
36,0,0,7,4,0,3,26,68.13617295119911,86.10452397260815,10355.803165002726,4204.420658992603
13,0,0,3,1,0,1,312,97.58598904591054,149.6729119680822,1252.3596419487149,684.5585861010477
38,0,0,7,3,0,3,0,82.85308803897351,94.18894501868635,20111.83054698631,8008.811631938443
23,0,0,4,3,0,3,147,176.33255699183792,102.5537489913404,1485.8426708960906,623.9732379326597
46,0,0,1,10,0,3,1,71.36613596230745,86.70241001527756,421.1939650122076,134.31601494085044
19,0,0,2,4,0,4,573,44.215030036866665,62.27391306310892,187.22914799582213,134.42133006174117
28,0,0,1,5,0,3,1,71.05079700704664,85.88472497649491,363.0995010025799,142.64152594842017
34,0,0,6,4,0,3,1,99.21997901983559,101.49622906465083,9030.654788017273,4325.019377982244
38,0,0,1,8,0,4,0,93.48010807298124,90.51040594931692,440.2366989525035,153.2192180166021
38,0,0,6,7,0,4,17,99.8328230343759,167.63594408985227,4099.849381949753,2031.3147429842502
65,0,0,2,11,0,3,1,70.85300807375461,83.38019996881485,585.4912949725986,281.68210899457335
13,0,0,1,2,0,1,2,29.816424939781427,39.833773975260556,146.56472310889512,68.26532597187907
19,0,0,3,2,0,3,44,50.80606497358531,46.805139048956335,1003.4601369407028,588.5141809703782
29,0,0,3,4,0,4,1,77.25457090418786,98.85021194349974,1276.9465380115435,535.7281289761886
58,0,0,2,8,0,4,1,121.99511495418847,166.45399399567395,445.9698499413207,149.24908091779798
47,0,0,2,10,0,4,1,70.7134009571746,85.98814008291811,807.119327946566,268.70152400806546
43,0,0,1,7,0,3,1,59.09692810382694,81.3336989376694,406.12031996715814,150.43702791444957
36,0,0,2,4,0,3,2,69.37471497803926,41.66491993237287,371.05112499557436,222.99561800900847
11,0,0,0,3,0,3,62,30.020878999494016,40.58647598139942,128.76999797299504,74.39636799972504
46,0,0,4,6,0,3,1,60.61230890918523,87.26957999169827,2999.1314209764823,1113.4147790726274
21,0,0,3,2,0,2,3,66.6637399699539,81.8931550020352,1239.7751279640943,568.9244309905916
36,0,0,4,7,0,3,2,233.14194497652352,256.83904299512506,775.9245079942048,260.6585610192269
78,0,0,2,10,0,3,1,70.89507603086531,82.91852695401758,985.5352849699557,281.67216398287565
43,0,0,2,9,0,3,1,39.91345292888582,80.50734002608806,827.0964929834008,139.5707520423457
29,0,0,3,5,0,3,2,131.71964697539806,132.5783069478348,793.2462739991024,289.7916449001059
11,0,0,2,1,0,1,287,32.10767696145922,41.73842503223568,311.7840689374134,255.2556040463969
85,0,0,7,16,0,4,1,73.34185508079827,107.65552404336631,32612.475170055404,7353.170605027117
28,0,0,4,2,0,3,2,77.81746902037412,107.08066599909216,2768.907750956714,1140.6384219881147
71,0,0,4,13,0,4,1,143.13433994539082,178.2142799347639,1938.159734942019,564.5485570421442
55,0,0,1,7,0,3,1,62.47037905268371,83.76878302078694,424.8639759607613,148.90598505735397
30,0,0,3,4,0,3,1,58.84171603247523,83.17998505663127,708.1310140201822,297.95792303048074
36,0,0,1,6,0,3,1,63.199818949215114,81.91923203412443,393.52101797703654,150.32501600217074
29,0,0,3,3,0,3,1,81.95857109967619,89.63489404413849,1437.5327449524775,550.5724259419367
24,0,0,1,5,0,3,2,47.314977971836925,41.69824894051999,232.59913898073137,141.4514119969681
32,0,0,2,4,0,4,1,67.961456021294,82.36710203345865,702.4855659110472,290.49106093589216
28,0,0,4,4,0,3,3,77.57515995763242,85.37111501209438,2493.7974909553304,1051.8726429436356
18,0,0,1,3,0,3,12,145.31607402022928,89.76904791779816,259.4206449575722,82.0156920235604
18,0,0,2,2,0,1,18,91.39170800335705,125.31998101621866,769.1546389833093,254.10706701222807
87,0,0,9,16,0,5,1,81.73938398249447,89.2125399550423,60000.0,24965.209250105545
24,0,0,1,4,0,3,1,67.14635202661157,83.8746870867908,363.44799993094057,148.1168339960277
18,0,0,3,3,0,4,176,57.6057150028646,80.5190559476614,1118.2277239859104,527.2723709931597
34,0,0,1,5,0,3,0,66.34823605418205,82.48342294245958,393.0403629783541,144.00216401554644
38,0,0,4,4,0,3,1,68.88000399339944,85.45487595256418,3014.267524005845,1151.0446780594066
62,0,0,1,10,0,3,1,64.58229396957904,78.97579402197152,462.226253002882,144.16045602411032
5,0,0,2,0,0,1,3830,28.166833915747702,40.04009498748928,118.83912095800042,93.11407501809299
31,0,0,1,5,0,4,7,30.03299399279058,40.41022900491953,181.01969792041928,74.583875015378
24,0,0,1,4,0,3,1,129.6384650049731,162.00540796853602,193.849501083605,75.50296501722187
20,0,0,2,2,0,1,8,88.97104894276708,125.78301294706762,784.0480190934613,381.74694997724146
14,0,0,5,0,0,1,939,51.46228801459074,71.74595398828387,1341.1861050408334,992.3114599660039
12,0,0,3,0,0,1,0,108.13756193965673,160.3800819721073,565.9389270003885,283.4410829236731
3,0,0,1,0,0,1,3830,17.11700193118304,21.41624304931611,71.85355306137353,69.80978709179908
21,0,0,5,2,0,2,1028,246.1435820441693,339.64843896683306,2638.579907012172,1384.8492759279907
11,0,0,0,2,0,3,15,69.56704205367714,100.39872396737337,180.24066707585007,55.56196498218924
13,0,0,1,2,0,3,795,74.58846096415073,100.19443091005087,281.1946929432452,152.54292404279113
26,0,0,1,4,0,4,1,58.733345940709114,83.346864907071,349.4420200586319,96.00410598795861
34,0,0,2,5,0,3,1,63.244875986129045,82.65921100974083,758.7331440299749,311.822397983633
34,0,0,2,5,0,3,1,33.74926804099232,44.16362103074789,537.1742059942335,281.92408091854304
4,0,0,1,0,0,1,2320,41.22808703687042,59.55789203289896,216.949112014845,80.92398603912443
40,0,0,3,5,0,3,1,71.04218599852175,88.18724704906344,1519.0327080199495,587.5449399463832
50,0,0,2,8,0,4,1,64.08781395293772,78.73707194812596,811.8901170091704,290.88895104359835
37,0,0,1,6,0,3,1,35.83246993366629,40.688673965632915,202.98399194143713,69.35075297951698
28,0,0,3,5,0,4,2,38.263444090262055,48.0781210353598,517.5127140246332,269.17721796780825
13,0,0,1,0,0,1,4,55.27286708820611,80.0519910408184,296.9226080458611,150.69406398106366
8,0,0,1,1,0,2,0,53.36306395474821,79.10801097750664,280.7275940431282,144.95889702811837
43,0,0,3,6,0,4,1,89.96283705346286,166.81130998767912,334.67781206127256,144.34015494771302
24,0,0,1,4,0,3,1,58.94948192872107,40.72682303376496,101.52897797524929,38.730901083908975
1,0,0,0,0,0,0,3062,29.17231002356857,40.68278591148555,94.71427102107555,69.33757103979588
31,0,0,0,4,0,3,0,34.565937938168645,40.98652000539005,99.91259500384331,40.36413400899619
24,0,0,3,3,0,3,29,68.26326006557792,84.7530389437452,988.4045489598066,528.2583789667115
42,0,0,3,8,0,4,1,242.02682601753622,194.0102019580081,1176.0882410453632,299.5486770523712
43,0,0,2,8,0,4,1,35.45609605498612,44.555753003805876,518.4188589919358,290.3214260004461
29,0,0,1,3,0,3,2,58.77822102047503,80.77122899703681,349.39508500974625,149.49754904955626
29,0,0,2,5,0,3,1,117.0529309893027,159.70991202630103,365.73883704841137,144.82992701232433
30,0,0,3,4,0,3,1,63.385940971784294,82.1464559994638,1421.903420938179,582.546139950864
8,0,0,1,1,0,1,0,64.81478596106172,83.71168107260019,277.28002599906176,132.5998289976269
43,0,0,2,6,0,3,1,87.75834809057415,95.31325101852417,806.4977269386873,282.86122099962085
33,0,0,4,3,0,3,0,71.62289007101208,88.2566450163722,1646.727106999606,600.1193419797346
17,0,0,1,1,0,3,21,62.23554699681699,48.1250430457294,173.7228879937902,176.17727001197636
44,0,0,4,6,0,4,1,115.26058695744723,166.93445201963186,798.9427059656009,282.3414949234575
85,0,0,7,16,0,4,1,41.80776793509722,45.911727007478476,15518.384782015346,3875.5817119963467
62,0,0,5,12,0,4,1,239.57174189854413,198.8885090686381,4829.624679987319,782.3057159548625
21,0,0,0,2,0,2,3,140.05050901323557,88.87388405855745,226.1174019658938,85.62407607678324
29,0,0,1,4,0,3,1,67.08312896080315,84.03280901256949,374.739432008937,147.54629496019334
25,0,0,1,4,0,3,1,81.68393699452281,88.64969504065812,351.03630705270916,138.06911499705166
25,0,0,2,3,0,3,13,77.6421520859003,86.40737493988127,752.361252089031,293.95018506329507
88,0,0,10,16,0,4,1,93.4691030997783,105.99304107017815,60000.0,60000.0
22,0,0,4,3,0,4,635,228.06653496809304,335.74211702216417,2128.6587429931387,617.4634899944067
2,0,0,0,0,0,0,3830,16.15842489991337,20.17264801543206,69.76486591156572,68.20690899621695
37,0,0,2,6,0,3,1,163.008737959899,244.84757706522942,379.46634902618825,137.9151160363108
16,0,0,3,1,0,2,0,55.00642501283437,62.46131600346416,1353.0097750481218,751.2947939103469
31,0,0,4,4,0,3,3,68.2501558912918,85.68478305824101,2678.9923649048433,695.3843040391803
3,0,0,1,0,0,1,3062,30.339064076542854,41.59802105277777,54.13447006139904,41.06320603750646
6,0,0,1,0,0,1,939,49.52584800776094,72.38482998218387,222.8531710570678,124.58489497657865
27,0,0,2,4,0,4,1,63.214763067662716,87.85068499855697,631.8804210750386,275.2018530154601
19,0,0,4,3,0,3,2875,121.39953998848796,223.60196895897388,1122.76064499747,516.0932609578595
34,0,0,5,3,0,3,0,69.28246899042279,85.76785493642092,4988.170276978053,2039.5293709589168
17,0,0,1,1,0,1,2,57.12846899405122,82.50510704237968,272.6767499698326,154.44801398552954
32,0,0,2,4,0,3,1,62.67684791237116,78.78767303191125,723.8849659916013,286.4822749979794
9,0,0,3,0,0,1,939,58.45461902208626,85.13171900995076,895.146104041487,434.9563990253955
15,0,0,0,0,0,0,56,56.30667391233146,80.16923803370446,151.47568902466446,77.34279800206423
28,0,0,1,5,0,3,1,66.0169079201296,81.67740399949253,377.9982639243826,140.67770808469504
37,0,0,6,3,0,2,1,83.4425900829956,92.86355902440846,10297.964444034733,4540.1443321025
35,0,0,1,6,0,4,1,66.3108320441097,79.22118494752795,387.3315550154075,142.3413879238069
29,0,0,2,6,0,3,1,128.1618569046259,156.29895706661046,202.3228369653225,73.02330806851387
17,0,0,2,2,0,3,557,94.8341729817912,105.64081999473274,615.5629809945822,288.0254869814962
13,0,0,0,3,0,3,34,73.10452905949205,86.73243504017591,251.95294991135597,92.24568598438054
35,0,0,1,6,0,3,0,50.28216901700944,72.16878002509475,354.6982939587906,129.20930702239275
8,0,0,2,1,0,2,650,65.88076904881746,90.79833701252937,467.1696260338649,237.38415003754199
8,0,0,2,1,0,2,650,60.2521050022915,97.12160495109856,249.14071697276086,128.77994298469275
9,0,0,1,1,0,1,383,80.8128179050982,96.60148702096194,337.0901350863278,170.80165504012257
36,0,0,7,3,0,3,0,37.45911398436874,47.3950169980526,17400.053231976926,6335.283473948948
43,0,0,0,8,0,3,0,62.833969946950674,78.67396902292967,207.38497795537114,71.89378899056464
21,0,0,0,2,0,3,23,61.762097058817744,80.7040031068027,173.5933650052175,79.42940690554678
35,0,0,4,3,0,3,1,85.98884695675224,95.14655300881714,2638.326807995327,662.6703350339085
42,0,0,2,8,0,4,0,78.32795893773437,86.07717603445053,426.5005919151008,147.2503119148314
42,0,0,2,6,0,4,1,63.23667091783136,85.18882491625845,382.84775998909026,144.8628209764138
26,0,0,3,4,0,4,0,93.50900305435061,99.05623400118202,1265.1758240535855,555.7108669308946
23,0,0,1,1,0,2,1,70.32303302548826,115.09117390960455,205.11596894357353,102.95500699430704
35,0,0,2,5,0,3,1,37.460841005668044,44.31089502759278,450.4736689850688,271.3780540507287
36,0,0,1,5,0,3,1,69.457539007999,84.93044006172568,326.5605750493705,72.09175906609744
34,0,0,4,6,0,4,3,80.32176597043872,88.07758998591453,765.3882160084322,284.89370190072805
38,0,0,1,7,0,3,1,176.84288101736456,97.25966700352728,639.0452909981832,154.84751504845917
14,0,0,0,2,0,3,291,63.57636908069253,84.37286003027111,168.80968399345875,84.26758798304945
33,0,0,1,6,0,4,7,72.11222895421088,84.43398308008909,379.205793957226,143.25631700921804
16,0,0,1,2,0,4,0,53.057463956065476,76.58577302936465,299.4071180000901,140.98170900251716
22,0,0,0,3,0,3,4,67.17637192923576,83.91920500434935,180.85546302609146,75.12098096776754
2,0,0,0,0,0,0,3830,16.06586400885135,20.32641798723489,69.84741403721273,68.48251598421484
51,0,0,1,6,0,3,1,58.68899601045996,80.99716110154986,412.38966991659254,149.70743597950786
9,0,0,0,2,0,3,2875,115.53411302156746,103.47081802319735,101.60446201916784,167.51902201212943
9,0,0,0,1,0,1,212,59.5359920989722,76.68230100534856,149.41639301832765,73.80917796399444
88,0,0,10,16,0,4,0,81.89325302373618,88.36877602152526,60000.0,60000.0
21,0,0,6,2,0,2,2320,68.70737008284777,85.60466999188066,8498.191530932672,4635.342468041927
19,0,0,4,3,0,5,176,52.92419309262186,74.2953090230003,1702.702009002678,803.9512579562142
16,0,0,3,2,0,3,1978,148.87552498839796,163.42509095557034,1482.608163030818,551.9109630258754
34,0,0,1,6,0,3,1,69.76100301835686,83.4990810835734,391.44412195309997,142.1779110096395
30,0,0,5,5,0,4,650,55.84532301872969,75.43981494382024,2457.867970922962,1098.2901039533317
85,0,0,7,16,0,4,1,96.00108198355883,106.74791596829891,28345.086993998848,8262.720893020742
41,0,0,9,7,0,4,57,123.68994706775993,171.92070605233312,19977.648522006348,8489.86563703511
37,0,0,4,6,0,4,5,112.83433600328863,160.51650000736117,738.779922015965,294.5041429484263
32,0,0,3,6,0,4,3,105.35109601914883,116.10942997504026,1389.6554009988904,530.5153599474579
29,0,0,6,4,0,4,3062,292.6634110044688,414.19803898315877,3614.4510559970513,1367.4509410047904
54,0,0,2,7,0,3,1,54.799654986709356,75.84432594012469,531.3509079860523,270.78763500321656
37,0,0,3,6,0,3,0,56.57902697566897,84.18717805761844,1399.8435669345781,500.6029789801687
37,0,0,6,3,0,3,0,43.00016292836517,85.16759495250881,9542.768343002535,3555.3147100144997
13,0,0,4,0,0,1,622,105.34095298498869,159.13313906639814,855.1754159852862,366.9313039863482
18,0,0,3,1,0,2,46,114.44779497105628,168.6087129637599,610.3663190733641,289.8439490236342
36,0,0,5,3,0,2,1,77.17960502486676,89.94444494601339,5587.774003972299,2307.63867800124
21,0,0,3,2,0,1,12,102.26571699604392,141.8370109749958,1523.8288850523531,752.6363619836047
23,0,0,2,2,0,4,17,57.40488797891885,82.80771900899708,643.5131939360872,304.58477791398764
85,0,0,7,16,0,4,1,79.64680704753846,84.23461695201695,27694.439082988538,7187.430718098767
2,0,0,0,0,0,0,2320,36.96425794623792,51.80426000151783,104.64875609613955,79.6341720269993
34,0,0,1,6,0,4,1,67.94485601130873,83.28820602037013,372.40937899332494,145.7015029154718
25,0,0,1,2,0,2,3,61.488598003052175,79.97724099550396,337.4578870134428,148.65246007684618
10,0,0,1,1,0,1,287,59.92926307953894,76.37927797622979,287.6660058973357,138.70916201267391
14,0,0,5,0,0,1,939,100.49926303327084,153.21639401372522,1854.5207920251414,480.9902230044827
36,0,0,6,5,0,4,29,278.1778790522367,283.28660503029823,5875.7965589175,1809.9657370476052
5,0,0,2,0,0,1,2490,76.91802398767322,119.0222540171817,138.79148592241108,92.63212000951171
82,0,0,4,16,0,4,1,78.79070902708918,140.64215507823974,1544.2386369686574,445.21814095787704
33,0,0,2,6,0,3,1,66.87315297313035,87.39149698521942,739.773623063229,280.20707494579256
18,0,0,2,3,0,4,8,54.15051802992821,76.06774801388383,580.1250740187243,267.03143201302737
75,0,0,6,13,0,4,1,82.51153700985014,130.7107269531116,15097.20173093956,4457.068201038055
14,0,0,0,2,0,3,246,60.01655699219555,84.09751299768686,161.3783270586282,84.15809704456478
31,0,0,7,2,0,3,4,73.6607430735603,92.02665206976235,9116.984939086251,4256.984782055952
25,0,0,3,3,0,3,2,88.00235704984516,90.309466002509,1611.9769159704447,751.4448129804805
16,0,0,3,2,0,3,1978,149.4233540724963,172.188526019454,1690.7808809773996,553.2773459563032
35,0,0,1,3,0,3,1,60.79628795851022,87.23478100728244,353.83277805522084,147.26426999550313
25,0,0,4,4,0,4,2490,94.72590289078653,96.50171105749905,1170.0755340280011,582.565910066478
18,0,0,3,3,0,3,215,226.00308107212186,248.91413503792137,594.1126130055636,267.64657301828265
38,0,0,8,5,0,4,104,471.47926792968065,481.73479409888387,25569.451741990633,7097.160045057535
31,0,0,1,1,0,1,0,63.48409305792302,78.23739305604249,233.38410595897585,103.08726597577333
43,0,0,1,6,0,3,1,112.12328204419464,162.51255199313164,204.95864492841065,75.34583506640047
8,0,0,3,0,0,1,907,101.40310507267714,148.92465306911618,496.3080210145563,127.6772249257192
7,0,0,3,0,0,1,3062,21.135293995030224,28.03769998718053,260.6634240364656,249.79679193347692
21,0,0,3,1,0,2,19,77.78082101140171,100.39638890884817,1213.879496906884,534.9880929570645
33,0,0,1,4,0,3,1,62.81325302552432,81.72956097405404,375.5427160067484,150.17414407338947
21,0,0,5,4,0,4,2320,32.947908039204776,47.38472995813936,1950.0996740534902,1205.6794989621267
42,0,0,3,6,0,3,1,69.27065900526941,84.31226294487715,830.1481950329617,305.1141679752618
36,0,0,0,5,0,3,0,66.79331208579242,82.77402992825955,207.31771795544773,79.7356729162857
29,0,0,1,5,0,3,1,77.45846593752503,88.77107594162226,418.4233070118353,147.3085549660027
16,0,0,6,2,0,3,3830,17.415951006114483,22.874361951835454,1746.7575250193477,853.376733022742
11,0,0,1,2,0,1,2,62.934280023910105,84.25061905290931,299.86407596152276,142.64076307881624
24,0,0,5,2,0,3,58,309.78365801274776,370.3997259726748,2392.980452044867,1190.6168319983408
35,0,0,1,4,0,3,1,68.4231729246676,83.09189800638705,403.51617301348597,143.47341796383262
38,0,0,1,3,0,3,1,69.1296790027991,83.63004599232227,371.30951101426035,149.29483202286065
32,0,0,8,2,0,3,3,122.37715302035213,127.96092196367681,9281.273351050913,4162.544945022091
25,0,0,3,4,0,4,368,73.34074494428933,128.90334299299866,1408.5629070177674,587.1317349374294
84,0,0,6,16,0,4,1,84.03443009592593,89.22601002268493,13565.031339996494,4333.7768809869885
11,0,0,0,2,0,1,11,67.74748698808253,41.998554952442646,94.1863339394331,40.60386889614165
11,0,0,1,2,0,3,159,114.38271298538893,166.03860596660525,152.08577900193632,75.1627009594813
54,0,0,2,7,0,3,1,54.28665492217988,76.86162309255451,791.0260210046545,274.3625179864466
35,0,0,3,7,0,4,0,101.94411594420671,150.9418219793588,667.5864799180999,254.72398404963315
37,0,0,7,5,0,4,47,275.5852600093931,286.9614940136671,11812.372754095122,3724.610475008376
14,0,0,2,1,0,2,1,52.64318105764687,76.09196996781975,567.2082140808925,228.74028200749308
29,0,0,1,5,0,3,1,67.79712392017245,82.68301503267139,379.1937470668927,142.3548209713772
8,0,0,3,1,0,2,3830,10.064713074825704,12.305316049605608,143.21319002192467,87.80184504576027
29,0,0,1,6,0,4,1,59.954867931082845,81.99891704134643,371.9732869649306,149.50226107612252
24,0,0,3,4,0,3,3,101.22921701986343,120.74951792601496,1099.0437280852348,672.37132799346
56,0,0,1,6,0,3,1,35.10854498017579,44.71731197554618,368.162645958364,149.13812198210508
34,0,0,2,6,0,3,1,62.33346206136048,83.45107501372695,537.7361229620874,267.4800360109657
18,0,0,0,3,0,3,14,101.7546720104292,86.92394010722637,190.06667099893093,41.3992180256173
26,0,0,3,4,0,3,541,231.90491006243974,210.10014100465924,402.65403396915644,157.2756210807711
29,0,0,1,4,0,3,1,69.90385800600052,86.82670502457768,354.0852590231225,73.76326993107796
87,0,0,9,16,0,4,1,132.56775797344744,169.01044896803796,60000.0,16827.072529005818
29,0,0,2,4,0,3,1,63.62654303666204,82.30188896413893,706.9647570606321,293.29507902730256
29,0,0,3,5,0,4,10,68.0716980714351,86.75677899736911,1307.3078070301563,536.5655629429966
67,0,0,4,13,0,4,1,81.36671991087496,92.16780099086463,3791.2286669015884,1175.4219710128382
20,0,0,3,3,0,5,218,52.09115496836603,75.65944897942245,741.9845580589026,408.9085269952193
9,0,0,1,2,0,1,256,129.19062899891287,123.36482899263501,363.666447927244,166.0572000546381
84,0,0,6,16,0,4,1,92.84090297296643,105.36248597782105,14807.548573007807,4303.063826053403
1,0,0,0,0,0,0,1951,19.262637943029404,26.449126075021923,53.91253798734397,31.371279968880117
12,0,0,1,3,0,3,150,138.9990549068898,170.81129492726177,155.27921100147069,74.66726005077362
36,0,0,3,6,0,3,1,97.25448791868985,67.22675100900233,1757.3591730324551,637.3738170368597
20,0,0,0,4,0,3,141,78.19415198173374,90.63131303992122,196.8966560671106,87.97630888875574
40,0,0,1,4,0,3,1,68.02072003483772,82.54273107741028,389.5834299037233,88.72425905428827
12,0,0,1,1,0,3,2490,49.28202088922262,49.55327103380114,132.2859110077843,79.09462507814169
12,0,0,2,1,0,1,0,101.08048899564892,137.06473202910274,719.2900020163506,372.8101060260087
5,0,0,2,0,0,1,3830,28.174185077659786,39.966111071407795,119.37934893649071,94.16246099863201
62,0,0,2,9,0,3,1,52.961286972276866,80.91177593450993,482.15726390480995,121.6443800367415
22,0,0,0,4,0,3,1,62.3654160881415,80.97091794479638,177.40218807011843,75.46134304720908
22,0,0,1,2,0,3,39,59.54220599960536,86.1282900441438,327.5526099605486,152.73571608122438
11,0,0,4,0,0,1,1488,44.59635994862765,62.431675964035094,618.9710389589891,392.38982007373124
22,0,0,5,1,0,3,0,77.86984392441809,96.6630190378055,2331.729150027968,1072.962152888067
84,0,0,6,16,0,4,1,81.93834905978292,88.3083560038358,15673.956097103655,4128.00738599617
85,0,0,7,16,0,4,1,81.76355203613639,89.85837502405047,30711.211275076494,8168.735251994804
15,0,0,0,2,0,3,150,58.903853059746325,83.28702102880925,161.70108399819583,81.18563203606755
17,0,0,2,4,0,3,50,86.76923508755863,218.4758719522506,377.5397799909115,195.54826791863889
17,0,0,2,3,0,4,90,106.96551203727722,157.24080591462553,291.1840530578047,138.6400539195165
25,0,0,2,3,0,3,1,64.64733509346843,80.45358001254499,692.5631529884413,283.708669943735
22,0,0,2,4,0,3,994,394.14079394191504,369.13973500486463,384.1300050262362,153.2166440738365
8,0,0,1,0,0,1,1,105.51947297062725,157.6401829952374,207.6382669620216,72.14604108594358
49,0,0,7,6,0,3,1,122.70744401030242,167.00534103438258,11946.363138966262,4309.578676940873
30,0,0,1,5,0,3,1,200.99657599348575,115.87177403271198,620.6802980741486,146.49219892453402
34,0,0,2,6,0,3,1,144.80263798031956,167.43943898472935,427.25819209590554,152.51629799604416
34,0,0,6,6,0,4,2,126.49397202767432,168.47904596943408,1486.1903219716623,612.7194199943915
43,0,0,2,7,0,3,1,74.22083104029298,89.00271693710238,803.4544280963019,284.1690140776336
11,0,0,1,1,0,1,264,79.3066950282082,126.49487005546689,346.7604980105534,227.41013602353632
11,0,0,2,1,0,2,899,139.50609997846186,179.13723993115127,338.9834250556305,93.07788196019828
34,0,0,2,5,0,4,1,75.98663005046546,84.61819996591657,373.11162194237113,142.611735034734
21,0,0,2,3,0,2,29,117.90682293940336,161.65145696140826,333.9695269241929,129.85960498917848
38,0,0,6,7,0,4,0,147.89448794908822,185.39231608156115,5524.270687019452,2187.9112489987165
19,0,0,2,3,0,3,15,137.40574207622558,174.6899780118838,385.9594939276576,167.35982010141015
35,0,0,6,3,0,3,2,62.68721993546933,87.08271104842424,9835.138326045126,4169.035169994459
45,0,0,1,9,0,3,1,80.61257191002369,93.53011194616556,245.31038606073707,81.02163602598011
24,0,0,3,2,0,4,44,60.31954102218151,83.9103200705722,1231.6151759587228,594.0801469841972
29,0,0,2,3,0,3,1,65.75579999480397,89.97006108984351,615.6174270436168,135.3181570302695
68,0,0,5,13,0,4,1,90.67279298324138,111.6452079731971,7817.047156975605,1939.7235980723053
20,0,0,3,3,0,3,118,61.205473029986024,95.44700500555336,623.4182560583577,278.49469101056457
44,0,0,1,8,0,3,0,62.346165999770164,76.88096805941314,411.34938201867044,140.67635498940945
29,0,0,1,6,0,3,1,42.34705003909767,85.98258707206696,388.9839770272374,147.78032107278705
20,0,0,2,2,0,1,0,76.88451802823693,120.8182389382273,744.5981299970299,401.43415599595755
28,0,0,1,5,0,3,1,80.13728493824601,87.02341094613075,404.1490850504488,149.95806198567152
35,0,0,3,7,0,4,0,130.11076697148383,116.83570803143084,398.108248016797,138.5716840159148
33,0,0,5,6,0,3,1,87.27009710855782,79.31124710012227,1141.498803975992,558.8414870435372
35,0,0,4,3,0,2,1,132.23968201782554,166.95398301817477,1401.8224800238386,567.9922449635342
21,0,0,3,2,0,2,0,76.44309289753437,116.89352197572589,1485.3313599014655,787.0124379405752
29,0,0,1,4,0,3,4,77.27543101646006,84.18493694625795,382.1799319703132,146.82116103358567
21,0,0,5,2,0,3,0,47.82727500423789,67.6520480774343,4233.277798979543,1864.525125012733
40,0,0,3,9,0,4,1,43.88332297094166,53.263635956682265,1428.614868898876,524.7196189593524
34,0,0,3,3,0,3,1,64.7843040060252,89.52152996789664,1372.1161331050098,282.28978102561086
43,0,0,2,8,0,4,1,70.04214695189148,84.24828096758574,821.6304080560803,299.06831099651754
84,0,0,6,16,0,4,1,81.21981204021722,88.90824904665351,13808.204155997373,4285.930252051912
64,0,0,1,11,0,3,1,68.55711294338107,84.4143220456317,484.98405097052455,148.0014598928392
56,0,0,2,9,0,3,1,67.14755401480943,81.0435579624027,891.3287319010124,293.4787980047986
43,0,0,1,5,0,3,1,121.68809794820845,218.9835530007258,103.95899706054479,62.98417807556689
28,0,0,1,4,0,3,0,52.017995971255004,42.4253890523687,289.65433104895055,148.97098892834038
26,0,0,0,5,0,3,1,117.53718496765941,77.23541301675141,157.27577393408865,67.71335401572287
13,0,0,2,3,0,4,1951,88.46520609222353,116.70150503050536,238.7464279308915,139.0515990788117
1,0,0,0,0,0,0,3830,11.147421901114285,12.79747998341918,64.4923149375245,64.39036701340228
48,0,0,6,6,0,3,1,82.10287790279835,98.73504796996713,11005.114443018101,4095.376538927667
33,0,0,1,5,0,3,2,32.73552900645882,71.40181004069746,312.0479460339993,152.0644660340622
32,0,0,2,4,0,3,1,59.701991034671664,83.74215895310044,706.986946053803,298.4724569832906
27,0,0,1,4,0,3,1,59.01979503687471,79.85091593582183,354.9194340594113,79.14599706418812
42,0,0,2,5,0,3,1,93.6144880251959,93.58819399494678,835.3786839870736,305.36718398798257
13,0,0,4,0,0,1,622,106.89036000985652,157.13940898422152,686.0373319359496,519.0762509591877
28,0,0,1,3,0,3,0,104.47416291572154,154.63214193005115,169.23618596047163,69.8526999913156
11,0,0,2,1,0,2,899,27.018568944185972,38.52188994642347,281.9328709738329,329.06655699480325
36,0,0,3,5,0,3,1,67.5929740536958,80.95583494286984,1511.4843329647556,560.9312059823424
42,0,0,3,8,0,4,2,134.70016501378268,167.12034703232348,798.1677170610055,288.5138309793547
13,0,0,2,1,0,1,2,63.548560021445155,91.60373103804886,553.5700989421457,260.8507729601115
32,0,0,3,6,0,4,538,78.63431901205331,107.33047698158771,804.6325600007549,446.26944698393345
24,0,0,2,4,0,4,2,80.09796601254493,90.38066398352385,722.9657559655607,300.6381399463862
24,0,0,2,4,0,4,1,77.96243403572589,86.9125520111993,695.1343449763954,289.36601092573255
9,0,0,1,1,0,1,383,80.11698198970407,92.99416199792176,340.3053830843419,172.13124292902648
44,0,0,2,5,0,3,1,67.87131901364774,82.25223794579506,803.590988041833,291.31343704648316
38,0,0,2,7,0,3,1,59.59253606852144,81.8229210563004,745.6761810462922,273.08738697320223
23,0,0,1,3,0,4,1,62.476185034029186,81.97293197736144,321.94111100398004,148.93284800928086
27,0,0,2,5,0,4,5,88.71599601116031,96.1036280496046,731.0310340253636,172.74290695786476
35,0,0,4,5,0,4,21,68.51017498411238,85.20485798362643,2752.2704718867317,1170.0957979774103
10,0,0,3,1,0,2,287,100.82620999310166,153.51572493091226,525.4986339714378,263.73696397058666
29,0,0,3,6,0,3,2,81.63890603464097,96.42789897043258,1073.8558289594948,415.0652789976448
11,0,0,2,1,0,2,287,61.94837100338191,77.60113989934325,543.8325030263513,262.56717497017235
31,0,0,3,4,0,3,1,169.15288101881742,246.3768640300259,698.0724730528891,270.0940140057355
34,0,0,4,3,0,3,5,81.17212494835258,91.98314696550369,2676.4434130163863,1104.1198619641364
18,0,0,0,3,0,3,2,74.16882296092808,101.91130498424172,198.28677107580006,95.52740002982318
28,0,0,1,3,0,3,1,129.36845608055592,160.10142490267754,193.46192898228765,77.46095501352102
32,0,0,5,4,0,3,3,72.06589891575277,88.78827502485365,4882.454567006789,2138.2617499912158
13,0,0,1,3,0,4,36,259.14311897940934,261.22748700436205,250.47930609434843,98.28765504062176
19,0,0,4,3,0,3,2875,257.9256809549406,323.8058779388666,1152.1075330674648,553.0939269810915
39,0,0,8,7,0,4,590,293.58836892060935,314.30441699922085,10109.816560987383,3962.551892036572
14,0,0,1,3,0,3,24,145.16116201411933,124.94715303182602,305.3519969107583,73.09124199673533
36,0,0,5,7,0,4,54,90.81532701384276,102.7734549716115,5450.428811018355,2122.783096972853
34,0,0,4,4,0,3,1,62.87817400880158,84.88927106373012,2846.261737984605,1042.083095991984
53,0,0,4,10,0,4,1,153.4890109905973,142.84553693141788,3881.2308819033206,1303.1701480504125
38,0,0,3,7,0,3,1,39.675201987847686,43.32863900344819,1061.2355320481583,566.9502400560305
28,0,0,1,7,0,3,1,69.9662120314315,87.08617894444615,339.6534590283409,135.56376309134066
38,0,0,7,7,0,4,174,47.657478018663824,57.872790028341115,21084.41209292505,7908.229541033506
24,0,0,1,3,0,3,2,74.026312911883,75.49530209507793,365.2894989354536,132.61044898536056
17,0,0,2,3,0,4,8,54.64601796120405,76.6379099804908,577.4708410026506,268.5264809988439
1,0,0,0,0,0,0,3830,11.1655528889969,12.869791011326015,64.30053303483874,64.47892903815955
47,0,0,2,9,0,4,1,70.51496498752385,85.74258501175791,679.8877250403166,278.1154919648543
36,0,0,7,3,0,3,2,231.0732090845704,253.8018700433895,7677.117191022262,3209.9150950089097
34,0,0,2,4,0,3,1,70.13438502326608,86.29463100805879,713.765115942806,277.36470103263855
36,0,0,1,5,0,3,1,60.9353450126946,81.83768601156771,332.80857105273753,72.55296595394611
36,0,0,0,4,0,3,0,33.662597998045385,40.51807103678584,98.40033808723092,37.149967974983156
18,0,0,3,3,0,4,15,55.955354939214885,78.24455201625824,1152.852805913426,538.4752220707014
6,0,0,2,0,0,1,907,143.42120802029967,214.22786195762455,249.32591209653765,128.22344002779573
82,0,0,4,16,0,4,1,94.63436796795577,98.15250197425485,4024.669890059158,1123.4999479493126
43,0,0,2,6,0,3,1,139.89092991687357,174.1900290362537,413.99391693994403,144.17140104342252
27,0,0,2,5,0,4,2,71.23414101079106,85.40957001969218,375.2190989907831,145.77070192899555
32,0,0,3,4,0,3,1,78.46038101706654,86.7824190063402,1396.4240420609713,535.6251409975812
65,0,0,5,10,0,4,1,124.84729604329914,168.66947105154395,3512.30663608294,1142.1561760362238
35,0,0,1,3,0,3,1,68.24007199611515,83.70663190726191,347.24901302251965,144.42322100512683
24,0,0,3,4,0,3,3,103.76469604671001,125.25488110259175,986.3322310848162,320.75705099850893
28,0,0,3,3,0,3,7,69.04888793360442,87.19152794219553,1443.7656439840794,593.078073929064
33,0,0,3,6,0,4,3,80.22203110158443,88.60262797679752,760.2880430640653,289.3782500177622
31,0,0,4,4,0,3,15,87.61705900542438,148.4211420174688,1373.5551389399916,589.3690140219405
27,0,0,1,5,0,3,1,111.86549800913781,160.45363107696176,184.50249498710036,76.24163408763707
13,0,0,0,2,0,3,538,71.91682304255664,89.86666600685567,169.30822795256972,93.70042697992176
9,0,0,0,2,0,3,994,121.85149895958602,109.8030029097572,200.82267106045038,86.53733693063259
42,0,0,2,5,0,3,1,130.75372192543,169.40628399606794,427.6448800228536,145.45829000417143
31,0,0,1,4,0,4,1,69.39742399845272,85.76907205861062,347.01619599945843,145.85950295440853
21,0,0,3,3,0,3,2,182.01529700309038,255.81362005323172,668.1925150332972,282.5568029657006
36,0,0,5,3,0,2,1,132.99569906666875,171.92804196383804,2692.483925027773,1126.290146028623
35,0,0,7,4,0,3,1,112.44523501954973,117.31739994138479,10812.610455905087,4206.350326072425
26,0,0,1,5,0,3,1,70.5574369058013,82.95564295258373,338.0919609917328,70.0735409045592
26,0,0,0,3,0,3,2,77.09857204463333,80.95444308128208,192.0648249797523,96.83329600375146
32,0,0,4,5,0,3,1,99.62047100998461,118.28325304668397,1328.8067949470133,528.5196469631046
42,0,0,2,5,0,3,1,78.75571807380766,88.19043799303472,885.8049769187346,285.53564893081784
7,0,0,1,1,0,1,650,59.29034703876823,78.79977498669177,246.02295993827283,127.8952150605619
34,0,0,2,4,0,3,1,68.9610670087859,90.26646695565432,745.765071013011,293.1701740017161
39,0,0,1,5,0,3,1,63.16490494646132,78.69077590294182,337.3055720003322,96.52484196703881
35,0,0,5,6,0,4,49,148.87038606684655,181.9186230422929,2432.860448025167,1123.1195010477677
26,0,0,1,5,0,4,1,84.38067499082536,91.95589506998658,360.3548699757084,144.23114096280187
40,0,0,2,8,0,4,3,41.1903930362314,48.553723958320916,590.0046509923413,288.2732190191746
13,0,0,2,2,0,3,760,174.6983639895916,165.3762130299583,362.3879860388115,178.16621507517993
43,0,0,4,8,0,3,1,87.54422096535563,92.84517506603152,3031.3179249642417,1129.1601499542594
31,0,0,1,5,0,3,1,63.237056019715965,84.48030799627304,372.6654800120741,73.1093609938398
49,0,0,2,8,0,4,1,83.70130602270365,94.9724520323798,801.0417639743537,287.68863598816097
22,0,0,1,4,0,3,1,34.00192502886057,42.44531597942114,92.1114640077576,37.67083096317947
34,0,0,1,5,0,3,1,77.44622300378978,88.39765004813671,389.4540430046618,75.976368971169
22,0,0,1,4,0,3,1,72.00248399749398,86.60259004682302,333.2268809899688,137.05029105767608
39,0,0,1,8,0,3,1,69.16188506875187,84.03690799605101,431.31618190091103,147.95788994524628
27,0,0,2,3,0,4,16,56.39398901257664,136.394303990528,339.88544798921794,150.5598590010777
28,0,0,1,5,0,3,14,80.12672199402004,90.83705302327871,411.77167603746057,148.86077807750553
16,0,0,3,3,0,4,3830,17.60796003509313,23.43492698855698,583.702721982263,321.894223918207
36,0,0,6,5,0,4,19,273.6978529719636,252.2866780636832,5331.453167949803,924.2865230189636
27,0,0,2,4,0,3,2,66.55894697178155,82.73955702316016,712.7830300014466,267.7397229708731
29,0,0,2,4,0,3,0,55.84684410132468,82.73050701245666,925.278906011954,293.2943250052631
31,0,0,4,4,0,4,3,68.42506001703441,84.68801702838391,1358.4723839303479,445.7383629633114
4,0,0,0,0,0,0,1488,41.249435977078974,35.33839504234493,100.1842359546572,74.00924596004188
29,0,0,5,2,0,3,0,69.81155707035214,85.2522540371865,2444.9256400112063,1053.0533300479874
11,0,0,2,1,0,1,0,120.08582707494497,185.51075097639114,315.27065101545304,164.98602298088372
21,0,0,4,1,0,2,58,78.66400596685708,101.53675102628767,2102.3627249523997,1152.7826340170577
33,0,0,4,3,0,3,0,72.89965206291527,89.37808591872454,2025.7184080546722,695.1417640084401
36,0,0,1,5,0,4,1,76.91949210129678,82.33095204923302,397.44415204040706,72.609978960827
24,0,0,1,3,0,3,1,28.628612053580582,73.09350406285375,338.9175391057506,151.59199596382678
12,0,0,2,2,0,4,1951,43.451462988741696,59.15463005658239,147.97811198513955,69.28037398029119
15,0,0,4,2,0,4,3062,233.6460939841345,275.11723001953214,647.8870039572939,317.7314040949568
20,0,0,2,3,0,5,0,71.8509639846161,82.82494905870408,327.7174319373444,140.46652102842927
25,0,0,2,3,0,3,13,78.29212793149054,85.60344099532813,753.6899889819324,296.10022297129035
18,0,0,3,3,0,4,15,29.554312000982463,40.36229895427823,897.4345960887149,371.3927159551531
22,0,0,0,3,0,3,0,58.156109997071326,81.81746094487607,175.08168006315827,76.50320103857666
64,0,0,2,10,0,3,1,36.21348401065916,41.44478391390294,850.4355899058282,295.74273293837905
14,0,0,2,1,0,2,123,83.59580999240279,106.72395001165569,590.5671629589051,182.43607704062015
62,0,0,2,3,0,3,1,30.875885975547135,42.358529986813664,418.3172120247036,150.19618498627096
18,0,0,6,2,0,2,0,76.68367598671466,123.8684430718422,8902.913075056858,4010.055868071504
38,0,0,7,3,0,2,1,130.2590270061046,179.00491005275398,10845.425092964433,3082.0206369971856
23,0,0,4,3,0,3,163,71.21703098528087,170.29869102407247,666.3382829865441,286.4576169522479
12,0,0,2,1,0,2,710,74.89000505302101,108.54199004825205,619.9958160286769,354.3904150137678
31,0,0,2,4,0,3,2,68.30626295413822,81.75004401709884,749.5475120376796,296.7610730556771
10,0,0,0,3,0,3,150,64.8194660898298,84.87404196057469,161.0029039438814,81.06237393803895
86,0,0,8,16,0,4,1,81.10597194172442,87.87732105702162,59909.02193507645,16750.38741901517
43,0,0,3,6,0,4,1,63.91574698500335,86.03324205614626,765.6981709878892,286.0965810250491
35,0,0,1,5,0,3,1,73.35415098350495,90.66551097203046,376.781995058991,141.5887069888413
26,0,0,1,4,0,3,1,62.40240205079317,81.70682308264077,354.0671239607036,150.31753992661834
34,0,0,5,3,0,3,1,68.55609698686749,86.0882339766249,4888.216737075709,1470.827347948216
5,0,0,2,0,0,1,3062,90.83031793124974,133.2688849652186,173.75679092947394,121.53386499267071
62,0,0,2,10,0,4,1,73.02063493989408,88.55524996761233,901.0672180447727,301.8544780788943
42,0,0,3,8,0,4,2,79.29001306183636,88.80545594729483,1706.8676099879667,589.0581600833684
86,0,0,8,16,0,4,1,72.23647192586213,83.7097930489108,28454.166100011207,8280.70739703253
30,0,0,1,7,0,3,1,49.223718931898475,70.69034094456583,345.10286804288626,124.36826492194086
27,0,0,1,5,0,4,13,74.18501004576683,71.18465297389776,182.24010500125587,73.51387199014425
18,0,0,4,2,0,2,7,133.62041907384992,111.92690604366362,2993.556553032249,969.9050100753084
6,0,0,2,0,0,1,2320,76.17368292994797,112.40048706531525,252.17737909406424,119.2125859670341
27,0,0,2,5,0,4,1,50.496095907874405,86.3383769756183,729.3457560008392,300.5808780435473
26,0,0,2,5,0,4,38,233.5800409782678,192.92121205944568,544.1597159951925,150.27778001967818
32,0,0,3,5,0,3,1,119.25379000604153,163.1224099546671,709.9405220942572,242.77826806064695
21,0,0,3,3,0,3,0,187.00495408847928,127.39471602253616,1309.0094620129094,623.9255890250206
2,0,0,1,0,0,1,3830,11.341893929056823,13.439515954814851,124.78865205775946,62.870435998775065
26,0,0,2,3,0,3,15,59.7342059481889,81.99731796048582,672.260753926821,294.6388899581507
16,0,0,0,2,0,2,8,62.4858959345147,82.42255891673267,166.23340593650937,76.65524794720113
28,0,0,4,4,0,4,2,71.32770901080221,141.93462498951703,1067.4071109388024,469.4082870846614
31,0,0,0,4,0,3,0,62.07264098338783,81.99383004102856,189.12856292445213,76.22183102648705
43,0,0,4,6,0,3,1,70.0941460672766,84.58052610512823,1624.2503029061481,577.0000489428639
21,0,0,3,3,0,5,0,50.61888007912785,69.0972259035334,518.2574270293117,238.69455291423947
31,0,0,0,5,0,3,1,69.47599595878273,85.4658120078966,200.3040179843083,75.03166201058775
45,0,0,2,8,0,3,1,80.93655295670033,88.16842397209257,906.1581460991874,290.4759810771793
16,0,0,2,2,0,4,238,73.14846303779632,84.02031101286411,585.4075659299269,255.01611200161278
36,0,0,1,4,0,3,1,115.84523797500879,108.60892396885902,97.97519305720925,37.97693899832666
25,0,0,1,1,0,1,1,53.18822700064629,75.9599880548194,310.9012849163264,138.5965159861371
38,0,0,7,3,0,3,0,110.68864609114826,93.93442899454385,18913.17205305677,8329.568919958547
28,0,0,4,2,0,3,1,34.72787409555167,40.92438204679638,628.0853339703754,263.68982798885554
24,0,0,5,2,0,3,13,74.77597496472299,71.51519402395934,3786.709883948788,2110.7662270078436
7,0,0,0,0,0,0,433,26.05828398372978,36.8898690212518,68.7193339690566,38.20374503266066
83,0,0,5,16,0,4,1,81.89815806690603,91.02112497203052,7000.387051026337,2157.275612000376
41,0,0,2,8,0,4,33,42.31297003570944,98.01423898898065,853.804082958959,298.5037839971483
20,0,0,0,3,0,3,0,77.04936398658901,83.00861902534962,194.47268708609045,75.89151198044419
19,0,0,1,4,0,4,503,124.69028600025922,114.32426003739238,362.6810909481719,169.9449789011851
31,0,0,4,2,0,3,0,55.842804023995996,80.48240700736642,2393.5247489716858,1075.0481380382553
35,0,0,4,3,0,3,0,71.31583092268556,85.19363903906196,2536.8490930413827,1185.5723480693996
24,0,0,3,3,0,3,0,113.28255105763674,189.15776500944048,636.414846056141,298.86867105960846
17,0,0,5,2,0,3,1101,270.4052069457248,482.13668598327786,2403.219240019098,1298.0037039378658
44,0,0,3,5,0,3,1,140.30229800846428,209.9950760602951,885.9092759666964,301.35018995497376
31,0,0,3,4,0,3,1,71.96999993175268,88.29306997358799,1449.5077539468184,553.5355299944058
37,0,0,6,3,0,3,0,90.98085598088801,109.94282807223499,10143.232563976198,4659.939033095725
38,0,0,2,6,0,3,1,124.75369602907449,165.20408994983882,445.05898805800825,141.92433503922075
39,0,0,1,6,0,3,1,79.72513302229345,87.50048209913075,432.3737390805036,146.69590792618692
13,0,0,3,2,0,2,1930,165.54810700472444,91.96839202195406,578.8131409790367,266.1570579512045
44,0,0,4,6,0,4,1,63.99105698801577,90.18276503775269,1492.3782360274345,571.4630560250953
3,0,0,1,0,0,1,1951,81.08226605691016,119.42403903231025,122.83700692933053,69.77637996897101
86,0,0,8,16,0,4,1,94.215581077151,100.99638602696359,57522.81772403512,17347.42958797142
43,0,0,2,6,0,3,1,87.77611108962446,95.14854999724776,413.0359758855775,145.34375199582428
62,0,0,2,10,0,3,1,69.18203795794398,86.37750009074807,1045.6199670443311,297.9830780532211
33,0,0,5,4,0,3,0,53.22719900868833,77.83842110075057,5448.01789696794,2176.242661080323
31,0,0,3,6,0,4,1,68.13393603079021,86.29568899050355,765.3311679605395,289.73494097590446
37,0,0,8,4,0,3,47,210.50977194681764,260.7106239302084,10486.90722801257,4247.844367986545
39,0,0,2,6,0,3,0,57.806732947938144,84.5239800401032,799.2585649481043,299.02893502730876
32,0,0,2,4,0,3,1,67.97137099783868,83.76299403607845,764.3381820525974,293.79045008681715
15,0,0,0,1,0,1,1,53.5102600697428,76.4859690098092,151.45003411453217,71.89228397328407
24,0,0,6,3,0,3,1978,343.11478200834244,429.422126035206,4807.027187896892,2015.1240259874612
27,0,0,3,4,0,3,3,79.50608199462295,86.92831604275852,1523.2991400407627,588.112383033149
35,0,0,5,3,0,3,6,86.88191103283316,112.53971606492996,5157.397973933257,2051.0831609135494
31,0,0,2,6,0,3,42,81.44447195809335,90.17540304921567,838.4286949876696,298.3598900027573
29,0,0,3,3,0,3,1,80.34604089334607,89.14819697383791,1434.3444450059906,553.5163100576028
39,0,0,2,4,0,2,1,64.83669893350452,98.53299602400512,740.7662499463186,285.09804501663893
21,0,0,1,4,0,3,1,123.31912200897932,166.55315493699163,185.91991101857275,74.99551307410002
23,0,0,4,2,0,2,66,83.54140899609774,104.25842402037233,2601.5933060552925,913.4791240794584
29,0,0,1,5,0,3,1,76.3254250632599,82.456648000516,406.85678098816425,149.38635902944952
40,0,0,3,5,0,3,1,79.41817899700254,87.049949914217,1425.9276209631935,493.8805029960349
41,0,0,9,7,0,4,109,145.31275909394026,188.16531589254737,22300.911184982397,8843.564971000887
28,0,0,3,5,0,3,0,55.97982299514115,82.31032197363675,1287.0285679819062,524.305397993885
43,0,0,4,8,0,3,1,91.85758396051824,109.10901392344385,3119.6647400502115,791.6006910381839
11,0,0,0,3,0,3,0,55.4839390097186,79.43226105999202,157.61415392626077,75.03045198973268
4,0,0,0,0,0,0,1488,40.22825101856142,59.097873978316784,115.550228045322,73.88488994911313
38,0,0,6,7,0,4,17,129.89254295825958,170.15119607094675,5457.626900053583,2206.6193299833685
4,0,0,1,0,0,1,2320,40.909986943006516,57.3856639675796,255.36473700776696,167.84946201369166
22,0,0,4,3,0,3,7,356.32045299280435,390.25774493347853,1283.869988983497,469.6420590626076
24,0,0,2,4,0,3,1,77.48705404810607,87.59825408924371,753.5071310121566,287.56737196817994
26,0,0,2,4,0,3,1,137.68120598979294,171.02083191275597,363.23685105890036,142.96861505135894
45,0,0,1,5,0,3,1,39.81338208541274,40.656737983226776,222.85670705605298,72.71180301904678
7,0,0,0,1,0,1,657,119.7419740492478,81.5159110352397,172.69890697207302,58.73660300858319
28,0,0,2,4,0,3,21,131.5661669941619,170.83649500273168,381.6944999853149,149.76611197926104
24,0,0,2,3,0,4,1,63.895274070091546,91.41320805065334,644.1806859802455,297.6936890045181
30,0,0,2,4,0,3,1,78.2391409156844,84.71762295812368,782.450117985718,289.8956999415532
7,0,0,2,0,0,1,939,29.715213109739125,41.64067399688065,369.4462740095332,216.0991949494928
38,0,0,1,5,0,3,1,63.90160298906267,78.40350293554366,386.5045150741935,142.21203606575727
36,0,0,3,5,0,3,1,38.83154410868883,75.66144701559097,1523.212071042508,552.9088500188664
18,0,0,1,3,0,3,23,144.59710498340428,92.6569449948147,523.1195669621229,125.95280993264169
27,0,0,1,4,0,3,1,119.56609995104373,162.11391100659966,189.79047203902155,75.17831795848906
7,0,0,0,1,0,1,70,69.35879006050527,98.02211599890143,162.49560297001153,91.21519699692726
32,0,0,3,5,0,3,2,70.41721895802766,86.87776501756161,1423.2370450627059,555.6835429742932
30,0,0,4,4,0,4,2,74.5108580449596,95.44722398277372,2617.201849934645,710.927567910403
32,0,0,3,5,0,3,1,66.84749003034085,89.67495104297996,960.8427709899843,568.3495450066403
38,0,0,2,4,0,3,1,53.394357091747224,76.5783580718562,229.51843996997923,139.41985403653234
24,0,0,0,5,0,3,22,81.51321299374104,89.9066679412499,202.69416400697082,78.72143702115864
16,0,0,1,1,0,2,0,56.613489985466,80.81562595907599,310.2652980014682,142.84066401887685
52,0,0,2,7,0,3,1,58.843147940933704,80.14881506096572,418.9745018957183,150.36323806270957
24,0,0,0,4,0,2,0,63.27221600804478,78.29068403225392,177.00846900697798,72.87352904677391
27,0,0,2,5,0,3,1,70.01224509440362,88.14450597856194,552.6734099257737,229.97651901096106
52,0,0,2,7,0,3,1,62.96766398008913,86.67723601683974,416.327285929583,139.54840798396617
30,0,0,1,5,0,3,1,80.62603010330349,81.58373297192156,374.3814310291782,143.43330590054393
4,0,0,1,0,0,1,3830,21.160417003557086,28.23614899534732,120.55842997506261,95.70863994304091
37,0,0,2,5,0,4,1,77.06736505497247,81.35165006387979,494.48537500575185,212.05434296280146
30,0,0,5,5,0,3,3,180.2381449379027,263.6547520523891,2654.2502070078626,1079.36079101637
13,0,0,4,0,0,1,0,117.56926006637514,165.7749250298366,1116.6143270675093,553.644360974431
34,0,0,3,5,0,3,1,67.723975982517,83.67991202976555,1538.021688000299,563.3792830631137
27,0,0,2,5,0,4,5,88.42326002195477,95.39260005112737,727.0127199590206,289.08974991645664
14,0,0,3,2,0,3,994,170.22780689876527,233.8496440788731,654.0793000021949,316.318363067694
10,0,0,2,1,0,2,1062,164.40903896000236,158.75015303026885,258.7696679402143,142.15829106979072
22,0,0,5,3,0,4,335,45.42761703487486,54.83343405649066,3723.928352002986,1575.932469102554
5,0,0,1,0,0,1,365,52.25764599163085,76.39950898010284,254.33867098763585,132.65337503980845
26,0,0,3,3,0,3,13,78.18207191303372,85.12494107708335,1500.0241050729528,578.5612940089777
35,0,0,6,3,0,3,0,127.19401193317026,129.04929392971098,2554.3282240396366,1063.3881490211934
41,0,0,1,5,0,3,1,61.83510203845799,87.3739019734785,370.56747905444354,139.53819999005646
29,0,0,3,5,0,3,1,67.13681400287896,84.05701897572726,504.86366800032556,148.71181698981673
28,0,0,0,6,0,3,2,106.59149195998907,94.2817599279806,236.97160300798714,75.94913407228887
35,0,0,3,5,0,4,1,66.24359101988375,85.98746999632567,1440.8046239987016,607.7257919823751
17,0,0,3,3,0,3,2875,236.19500594213605,302.6209590025246,573.8183530047536,274.7770620044321
34,0,0,1,6,0,3,8,66.98031001724303,80.63282410148531,423.1403110316023,153.2780029810965
24,0,0,1,2,0,3,1,77.43976498022676,83.93426903057843,324.0233170799911,146.92430605646223
43,0,0,2,7,0,3,1,97.2691960632801,89.90925701800734,782.2677510557696,271.34606696199626
53,0,0,1,8,0,3,1,70.0628450140357,81.16148598492146,222.89511002600193,72.1599399112165
14,0,0,4,1,0,2,1684,64.13291010539979,90.16984503250569,2086.6568529745564,1148.8323669182137
10,0,0,2,1,0,2,0,48.937745043076575,68.62363195978105,512.1784649090841,235.8986350009218
27,0,0,0,5,0,3,10,68.22048802860081,84.36433901078999,194.63070598430932,76.0262031108141
29,0,0,1,5,0,4,1,69.42775996867567,82.98017201013863,358.1260290229693,148.03579892031848
26,0,0,0,4,0,3,1,78.29828502144665,86.99204795993865,198.5265869880095,73.62372102215886
40,0,0,1,7,0,4,1,63.15273093059659,78.07183405384421,389.0555649995804,143.72721500694752
3,0,0,0,1,0,1,340,111.41598806716502,145.9123200038448,165.35707598086447,134.14637395180762
32,0,0,3,5,0,4,1,73.36763793136925,98.30483398400247,689.701211056672,268.6515459790826
11,0,0,2,2,0,2,1,67.6056620432064,86.09531889669597,295.9250520216301,137.15060602407902
17,0,0,5,1,0,2,899,68.65944003220648,94.44477094803005,3908.391303033568,2439.804585999809
30,0,0,0,4,0,3,2,59.66184695716947,81.5482159378007,186.42331601586193,76.23277592938393
3,0,0,1,0,0,1,3830,21.607573027722538,29.82488996349275,70.26479102205485,68.25425091665238
28,0,0,2,3,0,3,1,61.29708304069936,85.9303850447759,667.1214550733566,286.725570098497
27,0,0,1,3,0,3,2,62.957279034890234,78.1926370691508,350.03602399956435,115.21722993347794
48,0,0,4,10,0,4,11,206.3847780227661,189.72117302473634,1813.8901700731367,605.6802700040862
33,0,0,5,4,0,3,1,98.83092297241092,100.640312070027,5275.215914007276,1718.170086038299
38,0,0,4,4,0,3,1,70.53713803179562,86.54807100538164,2456.222241045907,887.5501860165969
34,0,0,4,3,0,3,1,73.15145002212375,84.60883994121104,2836.2282989546657,1151.3111119857058
84,0,0,6,16,0,4,0,96.99860005639493,169.54855306539685,7435.8300230233,2282.3808660032228
34,0,0,4,3,0,3,0,40.957664023153484,44.61609001737088,2186.3404989708215,1047.101367963478
13,0,0,3,2,0,2,2583,114.88650704268366,168.74413995537907,1016.8583109043539,301.4507460175082
14,0,0,0,2,0,2,36,65.21973095368594,81.53266296721995,117.46538907755166,38.35942002478987
37,0,0,4,6,0,4,4,115.00534298829734,172.23881802055985,732.9337049741298,284.0839020209387
69,0,0,1,9,0,3,1,34.964395919814706,41.82163497898728,315.425727982074,139.36001888941973
18,0,0,6,1,0,2,1155,65.03797206096351,90.47680103685707,8227.968257968314,3961.906669079326
31,0,0,4,6,0,4,4,87.13163295760751,111.7143229348585,2873.222121037543,975.7421989925206
40,0,0,2,6,0,3,1,56.57194391824305,80.957893980667,760.2925469400361,297.87084192503244
35,0,0,1,6,0,3,0,25.881886947900057,35.698329913429916,175.88107695337385,68.22371599264443
31,0,0,2,4,0,3,1,61.763420002534986,85.92042105738074,704.4545219978318,276.5510689932853
14,0,0,1,4,0,3,120,140.59739303775132,130.94972702674568,389.90710803773254,172.78844094835222
28,0,0,2,6,0,4,2,75.446214992553,92.04869996756315,702.9516939073801,283.23926602024585
27,0,0,3,3,0,3,1,63.60714102629572,80.39138605818152,1322.1140230307356,561.924773035571
28,0,0,1,3,0,2,1,63.96019400563091,78.30831198953092,347.02355100307614,141.72678592149168
21,0,0,1,2,0,3,27,57.240767986513674,82.19881996046752,348.78910693805665,151.6832399647683
34,0,0,5,3,0,2,1,34.54017196781933,42.00291493907571,3964.4537559943274,1341.6979819303378
24,0,0,6,3,0,3,1978,309.57680800929666,381.7478190176189,4043.306621024385,1966.7772930115461
47,0,0,2,6,0,4,0,66.94459193386137,80.52804099861532,796.1460810620338,292.9547419771552
31,0,0,2,4,0,3,1,40.40901397820562,44.52196799684316,618.343016016297,278.8384420564398
26,0,0,0,5,0,3,0,69.92101995274425,81.68556191958487,184.79535297956318,48.548016929998994
8,0,0,3,1,0,2,3830,18.964905058965087,24.80729401577264,272.478082915768,174.5916570071131
32,0,0,3,5,0,4,1,68.882015068084,90.2978879166767,1153.06816494558,559.6471650060266
26,0,0,4,5,0,4,62,371.292044990696,281.94915992207825,2112.2819650918245,542.1623679576442
35,0,0,1,1,0,1,1,65.26047398801893,79.21311201062053,345.6269179005176,144.7539801010862
12,0,0,1,1,0,1,22,105.26116599794477,155.73237801436335,144.17361398227513,71.49897690396756
39,0,0,5,3,0,4,2,132.51029991079122,166.89087997656316,2739.8073590593413,1151.4281580457464
52,0,0,2,6,0,3,1,67.8782039321959,82.55978196393698,685.9687869437039,273.09311006683856
34,0,0,1,7,0,3,1,65.76099502854049,83.59171403571963,388.34314909763634,141.37872599530965
55,0,0,2,8,0,3,1,54.196291021071374,77.10025296546519,836.1908060032874,275.7246579276398
27,0,0,2,4,0,3,125,77.99188792705536,87.17078506015241,742.2314430586994,299.4432320119813
25,0,0,5,3,0,3,26,84.68376297969371,106.4073279267177,3531.6135849570855,1068.9101869938895
37,0,0,1,7,0,3,2,67.50159000512213,82.6066400622949,418.8948350492865,150.48848907463253
50,0,0,8,6,0,3,1,83.10026698745787,100.68204894196242,45025.02742304932,17826.615381985903
2,0,0,0,0,0,0,3830,16.266864957287908,20.416295970790088,58.089587022550404,33.58811896760017
32,0,0,4,5,0,3,1,83.51488900370896,105.09789898060262,2714.9927099235356,1099.3381181033328
29,0,0,3,5,0,3,8,131.2718610279262,142.2117609763518,1633.8947920594364,588.3688390022144
29,0,0,2,5,0,4,1,86.40379400458187,173.2419360196218,372.88135197013617,150.43043193873018
9,0,0,3,1,0,1,1315,171.55167902819812,256.8581351079047,448.87815904803574,231.23218200635165
32,0,0,2,6,0,4,44,83.44633504748344,93.72187498956919,717.2447689808905,290.1352950138971
33,0,0,3,5,0,3,2,86.72714605927467,94.87593290396035,748.3316540019587,273.3183280797675
18,0,0,4,2,0,2,7,130.8020040160045,109.47610007133335,2978.9090959820896,1164.4483129493892
7,0,0,1,0,0,1,939,49.20972906984389,71.48312195204198,243.86413989122957,132.2798499604687
34,0,0,4,6,0,4,26,124.7853139648214,117.2664649784565,2042.273813043721,625.5682719638571
32,0,0,2,4,0,3,1,59.23547805286944,83.46640202216804,740.5603430233896,191.13663991447538
33,0,0,3,6,0,3,0,231.90928401891142,250.14303403440863,716.2789000431076,265.9463150193915
37,0,0,5,7,0,4,0,49.367113038897514,86.49702300317585,5057.579137966968,1851.3227599905804
39,0,0,2,3,0,3,1,67.60320300236344,83.33260903600603,733.7823719717562,293.59536501578987
31,0,0,1,5,0,3,17,32.37969090696424,68.59020097181201,377.12605809792876,153.20071205496788
52,0,0,2,6,0,3,1,68.45532404258847,81.39714098069817,820.7412810297683,279.7612230060622
54,0,0,1,6,0,3,1,56.091509060934186,82.36295206006616,407.9531410243362,151.16880706045777
15,0,0,1,4,0,3,50,106.17897100746632,129.52790700364858,370.00522995367646,191.90610002260655
26,0,0,3,4,0,3,30,340.0299749337137,236.7110149934888,469.85835302621126,152.9559240443632
35,0,0,5,6,0,4,538,91.27984195947647,118.72322403360158,4742.357691051438,2111.125094932504
34,0,0,3,5,0,3,1,70.14074793551117,85.18510300200433,1418.3028619736433,544.7862539440393
30,0,0,1,6,0,3,1,59.44141303189099,81.10512199345976,374.30953595321625,151.64918708615005
38,0,0,2,6,0,4,3,76.34485408198088,80.07987402379513,797.5928940577433,292.64414799399674
7,0,0,0,1,0,2,10,87.13742299005389,111.03844398166984,165.57068889960647,90.4872789978981
49,0,0,1,7,0,3,1,88.14213704317808,87.44991000276059,428.79497807007283,145.12359898071736
26,0,0,1,4,0,3,1,64.17785095982254,82.6620840234682,340.9393219044432,148.4907059930265
22,0,0,3,2,0,3,35,64.26184088923037,86.49792999494821,648.5846050782129,297.0412920694798
56,0,0,1,11,0,3,1,71.76205993164331,88.11104507185519,454.3411829508841,137.91640102863312
29,0,0,0,6,0,3,2,71.59130205400288,83.16740801092237,195.18440298270434,71.69688690919429
82,0,0,4,16,0,4,0,95.03435099031776,107.3513220762834,4077.188570983708,1104.5844920445234
15,0,0,0,3,0,3,32,73.37066403124481,104.369688895531,189.85726090613753,104.60706893354654
47,0,0,1,9,0,3,1,62.65398592222482,85.39931802079082,426.4719719067216,150.6240819580853
38,0,0,2,3,0,3,1,56.98749306611717,81.77403605077416,714.5083730574697,297.5326899904758
24,0,0,5,2,0,3,13,75.23542700801045,97.80341305304319,3917.097505996935,2137.293554027565
14,0,0,1,1,0,2,97,65.62435906380415,79.80460801627487,156.1761168995872,75.67248994018883
17,0,0,4,2,0,3,1978,160.41648399550468,187.2113710269332,2687.235545949079,563.0947669269517
24,0,0,1,3,0,3,2,29.456665040925145,40.40850908495486,300.1522478880361,143.57922005001456
26,0,0,2,3,0,4,0,71.47249998524785,86.25207701697946,664.7687000222504,227.95003396458924
54,0,0,5,10,0,4,1,155.60447401367128,142.98723707906902,7443.287587026134,2587.5005410052836
5,0,0,2,0,0,1,3830,20.58330294676125,26.941401069052517,113.7702070409432,56.52287497650832
53,0,0,3,7,0,4,1,31.21401695534587,42.74642397649586,777.0948429824784,276.15105197764933
42,0,0,4,6,0,3,1,80.79374302178621,91.01436100900173,3050.8970230584964,1149.8411759966984
9,0,0,0,1,0,1,264,74.48930700775236,111.10243306029588,177.645129035227,111.29084508866072
88,0,0,10,16,0,4,1,132.8415049938485,177.84526094328612,60000.0,30126.399240922183
31,0,0,3,6,0,3,1,110.70080904755741,172.8757160017267,727.5297420565039,282.37503999844193
24,0,0,5,3,0,3,236,126.49688811507076,174.79216901119798,1267.9262800375,559.6581309800968
32,0,0,2,4,0,4,1,68.79625399596989,85.13278409373015,691.6173889767379,290.45521398074925
23,0,0,4,3,0,3,87,119.9295719852671,164.30550790391862,1303.0001430306584,561.0761239659041
51,0,0,3,8,0,4,1,67.0921599958092,84.19956301804632,1524.2713319603354,534.0951340040192
29,0,0,2,5,0,4,14,82.38156803417951,94.56688107457012,727.3600969929248,286.65896295569837
33,0,0,2,6,0,4,1,63.897676998749375,85.98717593122274,676.0453149909154,292.8212119732052
5,0,0,2,0,0,1,0,154.2090199654922,239.21777703799307,265.21924103144556,134.51371900737286
19,0,0,1,2,0,3,0,47.98207094427198,69.60273301228881,291.7804151074961,121.27323204185814
34,0,0,6,6,0,3,2,60.1321019930765,80.30952501576394,5291.990063036792,2231.1442520003766
39,0,0,8,3,0,3,1,86.07727999333292,100.98436998669058,37350.25949694682,17323.518136050552
11,0,0,2,1,0,1,0,119.79543196503073,183.6901840288192,316.4091609651223,167.6780660636723
6,0,0,1,1,0,2,1031,53.57454402837902,72.92540301568806,225.43950891122222,127.54259700886905
41,0,0,3,6,0,4,1,59.18449396267533,84.4816139433533,1116.9389599235728,445.5724429572001
38,0,0,6,7,0,4,102,66.69629004318267,85.59519005939364,5650.949903996661,2254.9190430436283
53,0,0,3,6,0,3,1,77.92199903633446,90.68907401524484,1647.1521940547973,554.9930040724576
32,0,0,4,5,0,3,7,78.66274798288941,100.63060699030757,2541.103064082563,1070.0431879376993
32,0,0,4,5,0,3,1,144.59585107397288,110.96259893383831,1381.5301799913868,559.3740380136296
43,0,0,1,7,0,4,1,71.9869090244174,88.22957403026521,400.16323199961334,147.35231397207826
34,0,0,6,4,0,3,26,99.79600994847715,140.659648925066,5194.120736909099,2144.716245937161
48,0,0,1,7,0,3,1,55.12290901970118,76.35005307383835,399.5167859829962,136.9491369696334
29,0,0,2,4,0,3,2,69.16135700885206,85.844287998043,681.8746859207749,290.02575296908617
36,0,0,7,3,0,3,1,234.9502390716225,256.3524959841743,9913.458687951788,3939.021422062069
46,0,0,0,7,0,3,0,77.96015404164791,85.39267804007977,226.8905050586909,74.24167892895639
12,0,0,1,3,0,4,0,56.600157055072486,79.41444497555494,294.90866605192423,147.2502009710297
39,0,0,2,3,0,3,1,60.674367006868124,81.97330997791141,733.1255300669,295.96399201545864
2,0,0,0,0,0,0,3830,16.264052013866603,20.3676070086658,69.46457002777606,68.55447601992637
4,0,0,1,0,0,1,2490,35.44548701029271,49.04009692836553,139.60401597432792,92.95021800789982
37,0,0,5,7,0,4,3,234.53959403559566,254.90880606230348,2158.103403984569,887.7659999998286
5,0,0,2,0,0,1,3830,28.500268002972007,39.784266031347215,119.60888700559735,94.0199870383367
25,0,0,4,3,0,3,31,69.03216289356351,84.56396299879998,2281.832552049309,1069.8857099050656
5,0,0,0,1,0,1,1419,34.96983798686415,47.69787599798292,78.60817993059754,52.2545239655301
22,0,0,4,3,0,3,0,86.34083694778383,92.94874302577227,2512.8825720166788,1030.230910051614
12,0,0,3,1,0,1,432,65.91605395078659,85.7681370107457,1026.450061937794,492.0632049906999
24,0,0,5,3,0,3,236,63.6206780327484,83.5283100605011,1280.1824990892783,557.5312570435926
42,0,0,1,4,0,3,1,67.42922391276807,81.34496596176177,401.1782999150455,149.1379840299487
60,0,0,2,10,0,3,1,81.03811601176858,88.8092330424115,972.1568339737132,292.3768109176308
22,0,0,0,4,0,3,3,66.60238094627857,81.2607139814645,180.91504194308072,72.90354196447879
30,0,0,2,6,0,4,49,80.59443801175803,91.90957294777036,722.7434229571372,279.53485399484634
20,0,0,4,3,0,4,0,47.47758200392127,68.25175601989031,729.4336509658024,228.07525692041963
1,0,0,0,0,0,0,2490,27.39679499063641,38.05701993405819,91.88734798226506,63.282668008469045
45,0,0,3,6,0,4,1,59.91809198167175,82.41726295091212,1490.1746090035886,588.9294620137662
23,0,0,0,4,0,3,0,47.50947596039623,68.42324207536876,154.84883496537805,61.197375995106995
25,0,0,1,5,0,4,13,243.6632040189579,211.5080339135602,292.7053689491004,75.22438501473516
9,0,0,2,1,0,1,331,144.40951391588897,214.52376805245876,327.14740990195423,189.1949470154941
15,0,0,1,2,0,3,291,67.97907594591379,90.46185191255063,302.94417799450457,146.6116129886359
35,0,0,6,3,0,3,0,69.36826498713344,44.52818806748837,9107.191793969832,3868.1378210894763
26,0,0,3,4,0,3,30,340.95425298437476,239.2610110109672,495.8203589776531,153.55651499703526
10,0,0,0,2,0,3,39,29.43416405469179,40.27017706539482,79.49580997228622,77.22628000192344
16,0,0,1,2,0,3,27,67.73982499726117,86.06830995995551,311.6872829850763,148.83439196273685
30,0,0,3,5,0,3,4,65.91420597396791,79.69189900904894,1429.3903829529881,478.69032504968345
26,0,0,2,5,0,3,1,122.7869859430939,168.53572404943407,349.4451290462166,140.53431304637343
37,0,0,3,3,0,3,1,86.3008969463408,86.32781694177538,1464.020267012529,562.1019169921055
13,0,0,1,1,0,2,123,76.8878519302234,95.61267192475498,306.48234905675054,153.1168520450592
14,0,0,0,4,0,3,50,84.7450289875269,99.45922798942775,197.1402110066265,94.10434600431472
38,0,0,1,8,0,4,0,91.11882804427296,90.4349050251767,441.6520680533722,152.60103100445122
32,0,0,3,4,0,3,1,78.61008809413761,87.79658295679837,1393.6137260170653,546.636498067528
40,0,0,7,6,0,4,94,187.90280807297677,144.4152529584244,31751.501371967606,9042.338395956904
40,0,0,4,5,0,3,1,63.393521937541664,81.70768700074404,1512.7849770942703,583.6949209915474
35,0,0,5,5,0,4,0,202.1964320447296,266.32883003912866,4346.724533010274,868.3753840159625
29,0,0,1,3,0,3,5,31.516906921751797,40.05011997651309,302.8783090412617,149.16658599395305
39,0,0,5,4,0,4,1,68.83003900293261,84.13066703360528,4849.156036041677,2336.156136007048
42,0,0,10,7,0,4,109,149.69335705973208,194.55587398260832,37345.11261002626,15680.46006502118
29,0,0,5,5,0,4,0,115.4084139270708,156.81029704865068,2578.9639280410483,1031.6261280095205
18,0,0,3,3,0,4,15,44.72946596797556,81.08898194041103,1146.498474990949,533.7708320003003
35,0,0,3,4,0,3,2,88.24829792138189,97.54569898359478,1426.7345349071547,546.7755870195106
37,0,0,2,5,0,3,1,67.12081399746239,82.99526292830706,720.6004150211811,162.5327579677105
22,0,0,6,0,0,1,0,74.17390297632664,110.6524009956047,8654.668866074644,4208.22567702271
85,0,0,7,16,0,4,1,79.66635294724256,88.74881896190345,27147.690623998642,8691.547964001074
36,0,0,7,3,0,3,1,125.00923301558942,132.44329707231373,9840.288187959231,4230.5700100259855
34,0,0,4,3,0,3,1,70.51442109514028,85.1211529225111,2939.2828890122473,1226.0533090448007
38,0,0,7,3,0,3,0,104.78798602707684,129.23839897848666,20493.925062008202,7833.616362069733
35,0,0,1,4,0,3,0,78.29680503346026,57.296282961033285,249.75585099309683,145.2468460192904
17,0,0,3,3,0,5,176,114.84066699631512,166.7253210907802,426.06436007190496,204.24445101525635
87,0,0,9,16,0,4,1,81.44234993960708,88.543027988635,58693.12308297958,17070.943229016848
43,0,0,1,8,0,3,1,56.26902007497847,79.49629204813391,413.6149469995871,140.2483939891681
30,0,0,3,4,0,4,2,33.03674701601267,37.78966690879315,988.7178250355646,522.0147509826347
6,0,0,0,1,0,1,650,55.30860903672874,55.44859997462481,68.69510596152395,37.88821003399789
66,0,0,1,9,0,3,1,67.55277398042381,81.21548406779766,469.5784420473501,142.99575798213482
37,0,0,6,3,0,2,2,79.71863693092018,99.9791210051626,9297.39178402815,4116.185756982304
25,0,0,1,4,0,3,1,51.70764308422804,85.91970906127244,381.52265397366136,146.60523599013686
15,0,0,2,3,0,4,907,295.6199269974604,277.62351906858385,491.7982059996575,149.57449107896537
24,0,0,1,4,0,3,49,71.67148101143539,83.05343706160784,355.79912608955055,144.87840607762337
32,0,0,4,4,0,4,1,72.96568294987082,89.91418010555208,2338.76119798515,973.4259450342506
36,0,0,3,5,0,3,1,33.81243802141398,40.72349506895989,1480.5140419630334,486.1364490352571
33,0,0,2,6,0,3,0,53.24722093064338,75.9969970677048,708.5300870239735,274.3377860169858
86,0,0,8,16,0,4,1,144.11072491202503,94.13994604256004,29146.24214801006,8905.873284908012
8,0,0,4,1,0,3,3830,14.586737030185759,18.420145963318646,334.5044180750847,207.155633950606
29,0,0,3,6,0,4,2,79.26951895933598,104.99536292627454,1259.6907569095492,567.186509957537
14,0,0,2,4,0,4,2583,109.08725799527019,146.42753300722688,343.1999589083716,216.2886019796133
35,0,0,3,4,0,3,4,77.3767480859533,86.55040606390685,1471.877267002128,556.0119301080704
39,0,0,7,7,0,4,214,338.5144209023565,359.8932010354474,10763.71577999089,4085.7658000895754
5,0,0,2,0,0,1,3830,28.224349953234196,39.32000102940947,119.06605295371264,94.19339103624225
38,0,0,1,5,0,3,1,64.69160690903664,79.4081570347771,377.7281939983368,142.444250988774
26,0,0,1,2,0,1,1,53.3027860801667,76.56219601631165,313.9112920034677,137.07219797652215
6,0,0,3,0,0,1,3830,19.053996074944735,24.270144989714026,163.0860819714144,115.60217500664294
25,0,0,4,1,0,3,0,155.67338094115257,238.18681703414768,1147.5135519867763,516.7173710651696
21,0,0,1,4,0,3,11,123.80755797494203,72.38808402325958,106.42453702166677,58.85178397875279
15,0,0,2,2,0,3,0,105.59596901293844,247.4028259748593,297.9717761045322,134.6447590040043
83,0,0,5,16,0,4,1,81.82038203813136,88.70798000134528,4068.4564490802586,1157.5527080567554
21,0,0,1,3,0,3,31,67.54530093166977,84.19150894042104,387.29466893710196,149.19746795203537
28,0,0,2,3,0,3,2,131.61029806360602,160.33329791389406,355.7489769300446,148.75725796446204
28,0,0,1,5,0,3,14,79.64844594243914,90.60007496736944,417.1919070649892,156.59060003235936
13,0,0,4,1,0,2,0,214.86129495315254,329.13316891063005,1120.1969319954515,600.272584008053
32,0,0,1,5,0,3,1,122.65911605209112,84.25451104994863,467.37877698615193,144.52408195938915
33,0,0,2,5,0,3,1,62.56048800423741,41.51071794331074,383.4275311091915,137.68423604778945
18,0,0,2,3,0,3,1389,211.35745802894235,199.7832249617204,394.62060504592955,185.71920495014638
20,0,0,3,2,0,4,104,110.66896899137646,161.82910499628633,321.3447199668735,151.5343290520832
32,0,0,6,5,0,4,1,195.5086049856618,269.05531994998455,5045.9619329776615,2186.77151191514
28,0,0,1,5,0,3,1,66.76705193240196,82.17465900816023,192.71927897352725,75.63826499972492
23,0,0,0,5,0,3,2,173.27257397118956,112.79141902923584,293.49528602324426,74.29637492168695
25,0,0,1,4,0,4,16,62.59503308683634,84.11492104642093,345.9924579365179,150.02785401884466
12,0,0,2,1,0,1,2,64.22454793937504,91.35061397682875,574.8500319896266,283.5739740403369
2,0,0,0,0,0,0,3830,16.181576065719128,20.12923511210829,68.83919599931687,69.02618799358606
28,0,0,4,4,0,3,39,170.65268091391772,248.1711960863322,1310.2248810464516,518.1418679421768
37,0,0,4,5,0,3,1,106.4530109288171,97.25504904054105,2820.198597968556,976.1357619427145
6,0,0,2,0,0,1,2320,80.80211898777634,119.47219306603074,202.4848769651726,135.560394031927
31,0,0,3,5,0,3,1,74.81458398979157,91.80124592967331,1289.0087249688804,557.4468160048127
9,0,0,1,2,0,4,3830,10.755146970041096,13.275425066240132,216.18389699142426,153.22512004058808
34,0,0,6,4,0,3,40,50.477507058531046,49.628057051450014,9138.38566292543,3757.5953389750794
33,0,0,5,5,0,3,7,144.96299205347896,193.02225508727133,2388.767231022939,1114.2488670302555
25,0,0,2,5,0,3,1,35.28992796782404,42.21296403557062,355.747633962892,178.23093303013593
17,0,0,2,3,0,3,264,227.19555103685707,263.53179395664483,306.6572219831869,140.55219001602381
24,0,0,1,4,0,3,1,84.63649405166507,105.22611299529672,382.14134704321623,180.77203095890582
77,0,0,8,13,0,4,1,84.07700899988413,95.02607700414956,26067.130048992112,7809.514953987673
38,0,0,2,6,0,3,1,70.6059819785878,82.14613003656268,785.3227179730311,279.42015894223005
29,0,0,2,5,0,3,1,68.2512269122526,83.12243991531432,736.6016979794949,283.3065610611811
36,0,0,2,6,0,3,0,51.05688003823161,72.74511200375855,683.4985860623419,250.4187379963696
83,0,0,2,8,0,3,1,70.4586140345782,83.55651202145964,995.4000249272212,295.3310909215361
11,0,0,1,1,0,1,1,60.48987107351422,88.49912998266518,288.9930109959096,143.48773995880038
30,0,0,5,5,0,3,3,91.01086598820984,129.89461608231068,5141.034645028412,1870.7399929407984
24,0,0,1,4,0,3,2,67.23410601262003,68.66257090587169,325.5016750190407,146.38370205648243
13,0,0,1,2,0,2,64,123.66161693353206,53.65872196853161,262.5742400996387,85.486413910985
24,0,0,3,4,0,3,3,93.15491304732859,107.42304800078273,1458.2487849984318,665.2399499434978
25,0,0,3,4,0,4,2,66.10418995842338,83.55200104415417,459.543792065233,292.79130906797945
17,0,0,1,2,0,3,375,87.83241303171962,92.03853993676603,346.17408097255975,159.09017203375697
36,0,0,6,5,0,4,3,91.20008698664606,102.7897170279175,10707.612238940783,4238.665072014555
84,0,0,6,16,0,4,1,126.72174093313515,174.5453509502113,6260.861131013371,1353.3280969131738
85,0,0,7,16,0,4,1,80.86976199410856,88.97619205527008,15381.654283031821,4567.131935968064
13,0,0,0,2,0,1,4,81.41769003123045,91.78458410315216,181.31904397159815,88.0647370358929
28,0,0,3,5,0,4,10,86.28786297049373,99.4282669853419,1476.5276670223102,579.082289012149
38,0,0,5,6,0,4,19,197.66062905546278,134.16753394994885,8229.009057045914,1916.7355760000646
45,0,0,1,5,0,3,1,77.72109308280051,84.00193194393069,437.9469120176509,148.96791405044496
37,0,0,3,5,0,3,1,72.25928793195635,89.46879010181874,1409.4849700341001,549.7169860173017
36,0,0,2,6,0,3,0,52.84685001242906,77.06165697891265,691.2210130831227,250.16128702554852
9,0,0,2,1,0,2,0,36.92190209403634,45.47023109626025,465.7655330374837,261.02819899097085
49,0,0,1,10,0,4,2,77.61999208014458,84.73869308363646,467.38067897967994,148.46633991692215
28,0,0,3,5,0,3,1,122.60116008110344,167.20671008806676,682.831458048895,279.064049012959
18,0,0,1,2,0,1,2,64.45448601152748,78.18523002788424,325.91688400134444,142.9886929690838
2,0,0,0,0,0,0,907,45.57890200521797,64.85619500745088,121.03328201919794,67.30921694543213
22,0,0,4,3,0,4,0,151.26881992910057,214.7910720668733,1629.2924049776047,623.8979650661349
14,0,0,3,1,0,2,2,32.852848060429096,45.638449024409056,309.9503379780799,281.09761292580515
38,0,0,2,6,0,3,1,58.9167270809412,82.63177005574107,772.0473250374198,301.5271070180461
12,0,0,1,2,0,3,471,85.96714807208627,95.24124604649842,369.89732598885894,159.2014339985326
26,0,0,6,3,0,3,26,97.51183399930596,125.95446198247373,6983.73786197044,3206.0633819783106
40,0,0,3,6,0,3,2,64.75423893425614,85.41872398927808,1625.0489390222356,586.8152070324868
7,0,0,1,1,0,1,1419,73.07752303313464,101.56352492049336,264.74058302119374,160.59356392361224
35,0,0,1,6,0,3,1,77.03345897607505,82.44409703183919,432.9162329668179,106.99191002640873
15,0,0,1,4,0,4,1419,77.69320299848914,104.62642298080027,342.7778489422053,119.17885893490165
17,0,0,1,2,0,3,8,62.35690601170063,81.86855900567025,165.42004502844065,75.41541499085724
17,0,0,3,2,0,3,538,176.25260399654508,240.08455604780465,614.2389239976183,273.04419490974396
42,0,0,0,6,0,3,1,29.116401099599898,37.95592300593853,99.45431200321764,49.238400999456644
35,0,0,2,5,0,3,1,66.90843997057527,81.22461196035147,734.830811037682,280.8063729899004
27,0,0,1,3,0,3,10,32.38485299516469,77.23753899335861,353.962896973826,77.60811096522957
24,0,0,6,3,0,3,1978,351.11756389960647,430.3625370375812,4373.251685989089,2058.1336580216885
12,0,0,0,2,0,3,795,69.71750303637236,94.30155693553388,154.0558710694313,50.44198501855135
6,0,0,0,1,0,1,186,52.85635602194816,76.35202305391431,140.18229104112834,71.87505601905286
20,0,0,2,3,0,4,1,83.56175199151039,93.28684094361961,617.5968560855836,275.4153119167313
35,0,0,1,5,0,4,1,75.62969601713121,83.7124950485304,169.74588797893375,66.51303998660296
4,0,0,0,1,0,1,352,114.01137395296246,145.25255002081394,122.39577400032431,89.33857001829892
31,0,0,1,6,0,3,1,67.15794303454459,81.05178899131715,375.8774290326983,138.21825908962637
28,0,0,1,6,0,3,7,125.29596698004752,97.47684700414538,412.6398069784045,71.45668601151556
14,0,0,4,2,0,3,1930,165.41931591928005,91.13159298431128,868.5810250462964,406.0879920143634
19,0,0,2,1,0,1,71,38.599805906414986,80.56798402685672,662.0604880154133,411.94579808507115
36,0,0,0,6,0,3,0,39.22622499521822,39.89753010682762,121.83018098585308,75.24502999149263
35,0,0,3,4,0,3,1,35.53395706694573,39.426753064617515,1092.1733400318772,589.78618204128
40,0,0,3,9,0,4,1,100.34781601279974,111.08385701663792,1320.5731260823086,542.5729800481349
18,0,0,1,2,0,2,6,84.60239903070033,93.97137898486108,362.02222504653037,149.29678209591657
23,0,0,1,3,0,3,1,77.97079300507903,88.26707501430064,360.10739603079855,152.6418710127473
44,0,0,3,5,0,4,1,78.79582408349961,81.45613002125174,854.2190510779619,296.4602750726044
20,0,0,3,1,0,1,98,132.4723910074681,200.52459102589637,731.6128759412095,411.1536559648812
30,0,0,6,2,0,3,0,75.87107201106846,95.34422005526721,4687.087730038911,1717.4612790113315
24,0,0,1,4,0,4,1,79.37158294953406,88.50993204396218,347.75625995825976,146.0832649609074
28,0,0,2,5,0,4,176,83.16309901420027,98.83175801951438,752.7366200229153,303.51075006183237
32,0,0,0,6,0,3,0,57.79280897695571,82.44748890865594,191.13140692934394,75.5646270699799
49,0,0,1,6,0,3,1,60.34702900797129,80.86653193458915,354.6798169845715,84.5903679728508
53,0,0,1,8,0,3,1,53.951411973685026,75.18486503977329,405.76701692771167,138.2945409277454
29,0,0,1,4,0,3,1,60.862338985316455,81.7394299665466,355.3850749740377,147.04630500636995
38,0,0,1,7,0,3,1,65.76357304584235,84.84513603616506,378.46198002807796,135.34090400207788
18,0,0,2,2,0,3,375,90.97962093073875,98.09647896327078,611.6837529698387,277.3941410705447
24,0,0,5,3,0,3,276,184.03290992137045,289.68300903216004,2461.417885031551,842.2669279389083
1,0,0,0,0,0,0,3830,10.909537901170552,12.808953993953764,64.75967599544674,64.16870700195432
21,0,0,0,4,0,3,85,67.81042797956616,84.79121490381658,185.49855996388942,83.36585096549243
44,0,0,3,6,0,3,1,87.49458100646734,96.34277003351599,1659.8765689413995,570.5637609353289
43,0,0,1,5,0,3,1,128.7351920036599,166.40467499382794,215.79037001356483,75.62548399437219
12,0,0,3,2,0,2,640,239.44965400733054,203.39906599838287,370.81149604637176,165.47637805342674
20,0,0,3,3,0,3,7,120.15917908865958,161.80866910144687,334.73544905427843,144.9280009837821
34,0,0,1,6,0,3,1,58.16501204390079,79.7396240523085,384.38281300477684,150.26818600017577
32,0,0,1,6,0,3,1,130.64881996251643,169.60488096810877,212.5099750701338,76.27690001390874
35,0,0,1,7,0,3,1,32.41778397932649,40.24509899318218,101.37592989485711,36.95596707984805
30,0,0,3,5,0,3,1,234.16208405978978,253.17721406463534,685.2789000840858,213.52288406342268
22,0,0,3,3,0,4,0,90.38362500723451,159.15348392445594,644.9241469381377,281.1242190655321
34,0,0,4,4,0,3,0,52.36088891979307,72.59267591871321,1230.1638829521835,506.6194720566273
44,0,0,5,8,0,4,1,91.75819298252463,109.7200239310041,4526.280452031642,2158.0339199863374
32,0,0,0,4,0,3,0,55.35199702717364,76.917145983316,180.8910040417686,70.60104690026492
25,0,0,3,4,0,4,1,83.63684499636292,96.92586201708764,1419.1000740975142,575.3239580662921
22,0,0,5,3,0,3,1978,274.490871001035,319.1330269910395,2861.8572880513966,1069.3400029558688
32,0,0,2,6,0,3,1,132.52544205170125,167.49362705741078,418.8025110634044,148.98380090016872
6,0,0,0,1,0,1,650,55.40321895387024,74.25325398799032,139.7696929052472,76.67366391979158
16,0,0,3,2,0,3,1978,146.42675803042948,161.06780001427978,1510.066310991533,551.5523889334872
31,0,0,3,6,0,4,10,81.1416219221428,96.8034639954567,1417.5138589926064,555.4084930336103
82,0,0,4,16,0,4,1,80.01023600809276,75.88859903626144,3685.3180340258405,1140.9707589773461
85,0,0,7,16,0,4,1,46.116075944155455,48.77440701238811,30784.751929924823,7604.537680046633
37,0,0,6,7,0,4,54,92.15408307500184,106.34293092880398,9599.847913021222,4103.757022996433
36,0,0,3,5,0,3,1,77.51001394353807,89.84051900915802,1475.4894300131127,560.0961699383333
34,0,0,5,4,0,4,14,72.33076100237668,98.64463994745165,4938.093959004618,2166.5613340446725
54,0,0,3,9,0,4,1,56.56199995428324,78.03700992371887,739.7039459319785,198.3246309682727
12,0,0,2,1,0,1,0,87.88294706027955,119.6774790296331,693.8899550586939,184.9180479766801
29,0,0,1,4,0,3,1,68.22054099757224,80.95067192334682,197.02717196196318,73.0206350563094
32,0,0,1,5,0,3,1,59.27902506664395,81.21290698181838,370.8603219129145,149.8748540179804
23,0,0,3,3,0,3,29,35.40584200527519,41.32207401562482,642.7216849988326,267.2598659992218
43,0,0,3,6,0,4,1,64.30211302358657,86.82293200399727,768.944003037177,286.266797920689
20,0,0,1,3,0,3,27,65.12107700109482,85.48923500347883,328.96545506082475,143.96015205420554
51,0,0,2,4,0,3,1,48.97801601327956,80.18146199174225,785.8075919793919,288.802410941571
9,0,0,0,2,0,3,2875,115.1130449725315,139.0458670211956,196.22863898985088,167.4203269649297
53,0,0,3,6,0,3,1,33.87151996139437,39.74825202021748,1494.5424710167572,347.41656098049134
26,0,0,3,3,0,3,7,116.50589399505407,165.96482798922807,664.7829699795693,297.1455150982365
31,0,0,3,5,0,3,7,73.79711593966931,96.42481210175902,1396.3571200147271,576.1921119410545
4,0,0,1,0,0,1,2490,55.31387496739626,81.2952370615676,96.39799501746893,71.17221702355891
25,0,0,1,3,0,2,1,46.622250927612185,40.06141202989966,232.67746903002262,149.20655300375074
30,0,0,3,6,0,4,1,79.1623709956184,90.95932799391448,1427.2852590074763,554.5604580547661
2,0,0,0,0,0,0,3830,16.11003594007343,20.57098690420389,69.78214508853853,68.21593805216253
32,0,0,4,6,0,3,0,64.31302393320948,82.69017201382667,974.5639349566773,270.3624239657074
31,0,0,3,5,0,3,18,69.97334095649421,83.62587296869606,1452.4088070029393,558.5986409569159
4,0,0,1,0,0,1,907,94.18393892701715,139.1951150726527,127.98272201325744,71.03256206028163
15,0,0,2,1,0,3,83,85.21510998252779,103.09433296788484,582.5738509884104,283.95327797625214
5,0,0,0,1,0,1,1031,51.17893300484866,71.75527489744127,131.73136592376977,78.35855602752417
2,0,0,0,0,0,0,3830,16.043766983784735,20.71285096462816,69.58082097116858,69.278908893466
13,0,0,1,3,0,4,0,50.686622969806194,72.49963795766234,277.09332201629877,134.00578894652426
22,0,0,3,3,0,3,84,96.53414401691407,100.48526898026466,1302.740396000445,539.3072030274197
32,0,0,2,6,0,3,1,153.51231605745852,105.72499502450228,1122.2323800902814,313.5194359347224
35,0,0,3,7,0,3,0,110.68625608459115,162.6236360752955,755.4480619728565,279.73096107598394
38,0,0,2,6,0,4,3,80.19633498042822,85.09066596161574,725.63897294458,286.37926594819874
19,0,0,1,2,0,3,51,65.27991301845759,87.81731000635773,190.412170952186,69.86226700246334
9,0,0,1,1,0,3,3830,5.518633988685906,6.6273759584873915,105.3672309499234,89.56180908717215
27,0,0,4,3,0,3,17,39.39801501110196,41.99896799400449,2273.307062103413,1148.9961399929598
51,0,0,2,11,0,3,1,76.55067602172494,89.58798495586962,878.5191610222682,265.25121997110546
18,0,0,2,3,0,3,8,51.451802952215075,40.2304659364745,597.504669916816,272.6344510447234
3,0,0,0,0,0,0,287,51.3019859790802,72.59506301488727,131.18820707313716,70.0957829831168
38,0,0,1,6,0,3,1,63.457949087023735,79.38949903473258,242.19730705954134,96.60430101212114
46,0,0,1,9,0,3,1,71.34632801171392,83.5465919226408,435.85545395035297,140.88573993649334
34,0,0,4,3,0,3,6,65.59372798074037,85.86553996428847,2683.1813040189445,1171.8846029834822
25,0,0,7,3,0,4,3062,294.46711007039994,386.79830997716635,7843.039412982762,2955.0278590759262
29,0,0,5,2,0,3,2,77.4537519318983,108.95819601137191,5176.0544560384005,2388.1741689983755
89,0,0,11,16,0,4,1,85.82646900322288,94.85429199412465,60000.0,32326.118297991343
8,0,0,3,1,0,2,3830,18.98632594384253,25.381108978763223,279.0276790037751,173.3560770517215
90,0,0,2,4,0,3,1,71.08375709503889,83.08574499096721,967.4751330167055,333.18243897520006
25,0,0,2,4,0,3,2,96.62431199103594,100.26735800784081,641.6839370504022,145.01175796613097
37,0,0,2,6,0,3,1,63.18329100031406,81.5408950438723,786.0096370568499,299.54508296214044
29,0,0,1,4,0,3,3,70.17033407464623,81.74392196815461,373.7987090134993,142.26378605235368
49,0,0,4,6,0,4,0,69.3070919951424,87.32335595414042,2762.7314690034837,1059.5095069147646
82,0,0,4,16,0,4,1,41.7650300078094,45.1119439676404,2532.8699599485844,816.0979710519314
22,0,0,1,3,0,3,1,73.12344608362764,86.94700407795608,328.47030309494585,143.79108091816306
26,0,0,1,5,0,3,1,36.05906502343714,43.68940205313265,343.68104697205126,140.79251303337514
7,0,0,1,0,0,1,622,53.69167006574571,77.69459905102849,242.54257499706,130.540190031752
36,0,0,6,5,0,4,0,484.9788281135261,515.4672130011022,6144.292348064482,1509.7790129948407
45,0,0,1,6,0,3,1,34.51693395618349,42.49508096836507,105.3809350123629,37.20671299379319
63,0,0,3,10,0,3,1,35.05501104518771,42.97852306626737,1622.0250260084867,587.4458369798958
76,0,0,7,13,0,4,1,121.5273659909144,101.29427793435752,27494.99571195338,8029.776957002468
23,0,0,2,4,0,4,0,48.490153974853456,80.28227800969034,642.8903549676761,297.47573600616306
8,0,0,2,1,0,2,650,61.054174904711545,79.26551497075707,463.82152603473514,235.56607007049024
18,0,0,3,3,0,3,25,114.4208840560168,166.51389806065708,614.7987759904936,274.25294800195843
39,0,0,5,3,0,4,3,80.65231691580266,84.26291402429342,5058.488017995842,2265.3490129159763
44,0,0,1,8,0,3,1,91.0856690024957,94.60589895024896,451.19923702441156,146.67769300285727
29,0,0,2,4,0,4,66,88.94931501708925,95.5256229499355,716.5397299686447,287.3220139881596
34,0,0,2,4,0,3,1,62.312216963618994,84.75420903414488,524.0029089618474,145.19343501888216
35,0,0,2,6,0,4,1,66.44860899541527,81.11171901691705,395.5812659114599,142.9377389140427
38,0,0,2,7,0,3,2,35.74754507280886,46.459596953354776,417.9893679684028,262.9897160222754
25,0,0,6,3,0,3,236,129.45569097064435,171.09773005358875,2562.6099100336432,1020.3066860558465
37,0,0,8,3,0,3,0,74.69711103476584,94.67046498320997,36603.05437806528,16548.301452072337
5,0,0,2,0,0,1,3830,20.32181399408728,27.739153942093253,266.93888707086444,93.6879359651357
84,0,0,6,16,0,4,1,92.18296397011727,105.67483096383512,15314.749123994261,4581.914711976424
32,0,0,4,5,0,4,32,129.12578403484076,176.72723904252052,1336.8281709263101,576.3075880240649
23,0,0,1,3,0,3,1,61.43543298821896,82.90509099606425,355.1685839192942,153.23595399968326
50,0,0,1,7,0,3,1,76.93282596301287,82.57287903688848,450.06814191583544,150.1854860689491
28,0,0,1,4,0,3,1,66.14269106648862,82.96509308274835,377.6356920134276,149.79343093000352
26,0,0,6,3,0,3,31,86.48415992502123,111.63190205115825,7065.071164048277,2688.945843023248
34,0,0,3,5,0,3,1,34.85002997331321,41.092281113378704,1367.8993480280042,270.85069892928004
27,0,0,2,2,0,2,1,82.19114900566638,87.53415697719902,682.0464819902554,288.2237979210913
5,0,0,1,0,0,1,287,53.8449949817732,78.5617979709059,263.12615792267025,136.50030305143446
28,0,0,4,2,0,3,1,34.976813942193985,64.68301895074546,991.4524559862912,527.2456470411271
30,0,0,4,5,0,4,10,76.14696607924998,96.65736393071711,2443.787622032687,834.0727241011336
86,0,0,8,16,0,4,1,68.01490706857294,83.39985308703035,28182.88152408786,9144.805405056104
28,0,0,2,2,0,2,1,61.17119698319584,82.39299803972244,688.204952981323,294.11044192966074
35,0,0,6,3,0,3,0,245.8891369169578,296.83314298745245,5082.718290039338,1708.2718739984557
19,0,0,0,4,0,3,11,145.93954710289836,96.80826892144978,289.2615889431909,83.44560791738331
20,0,0,4,3,0,3,8,121.19300896301866,163.40287297498435,333.5974650690332,145.14244394376874
37,0,0,5,7,0,4,3,130.5093050468713,164.09322700928897,1344.0528670325875,559.3442600220442
21,0,0,2,3,0,3,0,50.17029098235071,69.52707108575851,591.8014689814299,238.4595249313861
31,0,0,2,3,0,2,2,67.15105508919805,80.58580500073731,710.6319880113006,279.28017801605165
21,0,0,5,3,0,5,335,79.22659197356552,186.0530599951744,1206.3609509496018,527.5366590358317
14,0,0,5,0,0,1,622,150.08848696015775,229.44677295163274,1933.5259429644793,958.0511960666627
16,0,0,0,2,0,3,1,62.874322989955544,91.19004500098526,177.12454195134342,89.31947406381369
39,0,0,4,7,0,4,3,93.48584897816181,110.9444509493187,3103.7399229826406,1135.880941990763
29,0,0,2,3,0,3,0,106.50538094341755,156.5991280367598,342.19702996779233,139.436429948546
38,0,0,1,6,0,3,1,68.84092406835407,82.9522869316861,405.2042090333998,150.1879550050944
34,0,0,4,6,0,4,0,61.640304047614336,80.30400006100535,1347.1572230337188,549.0550741087645
23,0,0,2,4,0,3,3,144.30134801659733,172.52618703059852,388.4589539375156,171.0161139490083
3,0,0,0,0,0,0,2490,30.627826927229762,44.07761502079666,95.83956596907228,70.57262200396508
48,0,0,3,9,0,4,2,80.55600395891815,88.51325698196888,987.5411199172959,423.47316700033844
57,0,0,3,10,0,3,1,72.81512196641415,91.74300904851407,1818.010468967259,595.503977034241
24,0,0,5,3,0,3,276,238.50564507301897,289.2662960803136,2290.653973002918,1037.1341980062425
40,0,0,9,7,0,4,647,426.1627160012722,445.1857500243932,18905.458393972367,7454.993241932243
25,0,0,2,4,0,4,1,72.79169000685215,86.54692792333663,669.4898069836199,289.6650369511917
41,0,0,1,4,0,3,1,63.65611404180527,84.36655101832002,376.0098749771714,149.1823559626937
30,0,0,2,3,0,3,9,62.24416696932167,81.68738509994,624.6986250625923,297.7047829190269
15,0,0,3,2,0,4,0,299.5823289966211,286.28386405762285,1049.4342130841687,292.5642899936065
36,0,0,1,7,0,3,1,67.7010630024597,81.18551399093121,396.1269239662215,142.89797598030418
37,0,0,3,6,0,4,0,55.97387999296188,78.43476091511548,1189.4220750546083,482.3836740106344
26,0,0,1,5,0,3,1,78.2198819797486,89.21303192619234,398.603462963365,145.57192695792764
32,0,0,2,3,0,3,1,59.604265028610826,81.28153800498694,704.038065043278,298.8230719929561
33,0,0,2,3,0,2,0,77.12870801333338,85.04998101852834,722.3912249319255,169.8871289845556
32,0,0,4,6,0,4,1,71.14537199959159,89.36805301345885,1307.3908060323447,520.6166869029403
27,0,0,1,4,0,3,2,77.30809203349054,85.32450092025101,365.48162705730647,147.06119091715664
21,0,0,6,2,0,2,887,110.15483201481402,155.43326700571924,5081.228788010776,2669.489349005744
25,0,0,3,4,0,3,3,86.5576429059729,89.9027589475736,588.9274580404162,296.121516963467
25,0,0,4,2,0,4,95,68.45360493753105,94.3078949349001,2414.7527889581397,1160.4359779739752
26,0,0,1,4,0,2,1,51.586195011623204,72.955347946845,330.97069791983813,130.48542803153396
38,0,0,2,5,0,4,1,65.04646397661418,86.91065898165107,705.4742929758504,298.403054010123
14,0,0,4,2,0,2,640,156.35275095701218,183.19141399115324,1091.2054249783978,629.598738043569
21,0,0,4,3,0,3,7,231.21364298276603,267.4767170101404,627.442862954922,269.55789304338396
25,0,0,2,4,0,3,49,72.80563598033041,83.58889003284276,359.3110570218414,147.26974593941122
43,0,0,4,8,0,4,5,80.5192079860717,87.40077307447791,2855.5505810072646,1134.9217930110171
27,0,0,5,3,0,3,29,65.32837194390595,79.65798606164753,2764.511078945361,718.1011140346527
31,0,0,4,4,0,4,2,68.51049803663045,58.118163025937974,1983.8529829867184,1026.567935012281
21,0,0,2,3,0,2,2,120.70183991454542,126.60088599659503,163.22704101912677,66.95233704522252
22,0,0,4,3,0,4,2,182.67302308231592,259.3052189331502,1239.7150120232254,559.5057579921558
36,0,0,0,6,0,3,0,67.07369699142873,82.61604106519371,209.55224602948874,76.45158492960036
36,0,0,2,6,0,3,0,26.166858966462314,36.81661793962121,437.6216920791194,251.2283850228414
17,0,0,1,3,0,4,87,64.66922897379845,77.76228105649352,165.7517880667001,74.58212599158287
35,0,0,1,4,0,3,1,69.28450101986527,86.02408308070153,371.1804460035637,146.9584759324789
40,0,0,3,3,0,3,1,71.63930393289775,88.97914597764611,1434.351022937335,548.105627996847
54,0,0,3,9,0,4,1,55.37556600756943,77.57877605035901,816.5708610322326,275.62237705569714
33,0,0,3,4,0,3,0,103.24530093930662,153.43008399941027,661.5225189598277,255.06103795487434
28,0,0,1,5,0,3,1,56.128719937987626,79.92791500873864,356.9107248913497,150.84372099954635
6,0,0,2,1,0,2,3830,14.868409023620188,19.237300963141024,142.54850498400629,58.595148962922394
37,0,0,0,5,0,3,0,33.728283015079796,40.5033640563488,198.71146499644965,75.03040391020477
38,0,0,5,5,0,3,1,55.47695606946945,43.18933200556785,5521.261019050144,2108.016320038587
48,0,0,1,9,0,3,0,68.2992769870907,83.50233896635473,444.73752297926694,149.86643695738167
33,0,0,1,4,0,3,1,56.95352703332901,80.779047915712,363.33511595148593,130.40280889254063
39,0,0,9,5,0,4,104,478.63012296147645,501.16708606947213,46339.24978401046,13598.218746017665
11,0,0,1,2,0,2,233,93.55778596363962,86.4024149486795,98.72540005017072,39.17339397594333
37,0,0,2,6,0,4,1,31.93442802876234,40.04979599267244,415.0981690036133,291.65412799920887
36,0,0,5,3,0,3,1,81.71055396087468,92.17727498617023,2437.6460909843445,1124.950643046759
16,0,0,1,2,0,1,2,64.79902390856296,79.97362699825317,314.8812629515305,142.776210908778
29,0,0,3,3,0,2,1,121.45295296795666,118.74398903455585,633.7627640459687,266.94970100652426
43,0,0,4,8,0,4,1,90.053063002415,106.1133979819715,3194.690992939286,1124.5293589308858
37,0,0,6,3,0,2,1,131.86076807323843,172.6326079806313,5219.8849119013175,2249.245387967676
28,0,0,3,5,0,3,0,104.28756603505462,155.48737498465925,433.2395839737728,133.56237090192735
1,0,0,0,0,0,0,1951,19.408695050515234,27.125366032123566,57.706292951479554,31.830188003368676
29,0,0,4,5,0,4,1,123.77971597015858,172.17450798489153,1255.3953569149598,550.6704739527777
43,0,0,1,8,0,3,1,64.93312504608184,85.02599596977234,421.29541805479676,149.44850408937782
48,0,0,4,10,0,4,7,87.18652895186096,90.5080980155617,3329.920402960852,1217.0406649820507
44,0,0,1,7,0,3,1,60.863060993142426,80.5024279979989,416.88391100615263,151.62406209856272
36,0,0,8,4,0,3,1,119.2561590578407,137.47154106386006,20769.23608907964,8838.083695038222
27,0,0,2,5,0,4,36,82.31837302446365,99.46940396912396,758.2127850037068,257.5800910126418
62,0,0,2,10,0,3,1,69.20591997914016,85.0796839222312,972.8101410437375,294.92081701755524
29,0,0,1,4,0,3,1,77.61815201956779,86.18008194025606,392.0200510183349,147.45044894516468
20,0,0,1,4,0,3,3,67.59540399070829,74.42040299065411,219.96342588681728,147.59977697394788
14,0,0,0,1,0,1,98,72.58937798906118,108.73235098551959,183.52732504718006,108.99685497861356
26,0,0,2,3,0,1,1,36.610206007026136,38.922448991797864,409.6109870588407,291.13517701625824
32,0,0,2,4,0,3,1,72.93865701649338,90.04897298291326,707.315790001303,277.46050793211907
95,0,0,5,4,0,3,1,35.14929302036762,40.21489201113582,2859.8935910267755,890.0123289786279
35,0,0,4,7,0,4,17,66.27996498718858,78.53466493543237,2470.1476199552417,755.4175149416551
34,0,0,4,6,0,4,3,122.6242680568248,112.1545130154118,1032.160590053536,314.8480949457735
43,0,0,4,8,0,4,1,90.41794098448008,99.42967002280056,2692.7399859996513,682.3970479890704
25,0,0,1,5,0,3,10,62.34900502022356,39.97260797768831,191.41237204894423,74.602045933716
20,0,0,5,2,0,2,1028,194.4490009918809,277.5527900084853,2595.6962049240246,1352.7770229848102
25,0,0,4,2,0,4,132,40.19575600977987,50.23614002857357,2082.197493989952,1155.5003320099786
17,0,0,1,2,0,2,1,55.249538039788604,77.4684970965609,296.27168690785766,135.99211804103106
8,0,0,3,1,0,2,3830,19.252668018452823,24.689030018635094,291.1780149443075,173.2876959722489
14,0,0,3,2,0,3,994,168.42052096035331,221.46063798572868,654.3232499388978,318.4910009149462
6,0,0,0,1,0,1,640,122.81645997427404,163.85171504225582,129.55016095656902,109.89512398373336
22,0,0,4,2,0,3,3,69.64904593769461,86.52368606999516,1866.686451015994,799.35711203143
14,0,0,0,2,0,1,0,53.33942791912705,78.13606702256948,151.7543790396303,72.53095402847975
28,0,0,4,3,0,3,2,66.40957004856318,82.76867994572967,2166.9971810188144,828.6106230225414
14,0,0,3,2,0,4,2320,185.85351901128888,183.9300059946254,364.8661139886826,176.1837500380352
9,0,0,3,1,0,1,340,153.60990003682673,422.8997800964862,605.5631430353969,347.66685508657247
10,0,0,1,0,0,1,3,56.04754399973899,82.52124802675098,282.0322309853509,139.9645550409332
17,0,0,2,2,0,3,168,160.9955980675295,244.11692190915346,310.2435759501532,141.51766407303512
36,0,0,6,6,0,4,190,204.28089599590749,245.96269498579204,3924.2555800592527,1467.0240049017593
36,0,0,5,3,0,2,1,79.46636399719864,99.00732804089785,5502.248766017146,2237.4160799663514
19,0,0,1,2,0,3,7,75.04995597992092,94.90628994535655,340.5575680080801,163.4577950462699
34,0,0,3,5,0,4,0,57.18251201324165,87.75461302138865,694.117775070481,296.14688199944794
25,0,0,2,4,0,3,2,74.81476303655654,95.54218396078795,670.9831010084599,266.76290901377797
25,0,0,4,3,0,3,29,118.20973502472043,160.24150291923434,967.025636928156,272.6960419677198
38,0,0,1,6,0,3,1,66.95734499953687,83.41279299929738,208.5485589923337,42.29355207644403
30,0,0,1,3,0,3,2,39.721459965221584,41.658616974018514,313.5858440073207,148.96015101112425
10,0,0,4,0,0,1,1522,150.78499598894268,235.002203960903,869.3351850379258,431.2888600397855
24,0,0,1,5,0,4,2,175.1895259367302,115.46376708429307,297.25711001083255,77.12426595389843
40,0,0,8,7,0,4,57,123.38634510524571,170.3326840652153,11266.152936965227,4358.363855979405
27,0,0,3,5,0,3,1,125.76774798799306,166.9467999599874,691.7683890787885,277.79496496077627
35,0,0,3,7,0,4,2,105.37746001500636,159.68799707479775,734.0168450027704,165.86744296364486
2,0,0,1,0,0,1,3830,12.274897075258195,14.431479969061911,64.24675299786031,65.11498708277941
15,0,0,1,1,0,1,85,57.676554075442255,77.07920100074261,78.45313695725054,36.29056201316416
35,0,0,4,3,0,3,1,47.64435195829719,53.88753302395344,2034.2482860432938,1168.9924239180982
13,0,0,5,1,0,2,3830,12.739057885482907,17.089989967644215,912.3944059247151,1062.190538039431
24,0,0,6,2,0,2,50,110.99244793877006,151.0231849970296,5986.456698970869,2876.4609219506383
53,0,0,1,10,0,3,1,32.46044204570353,38.68980403058231,352.2085710428655,143.6250420520082
13,0,0,4,1,0,2,0,244.94323995895684,265.17063507344574,1191.5140630444512,622.8073019301519
31,0,0,2,7,0,3,1,49.146575038321316,69.61264309938997,674.7914700536057,243.70771506801248
8,0,0,1,0,0,1,433,55.58600008953363,80.9179589850828,258.55934305582196,133.97039601113647
27,0,0,1,4,0,4,1,65.96155394800007,78.9939749520272,335.0717358989641,143.9800299704075
40,0,0,1,7,0,3,1,122.04818706959486,160.2245260728523,202.2015299880877,35.610190010629594
28,0,0,3,2,0,2,2,72.66690395772457,86.22301905415952,1305.9458809439093,542.1607019379735
29,0,0,4,5,0,3,0,105.65545409917831,157.067641033791,1323.6688249744475,543.1709210388362
39,0,0,5,4,0,3,1,93.18765602074564,89.42386705894023,6196.198699995875,2333.514658967033
34,0,0,2,5,0,3,1,78.38670699857175,87.74247695691884,707.5004540383816,273.39956595096737
18,0,0,3,3,0,4,176,51.969350897707045,73.85393709409982,1072.5283189676702,487.9057960351929
35,0,0,3,4,0,4,1,63.09261289425194,86.67215891182423,1270.1907539740205,286.48056695237756
8,0,0,3,0,0,1,907,101.56862298026681,151.14213607739657,504.97229502070695,253.83500708267093
74,0,0,5,13,0,4,1,134.23193001654,169.31414895225316,3727.4970170110464,1139.7306920262054
25,0,0,2,5,0,3,6,279.0771699510515,278.40007294435054,338.28795806039125,130.7348320260644
85,0,0,7,16,0,4,1,40.89623596519232,43.7500299885869,30022.93171500787,7061.142525984906
35,0,0,6,3,0,2,1,66.9856769964099,83.5311149712652,10471.091117011383,4253.727319999598
30,0,0,1,4,0,3,1,66.28998892847449,81.75164391286671,378.24081897269934,143.21494998876005
34,0,0,2,6,0,4,7,36.78520699031651,41.89780994784087,732.3833840200678,282.58035599719733
31,0,0,2,6,0,4,49,82.69851398654282,95.97110806498677,728.4613440278918,294.1413799999282
31,0,0,2,4,0,3,2,68.7055999878794,82.88279094267637,745.3687280649319,295.4100569477305
18,0,0,1,3,0,3,23,148.42911204323173,91.9273670297116,462.65946596395224,78.02987599279732
51,0,0,3,8,0,4,1,59.173056040890515,76.98044704739004,768.4571329737082,283.25595799833536
61,0,0,5,11,0,4,1,290.1887909974903,207.57239102385938,4865.185262053274,1162.5857170438394
34,0,0,6,4,0,5,1,102.4111860897392,101.23016394209117,5430.974046932533,2290.0671149836853
88,0,0,10,16,0,4,1,134.3049630522728,166.7998330667615,60000.0,32061.252181068994
9,0,0,3,1,0,2,2343,151.14648104645312,184.63555304333568,457.6945119770244,234.5118010416627
32,0,0,4,4,0,3,2,88.36233906913549,122.70081101451069,1136.0777919180691,546.3261919794604
41,0,0,8,6,0,4,120,189.9655000306666,152.45142299681902,60000.0,18368.570407037623
36,0,0,6,6,0,4,190,107.01325396075845,149.61890305858105,4315.770008019172,2149.3320730514824
62,0,0,1,4,0,3,1,59.91676601115614,82.3191509116441,403.1824880512431,150.63444199040532
42,0,0,3,8,0,3,1,80.51093108952045,89.19889898970723,1363.028996041976,285.7446559937671
31,0,0,2,5,0,4,1,79.50770109891891,82.5917039765045,400.27860598638654,149.0507290000096
28,0,0,4,4,0,4,2,151.50254406034946,193.13960301224142,1547.188414959237,741.8098889756948
11,0,0,1,2,0,3,23,75.94781694933772,111.0601699911058,323.2876299880445,120.21246599033475
18,0,0,0,2,0,3,38,29.46496696677059,41.64597194176167,125.60268503148109,77.96161493752152
37,0,0,6,3,0,3,0,73.57841404154897,95.50955193117261,10244.196780025959,3650.6958010140806
45,0,0,5,6,0,4,1,115.8982600318268,165.00827996060252,1525.5095009924844,563.4831020142883
44,0,0,3,6,0,3,1,100.7598100695759,96.63169202394783,1649.5136759476736,569.1683010663837
55,0,0,1,8,0,3,1,78.35403096396476,85.14990704134107,504.48711100034416,146.63639897480607
35,0,0,7,4,0,4,26,199.09382902551442,264.4514210987836,9856.735827983357,4051.337603945285
36,0,0,4,7,0,3,2,141.58931106794626,178.66046295966953,1493.8096890691668,551.5849629882723
59,0,0,2,6,0,3,1,63.64674505311996,77.75332895107567,500.307081034407,287.2979260282591
10,0,0,1,1,0,2,706,61.772875022143126,89.3157540122047,305.9896759223193,191.9907769188285
6,0,0,2,0,0,1,2320,80.03390801604837,119.03120297938585,202.97252899035811,136.19487592950463
10,0,0,0,2,0,1,88,81.05896099004894,99.10579898860306,182.90044006425887,97.41008596029133
35,0,0,7,4,0,3,1,98.28198095783591,100.21251405123621,18852.391993044876,8589.283462963067
29,0,0,5,4,0,4,3,205.66888293251395,286.6962959524244,2805.7154590496793,1441.4714019512758
32,0,0,4,5,0,3,7,125.29729306697845,175.00207503326237,1402.9669910669327,578.4508499782532
28,0,0,2,3,0,3,4,79.66874504927546,90.33879404887557,717.3454640433192,300.5509260110557
87,0,0,9,16,0,4,1,81.62711595650762,87.87015604320914,59177.11331194732,15762.660112930462
4,0,0,0,0,0,0,1488,41.007018997333944,59.246225049719214,113.86571603361517,73.1465860735625
83,0,0,5,16,0,4,1,46.471623005345464,48.69555402547121,7837.63910504058,2251.1160579742864
19,0,0,0,4,0,3,23,67.1791429631412,80.20149194635451,175.73398002423346,75.06834901869297
21,0,0,4,3,0,3,236,136.68205891735852,180.1552769029513,1269.9030300136656,547.4153930554166
34,0,0,3,5,0,3,0,70.47137001063675,84.99606605619192,1503.003838006407,558.3705219905823
39,0,0,1,5,0,3,1,63.649851945228875,79.30850703269243,375.0622869702056,144.5160439470783
18,0,0,1,4,0,4,994,245.01716205850244,207.1139309555292,263.98217398673296,83.7284920271486
13,0,0,2,1,0,3,2490,49.457255052402616,53.96143696270883,333.88893702067435,119.10548398736864
40,0,0,2,6,0,3,1,55.88292796164751,80.57617000304163,811.8509600171819,295.7476059673354
32,0,0,2,4,0,4,1,69.2381429253146,84.97799490578473,687.0815400034189,288.81704004015774
36,0,0,4,7,0,4,17,123.70075192302465,160.87066393811256,1466.9526279903948,488.93711098935455
13,0,0,3,1,0,2,1226,42.088247020728886,97.29330602567643,1115.3833050047979,640.6364840222523
40,0,0,6,4,0,4,1,54.79006504174322,98.29758293926716,9884.991282015108,4501.090032979846
49,0,0,4,9,0,4,2,132.30520603246987,169.73093803972006,1595.7681280560791,577.3154250346124
36,0,0,5,3,0,3,1,42.9040800081566,68.9635529415682,4174.325029016472,2293.4233660344034
43,0,0,1,9,0,3,1,69.77584899868816,83.09428696520627,437.5575919402763,141.96124800946563
68,0,0,5,13,0,4,1,64.26737399306148,90.74524999596179,6540.878206957132,2081.4783469541
38,0,0,1,4,0,3,1,77.95908802654594,83.49027705844492,410.34314793068916,149.95620993431658
41,0,0,4,6,0,3,1,169.17446092702448,257.4889180250466,1585.7767109991983,454.91799199953675
34,0,0,1,5,0,3,1,65.63228799495846,79.51306307222694,374.48883696924895,141.53436000924557
14,0,0,3,2,0,4,2320,217.22884895280004,243.1556519586593,362.03191708773375,179.95673802215606
8,0,0,1,0,0,1,622,50.516115967184305,73.07662698440254,256.3512419583276,139.95669991709292
10,0,0,3,1,0,2,0,147.29590702336282,165.73578596580774,518.6959579586983,261.04546489659697
32,0,0,2,4,0,3,1,56.682206923142076,80.57158894371241,706.341051030904,302.9160419246182
76,0,0,1,12,0,3,1,67.61687807738781,81.3204349251464,514.0754190506414,152.81167591456324
43,0,0,4,6,0,3,1,73.01006396301091,87.09159505087882,1653.4319369820878,581.5097580198199
13,0,0,2,1,0,2,546,68.99409799370915,99.20681302901357,618.4596189996228,358.8846450438723
19,0,0,1,3,0,3,2,78.94667889922857,107.26175201125443,388.2923439377919,193.3911320520565
19,0,0,4,3,0,3,62,120.72715407703072,173.62194193992764,1159.7606879658997,419.55944104120135
36,0,0,7,4,0,3,21,65.36791706457734,78.06760410312563,10095.126308966428,4335.873291012831
35,0,0,7,4,0,3,40,118.61514102201909,123.75085090752691,19786.6037680069,7866.2298689596355
4,0,0,1,0,0,1,2320,41.391205973923206,58.69316798634827,253.73156601563096,162.50774904619902
29,0,0,4,3,0,3,58,68.37301002815366,85.54127102252096,2705.585867050104,848.2076110085472
20,0,0,2,4,0,3,15,79.22482793219388,115.51956308539957,512.9504749784246,301.51154298800975
24,0,0,3,3,0,3,0,70.88024890981615,92.39061293192208,1247.1305970102549,548.1302310945466
4,0,0,2,0,0,1,3830,15.825766022317111,20.21127101033926,69.38027800060809,69.61442704778165
37,0,0,6,3,0,3,0,85.0919580552727,85.61610197648406,9827.490046969615,3274.172296980396
8,0,0,3,1,0,2,3830,18.79820297472179,25.167107000015676,278.22694496717304,173.30275801941752
23,0,0,2,4,0,3,0,89.92182300426066,105.7819239795208,735.4702729498968,335.8900909079239
18,0,0,0,3,0,3,15,77.75761396624148,84.56508396193385,100.50521895755082,36.87253198586404
46,0,0,1,9,0,3,1,70.42438501957804,82.89369998965412,436.0045859357342,142.71136291790754
20,0,0,5,3,0,4,2875,126.88016798347235,166.56016698107123,651.4855329878628,504.65234799776226
19,0,0,1,2,0,2,1,114.24051399808377,164.76403106935322,173.39602310676128,77.42321398109198
28,0,0,4,4,0,3,2,77.88943208288401,85.9671690268442,1530.6357380468398,582.1957500884309
25,0,0,6,3,0,3,843,306.05851800646633,336.83956507593393,4791.4001640165225,2097.4896700354293
28,0,0,3,5,0,4,246,52.34158493112773,45.16643995884806,809.6231740200892,457.1290930034593
30,0,0,1,6,0,3,1,76.01872400846332,84.82636697590351,417.18481900170445,151.0191720444709
39,0,0,8,3,0,2,4,81.00667700637132,98.61911495681852,41925.32755096909,17778.965138015337
83,0,0,5,16,0,4,1,135.37953700870275,168.2146879611537,3836.0654480056837,1126.8362309783697
36,0,0,5,5,0,4,21,72.9140059556812,90.17661900725216,5544.645776040852,2190.444460953586
7,0,0,0,2,0,1,177,66.07443594839424,49.086983082816005,98.98807108402252,46.777099021710455
28,0,0,1,4,0,3,2,121.73903500661254,84.07479396555573,425.5602360935882,144.42480995785445
80,0,0,1,8,0,3,1,65.53275894839317,75.93239902053028,471.7742680804804,133.85905092582107
31,0,0,3,4,0,4,1,136.57311408314854,172.2834249958396,709.4794729491696,286.0988669563085
18,0,0,3,4,0,3,44,203.4351930487901,188.46264900639653,238.64915897138417,74.16340301278979
7,0,0,0,1,0,1,233,59.846709948033094,84.5211329869926,142.1643440844491,71.95370097178966
13,0,0,1,2,0,1,1,88.96564203314483,149.57533997949213,149.7776850592345,71.40381098724902
34,0,0,2,7,0,3,1,119.68615103978664,161.0280980821699,393.75079004094005,143.85371503885835
26,0,0,3,4,0,4,38,78.79823097027838,116.76911497488618,1250.9502660250291,559.6553520299494
36,0,0,4,7,0,4,0,129.93001309223473,169.40045496448874,458.9088308857754,139.8358860751614
9,0,0,3,1,0,2,3830,23.955761920660734,32.045969972386956,704.498965991661,387.2056140098721
88,0,0,10,16,0,4,1,94.97398894745857,105.27869802899659,60000.0,33631.75657496322
41,0,0,2,8,0,3,1,84.90960602648556,93.3965309523046,823.6524139065295,274.59744398947805
37,0,0,5,7,0,4,17,61.89188710413873,79.8073000041768,2270.937416004017,937.0528849540278
42,0,0,3,5,0,4,1,67.74621701333672,81.82459801901132,839.7659820038825,299.9310869490728
22,0,0,0,2,0,1,1,76.57913293223828,100.35634005907923,194.37814701814204,95.5806280253455
40,0,0,3,6,0,3,1,119.68638503458351,150.71959095075727,768.7736139632761,293.27715595718473
36,0,0,5,3,0,2,2,120.22821698337793,162.96626010444015,2869.0188750624657,1172.3971581086516
38,0,0,7,3,0,2,2,76.57104393001646,91.40293602831662,19904.14327196777,7940.381131018512
16,0,0,4,2,0,3,2003,184.24589198548347,224.06788996886462,2496.90870300401,971.5685540577397
31,0,0,3,4,0,4,1,51.513428101316094,47.07935103215277,382.94715201482177,143.7908139778301
36,0,0,3,4,0,3,1,120.02368597313762,168.34977106191218,725.2344680018723,297.5209759315476
12,0,0,0,2,0,1,1,52.639776025898755,76.61322900094092,150.13466798700392,74.3130799382925
26,0,0,1,5,0,3,1,71.1941869230941,83.45429494511336,363.20006800815463,139.41786903887987
17,0,0,2,3,0,3,0,102.36507805529982,185.8691299566999,209.57491407170892,128.2163270516321
47,0,0,2,10,0,3,1,37.15829399880022,44.67001196462661,789.0190910547972,267.767290933989
21,0,0,4,3,0,3,1176,282.8901680186391,331.42179693095386,1135.6951760826632,448.32805602345616
12,0,0,0,1,0,1,164,75.09582408238202,110.8466840814799,103.66209305357188,79.70108604058623
5,0,0,2,0,0,1,3062,36.34289908222854,52.26873094215989,429.77981199510396,253.46253404859453
3,0,0,0,0,0,0,2490,31.09911794308573,44.07024395186454,96.03272203821689,71.1423180764541
38,0,0,4,3,0,4,2,80.68593894131482,83.6113051045686,2778.512153076008,1148.1317079160362
39,0,0,2,8,0,4,0,204.653974971734,189.8611179785803,444.00112505536526,152.1825180388987
2,0,0,1,0,0,1,3830,11.337686097249389,13.607647968456149,108.16719406284392,63.25403903611004
31,0,0,1,4,0,3,1,59.071370982564986,81.24769700225443,356.5439829835668,147.83232507761568
28,0,0,5,3,0,3,58,105.71798798628151,101.04855999816209,4881.3229750376195,1833.2449949812144
21,0,0,3,2,0,2,1,118.02387901116163,147.56277797278017,1414.1324169468135,730.0605289638042
11,0,0,1,2,0,3,2875,111.57105094753206,161.48658702149987,322.12821301072836,225.40536092128605
30,0,0,0,5,0,3,0,82.97079498879611,89.3289940431714,211.83315303642303,74.61422809865326
29,0,0,2,5,0,3,2,71.46682601887733,86.5863129729405,723.5276480205357,281.5775239141658
89,0,0,11,16,0,4,1,145.33805195242167,185.75601000338793,60000.0,60000.0
69,0,0,1,10,0,3,1,81.20315801352262,87.57141907699406,511.198878986761,144.78442794643342
18,0,0,4,2,0,4,538,166.22749099042267,183.66190395317972,492.54512193147093,264.7954010171816
10,0,0,4,1,0,2,3830,11.610267916694283,14.743693987838924,381.90242601558566,196.92236999981105
14,0,0,4,2,0,2,63,196.02822803426534,86.1366109456867,705.3365780739114,290.93231493607163
22,0,0,4,3,0,3,986,172.29012597817928,153.9902100339532,4122.162833926268,1231.6985069774091
39,0,0,1,6,0,3,1,28.495336999185383,39.32532307226211,197.97689898405224,155.7132820598781
40,0,0,1,8,0,3,1,80.01505804713815,87.45814196299762,453.22353206574917,149.04166001360863
31,0,0,5,5,0,3,1,141.89498301129788,181.3542490126565,2905.584156047553,1121.1115979822353
13,0,0,0,4,0,3,0,48.603379051201046,68.97766201291233,148.22186902165413,62.34713806770742
23,0,0,1,6,0,3,7,118.77004592679441,82.12123205885291,388.57573398854584,69.6102170040831
23,0,0,3,4,0,4,3062,292.70175902638584,370.5496699549258,752.0260049495846,325.35223895683885
35,0,0,2,5,0,3,1,65.8501130528748,80.117410980165,738.0313070025295,225.88747495319694
7,0,0,2,0,0,1,1488,40.59428803157061,63.015850028023124,219.22899305354804,125.78425195533782
1,0,0,0,0,0,0,3830,11.325108935125172,13.220506021752954,64.92778996471316,65.6779200071469
22,0,0,5,3,0,3,7,234.33769901748747,267.5520529737696,1014.2570459283888,529.9822299275547
37,0,0,2,6,0,4,1,64.18081501033157,87.06309495028108,379.45401098113507,139.54569504130632
19,0,0,3,2,0,2,18,93.77397911157459,147.1321500139311,1484.0896810637787,746.0387710016221
25,0,0,2,5,0,4,587,188.60436300747097,168.64096198696643,703.096815967001,162.7043039770797
2,0,0,1,0,0,1,3830,6.3755379524081945,6.961390026845038,32.84407302271575,32.26814803201705
83,0,0,5,16,0,4,1,85.94394091051072,99.97527592349797,7836.180723970756,1835.298556019552
21,0,0,1,3,0,3,2,86.03914896957576,92.65258407685906,391.96968206670135,172.25866904482245
22,0,0,2,2,0,3,0,49.58056297618896,68.95898410584778,558.221900020726,236.26567097380757
26,0,0,3,3,0,3,1,33.37601607199758,41.87793505843729,696.5088209835812,285.43136396910995
33,0,0,5,5,0,3,0,102.62730100657791,151.77928493358195,2100.8590440033004,800.2742290263996
9,0,0,3,1,0,2,3830,41.10934701748192,49.218455911614,412.23812801763415,242.62741790153086
33,0,0,4,3,0,3,0,34.44040799513459,42.460649041458964,2358.918368932791,1051.081266021356
21,0,0,1,4,0,3,13,118.50809294264764,159.2532329959795,175.43363303411752,74.15846909862012
34,0,0,1,5,0,3,1,78.0024629784748,88.1837559863925,390.1741880690679,149.0334040718153
27,0,0,2,4,0,4,44,79.18768411036581,85.55856288876384,694.2190459230915,292.7194610238075
23,0,0,4,2,0,3,0,80.41560102719814,103.31727308221161,2059.464110992849,1064.540691091679
19,0,0,0,2,0,3,0,48.755243071354926,78.51705700159073,205.38567996118218,66.58649700693786
14,0,0,4,2,0,2,190,207.11428299546242,141.97150198742747,1462.8755960147828,627.748750965111
29,0,0,2,5,0,3,1,69.97131498064846,88.20619492325932,708.3796779625118,295.9141480969265
7,0,0,1,1,0,2,3830,10.765569983050227,13.00790999084711,124.62836899794638,88.92112399917096
17,0,0,1,3,0,3,210,82.59251504205167,94.10453191958368,370.65553793217987,180.59538991656154
5,0,0,1,0,0,1,1684,49.01968000922352,71.15437905304134,204.64728400111198,136.9285179534927
26,0,0,1,4,0,2,1,58.09167993720621,78.69458000641316,326.7247180920094,130.27081603650004
26,0,0,1,0,0,1,2,29.36271403450519,41.240277932956815,266.0172439645976,152.3792629595846
6,0,0,1,0,0,1,939,49.46356394793838,71.84214796870947,222.7529459632933,123.39917896315455
15,0,0,6,0,0,1,1026,225.33457400277257,344.6700740605593,3961.4018329884857,1843.1097459979355
86,0,0,8,16,0,4,1,81.585424952209,89.60245992057025,15767.550993943587,4209.615227999166
24,0,0,2,5,0,3,25,183.93494002521038,120.86673500016332,1195.3472149325535,299.25092798657715
13,0,0,2,3,0,4,1951,89.12102994509041,122.27986310608685,275.4061399027705,140.40660206228495
14,0,0,2,0,0,1,4,60.46127702575177,87.12151309009641,567.1576400054619,274.82247503940016
29,0,0,3,5,0,3,2,91.83684701565653,130.87230897508562,796.8310239957646,291.4921500487253
1,0,0,0,0,0,0,3830,11.166120995767415,12.969002011232078,64.39451000187546,63.87972098309547
1,0,0,0,0,0,0,3830,11.21101004537195,13.192291953600943,64.29118302185088,64.11787995602936
35,0,0,2,6,0,3,4,63.87976498808712,88.32472993526608,716.37302194722,277.8126549674198
24,0,0,0,2,0,3,14,77.72611593827605,82.80779898632318,188.97130200639367,78.03909899666905
9,0,0,3,0,0,1,939,57.90822801645845,85.30452591367066,859.5970310270786,430.3252800600603
10,0,0,1,1,0,1,0,59.98099606949836,88.49637000821531,323.82767007220536,169.20385009143502
31,0,0,2,5,0,3,2,83.57243600767106,86.61465300247073,746.2126589380205,315.8940449357033
62,0,0,1,7,0,3,1,55.64044998027384,77.81088794581592,420.22295598872006,141.61503897048533
21,0,0,4,2,0,4,272,119.83487801626325,170.12156103737652,665.5293289804831,144.73513094708323
2,0,0,0,0,0,0,3830,8.532607113011181,23.583795060403645,78.25708203017712,40.305170929059386
58,0,0,1,9,0,4,1,29.557479894720018,41.067539947107434,421.64144199341536,150.08610603399575
35,0,0,4,3,0,2,0,103.64435205701739,153.53743894957006,1322.7287610061467,518.5549349989742
37,0,0,6,3,0,3,0,84.8536629928276,97.70882898010314,10527.579985908233,4480.346638010815
40,0,0,8,7,0,3,5,136.87336700968444,176.83947400655597,11563.174801063724,4288.19694602862
34,0,0,4,5,0,4,2,238.5509180603549,205.02688793931156,1685.555563075468,613.5603229049593
8,0,0,1,1,0,1,53,122.29057203512639,182.8956570243463,164.49842299334705,92.29389706160873
33,0,0,4,5,0,3,2,121.00081401877105,163.26960397418588,1350.4681650083512,503.628515987657
28,0,0,1,4,0,3,1,57.57498403545469,84.7781510092318,350.43316695373505,151.81245596613735
35,0,0,2,6,0,3,1,66.5242689428851,80.73948207311332,369.33785304427147,74.76888503879309
32,0,0,4,6,0,3,1,120.64368999563158,163.5332980658859,744.1341209923849,279.37182306777686
29,0,0,5,4,0,3,0,130.9193540364504,175.65160302910954,2510.6334659503773,1004.9734039930627
31,0,0,2,5,0,3,2,68.73233104124665,84.25247599370778,726.2939369538799,278.10290397610515
55,0,0,2,6,0,3,1,28.69684004690498,39.93635799270123,500.61512005049735,291.08285100664943
29,0,0,3,4,0,4,21,137.29069905821234,170.50534195732325,677.6598789729178,286.08679096214473
20,0,0,1,4,0,3,24,182.26416199468076,115.76006701216102,571.0905749583617,164.08549901098013
49,0,0,1,6,0,3,1,60.289117973297834,79.41860100254416,204.26836691331118,77.80770200770348
38,0,0,3,7,0,3,1,68.04674305021763,86.91550698131323,791.9658159371465,281.4760559704155
35,0,0,2,5,0,3,1,77.08829606417567,88.74263695906848,753.0166710494086,294.3355009192601
23,0,0,2,4,0,3,3,92.15619100723416,104.97752309311181,610.2216779254377,167.30852203909308
43,0,0,1,3,0,3,1,57.115254923701286,82.47109001968056,228.35982695687562,74.98196000233293
13,0,0,1,2,0,3,2106,149.69870599452406,179.68349100556225,217.3064899398014,92.8494120016694
40,0,0,2,5,0,3,1,91.64908900856972,98.16556796431541,798.3357569901273,283.0618970328942
25,0,0,0,3,0,3,4,75.81359997857362,80.58343199081719,192.7036630222574,75.48712496645749
35,0,0,3,4,0,3,2,77.58781500160694,86.70404297299683,633.6470890091732,138.61766003537923
14,0,0,1,3,0,4,1552,79.62654996663332,89.68933997675776,332.724071922712,174.49740192387253
23,0,0,1,3,0,3,1,59.0018309885636,82.82018394675106,335.9441780485213,103.34640892688185
35,0,0,2,5,0,3,1,76.649408088997,90.42146091815084,768.3979960856959,240.21210800856352
44,0,0,2,8,0,3,1,81.49280992802233,93.7113129766658,857.8949850052595,272.3760820226744
19,0,0,2,4,0,4,1101,286.8420750601217,322.25657801609486,362.675167969428,94.27872800733894
33,0,0,2,3,0,2,1,81.14617189858109,164.01881410274655,368.20855899713933,94.35519308317453
27,0,0,3,4,0,3,0,160.43345001526177,246.36272399220616,421.0796810220927,272.8742000181228
28,0,0,0,4,0,3,1,69.92698705289513,82.0179870352149,189.92040096782148,73.89064796734601
35,0,0,1,4,0,3,1,85.47869103495032,76.67628000490367,372.81283596530557,149.5933490805328
34,0,0,6,6,0,3,2,119.788384065032,164.64481595903635,5750.424652011134,2229.717051028274
22,0,0,1,1,0,1,1,62.684572068974376,78.83636304177344,284.1166970320046,71.61142397671938
39,0,0,7,7,0,3,0,65.7400389900431,82.78921199962497,5458.410526043735,1983.4564169868827
39,0,0,6,5,0,3,2,71.54952804557979,87.28780306410044,11044.122132007033,4201.1582650011405
85,0,0,7,16,0,4,1,94.43976101465523,109.43410999607295,29746.86701898463,8232.14265506249
76,0,0,7,13,0,4,1,92.8302489919588,104.49883795809001,28440.335277002305,8365.82798906602
57,0,0,1,6,0,3,1,62.4206040520221,81.38368907384574,218.70399499312043,76.5031169867143
24,0,0,3,4,0,4,2490,65.99523802287877,55.389451095834374,1149.3779519805685,566.4330010768026
36,0,0,2,6,0,4,0,49.833556986413896,73.19411507342011,683.3587699802592,214.16220196988434
34,0,0,2,5,0,3,0,62.68772203475237,83.19847797974944,778.8313559722155,298.3165599871427
54,0,0,0,9,0,3,1,108.27533598057926,95.04862898029387,274.46610399056226,75.27223194483668
35,0,0,6,3,0,3,2,68.85800894815475,85.76321206055582,9546.562517993152,4273.836222011596
51,0,0,2,6,0,3,1,70.63828501850367,83.32835999317467,742.492649005726,241.57411395572126
27,0,0,2,5,0,4,49,38.66579197347164,44.09868095535785,391.30311890039593,186.3643559627235
7,0,0,0,1,0,1,227,64.47269592899829,90.56447201874107,148.2283619698137,78.37639504577965
37,0,0,4,5,0,3,1,38.62410399597138,44.6946689626202,2719.0000700065866,896.2662619305775
2,0,0,1,0,0,1,3830,15.539134969003499,17.54089503083378,53.66429698187858,31.514661037363112
6,0,0,3,0,0,1,3830,10.218237061053514,12.498748023062944,82.45862694457173,97.56302193272859
35,0,0,2,7,0,4,0,53.11111907940358,75.23200300056487,695.2730229822919,273.40399799868464
14,0,0,4,2,0,3,640,308.0631969496608,376.1646159691736,1374.8142550466582,616.0702960332856
26,0,0,1,4,0,3,5,68.12534900382161,57.96737293712795,362.4608210520819,147.90072303730994
34,0,0,1,6,0,3,1,63.74951999168843,78.18773097824305,380.8506099740043,145.52126196213067
86,0,0,8,16,0,4,1,82.32158003374934,88.90083292499185,57572.869698982686,16221.271421993151
34,0,0,2,5,0,4,1,55.258510052226484,76.39025198295712,349.6373490197584,137.90754892397672
38,0,0,1,5,0,3,1,113.04321605712175,160.10422504041344,191.76899397280067,75.29960200190544
22,0,0,4,3,0,5,149,71.24924089293927,88.10761698987335,1226.2001800118014,541.3109459914267
38,0,0,9,4,0,3,58,102.84210799727589,102.91431692894548,38915.09802103974,16148.3662459068
28,0,0,4,4,0,3,6,145.7674769917503,183.38103301357478,1477.7630389435217,595.7486989209428
15,0,0,2,2,0,4,56,76.3309559551999,113.0491989897564,363.2947690784931,196.98625593446195
32,0,0,4,6,0,3,0,140.41524403728545,181.4557610778138,1378.0444419244304,546.1759259924293
21,0,0,0,3,0,3,11,63.138242927379906,79.64583102148026,173.6524460138753,74.17208899278194
10,0,0,0,3,0,3,150,64.41712193191051,86.98526897933334,159.54351099207997,80.32119297422469
13,0,0,0,2,0,3,441,63.095927936956286,87.82101201359183,161.71638399828225,89.79005797300488
34,0,0,6,6,0,3,1,233.61422191374004,270.80734400078654,2412.82507404685,1056.0474069789052
2,0,0,1,0,0,1,3830,11.338360025547445,13.444514013826847,94.1055950243026,66.38857198413461
38,0,0,7,3,0,3,0,42.6558650797233,46.510925982147455,17738.789826980792,8392.319479957223
6,0,0,0,0,0,0,0,53.4720029681921,77.66514306422323,142.26664800662547,70.23479393683374
24,0,0,6,3,0,4,149,136.74771203659475,172.99715301487595,2342.7170049399137,1084.7895010374486
43,0,0,3,5,0,3,1,56.77093600388616,39.71993795130402,1287.7008030191064,581.7244000500068
6,0,0,3,0,0,1,3830,19.074256997555494,24.666329962201416,162.32688003219664,114.5647409139201
46,0,0,2,9,0,3,1,80.10924095287919,93.95619493443519,898.024761932902,294.95727899484336
36,0,0,6,3,0,3,6,81.57871093135327,94.93196196854115,5355.848380015232,2183.398820925504
8,0,0,2,1,0,1,845,188.30855505075306,217.2065960476175,247.5964690092951,128.27853800263256
32,0,0,1,5,0,3,1,66.16580300033092,87.59509795345366,372.944365022704,144.45618295576423
14,0,0,3,1,0,2,3,81.6420300398022,114.00479392614216,1211.165057029575,581.238477025181
28,0,0,1,3,0,3,0,54.45687298197299,79.55968601163477,356.4019560581073,150.5919829942286
23,0,0,5,3,0,3,335,85.83008300047368,110.06434902083129,2844.18451692909,1998.9465300459415
17,0,0,1,2,0,1,2,63.00692493095994,81.49440097622573,322.3607240943238,144.62547900620848
28,0,0,4,2,0,3,0,75.96517098136246,105.3254259750247,2781.779529992491,918.0508978897706
22,0,0,2,3,0,3,31,67.83652200829238,83.4680040134117,700.9286490501836,294.86527806147933
62,0,0,1,4,0,3,1,57.53665801603347,81.85092697385699,409.1309510404244,151.14910202100873
25,0,0,1,4,0,4,1,77.57595903240144,87.82844699453562,343.1449120398611,145.29543404933065
12,0,0,1,1,0,2,77,84.08620103728026,105.76279507949948,335.4681150522083,179.23432192765176
6,0,0,1,1,0,2,907,159.6276629716158,153.7621170282364,172.2306259907782,80.27664106339216
45,0,0,2,7,0,3,1,63.31374903675169,77.91451795492321,794.0164930187166,286.11972799990326
33,0,0,5,5,0,4,2,100.81418603658676,123.80798894446343,5069.699815008789,1969.2516579525545
14,0,0,5,0,0,1,939,95.95058101695031,145.3359720762819,1954.1038160678,1008.8245499646291
37,0,0,2,6,0,3,1,77.77765905484557,84.1648259665817,836.4491109969094,296.6684689745307
10,0,0,1,3,0,4,3830,10.857637971639633,13.522348017431796,203.2884390791878,150.42776695918292
34,0,0,3,3,0,2,1,69.35934606008232,84.70438502263278,1465.8139389939606,587.3398589901626
42,0,0,2,4,0,3,1,63.993630930781364,86.17956598754972,381.5519219497219,155.33109300304204
20,0,0,2,2,0,3,1,114.50345395132899,165.4988940572366,318.7672980129719,146.2102730292827
9,0,0,0,2,0,1,26,120.2995739877224,81.4408790320158,187.77655297890306,76.314767007716
30,0,0,2,3,0,4,0,101.83822992257774,150.38292796816677,307.5425489805639,131.58028502948582
28,0,0,0,5,0,3,5,68.88997799251229,83.12512398697436,162.25112997926772,36.66740597691387
35,0,0,1,7,0,3,1,68.11705103609711,81.4035409130156,388.6573819909245,140.61958598904312
13,0,0,1,1,0,1,83,63.58178798109293,91.69642906636,92.25950099062175,51.85332789551467
6,0,0,2,0,0,1,2320,49.072992987930775,68.9323419937864,328.69175006635487,201.2713149888441
6,0,0,2,1,0,2,3830,14.246799051761627,18.973299069330096,269.62987799197435,171.88187700230628
36,0,0,1,6,0,3,0,28.21502194274217,40.72295501828194,312.0818310417235,133.0333179794252
21,0,0,1,3,0,3,48,39.534503943286836,43.52093895431608,279.2069809511304,154.55340198241174
34,0,0,2,6,0,4,3,67.40925298072398,81.50113595183939,390.0061360327527,147.95615698676556
37,0,0,5,7,0,3,4,121.18764803744853,165.10251199360937,3064.082082011737,1141.6689299512655
9,0,0,1,2,0,2,2106,78.59851908870041,106.22033197432756,313.4012109367177,185.5234680697322
10,0,0,2,1,0,2,207,89.3936469219625,132.3523729806766,457.36032899003476,383.15587292890996
3,0,0,1,0,0,1,3830,21.501897950656712,29.921399080194533,71.66303507983685,69.56270500086248
61,0,0,1,11,0,4,1,77.34002789948136,82.29491300880909,251.2815019581467,76.4276470290497
54,0,0,1,6,0,4,1,57.6359600527212,81.79001102689654,400.9604959283024,151.32172394078225
37,0,0,4,4,0,3,1,119.46909804828465,166.68736201245338,1422.875248012133,561.4517689682543
38,0,0,1,6,0,3,1,64.12481795996428,78.62375897821039,390.5372900189832,143.55296397116035
23,0,0,6,4,0,4,2106,245.49107195343822,338.4317019954324,2514.9351629661396,1357.0679060649127
30,0,0,3,5,0,4,14,135.48692595213652,176.21552001219243,736.9005189975724,288.4462969377637
29,0,0,1,5,0,4,12,60.08256389759481,81.02934795897454,317.0034339418635,74.32560005690902
9,0,0,3,1,0,2,845,193.5842470265925,217.83375099767,243.9759779954329,141.96435699705034
27,0,0,1,5,0,3,1,66.9480839278549,81.87069499399513,376.3421770418063,147.99863705411553
34,0,0,0,4,0,3,0,54.268948966637254,74.94465901982039,176.50733701884747,71.14847493357956
10,0,0,2,1,0,2,207,86.9557240512222,129.7196999657899,645.3493520384654,312.03642301261425
23,0,0,0,4,0,3,3,67.71417893469334,80.36300702951849,182.0637759519741,73.73557903338224
2,0,0,0,0,0,0,3830,16.362261958420277,20.83323907572776,70.78468997497112,68.6839030822739
35,0,0,1,3,0,2,1,68.11994698364288,80.80122398678213,338.8785070274025,149.70505400560796
6,0,0,3,0,0,1,3830,18.954046070575714,25.133349001407623,162.74601395707577,114.47884503286332
30,0,0,5,5,0,4,54,80.92419197782874,115.67538895178586,3990.4776209732518,1700.4622620297596
34,0,0,3,3,0,2,1,68.52792203426361,83.78164900932461,1479.6331720426679,589.0671480447054
23,0,0,0,3,0,3,8,87.92644296772778,88.66179699543864,225.83090397529304,80.75877500232309
42,0,0,2,6,0,4,1,112.20248590689152,163.30960008781403,172.87982709240168,37.5062549719587
42,0,0,2,4,0,4,1,29.29121593479067,40.476851048879325,355.87331699207425,172.51115292310715
29,0,0,3,5,0,3,1,130.80924900714308,171.50036292150617,799.6887540211901,291.382722905837
76,0,0,8,13,0,4,1,95.26025492232293,99.14940502494574,50065.653803991154,17000.11322798673
34,0,0,5,3,0,3,0,70.03407296724617,87.26098795887083,4508.832665043883,1547.7292999858037
87,0,0,9,16,0,4,1,81.16211707238108,88.84727000258863,60000.0,32429.92301506456
33,0,0,3,4,0,4,1,68.14793206285685,85.45744500588626,1390.2966500027105,572.7121980162337
38,0,0,2,6,0,4,3,76.64157298859209,80.73866495396942,802.5387290399522,293.01378305535764
15,0,0,2,3,0,3,62,117.70628404337913,168.3076850604266,327.0096050109714,141.2517299177125
5,0,0,0,0,0,0,0,63.93998791463673,94.65782600454986,164.65211298782378,93.0471180472523
24,0,0,2,4,0,4,7,88.91356003005058,107.75581700727344,718.7808260787278,327.88702100515366
24,0,0,1,3,0,2,2,62.14873609133065,81.10256399959326,272.7337370160967,73.09660303872079
10,0,0,1,1,0,3,3062,117.71294102072716,131.93144998513162,210.9003720106557,128.54263396002352
33,0,0,3,4,0,3,3,68.29329894389957,83.95129896234721,1446.08916901052,591.578922001645
40,0,0,1,5,0,3,1,76.88189204782248,86.66805096436292,423.2754339464009,139.65577201452106
84,0,0,6,16,0,4,1,82.09226396866143,89.12876504473388,7847.401637933217,1586.8945699185133
14,0,0,2,0,0,1,177,57.339953957125545,83.68884993251413,575.0742090167478,285.45421606395394
36,0,0,3,5,0,3,1,236.71380407176912,253.96921299397945,733.6503020487726,267.8390779765323
5,0,0,2,0,0,1,1951,43.497157050296664,61.515241977758706,409.1270660283044,213.93441606778651
43,0,0,1,9,0,3,1,80.22607304155827,93.02555408794433,446.8961840029806,129.91404195781797
29,0,0,3,2,0,3,0,30.401438008993864,38.93980698194355,1174.2123159347102,576.6962940106168
9,0,0,4,0,0,1,1951,127.1096708951518,191.3006369723007,960.2173320017755,470.2751609729603
32,0,0,2,4,0,4,1,60.96467690076679,83.07991898618639,361.10191396437585,146.90098189748824
30,0,0,0,5,0,3,0,63.631709082983434,78.68843607138842,183.3010260015726,72.8273979621008
40,0,0,9,7,0,4,592,318.82005103398114,279.4978789752349,18049.610233982094,8058.976066065952
8,0,0,1,1,0,1,821,117.14662099257112,83.43463798519224,226.43846203573048,67.40184803493321
60,0,0,4,12,0,4,1,133.9358559343964,168.2153600268066,1821.400536922738,561.5767879644409
30,0,0,6,4,0,4,4,228.30248798709363,305.30476791318506,5642.886385903694,2755.1256170263514
36,0,0,3,6,0,4,1,119.32995391543955,160.9137370251119,282.00687700882554,69.37964807730168
22,0,0,0,3,0,3,6,77.55568798165768,81.5864090109244,191.13088806625456,76.11977704800665
12,0,0,3,1,0,1,88,96.48100496269763,140.69877902511507,624.8425900703296,356.9586429512128
8,0,0,1,1,0,2,1226,57.109065004624426,77.85657793283463,287.7218659268692,185.0096300477162
21,0,0,4,3,0,4,118,61.88958999700844,82.04860496334732,590.3466739691794,388.67609400767833
4,0,0,2,0,0,1,3830,15.974804991856217,20.245242048986256,70.24214300327003,70.46307902783155
2,0,0,0,0,0,0,3830,16.433720011264086,20.288630039431155,68.99189692921937,68.2128838961944
20,0,0,2,2,0,1,0,68.98652203381062,100.4543979652226,639.5629260223359,310.2417690679431
17,0,0,1,3,0,3,12,139.74479294847697,184.23689308110625,198.17767990753055,92.82745199743658
13,0,0,1,2,0,2,13,189.4467530073598,173.2698529958725,189.45606402121484,77.5984909851104
36,0,0,1,7,0,3,1,66.50911702308804,81.85979491099715,403.45107705798,143.27070605941117
33,0,0,1,6,0,3,0,59.483498102054,78.5052259452641,365.6313940882683,140.87762497365475
25,0,0,2,3,0,2,0,57.670110021717846,85.76545503456146,653.4657969605178,284.18568905908614
26,0,0,3,3,0,3,1,69.08716703765094,85.43779596220702,1301.8717410741374,549.2094750516117
38,0,0,1,5,0,3,1,63.75884497538209,83.22162600234151,385.3005539858714,147.50693808309734
74,0,0,7,13,0,4,1,118.51995496544987,146.47975005209446,13308.33057500422,4262.798956944607
13,0,0,3,1,0,1,0,99.83021300286055,131.37781992554665,1418.833791045472,358.4610120160505
88,0,0,10,16,0,4,1,81.84830099344254,88.90314190648496,60000.0,60000.0
22,0,0,4,3,0,5,149,75.10800298769027,92.68544393125921,1228.6741730058566,537.9809529986233
37,0,0,8,4,0,3,13,101.55513603240252,77.9922769870609,10156.986690941267,4400.654826080427
36,0,0,0,5,0,3,0,70.59493195265532,80.72675100993365,115.13864598236978,37.35695604700595
40,0,0,9,3,0,2,4,41.24342801515013,47.38612298388034,37400.85382096004,17685.817245976068
31,0,0,3,4,0,4,1,69.44240699522197,85.76207899022847,1358.1372631015256,600.8886790368706
14,0,0,1,2,0,3,538,76.04658603668213,95.50490800756961,291.686044074595,146.6370279667899
20,0,0,1,2,0,1,2,55.79815502278507,77.72933901287615,309.0839170617983,140.26385394390672
21,0,0,1,4,0,3,1,76.37288398109376,86.04566601570696,191.24915800057352,75.27914398815483
10,0,0,1,2,0,1,1,73.60866095405072,91.38141700532287,297.61082399636507,147.71171798929572
12,0,0,3,2,0,3,1,76.28077804110944,97.59350004605949,296.1113430792466,131.87163695693016
30,0,0,0,3,0,2,0,35.141521017067134,69.7452099993825,189.81144903227687,75.73396293446422
32,0,0,4,4,0,3,1,147.57089293561876,172.57563199382275,1498.3022479573265,575.6528470665216
45,0,0,4,5,0,3,1,39.10254396032542,41.34998098015785,3181.3289229758084,1076.9028540235013
14,0,0,1,0,0,1,2,30.577133991755545,42.45899501256645,192.52755807247013,71.00830296985805
23,0,0,1,4,0,3,1,34.967624000273645,43.8710730522871,177.53560398705304,72.38707295618951
24,0,0,1,4,0,3,2,68.72728699818254,85.90508694760501,327.24254997447133,68.64311406388879
33,0,0,3,3,0,3,0,39.361614966765046,41.55667498707771,1205.6325279409066,586.1350989434868
36,0,0,3,6,0,3,1,188.0780910141766,132.49891391023993,2343.034819001332,634.5099620521069
29,0,0,1,4,0,3,1,93.68050692137331,97.81743201892823,360.59264198411256,73.84173409081995
44,0,0,4,6,0,4,1,59.40746399573982,109.18962198775262,684.3496579676867,284.9611509591341
36,0,0,6,5,0,4,4,47.98516700975597,54.32198499329388,8082.112606964074,3212.1483330847695
34,0,0,5,3,0,3,1,192.66868999693543,256.157239084132,1366.9209060026333,543.0181120755151
15,0,0,2,2,0,3,0,104.85689691267908,156.806874088943,302.83875798340887,135.76606498099864
22,0,0,1,2,0,2,2,60.59609598014504,80.66381106618792,328.0052440240979,143.43766390811652
21,0,0,2,4,0,3,0,171.3972840225324,162.06739796325564,384.29947500117123,142.95221294742078
5,0,0,1,1,0,2,845,51.860643085092306,37.259202101267874,102.66288497950882,79.98871908057481
35,0,0,1,6,0,3,1,76.78984000813216,86.273372056894,397.3444190341979,149.85770592465997
45,0,0,1,7,0,3,1,67.57063791155815,85.37390292622149,308.80596092902124,134.80570598039776
23,0,0,1,4,0,3,1,66.35446008294821,86.72152098733932,171.99017596431077,96.54418495483696
28,0,0,1,5,0,3,10,68.32186598330736,86.39092999510467,389.62058804463595,149.58104793913662
8,0,0,1,1,0,2,18,52.41497594397515,76.4329070225358,277.7233450906351,135.72357792872936
85,0,0,7,16,0,4,1,96.97152604348958,105.08173692505807,26961.838010000065,7965.550724999048
15,0,0,2,2,0,4,1082,51.120146992616355,70.93204592820257,554.9809739459306,272.9895319789648
34,0,0,6,4,0,3,1,99.20321102254093,99.72563793417066,10144.216383923776,4209.513770998456
39,0,0,4,7,0,3,3,121.10392493195832,162.5132269691676,1549.574815086089,553.9881400763988
4,0,0,2,0,0,1,3830,14.618874993175268,19.04517994262278,142.55999505985528,101.72625002451241
28,0,0,3,4,0,4,44,92.07770903594792,96.43001900985837,1274.8381410492584,555.2920069312677
24,0,0,3,4,0,3,0,49.25751604605466,69.22737695276737,1175.8369270246476,466.4205720182508
35,0,0,7,4,0,3,74,51.65594897698611,57.003601104952395,20877.318524988368,7890.482117072679
25,0,0,0,4,0,2,0,48.7331059994176,69.46384999901056,155.87103099096566,60.63101894687861
28,0,0,2,5,0,4,176,83.72456603683531,99.38982804305851,756.9350760895759,302.1958339959383
9,0,0,2,1,0,2,432,62.96791508793831,80.73516504373401,517.3394900048152,241.87430797610432
9,0,0,0,2,0,3,2875,112.63640609104186,139.34723695274442,193.1301939766854,173.4541020123288
83,0,0,5,16,0,4,1,94.62156798690557,107.45545395184308,6812.078396906145,2305.625563953072
23,0,0,1,3,0,2,1,68.10840999241918,83.07525201234967,322.75999803096056,135.0444459822029
39,0,0,2,5,0,3,1,55.37500302307308,77.61429506354034,205.7285759365186,68.14204598776996
81,0,0,0,8,0,3,0,69.49861394241452,80.18434199038893,246.0149369435385,74.53181501477957
19,0,0,4,3,0,4,365,58.75810596626252,83.95411493256688,2196.4428080245852,1019.4858729373664
37,0,0,1,6,0,3,0,76.58555498346686,80.42292192112654,248.42207692563534,117.12332000024617
27,0,0,2,5,0,3,1,72.27577897720039,90.3321549994871,679.6067809918895,267.48799602501094
12,0,0,2,2,0,2,1951,144.7404039790854,154.88992410246283,335.2514950092882,159.9963039625436
34,0,0,5,3,0,3,2,68.93038493581116,86.77012799307704,3923.065430019051,1926.924746017903
28,0,0,1,5,0,4,1,34.18793191667646,82.29761896654963,352.6923469034955,149.80636397376657
18,0,0,3,3,0,3,25,112.62943607289344,163.71765406802297,606.1948890564963,273.8502990687266
29,0,0,3,2,0,2,0,59.862345922738314,80.81451803445816,1325.8543349802494,422.3400930641219
25,0,0,3,4,0,4,2,65.75713201891631,90.04787099547684,486.19496705941856,290.5201840912923
45,0,0,1,9,0,3,1,30.837411992251873,40.42755695991218,203.7734150653705,68.35151999257505
38,0,0,4,5,0,3,1,37.60456305462867,80.74271003715694,2890.831938944757,1118.1634269887581
7,0,0,1,1,0,1,1,81.70707197859883,80.47959499526769,131.18425896391273,77.82460795715451
2,0,0,0,0,0,0,3830,16.381600056774914,20.693605998530984,70.25426195468754,68.2505730073899
45,0,0,1,6,0,3,1,67.79544602613896,80.1963530248031,358.17132890224457,143.45533901359886
30,0,0,4,2,0,2,0,60.04775397013873,81.72446896787733,1356.375411967747,580.3797229891643
5,0,0,2,0,0,1,3062,65.66521199420094,94.75117106921971,175.68633297923952,122.99977405928075
44,0,0,2,9,0,3,1,70.05689095240086,84.09015205688775,866.082739084959,286.05680097825825
39,0,0,1,7,0,3,2,71.6995180118829,83.54718901682645,397.2333369310945,141.84908801689744
24,0,0,1,2,0,1,2,64.74042707122862,84.12014308851212,333.267551031895,147.67561410553753
28,0,0,2,4,0,4,2,69.11518704146147,85.55264305323362,692.3470989568159,289.3724169116467
42,0,0,1,8,0,4,1,77.79759902041405,85.95128706656396,441.31535303313285,72.38289806991816
14,0,0,3,1,0,2,343,115.64305401407182,200.89211501181126,693.4686310123652,432.13810794986784
40,0,0,9,3,0,3,11,84.53240699600428,102.12212603073567,60000.0,32545.883476966992
12,0,0,2,1,0,2,210,71.74912502523512,106.91301291808486,625.692932982929,346.3352309772745
42,0,0,2,4,0,3,1,63.483685022220016,82.47532905079424,744.7701300261542,292.3138350015506
13,0,0,2,1,0,3,2490,73.03272699937224,86.539126932621,250.6933929398656,155.88112396653742
27,0,0,2,0,0,1,3,56.308349943719804,83.34174705669284,628.2754590502009,297.2629440482706
84,0,0,6,16,0,4,1,77.98029691912234,84.90296301897615,15369.843445951119,3941.31384906359
21,0,0,2,3,0,4,2,79.33668093755841,94.28047796245664,671.2634209543467,301.43042898271233
28,0,0,1,5,0,3,2,69.34383593033999,83.60522997099906,377.9346339870244,148.36600795388222
36,0,0,5,3,0,2,1,79.17559298221022,90.03990597557276,5528.808739967644,2043.9002480125055
14,0,0,0,3,0,3,303,66.76353700459003,85.40465799160302,166.19217593688518,84.69369099475443
7,0,0,2,1,0,1,1315,131.49783702101558,189.12141199689358,242.05228895880282,127.64827196951956
38,0,0,1,5,0,3,1,69.26465895958245,83.60807201825082,415.43348494451493,139.48607200291008
33,0,0,2,6,0,3,0,52.04787710681558,75.60252794064581,710.0357749732211,271.796390064992
15,0,0,1,2,0,3,687,69.41381702199578,95.00706195831299,159.8419089568779,80.9789780760184
5,0,0,0,1,0,1,1031,52.23043309524655,71.95086893625557,128.2056599156931,78.9194960379973
8,0,0,0,1,0,1,105,55.79018301796168,79.11834097467363,143.77637906000018,73.20388301741332
39,0,0,2,6,0,3,1,65.2832790510729,80.86202095728368,772.712105885148,284.96089996770024
36,0,0,7,3,0,3,1,73.39780195616186,89.18265195097774,9691.25248293858,3843.5400830348954
6,0,0,1,1,0,1,36,107.8838910907507,251.38505804352462,147.2762250341475,82.44347700383514
1,0,0,0,0,0,0,3062,29.208943946287036,41.94117709994316,95.01918300520629,70.05149696487933
15,0,0,0,2,0,3,189,64.32667700573802,83.59504805412143,170.6902920268476,82.29506597854197
29,0,0,4,5,0,4,124,312.10688001010567,263.2112510036677,1201.0799159761518,521.0183679591864
39,0,0,6,6,0,3,7,135.07729303091764,171.39886296354234,17257.544610998593,4705.06765996106
34,0,0,2,5,0,4,1,48.57742600142956,40.847185999155045,590.3725220123306,298.56688203290105
19,0,0,5,2,0,2,11,69.96070209424943,92.40963100455701,5892.195939086378,2312.7208090154454
24,0,0,1,1,0,1,2,53.80597000475973,75.32518601510674,306.74638506025076,136.87169295735657
32,0,0,2,5,0,3,24,62.84754991065711,82.80082291457802,752.7920959983021,297.03139909543097
26,0,0,2,3,0,2,8,61.04924890678376,83.43823894392699,399.9484800733626,145.66491707228124
32,0,0,2,6,0,4,1,79.96341702528298,89.42811493761837,374.27771801594645,146.47872606292367
26,0,0,1,2,0,1,0,54.2339290259406,75.49620291683823,313.69851995259523,137.38408498466015
46,0,0,1,8,0,3,1,66.00762507878244,80.63742099329829,417.2993580577895,141.34915894828737
5,0,0,0,0,0,0,8,52.67500807531178,75.35097398795187,138.32595804706216,70.75098704081029
8,0,0,2,1,0,2,650,65.98919909447432,88.22047896683216,454.1819690493867,232.908217003569
32,0,0,3,5,0,4,1,34.69952801242471,44.46581203956157,1256.9288320373744,397.85576798021793
34,0,0,4,6,0,4,3,78.96039402112365,88.22145301382989,1498.6098769586533,573.4005479607731
83,0,0,5,16,0,4,1,81.49795292411,88.14167196396738,7872.342542046681,2234.569530002773
35,0,0,4,3,0,2,1,72.83645798452199,89.72209494095296,2750.870376941748,807.5616389978677
10,0,0,3,1,0,2,0,78.92771798651665,104.53972092363983,743.3660610113293,257.07333197351545
81,0,0,3,16,0,4,0,81.35655894875526,88.51110201794654,2035.7363069197163,575.7630900479853
13,0,0,4,1,0,2,0,209.40232905559242,385.8973920578137,1182.6436650007963,621.6230520512909
16,0,0,1,0,0,1,70,56.83277198113501,81.39468496665359,300.99621997214854,148.11453595757484
34,0,0,4,4,0,3,0,101.24807897955179,152.77646109461784,894.3572980351746,463.6485620867461
84,0,0,6,16,0,4,0,82.09422300569713,89.23345303628594,6422.45922901202,2232.9575180774555
36,0,0,7,4,0,3,13,69.33915801346302,85.52919398061931,8918.022288940847,3638.842369080521
13,0,0,1,1,0,1,200,39.735523983836174,57.20574897713959,184.55594102852046,102.08931099623442
73,0,0,5,13,0,4,1,96.62264899816364,105.3060139529407,6327.08677300252,2220.3091110568494
32,0,0,5,4,0,4,3,69.07022697851062,85.70374199189246,2567.8912570001557,1051.2533959699795
20,0,0,4,2,0,3,31,98.27256295830011,126.73555104993284,1768.9246700610965,1061.3959160400555
52,0,0,1,9,0,3,1,78.28663394320756,84.37231497373432,464.41563591361046,147.89876400027424
5,0,0,2,0,0,1,3830,28.332378948107362,39.89140398334712,119.88818307872862,94.50816793832928
29,0,0,2,7,0,3,1,74.22197598498315,91.9027749914676,689.5005858968943,133.745571016334
34,0,0,1,6,0,3,1,31.582349096424878,43.046326958574355,184.79672295507044,68.44493397511542
29,0,0,1,3,0,3,1,64.64834709186107,78.33761803340167,352.0596820162609,141.04383997619152
39,0,0,7,7,0,4,17,122.81104503199458,167.14964900165796,5499.484976986423,2229.4346858980134
69,0,0,1,11,0,3,1,40.61959101818502,44.23718596808612,430.4417339153588,147.82026805914938
17,0,0,1,2,0,1,0,31.930582015775144,37.734306999482214,162.2155390214175,70.11287903878838
14,0,0,2,2,0,2,1552,90.02746897749603,111.5001488942653,619.6486960398033,311.0453049885109
3,0,0,1,0,0,1,2343,59.74457005504519,83.875174052082,106.45637207198888,73.2635019812733
25,0,0,2,5,0,3,2,37.42689301725477,44.10560801625252,456.7113840021193,268.1126840179786
39,0,0,4,7,0,4,3,45.197338913567364,53.18314197938889,2726.6827590065077,1093.1855899980292
33,0,0,2,3,0,3,1,57.64227907638997,80.6506130611524,711.2061390653253,293.4328119736165
30,0,0,2,4,0,3,1,70.13802696019411,92.04247407615185,720.4480279469863,298.0554869864136
85,0,0,7,16,0,4,1,96.94569802377373,105.40936200413853,14431.18222092744,4349.704543012194
60,0,0,4,12,0,4,4,78.01867404486984,85.00623400323093,3730.104694957845,1164.8616789607331
20,0,0,1,4,0,3,11,174.68058096710593,96.45819896832108,294.3489430472255,83.51121295709163
32,0,0,1,6,0,3,1,61.2145479535684,42.28806204628199,309.330825926736,71.95993908680975
72,0,0,5,13,0,4,1,143.4433050453663,178.3599799964577,1849.1181280696765,571.6456070076674
21,0,0,2,4,0,4,0,90.4313480714336,78.67150602396578,729.1851779446006,277.8101299190894
37,0,0,3,4,0,3,1,55.45089393854141,77.98496901523322,1344.450589036569,550.9595950134099
39,0,0,2,5,0,4,1,60.83020707592368,83.84990005288273,380.3487539989874,151.88149502500892
13,0,0,1,1,0,2,123,71.23052305541933,94.19606602750719,307.9726090654731,147.0904650632292
29,0,0,5,4,0,3,6,146.23333094641566,181.3840150134638,2825.599090894684,1167.11105289869
4,0,0,2,0,0,1,3830,15.805962961167097,20.233466057106853,69.84055298380554,68.21892003063112
22,0,0,2,3,0,3,4,91.56781097408384,93.8522849464789,724.283582996577,299.92221004795283
25,0,0,4,3,0,3,5,71.54561206698418,90.12100892141461,2325.984158087522,1059.5707210013643
26,0,0,1,4,0,2,2,66.94458902347833,83.77072401344776,359.53847505152225,141.6707249591127
8,0,0,3,1,0,3,0,243.51849092636257,264.34710901230574,677.0043349824846,278.0693359673023
8,0,0,0,2,0,1,157,85.51136101596057,94.44911894388497,114.54059404786676,42.98730508890003
86,0,0,8,16,0,4,1,84.93655000347644,90.91710194479674,31403.0224600574,7528.007313958369
22,0,0,2,4,0,3,1,43.434259947389364,47.500977059826255,323.63931206054986,145.29709599446505
30,0,0,6,4,0,3,7,150.04644903820008,192.99315405078232,5307.855782099068,2314.9554160190746
21,0,0,2,3,0,3,63,78.40125903021544,88.26805592980236,344.09560391213745,150.71067202370614
22,0,0,6,2,0,3,0,49.067359999753535,68.90556402504444,7554.3106199475005,3068.699210998602
28,0,0,4,4,0,3,2,88.74725096393377,91.86373499687761,2842.680254019797,1114.0077919699252
29,0,0,1,6,0,4,1,71.00012805312872,81.76183397881687,124.4895999552682,71.17099699098617
30,0,0,3,6,0,4,11,111.58148001413792,97.71920402999967,915.1390340412036,303.268856019713
21,0,0,1,3,0,3,0,53.84636903181672,74.3580999551341,313.3344940142706,137.09597196429968
28,0,0,4,2,0,3,2,51.3462609378621,42.35839506145567,749.5889250421897,346.29876003600657
18,0,0,3,2,0,1,7,98.59785693697631,93.31043402198702,1250.4966100677848,629.083427018486
58,0,0,4,11,0,4,0,70.2232769690454,167.97943296842277,1728.0654170317575,573.5387880122289
18,0,0,2,2,0,1,11,129.72437392454594,86.42946602776647,757.3035360546783,300.9323510341346
26,0,0,0,5,0,3,2,75.16296592075378,52.06097406335175,109.8140140529722,38.79078500904143
3,0,0,0,0,0,0,2490,31.504441052675247,43.3429159456864,95.85340798366815,71.08451996464282
60,0,0,1,4,0,3,1,176.3059360673651,90.64283594489098,643.9084010198712,166.7440839810297
39,0,0,1,8,0,3,1,107.29834111407399,78.20816396269947,132.44615006260574,74.05994308646768
10,0,0,1,1,0,2,241,52.661529975011945,75.90775191783905,283.7328490568325,144.10935703199357
19,0,0,4,3,0,5,176,55.31957000494003,77.53938098903745,1716.0057040164247,799.0362789714709
86,0,0,8,16,0,4,1,83.7475280277431,90.46743006911129,60000.0,15199.325014953502
18,0,0,1,4,0,3,4,143.6290550045669,178.9596729213372,198.75474309083074,86.24245307873935
6,0,0,2,0,0,1,1417,45.701992930844426,66.25194300431758,349.6142979711294,177.57824098225683
52,0,0,4,8,0,4,1,34.43191898986697,41.454691090621054,2959.4283290207386,691.6877599433064
35,0,0,2,5,0,3,1,77.34423293732107,87.50607399269938,787.6758539350703,293.4070900082588
41,0,0,0,7,0,3,0,51.463145995512605,73.42095603235066,190.90570998378098,65.3899380704388
36,0,0,5,3,0,3,0,83.50410894490778,94.85257603228092,5022.990124067292,2189.6471130894497
29,0,0,3,6,0,4,1101,437.4745190143585,519.9743730481714,1104.0529710007831,184.77881303988397
16,0,0,4,2,0,4,2370,66.78720901254565,80.50494198687375,1212.0690080337226,335.4644529754296
33,0,0,3,4,0,4,0,103.91485504806042,151.11899701878428,311.6128259571269,128.96974000614136
20,0,0,3,3,0,4,98,233.8238669326529,251.43697601743042,316.3554350612685,138.91550595872104
55,0,0,5,7,0,3,1,62.61577398981899,86.24204702209681,3222.879530978389,1084.600395988673
70,0,0,2,9,0,3,1,34.94614199735224,41.723435977473855,898.1779430760071,277.46498491615057
46,0,0,1,9,0,3,1,81.9330420345068,90.19134694244713,433.63971600774676,135.90051094070077
32,0,0,0,5,0,3,0,57.423582999035716,83.0104909837246,190.73913991451263,79.84803197905421
20,0,0,3,3,0,3,8,122.3528910195455,169.27300801035017,646.446613012813,288.6449940269813
84,0,0,6,16,0,4,1,82.00696599669755,87.97693997621536,3974.717300035991,1133.0485780490562
83,0,0,5,16,0,4,1,134.79920790996403,168.47424500156194,4172.316072043031,824.1856130771339
25,0,0,1,4,0,3,1,34.9322110414505,41.65819601621479,224.86826998647302,148.2370550511405
85,0,0,7,16,0,4,1,81.27938699908555,87.97368500381708,15146.243855939247,4554.994018981233
44,0,0,2,5,0,3,1,140.860533923842,176.01209098938853,400.39536100812256,142.97739206813276
33,0,0,4,2,0,2,0,69.55809495411813,84.4689259538427,2714.7326169069856,1175.082362955436
29,0,0,1,4,0,3,4,79.1420170571655,89.29242799058557,400.1754430355504,164.74811302032322
26,0,0,1,5,0,4,1,66.27193908207119,80.42037300765514,344.48533796239644,117.07841802854091
28,0,0,1,5,0,3,0,26.917931041680276,36.87230194918811,236.17879394441843,136.47711800877005
38,0,0,2,5,0,4,1,62.634894042275846,85.31033003237098,697.4226150196046,288.4197130333632
21,0,0,4,3,0,5,604,109.22687803395092,162.55577898118645,875.1376970903948,403.301908983849
25,0,0,2,3,0,2,1,67.28189694695175,80.03318298142403,678.5824269754812,165.5442010378465
9,0,0,1,2,0,3,378,146.03553107008338,230.51159805618227,421.53088795021176,275.768099934794
24,0,0,4,3,0,3,31,68.31908191088587,84.60947906132787,1298.5888690454885,529.77820194792
37,0,0,1,5,0,3,1,36.181724979542196,40.4100309824571,199.70767805352807,140.9123339690268
33,0,0,2,4,0,3,1,105.71213206276298,86.84553497005254,882.9373440239578,301.7889679176733
14,0,0,0,2,0,3,246,59.26718993578106,85.96612198743969,164.14502810221165,84.09771707374603
39,0,0,2,5,0,4,1,113.13313397113234,161.85199201572686,192.95383407734334,76.50759303942323
7,0,0,2,1,0,2,1031,55.386682972311974,75.24991501122713,228.07145200204104,127.93032801710069
30,0,0,2,6,0,4,1,70.83621993660927,90.49681504257023,728.38419303298,292.410277063027
26,0,0,3,4,0,3,72,72.0190160209313,85.39616200141609,495.7244760589674,292.40666900295764
42,0,0,3,8,0,3,1,79.81232809834182,86.96117403451353,1782.7214199351147,573.4731140546501
40,0,0,3,9,0,3,2,89.4485340686515,99.69237598124892,1558.7869450682774,559.1554460115731
43,0,0,1,8,0,3,1,59.47816907428205,82.0262290071696,403.43698288779706,135.87887305766344
59,0,0,3,12,0,4,2,77.68600096460432,85.27270297054201,1849.3013499537483,582.7410839265212
42,0,0,1,5,0,3,1,58.333553024567664,39.44111394230276,424.07572001684457,149.98380292672664
38,0,0,7,3,0,3,4,210.17367695458233,248.57322894968092,9189.131171093322,3458.143525989726
31,0,0,3,4,0,3,0,52.13820200879127,74.96214204002172,1323.073774925433,537.2914510080591
12,0,0,2,1,0,2,369,88.6251530610025,106.75362800247967,598.840311053209,313.15096700564027
33,0,0,3,4,0,3,6,34.08450691495091,40.92025605496019,742.8673810791224,285.4973640060052
47,0,0,0,4,0,3,0,28.29802595078945,38.838297012262046,155.71330394595861,74.95818799361587
44,0,0,2,9,0,3,1,74.030885938555,95.42473999317735,686.8266200181097,130.5559710599482
34,0,0,4,4,0,3,6,67.6575240213424,83.31662602722645,2923.6019499367103,1014.6667079534382
25,0,0,2,3,0,4,2,74.82687197625637,78.56699300464243,668.9285570755601,254.0662360843271
6,0,0,0,1,0,1,650,55.413421941921115,73.9496520254761,138.84583790786564,77.78404408600181
28,0,0,0,3,0,3,2,63.02745302673429,82.05248089507222,187.39269603975117,77.17534410767257
27,0,0,1,4,0,3,0,49.518184969201684,71.93224399816245,328.0772540019825,129.16448700707406
28,0,0,2,4,0,3,2,65.99810207262635,86.59649104811251,700.0396630028263,296.5300620999187
21,0,0,5,2,0,2,887,151.7597179627046,226.23595397453755,2429.5386020094156,1064.355865935795
38,0,0,7,3,0,2,6,40.92527704779059,49.844878958538175,19318.49991600029,8674.493047059514
86,0,0,8,16,0,4,1,96.80464502889663,112.26186295971274,58506.65071897674,16637.855535023846
5,0,0,2,0,0,1,1951,43.40998700354248,61.9754099752754,411.46388405468315,214.69000808428973
33,0,0,1,6,0,3,1,30.377713963389397,40.58193403761834,217.74873998947442,75.74166392441839
88,0,0,10,16,0,4,1,81.24903403222561,88.78561400342733,60000.0,33284.17154494673
33,0,0,3,6,0,4,165,52.807608037255704,65.94332994427532,1178.0686809215695,330.25004796218127
23,0,0,1,3,0,3,1,31.194697017781436,42.46961895842105,314.91088995244354,141.21917204465717
3,0,0,1,0,0,1,3830,21.38566307257861,29.221553006209433,70.19371003843844,68.63874301780015
29,0,0,2,1,0,1,1,54.00224099867046,132.1641569957137,262.72179500665516,152.33401011209935
28,0,0,3,4,0,4,1,63.098947051912546,88.99157901760191,634.8949261009693,277.3167119594291
23,0,0,1,2,0,3,1,59.05110097955912,80.33547503873706,336.1969420220703,150.91557207051665
32,0,0,1,6,0,4,1,67.55593500565737,81.21630502864718,193.50603804923594,73.44180101063102
15,0,0,4,1,0,2,3,91.94091602694243,130.30616007745266,2089.7967889904976,1077.9649739852175
35,0,0,2,4,0,3,1,58.81700199097395,82.73928903508931,730.2319079171866,298.68641099892557
28,0,0,3,5,0,4,2,71.63525104988366,87.04029698856175,362.3047359287739,143.66587693803012
29,0,0,2,4,0,3,0,108.53511502500623,102.5922050466761,879.0761090349406,297.0070010051131
33,0,0,0,5,0,3,1,98.89711497817189,94.96887598652393,233.68336202111095,73.33016698248684
4,0,0,2,0,0,1,3830,15.637050964869559,19.64482106268406,70.11129392776638,66.0601599374786
28,0,0,6,3,0,3,29,67.85325799137354,84.52350401785225,4963.971977937035,2057.98051005695
8,0,0,1,1,0,1,325,42.836360982619226,118.92329400870949,324.62275796569884,139.19374195393175
51,0,0,2,10,0,3,1,71.9014200149104,87.40659907925874,830.2733750315383,269.99450800940394
42,0,0,1,7,0,3,1,71.52265997137874,83.06147099938244,412.729001021944,144.57735803443938
30,0,0,6,2,0,3,2,68.72997898608446,85.1467699976638,4806.240816018544,1762.1756970183924
29,0,0,3,4,0,3,5,85.92559490352869,100.31970497220755,1493.2608980452642,462.627315078862
63,0,0,3,10,0,4,1,45.54972192272544,85.62165696639568,1827.2872479865327,420.23319902364165
36,0,0,1,5,0,4,1,77.52331206575036,81.22343802824616,399.46395298466086,149.77963990531862
90,0,0,12,16,0,4,1,145.80919104628265,188.01837705541402,60000.0,60000.0
39,0,0,7,7,0,4,34,126.16537790745497,170.74255004990846,10532.24507207051,4157.8956339508295
26,0,0,5,3,0,3,29,118.40358597692102,158.9201349997893,1359.49319798965,548.5686539905146
23,0,0,6,4,0,4,3062,58.447186020202935,69.26694698631763,8066.499714041129,3489.008659031242
33,0,0,1,4,0,3,1,115.0363179622218,151.11785801127553,93.06844300590456,65.2581030735746
33,0,0,4,5,0,3,1,71.77639100700617,91.82880399748683,1480.9978950070217,555.9500099625438
24,0,0,6,3,0,3,1978,312.7243150956929,389.7548830136657,4486.527150962502,1551.8043659394607
37,0,0,1,4,0,3,1,69.17034590151161,81.60304604098201,389.89404996391386,149.39981908537447
14,0,0,1,3,0,3,6,65.09064405690879,92.52478706184775,92.4659000011161,48.627575975842774
22,0,0,4,3,0,3,38,150.34362906590104,104.25580001901835,3905.49880603794,1295.1020009350032
16,0,0,4,2,0,3,2003,185.2768569951877,224.90183298941702,2534.9449150962755,1014.486039057374
39,0,0,2,5,0,4,1,83.09665299020708,88.69871799834073,765.2853660983965,289.2343429848552
23,0,0,5,3,0,3,1389,174.03247498441488,191.09812809620053,2270.6301050493494,1037.3408669838682
2,0,0,0,0,0,0,3830,16.10745396465063,20.412838086485863,70.44624793343246,70.81404910422862
21,0,0,2,4,0,3,11,89.6258830325678,53.21386898867786,370.01391302328557,83.00259499810636
35,0,0,2,6,0,3,8,69.5556189166382,84.76983301807195,727.8935329522938,280.6304059922695
40,0,0,4,5,0,3,1,38.17134408745915,42.03983710613102,1139.45280702319,589.9237269768491
19,0,0,0,3,0,3,27,62.199555919505656,81.90216706134379,175.74638198129833,79.60982900112867
38,0,0,7,3,0,2,2,80.24123799987137,95.58569698128849,10889.001313014887,3990.433991071768
33,0,0,5,4,0,3,1,99.10676209256053,112.16415802482516,5988.274059025571,2338.023816002533
30,0,0,1,1,0,1,1,55.24530203547329,81.38010499533266,337.83951902296394,154.21284304466099
61,0,0,5,12,0,4,2,133.65901401266456,167.38364601042122,2003.793606068939,838.4858500212431
40,0,0,2,6,0,3,1,132.0808120071888,170.37466692272574,435.7055100845173,149.43682204466313
6,0,0,3,0,0,1,3830,19.047051900997758,24.520878912881017,162.29788400232792,79.47207894176245
14,0,0,3,3,0,4,3830,18.078185967169702,24.48941092006862,507.6300500659272,251.30897108465433
85,0,0,7,16,0,4,1,84.33964708819985,92.9605079581961,28787.26823895704,8447.336030076258
3,0,0,1,0,0,1,3062,60.187908937223256,83.09397904668003,105.51316093187779,81.1636239523068
27,0,0,1,5,0,4,9,65.76759100425988,80.88967902585864,350.5885929334909,144.1049629356712
11,0,0,3,1,0,3,0,49.91175699979067,69.89490706473589,763.7455369113013,352.38918603863567
27,0,0,0,5,0,3,7,78.93161603715271,86.5284149767831,204.46765597444028,75.78079402446747
30,0,0,6,4,0,4,0,135.12071291916072,191.84615893755108,5269.220841000788,2215.20379697904
35,0,0,2,5,0,3,1,70.15317096374929,85.00293106772006,797.1460899570957,287.02029399573803
20,0,0,1,4,0,3,9,77.7086989255622,98.74379599932581,403.1042110873386,182.45616904459894
34,0,0,5,3,0,3,1,34.215681022033095,41.065232013352215,4533.336649998091,1269.1227468894795
17,0,0,1,3,0,3,32,77.61481101624668,61.992626055143774,196.45437505096197,101.10701201483607
32,0,0,1,5,0,3,1,34.086873987689614,41.95652296766639,258.83757090196013,133.87051795143634
32,0,0,8,2,0,3,6,145.77854902017862,282.3592589702457,8468.090394046158,4262.4583430588245
82,0,0,6,16,0,4,1,80.55663399863988,89.07882205676287,16051.011238014325,4004.032045020722
17,0,0,1,2,0,2,1,66.85076095163822,83.51080992724746,310.85270491894335,139.7293839836493
16,0,0,0,3,0,3,113,76.65508799254894,84.60893703158945,185.48463797196746,82.612116006203
33,0,0,5,4,0,3,1,91.93482296541333,95.21210903767496,4913.118276977912,2179.2390380287543
3,0,0,1,0,0,1,3830,17.005617963150144,21.607081056572497,73.90484504867345,69.99190896749496
59,0,0,1,10,0,3,1,40.82233703229576,76.73409406561404,445.51644602324814,141.2210559938103
14,0,0,3,2,0,4,2320,181.52839096728712,180.29888102319092,368.8275079475716,178.32712701056153
42,0,0,4,6,0,4,1,61.10047805123031,87.94491703156382,2167.050681076944,847.5179519737139
13,0,0,2,2,0,2,1,117.89191700518131,162.14959195349365,161.79126093629748,76.38408406637609
37,0,0,1,6,0,3,1,70.52485400345176,81.57439797651023,394.73093301057816,141.16191503126174
25,0,0,6,2,0,3,93,316.9153870549053,354.41277094651014,4561.91576900892,1899.3485280079767
32,0,0,2,5,0,4,7,59.544513002038,80.04224207252264,355.9846190037206,152.63748297002167
15,0,0,1,1,0,1,16,42.3869239166379,39.13627495057881,276.0418349644169,71.25710789114237
30,0,0,4,5,0,3,2,80.8790719602257,91.43881103955209,3094.14929500781,1131.9244670448825
29,0,0,1,3,0,3,1,50.36506289616227,39.707050076685846,184.8187749274075,75.48319397028536
29,0,0,0,4,0,3,1,60.207445989362895,51.83143692556769,108.18161291535944,47.52842499874532
33,0,0,5,4,0,4,8,112.89451201446354,128.7809390341863,5154.803154990077,1976.4608839759603
61,0,0,5,12,0,4,2,141.52510999701917,171.7910140287131,1734.5040070358664,557.2305750101805
8,0,0,1,0,0,1,0,68.09175503440201,101.4053060207516,300.30107707716525,157.80747297685593
59,0,0,3,8,0,3,1,64.77101298514754,79.12090700119734,777.8224599314854,285.6799849541858
27,0,0,1,4,0,3,1,76.19339495431632,84.76125297602266,390.5520848929882,185.36505394149572
10,0,0,2,2,0,4,1101,225.77538806945086,274.4400709634647,286.2615140620619,222.6284920470789
21,0,0,5,2,0,3,3830,45.44877307489514,60.66174106672406,5020.669654943049,2231.6676350310445
21,0,0,3,2,0,3,48,115.19942292943597,165.96895805560052,444.52632090542465,146.31047891452909
7,0,0,1,1,0,2,251,37.98882104456425,53.25854092370719,157.9961769748479,104.76108198054135
10,0,0,1,2,0,2,88,82.46555493678898,105.65258306451142,157.5230750022456,81.04534505400807
22,0,0,4,3,0,3,474,106.23737599235028,160.72771896142513,4053.1058909837157,1201.8258479656652
21,0,0,5,3,0,3,8,123.36376996245235,162.03137394040823,660.2505230112001,283.7487030774355
14,0,0,0,1,0,2,58,67.44998192880303,83.89953209552914,165.800146991387,80.4936810163781
25,0,0,1,3,0,3,1,59.15051104966551,81.43104298505932,345.98166996147484,149.99910292681307
33,0,0,1,7,0,3,5,67.99494405277073,81.30945602897555,380.03985304385424,87.1580260572955
45,0,0,3,5,0,3,1,139.7087760269642,177.22640291322023,762.4636760447174,282.21514890901744
86,0,0,8,16,0,4,1,95.38897406309843,113.08241495862603,52994.42999297753,17031.492532929406
85,0,0,7,16,0,4,1,82.7047259081155,88.95992895122617,13986.062314012088,4093.84875302203
8,0,0,3,1,0,2,3830,18.824099097400904,24.463132955133915,271.7430630000308,171.99411999899894
6,0,0,2,0,0,1,2320,49.48033404070884,69.49633895419538,328.7827569292858,200.07130003068596
30,0,0,1,6,0,3,2,74.47736104950309,87.73897401988506,364.80941402260214,135.46008698176593
23,0,0,2,5,0,4,0,64.35236905235797,76.69255090877414,586.5714080864564,279.41833797376603
12,0,0,1,1,0,1,114,153.7977330153808,84.52425303403288,101.55888693407178,41.46377497818321
53,0,0,2,7,0,3,1,39.2632499570027,42.04062803182751,431.0216390294954,144.3810189375654
28,0,0,1,4,0,4,5,41.39825701713562,49.03371399268508,315.97820203751326,145.5322349211201
20,0,0,1,0,0,1,1,55.925752967596054,82.83587999176234,322.939999983646,152.9983279760927
15,0,0,6,0,0,1,939,136.9102910393849,210.29164001811296,3696.431905031204,1283.6913919309154
12,0,0,3,1,0,2,0,120.52335601765662,184.08372404519469,643.5285080224276,331.4359779469669
85,0,0,7,16,0,4,1,94.56003690138459,106.13138391636312,28528.692748979665,7882.085438002832
25,0,0,3,3,0,4,1,81.61353098694235,94.67082808259875,1095.0688408920541,584.4802090432495
42,0,0,1,8,0,3,1,35.351215046830475,42.02917602378875,222.76130807586014,73.47848499193788
15,0,0,5,2,0,3,640,312.3734619002789,376.00724294316024,2707.9969700425863,1220.4534489428625
51,0,0,1,6,0,3,1,66.60255102906376,80.80026903189719,422.25630895700306,143.24105600826442
22,0,0,1,2,0,2,1,33.01276499405503,42.25235199555755,161.23656800482422,69.72638005390763
5,0,0,1,1,0,2,2343,93.24953996110708,93.85475097224116,151.6198990866542,78.57154798693955
15,0,0,2,2,0,2,72,54.253589012660086,76.63211296312511,576.5498880064115,273.2259490294382
46,0,0,2,7,0,3,1,71.23088103253394,89.47245997842401,777.3851349484175,271.87096409033984
7,0,0,2,1,0,2,3830,36.28631809260696,40.80243094358593,181.1464630300179,126.40054593794048
4,0,0,2,0,0,1,3830,14.809736981987953,19.201116054318845,143.1755309458822,102.7920920168981
19,0,0,3,3,0,3,335,58.60807897988707,51.179899950511754,589.8037300212309,508.0705980071798
56,0,0,1,10,0,3,1,80.48609702382237,89.89311603363603,489.20121998526156,145.3203490236774
23,0,0,2,3,0,3,13,64.81817306485027,87.94070896692574,674.9531590612605,296.9106480013579
43,0,0,4,8,0,3,1,132.32939003501087,169.5147529244423,1794.803462922573,592.4818500643596
1,0,0,0,0,0,0,3062,48.744619009085,44.062707922421396,96.23104799538851,68.99954797700047
3,0,0,1,0,0,1,3830,16.663382994011045,21.525826072320342,69.75018000230193,68.2223029434681
35,0,0,7,6,0,4,1,123.90361598227173,198.65194894373417,3784.4613950001076,1592.8987779188901
16,0,0,2,3,0,4,0,65.78254199121147,82.82774302642792,608.5475960280746,266.1068809684366
17,0,0,2,2,0,4,557,88.04903004784137,101.29236103966832,577.3183950223029,288.20131497923285
7,0,0,0,1,0,1,312,74.9690739903599,108.93076402135193,176.7756179906428,106.70770995784551
18,0,0,1,2,0,3,76,63.0941690178588,88.89072795864195,319.25829604733735,141.73376804683357
28,0,0,2,3,0,3,1,81.68984099756926,87.78621291276067,721.5696380008012,276.68937598355114
23,0,0,6,3,0,4,3062,334.15506896562874,498.0108729796484,5323.839696007781,2311.8075989186764
86,0,0,8,16,0,4,1,147.90211792569607,178.71111806016415,29548.122314969078,7275.997566990554
23,0,0,2,5,0,4,62,317.0555189717561,259.79391508735716,583.3814149955288,154.64528498705477
3,0,0,1,0,0,1,3062,60.40524900890887,86.18020208086818,106.76237498410046,81.11561799887568
86,0,0,8,16,0,4,1,75.35891199950129,106.06855002697557,47328.88679904863,13513.42422189191
2,0,0,0,0,0,0,2320,19.297273945994675,38.32730196882039,87.63177297078073,81.65675599593669
54,0,0,2,8,0,3,1,70.40839397814125,82.31058809906244,443.59727401752025,143.97559489589185
18,0,0,3,3,0,3,479,132.27406900841743,185.9915959648788,597.510558902286,292.42339299526066
36,0,0,4,4,0,3,1,73.80810589529574,90.7896050484851,2760.3200380690396,572.6524199126288
16,0,0,0,2,0,3,101,29.446779051795602,109.40731002483517,84.44422390311956,60.91776199173182
36,0,0,1,5,0,3,1,112.99328599125147,164.95765594299883,192.9134710226208,76.29646803252399
31,0,0,3,6,0,4,1,69.32338594924659,87.18498004600406,1397.783313994296,568.8033190090209
17,0,0,2,3,0,3,8,54.90401200950146,77.77472399175167,308.32854995969683,138.53452901821584
9,0,0,3,0,0,1,1488,83.26035609934479,124.09031193237752,439.12426102906466,236.39509605709463
7,0,0,1,1,0,2,287,52.58052202407271,73.49794404581189,264.8004119982943,135.1911600213498
22,0,0,4,3,0,5,0,48.138936050236225,70.13301795814186,1108.2616740604863,478.7612450309098
70,0,0,2,10,0,3,1,79.86464002169669,87.63223502319306,1052.235355018638,291.03125305846334
33,0,0,3,6,0,4,2,234.43411104381084,207.57505390793085,896.8912269920111,154.08362005837262
27,0,0,1,6,0,3,1,110.51218397915363,159.90269801113755,183.31026006489992,75.22539398632944
22,0,0,2,2,0,2,1,122.13040795177221,82.38088106736541,796.8459689291194,294.4212149595842
36,0,0,1,7,0,3,2,38.82420505397022,41.209775023162365,221.34750499390066,73.70034197811037
17,0,0,2,3,0,4,90,27.29839808307588,37.47640096116811,510.90660702902824,267.71307503804564
11,0,0,4,1,0,2,186,103.89465896878392,153.19169498980045,536.983618978411,264.5741489250213
37,0,0,2,6,0,3,1,65.70359400939196,89.16509605478495,771.8633440090343,277.7993129566312
32,0,0,1,4,0,3,4,60.58574700728059,83.13368493691087,366.04210606310517,151.59036591649055
27,0,0,2,3,0,3,3,63.157086027786136,81.7772300215438,709.4679670408368,298.32538100890815
57,0,0,1,9,0,3,1,77.8272629249841,86.66226803325117,475.0774569110945,146.10771497245878
42,0,0,10,7,0,4,70,107.08938492462039,97.58621302898973,41349.81854003854,14781.011743005365
39,0,0,8,3,0,2,4,79.4868030352518,99.49603700079024,41454.17541800998,16073.515140917152
30,0,0,5,5,0,4,201,238.46025299280882,242.1287619508803,1756.716143921949,1063.780487049371
25,0,0,1,5,0,3,16,155.98400903400034,129.17381897568703,334.092537057586,111.414635903202
8,0,0,2,0,0,1,939,52.06670891493559,73.75418790616095,374.4826960610226,116.17113905958831
30,0,0,4,5,0,3,8,106.00105999037623,140.48620499670506,1568.5477970400825,606.829533004202
39,0,0,1,5,0,3,1,68.05951008573174,87.12013601325452,390.2503839926794,149.88952002022415
49,0,0,7,6,0,3,1,113.68639802094549,165.54573294706643,12047.28379403241,4337.222695001401
15,0,0,0,1,0,2,35,61.25954200979322,83.56803900096565,165.31396296340972,78.96802795585245
15,0,0,0,2,0,3,10,68.88889207039028,101.51650197803974,188.63616907037795,102.22519398666918
5,0,0,1,0,0,1,1488,77.57958595175296,114.82240096665919,115.23037997540087,72.93295301496983
5,0,0,2,0,0,1,1951,83.64754100330174,121.45607802085578,234.52633200213313,123.02420299965888
21,0,0,5,0,0,1,0,67.06272589508444,99.94301595725119,4319.950868026353,2210.9048870624974
35,0,0,5,5,0,4,9,45.996573055163026,62.51654389780015,5560.250064940192,2102.820778032765
26,0,0,5,3,0,3,8,36.74956492614001,44.70394691452384,4057.0836580591276,1587.3092110268772
24,0,0,3,2,0,3,2,66.59689301159233,84.01567093096673,1220.6530719995499,533.3309089764953
22,0,0,3,2,0,3,3,68.94860800821334,84.88420001231134,608.9690990047529,270.1856540516019
21,0,0,1,3,0,3,3,76.95969205815345,84.59590398706496,372.07126105204225,153.5423529567197
21,0,0,3,3,0,3,236,127.2480629850179,170.92054104432464,661.4766459679231,287.06071397755295
26,0,0,2,3,0,3,0,49.904458108358085,70.39162900764495,584.3537070322782,272.0600680913776
49,0,0,1,8,0,3,1,63.79955308511853,83.58279999811202,453.6912670591846,172.28945589158684
42,0,0,1,8,0,3,1,85.3587930323556,92.98726194538176,457.3118590051308,156.40503098256886
39,0,0,4,7,0,3,1,86.35822799988091,95.1567639131099,3178.025883040391,1117.6994510460645
35,0,0,1,5,0,3,1,67.79792695306242,83.87510606553406,822.1405160147697,148.3561499044299
4,0,0,1,0,0,1,2320,73.8636830355972,107.84544295165688,113.41910995543003,89.0384380472824
33,0,0,4,5,0,3,1,91.37604001443833,93.94406294450164,1399.6500769862905,271.09525399282575
5,0,0,0,1,0,1,331,38.59499399550259,56.86129198875278,142.7238309988752,102.5056280195713
12,0,0,0,2,0,1,14,84.46606097277254,88.85629300493747,179.0887030074373,82.33726292382926
29,0,0,3,2,0,2,4,67.54031404852867,85.51864407490939,1377.7180489851162,591.8901429977268
22,0,0,4,2,0,2,1,118.27240604907274,148.4036030014977,2718.7318789074197,1410.8336169738322
38,0,0,9,4,0,3,26,119.21141901984811,167.41111199371517,21791.325098951347,7463.232401991263
30,0,0,2,2,0,2,1,66.57934794202447,86.60759998019785,705.8131090598181,294.8389279190451
27,0,0,1,5,0,3,0,80.45950601808727,88.58214307110757,402.9279019450769,144.1257450496778
27,0,0,4,3,0,3,17,79.20001493766904,86.79457404650748,2979.7326909611,993.1908739963546
3,0,0,0,0,0,0,2490,16.243296093307436,21.620354964397848,48.505312064662576,35.114836995489895
33,0,0,7,5,0,4,2,197.1651999047026,269.635841017589,9348.21873495821,4258.767151972279
16,0,0,2,2,0,4,291,48.83761401288211,113.39090601541102,315.63963601365685,144.24493396654725
18,0,0,4,2,0,3,795,159.42991396877915,241.49037001188844,1033.8575709611177,522.4257709924132
37,0,0,2,5,0,3,2,121.63806497119367,170.03378306981176,385.9184799948707,147.47101604007185
3,0,0,0,0,0,0,2490,31.33021795656532,43.93026803154498,96.00243100430816,71.43366290256381
24,0,0,4,4,0,3,10,47.671628068201244,48.99488796945661,2958.0236580222845,1029.2266589822248
37,0,0,3,6,0,3,0,50.93075905460864,73.43359000515193,1405.9009429765865,511.9298209901899
29,0,0,1,4,0,3,2,69.4092659978196,86.92595304455608,370.5769079970196,148.7291189841926
35,0,0,7,4,0,3,1,197.0665450207889,258.3306429442018,10279.920820030384,4250.716645037755
34,0,0,2,4,0,3,1,67.04209093004465,81.76625904161483,378.36247601080686,142.68373395316303
29,0,0,1,5,0,3,1,120.06775895133615,163.6268600123003,187.96158803161234,71.41875696834177
26,0,0,7,2,0,3,161,324.1820429684594,405.5632440140471,8653.39028602466,3286.518904962577
28,0,0,3,5,0,4,0,138.89450300484896,113.9762350358069,595.8964120363817,285.6252510100603
35,0,0,1,6,0,4,0,33.49368600174785,38.6321279220283,200.30247198883444,141.03868196252733
29,0,0,2,4,0,3,1,69.065295974724,85.74829495046288,729.4293210143223,291.5501040406525
32,0,0,1,7,0,3,1,107.3796470882371,155.6287839775905,184.6046888967976,71.09283201862127
28,0,0,2,4,0,4,1,67.92680290527642,81.17903000675142,673.7698100041598,281.9756059907377
19,0,0,2,2,0,2,0,148.43107399065048,185.2164319716394,360.8640469610691,174.2509319446981
51,0,0,3,8,0,4,1,63.37158102542162,79.33427800890058,1604.4224569341168,538.16692403052
29,0,0,2,5,0,3,2,133.5269019473344,171.5958199929446,414.75165996234864,153.27174391131848
13,0,0,1,2,0,1,2,56.11022294033319,78.85839010123163,296.995872980915,138.12583906110376
13,0,0,2,1,0,3,2490,52.77007399126887,54.88556798081845,436.41313107218593,237.7207400277257
16,0,0,1,1,0,1,98,78.08440795633942,117.13983293157071,364.4063180545345,205.10744501370937
18,0,0,1,4,0,4,1101,268.2611159980297,255.79088495578617,281.3228010199964,121.99143599718809
39,0,0,1,7,0,3,1,80.56444500107318,92.75201603304595,422.1425970317796,146.89508988521993
40,0,0,7,6,0,4,94,198.44822899904102,148.54581304825842,35372.37424496561,8474.893639911897
32,0,0,0,6,0,3,0,62.93668504804373,78.14137195236981,191.09323399607092,72.67746597062796
86,0,0,8,16,0,4,1,138.94005597103387,174.51143090147525,15074.739522999153,3845.678035984747
43,0,0,3,5,0,4,1,80.48939902801067,89.98312498442829,1640.9725730773062,576.8645470961928
14,0,0,1,1,0,1,112,31.98986197821796,51.08384101185948,305.58600602671504,142.1628900570795
21,0,0,0,4,0,3,3,175.82417093217373,103.1994300428778,272.40625000558794,78.98715802002698
39,0,0,7,7,0,4,360,470.8292610011995,493.7301749596372,10037.154454970732,4229.034513933584
5,0,0,0,1,0,1,319,78.05425801780075,105.739286984317,143.89388193376362,64.14584699086845
85,0,0,7,16,0,4,1,43.89662900939584,46.82301904540509,14038.046997971833,3878.4836198901758
41,0,0,10,3,0,2,4,43.38676494080573,52.27372294757515,60000.0,28910.025821998715
38,0,0,8,5,0,4,47,281.86099498998374,176.30547494627535,23518.929938902147,4492.8118189563975
77,0,0,8,13,0,4,1,93.9090009778738,100.87744204793125,57337.55257597659,17002.087375032715
33,0,0,6,4,0,4,3,71.64366403594613,85.98815801087767,5251.049373997375,2102.7227320009843
21,0,0,6,2,0,2,2320,135.12663694564253,187.34295899048448,4673.723447951488,2558.236105949618
9,0,0,1,1,0,1,207,85.34235099796206,125.6296009523794,322.1931100124493,184.8301269346848
30,0,0,2,6,0,3,1,217.1755889430642,253.11121600680053,362.7187410602346,135.0544389570132
56,0,0,2,10,0,3,1,69.53817396424711,88.02554395515472,907.2816480183974,293.98689698427916
40,0,0,2,8,0,3,1,69.44700807798654,85.72420896962285,435.9041650313884,149.16209899820387
30,0,0,1,4,0,3,1,78.35392991546541,85.94909496605396,392.14990905020386,146.76072192378342
7,0,0,0,2,0,1,177,124.37015306204557,100.99114803597331,184.40218502655625,92.20105700660497
13,0,0,5,1,0,2,3830,25.016875006258488,33.89594599138945,1745.0406409334391,1031.2914419919252
40,0,0,2,6,0,3,1,56.868682033382356,105.16348097007722,769.713883055374,400.6304609356448
18,0,0,2,2,0,1,3,66.23549805954099,82.1978939929977,710.793849080801,286.11863194964826
20,0,0,0,4,0,1,0,65.17067598178983,81.1682939529419,172.0408529508859,73.48021899815649
2,0,0,1,0,0,1,3830,12.42001901846379,14.89136996679008,65.65872603096068,66.41568592749536
17,0,0,2,3,0,3,176,126.96064193733037,166.76795110106468,365.99075805861503,146.6318150050938
48,0,0,4,10,0,4,11,154.3866350548342,119.99995599035174,1897.4143749801442,629.9298040103167
49,0,0,1,6,0,3,1,58.538306038826704,82.1955839637667,410.439427010715,155.40484408847988
87,0,0,9,16,0,4,1,50.730842049233615,62.089996063150465,60000.0,32745.295339031145
36,0,0,1,6,0,3,1,82.42336404509842,89.45361792575568,394.8861350072548,139.43652505986392
18,0,0,1,1,0,1,4,63.56522801797837,79.50166799128056,322.8039669338614,146.48246194701642
21,0,0,3,3,0,5,0,50.390953896567225,70.84615994244814,558.1964049488306,243.30970796290785
23,0,0,5,3,0,4,236,88.43091898597777,104.62645895313472,2524.8590789269656,1023.7160829128698
11,0,0,2,2,0,2,2,67.15571391396224,89.06370494514704,307.77481908444315,150.25573607999831
28,0,0,2,4,0,3,4,80.31074597965926,95.4797719605267,767.7802809048444,297.87363996729255
33,0,0,3,6,0,3,1,134.3988310545683,172.0624320441857,421.456222073175,151.0205629747361
10,0,0,0,2,0,3,1708,86.7978249443695,112.31665499508381,178.09130891691893,128.98684397805482
26,0,0,0,5,0,3,1,79.49897495564073,90.67661908920854,212.69938396289945,85.82606399431825
21,0,0,3,3,0,3,0,101.51600209064782,152.09640201646835,598.163006012328,257.52300990279764
4,0,0,2,0,0,1,3830,15.738333924673498,20.334251108579338,69.95648692827672,68.59509600326419
30,0,0,3,7,0,4,1,75.87554294150323,93.36345491465181,1379.7989629674703,536.435179063119
34,0,0,5,3,0,3,1,71.63951697293669,88.51730998139828,5165.672683040611,2070.5571740400046
1,0,0,0,0,0,0,1492,40.11102800723165,57.12852790020406,115.7457820372656,76.22127304784954
14,0,0,5,0,0,1,622,107.57494508288801,164.16809288784862,1982.4515769723803,993.4668630594388
18,0,0,2,2,0,3,26,71.43513194750994,90.37627396173775,626.4076540246606,269.6939540328458
24,0,0,1,0,0,1,2,57.93520004954189,83.76761502586305,316.5621559601277,153.0303619801998
21,0,0,5,4,0,4,2320,65.15869905706495,80.41743107605726,2341.419672011398,1217.341111972928
29,0,0,5,2,0,3,1,69.25896997563541,84.08796298317611,2532.887292909436,1085.7217779848725
13,0,0,3,1,0,1,121,128.996130079031,86.3611149834469,1409.9946069763973,576.0208449792117
23,0,0,1,4,0,3,1,66.57923106104136,79.73475195467472,342.08788094110787,145.37526899948716
15,0,0,4,2,0,3,1101,164.9543709354475,373.644255916588,1156.7590669728816,592.8224669769406
33,0,0,3,4,0,4,2,70.66302001476288,86.65503794327378,1376.541338977404,592.8874720120803
7,0,0,2,1,0,2,3830,35.973689053207636,40.81067501101643,181.3655300065875,126.25572504475713
40,0,0,8,7,0,4,61,123.44921194016933,173.19242702797055,8464.634844916873,3345.6477550789714
20,0,0,5,3,0,5,365,58.034357032738626,80.68187499884516,3339.5942779025063,1572.23446900025
39,0,0,3,5,0,4,1,62.64893093612045,85.37027903366834,1411.761648952961,578.0279909959063
32,0,0,1,4,0,3,1,63.45131294801831,79.26968100946397,362.98564297612756,142.9841599892825
36,0,0,5,3,0,2,1,85.38855705410242,97.03173395246267,5380.016408977099,2139.959496911615
27,0,0,4,3,0,4,40,95.0584301026538,94.39326298888773,1453.9046960417181,575.8370399707928
5,0,0,0,0,0,0,2,49.627293017692864,69.47052001487464,130.37361996248364,62.79374298173934
15,0,0,1,4,0,3,70,101.44942696206272,120.59783807490021,385.78518701251596,175.6616960046813
20,0,0,3,3,0,3,51,125.24465005844831,182.78827401809394,618.7340350588784,275.1593729481101
1,0,0,0,0,0,0,3062,29.75809294730425,40.26188200805336,97.871157922782,67.91010894812644
38,0,0,1,7,0,3,1,118.13955602701753,161.06741002295166,205.0829620566219,71.99687091633677
54,0,0,2,9,0,3,1,44.12547196261585,51.20921996422112,882.9760460648686,222.21198002807796
15,0,0,5,1,0,2,2320,127.44231207761914,187.62525997590274,1937.92818300426,744.4665419170633
64,0,0,4,3,0,3,1,56.50983494706452,82.12736598215997,2830.9728510212153,1014.2351989634335
21,0,0,2,4,0,3,14,129.443992045708,139.09554202109575,388.3823240175843,163.86623494327068
25,0,0,1,5,0,3,112,39.73013593349606,44.79255201295018,199.12179291713983,76.08214905485511
29,0,0,0,6,0,3,4,65.7702429452911,80.09476109873503,192.17276701238006,72.881267988123
37,0,0,2,4,0,3,1,114.24407793674618,162.65780304092914,388.61609308514744,149.06198193784803
6,0,0,2,0,0,1,2320,49.268570030108094,69.59042104426771,327.9361389577389,201.22934505343437
32,0,0,3,3,0,2,2,34.1100690420717,39.88377400673926,1046.9327559694648,299.95461099315435
25,0,0,1,6,0,4,5,86.02506702300161,89.55920999869704,416.1874810233712,159.02728692162782
22,0,0,1,4,0,3,1,32.742453971877694,39.77129503618926,170.00591510441154,70.64799300860614
25,0,0,3,4,0,4,2,64.52141900081187,89.1744140535593,658.1557779572904,293.55354397557676
29,0,0,4,4,0,4,44,101.24025493860245,111.45925102755427,2379.0719200624153,1062.0209029875696
22,0,0,2,3,0,3,53,89.97498999815434,91.33784507866949,470.91054101474583,143.20200204383582
34,0,0,4,6,0,4,28,230.61382898595184,208.60166603233665,1890.3976608999074,360.1635959930718
49,0,0,7,6,0,3,1,112.1500269509852,166.05809493921697,10985.530737088993,4046.4905300177634
7,0,0,3,0,0,1,3062,121.05282896663994,180.10623997543007,357.6901570195332,217.568755033426
30,0,0,6,5,0,4,0,114.5105300238356,158.55734096840024,5031.191966030747,2199.2677180096507
16,0,0,1,2,0,3,150,57.595041929744184,84.34844098519534,318.0607680696994,152.69765898119658
61,0,0,1,11,0,3,1,41.85507108923048,40.31795996706933,491.1962340120226,148.66331010125577
11,0,0,0,3,0,3,136,72.1032019937411,98.25451497454196,173.87007805518806,94.46113393642008
29,0,0,3,3,0,3,2,115.96132104750723,165.58919101953506,729.8309579491615,297.08737798500806
7,0,0,1,0,0,1,939,48.14130498562008,68.68443603161722,223.48964400589466,127.70407705102116
26,0,0,4,3,0,4,1,93.43911800533533,105.43019801843911,2481.6720590461046,1124.8243079753593
28,0,0,4,2,0,3,2,69.33153700083494,86.45066898316145,833.6515099508688,260.27198403608054
39,0,0,1,8,0,4,1,78.31354707013816,87.29055000003427,225.27335793711245,74.73215798381716
17,0,0,1,2,0,2,8,115.00422703102231,162.51753398682922,165.8866290235892,76.76690793596208
11,0,0,0,2,0,1,4,122.39714001771063,83.2249519880861,190.06366201210767,77.51715194899589
22,0,0,2,3,0,4,31,35.43960803654045,85.04871092736721,635.7465470209718,288.2694329600781
31,0,0,4,4,0,4,2,68.24394094292074,82.15945202391595,2523.3160610077903,981.8870830349624
40,0,0,1,5,0,3,1,35.05160799250007,41.330793988890946,202.24298303946853,71.50212803389877
50,0,0,1,11,0,3,1,34.06027099117637,43.806008994579315,219.14294199086726,68.1439689360559
35,0,0,3,4,0,3,2,39.63012096937746,43.502851971425116,689.8548800963908,137.7430729335174
21,0,0,5,2,0,2,635,110.37849204149097,142.6523079862818,4618.370090029202,2714.746769051999
34,0,0,4,3,0,3,6,64.85889106988907,83.78736907616258,2790.6779480399564,1130.4417069768533
30,0,0,4,5,0,3,2,66.97671103756875,98.52041304111481,1420.7011699909344,503.6487589823082
21,0,0,4,3,0,3,1176,282.3788339737803,329.29443498142064,1216.1838720785454,396.7779929516837
17,0,0,2,2,0,3,459,120.33293198328465,167.79872204642743,326.46312296856195,161.08629491645843
4,0,0,2,0,0,1,3830,15.995566034689546,20.273649017326534,70.06113696843386,70.7036160165444
24,0,0,1,5,0,3,1,70.20353199914098,41.58538393676281,183.19061701186,131.2067579710856
20,0,0,3,3,0,4,98,122.13535001501441,88.01920793484896,1442.2232720535249,562.8841669531539
13,0,0,0,4,0,3,29,64.1681170091033,82.4601009953767,169.3893059855327,74.30284901056439
2,0,0,1,0,0,1,3830,12.249634019099176,14.286770951002836,64.06954303383827,64.6044029854238
75,0,0,6,13,0,4,1,56.49033701047301,88.18941796198487,14312.243573949672,4310.863293008879
37,0,0,4,6,0,3,4,184.47232199832797,135.081268963404,4273.184481891803,1263.0365100922063
35,0,0,4,3,0,2,1,41.16337595041841,45.58635503053665,2162.450181087479,1124.2157489759848
30,0,0,2,4,0,3,4,76.263103983365,65.53690892178565,663.6804529698566,292.5070900237188
20,0,0,1,4,0,3,11,91.28843992948532,53.29579894896597,467.4335450399667,84.58289399277419
28,0,0,1,4,0,2,1,65.4642719309777,82.92327099479735,334.48737394064665,134.64546808972955
43,0,0,1,5,0,3,1,35.81399901304394,40.15908797737211,343.1589170359075,141.50255592539907
31,0,0,1,4,0,3,1,75.29933005571365,81.24235109426081,396.4425779413432,151.60793403629214
57,0,0,2,6,0,3,1,43.82717504631728,42.88358800113201,428.6369140027091,176.7512320075184
16,0,0,1,1,0,1,22,57.66918300651014,81.60200400743634,292.0147969853133,133.59014794696122
6,0,0,1,1,0,1,1031,93.16714806482196,133.07386403903365,128.85242805350572,78.51686398498714
12,0,0,1,2,0,1,2,64.49227896519005,83.89287302270532,310.44095393735915,144.57315404433757
18,0,0,0,3,0,3,2,73.92354297917336,101.12162202131003,120.50589104183018,47.2823609597981
9,0,0,0,2,0,3,2875,113.62743005156517,139.31184099055827,193.43126204330474,165.50463601015508
10,0,0,5,0,0,1,3830,24.398795911110938,33.27126207295805,1172.6915918989107,814.44702798035
27,0,0,2,3,0,2,1,36.266308976337314,42.95843094587326,604.1703539667651,281.9704740541056
38,0,0,7,3,0,3,0,94.33244599495083,109.42679608706385,18775.24998295121,8140.8360209316015
26,0,0,2,4,0,3,1,84.40824097488075,90.81194608006626,373.1886650202796,145.44550306163728
8,0,0,1,1,0,1,0,27.52412192057818,38.895561010576785,220.85399297066033,140.88370196986943
38,0,0,2,6,0,4,0,76.37399004306644,82.14343199506402,732.5201759813353,232.21278993878514
34,0,0,5,3,0,3,2,67.71866697818041,86.51984098833054,5067.848674021661,1875.64363097772
52,0,0,2,8,0,3,0,59.60091401357204,85.39160608779639,812.2101409826428,183.7558940751478
39,0,0,1,7,0,4,1,62.79083900153637,83.08957796543837,412.80246805399656,148.3251960016787
3,0,0,0,0,0,0,2490,31.803534016944468,43.825512984767556,98.89318398199975,72.37188902217895
13,0,0,2,1,0,2,1,24.798282072879374,35.34290008246899,447.1255789976567,179.27655996754766
27,0,0,1,1,0,1,1,52.9792089946568,77.00087502598763,249.6442049741745,66.6752589168027
32,0,0,1,7,0,4,1,73.07385199237615,93.36858196184039,287.11354406550527,68.8805578975007
37,0,0,1,6,0,3,0,131.57229695934802,161.78488999139518,212.4191300245002,76.73702097963542
16,0,0,1,3,0,3,171,142.67333096358925,98.40023994911462,499.1073770215735,170.29311298392713
1,0,0,0,0,0,0,3830,11.181490030139685,12.901269015856087,64.174322062172,65.23300299886614
29,0,0,2,3,0,4,6,111.38711799867451,164.15933496318758,347.28439699392766,150.02737997565418
14,0,0,0,3,0,3,27,55.09133101440966,80.55092103313655,162.55680902395397,43.20112499408424
30,0,0,1,4,0,3,1,75.63381094951183,81.11978101078421,202.5535530410707,75.06784703582525
25,0,0,2,5,0,3,1,68.19145299959928,81.00349002052099,356.59169394057244,141.17929304484278
30,0,0,4,2,0,2,1,119.94989297818393,166.58563306555152,1390.393926994875,424.2818729253486
8,0,0,2,0,0,1,939,54.31874294299632,74.81488899793476,488.4586409898475,252.5674880016595
31,0,0,1,6,0,3,1,66.91270892042667,81.41396404244006,388.6022709775716,146.09353197738528
28,0,0,1,3,0,2,1,61.979993944987655,84.00191902182996,351.7236630432308,146.95191499777138
29,0,0,2,5,0,4,0,53.246353985741735,73.6966049298644,655.0055640982464,270.4252189723775
35,0,0,3,7,0,4,2,119.1683099605143,160.58509494177997,423.6334169982001,138.68905801791698
26,0,0,2,3,0,3,4,56.244477978907526,80.44314500875771,671.2670789565891,299.4393690023571
37,0,0,8,3,0,3,0,74.04726999811828,95.99631291348487,35067.41398095619,16097.761811921373
16,0,0,6,2,0,3,3830,9.236537967808545,11.571498005650938,1770.6189949531108,1425.3408289514482
22,0,0,3,2,0,3,542,211.52027091011405,211.98304393328726,828.5449299728498,167.8890350740403
33,0,0,5,6,0,4,2,123.5583289526403,170.93765502795577,2704.6161899343133,1099.3430090602487
29,0,0,2,4,0,3,1,59.636382036842406,83.36875995155424,707.9435399500653,298.78042405471206
35,0,0,4,5,0,4,4,34.18687800876796,42.06744802650064,1722.945480956696,827.7181700104848
1,0,0,0,0,0,0,3830,11.028244975022972,12.72747095208615,64.86948393285275,49.67092408332974
37,0,0,3,6,0,3,0,49.854270997457206,74.44394601043314,1425.6592370802537,511.6507870843634
28,0,0,2,4,0,4,2,79.35343100689352,85.37861111108214,386.25533296726644,146.90120401792228
30,0,0,4,5,0,3,1,82.10069604683667,95.53506097290665,2861.2374380463734,1072.133507928811
21,0,0,3,3,0,4,0,49.52702298760414,72.17459694948047,600.6965390406549,187.41269293241203
5,0,0,2,0,0,1,3830,20.62670700252056,27.206386905163527,332.52045803237706,199.129702989012
79,0,0,3,10,0,3,1,35.6210550526157,40.673996903933585,1401.962842908688,563.2457690080628
30,0,0,3,4,0,4,0,33.56952895410359,38.10589201748371,637.6350779319182,471.66585898958147
20,0,0,0,2,0,2,0,57.014747988432646,111.91448103636503,169.4978449959308,76.55038393568248
28,0,0,2,5,0,4,9,116.98368797078729,161.05906199663877,354.0044359397143,144.28612892515957
55,0,0,1,7,0,3,1,63.00283898599446,78.3261600881815,307.162904064171,70.52955403923988
4,0,0,0,1,0,1,2106,68.92011710442603,89.11358995828778,146.0637430427596,103.88665308710188
61,0,0,1,8,0,3,1,62.96021107118577,81.66122692637146,453.0270020477474,151.10888006165624
27,0,0,2,2,0,2,1,68.43641493469477,82.77422096580267,711.9567170739174,296.11515800934285
32,0,0,3,4,0,3,2,71.87987805809826,87.0927550131455,1425.6712349597365,356.96299199480563
33,0,0,1,5,0,3,1,91.94716392084956,96.33916500024498,443.3458000421524,142.6490070298314
19,0,0,4,3,0,3,2875,263.79493705462664,331.01748500484973,914.1537940595299,522.351108957082
28,0,0,2,4,0,3,2,70.23225806187838,92.82173099927604,669.1315730568022,275.5914709996432
40,0,0,3,5,0,3,1,79.52213997486979,94.44534208159894,1180.3177460096776,494.921489036642
38,0,0,4,4,0,3,2,56.439231033436954,77.80247204937041,2471.2489410303533,525.7174590369686
24,0,0,3,4,0,3,3,96.4956049574539,105.92140594962984,1512.4901980161667,652.5661610066891
33,0,0,3,4,0,3,2,76.4303719624877,98.04721199907362,1401.0985759086907,547.9637490352616
36,0,0,3,5,0,3,1,45.8555209916085,42.03666001558304,958.4125679684803,257.6194329885766
31,0,0,1,3,0,3,2,32.07943995948881,40.46812793239951,339.2566239926964,148.00036093220115
52,0,0,3,10,0,4,1,66.65526900906116,81.1070529744029,861.3932769512758,279.6853850595653
15,0,0,1,3,0,4,90,37.83762804232538,75.74204995762557,288.5298829060048,138.7696920428425
65,0,0,2,11,0,3,1,122.28981300722808,164.10067304968834,492.7868249360472,148.40507705230266
52,0,0,1,11,0,4,1,86.8027979740873,94.06873502302915,375.79420197289437,72.96246895566583
32,0,0,5,2,0,3,0,29.04946997296065,39.63333903811872,4247.594265965745,2079.152678954415
35,0,0,5,3,0,3,0,78.8505410309881,89.71464692149311,4961.211845977232,2065.906918956898
32,0,0,6,5,0,4,264,278.24350900482386,281.42295498400927,6378.34043300245,1771.5006479993463
23,0,0,0,4,0,3,13,40.72260402608663,42.649246053770185,104.12463499233127,38.47933292854577
34,0,0,4,5,0,4,0,201.24604098964483,221.62880806718022,2077.8057869756594,583.4682950517163
62,0,0,2,10,0,4,0,45.001846039667726,41.41425096895546,607.922823051922,194.8036910034716
43,0,0,3,4,0,4,1,30.41061491239816,39.84810900874436,697.8395020123571,295.45056296046823
43,0,0,1,6,0,3,0,57.12990392930806,78.34683393593878,103.03396394010633,37.79146994929761
33,0,0,5,4,0,3,1,105.5931729497388,105.75458803214133,5220.996333984658,2271.2433129781857
11,0,0,0,2,0,1,53,86.09390107449144,88.57384196016937,178.2136670080945,83.66776595357805
27,0,0,3,3,0,3,1,119.89480198826641,123.55886399745941,500.396867049858,267.91508006863296
3,0,0,0,0,0,0,0,52.996273967437446,75.89245797134936,135.401566978544,69.51388402376324
4,0,0,0,0,0,0,1226,44.28215592633933,35.71880795061588,62.577259028330445,47.42354794871062
20,0,0,1,4,0,3,195,93.5482339700684,47.6395619334653,553.3615699969232,172.55470796953887
82,0,0,11,14,0,4,0,137.93003791943192,167.40485792979598,60000.0,60000.0
32,0,0,1,6,0,3,8,120.21405308041722,82.67533709295094,432.30698292609304,72.389938053675
30,0,0,1,5,0,3,1,130.7423550169915,166.71795502770692,203.8150120060891,74.77826497051865
33,0,0,1,6,0,3,0,63.79292695783079,86.44651004578918,364.7425670642406,139.7546110674739
89,0,0,11,16,0,4,1,81.22556400485337,45.724650961346924,60000.0,60000.0
17,0,0,2,3,0,3,8,53.56817506253719,77.05766207072884,305.9532759943977,138.75222695060074
87,0,0,9,16,0,4,1,79.56056704279035,50.717995036393404,60000.0,31654.15892296005
38,0,0,6,7,0,4,0,103.06692810263485,151.28948295023292,5226.194628048688,1912.319294991903
21,0,0,3,4,0,4,1031,65.30022097285837,82.72308704908937,1188.0232490366325,566.8435440165922
5,0,0,1,1,0,2,122,112.7231519203633,146.55021100770682,277.95168792363256,216.20310097932816
34,0,0,2,6,0,4,6,62.949910992756486,67.15314800385386,367.1984669053927,143.40633701067418
24,0,0,3,4,0,4,26,46.1290180683136,51.52623204048723,870.324949035421,669.2344750044867
6,0,0,2,0,0,1,0,50.73090293444693,73.9845980424434,527.47257205192,260.2093489840627
34,0,0,2,6,0,3,1,32.472530961968005,39.34358502738178,298.51080500520766,143.60666903667152
24,0,0,0,4,0,3,2,64.48706903029233,46.40143597498536,138.84660799521953,90.88411403354257
20,0,0,1,3,0,3,57,78.00335192587227,89.024055050686,371.35055800899863,149.07559799030423
13,0,0,0,1,0,1,9,74.18920006603003,101.59556998405606,189.71711909398437,95.55301000364125
37,0,0,6,3,0,3,0,81.99669094756246,93.33164792042226,9135.718200006522,4444.158199941739
37,0,0,1,3,0,2,1,62.6988410949707,82.52251404337585,373.9661959698424,149.32539802975953
85,0,0,7,16,0,4,1,81.41717396210879,88.52207299787551,15833.385845995508,3581.3851810526103
14,0,0,1,2,0,4,1488,54.10600500181317,61.17957504466176,263.2641530362889,152.1357559831813
37,0,0,5,7,0,3,4,142.08335895091295,182.12520296219736,2615.2292740298435,539.6833900595084
7,0,0,0,0,0,0,433,25.735273025929928,36.261621047742665,68.64891399163753,37.16310497839004
25,0,0,3,4,0,3,3,91.55908005777746,109.24753500148654,1557.6142841018736,704.4470440596342
54,0,0,4,7,0,3,0,24.352345033548772,33.27635698951781,789.953829953447,486.0261130379513
17,0,0,2,2,0,4,238,88.30445306375623,99.42928201053292,586.0700879711658,278.29313708934933
18,0,0,3,2,0,4,0,49.38588500954211,67.64573301188648,1080.8299930067733,482.2650459827855
34,0,0,6,6,0,4,2,125.84792205598205,172.52935701981187,5344.984499039128,2225.7786910049617
13,0,0,2,3,0,4,1951,45.768935000523925,61.325649032369256,507.0732389576733,253.44135204795748
30,0,0,2,5,0,3,1,122.22143402323127,97.3209710791707,424.18588197324425,144.17515601962805
10,0,0,2,1,0,1,432,61.80091598071158,81.80910698138177,522.383690928109,253.2202770235017
36,0,0,8,4,0,3,58,195.5605170223862,256.18152297101915,20326.681236969307,8046.245163073763
13,0,0,0,2,0,3,449,68.6004210729152,98.40483404695988,171.42632300965488,101.31252196151763
36,0,0,3,5,0,3,1,119.3305189954117,162.72327001206577,514.4536690786481,279.40923999994993
22,0,0,1,0,0,1,2,57.826258009299636,81.01052301935852,312.5764810247347,152.83643000293523
18,0,0,3,3,0,3,303,71.15274399984628,93.7146230135113,1112.996745039709,348.12736697494984
37,0,0,3,6,0,3,0,51.88870104029775,70.86111803073436,1389.5183849381283,326.62110996898264
35,0,0,6,3,0,3,1,72.66395096667111,88.68500695098191,8357.648837030865,3593.9799370244145
25,0,0,2,5,0,4,2,174.62406505364925,114.78118691593409,293.36526000406593,74.99726896639913
30,0,0,2,4,0,3,1,67.55064299795777,83.49903498310596,732.1428849827498,209.22988699749112
26,0,0,1,3,0,2,1,67.29608203750104,82.05902297049761,355.7320620166138,144.91156197618693
53,0,0,1,5,0,3,1,34.135118941776454,39.999125991016626,342.6552569726482,73.23363597970456
11,0,0,2,1,0,2,1417,89.90172203630209,132.60700600221753,282.38150908146054,148.39545194990933
86,0,0,8,16,0,4,1,82.00186910107732,91.77163999993354,57533.56875607278,16459.226091974415
23,0,0,7,0,0,1,0,39.230239926837385,55.710512096993625,17255.587153951637,7898.407805943862
74,0,0,7,13,0,4,1,83.93448404967785,97.3944659344852,26638.270344934426,8660.795649979264
25,0,0,3,5,0,4,286,103.11233100946993,107.80332610011101,1686.0127040417865,581.086143036373
13,0,0,1,2,0,4,2490,54.10395807120949,48.956843093037605,247.6107149850577,158.09958497993648
28,0,0,1,4,0,3,1,68.1361339520663,84.3751160427928,311.57633499242365,75.80886804498732
37,0,0,6,5,0,4,38,74.53784404788166,96.91126097459346,11080.380751984194,4346.593318972737
33,0,0,0,6,0,3,0,60.343844001181424,79.09428095445037,190.3012819821015,74.0700060268864
22,0,0,4,3,0,5,0,49.09286601468921,69.1604430321604,547.308120992966,235.1240349235013
53,0,0,3,7,0,3,1,65.61842595692724,85.57194902095944,825.8780830074102,144.639219972305
27,0,0,2,5,0,4,1,56.01378995925188,76.95801299996674,340.74877004604787,139.34275589417666
22,0,0,2,3,0,3,1,69.07721003517509,87.728611077182,693.7433640705422,301.892988034524
39,0,0,2,3,0,3,1,30.792648089118302,39.6498009795323,362.9649979993701,149.19265697244555
28,0,0,3,5,0,3,0,106.58411995973438,154.89017497748137,609.3482509022579,132.94087594840676
16,0,0,3,2,0,3,0,105.02368002198637,154.9608960049227,597.1178929321468,270.18566196784377
12,0,0,0,2,0,3,0,27.600490022450686,39.211765048094094,142.36661000177264,72.47442496009171
35,0,0,3,6,0,4,3,71.28942909184843,86.7948210798204,752.0163869485259,283.83134596515447
6,0,0,2,0,0,1,2490,59.13651501759887,89.34544306248426,182.19287204556167,117.58576903957874
27,0,0,4,3,0,3,1,69.59266599733382,84.4677920686081,1362.1300670783967,565.7026579137892
23,0,0,3,4,0,3,0,190.53168792743236,172.83097805920988,754.751423955895,312.0483730453998
6,0,0,1,1,0,2,1492,43.13100199215114,65.04337000660598,249.79830894153565,142.7558430004865
28,0,0,5,4,0,4,0,235.79666705336422,420.9010279737413,1581.185305956751,567.2175659565255
12,0,0,0,2,0,3,795,68.25021794065833,94.78376095648855,164.73296598996967,99.83891597948968
15,0,0,4,2,0,4,3830,21.322479005903006,28.101532021537423,1006.8474860163406,513.6587920133024
13,0,0,1,1,0,2,2,78.32329999655485,115.98541610874236,228.0107419937849,111.42210895195603
20,0,0,3,3,0,5,218,56.071330909617245,78.8234289502725,876.9567048875615,405.101794982329
52,0,0,0,10,0,3,0,68.18372500129044,84.54193209763616,239.0713420463726,75.18487994093448
7,0,0,3,0,0,1,3062,41.1795120453462,56.409548968076706,493.35021094884723,284.1807199874893
18,0,0,1,2,0,1,1,89.15389108005911,91.4816870354116,362.3586860485375,160.59751901775599
13,0,0,3,2,0,2,190,202.81615597195923,142.64400699175894,695.2459720196202,313.3856189670041
83,0,0,5,16,0,4,1,90.34446999430656,112.14763601310551,8311.594909988344,2243.5291070723906
3,0,0,0,1,0,1,340,112.5112900044769,147.3652800777927,165.94151500612497,130.7550590718165
6,0,0,1,0,0,1,0,24.95365298818797,34.94452603626996,128.63313604611903,58.51896095555276
29,0,0,5,3,0,3,0,37.248475942760706,47.31324501335621,5178.110781940632,2088.5284889955074
40,0,0,1,7,0,3,1,63.064420013688505,88.23316602502018,402.27016108110547,150.17486503347754
27,0,0,3,3,0,3,15,61.6432890528813,86.11333009321243,1343.8781610457227,593.4885930037126
14,0,0,3,1,0,2,182,68.20848700590432,126.48931401781738,595.3977740136907,283.7168669793755
35,0,0,1,4,0,4,1,59.65031206142157,80.72496694512665,188.12445795629174,75.98564401268959
5,0,0,0,1,0,1,1031,52.30646696873009,72.36023305449635,128.95429006312042,78.95972300320864
46,0,0,1,6,0,3,1,56.04859895538539,80.67595702596009,202.97032303642482,76.77632907871157
91,0,0,3,4,0,3,1,70.0695359846577,84.249661071226,1891.0071249119937,597.2239410039037
11,0,0,2,2,0,2,90,89.7220280021429,123.70457698125392,608.0965199507773,307.1515980409458
36,0,0,3,4,0,4,1,96.18736593984067,98.22794096544385,1410.6900859624147,564.4752690568566
34,0,0,5,5,0,4,1,69.89222392439842,60.58659695554525,4919.774692039937,2222.733916947618
8,0,0,3,0,0,1,907,102.60406008455902,151.0738580254838,495.68311497569084,252.0874209003523
17,0,0,1,3,0,3,9,77.98903691582382,111.07821902260184,375.696144066751,179.5022339792922
35,0,0,4,3,0,2,1,66.06373796239495,83.86250701732934,2940.9603539388627,688.4676709305495
9,0,0,2,1,0,1,0,108.47675998229533,157.81046403571963,281.32788999937475,143.17183790262789
44,0,0,2,7,0,3,1,61.24324502889067,74.17996705044061,773.8506899913773,265.7240739790723
40,0,0,1,5,0,4,1,79.23138199839741,86.28572500310838,384.6841560443863,145.82441898528486
36,0,0,3,7,0,4,0,56.31456000264734,79.9483209848404,1354.5312660280615,307.34359298367053
24,0,0,1,3,0,3,2,71.55691797379404,81.81292901281267,356.1531959567219,143.62957200501114
44,0,0,2,8,0,3,1,57.32965411152691,79.25886299926788,258.74445296358317,68.51236906368285
20,0,0,1,3,0,3,118,62.25917604751885,84.00322590023279,342.770445975475,155.47141898423433
40,0,0,2,5,0,3,1,33.5655800299719,39.628233993425965,351.181945996359,145.26735502295196
39,0,0,2,5,0,4,1,80.62377595342696,89.26131797488779,752.0917119691148,284.0538809541613
15,0,0,0,2,0,3,2,59.10966102965176,85.75091592501849,168.27383101917803,82.58787298109382
37,0,0,1,4,0,3,1,69.05119691509753,83.04108190350235,391.3908170070499,148.12090003397316
29,0,0,0,5,0,3,1,52.20165103673935,81.34983002673835,204.4578120112419,75.19648596644402
18,0,0,1,3,0,4,3,62.68850900232792,86.56121592503041,311.61927606444806,147.44433900341392
30,0,0,4,5,0,3,1,80.83204401191324,91.09322295989841,2875.845651025884,1132.753064041026
35,0,0,6,3,0,3,0,240.3864290099591,293.65184798371047,5110.098178964108,2025.6682840408757
17,0,0,1,0,0,1,56,28.837384073995054,40.091400034725666,151.7073130235076,73.67665495257825
24,0,0,3,2,0,3,2,67.32938799541444,84.01260094251484,1202.6819220045581,532.2651859605685
47,0,0,5,6,0,3,1,65.86772296577692,87.04954502172768,6007.913609035313,2344.8633399093524
87,0,0,9,16,0,4,1,41.798425023444,43.49297203589231,60000.0,34879.85101889353
22,0,0,4,3,0,5,102,123.83072194643319,162.59623097721487,420.0176199665293,114.25805895123631
16,0,0,3,2,0,2,53,169.30398799013346,173.79594198428094,424.6280658990145,353.80199109204113
1,0,0,0,0,0,0,3830,11.459893081337214,12.780889053829014,63.98465496022254,64.14001004304737
33,0,0,1,6,0,3,2,34.06295902095735,41.723152971826494,238.65558998659253,147.67610805574805
37,0,0,5,7,0,4,0,228.68484596256167,246.8889970332384,1418.3388310484588,520.0051220599562
22,0,0,4,2,0,2,1,270.9293969674036,366.2504570093006,1402.2544278996065,632.4681250844151
38,0,0,3,7,0,3,2,43.166368966922164,89.26546294242144,1703.9033330511302,569.9380179867148
40,0,0,0,5,0,3,0,79.99463204760104,88.09524297248572,213.60287198331207,76.64638094138354
74,0,0,5,13,0,4,1,40.84495094139129,43.90017897821963,5082.701942999847,1502.4837648961693
24,0,0,1,3,0,4,1,72.44720100425184,82.81973691191524,332.31481595430523,140.7400220632553
23,0,0,1,4,0,3,2,145.10239101946354,94.56913499161601,552.9509390471503,166.27342894207686
38,0,0,4,6,0,3,0,29.696575016714633,41.163567919284105,2063.0029930034652,1055.377823067829
34,0,0,3,5,0,4,0,73.66691902279854,90.11027100495994,1170.5319799948484,561.2595659913495
22,0,0,5,3,0,3,0,348.04578498005867,298.6322670476511,3107.190183014609,1118.4556840453297
40,0,0,9,7,0,4,1176,258.0298789544031,313.5895720915869,18947.191238985397,7919.12358708214
16,0,0,3,1,0,3,123,80.91432298533618,105.25349003728479,610.2586899651214,288.643529987894
47,0,0,1,8,0,3,1,31.487421947531402,40.01124610658735,325.74739400297403,148.8725480157882
29,0,0,4,5,0,3,0,55.79310900066048,82.20689801964909,2554.2245290707797,1038.1683619925752
20,0,0,1,2,0,3,93,67.15987401548773,85.16506699379534,331.16241393145174,125.86466001812369
25,0,0,0,3,0,2,1,64.6331530297175,79.64551995974034,174.0652050357312,72.04744906630367
20,0,0,2,3,0,4,102,35.08880501613021,41.34511202573776,239.32149494066834,71.14084099885076
12,0,0,3,2,0,2,1492,46.324305003508925,64.54933690838516,1039.3422490451485,436.9311340851709
49,0,0,1,8,0,3,1,73.9991000154987,86.01267298217863,410.4880099184811,134.70501697156578
27,0,0,2,3,0,3,2,66.93226005882025,80.6719979736954,723.7865260103717,297.69282904453576
30,0,0,1,4,0,3,2,63.297114917077124,78.42994399834424,362.2039520414546,142.35397893935442
39,0,0,2,4,0,2,1,65.49184292089194,79.89806996192783,724.177488940768,291.0286379046738
29,0,0,1,3,0,3,0,58.03638696670532,77.38168409559876,346.72979393508285,99.25470594316721
33,0,0,2,5,0,4,0,66.4282189682126,79.9453150248155,754.9892599927261,293.7298780307174
39,0,0,2,7,0,4,1,178.84194001089782,98.36522594559938,625.3398039843887,145.98748995922506
8,0,0,3,1,0,2,1031,29.785000951960683,67.66340392641723,413.0468119401485,220.6652710447088
23,0,0,0,2,0,1,1,75.26981504634023,103.67950797080994,197.3521540639922,95.59501800686121
4,0,0,0,1,0,1,352,113.88559103943408,148.52238399907947,123.10348998289555,89.09807307645679
25,0,0,3,4,0,4,1,116.32219306193292,165.46586994081736,322.40310101769865,146.75551606342196
18,0,0,0,2,0,2,3,67.79345194809139,84.09466093871742,176.250361953862,74.46229492779821
36,0,0,2,4,0,4,1,60.11183501686901,80.55244595743716,370.83173799328506,149.32978502474725
29,0,0,2,4,0,2,1,67.0764340320602,82.84684200771153,537.7830290235579,225.81240395084023
8,0,0,2,0,0,1,1488,44.77933805901557,64.60374291054904,334.6795500256121,116.76958599127829
28,0,0,4,4,0,3,39,172.75926901493222,248.75469994731247,1260.6233399128541,543.4907809831202
32,0,0,4,5,0,3,0,126.07360701076686,167.50271094497293,1399.6680510463193,560.2189890341833
15,0,0,3,4,0,4,3830,14.062264002859592,18.01239198539406,338.7304119532928,216.35698294267058
28,0,0,1,4,0,4,1,57.81383498106152,80.71841800119728,178.4208370372653,76.41138206236064
17,0,0,2,3,0,4,90,55.917583988048136,80.86300396826118,565.0844239862636,267.06254901364446
28,0,0,1,2,0,3,5,67.14043696410954,79.9640049226582,380.5351189803332,148.72026606462896
85,0,0,7,16,0,4,1,82.15927693527192,89.32870998978615,27730.928088072687,8778.414992033504
51,0,0,3,8,0,4,1,62.45149695314467,79.4794800458476,1625.5499690305442,426.90619302447885
2,0,0,1,0,0,1,3830,11.303139035589993,13.491543009877205,102.00670594349504,31.53574001044035
34,0,0,2,6,0,3,1,77.13373901788145,85.7836859067902,774.460535030812,142.1187649248168
8,0,0,1,0,0,1,1,105.73198809288442,156.17112908512354,139.06668405979872,69.5376560324803
7,0,0,0,2,0,1,177,65.05638093221933,88.12385203782469,185.75196096207947,90.45224392320961
35,0,0,6,5,0,3,3,72.43849197402596,93.94314303062856,7997.503729071468,3221.03818890173
87,0,0,9,16,0,4,1,133.41362192295492,167.73436206858605,58807.12660797872,15321.107245981693
26,0,0,2,3,0,3,15,29.549167025834322,40.23099294863641,411.3548849709332,297.3811710253358
35,0,0,1,6,0,3,1,68.00715101417154,80.9048239607364,348.0816869996488,70.61543094459921
8,0,0,3,1,0,2,3830,9.61251906119287,12.624748982489109,161.1063169548288,172.35128302127123
12,0,0,2,2,0,3,378,197.04276998527348,211.25005197245628,302.1100579062477,149.23318207729608
15,0,0,1,2,0,3,291,67.5261759897694,90.71476699318737,302.9569369973615,148.38540402706712
33,0,0,1,4,0,4,1,78.56356701813638,86.81132202036679,354.9878249177709,147.18211092986166
48,0,0,1,7,0,4,1,67.62574997264892,81.16172405425459,459.65518802404404,142.3141089035198
35,0,0,1,6,0,3,1,60.55903004016727,103.69363508652896,366.34491092991084,133.54151393286884
50,0,0,1,8,0,3,1,67.85150396171957,84.97300697490573,451.4408769318834,147.43061200715601
39,0,0,3,6,0,4,5,76.85268495697528,82.51641504466534,1655.445346958004,584.5844639698043
7,0,0,3,0,0,1,3062,120.49933604430407,177.91315400972962,331.1999869765714,200.89980401098728
34,0,0,4,3,0,3,0,76.12412597518414,84.74722399841994,2219.2137229721993,589.6782600320876
27,0,0,2,5,0,4,1,86.80679101962596,95.37433797959238,704.2080560931936,286.10734606627375
2,0,0,0,0,0,0,3830,16.061821952462196,20.48257808201015,69.63682698551565,69.04811994172633
30,0,0,2,6,0,4,1,34.773128922097385,43.31062198616564,341.07503993436694,146.8514030566439
26,0,0,6,3,0,3,46,36.60350991412997,50.98790302872658,5588.417963008396,3347.7611819980666
32,0,0,1,6,0,4,3,86.68276004027575,93.57636992353946,205.2663950016722,72.40995101165026
26,0,0,2,5,0,3,1,74.80326702352613,82.32885599136353,734.0848980238661,255.90962707065046
27,0,0,0,4,0,3,1,56.201784987933934,76.6431720694527,171.37476708739996,71.11808296758682
25,0,0,2,3,0,3,2,29.480110970325768,40.488182101398706,276.24427201226354,142.363877967
26,0,0,2,4,0,3,1,78.96273792721331,86.64766605943441,572.6448720088229,143.14957801252604
46,0,0,2,9,0,3,1,87.14456495363265,106.25952400732785,841.1100769881159,277.30066992808133
44,0,0,2,7,0,4,1,72.94959493447095,87.52502698916942,731.3377209939063,249.20537893194705
39,0,0,3,5,0,4,1,31.217130948789418,42.630149982869625,1274.8918380821124,583.5467650322244
33,0,0,3,6,0,4,3,40.44429096393287,43.261616956442595,465.8245840109885,141.77899004425853
11,0,0,1,2,0,3,994,124.38754399772733,141.39525801874697,395.8960719173774,186.85108807403594
7,0,0,2,0,0,1,939,57.79842799529433,84.10849096253514,416.5133140049875,216.90088999457657
85,0,0,7,16,0,4,1,81.74066594801843,88.60848506446928,29087.660782039165,8929.77729102131
32,0,0,1,5,0,3,0,69.09530493430793,61.52237800415605,176.4656889718026,68.2709050597623
28,0,0,1,5,0,3,0,50.80457997974008,72.14373804163188,337.3818489490077,126.94256193935871
34,0,0,5,4,0,4,8,66.58464507199824,81.0275839176029,5383.456505020149,2114.9662219686434
36,0,0,4,7,0,4,0,87.51250605564564,167.3429710790515,1463.8456780230626,557.7157770749182
44,0,0,2,7,0,3,1,69.8419070104137,82.85845792852342,402.06066390965134,139.68950393609703
16,0,0,2,2,0,3,843,97.93255408294499,108.02010900806636,673.135481076315,287.8725159680471
18,0,0,6,1,0,2,1155,72.62509793508798,80.93574305530638,4074.0099129034206,2413.3620409993455
27,0,0,2,5,0,3,9,71.9372370513156,85.2402769960463,719.2163469735533,277.5802619289607
33,0,0,1,5,0,3,1,70.52320602815598,83.445955067873,379.17806894984096,142.06934696994722
33,0,0,3,5,0,3,3,84.90445907227695,94.20578402932733,1379.5149510260671,289.45597098208964
32,0,0,3,5,0,3,0,154.33048806153238,160.63213895540684,729.5878159347922,256.4936700509861
20,0,0,1,4,0,3,118,33.128577983006835,40.717754047364,170.35334289539605,71.91522908397019
30,0,0,1,5,0,3,1,29.63555697351694,40.17966997344047,281.6791300429031,140.13464795425534
4,0,0,0,0,0,0,1488,34.63145799469203,59.156923089176416,114.21003995928913,73.10637505725026
44,0,0,3,5,0,3,1,76.70159102417529,80.70041902828962,1713.922965922393,575.8310109376907
35,0,0,4,5,0,3,2,34.58041197154671,41.808092035353184,2669.027314055711,1049.5225880295038
39,0,0,1,8,0,4,1,63.31421504728496,86.68432699050754,392.57477899082005,145.66081506200135
30,0,0,6,4,0,3,0,66.5132129797712,84.5982360187918,5189.463896909729,2273.371624061838
26,0,0,3,3,0,2,0,57.64487397391349,83.38130405172706,636.2687430810183,279.2763001052663
6,0,0,1,1,0,1,1031,57.397081051021814,76.63529994897544,123.87476698495448,61.668477952480316
32,0,0,3,6,0,3,42,67.32308608479798,81.67676697485149,410.42465600185096,296.661586035043
25,0,0,4,3,0,3,0,109.87856006249785,159.22369994223118,1195.2943190699443,431.2348300591111
20,0,0,0,2,0,3,16,37.02748904470354,52.915551932528615,187.70522810518742,102.28967294096947
4,0,0,0,1,0,1,442,112.6815159805119,148.1819460168481,121.49379099719226,89.65697698295116
9,0,0,3,1,0,2,1031,58.27275605406612,80.22954897023737,871.7099479399621,434.97528100851923
37,0,0,6,3,0,3,0,84.555943030864,97.87771000992507,9521.005825023167,4297.771891928278
35,0,0,2,5,0,3,1,39.98474101535976,45.71740503888577,378.1920410692692,141.1114470101893
11,0,0,1,2,0,3,159,179.65473607182503,98.01232593599707,355.7707730215043,147.55579992197454
48,0,0,2,6,0,3,1,35.008121049031615,42.75502904783934,567.942206049338,268.848053063266
49,0,0,1,9,0,3,1,84.05694691464305,89.630336035043,424.64697000104934,140.90393797960132
2,0,0,0,0,0,0,1522,36.87349904794246,53.7221219856292,108.24702307581902,75.6397939985618
59,0,0,3,9,0,3,0,68.82994598709047,101.97531490121037,1683.694688952528,554.8006210010499
23,0,0,1,2,0,3,17,113.96107892505825,160.2060820441693,172.37466701772064,76.67951902840286
10,0,0,2,1,0,1,251,107.93272103182971,153.67403090931475,626.5949780354276,355.30642699450254
22,0,0,5,3,0,4,1389,381.166507024318,423.32734796218574,2375.176943023689,1042.5178670557216
87,0,0,9,16,0,4,1,93.49838399793953,100.1646249787882,55213.70724099688,16549.610713962466
6,0,0,1,0,0,1,2,104.22352293971926,151.61505702417344,129.84905496705323,63.06281208526343
10,0,0,0,2,0,3,46,70.29104593675584,97.15328202582896,169.70110696274787,91.9695399934426
37,0,0,1,7,0,3,1,77.96668005175889,85.78979200683534,440.2531039668247,146.61128399893641
22,0,0,4,3,0,5,149,71.1869279621169,87.4710000352934,1128.8260030560195,268.46748508978635
41,0,0,1,5,0,3,1,60.01539097633213,80.7904900284484,392.4173800041899,149.2675170302391
32,0,0,1,7,0,3,0,31.620064983144403,38.47739601042122,237.49466997105628,144.0934049896896
35,0,0,3,6,0,4,3,68.08933208230883,82.16949598863721,747.1705899806693,295.6709790742025
36,0,0,3,5,0,3,1,131.00742897950113,167.36116004176438,771.4909840142354,292.57713607512414
35,0,0,6,3,0,3,0,77.28818594478071,98.31064101308584,9359.256891068071,4198.742958949879
35,0,0,3,6,0,3,1,62.852159957401454,84.75838101003319,1502.0788069814444,582.8499109484255
21,0,0,2,2,0,4,24,60.50354102626443,86.85832098126411,614.221535040997,276.265440043062
49,0,0,5,10,0,4,7,87.17002405319363,90.00054700300097,3522.9548640782014,680.8426410425454
25,0,0,4,4,0,3,0,49.464481067843735,69.20097395777702,2347.8187809232622,934.6513969358057
8,0,0,1,0,0,1,604,53.18231403362006,77.40927999839187,248.82421689108014,129.01253602467477
36,0,0,8,4,0,3,2,105.82929104566574,118.97571897134185,41006.76958891563,14622.340091038495
36,0,0,2,4,0,3,1,28.200149070471525,40.10200302582234,544.2265870515257,134.90356702823192
10,0,0,2,0,0,1,433,99.3088239338249,150.81755397841334,269.6316110668704,139.67195700388402
25,0,0,1,2,0,4,14,39.82985205948353,40.772977052256465,270.35305404569954,145.10402700398117
2,0,0,1,0,0,1,3830,11.874990072101355,14.599962974898517,64.9896920658648,63.52582294493914
11,0,0,1,2,0,4,46,73.38416902348399,99.50893395580351,173.34228905383497,91.04796499013901
29,0,0,4,5,0,4,2,127.07566097378731,166.29670502152294,283.2175299990922,140.15403005760163
40,0,0,3,7,0,5,2,183.96404897794127,114.25569199491292,1194.0664739813656,153.89384306035936
5,0,0,0,0,0,0,556,25.194351095706224,36.07263800222427,66.13430194556713,86.57302602659911
27,0,0,1,4,0,3,2,78.98705604020506,85.501100984402,221.44306206610054,74.38297104090452
86,0,0,8,16,0,4,1,42.47105203103274,47.92643606197089,52897.358599933796,17143.24442995712
3,0,0,1,0,0,1,3830,16.809157095849514,21.285807015374303,71.04031601920724,69.39063710160553
30,0,0,1,6,0,3,2,66.38787605334073,65.02721202559769,321.2738980073482,143.5859970515594
10,0,0,1,3,0,4,3830,10.869698016904294,12.80760602094233,245.72603404521942,155.80487402621657
25,0,0,4,4,0,3,5,97.21596993040293,108.96520502865314,2629.4044840615243,1315.654180943966
33,0,0,1,5,0,3,1,75.98208100534976,81.48843701928854,413.7286740588024,149.9785860069096
35,0,0,6,3,0,3,1,233.57975506223738,250.92940300237387,2017.9979180684313,810.0504589965567
10,0,0,1,1,0,1,1,52.34637390822172,73.88083299156278,282.77238097507507,137.2529020300135
2,0,0,0,0,0,0,3830,15.72426501661539,20.32176998909563,69.13141603581607,68.27327806968242
63,0,0,3,10,0,4,0,68.58845800161362,84.17409902904183,1862.1912220260128,581.0515099437907
30,0,0,3,5,0,4,2,140.3804930159822,178.51601098664105,756.9098889362067,299.93135610129684
37,0,0,7,5,0,4,0,483.45578799489886,530.7966199470684,12899.116895045154,3577.534839976579
33,0,0,1,7,0,4,3,68.80306999664754,84.00217699818313,386.83559803757817,145.9571860032156
62,0,0,2,10,0,3,1,69.6113359881565,84.76081397384405,482.5427350588143,148.61795702017844
22,0,0,3,3,0,4,2,94.4587440462783,106.30840598605573,1275.093424017541,572.2546289907768
50,0,0,1,8,0,3,1,67.2899290220812,80.90174198150635,431.87391199171543,142.24657404702157
33,0,0,2,3,0,2,1,69.09826898481697,81.21329394634813,793.1594420224428,293.2774809887633
36,0,0,2,6,0,3,1,86.61954803392291,88.1810620194301,752.0329589024186,285.3305679745972
62,0,0,5,12,0,4,2,80.22655395325273,89.43887299392372,3547.045625047758,1051.2912779813632
34,0,0,0,5,0,3,0,58.838988887146115,42.04255493823439,101.59984696656466,36.719240015372634
32,0,0,5,2,0,3,0,56.40965106431395,85.37287800572813,4541.26563097816,1931.6557140555233
37,0,0,2,6,0,3,1,31.55611001420766,40.63865507487208,683.404652052559,292.2458560205996
4,0,0,1,0,0,1,0,102.18771907966584,152.52987889107317,131.88809202983975,66.32804905530065
13,0,0,1,1,0,2,1,57.576012099161744,82.33260491397232,156.7593279760331,76.9240380031988
38,0,0,9,4,0,3,104,97.59160003159195,107.56406490691006,44549.960928969085,16971.63207794074
32,0,0,4,5,0,4,32,126.17322301957756,175.8246780373156,1343.36864692159,564.6929900394753
33,0,0,6,4,0,4,3,72.9719289811328,88.90964195597917,5331.838640966453,2122.91496200487
8,0,0,2,0,0,1,1488,46.29081301391125,67.05496401991695,500.65289402846247,241.52721103746444
60,0,0,1,9,0,3,1,57.17019003350288,80.11035795789212,438.5594759369269,150.26312600821257
14,0,0,2,2,0,2,2,58.92027006484568,82.24354695994407,568.2159949792549,272.4506399827078
37,0,0,1,4,0,3,0,67.39864207338542,83.2982879364863,380.8771689655259,75.22307697217911
28,0,0,1,4,0,3,2,40.430654073134065,44.57757202908397,261.0793709754944,146.83559292461723
36,0,0,3,4,0,3,1,74.26750694867224,86.86653699260205,1408.7313290219754,527.5859489338472
28,0,0,2,5,0,3,1,83.01642490550876,93.57091994024813,731.7175589269027,272.551518981345
42,0,0,1,6,0,3,1,108.85008797049522,163.2325880927965,197.28044501971453,77.41311902645975
5,0,0,1,0,0,1,1488,75.69020101800561,114.60922204423696,115.68554397672415,72.95769196934998
37,0,0,3,4,0,3,1,72.52572500146925,84.71037610433996,1492.7541608922184,502.40735698025674
37,0,0,2,6,0,4,1,65.0064570363611,87.82112295739353,722.1401709830388,274.6092750458047
19,0,0,4,2,0,3,3830,41.40413401182741,43.16777898930013,1254.3109320104122,707.9279610188678
28,0,0,1,4,0,3,1,62.361125950701535,86.02692699059844,350.71146802511066,149.4938270188868
40,0,0,1,5,0,3,1,68.26195900794119,85.26019495911896,407.66515699215233,149.28029396105558
17,0,0,1,1,0,1,2,57.83500103279948,82.81422907020897,308.4371319273487,152.33731106854975
14,0,0,0,2,0,3,246,60.8449139399454,85.18351300153881,161.71552299056202,84.41519201733172
34,0,0,5,5,0,3,2,62.00889695901424,83.44678906723857,1854.601099039428,1107.504903106019
29,0,0,5,2,0,3,2,71.02655398193747,85.53651999682188,2473.2218539575115,1055.316193960607
31,0,0,2,5,0,3,1,58.19664604496211,81.20361203327775,746.3745319982991,300.3411040408537
9,0,0,1,1,0,1,20,62.27423902601004,89.56540597137064,280.9311819728464,142.27335003670305
34,0,0,6,5,0,4,1,109.02517207432538,119.39200095366687,4787.353302002884,1593.272755970247
31,0,0,1,4,0,3,6,68.66382306907326,81.55799994710833,384.4680970069021,150.21178196184337
37,0,0,4,6,0,4,1,117.09605099167675,160.44899600092322,766.4075760403648,282.8055788995698
18,0,0,1,3,0,3,57,39.086689008399844,38.95545599516481,86.44500002264977,36.850358941592276
34,0,0,1,4,0,3,1,59.98649098910391,84.17583198752254,369.1656989976764,150.64447501208633
26,0,0,2,5,0,3,9,34.683124045841396,41.16080002859235,351.67555301450193,128.71083698701113
5,0,0,2,0,0,1,3830,10.539498995058239,13.73452297411859,165.27660808060318,97.71869995165616
4,0,0,1,0,0,1,907,49.54589391127229,70.41481498163193,236.8887170450762,123.92365303821862
23,0,0,5,3,0,5,125,223.14566792920232,321.5489250142127,1168.5676920460537,519.0882850438356
28,0,0,5,3,0,3,48,78.84387602098286,86.41201397404075,5359.396691899747,2108.4604850038886
51,0,0,2,11,0,3,1,75.58311393950135,89.73106101620942,446.3947879849002,137.59717205539346
50,0,0,1,8,0,4,1,53.44514700118452,76.56635995954275,390.3207629919052,137.0364500908181
52,0,0,2,8,0,3,1,36.70457296539098,42.925353976897895,417.2641870100051,288.15140190999955
76,0,0,6,13,0,4,0,80.40666894521564,90.38239496294409,14743.855737964623,4581.136993016116
26,0,0,3,4,0,3,11,92.45431609451771,116.04152002837509,1341.6842930018902,278.09703699313104
57,0,0,2,11,0,4,1,72.25697406101972,88.3495450252667,886.1291300272569,271.4567360235378
4,0,0,1,0,0,1,0,56.51153402868658,80.49380895681679,262.67302106134593,132.6444239821285
35,0,0,1,6,0,3,1,66.63428293541074,80.36499202717096,388.36674904450774,142.56806496996433
7,0,0,2,0,0,1,1684,51.29451095126569,75.26521407999098,401.302482932806,261.3322369288653
34,0,0,5,5,0,4,1,35.66943004261702,39.90825789514929,709.9841750459746,278.23072392493486
5,0,0,2,0,0,1,0,48.536192975007,69.93047392461449,490.0483980309218,233.24895999394357
37,0,0,4,5,0,3,1,237.1807189192623,253.25449695810676,1419.7633150033653,536.7948249913752
28,0,0,4,2,0,3,2,68.0509879020974,85.14203096274287,2019.6179929189384,1074.3944740388542
54,0,0,2,5,0,3,1,67.1272580511868,80.76002995949239,801.6970870085061,219.5239900611341
59,0,0,3,9,0,3,1,74.82604193501174,88.83680694270879,1662.6613229746,564.4359029829502
13,0,0,5,0,0,1,1026,89.78564594872296,145.59118601027876,1740.7231389079243,938.1536329165101
16,0,0,0,2,0,3,0,51.647557062096894,76.73195202369243,158.7475830456242,71.07443700078875
29,0,0,2,5,0,3,0,31.174415023997426,40.48857092857361,347.1442050067708,133.3516740705818
32,0,0,0,2,0,3,1,57.63074604328722,81.15468500182033,176.2082939967513,77.057168004103
24,0,0,0,2,0,3,0,38.13070792239159,72.55560508929193,183.22003108914942,76.24313293490559
43,0,0,2,8,0,4,1,99.05284002888948,99.2539890576154,805.3058619843796,285.6705490266904
31,0,0,1,4,0,3,1,58.87534096837044,84.64040397666395,358.5669919848442,152.30488090310246
20,0,0,0,3,0,3,3,41.43067495897412,43.559959973208606,108.84150199126452,83.74889800325036
20,0,0,0,1,0,1,11,55.09991804137826,76.07092498801649,159.03551201336086,72.53201806452125
30,0,0,3,5,0,4,17,82.85065903328359,95.96748801413924,1200.4420780576766,492.4354930408299
27,0,0,2,4,0,2,1,57.54764401353896,78.85094301309437,610.7146969297901,237.4725079862401
40,0,0,0,4,0,3,0,54.349311045370996,79.7090008854866,183.84522199630737,73.88301601167768
30,0,0,1,3,0,2,2,31.689604045823216,39.87913904711604,221.20056999847293,147.50468300189823
13,0,0,1,2,0,4,235,82.09352393168956,92.94292004778981,341.39647299889475,167.16642992105335
15,0,0,5,2,0,3,3830,17.465332988649607,22.821833030320704,1596.5311179170385,813.8847609516233
23,0,0,1,4,0,3,11,53.51955606602132,76.56242197845131,259.3216300010681,107.41062497254461
21,0,0,4,3,0,3,8,139.02609096840024,188.6686480138451,1157.963662990369,565.9668670268729
29,0,0,3,6,0,4,1,79.76727292407304,92.32578496448696,1444.099445012398,471.17921302560717
16,0,0,1,3,0,3,8,58.8950359961018,85.07460099644959,312.8169128904119,140.00345196109265
27,0,0,4,3,0,3,17,81.21514995582402,91.0730540053919,2738.221322069876,1094.922519987449
2,0,0,0,0,0,0,3830,16.237300005741417,20.63864399679005,69.92807402275503,68.23805498424917
2,0,0,1,0,0,1,3830,11.278002988547087,13.457605033181608,67.86853109952062,64.60842094384134
29,0,0,5,4,0,4,2,94.20343500096351,99.20324897393584,4757.248523994349,2133.024147944525
45,0,0,0,7,0,3,0,34.1940539656207,39.92058802396059,147.51416794024408,75.45171293895692
38,0,0,6,7,0,4,0,171.38553294353187,353.07436995208263,5234.07845699694,2129.211249994114
31,0,0,2,3,0,2,1,77.28010311257094,87.40203001070768,627.4268199922517,147.73816091474146
24,0,0,5,1,0,3,27,83.83335499092937,103.27539301943034,4752.42598191835,2129.092399030924
86,0,0,8,16,0,4,1,82.86731597036123,89.13802297320217,31854.043630999513,9540.553095983341
29,0,0,1,6,0,3,1,84.02609289623797,94.48880702257156,382.4842870235443,151.78765100426972
34,0,0,3,5,0,3,1,71.36268797330558,89.44239700213075,737.9358769394457,279.07535596750677
11,0,0,4,1,0,2,1217,98.01225899718702,143.88535998295993,935.4407279752195,474.536526016891
29,0,0,2,4,0,3,0,66.1550119984895,83.048859029077,639.049299992621,269.05599900055677
13,0,0,3,1,0,2,432,89.217041968368,107.25822090171278,1157.991178915836,607.2349640307948
1,0,0,0,0,0,0,3062,29.714763979427516,41.15255095530301,94.47775292210281,69.75012796465307
1,0,0,0,0,0,0,3062,29.813208035193384,40.96394695807248,94.70470400992781,69.9282200075686
35,0,0,1,7,0,3,1,67.18723801895976,81.17126696743071,202.0583830308169,73.06995103135705
21,0,0,4,4,0,4,0,102.74527303408831,155.579071957618,1427.9188790824264,785.7309180544689
86,0,0,8,16,0,4,1,79.34111100621521,90.51746502518654,58484.38004590571,17145.954497973435
33,0,0,4,3,0,4,3,73.60694301314652,90.4712020419538,1627.2141139488667,893.7125420197845
6,0,0,2,1,0,2,3830,14.716021018102765,18.82625592406839,270.49358491785824,172.37870709504932
30,0,0,5,3,0,4,58,69.76886291522533,88.73742702417076,4736.242165090516,2336.3473700592294
24,0,0,3,5,0,4,286,202.6386719662696,204.3196939630434,1972.8315219981596,281.3774880487472
23,0,0,3,4,0,4,3,189.61709109134972,168.34272001869977,750.3000400029123,316.3621439598501
19,0,0,0,3,0,3,20,62.9132209578529,77.24411902017891,167.4059290671721,73.24077805969864
28,0,0,3,5,0,3,2,36.96057293564081,42.31813095975667,194.47446300182492,145.57664096355438
7,0,0,3,0,0,1,3062,92.73645502980798,137.1978159295395,501.7474880442023,239.18933502864093
28,0,0,2,5,0,3,1,73.05106800049543,88.60205300152302,711.1915058922023,272.82836695667356
7,0,0,0,2,0,1,177,125.7388989906758,99.32944097090513,180.6113290367648,89.92276294156909
86,0,0,8,16,0,4,1,133.216910995543,169.7015940444544,7486.983301001601,2274.1369970608503
16,0,0,3,2,0,5,899,53.07519203051925,75.62395394779742,584.1691000387073,335.026249056682
76,0,0,6,13,0,4,0,61.739256023429334,48.763941042125225,15027.231144020334,4459.537470946088
41,0,0,1,7,0,3,1,70.35618997178972,82.3061210103333,418.1193409021944,144.38593795057386
34,0,0,2,6,0,3,0,138.0666740005836,175.21644697990268,417.6223709946498,145.20820090547204
29,0,0,1,7,0,3,1,29.137170989997685,38.09855505824089,177.18032491393387,67.65221408568323
30,0,0,3,4,0,3,3,64.83183905947953,81.07120590284467,1433.0920040374622,570.303135085851
33,0,0,1,4,0,3,0,28.579627047292888,37.64830995351076,170.25764507707208,76.02021796628833
64,0,0,4,3,0,3,1,57.68851900938898,82.30394904967397,3196.4958279859275,1197.4429219262674
30,0,0,4,5,0,4,45,131.00487703923136,170.37118901498616,1120.557502959855,436.8468530010432
27,0,0,1,3,0,3,1,59.404222993180156,81.2685179989785,349.4077769573778,150.30532993841916
1,0,0,0,0,0,0,3830,11.042371043004096,12.984136934392154,63.88798705302179,63.87915892992169
12,0,0,3,1,0,1,392,212.80655392911285,237.2120029758662,375.94345305114985,167.85596206318587
54,0,0,3,7,0,4,1,70.22243202663958,87.18611800577492,1332.4274269398302,584.4604319427162
21,0,0,1,3,0,3,4,63.521360978484154,82.33732904773206,337.9449670901522,148.08273001108319
86,0,0,8,16,0,4,1,142.3224819591269,172.81600600108504,29168.970119091682,7738.8629879569635
26,0,0,1,3,0,2,1,69.31470497511327,83.36694003082812,357.6085150707513,148.39115599170327
25,0,0,5,3,0,3,159,96.54564701486379,109.7904599737376,2812.2199900681153,1124.9791709706187
69,0,0,1,10,0,3,1,79.82346299104393,88.09297403786331,515.3345770668238,147.03790796920657
29,0,0,0,5,0,3,0,69.10028797574341,84.21550306957215,195.09322301018983,75.06565994117409
29,0,0,8,1,0,2,40,86.16539498325437,110.51427200436592,35254.98601491563,15946.59469195176
29,0,0,5,2,0,3,1,68.56523000169545,83.31118104979396,2111.2550100078806,766.3095620227978
56,0,0,1,9,0,3,1,67.82505998853594,80.8626189827919,445.483251940459,105.89087300468236
22,0,0,0,3,0,2,1,73.688876000233,43.338248040527105,239.39339397475123,84.31392896454781
39,0,0,2,7,0,3,1,183.34397894795984,99.76300096604973,1233.4189829416573,302.46866901870817
25,0,0,1,3,0,2,2,67.14705796912313,80.88929497171193,175.58275000192225,73.25052097439766
32,0,0,5,4,0,3,3,70.81583701074123,87.2714479919523,4418.433206039481,1822.044621920213
20,0,0,5,2,0,3,3830,29.690433060750365,41.52699699625373,3967.767024994828,1480.6670399848372
45,0,0,1,7,0,3,1,39.762283908203244,45.856832060962915,365.21345598157495,164.52484601177275
38,0,0,9,4,0,3,77,91.78189199883491,92.10053703282028,43078.56865308713,15054.191285045817
45,0,0,1,5,0,3,1,56.68107094243169,82.07735803443938,394.0832669613883,152.00985909905285
16,0,0,1,2,0,1,0,60.095330933108926,73.58219497837126,302.9255229048431,131.71113305725157
4,0,0,0,0,0,0,1488,41.924207005649805,59.46960300207138,113.6811509495601,73.35585297551006
32,0,0,1,5,0,3,1,120.51651696674526,164.83560507185757,198.20781506132334,77.31303700711578
37,0,0,4,5,0,3,1,75.73228795081377,90.4027660144493,2890.189921017736,1100.1008269377053
43,0,0,1,6,0,3,1,57.847324991598725,81.929154926911,393.6163289472461,150.54154803510755
48,0,0,2,11,0,3,1,62.72859591990709,81.5482420148328,855.875996989198,285.81046499311924
23,0,0,1,5,0,3,13,66.60407804884017,81.96725999005139,353.1886199489236,147.4165830295533
30,0,0,5,5,0,4,54,80.05470596253872,112.46701201889664,4809.428139938973,2160.249859909527
27,0,0,1,4,0,3,2,77.39497406873852,84.63505597319454,389.978535939008,149.55518895294517
33,0,0,1,5,0,3,1,60.17279590014368,39.57190609071404,240.5490690143779,149.42399400752038
33,0,0,3,6,0,4,44,97.39654394797981,106.33829003199935,1417.18718491029,557.2836679639295
25,0,0,4,4,0,3,8,243.6108629917726,335.73297993279994,925.9881320176646,469.3519010907039
18,0,0,1,4,0,3,19,86.3446620060131,91.17653500288725,383.1880589714274,163.42119092587382
22,0,0,5,1,0,2,83,39.82225898653269,54.50196994934231,4533.889853046276,2123.6233250238
35,0,0,5,5,0,4,0,400.8088989648968,400.99604392889887,4281.372031895444,1061.1961899558082
6,0,0,1,1,0,1,2106,88.10400601942092,117.87661700509489,240.24040799122304,162.40457305684686
53,0,0,3,8,0,3,0,58.94305801484734,83.78484298009425,1590.7227999996394,544.3657441064715
35,0,0,2,7,0,3,1,54.47299208026379,77.51027296762913,739.6519789472222,271.790306083858
3,0,0,0,0,0,0,0,54.894811008125544,80.52113093435764,142.42375001776963,75.54395589977503
38,0,0,4,6,0,3,0,51.566782989539206,72.54019798710942,2526.4519539196044,1008.8154999539256
38,0,0,1,7,0,3,1,75.83069801330566,86.60800196230412,337.2696960577741,142.5729999318719
15,0,0,0,2,0,3,238,74.65236994903535,83.9166248915717,175.10580201633275,84.08972690813243
17,0,0,4,1,0,2,604,29.2727870400995,40.114119998179376,2014.1729159513488,1089.0133639331907
84,0,0,6,16,0,4,1,132.97729811165482,165.48476403113455,8536.470653954893,2236.6873290156946
38,0,0,6,7,0,4,9,123.15749609842896,104.91738002747297,2240.359380026348,1035.6068579712883
14,0,0,1,2,0,1,2,32.72448806092143,39.772949065081775,222.8761239675805,143.2396190939471
31,0,0,1,3,0,2,1,69.4166540633887,83.78398604691029,184.52014296781272,73.52903601713479
30,0,0,5,5,0,4,3,151.2038200162351,201.07154198922217,2613.791389972903,1045.885389088653
29,0,0,1,5,0,4,3,69.93148196488619,85.11290093883872,354.5244890265167,146.87194803263992
32,0,0,5,4,0,3,3,68.94408003427088,85.83071094471961,5301.300256047398,2022.63600891456
25,0,0,1,5,0,3,35,40.4813289642334,44.67348393518478,364.714581053704,151.30044997204095
4,0,0,1,0,0,1,3830,21.159306983463466,28.143969015218318,119.34801400639117,94.23796401824802
41,0,0,1,6,0,3,1,53.28632006421685,75.31569397542626,367.2632749658078,129.95171500369906
37,0,0,5,7,0,4,0,67.92392407078296,82.89105503354222,2277.3131070425734,1096.42278496176
83,0,0,5,16,0,4,1,83.1736660329625,90.22596606519073,7442.1813959488645,2194.6612980682403
25,0,0,1,4,0,3,1,66.62307505030185,84.45565099827945,381.8896709708497,148.48586299922317
14,0,0,2,1,0,2,0,53.912263945676386,76.44768909085542,598.7960930215195,271.5899469330907
43,0,0,2,6,0,3,1,41.09853703994304,44.499709038063884,836.9241469772533,292.3916099825874
19,0,0,4,4,0,4,2583,237.86949506029487,336.61509107332677,1211.8422049097717,637.511209002696
21,0,0,4,3,0,4,1684,334.93403997272253,376.21506804134697,1381.1397009994835,588.5884840972722
3,0,0,1,0,0,1,3830,21.513538900762796,29.158387100324035,69.597088964656,68.28488397877663
34,0,0,5,4,0,3,13,65.4665840556845,79.23201308585703,5656.574620050378,2201.7162101110443
34,0,0,5,3,0,3,0,69.3493029102683,85.28857002966106,5058.071749983355,2123.9128740271553
23,0,0,4,2,0,3,35,66.36649195570499,87.52236200962216,1303.271419950761,440.80907909665257
5,0,0,0,1,0,1,1031,51.49266798980534,71.8588309828192,125.73105492629111,39.56381790339947
60,0,0,4,9,0,4,1,96.08149097766727,111.19001801125705,2449.0640109870583,1085.524528985843
33,0,0,1,5,0,3,1,34.22756597865373,39.73702993243933,184.66713407542557,70.29962202068418
38,0,0,8,5,0,4,71,378.7808429915458,646.9023679383099,23188.325393013656,6714.658536948264
54,0,0,1,7,0,3,1,63.745287945494056,82.6143060112372,433.2498499425128,148.56151095591486
23,0,0,1,3,0,3,1,33.65687804762274,42.29715501423925,171.61261301953346,72.6165579399094
49,0,0,7,6,0,3,1,82.00993004720658,98.9697549957782,23754.53546596691,8040.486252051778
24,0,0,3,4,0,3,5,82.41074392572045,94.69182300381362,1566.6744640329853,682.0061500184238
19,0,0,1,3,0,3,450,97.5963780656457,94.03575700707734,409.5911589683965,171.78860306739807
19,0,0,2,1,0,1,4,57.83038306981325,138.24003492482007,313.420774997212,145.13509790413082
18,0,0,1,3,0,4,91,77.31783401686698,98.08697900734842,331.17878099437803,149.07863200642169
26,0,0,3,3,0,3,17,78.62000702880323,86.32384496740997,1484.0892440406606,582.2652849601582
22,0,0,1,2,0,2,1,68.63508396781981,84.82815697789192,369.16929692961276,146.45166404079646
35,0,0,4,3,0,3,1,84.2454379890114,97.69262396730483,2636.080513941124,1108.1235279561952
37,0,0,6,7,0,4,54,90.40522901341319,105.97460903227329,5022.493606898934,1865.507634007372
13,0,0,2,1,0,1,124,65.92767999973148,92.32425596565008,568.5141439316794,274.26745404955
62,0,0,1,7,0,3,1,56.12136505078524,78.37376603856683,423.78225503489375,139.80728690512478
33,0,0,5,6,0,3,1,127.75222293566912,149.4418289512396,2528.3499609213322,824.1772829787806
18,0,0,3,3,0,3,25,85.11174493469298,121.12514802720398,304.37155498657376,132.911644061096
31,0,0,4,4,0,4,4,92.59279002435505,87.57089800201356,2547.8411299409345,1022.1648160368204
32,0,0,3,7,0,4,1,50.410617026500404,69.81500703841448,1339.7686679381877,483.7436580564827
30,0,0,3,7,0,4,1,76.3795169768855,91.94515901617706,744.2937409505248,275.2072020666674
5,0,0,0,0,0,0,9,52.1901169558987,75.28688502497971,135.99033502396196,70.4001939157024
27,0,0,5,4,0,3,0,49.9744419939816,37.623971002176404,2922.313187038526,1541.5070180315524
60,0,0,2,10,0,3,1,28.556894045323133,38.24092692229897,657.0644539315253,275.87757201399654
1,0,0,0,0,0,0,3062,29.79906101245433,41.09035094734281,95.03963100723922,68.50208702962846
9,0,0,3,1,0,2,3830,24.276703014038503,32.43530902545899,514.3715810263529,262.36403302755207
45,0,0,1,8,0,3,1,60.772530967369676,82.72224792744964,421.00481397937983,150.48137097619474
27,0,0,2,2,0,1,1,27.714488096535206,37.006266065873206,310.59537793044,137.88282102905214
21,0,0,1,4,0,3,2,201.05632697232068,189.9577910080552,169.87359093036503,45.62944092322141
4,0,0,1,0,0,1,0,48.260846990160644,70.3888509888202,249.36618201900274,119.94241294451058
16,0,0,2,2,0,3,368,69.31096001062542,83.51750008296221,622.7686589118093,134.2205120017752
32,0,0,1,4,0,3,1,81.94905403070152,93.13486702740192,370.9777760086581,140.60396899003536
7,0,0,2,0,0,1,939,46.36217909865081,103.03302202373743,229.2323320871219,123.49332997109741
39,0,0,2,4,0,3,1,39.15681201033294,79.54141404479742,691.8633889872581,215.15474596526474
82,0,0,4,16,0,4,1,82.54644391126931,91.29955002572387,3994.6999870007858,1083.4432649426162
28,0,0,4,2,0,2,4,65.5967160128057,82.8467890387401,2656.563673983328,1172.126304008998
2,0,0,0,0,0,0,3830,15.878237085416913,19.926370005123317,69.85574506688863,68.06725601200014
72,0,0,1,12,0,3,1,72.12009001523256,91.20840905234218,502.9601389542222,136.77423202898353
7,0,0,2,1,0,2,1031,94.16642610449344,134.79846599511802,228.09200698975474,129.19488607440144
25,0,0,3,3,0,3,3,124.05738700181246,89.04434100259095,390.33105794806033,153.31393596716225
18,0,0,0,2,0,2,1,75.39821299724281,56.299399002455175,100.1404729904607,68.94127593841404
4,0,0,1,1,0,2,3830,12.058518012054265,14.441353036090732,144.30548204109073,116.94902507588267
32,0,0,1,3,0,3,2,61.533811036497355,83.16505898255855,355.5730120278895,177.759101963602
39,0,0,7,7,0,4,0,102.00752201490104,153.07975199539214,10378.997872001491,4105.862293974496
15,0,0,5,1,0,2,2320,130.85427205078304,187.79800098855048,2042.8988680941984,1170.7156179472804
4,0,0,1,0,0,1,2490,34.877988044172525,48.83696499746293,139.8585110437125,92.18950301874429
57,0,0,3,7,0,3,1,62.813039985485375,84.4599159900099,1689.517610007897,594.6145140333101
26,0,0,3,3,0,3,4,166.31529200822115,245.1497899601236,643.4545209631324,275.8029580581933
12,0,0,2,2,0,2,233,185.87570008821785,179.94922399520874,333.3085880149156,111.1606260528788
62,0,0,1,7,0,4,0,56.76838394720107,78.22475803550333,345.6828569760546,69.61776700336486
6,0,0,1,1,0,2,3830,28.5319359973073,27.318224892951548,177.09930590353906,125.56166795548052
33,0,0,2,6,0,3,4,81.88108098693192,90.49955301452428,769.0342999994755,275.3167669288814
33,0,0,3,6,0,3,1,55.55353395175189,76.85806602239609,1400.2960720099509,472.4599269684404
35,0,0,2,6,0,3,1,66.12599594518542,80.47993900254369,380.7279309257865,141.49588788859546
26,0,0,5,3,0,3,7,233.86358993593603,303.4222109708935,2376.0940770152956,1040.2690588962287
28,0,0,4,4,0,3,0,267.6400589989498,416.9147670036182,1313.481291057542,541.8036279734224
22,0,0,5,3,0,5,818,109.31450803764164,158.5604390129447,1716.4042149670422,623.5921019688249
21,0,0,1,0,0,1,3,56.75053899176419,81.43145102076232,310.8827540418133,149.54914094414562
30,0,0,2,3,0,3,1,77.01495906803757,81.69738401193172,782.3992660269141,291.72510898206383
7,0,0,0,1,0,1,432,57.99004202708602,75.56879997719079,142.74969301186502,74.93756001349539
33,0,0,4,4,0,4,0,34.053100971505046,40.06411205045879,2556.6727969562635,1099.2707810364664
16,0,0,1,0,0,1,70,56.526378029957414,85.41405701544136,303.60095598734915,150.24546207860112
37,0,0,7,6,0,4,0,87.20894204452634,166.33890103548765,10794.033856014721,3322.478402988054
33,0,0,1,5,0,3,1,63.91435407567769,79.07758501823992,375.7453750586137,143.84085999336094
34,0,0,1,4,0,3,1,119.18442894238979,162.91188600007445,191.22254999820143,72.3331409972161
33,0,0,6,4,0,3,3,120.82662200555205,129.1767859365791,3798.578995047137,1905.1182409748435
27,0,0,4,2,0,3,11,71.16277900058776,99.37552409246564,2597.4640670465305,1337.7698769327253
21,0,0,1,4,0,1,0,68.21834901347756,85.62579902354628,338.23664498049766,144.10574699286371
35,0,0,5,7,0,4,368,234.85306196380407,208.35341000929475,3040.4024109011516,1137.9072800045833
25,0,0,3,4,0,3,11,37.412411998957396,49.562591942958534,644.1330859670416,291.3131529930979
70,0,0,2,10,0,3,1,81.48898102808744,91.97606600355357,1024.8648930573836,293.3712489902973
26,0,0,3,3,0,3,0,182.8042339766398,243.21660597342998,690.543580101803,274.18085490353405
10,0,0,3,1,0,2,1492,132.1755569661036,195.38996496703476,498.62923298496753,290.33939202781767
31,0,0,2,2,0,3,6,50.44933396857232,40.69756204262376,353.00307790748775,305.7114570401609
61,0,0,1,3,0,3,0,55.99061097018421,81.93163794931024,400.2572289900854,151.32607298437506
32,0,0,4,5,0,3,1,51.49203701876104,57.043003966100514,2501.602984033525,866.5222359122708
40,0,0,3,4,0,2,1,64.83405001927167,79.30095307528973,1462.2306750388816,566.7992800008506
30,0,0,1,6,0,3,1,67.04284902662039,80.54086298216134,383.241357980296,145.28806402813643
83,0,0,5,16,0,4,0,80.65766806248575,88.77064601983875,4007.232357049361,1113.6013889918104
29,0,0,2,5,0,3,2,33.07823103386909,39.34609203133732,641.9041460612789,280.70406906772405
38,0,0,2,4,0,3,1,47.710997983813286,83.88568996451795,774.172751000151,146.45886898506433
26,0,0,4,4,0,4,368,78.26008193660527,102.75820700917393,1891.200288082473,978.1957609811798
54,0,0,4,7,0,4,1,61.56867300160229,86.98280295357108,1309.1908500064164,397.42671500425786
20,0,0,4,2,0,3,44,97.22070000134408,116.36577092576772,1230.6513050571084,561.4720169687644
28,0,0,1,4,0,3,1,39.594911970198154,43.729903060011566,334.41437291912735,142.88940897677094
40,0,0,3,7,0,3,0,87.31636696029454,87.1342250611633,1390.8005969133228,276.0203559882939
21,0,0,1,3,0,2,1,58.36583499331027,84.08939698711038,338.3241939591244,151.33077302016318
22,0,0,1,2,0,1,2,38.946113898418844,79.28189204540104,325.4335670499131,143.63858895376325
14,0,0,5,0,0,1,622,144.0654069883749,221.80398204363883,1742.686225916259,465.4595520114526
88,0,0,10,16,0,4,1,118.78015997353941,184.13104698993266,60000.0,60000.0
34,0,0,2,3,0,3,4,62.04453797545284,83.6770839523524,718.062671017833,299.669033032842
43,0,0,3,4,0,3,1,64.8385330568999,82.88170397281647,746.76653300412,291.14217101596296
28,0,0,2,4,0,4,2,78.98346707224846,89.32744001504034,700.8221880532801,291.2455589976162
17,0,0,2,2,0,1,27,73.59363907016814,95.79547808971256,292.6247699651867,186.96731596719474
42,0,0,1,7,0,4,1,86.54261298943311,93.52811600547284,415.7799219246954,146.87076094560325
28,0,0,5,3,0,5,40,100.20924499258399,100.40355904493481,2471.73519001808,1119.8801280697808
40,0,0,0,7,0,3,0,73.38023802731186,79.72917496226728,210.4165559867397,71.10025698784739
9,0,0,2,1,0,2,0,108.6537289666012,155.3943450562656,281.40284097753465,137.06761202774942
35,0,0,3,7,0,3,0,103.18540094885975,151.73263801261783,694.2968500079587,154.88305094186217
39,0,0,2,7,0,3,1,195.00424398574978,125.17800007481128,1234.1351039940491,300.1867029815912
37,0,0,4,5,0,3,1,168.4531280770898,182.84562905319035,1566.665800055489,578.9969629840925
21,0,0,3,2,0,4,221,52.26639693137258,47.56191710475832,1049.667855957523,568.0649710120633
31,0,0,2,6,0,3,1,68.14997992478311,83.54197500739247,756.7778619704768,283.5677460534498
11,0,0,3,1,0,2,1155,211.92021993920207,212.58243103511631,461.00587700493634,255.55925106164068
16,0,0,4,2,0,4,3062,195.92574809212238,202.93201401364058,1559.5814019907266,479.7839189413935
33,0,0,1,5,0,3,1,62.463860027492046,83.74992897734046,388.20242800284177,148.62324006389827
9,0,0,2,2,0,3,59,186.6531880805269,187.06439202651381,175.16457999590784,76.03273901622742
9,0,0,1,1,0,2,287,61.21215003076941,76.50445098988712,147.3643759964034,75.02461806870997
29,0,0,1,6,0,3,1,70.5934219295159,83.9229099219665,384.6661710413173,141.5270430734381
31,0,0,5,5,0,3,1,66.97849393822253,83.11989705543965,2982.451166957617,1074.1617300081998
16,0,0,2,1,0,1,97,114.46619604248554,159.05438200570643,246.60688801668584,78.18872202187777
36,0,0,4,7,0,4,2,118.99248196277767,160.43446899857372,1449.6622160077095,550.1455790363252
12,0,0,2,1,0,2,0,42.34171996358782,59.48906997218728,538.1447509862483,382.96629895921797
33,0,0,4,5,0,4,1,38.86364493519068,49.19050505850464,1251.4797450276092,536.89037298318
27,0,0,1,4,0,3,2,61.64786405861378,84.2762520769611,348.7732189241797,150.03600902855396
62,0,0,2,10,0,3,1,73.51999299135059,90.15691897366196,897.5803389912471,271.76024101208895
24,0,0,5,3,0,4,98,232.78389999177307,251.6960590146482,2319.4742370396852,675.3867679508403
4,0,0,0,1,0,1,6,50.389251904562116,69.91447403561324,140.03298804163933,30.71562002878636
15,0,0,1,2,0,1,2,55.52593991160393,75.9381540119648,298.33548702299595,138.7620340101421
31,0,0,2,5,0,3,1,35.18882405478507,41.03333200328052,377.5659940438345,184.09394100308418
83,0,0,5,16,0,4,0,88.72296893969178,96.49756096769124,4117.165044997819,993.5174050042406
10,0,0,4,1,0,2,3830,22.109513985924423,29.97771999798715,717.4055990763009,390.65214805305004
14,0,0,5,0,0,1,622,106.2418189831078,161.61471500527114,1962.6795049989596,985.6906610075384
34,0,0,4,4,0,3,0,102.95941901858896,152.54390495829284,1295.3311550663784,504.21239295974374
33,0,0,3,6,0,4,0,129.57757094409317,119.20813494361937,703.678154037334,278.20199099369347
31,0,0,5,5,0,4,0,75.59775200206786,85.74660401791334,1864.5106740295887,771.4754260377958
8,0,0,0,1,0,1,207,68.44694504979998,95.4776379512623,154.6482089906931,86.9139099959284
31,0,0,4,5,0,4,17,95.74703895486891,106.73803894314915,2763.4303140221164,1101.6721209743991
34,0,0,3,3,0,2,1,72.85348407458514,86.30451106000692,1337.4976690392941,273.8870019093156
6,0,0,2,1,0,2,2583,70.8691249601543,141.58217108342797,333.31734500825405,205.78917395323515
15,0,0,5,2,0,3,2583,163.4869270492345,224.96392496395856,1523.5953589435667,806.7763829603791
34,0,0,4,3,0,3,0,42.4062570091337,41.92294098902494,2622.0638380618766,1174.106976017356
27,0,0,3,3,0,3,4,60.84483105223626,87.90822408627719,1283.709862967953,547.3546200664714
43,0,0,4,8,0,4,2,89.39468103926629,95.16134799923748,2746.2139209965244,759.958263952285
40,0,0,8,7,0,4,87,122.3490439588204,168.5776199446991,10319.004258024506,3882.248588022776
44,0,0,1,6,0,3,1,95.48991499468684,98.81703893188387,428.2671340042725,146.65326406247914
50,0,0,2,9,0,3,1,71.300792042166,86.29704010672867,823.4726079972461,274.99149297364056
39,0,0,1,6,0,3,1,67.38861091434956,83.53692491073161,373.3250240329653,139.03123303316534
24,0,0,6,3,0,5,178,122.40014097187668,171.46302701439708,1677.9980259016156,1041.6250670095906
29,0,0,0,7,0,3,1,127.05246591940522,90.37694300059229,250.92547002714127,77.58082600776106
19,0,0,4,2,0,4,0,47.821893938817084,68.05100594647229,2138.518461957574,967.7030079765245
25,0,0,1,5,0,3,1,85.41635400615633,94.0042519941926,366.37274106033146,155.11328703723848
39,0,0,8,7,0,4,843,262.7749099629,295.88989506009966,10740.97698694095,3718.2411269750446
26,0,0,2,4,0,4,1,35.19937302917242,41.41629592049867,354.690901003778,149.982639006339
27,0,0,4,3,0,2,0,64.63918706867844,94.34496203903109,1284.8962059943005,538.1483990931883
31,0,0,3,6,0,4,1,71.90785696730018,91.31847601383924,1397.9654209688306,574.7574400156736
7,0,0,2,1,0,3,1552,87.32808195054531,103.7211250513792,308.998737949878,172.2289320314303
3,0,0,1,0,0,1,2490,27.39309403114021,38.02241804078221,81.40307001303881,66.65747601073235
40,0,0,9,3,0,3,11,85.88371309451759,102.3517909925431,60000.0,33456.62771607749
9,0,0,1,1,0,1,287,63.122596009634435,81.06312400195748,265.31408505979925,131.9964719004929
38,0,0,1,7,0,3,1,76.78832800593227,84.50820203870535,429.631847073324,147.69977796822786
32,0,0,3,5,0,3,2,69.80959593784064,84.73217394202948,1384.2136840103194,450.04140702076256
17,0,0,2,1,0,1,27,59.269521036185324,83.95198406651616,566.1424739519134,259.30741301272064
28,0,0,2,5,0,3,29,70.29322604648769,83.31538795027882,366.53686000499874,143.7581069767475
48,0,0,1,8,0,3,1,61.435162904672325,86.55139699112624,440.2815760113299,151.3286140980199
55,0,0,2,6,0,3,1,57.757116039283574,82.24043098744005,824.0731819532812,296.24577693175524
22,0,0,4,2,0,4,213,116.86411302071065,167.83792502246797,1173.3678169548512,569.0711459610611
18,0,0,3,2,0,4,0,154.2235939996317,237.80425800941885,295.6189520191401,130.78314193990082
30,0,0,4,4,0,3,66,56.28311901818961,49.789828015491366,3168.373019900173,1220.0090629048645
31,0,0,4,4,0,3,3,72.46390695217997,46.084197936579585,2264.208966982551,1057.8367209527642
1,0,0,0,0,0,0,3062,29.325597919523716,40.410576038993895,94.04712694231421,68.46769608091563
8,0,0,0,0,0,0,3,51.4708140399307,75.74862299952656,142.67510606441647,71.24407205265015
16,0,0,1,1,0,1,1,61.08301703352481,88.02213403396308,308.52461606264114,146.5991649311036
38,0,0,2,4,0,3,0,118.50288696587086,162.42571303155273,388.2514850702137,148.2926900498569
25,0,0,4,4,0,3,3,169.49245694559067,214.85268301330507,1460.3681929875165,668.4476989321411
36,0,0,5,3,0,3,0,41.967279044911265,47.053448972292244,5057.191404979676,1816.0672830417752
38,0,0,2,6,0,4,1,76.37302903458476,91.77708392962813,827.2067669313401,320.27906796429306
11,0,0,2,1,0,1,1,59.85707091167569,71.90612202975899,568.3985350187868,343.1055620312691
24,0,0,2,4,0,3,2,74.40318900626153,85.439253016375,751.1343249352649,293.5780759435147
29,0,0,1,5,0,3,1,65.13903196901083,42.41614509373903,100.708705955185,37.45214804075658
40,0,0,1,5,0,4,1,31.845845049247146,38.98987302090973,195.61260496266186,70.01190294977278
24,0,0,1,4,0,4,1,81.12157299183309,84.65680398512632,362.9769110120833,144.18363897129893
14,0,0,0,3,0,3,303,66.027452936396,85.8813519589603,165.4445839812979,84.9491519620642
41,0,0,1,7,0,4,1,39.12634600419551,40.75079597532749,213.48733105696738,73.31571006216109
22,0,0,1,2,0,3,23,58.05697198957205,77.16301793698221,87.55638392176479,37.8043910022825
16,0,0,2,1,0,1,25,57.05960001796484,80.67620999645442,574.9426829861477,270.801623002626
28,0,0,2,5,0,3,1,44.49513996951282,100.90564098209143,403.37122208438814,142.60524895507842
37,0,0,4,7,0,4,0,56.01037503220141,82.5909050181508,2737.8262070706114,1030.5112929781899
41,0,0,3,6,0,3,1,56.873052031733096,81.76229998935014,1534.4718960113823,595.2481089625508
37,0,0,2,6,0,3,1,44.80180807877332,45.505963964387774,599.857578985393,283.4606810938567
2,0,0,0,0,0,0,3830,16.317183966748416,20.595118054188788,70.56984701193869,69.75244998466223
33,0,0,3,4,0,4,1,73.01465305499732,91.11154300626367,1304.4058489613235,535.547578940168
44,0,0,1,5,0,3,1,63.747769920155406,78.63201794680208,386.087451945059,141.63312397431582
85,0,0,7,16,0,4,1,42.201012023724616,45.6322249956429,28772.296671988443,7999.187489040196
84,0,0,6,16,0,4,1,94.51172803528607,104.70837703906,15415.954638971016,3801.6749729868025
5,0,0,2,0,0,1,0,101.97808302473277,100.15189100522548,242.0792409684509,127.31248408090323
9,0,0,0,3,0,3,421,126.07764499261975,159.56983005162328,128.18307103589177,153.5530750406906
15,0,0,1,4,0,3,70,101.8838359741494,119.41448203288019,386.74217998050153,178.67615597788244
34,0,0,5,5,0,4,6,69.50148800387979,82.54353003576398,1451.2081930879503,549.9883230077103
7,0,0,1,0,0,1,622,53.551885997876525,77.81007594894618,164.6174640627578,63.64935101009905
31,0,0,1,4,0,3,1,66.83520192746073,86.3797509809956,348.4553499147296,136.84647995978594
32,0,0,1,6,0,3,1,79.11547098774463,41.60830390173942,247.80214799102396,157.03721600584686
4,0,0,1,0,0,1,2490,54.4403400272131,80.49913798458874,96.12037800252438,71.34243205655366
43,0,0,2,4,0,3,1,68.26053303666413,81.53486507944763,469.34543503448367,149.0539440419525
1,0,0,0,0,0,0,3830,5.883952951990068,6.313276942819357,32.705181976780295,35.3774520335719
74,0,0,5,13,0,4,1,81.19717601221055,87.3953039990738,7672.249725903384,2133.2822839030996
23,0,0,3,2,0,2,9,63.145905965939164,85.8293219935149,1347.94554207474,588.5018550325185
84,0,0,6,16,0,4,1,133.75789602287114,170.38763698656112,3761.602950980887,981.4432919956744
4,0,0,1,0,0,1,907,47.75805806275457,68.74001398682594,238.70826500933617,125.01633097417653
26,0,0,3,4,0,4,1,36.39174089767039,42.83599299378693,911.1031220527366,574.3805100210011
29,0,0,3,5,0,3,60,80.89229802135378,91.10185992904007,733.4830919280648,288.49162603728473
86,0,0,8,16,0,4,1,97.66599792055786,104.614874930121,28213.772558025084,8566.101821954362
30,0,0,3,7,0,3,2,122.26880504749715,135.89486107230186,368.5705689713359,293.7442250549793
40,0,0,5,7,0,4,3,99.87296303734183,121.15918705239892,5846.935159992427,2068.969969986938
35,0,0,4,5,0,4,0,50.09026906918734,73.17985803820193,2597.508782055229,1056.9945159368217
43,0,0,3,5,0,3,1,130.86672499775887,166.76957404706627,839.2143390374258,287.41780389100313
19,0,0,4,3,0,4,25,113.3329599397257,169.9540219269693,1128.8234740495682,541.2180600687861
19,0,0,1,3,0,3,144,77.33978400938213,87.57592807523906,368.6674889177084,157.0103910053149
21,0,0,4,3,0,4,140,229.43472198676318,249.389968928881,614.2477160319686,264.6155700786039
36,0,0,2,6,0,3,0,50.64522102475166,71.86740206088871,681.1727039748803,253.6052210489288
42,0,0,1,6,0,3,1,67.04047706443816,80.97281807567924,200.45590004883707,71.45415106788278
32,0,0,3,5,0,3,1,60.348758939653635,82.69159391056746,1459.2371759936213,588.174692937173
3,0,0,1,0,0,1,3062,60.209342977032065,85.03256097901613,104.67782896012068,81.73210406675935
35,0,0,3,5,0,4,2,63.081739004701376,83.40833801776171,1403.3825499936938,596.4439639355987
18,0,0,3,3,0,4,0,32.47998107690364,74.05192998703569,1092.851849971339,255.50962903071195
36,0,0,1,5,0,3,1,63.063575071282685,77.99862406682223,268.7676380155608,70.78515994362533
21,0,0,2,3,0,3,87,65.8548049395904,83.38272001128644,667.2970550134778,284.621954895556
8,0,0,3,1,0,2,3830,9.408183977939188,11.558958911336958,320.44132496230304,189.21441095881164
45,0,0,3,8,0,4,1,80.40837803855538,93.86748098768294,693.1955089094117,272.135482984595
28,0,0,2,4,0,3,0,25.752819958142936,56.13087606616318,636.9320820085704,257.9216880258173
43,0,0,4,8,0,3,0,52.27735091466457,73.11456499155611,1497.5339600350708,512.753160088323
36,0,0,5,3,0,2,1,131.03235699236393,167.86181996576488,2826.435048948042,1127.5335060199723
6,0,0,1,1,0,2,1492,24.754703976213932,29.452979913912714,213.87649502139539,140.57156001217663
57,0,0,1,6,0,3,1,32.95522998087108,66.94641395006329,414.8120420286432,101.53177392203361
58,0,0,1,7,0,3,1,75.91864292044193,84.61137500125915,448.1679879827425,96.07025200966746
51,0,0,1,6,0,3,1,69.15071501862258,84.51991598121822,429.1779230115935,146.00052300374955
29,0,0,1,4,0,3,1,71.17668690625578,88.9190100133419,358.4325260017067,147.88202103227377
27,0,0,1,5,0,4,0,48.40241593774408,69.92830208037049,310.56384497787803,119.7418759111315
24,0,0,2,4,0,3,2,124.52560802921653,164.62811001110822,350.05840798839927,146.08809305354953
28,0,0,0,5,0,3,0,70.17282105516642,81.76969201304018,193.02631297614425,71.58376800362021
33,0,0,5,4,0,3,1,98.2073120540008,104.44617597386241,5140.470085898414,2030.5899820523337
55,0,0,1,9,0,3,1,67.09344103001058,80.89052804280072,457.3144429596141,147.7980719646439
36,0,0,2,4,0,3,1,35.20423895679414,41.55316797550768,535.3719799313694,294.3759709596634
14,0,0,1,2,0,4,1488,55.47327105887234,61.438580974936485,264.8824700154364,152.5299339555204
13,0,0,3,2,0,2,1930,165.64499295782298,89.63764098007232,579.892277950421,262.01486494392157
39,0,0,7,7,0,4,61,124.27303194999695,170.31417705584317,9732.592104002833,4089.1856119269505
14,0,0,0,4,0,3,50,83.75693601556122,99.61637307424098,194.52246208675206,94.53665092587471
26,0,0,5,2,0,4,216,94.41562206484377,116.0141130676493,4350.207686075009,2242.333878064528
28,0,0,2,3,0,3,1,81.74051204696298,88.94988300744444,716.743370052427,275.3019919618964
3,0,0,1,0,0,1,3062,59.18822402600199,72.65148789156228,53.342998027801514,40.2257579844445
26,0,0,1,5,0,3,35,70.65841206349432,82.95873703900725,359.1813980601728,143.79408699460328
22,0,0,2,3,0,3,48,128.86755599174649,164.8708649445325,374.73396002314985,148.40861991979182
16,0,0,0,2,0,1,9,123.4764929395169,84.00158502627164,199.35859506949782,79.31155408732593
49,0,0,2,8,0,4,1,79.44140292238444,89.2317519756034,424.9993149423972,144.49602598324418
22,0,0,1,2,0,3,128,224.1900849621743,212.43861701805145,232.2277509374544,86.20342204812914
21,0,0,1,5,0,3,529,175.27698900084943,124.35736204497516,573.7165390746668,198.79387796390802
31,0,0,4,5,0,3,1,118.0333630181849,161.4998879376799,726.3066279701889,286.2871449906379
32,0,0,3,3,0,2,1,71.02524198126048,85.01343801617622,1346.2318100500852,538.3540380280465
38,0,0,7,3,0,3,0,94.99641705770046,110.80905690323561,17628.05182300508,7720.088917063549
38,0,0,6,7,0,4,109,130.30332000926137,158.92894403077662,5263.251872966066,2225.781330023892
34,0,0,1,6,0,3,1,58.4709329996258,81.15991903468966,386.5148490294814,151.50794899091125
48,0,0,6,6,0,3,1,48.60023001674563,86.98886400088668,11702.325535938144,4493.998204939999
34,0,0,5,3,0,3,1,35.516262985765934,43.59282902441919,3699.0787539398298,1998.2368359342217
49,0,0,7,6,0,3,1,81.86988008674234,99.30064994841814,23916.237664059736,9096.851194975898
1,0,0,0,0,0,0,1951,19.287606002762914,26.888213003985584,54.7004429390654,47.05682094208896
29,0,0,5,2,0,2,7,66.89986598212272,87.39837701432407,3852.0647879922763,2310.4471940314397
10,0,0,2,1,0,1,432,31.0214851051569,78.42770393472165,509.8972449777648,250.3260700032115
19,0,0,1,3,0,3,15,80.45149105601013,92.76508295442909,205.7198629481718,67.33075901865959
44,0,0,5,8,0,3,1,86.78892394527793,108.46965992823243,6613.089277059771,2219.6477700490505
33,0,0,4,5,0,3,1,73.44705704599619,99.81887903995812,2585.0066929124296,930.267037008889
30,0,0,2,5,0,3,1,52.516518044285476,47.2009259974584,459.3464400386438,143.3191349497065
3,0,0,1,0,0,1,3830,10.931066004559398,14.746612054295838,54.10220206249505,68.78383900038898
62,0,0,1,7,0,3,1,56.15906300954521,76.51014102157205,417.1128160087392,137.8559519071132
5,0,0,1,0,0,1,365,53.20671701338142,77.5109410751611,255.682674003765,132.77725700754672
36,0,0,3,6,0,3,1,120.75241201091558,161.68030502740294,380.34664699807763,141.09945006202906
18,0,0,0,3,0,3,53,38.56554802041501,41.96261102333665,94.18784605804831,45.923387981019914
31,0,0,1,6,0,3,1,54.98356302268803,76.3105700025335,382.34277500305325,136.88146404456347
22,0,0,4,2,0,2,4,61.0323550645262,78.70434795040637,2512.8969840006903,1106.7623349372298
7,0,0,2,1,0,1,1315,86.73111803364009,120.05705595947802,178.67408599704504,124.89266600459814
38,0,0,7,3,0,3,0,94.73941405303776,115.24488602299243,17880.519822938368,8404.573286999948
2,0,0,0,0,0,0,3830,16.34571491740644,20.93474706634879,69.84128395561129,59.06661401968449
24,0,0,1,3,0,3,10,62.750441022217274,79.59419197868556,362.98802692908794,145.10936301667243
59,0,0,3,8,0,3,1,65.08863193448633,78.33983504679054,689.412166015245,285.2573829004541
36,0,0,2,4,0,3,2,32.55605895537883,67.59847002103925,734.3178879236802,283.8790030218661
27,0,0,3,4,0,3,0,84.53416707925498,101.22230800334364,1328.9856869960204,541.6565890191123
31,0,0,1,5,0,3,0,56.58163398038596,78.83447501808405,360.85120507050306,143.6016879742965
40,0,0,1,8,0,3,1,96.45053697749972,97.98288298770785,440.04941801540554,146.6309749521315
35,0,0,2,6,0,3,1,62.93624802492559,86.39660908374935,718.363413005136,275.01768502406776
14,0,0,3,2,0,4,2320,181.1779219424352,180.01176696270704,371.083123027347,175.9989899583161
33,0,0,1,4,0,3,1,57.96126299537718,80.70215699262917,319.0559990471229,151.4687710441649
54,0,0,2,10,0,4,1,63.77742299810052,78.6208650097251,832.6478899689391,281.13864397164434
37,0,0,2,6,0,3,1,51.60070303827524,60.255251941271126,774.9929300043732,273.655125987716
1,0,0,0,0,0,0,3830,11.114739929325879,12.900226982310414,64.21768700238317,63.74795502051711
35,0,0,1,5,0,3,1,69.62680805008858,82.57673599291593,385.70986001286656,142.8197619970888
16,0,0,3,2,0,4,2320,134.15391801390797,96.19946393650025,592.6164500415325,316.41495309304446
36,0,0,2,4,0,3,1,89.78495397605002,91.6090130340308,741.0577810369432,296.89719597809017
39,0,0,2,4,0,2,1,68.23889596853405,84.45145806763321,698.1992359505966,227.67568891867995
88,0,0,10,16,0,4,1,134.60928294807673,169.20411004684865,60000.0,32429.56844100263
38,0,0,7,3,0,3,0,89.81199306435883,109.35842001345009,18864.87842502538,7700.185458990745
19,0,0,1,3,0,4,31,67.31234898325056,79.85842798370868,324.0780390333384,142.63170107733458
28,0,0,1,4,0,3,1,63.854416948743165,79.38863197341561,340.2560509275645,141.27649297006428
32,0,0,3,3,0,3,1,67.0912089990452,85.09964600671083,1303.5955569939688,537.0214650174603
32,0,0,4,5,0,3,1,76.74931001383811,97.15629601851106,2641.0330859944224,1052.8579609235749
28,0,0,1,5,0,3,1,79.15362995117903,91.17682510986924,385.9942350536585,149.7180819278583
15,0,0,1,3,0,3,74,77.11372501216829,110.74220307637006,363.48168598487973,197.42236309684813
3,0,0,1,0,0,1,3830,21.651783026754856,29.73376598674804,69.98552300501615,70.27472497429699
39,0,0,4,7,0,3,1,79.09767306409776,87.1863370994106,3385.188046959229,936.3881879253313
5,0,0,0,1,0,1,174,30.161504982970655,41.056756977923214,69.0832999534905,35.504089086316526
8,0,0,1,1,0,1,325,197.81051599420607,196.02048501838,173.42295707203448,107.54209093283862
24,0,0,1,3,0,3,6,105.68012006115168,113.66445990279317,389.88829602021724,164.69987807795405
29,0,0,1,6,0,3,2,39.62486900854856,42.426125961355865,238.33187494892627,147.25633605848998
9,0,0,1,0,0,1,309,56.24820396769792,82.43678999133408,261.1579509684816,135.99475705996156
29,0,0,1,5,0,4,16,30.329790082760155,39.71274592913687,248.69647494051605,149.24357493873686
11,0,0,1,2,0,2,0,109.75979000795633,81.19223499670625,333.94179202150553,147.49276300426573
88,0,0,10,16,0,4,1,94.43115699104965,106.0116020962596,60000.0,33454.68183502089
32,0,0,3,4,0,4,1,83.64448498468846,74.09397303126752,1176.2965900124982,554.2082419851795
4,0,0,1,0,0,1,2320,73.55253398418427,107.56139305885881,113.51564794313163,88.55374006088823
26,0,0,1,5,0,3,1,87.92329404968768,89.21248302794993,374.70485595986247,144.55854194238782
37,0,0,1,6,0,3,1,71.87457790132612,85.7909619808197,376.56842393334955,140.3064449550584
30,0,0,4,5,0,3,8,130.55933802388608,141.56327804084867,1479.5813960954547,554.0740769356489
22,0,0,3,4,0,3,0,172.81334602739662,162.37807099241763,768.7761739362031,280.45394795481116
84,0,0,6,16,0,4,1,140.58004401158541,164.22866994980723,3342.9492299910635,1158.385877031833
15,0,0,4,2,0,4,3062,188.1546580698341,162.78638201765716,533.2609890028834,315.28023502323776
22,0,0,2,0,0,1,5,57.942216051742435,84.5319259678945,618.4979749377817,301.9495829939842
14,0,0,3,1,0,2,710,75.88983699679375,108.76950796227902,928.6231528967619,670.9509239299223
32,0,0,1,5,0,3,0,67.33011303003877,82.20875402912498,307.2175240376964,78.50641699042171
41,0,0,2,8,0,4,1,87.92624599300325,93.37530704215169,838.5148730594665,293.07036695536226
20,0,0,1,2,0,3,93,67.06790206953883,45.77731096651405,166.67234001215547,73.70971294585615
31,0,0,1,4,0,3,1,39.674435975030065,42.30719699990004,202.1959200501442,73.60754592809826
29,0,0,2,5,0,3,1,57.3709070449695,81.60399901680648,630.3601999534294,147.1640500240028
35,0,0,3,3,0,3,5,63.177640084177256,84.73226195201278,1283.2862979266793,591.1266669863835
37,0,0,1,6,0,3,1,47.82543808687478,87.6118210144341,426.7303749220446,150.3812640439719
23,0,0,2,4,0,3,49,111.1699310131371,85.0216899998486,192.06017104443163,75.26262803003192
6,0,0,1,1,0,1,1031,28.740352019667625,37.80842199921608,112.70324396900833,61.52627302799374
7,0,0,2,1,0,1,1315,166.8856650358066,239.93404500652105,221.56030300538987,124.25443797837943
35,0,0,1,4,0,3,1,55.79014995601028,76.0192460147664,340.8275250112638,136.5674230037257
84,0,0,6,16,0,4,1,84.48809606488794,96.32302599493414,8139.40076995641,2282.73924801033
37,0,0,5,7,0,4,0,146.77230501547456,183.84160206187516,2796.6390679357573,800.8628470124677
28,0,0,2,7,0,4,1,51.20193597394973,69.93095600046217,659.5027369912714,241.04299896862358
26,0,0,1,5,0,4,1,79.6097059501335,142.22254196647555,280.8188199996948,145.57770104147494
36,0,0,1,5,0,3,1,65.5958199640736,80.06131800357252,377.1830589976162,140.58960496913642
32,0,0,4,5,0,4,0,38.33975701127201,43.023449019528925,2390.8348589902744,1049.018680001609
10,0,0,1,2,0,2,0,83.0583480419591,93.98315299768001,341.8558849953115,173.6714820144698
36,0,0,4,7,0,4,0,102.62144298758358,151.66196401696652,1335.8560289489105,508.5568609647453
11,0,0,0,2,0,1,23,122.84403597004712,80.62254195101559,187.65158392488956,74.63656493928283
34,0,0,5,3,0,3,1,70.81947103142738,84.91786394733936,4494.553614058532,1860.6318479869515
25,0,0,1,3,0,3,21,60.944449971430004,81.14267908968031,340.8169369213283,153.10286299791187
13,0,0,4,1,0,2,1383,100.71471589617431,142.26027892436832,1085.3886059485376,621.2390159489587
38,0,0,4,4,0,3,1,120.70755905006081,160.13984801247716,1491.6297079762444,589.9554090574384
23,0,0,2,2,0,4,17,57.54292604979128,81.46667398978025,623.4563470352441,300.75369705446064
22,0,0,5,3,0,5,670,210.81671095453203,312.1378899086267,1741.941406042315,805.2505559753627
34,0,0,1,6,0,4,1,63.375836005434394,79.33154492639005,194.39379405230284,73.41155502945185
24,0,0,6,3,0,5,149,108.67572401184589,137.04655598849058,4349.695435957983,2073.4955690568313
34,0,0,3,3,0,2,1,68.51156800985336,82.07170793320984,1451.9718369701877,328.20764800999314
24,0,0,1,4,0,2,1,66.94754702039063,82.94868201483041,357.52266098279506,143.8971539027989
21,0,0,4,3,0,4,3830,17.360495985485613,23.126792977564037,525.0387740088627,364.93228597100824
17,0,0,2,2,0,3,396,63.9767509419471,90.14823194593191,613.3185749640688,300.4924419801682
32,0,0,1,5,0,3,1,63.17790097091347,78.69522902183235,368.7258770223707,147.88669999688864
36,0,0,1,4,0,3,1,42.685916065238416,40.035580983385444,366.148705012165,149.7638770379126
39,0,0,1,7,0,3,1,65.59870496857911,79.20559402555227,402.76776999235153,144.47328494861722
85,0,0,7,16,0,4,1,93.92716607544571,107.18015395104885,29955.750182038173,8796.11065692734
1,0,0,0,0,0,0,3830,11.122504016384482,12.808191939257085,64.55896003171802,64.72989998292178
57,0,0,1,10,0,3,1,62.133198021911085,81.22959907632321,445.5950279952958,148.7438631011173
51,0,0,2,8,0,3,1,120.02665095496923,162.54951804876328,322.8759280173108,142.2776150284335
33,0,0,1,6,0,3,1,119.14834193885326,160.87212995626032,197.7676919195801,72.43613700848073
63,0,0,3,3,0,3,1,59.38672902993858,83.12465890776366,1349.991600960493,599.0122990915552
10,0,0,0,0,0,0,220,67.47172400355339,97.97703893855214,161.96013998705894,108.50215598475188
4,0,0,2,0,0,1,3830,15.317830024287105,19.553059013560414,69.33754298370332,68.35091696120799
33,0,0,2,6,0,3,4,130.60840498656034,162.92915493249893,418.38539799209684,150.19298298284411
32,0,0,3,3,0,2,1,74.04890400357544,92.92667300906032,1294.091954943724,462.24328002426773
38,0,0,7,3,0,3,2,93.92594906967133,112.89821192622185,18268.023443990387,7362.018806044944
4,0,0,1,0,0,1,0,24.504482047632337,33.07952801696956,129.63220197707415,60.1943040965125
25,0,0,1,5,0,4,113,76.52962696738541,84.6018980955705,262.60434300638735,77.14347704313695
10,0,0,3,1,0,2,0,158.63528801128268,239.02413994073868,544.9724840000272,266.44638809375465
78,0,0,9,13,0,4,1,93.29365391749889,98.96764496807009,60000.0,32420.011124922894
29,0,0,3,6,0,3,40,36.599104991182685,55.8486309600994,1442.4925990169868,565.0444779312238
29,0,0,1,3,0,3,1,28.944329009391367,39.97557994443923,320.243110996671,107.08442307077348
24,0,0,1,5,0,3,1,71.31167000625283,87.54069998394698,362.28759004734457,143.6967939371243
37,0,0,5,7,0,4,0,129.06862201634794,166.69449000619352,2895.68924496416,1094.6871819905937
50,0,0,1,6,0,3,1,60.61816797591746,81.42347901593894,407.96734404284507,149.97780707199126
9,0,0,3,0,0,1,1488,49.275732948444784,72.11649301461875,808.1022809492424,294.2765300394967
22,0,0,1,4,0,3,1,77.23645097576082,67.73698201868683,206.88076794613153,148.02245306782424
83,0,0,5,16,0,4,1,84.10328405443579,97.77280199341476,8762.700580060482,2220.245593925938
30,0,0,4,5,0,3,8,130.08697901386768,138.6101640528068,1569.3250059848651,587.9231640137732
37,0,0,5,7,0,3,4,144.4867269601673,181.8658870179206,2957.173696020618,1099.709230940789
36,0,0,2,3,0,3,1,69.04707499779761,83.50661303848028,695.1149209635332,192.12408608291298
23,0,0,4,2,0,3,5,74.86136502120644,108.26028301380575,1854.6765180071816,690.4163550352678
8,0,0,1,0,0,1,622,53.67350694723427,77.61924609076232,253.21853696368635,138.52365489583462
39,0,0,2,7,0,3,1,177.57483897730708,98.46618701703846,1148.2206990476698,215.27795097790658
4,0,0,1,0,0,1,2490,36.20284399949014,43.32667891867459,48.178497003391385,35.04113503731787
38,0,0,7,3,0,3,0,43.13437803648412,76.1684289900586,18818.42991092708,8185.384343029
36,0,0,6,6,0,4,0,340.01114999409765,354.44120003376156,5243.009012076072,2085.3303760522977
31,0,0,3,4,0,3,2,41.59479797817767,46.02573090232909,818.5654109111056,497.7452040184289
14,0,0,3,1,0,3,182,115.90726103167981,170.82781705539674,607.1203720057383,331.06150408275425
33,0,0,4,5,0,4,1,54.399168002419174,99.65651296079159,2367.701189010404,687.3591799521819
6,0,0,1,1,0,1,0,102.21815702971071,152.56271499674767,133.48387100268155,65.24423393420875
16,0,0,3,2,0,3,1978,150.7997380103916,168.54231199249625,784.8672770196572,275.557245942764
30,0,0,4,5,0,3,2,129.76694700773805,137.1637290576473,1594.2213480593637,579.3603729689494
35,0,0,2,6,0,4,2,67.4945549108088,84.73121805582196,713.1169269559905,281.60501492675394
37,0,0,8,4,0,3,13,70.53274801000953,83.88325199484825,19114.52466296032,7563.608277007006
54,0,0,4,6,0,3,1,79.05921502970159,89.62017204612494,3187.9798909649253,1108.3526139846072
18,0,0,2,2,0,1,18,91.64309606421739,125.4937689518556,748.2705590082332,373.1803059345111
27,0,0,0,5,0,3,1,147.48345396947116,97.74555207695812,298.24967694003135,79.05153499450535
26,0,0,1,4,0,3,44,68.52622400037944,49.70691702328622,189.54978103283793,74.31540393736213
32,0,0,1,5,0,3,1,71.7679139925167,90.33422998618335,365.95011898316443,138.7732510920614
9,0,0,1,1,0,1,2,53.980061085894704,74.68323700595647,278.5127299139276,135.93033503275365
36,0,0,2,4,0,3,1,62.6698270207271,80.92372806277126,740.5092190019786,297.5172419101
17,0,0,2,3,0,4,90,53.61023102886975,77.83427403774112,566.500760964118,266.0185679560527
34,0,0,1,5,0,3,1,69.25337202847004,82.5414570281282,195.22776699159294,72.75758101604879
14,0,0,3,2,0,3,994,88.4429169818759,127.24850804079324,338.9166499255225,158.9449120219797
26,0,0,0,6,0,3,1,69.85341699328274,83.19954702164978,195.85926097352058,73.2357589295134
21,0,0,0,3,0,3,4,73.37121095042676,108.27196796890348,203.54515593498945,109.79381296783686
42,0,0,2,5,0,3,1,39.15500198490918,46.67558602523059,564.9496869882569,242.91859904769808
14,0,0,2,2,0,1,155,104.36147707514465,126.14686693996191,694.0575130283833,335.84477100521326
28,0,0,1,4,0,2,1,32.012430019676685,39.36644003260881,92.97161002177745,74.31799301411957
57,0,0,3,8,0,3,1,80.9587009716779,95.87162605021149,1656.7597989924252,553.8586840266362
25,0,0,1,3,0,2,1,76.34431403130293,88.57989602256566,345.6847829511389,142.9631479550153
11,0,0,3,1,0,2,1296,162.97684994060546,159.44657393265516,595.3498969320208,257.64608406461775
34,0,0,2,5,0,3,1,87.77381794061512,96.54587402474135,776.293218950741,285.7710140524432
42,0,0,1,8,0,3,1,80.71423193905503,88.01106305327266,444.22763702459633,147.33430603519082
27,0,0,2,5,0,3,0,71.17030897643417,85.64928697887808,672.3855240270495,137.43624207563698
65,0,0,2,11,0,3,0,72.5261039333418,83.19986402057111,935.3223679354414,275.97571501974016
37,0,0,1,5,0,3,1,78.24085094034672,86.87185903545469,399.1472109919414,151.18376503232867
21,0,0,2,3,0,4,48,46.84368404559791,49.11707993596792,316.19761197362095,137.07207702100277
14,0,0,4,2,0,3,3830,9.179183980450034,11.479002074338496,686.2946060718969,507.9017450334504
44,0,0,2,7,0,3,1,60.38238189648837,81.81077102199197,408.859331975691,148.92308204434812
19,0,0,3,3,0,3,335,85.31241805758327,103.56773703824729,1170.2097969828174,509.06719302292913
9,0,0,0,2,0,3,119,65.9833550453186,91.03111596778035,163.20208192337304,87.45696709956974
28,0,0,2,6,0,4,772,168.795770034194,170.50385591574013,566.6928860591725,167.35466092359275
19,0,0,2,2,0,3,26,68.37384693790227,87.1178429806605,627.1592039847746,283.9152469532564
21,0,0,3,2,0,3,213,120.02049200236797,172.41461900994182,630.7153119705617,299.8595329700038
23,0,0,2,4,0,3,1,71.90979493316263,89.53908795956522,335.38305200636387,139.12436401005834
24,0,0,1,5,0,3,2,77.58104300592095,89.37846007756889,349.29605398792773,142.31963106431067
35,0,0,1,5,0,3,1,71.175393066369,89.47912801522762,369.2393640521914,138.25249602086842
21,0,0,4,3,0,3,85,144.8177610291168,202.22566998563707,1235.492086969316,548.9126860629767
35,0,0,5,6,0,4,49,99.07345799729228,93.11893803533167,2180.7075339602306,1121.3041900191456
36,0,0,4,4,0,3,4,76.05597097426653,85.82877891603857,1374.445614987053,559.6448590513319
13,0,0,3,2,0,2,1930,165.93862604349852,91.37370891403407,571.5653219958767,263.02379299886525
44,0,0,2,8,0,4,1,59.783118893392384,82.94090500567108,723.2257269788533,236.8284990079701
60,0,0,4,12,0,4,2,72.50554789789021,45.21207499783486,2823.0168680893257,775.3065370488912
55,0,0,2,8,0,4,1,53.631775081157684,75.49095305148512,790.1055039837956,272.82604202628136
30,0,0,1,5,0,3,2,80.89119102805853,87.37371501047164,372.79190600384027,139.6240369649604
8,0,0,3,1,0,2,3830,18.33032991271466,24.703884962946177,271.05101593770087,173.7543490016833
24,0,0,2,4,0,4,0,88.34734791889787,107.84602502826601,725.5417099222541,335.8846000628546
41,0,0,1,5,0,3,1,79.21134296339005,89.07701296266168,435.9399629756808,149.6220720000565
39,0,0,8,3,0,3,0,130.48376492224634,176.8157109618187,38099.273493979126,15358.300792984664
40,0,0,8,7,0,4,17,63.54022794403136,84.6589069114998,10357.22575406544,3844.5006390102208
11,0,0,1,1,0,2,2,68.71087197214365,96.92484000697732,309.9345719674602,155.04194889217615
42,0,0,2,5,0,3,1,77.95407704543322,88.89143005944788,847.9715510038659,287.1775480452925
25,0,0,7,3,0,4,3830,51.89460190013051,53.81677194964141,13556.919464026578,6544.880553032272
27,0,0,3,4,0,3,2,130.4400140652433,164.03358802199364,755.7524889707565,292.7072449820116
24,0,0,2,2,0,3,23,115.17454101704061,159.98693800065666,345.4367300728336,149.79199296794832
24,0,0,1,3,0,3,27,59.671998023986816,81.5866100601852,350.9999340167269,151.54622704721987
16,0,0,4,2,0,4,3062,206.2983640935272,266.7993319919333,696.2544349953532,413.07225602213293
37,0,0,4,7,0,4,0,57.064866996370256,44.201162992976606,2305.4145290516317,1043.296020012349
75,0,0,6,13,0,4,1,133.38958797976375,172.92419797740877,6412.303745979443,1744.406245998107
28,0,0,2,4,0,3,9,71.34850206784904,86.96241199504584,688.0450289463624,283.58226199634373
37,0,0,7,3,0,2,2,39.98003201559186,119.94008696638048,21045.39810703136,7737.488124985248
30,0,0,3,4,0,3,1,111.9773699901998,161.38848895207047,685.3043850278482,300.51821807865053
30,0,0,3,4,0,4,97,87.81114500015974,96.9534800387919,1400.5302510922775,563.2802019827068
81,0,0,10,14,0,4,0,144.48122202884406,188.03397298324853,60000.0,34494.508909992874
43,0,0,4,8,0,3,0,103.88411302119493,150.89707297738642,1488.4078960167244,503.2147919991985
84,0,0,6,16,0,4,0,52.19342699274421,72.50401901546866,12664.178455946967,4048.172247945331
15,0,0,0,3,0,3,11,55.661224061623216,77.83173804637045,158.36638503242284,73.69520794600248
20,0,0,1,4,0,3,65,76.58800494391471,89.90923105739057,354.48826698120683,147.90014107711613
17,0,0,2,2,0,2,23,77.88172701839358,101.63400694727898,732.2378839598969,367.1835889108479
16,0,0,2,4,0,3,87,256.1876989202574,288.7255570385605,374.14891400840133,175.5011590430513
59,0,0,3,9,0,3,1,73.92916991375387,89.5821739686653,1767.675144947134,557.020127074793
37,0,0,6,3,0,3,0,82.8000430483371,94.44318595342338,10180.718348012306,4359.320658026263
27,0,0,2,0,0,1,3,57.77201894670725,84.11559998057783,628.5132219782099,297.95072495471686
25,0,0,1,4,0,3,1,87.66747696790844,58.87095502112061,195.3828459372744,69.90341003984213
57,0,0,1,5,0,3,1,32.80097106471658,78.87538499198854,420.8976411027834,149.82331509236246
28,0,0,3,5,0,4,1,71.48698600940406,92.41958206985146,1421.1395239690319,576.4634150546044
6,0,0,3,0,0,1,3830,19.023259985260665,24.95091501623392,161.79773199837655,114.74984604865313
36,0,0,2,4,0,3,2,68.92404204700142,81.41208195593208,728.9642810355872,282.5020410818979
39,0,0,3,6,0,4,5,82.240563002415,92.25735103245825,1115.86396896746,409.1631189221516
32,0,0,4,5,0,3,2,74.7970649972558,95.58053407818079,2811.3011709647253,1119.2719420650974
2,0,0,0,0,0,0,1383,42.11555595975369,59.717261930927634,114.2749359132722,77.76605791877955
83,0,0,5,16,0,4,1,84.4205089379102,95.73503106366843,7976.909780991264,1974.3687099544331
85,0,0,7,16,0,4,0,104.66877301223576,152.40874502342194,12285.623447969556,4096.800707047805
8,0,0,2,1,0,2,0,25.58080293238163,35.12600006069988,266.65099698584527,125.03227300476283
23,0,0,2,4,0,4,124,44.85249298159033,56.0401490656659,486.2675860058516,162.83285303507
31,0,0,6,5,0,3,120,263.63267900887877,399.6499060885981,5024.305857019499,2137.145366985351
33,0,0,1,5,0,4,1,30.496996943838894,39.901454001665115,185.59524603188038,72.57259904872626
21,0,0,5,3,0,3,8,123.01882600877434,164.55889598000795,644.4600640097633,286.0373619478196
36,0,0,0,5,0,3,0,77.35274895094335,84.05354304704815,213.24993995949626,74.23467608168721
22,0,0,1,4,0,3,2,48.43898303806782,47.83123394008726,189.91418508812785,72.09044194314629
9,0,0,1,1,0,2,64,35.67077906336635,49.7204769635573,163.95305609330535,94.40244897268713
41,0,0,1,6,0,3,1,59.61058603134006,81.79821097292006,394.0945640206337,149.6736640110612
23,0,0,6,3,0,5,1062,111.9683999568224,159.54594500362873,3357.5685309479013,1551.2669580057263
11,0,0,0,1,0,1,10,53.34402492735535,77.58159900549799,144.17319907806814,70.45522204134613
43,0,0,1,7,0,4,1,80.64097294118255,88.77087803557515,439.14445501286536,148.10537500306964
58,0,0,2,10,0,4,1,64.65154199395329,81.43331308383495,860.2183220209554,291.5160070406273
27,0,0,4,3,0,3,2,65.60545496176928,80.75668895617127,1220.4757999861613,593.709010980092
84,0,0,2,8,0,3,0,63.59043798875064,78.87331105303019,946.1411089869216,283.1349039915949
34,0,0,2,5,0,3,1,71.4705849532038,83.25308689381927,611.6139610530809,303.8285579532385
8,0,0,1,1,0,2,12,140.9925150219351,200.7703270064667,165.84974597208202,89.37368402257562
27,0,0,3,3,0,3,2,65.40231604594737,80.49616706557572,738.9950649812818,274.71405593678355
20,0,0,2,2,0,2,2,113.10036992654204,162.3609639937058,333.79726205021143,152.67436101567
35,0,0,5,6,0,4,26,251.82029500138015,240.1816729689017,1685.9400030225515,438.01714992150664
43,0,0,11,7,0,4,1419,277.9598800698295,368.55900404043496,60000.0,32700.338436989114
55,0,0,3,7,0,3,1,54.3057230534032,77.27229211013764,1576.08678098768,543.8971719704568
16,0,0,1,3,0,3,32,114.88175799604505,198.33440193906426,157.39413700066507,73.06261803023517
11,0,0,0,2,0,3,0,67.88467895239592,78.00775300711393,159.4011839479208,71.29925407934934
29,0,0,2,5,0,4,2,135.09055797476321,173.25433599762619,385.892795980908,152.6866719359532
22,0,0,1,4,0,3,1,77.31075095944107,84.6505860099569,376.8168579554185,148.15706200897694
43,0,0,4,8,0,4,5,80.20517404656857,87.26675203070045,3375.0170059502125,1149.840635014698
1,0,0,0,0,0,0,3062,29.89636396523565,41.35816707275808,95.25040094740689,68.68707004468888
27,0,0,1,3,0,2,1,64.39049902837723,78.15592596307397,346.7930550687015,142.04519195482135
10,0,0,0,1,0,1,117,70.20240800920874,93.16256199963391,84.21330899000168,47.46543802320957
28,0,0,3,5,0,3,2,124.48324006982148,164.45099201519042,244.33233798481524,70.16792194917798
19,0,0,2,4,0,4,3062,28.07826001662761,25.503640063107014,316.9510050211102,315.30624197330326
9,0,0,0,2,0,2,1,27.180360048078,39.122543996199965,71.61078089848161,56.094718049280345
38,0,0,2,6,0,3,1,36.42171202227473,40.40703107602894,398.3185470569879,136.60324201919138
34,0,0,4,6,0,4,3,294.9261540779844,328.7660840433091,2078.764725010842,344.0846960293129
22,0,0,3,2,0,2,48,63.07998497504741,90.90859198477119,1296.859605005011,593.2074340526015
20,0,0,2,4,0,3,1389,130.56275702547282,181.02980800904334,853.3683019923046,184.89247804973274
32,0,0,5,6,0,4,4,44.51173101551831,56.19973305147141,4637.236087000929,2073.7287249648944
36,0,0,0,6,0,3,1,67.74653994943947,86.5547409048304,208.77980103250593,75.63060498796403
27,0,0,2,4,0,2,2,70.86003897711635,86.44550107419491,653.8641849765554,266.6094679152593
26,0,0,2,3,0,2,1,74.96800797525793,88.09722203295678,684.3510180478916,187.44120898190886
87,0,0,9,16,0,4,1,82.44539704173803,87.97478396445513,28397.70607999526,8208.04857602343
23,0,0,4,3,0,3,87,61.990090063773096,101.7093590926379,1269.9960109312087,553.4539229702204
33,0,0,5,4,0,3,1,51.6371299745515,60.19556999672204,5335.469941957854,1659.8600920988247
30,0,0,6,4,0,4,107,93.12797500751913,99.48339697439224,7667.471557040699,3326.6503229970112
37,0,0,6,7,0,4,54,87.73079398088157,98.95426500588655,5357.4369380949065,2073.369047953747
8,0,0,4,0,0,1,3830,21.383349900133908,28.25769502669573,534.4614590285346,162.26703207939863
25,0,0,6,3,0,4,846,313.8459710171446,353.6971169523895,4565.605998970568,2090.549582033418
73,0,0,3,13,0,4,0,51.179104950279,71.74409902654588,1487.5633899355307,503.13075294252485
23,0,0,3,3,0,3,53,145.25829697959125,176.4684719964862,725.8524040225893,294.0204059705138
58,0,0,4,10,0,4,1,61.02325499523431,82.99457107204944,1655.5432010209188,416.84984997846186
17,0,0,2,1,0,2,6,134.37270501162857,152.30166306719184,277.0525849191472,195.38227503653616
17,0,0,1,2,0,3,104,62.58827692363411,87.42222399450839,237.99801000859588,146.95666800253093
43,0,0,4,8,0,3,2,42.7269710926339,46.36559903156012,2869.938376941718,1074.4245779933408
2,0,0,0,0,0,0,1522,36.69321595225483,52.81002994161099,107.8282140661031,74.3376740720123
86,0,0,8,16,0,4,1,89.71461292821914,96.63524699863046,59500.21300103981,16650.7864020532
32,0,0,4,6,0,3,1,99.44753802847117,80.47030097804964,761.3816289231181,567.9979500127956
7,0,0,1,0,0,1,0,49.21746009495109,68.50802607368678,253.3510079374537,120.05975504871458
32,0,0,3,5,0,3,1,71.94407901261002,84.6517588943243,1054.0226249722764,424.3166040396318
27,0,0,4,2,0,3,1,233.11190493404865,250.74823503382504,1215.541322948411,547.9103589896113
35,0,0,6,3,0,3,1,47.995585948228836,91.12444694619626,10152.616992010735,4201.862502959557
37,0,0,2,7,0,3,3,76.54201902914792,80.891881021671,743.836952955462,294.5451179984957
19,0,0,2,3,0,4,245,221.74579999409616,195.69631898775697,423.61541697755456,79.66043089982122
18,0,0,2,2,0,2,24,87.82660495489836,90.51367407664657,717.8515810519457,321.83114206418395
16,0,0,2,2,0,3,687,37.22185001242906,49.922648002393544,545.5838679336011,286.51077300310135
39,0,0,8,3,0,3,0,90.44870198704302,107.68748703412712,36859.81224500574,17004.220233066007
18,0,0,1,3,0,3,91,80.29175293631852,74.69160691834986,250.87549502495676,141.18367503397167
34,0,0,6,4,0,3,1,402.06037391908467,446.93039904814214,5413.661870989017,2145.11365594808
26,0,0,2,4,0,3,5,76.25627901870757,100.7844980340451,767.4668590771034,347.1532230032608
33,0,0,3,6,0,3,1,34.93869898375124,38.344598026014864,1172.7803490357473,466.5895439684391
84,0,0,6,16,0,4,0,79.86003300175071,88.4644869947806,7726.94419301115,1747.810016036965
38,0,0,6,7,0,4,3,236.7933370405808,254.23504901118577,5284.287917078473,1550.6602579262108
11,0,0,0,1,0,1,34,37.58758201729506,54.658642038702965,181.66266300249845,95.56044603232294
22,0,0,1,4,0,3,1,76.99291699100286,88.29508803319186,314.37983689829707,71.02154497988522
20,0,0,5,3,0,5,365,106.23768100049347,154.58476298954338,1460.4939799755812,797.9248890187591
4,0,0,1,0,0,1,907,23.80350697785616,32.552545075304806,116.95891700219363,59.7697370685637
18,0,0,2,4,0,4,887,88.78483902662992,129.25640703178942,680.171367013827,376.59980298485607
16,0,0,1,2,0,2,0,135.06028498522937,83.62661104183644,383.523128926754,150.99831705447286
16,0,0,2,1,0,1,2,30.393898021429777,71.63668400608003,579.0241119684651,260.69061702582985
87,0,0,9,16,0,5,1,83.14013190101832,90.73950990568846,55338.71481695678,17141.30954805296
35,0,0,4,5,0,3,0,68.42957099433988,84.07435507979244,2346.6443340294063,777.2878430550918
28,0,0,0,6,0,3,1,77.76425208430737,83.83646805305034,205.9117950266227,76.19708892889321
30,0,0,4,4,0,4,2,74.84098093118519,92.86587091628462,2711.628454970196,1159.5480690011755
11,0,0,1,2,0,1,1,58.14467405434698,81.21980493888259,282.1989730000496,132.40845897234976
40,0,0,2,3,0,3,4,76.18384889792651,114.04362600296736,807.9447749769315,365.9826439106837
7,0,0,3,0,0,1,0,215.38053394760936,340.3653170680627,607.0189259480685,331.0672149527818
11,0,0,1,2,0,4,907,48.24145301245153,41.468880022875965,134.01788601186126,67.98896798864007
32,0,0,0,6,0,3,0,80.61987499240786,87.5652179820463,215.25519096758217,75.75946196448058
9,0,0,3,0,0,1,1488,48.42924291733652,68.7053749570623,816.7199790477753,417.5527589395642
28,0,0,0,5,0,3,1,28.409644030034542,37.86372393369675,90.93149192631245,35.86136503145099
5,0,0,1,0,0,1,1488,23.12877296935767,33.03115407470614,99.34858803171664,57.04591900575906
26,0,0,2,1,0,1,0,30.389689025469124,69.67610702849925,616.0275100264698,280.39684204850346
31,0,0,3,4,0,4,1,72.8278080932796,90.98412189632654,1341.7062429944053,402.81435404904187
18,0,0,0,3,0,3,39,83.4307570476085,88.76338694244623,188.9080279506743,80.48778201919049
24,0,0,2,3,0,2,2,122.27273499593139,157.77766809333116,359.66089100111276,148.0403559980914
30,0,0,4,6,0,3,40,73.50482803303748,88.06382899638265,1355.6065689772367,277.05797203816473
34,0,0,4,5,0,4,0,199.19702096376568,354.4726970139891,2181.137116975151,579.6033110236749
27,0,0,7,3,0,3,31,97.1453950041905,129.272191086784,13203.13936599996,4985.288273077458
37,0,0,2,4,0,3,1,115.54995097685605,159.68558297026902,380.0924299284816,150.2066550310701
12,0,0,1,3,0,4,64,30.605583102442324,40.06126499734819,150.99032793659717,69.71342791803181
61,0,0,1,10,0,3,1,65.56405802257359,77.8376969974488,464.6601419663057,132.09089497104287
35,0,0,4,3,0,3,1,73.483937070705,85.86018392816186,2710.0322199985385,1139.7273190086707
29,0,0,3,2,0,2,1,118.75490006059408,162.79846406541765,439.8280580062419,145.08532593026757
38,0,0,1,7,0,4,1,173.5801741015166,97.6877799257636,316.0019749775529,79.40737798344344
2,0,0,0,0,0,0,3830,15.736659057438374,19.852368044666946,68.81541095208377,69.32452006731182
28,0,0,4,3,0,3,1,60.03235396929085,110.24971399456263,1309.6276980359107,560.561940073967
8,0,0,0,1,0,1,0,127.43697199039161,81.58979809377342,184.77516598068178,76.82396296877414
22,0,0,2,3,0,3,1,68.85991303715855,86.39632607810199,475.08647199720144,302.2415799787268
15,0,0,1,2,0,2,3,121.23731500469148,80.52029798272997,369.05684997327626,149.17615801095963
6,0,0,0,1,0,1,650,56.271156994625926,74.31051402818412,152.17081701848656,77.40167097654194
52,0,0,1,8,0,3,1,58.11168102081865,81.15494204685092,430.917390040122,151.49092103820294
24,0,0,0,4,0,3,12,78.16331705544144,84.24138196278363,196.55003992374986,76.4286839403212
34,0,0,4,6,0,4,4,119.10557001829147,101.64228198118508,1722.3895071074367,625.7239920087159
26,0,0,1,5,0,3,1,71.31849997676909,84.98684107325971,355.6336759356782,141.11425494775176
23,0,0,5,3,0,4,3,196.09214295633137,284.7972100134939,2235.068315989338,1098.4351730439812
33,0,0,4,3,0,3,1,66.550781019032,83.8365169474855,2586.4613469457254,1006.1127319931984
37,0,0,1,5,0,3,0,83.47330894321203,94.18591496068984,417.23866993561387,145.03437001258135
12,0,0,1,1,0,1,2,58.2014680840075,85.58144501876086,298.96504199132323,150.299379019998
22,0,0,3,4,0,4,39,136.66366890538484,84.96690401807427,758.1358359893784,294.93283794727176
33,0,0,2,5,0,3,2,138.3469960419461,173.63337299320847,397.3135029664263,144.73212196025997
9,0,0,2,0,0,1,818,53.602832020260394,77.47789996210486,448.7656090641394,228.21984998881817
26,0,0,4,4,0,4,2,68.33105406258255,173.43693505972624,1274.486870970577,567.5301880110055
28,0,0,1,4,0,2,1,63.13889194279909,78.43903405591846,356.64453194476664,141.55162905808538
35,0,0,2,7,0,3,1,53.61710593570024,75.84827591199428,714.3696820130572,270.3284320887178
9,0,0,3,1,0,2,3830,17.82920304685831,23.270144942216575,464.032799936831,267.824659938924
61,0,0,1,7,0,3,1,68.76962201204151,81.37083507608622,432.8553869854659,142.8915630094707
34,0,0,3,5,0,3,3,66.29551004152745,83.08747608680278,995.0458350358531,274.0627230377868
28,0,0,1,5,0,3,1,67.73139000870287,81.0218679253012,363.3116919081658,141.43003791105002
6,0,0,1,1,0,1,1031,27.9328899923712,38.17536402493715,201.34261099155992,106.259482097812
44,0,0,4,5,0,3,1,106.8130269413814,82.7904969919473,1605.735502904281,574.5947089744732
6,0,0,0,1,0,1,640,119.14618406444788,151.36731101665646,124.28442807868123,87.7421140903607
29,0,0,3,3,0,3,7,74.60353302303702,94.7971009882167,1405.303347040899,586.2586420262232
29,0,0,1,3,0,3,1,62.34547798521817,80.43228997848928,359.5483029494062,144.25269595813006
32,0,0,3,3,0,2,1,119.84614003449678,161.34556895121932,700.5615059752017,283.3433960331604
36,0,0,1,6,0,3,1,82.4865399627015,95.78620502725244,423.87128400150687,146.90923504531384
5,0,0,0,1,0,1,0,24.81895894743502,34.04138295445591,122.68339097499847,62.84043891355395
4,0,0,0,0,0,0,1488,41.721368907019496,58.829211979173124,114.69921201933175,73.4422670211643
20,0,0,2,2,0,3,109,63.2043790537864,88.41799397487193,626.8595030996948,285.0025750230998
29,0,0,1,5,0,3,0,61.95142795331776,79.04745801351964,174.7505529783666,71.62626297213137
34,0,0,1,4,0,3,1,77.96899194363505,83.02576304413378,404.54580599907786,150.2878819592297
33,0,0,1,5,0,3,1,121.48812203668058,160.78057896811515,195.73472801130265,74.9823460355401
34,0,0,4,6,0,4,44,103.40611089486629,114.86593191511929,2651.2338059255853,1064.9506819900125
19,0,0,3,2,0,2,60,144.53261403832585,128.68674797937274,1181.520950049162,306.74758495297283
41,0,0,1,6,0,3,1,54.00272610131651,75.39699296467006,372.79505806509405,138.4531609946862
15,0,0,2,2,0,1,2,58.570414083078504,82.46805798262358,572.993251029402,266.1495200591162
26,0,0,1,3,0,3,7,62.22967500798404,81.69933408498764,358.8552169967443,151.66087995748967
24,0,0,3,3,0,3,0,30.151812941767275,40.27950600720942,971.4977130061015,476.1260059894994
47,0,0,2,9,0,3,1,83.4745280444622,91.44639398436993,855.4844029713422,272.5043980171904
69,0,0,6,13,0,4,7,101.3560340506956,105.61404703184962,13950.202028965577,4332.701341016218
38,0,0,4,6,0,4,0,54.15976908989251,77.38377794157714,2485.7538929209113,1019.8836349882185
23,0,0,1,4,0,3,2,38.656811928376555,42.5208720844239,214.91450804751366,72.15609797276556
41,0,0,1,8,0,4,1,130.553345894441,116.546232951805,446.9276249874383,163.48664299584925
15,0,0,1,1,0,2,2,82.96115894336253,127.9126179870218,397.6631349651143,217.33568306080997
14,0,0,3,2,0,3,994,223.2503609266132,280.61776410322636,612.8365399781615,290.6980540137738
34,0,0,1,5,0,3,1,100.9742149617523,94.18701299000531,469.6307519916445,135.8755900291726
28,0,0,1,3,0,2,1,60.98703795578331,80.10346000082791,96.54471697285771,37.547309999354184
2,0,0,0,0,0,0,2320,36.248565069399774,51.505509996786714,104.11441698670387,82.01471797656268
36,0,0,4,7,0,4,0,51.68001295533031,126.8045959295705,1324.8590930597857,511.3941559102386
33,0,0,5,4,0,3,1,109.17443607468158,110.72725395206362,5009.014416951686,2208.1781779415905
28,0,0,3,2,0,2,1,53.54978202376515,77.19536405056715,1232.878971961327,550.6556229665875
27,0,0,2,3,0,2,2,69.55755408853292,86.52454905677587,707.1484730113298,285.89698602445424
36,0,0,5,3,0,3,2,84.4551349291578,94.780394108966,4995.515865040943,1936.3830060465261
2,0,0,0,0,0,0,3830,8.35841300431639,10.016382904723287,35.81648401450366,33.46224804408848
24,0,0,1,2,0,3,1,77.7288539102301,87.5071759801358,384.1186100617051,164.91899697575718
24,0,0,1,4,0,3,1,82.31612807139754,91.84658993035555,347.72281604819,135.83858299534768
33,0,0,2,5,0,4,0,68.98433901369572,81.11287304200232,725.5048820516095,292.83842095173895
15,0,0,2,3,0,3,6,130.14082901645452,190.42567699216306,183.78076003864408,98.54500507935882
5,0,0,2,0,0,1,3062,63.865464995615184,93.7032129149884,174.32129592634737,120.81009603571147
29,0,0,3,4,0,4,1,46.57478607259691,47.53724404145032,515.6467149499804,279.1388329351321
46,0,0,1,6,0,3,1,56.4085979713127,81.11001399811357,399.96435097418725,151.94825793150812
14,0,0,3,2,0,2,190,193.87701200321317,216.4841489866376,345.1993119670078,165.21190397907048
19,0,0,2,2,0,1,1,93.83522404823452,99.60423700977117,375.2778460038826,154.50792002957314
5,0,0,1,1,0,2,3830,5.491051007993519,6.522419978864491,113.41956199612468,89.33066111057997
33,0,0,3,5,0,4,1,85.9527240972966,92.86960202734917,734.8827959503978,270.33133001532406
42,0,0,2,5,0,3,1,78.12628406099975,90.17958701588213,654.4812539359555,279.28575698751956
47,0,0,2,6,0,3,1,110.52051105070859,160.89219297282398,202.08962098695338,78.08405300602317
27,0,0,5,2,0,3,3,69.31165501009673,85.49607498571277,2432.3679640656337,1059.5143339596689
36,0,0,4,6,0,3,2,146.32588403765112,188.12814797274768,1570.1104499166831,563.3700849721208
24,0,0,1,5,0,3,2,71.37023797258735,85.54045704659075,373.66521707735956,144.84495006036013
18,0,0,2,3,0,3,140,229.67038699425757,249.00857103057206,245.89256197214127,127.81001802068204
17,0,0,3,2,0,4,843,52.82986897509545,56.95431400090456,338.95632205531,137.79596891254187
35,0,0,4,5,0,4,0,73.44098796602339,45.446311007253826,983.2409640075639,561.0120999626815
3,0,0,1,0,0,1,3830,8.79270292352885,10.711749084293842,35.80116597004235,33.92354701645672
20,0,0,3,4,0,5,3062,57.24013410508633,50.48796394839883,560.5625869939104,316.7710209963843
19,0,0,2,2,0,3,104,32.158870017156005,43.82317408453673,475.1445599831641,275.69536899682134
44,0,0,1,9,0,4,1,40.559420944191515,43.557189987041056,417.1714219264686,145.021639065817
17,0,0,0,3,0,3,107,76.57240692060441,85.2792359655723,138.3830060949549,38.60986093059182
4,0,0,0,0,0,0,899,25.070511968806386,34.31180689949542,63.21148597635329,92.60999702382833
54,0,0,5,10,0,4,1,151.90454304683954,70.58576494455338,6297.528534894809,2575.3246089443564
23,0,0,1,4,0,3,3,68.65430902689695,81.38771494850516,352.05760796088725,141.92434295546263
29,0,0,1,5,0,4,1,53.61591500695795,40.25476903188974,101.36897803749889,65.98724005743861
23,0,0,1,4,0,3,91,77.66577298752964,83.88755307532847,381.3704199856147,154.40949390176684
41,0,0,10,3,0,3,17,84.08522105310112,101.81680496316403,60000.0,60000.0
69,0,0,1,11,0,4,1,82.25325704552233,93.95338303875178,502.448012935929,146.7512099770829
23,0,0,5,2,0,2,5,67.96077196486294,84.09856399521232,4946.597968926653,2252.919020014815
32,0,0,1,5,0,3,1,70.66643598955125,86.76510502118617,376.05626101139933,142.63856899924576
37,0,0,2,7,0,3,1,70.32495306339115,85.2681630058214,753.0070509528741,275.09215101599693
28,0,0,0,5,0,3,0,48.96044509951025,68.45006404910237,165.17552500590682,61.34848401416093
35,0,0,1,6,0,3,1,56.89551401883364,80.64605202525854,373.09949402697384,150.38524102419615
26,0,0,3,2,0,3,0,68.6011299258098,85.39754408411682,1226.8558379728347,549.5049039600417
16,0,0,1,3,0,3,47,80.26527892798185,116.81453010533005,382.2163329459727,200.02703298814595
17,0,0,4,2,0,3,2875,140.3026389889419,218.53999700397253,2122.613206040114,943.1067738914862
35,0,0,1,4,0,3,1,76.22033497318625,84.97416600584984,412.5851000426337,148.6532719573006
31,0,0,1,5,0,3,1,70.15526306349784,82.9551889328286,385.5579640949145,197.32697599101812
52,0,0,4,8,0,4,1,116.85432400554419,158.00223895348608,1597.7425921009853,410.9412629622966
28,0,0,3,5,0,4,0,53.738031070679426,75.23351791314781,1227.1645909640938,536.1416129162535
29,0,0,1,2,0,3,2,61.9141849456355,81.65784308221191,350.8636369369924,143.71772401500493
39,0,0,2,8,0,4,0,97.6482400437817,104.19157892465591,857.6073229778558,199.6164380107075
22,0,0,5,3,0,3,8,234.72178797237575,270.1489710016176,1175.6320459535345,539.6883860230446
27,0,0,1,5,0,3,2,40.67621997091919,45.46493699308485,327.8439650312066,148.25970598030835
31,0,0,3,5,0,4,32,75.16831997781992,98.08602998964489,1343.2699571130797,565.0629689916968
7,0,0,3,0,0,1,3062,33.789089997299016,46.807116945274174,245.25189597625285,188.92261502332985
27,0,0,7,3,0,3,31,97.78497100342065,129.17481001932174,13858.118459000252,5245.730719063431
30,0,0,2,4,0,3,1,49.439477967098355,39.602897013537586,488.57737507205456,291.50110704358667
29,0,0,2,7,0,3,1,239.74382795859128,254.77986002806574,361.22507497202605,136.8595469975844
11,0,0,0,3,0,3,136,72.34544900711626,99.30009406525642,121.86653993558139,46.46809701807797
16,0,0,6,2,0,3,3830,17.66601693816483,23.284174036234617,1165.1726280106232,653.2617730554193
23,0,0,2,4,0,3,1,80.0949000986293,87.40965405013412,742.4333739327267,293.1100239511579
35,0,0,3,7,0,4,0,27.228954015299678,33.96843804512173,805.2945929812267,482.2320460807532
16,0,0,2,3,0,3,479,83.79106700886041,107.5019760755822,570.8957379683852,272.83042191993445
30,0,0,1,3,0,2,1,56.40676396433264,80.71388793177903,348.52279094047844,150.52161202766
25,0,0,2,4,0,3,2,73.92204611096531,93.20294996723533,698.3417749870569,303.06844192091376
24,0,0,5,2,0,3,37,76.6907170182094,100.61033698730171,4592.714488040656,1275.038157007657
35,0,0,3,5,0,3,1,64.35024901293218,84.71255702897906,1547.7671709377319,591.4637979585677
33,0,0,3,5,0,4,2,85.40223794989288,94.55094195436686,740.5161109054461,274.38230300322175
49,0,0,0,8,0,3,0,58.6937511106953,81.8877840647474,135.53648395463824,65.00523700378835
28,0,0,1,5,0,3,1,60.83727988880128,81.50470606051385,187.7749980194494,74.59821901284158
19,0,0,2,3,0,3,62,83.2903670379892,53.20459802169353,925.7605950115249,313.3004850242287
30,0,0,6,3,0,3,38,73.32495006266981,94.70646607223898,10187.885658931918,4266.591211082414
38,0,0,1,6,0,4,0,49.49392902199179,73.45474604517221,340.57411702815443,127.13377294130623
26,0,0,1,4,0,3,2,69.78427502326667,83.46811193041503,367.0096308924258,148.99293310008943
44,0,0,2,7,0,4,1,80.14759293291718,74.27600608207285,427.7277090586722,283.30160095356405
36,0,0,1,7,0,3,2,71.96609606035054,89.76667001843452,390.8300449838862,136.25290500931442
36,0,0,4,4,0,3,4,90.5657799448818,98.84395205881447,2281.109572038986,1104.0978890378028
7,0,0,1,1,0,1,650,59.6708410885185,78.78237904515117,241.2922749063,128.1441319733858
42,0,0,1,9,0,3,1,62.66362499445677,51.76784505601972,212.51458197366446,72.69419997464865
35,0,0,1,4,0,4,1,34.655140014365315,42.10468800738454,177.51508101355284,72.2571579972282
36,0,0,3,4,0,3,1,68.1255110539496,88.24565203394741,1331.2695670174435,286.5386010380462
22,0,0,1,2,0,3,17,29.304230003617704,40.01580399926752,205.49342804588377,151.04833501391113
33,0,0,4,6,0,4,538,95.65271891187876,118.22205502539873,2235.2400090312585,565.3734090737998
46,0,0,1,6,0,3,0,34.04753305949271,41.223325999453664,317.47656990773976,149.34677397832274
2,0,0,0,0,0,0,3830,16.207594075240195,20.83096106071025,70.24505292065442,67.87700101267546
27,0,0,4,4,0,3,0,98.17773604299873,116.70006799977273,1223.4490721020848,423.91809599939734
32,0,0,4,5,0,3,2,82.636923994869,97.92891703546047,2810.5295549612492,834.3123550293967
40,0,0,1,4,0,4,1,62.13067308999598,81.28318504896015,379.03062999248505,149.3356020655483
87,0,0,9,16,0,4,1,83.65113800391555,91.10043500550091,60000.0,30825.33376396168
29,0,0,3,5,0,3,1,89.39896698575467,98.28115301206708,1463.5477350093424,558.7447009747848
14,0,0,2,1,0,2,123,102.72371803876013,85.52954194601625,156.29765600897372,74.89438506308943
5,0,0,0,1,0,1,1031,52.07952100317925,71.33539603091776,133.3620980149135,79.41704906988889
30,0,0,1,5,0,3,0,49.55280409194529,40.441900957375765,234.99820102006197,73.77274997998029
36,0,0,2,6,0,4,0,32.49034297186881,38.46349101513624,685.4418300790712,283.27324497513473
27,0,0,1,5,0,3,1,35.4912489419803,41.08900297433138,190.42702298611403,73.08624405413866
32,0,0,1,4,0,3,0,61.75711192190647,81.88646391499788,371.2107460014522,149.1026720032096
29,0,0,3,5,0,4,29,62.37631500698626,81.08300296589732,390.37401298992336,209.30256799329072
26,0,0,3,5,0,3,38,72.73658108897507,87.72656007204205,1319.0589379519224,527.0270450273529
36,0,0,4,5,0,3,2,68.68394208140671,89.56794301047921,2903.3146100118756,1138.4790960000828
13,0,0,0,4,0,3,0,48.588991980068386,68.87711095623672,147.97412406187505,61.518262955360115
82,0,0,7,16,0,4,1,272.54427899606526,207.7894089743495,22087.472516926937,4320.9373579593375
11,0,0,4,1,0,2,0,143.92944099381566,271.9594179652631,1129.966476932168,524.5362789137289
19,0,0,4,2,0,3,0,49.956614966504276,72.89666007272899,2183.385167038068,1005.4224609630182
29,0,0,1,0,0,1,2,58.43630095478147,85.59839695226401,328.4765570424497,153.95470103248954
31,0,0,6,2,0,2,12,80.51907306071371,99.43822305649519,10255.601967917755,4195.797167951241
30,0,0,1,4,0,3,5,64.99667407479137,79.1897940216586,355.6726719252765,143.35610705893487
8,0,0,1,1,0,2,312,75.54789795540273,108.74826391227543,319.83070995192975,189.43569192197174
15,0,0,0,1,0,1,7,73.79277399741113,104.69903401099145,192.49081308953464,98.4773919917643
52,0,0,1,8,0,3,1,59.71551896072924,80.66532702650875,425.14611093793064,148.92592397518456
66,0,0,6,10,0,4,1,124.71153202932328,170.19225610420108,6867.821217980236,1967.3478360055014
42,0,0,3,6,0,3,1,60.95469696447253,44.803614960983396,679.6409919625148,277.47208101209253
22,0,0,5,3,0,3,113,151.663261000067,207.33410702086985,2366.959245991893,1084.6856069983914
32,0,0,1,5,0,4,0,68.73653596267104,79.44319490343332,386.7920890916139,147.53015094902366
82,0,0,4,16,0,4,1,85.19463101401925,93.43970206100494,3988.172318902798,1067.0042289420962
34,0,0,2,4,0,4,1,34.191375016234815,39.42513093352318,445.4533059615642,277.74061902891845
26,0,0,3,5,0,4,2,78.2669740729034,96.0820879554376,1275.0733710126951,424.7495459858328
31,0,0,4,5,0,3,2,207.11999700870365,255.44216996058822,1367.1743950108066,528.7351339356974
6,0,0,2,0,0,1,2320,110.06160092074424,164.9954920867458,198.98228393867612,136.34378707502037
34,0,0,4,5,0,4,3,84.86297901254147,94.49770394712687,1470.085512031801,540.4918210115284
2,0,0,1,0,0,1,3830,12.111705960705876,14.430572977289557,63.634134945459664,63.0385089898482
43,0,0,3,5,0,3,1,80.12308494653553,88.17124390043318,1438.7078700819984,571.1330500198528
7,0,0,3,0,0,1,1951,44.51429902110249,63.53595305699855,665.4344170819968,330.2430879557505
8,0,0,1,1,0,1,640,181.83771905023605,247.6036389125511,144.19611101038754,80.096026067622
40,0,0,7,6,0,5,28,190.4771999688819,80.29952889773995,26438.560393988155,6683.320958982222
29,0,0,5,4,0,3,194,172.27779200766236,204.69552604481578,1681.1139869969338,986.8544620694593
50,0,0,1,5,0,3,1,49.27467100787908,39.57052796613425,260.8423689380288,69.39250801224262
47,0,0,2,8,0,3,1,66.622044891119,79.97110497672111,833.290280890651,281.8038009572774
38,0,0,5,6,0,3,0,188.46951494924724,140.43402904644608,9511.264255968854,2239.4566199509427
52,0,0,1,8,0,3,1,28.91839190851897,39.75228499621153,431.1074800789356,151.96144406218082
27,0,0,1,3,0,2,1,57.190975989215076,81.49688900448382,345.2333559980616,149.61720793507993
12,0,0,2,2,0,3,57,221.9778069993481,187.26432009134442,164.14026997517794,83.80368305370212
25,0,0,6,2,0,3,37,88.73220393434167,116.55562999658287,7826.217620051466,3516.049508936703
87,0,0,9,16,0,4,1,133.87596199754626,169.46989705320448,59273.326499038376,15290.909704985097
35,0,0,6,3,0,3,0,75.02130104694515,92.35941397491843,9866.34064198006,3995.371582917869
7,0,0,1,1,0,2,650,59.44396392442286,78.18894693627954,245.7695680204779,132.37438700161874
34,0,0,5,4,0,3,17,66.77424698136747,84.88060208037496,5438.190270913765,1938.611282967031
1,0,0,0,0,0,0,3830,5.853107082657516,6.636855890974402,33.1634160829708,31.329340999945998
35,0,0,2,6,0,4,1,64.38158708624542,79.17024800553918,737.1239010244608,284.49815802741796
39,0,0,7,7,0,4,0,51.869653980247676,72.87905598059297,9783.840788993984,3954.8030770383775
21,0,0,3,3,0,4,72,131.1824800213799,168.16561995074153,323.8978059962392,142.4378469819203
7,0,0,0,0,0,0,433,51.26090394333005,77.15106196701527,136.01885305251926,76.06976293027401
26,0,0,1,5,0,3,112,79.64978308882564,89.93899507913738,396.57535299193114,156.08584298752248
23,0,0,5,3,0,5,149,63.11867502517998,82.44104508776218,961.9938969844952,459.0224480489269
2,0,0,1,0,0,1,3830,11.290819966234267,13.59039603266865,108.8957239408046,37.4699009116739
50,0,0,2,8,0,4,1,32.84892102237791,40.64745700452477,272.48415804933757,139.759300975129
34,0,0,6,4,0,3,1,101.92363301757723,105.98961100913584,11704.549159971066,4201.266482006758
63,0,0,3,9,0,3,1,82.1509889792651,88.3691490162164,1789.0266160247847,555.6701839668676
15,0,0,5,2,0,3,3830,17.497039982117712,22.998220985755324,1384.3479680363089,585.4713559383526
93,0,0,3,4,0,3,1,70.1149059459567,41.71478596981615,478.4518589731306,215.61207808554173
24,0,0,2,3,0,3,14,63.7920229928568,83.02730892319232,568.7518659979105,144.40381003078073
44,0,0,2,8,0,3,1,60.53945096209645,83.17509200423956,796.189327025786,261.05359697248787
32,0,0,5,2,0,3,0,29.6027900185436,39.84527592547238,4243.227298022248,2061.1542260739952
16,0,0,1,1,0,2,1,107.1890409803018,78.30097293481231,85.90580697637051,36.80721891578287
6,0,0,3,0,0,1,3830,10.074081015773118,14.046096941456199,82.92124897707254,56.49729899596423
8,0,0,1,1,0,1,75,113.97280299570411,121.02011090610176,73.94817692693323,39.10267609171569
44,0,0,5,8,0,3,0,102.79524698853493,151.21039596851915,2992.895119008608,1039.9557000491768
84,0,0,6,16,0,4,1,87.1740389848128,96.65340499486774,8069.384097005241,2333.522855071351
45,0,0,3,8,0,4,1,31.082382891327143,78.0412950553,1178.4946689149365,521.9621810829267
21,0,0,1,4,0,3,15,53.20706206839532,71.47768698632717,312.5595289748162,126.1066640727222
29,0,0,1,5,0,3,1,71.81440491694957,85.03027993720025,373.37462010327727,139.64414095971733
26,0,0,4,4,0,4,2,75.69671794772148,98.67804206442088,826.1829729890451,381.1064950423315
27,0,0,2,4,0,3,125,79.29363404400647,88.7033580802381,754.5025530271232,293.8232460292056
1,0,0,0,0,0,0,3830,6.071213982068002,6.481905933469534,32.85763901658356,31.40768501907587
29,0,0,3,4,0,3,21,129.76321403402835,166.0045349271968,612.3023800319061,141.35627204086632
49,0,0,5,10,0,4,376,59.86976495478302,65.92934299260378,6591.266722069122,2237.0363490190357
1,0,0,0,0,0,0,3830,5.80814597196877,6.284983013756573,32.515753991901875,31.378766987472773
14,0,0,3,2,0,4,3062,26.17027098312974,27.872335980646312,572.0111909322441,316.7384179541841
28,0,0,2,4,0,3,1,183.1135299289599,99.75958592258394,1153.6142099648714,313.33230901509523
44,0,0,5,6,0,3,1,52.256576949730515,84.4723250484094,2779.1461310116574,1150.7269160356373
63,0,0,7,11,0,4,1,286.970904096961,208.79700302612036,9817.992978030816,2298.099017003551
28,0,0,1,4,0,3,1,78.10814003460109,84.1983410064131,392.8606159752235,149.6708479244262
21,0,0,3,3,0,3,240,150.93668806366622,65.52532396744937,2043.7940380070359,619.560725055635
28,0,0,1,3,0,2,1,69.72592603415251,84.4138259999454,356.4742370508611,145.748105016537
32,0,0,1,5,0,4,0,47.8049780940637,68.88000899925828,322.0175019232556,120.16556109301746
54,0,0,1,10,0,3,1,59.4828900648281,82.30047905817628,448.4402780653909,149.8696260387078
53,0,0,2,8,0,3,1,56.57375999726355,80.42737504001707,850.7390400627628,297.5524930516258
42,0,0,1,8,0,3,1,69.24669095315039,87.44950091931969,434.8302889848128,125.81420200876892
31,0,0,2,4,0,4,0,35.20852909423411,41.46685905288905,439.98795794323087,302.7847521007061
33,0,0,1,4,0,3,1,57.200776995159686,81.07246004510671,369.34052396100014,127.05122702755034
37,0,0,6,3,0,3,0,85.31879191286862,96.64323402103037,10214.75772303529,4422.148737008683
2,0,0,1,0,0,1,3830,11.393222957849503,13.491317979060113,83.4741210564971,32.172822044231
34,0,0,4,6,0,3,1,62.11170693859458,128.84436105377972,1319.7972669731826,545.9318070206791
83,0,0,8,16,0,4,1,270.0011800043285,211.22552501037717,42364.16262399871,8284.936988027766
15,0,0,2,1,0,3,83,82.5529849389568,101.55716596636921,459.074963000603,142.06627605017275
28,0,0,3,5,0,3,2,37.31843701098114,45.321384095586836,858.5232320474461,542.091996059753
6,0,0,2,0,0,1,2490,59.46385196875781,88.12314597889781,181.3054330414161,61.7314939154312
37,0,0,1,5,0,3,1,79.70609294716269,85.662571946159,418.8161100028083,147.59902097284794
22,0,0,0,2,0,3,17,30.941347940824926,39.91894598584622,142.23758899606764,76.9566879607737
13,0,0,3,2,0,2,1930,165.8683620626107,90.35722992848605,574.7546090278774,267.11887295823544
26,0,0,7,3,0,3,1389,280.48858302645385,231.63530405145139,8972.291284007952,4068.0494549451396
38,0,0,6,7,0,4,0,251.83022196870297,293.24908007401973,5453.727470012382,2113.986705080606
39,0,0,6,6,0,3,7,205.35643608309329,188.11246508266777,17519.680644967593,3389.061469002627
18,0,0,3,2,0,1,7,47.27400606498122,48.47482102923095,1015.7821789616719,624.7434129472822
33,0,0,2,5,0,3,1,118.37720801122487,157.5739859836176,369.8960009496659,142.1405910514295
30,0,0,1,4,0,4,1,79.17782093863934,111.82113294489682,410.57690791785717,197.3152100108564
31,0,0,1,6,0,3,1,80.34160500392318,91.00401995237917,383.3137369947508,139.7235750919208
16,0,0,2,2,0,2,8,83.72219000011683,94.92781898006797,277.22568600438535,86.00811508949846
26,0,0,0,4,0,3,2,64.84140700194985,78.24597298167646,177.26012598723173,72.4561990937218
28,0,0,3,2,0,2,1,77.93453999329358,60.548597015440464,847.2259629052132,276.7873640405014
27,0,0,0,4,0,3,3,40.24810099508613,44.07815192826092,103.07407099753618,41.30842199083418
30,0,0,1,5,0,3,1,122.03416205011308,163.71451504528522,200.24760998785496,83.6029889760539
45,0,0,2,6,0,3,1,95.11824301443994,98.32894499413669,863.5724480263889,307.710358989425
4,0,0,2,0,0,1,3830,14.791203080676496,18.890390056185424,143.49114405922592,102.55489102564752
22,0,0,6,3,0,3,8,130.65367296803743,171.15735192783177,695.3626070171595,437.5725929858163
23,0,0,1,3,0,2,2,145.11782897170633,94.65601202100515,489.88274100702256,97.38815599121153
26,0,0,5,3,0,3,8,72.01115693897009,89.74424505140632,4209.475461044349,1905.165395932272
7,0,0,2,1,0,2,3830,15.427513048052788,26.278128032572567,272.17708493117243,172.94069309718907
40,0,0,2,5,0,4,1,84.04846105258912,97.70834201481193,816.7963459854946,291.19461099617183
34,0,0,1,5,0,3,1,75.3967670025304,80.8387000579387,414.7184630855918,148.5053839860484
2,0,0,0,0,0,0,907,44.80468691326678,64.19480696786195,120.54852594155818,68.56149504892528
42,0,0,3,8,0,3,1,88.52503704838455,104.66669604647905,1645.04907396622,564.2071339534596
28,0,0,4,4,0,4,0,40.16117099672556,43.079641996882856,1939.109186991118,1130.284722079523
39,0,0,8,7,0,4,0,226.6509779728949,244.52698894310743,10156.50242101401,4042.742746998556
4,0,0,0,1,0,1,334,74.8845370253548,103.1175289535895,157.48456690926105,98.52843405678868
21,0,0,4,4,0,4,1419,161.0921430401504,225.19991709850729,1102.5295729050413,725.9566520806402
18,0,0,6,1,0,2,1155,65.35815598908812,90.15762794297189,8537.934263935313,3259.9728039931506
11,0,0,4,1,0,2,1217,98.33116002846509,141.80114003829658,917.3971600830555,463.5250319261104
22,0,0,3,3,0,4,87,66.35201605968177,82.16380595695227,676.7091490328312,284.31545093189925
5,0,0,0,1,0,1,1031,52.095647901296616,100.6033350713551,132.01441895216703,83.1818348960951
41,0,0,4,6,0,3,1,130.78873802442104,171.20468500070274,1777.3120959755033,624.4325779844075
27,0,0,1,5,0,3,1,75.49491396639496,88.04058900568634,346.33189195301384,133.17249901592731
31,0,0,0,5,0,3,0,76.31538005080074,53.38840198237449,104.33917096816003,36.59017093013972
25,0,0,1,4,0,3,1,80.60612995177507,92.46186097152531,384.7380959196016,148.00674200523645
38,0,0,1,3,0,3,1,29.019947978667915,39.604198071174324,181.80299596861005,131.75296399276704
29,0,0,2,6,0,4,52,257.14585604146123,207.02520897611976,609.8031849833205,157.94925997033715
4,0,0,0,1,0,1,2106,69.60624910425395,95.29793600086123,105.4256419884041,51.770749036222696
83,0,0,5,16,0,4,1,100.85146292112768,125.23866002447903,8105.7817849796265,2128.116392996162
23,0,0,1,3,0,2,1,143.99536501150578,89.49109690729529,244.5176609326154,75.10650099720806
15,0,0,2,2,0,1,3,32.62656694278121,49.15293399244547,443.59228399116546,285.31083406414837
45,0,0,4,5,0,3,1,78.68991699069738,84.11758299916983,3271.448891959153,1053.6556250881404
33,0,0,1,5,0,3,1,64.65998198837042,84.45393398869783,405.32203600741923,149.2835000390187
2,0,0,1,0,0,1,3830,11.348363943397999,13.512362027540803,94.39443703740835,68.33821709733456
33,0,0,2,3,0,2,1,68.599101039581,81.44008903764188,578.8057149620727,292.94576996471733
35,0,0,5,7,0,4,368,120.30807498376817,147.31379295699298,3305.458926013671,704.2111459886655
8,0,0,0,1,0,1,295,37.35313599463552,53.72490198351443,88.5827710153535,53.55315608903766
49,0,0,1,8,0,3,1,61.976399971172214,81.90603996627033,429.4294189894572,146.44389308523387
39,0,0,3,4,0,3,1,29.183269012719393,39.87141605466604,365.4892100021243,156.15089610219002
19,0,0,7,1,0,2,1383,107.25019697565585,152.09443599451333,8029.497165931389,3987.5046289525926
28,0,0,3,5,0,4,3,72.50707491766661,88.75113003887236,718.135395902209,277.2060730494559
35,0,0,2,7,0,3,1,52.76918597519398,75.6142659811303,718.8517299946398,269.7525570401922
19,0,0,4,3,0,3,62,90.7503729686141,248.52993595413864,1283.5184439318255,264.6737089380622
19,0,0,5,2,0,4,1978,262.4612639192492,323.4118699328974,1099.4925400009379,492.683531017974
40,0,0,2,7,0,4,1,87.1975930640474,90.15140205156058,440.89393492322415,155.3341899998486
48,0,0,3,6,0,4,0,33.74039102345705,40.497654932551086,1435.4572229785845,588.3554089814425
42,0,0,2,7,0,4,2,62.68240499775857,77.23633002024144,752.0637050038204,283.34743005689234
16,0,0,3,2,0,2,110,102.1369060035795,122.94556701090187,769.0120119368657,344.4355980027467
75,0,0,6,13,0,4,1,80.36010002251714,87.26100693456829,15408.786144922487,3178.2459639944136
29,0,0,1,6,0,3,1,66.99174805544317,80.35317901521921,378.3485780004412,143.95036606583744
21,0,0,1,3,0,3,0,39.18909898493439,40.352140087634325,189.6330809686333,72.42919795680791
12,0,0,1,2,0,2,1,54.77985192555934,76.65397494565696,286.09564900398254,139.92370490450412
40,0,0,2,8,0,4,0,24.533450952731073,34.01072695851326,663.972390932031,237.0728770038113
41,0,0,9,7,0,4,647,460.8550469856709,517.901519080624,38220.314698060974,15078.537851921283
66,0,0,1,13,0,3,1,49.92379900068045,41.25968704465777,228.14606002066284,73.13060597516596
38,0,0,2,4,0,3,0,71.76867092493922,87.63668709434569,623.5199760412797,206.74678194336593
25,0,0,6,2,0,3,93,346.4929579058662,398.6336550442502,4656.37332899496,1867.564662010409
33,0,0,2,5,0,3,1,43.15808298997581,41.79957997985184,206.657252041623,136.09808695036918
29,0,0,1,4,0,4,1,69.76534007117152,83.21697602514178,184.51683700550348,71.76071999128908
19,0,0,3,2,0,2,42,64.14462404791266,48.25073294341564,713.853784953244,392.6689550280571
30,0,0,2,5,0,4,1,72.47153203934431,89.52481707092375,451.49791706353426,203.4156919689849
54,0,0,3,9,0,3,1,56.31881195586175,76.74772990867496,812.0807280065492,276.96169493719935
37,0,0,8,4,0,3,26,68.02809902001172,86.1934149870649,20453.120079939254,7269.5502389688045
42,0,0,3,8,0,4,1,87.19105296768248,93.18435308523476,1659.8899719538167,576.9820450805128
31,0,0,2,5,0,4,0,68.6410409398377,89.40122998319566,690.4504429548979,282.04210195690393
25,0,0,1,4,0,2,0,64.08729904796928,79.83708707615733,352.13072900660336,144.0733710769564
25,0,0,2,4,0,3,2,70.26161102112383,88.33777508698404,674.8287909431383,133.89332499355078
31,0,0,2,5,0,3,2,41.8853530427441,49.66968100052327,737.2645169962198,271.27686294261366
20,0,0,4,3,0,4,335,93.43062492553145,116.95214500650764,2185.971911996603,1002.0613670349121
35,0,0,4,3,0,2,1,80.33023600000888,89.64170096442103,2695.0666409684345,553.4453380387276
93,0,0,3,4,0,3,0,50.68095098249614,69.49827203061432,844.0378319937736,242.32177704107016
39,0,0,7,7,0,4,34,125.67948002833873,169.18578697368503,4443.218869972043,1776.6022799769416
84,0,0,6,16,0,4,0,82.97446998767555,89.93264299351722,15689.001196995378,3709.3962270300835
28,0,0,3,3,0,3,6,76.41644892282784,88.19673594553024,1447.0717769581825,593.3218679856509
75,0,0,6,13,0,4,1,82.81279599759728,93.80881406832486,10880.588655010797,2788.552029058337
27,0,0,1,5,0,4,1,75.15193393919617,79.00117395911366,345.53500707261264,128.25020996388048
7,0,0,0,1,0,1,243,82.05631503369659,85.91141505166888,168.92042907420546,82.9880089731887
19,0,0,4,2,0,3,46,97.39846701268107,127.74720997549593,2275.3630310762674,1080.232738982886
50,0,0,8,6,0,3,1,78.41244002338499,116.51556403376162,23802.55958705675,9071.425716974773
35,0,0,5,5,0,4,0,393.94926000386477,337.97885791864246,4248.56136390008,1129.2548809433356
2,0,0,0,0,0,0,3830,16.584480996243656,20.403750939294696,69.19514294713736,68.45918204635382
36,0,0,2,4,0,3,2,34.692537039518356,41.3885050220415,396.19111793581396,141.35919092223048
30,0,0,2,6,0,4,76,65.71511796209961,82.84727693535388,533.8789590168744,142.1163500053808
36,0,0,6,7,0,4,590,275.28555202297866,232.560129952617,6382.063044933602,2267.7127179922536
39,0,0,8,3,0,2,3,79.49487201403826,103.23524405248463,41970.22305696737,17595.829158090055
51,0,0,2,4,0,3,1,32.91961702052504,38.410555105656385,721.1135749239475,289.22936611343175
36,0,0,3,5,0,3,3,68.24488600250334,82.91859994642437,1486.8863340234384,564.5711170509458
21,0,0,0,2,0,1,1,82.64889707788825,86.12622297368944,190.39382610935718,84.01658094953746
15,0,0,1,3,0,3,15,109.99115102458745,160.04125704057515,155.38418910000473,72.54974998068064
29,0,0,4,5,0,4,3,39.489091956056654,47.34899499453604,1027.552047977224,478.7556069204584
5,0,0,2,0,0,1,1951,83.58894207049161,122.35541793052107,235.40581203997135,124.97216300107539
39,0,0,2,6,0,4,1,69.41667199134827,84.44284799043089,747.6011690450832,292.10475692525506
35,0,0,0,5,0,3,0,67.925792071037,77.0546990679577,196.24125503469259,67.73292401339859
53,0,0,2,9,0,3,1,39.42762000951916,79.45477298926562,431.48327292874455,141.36559702455997
1,0,0,0,0,0,0,1951,37.45117108337581,53.385086939670146,107.86743997596204,64.71330998465419
11,0,0,3,1,0,2,392,213.44806801062077,238.54918405413628,271.1320359958336,133.0823809839785
38,0,0,6,7,0,4,33,245.68135803565383,229.95064803399146,5262.149431975558,2092.5859099952504
29,0,0,5,2,0,3,2,69.18102700728923,87.44167303666472,4455.418514087796,2116.1308949813247
44,0,0,2,8,0,3,1,82.27383508346975,97.34126494731754,826.9652390154079,274.007395026274
17,0,0,1,3,0,3,19,232.54005797207355,184.8503629444167,210.03510197624564,83.84699793532491
38,0,0,5,4,0,3,1,134.3697609845549,172.32605803292245,2266.0828169900924,835.1072570076212
30,0,0,1,5,0,4,1,79.15375893935561,84.84674198552966,202.81341800000519,75.2987879095599
19,0,0,3,3,0,3,335,82.25881599355489,101.05202998965979,1095.7966389833018,512.5517320120707
24,0,0,4,4,0,4,3,190.51362993195653,174.77521894033998,1476.9343560328707,627.3008940042928
18,0,0,3,3,0,3,215,225.75215704273432,252.68556806258857,611.0256050014868,270.7763860234991
30,0,0,2,5,0,3,1,44.8107379488647,42.53930307459086,483.93760493490845,291.17566195782274
38,0,0,3,5,0,3,1,73.63483996596187,90.7666350249201,537.6012820051983,134.77279199287295
26,0,0,1,4,0,4,35,73.59999301843345,89.05548800248653,351.3371410081163,152.74616505485028
29,0,0,1,4,0,3,0,77.76814606040716,85.81198507454246,393.34457588847727,146.89755497965962
34,0,0,1,4,0,3,0,62.15716898441315,86.29794395528734,348.8085169810802,139.3903080606833
23,0,0,1,4,0,3,1,39.042413933202624,42.71945508662611,341.2960070418194,147.43472391273826
37,0,0,1,3,0,3,1,87.98458892852068,87.38264197017998,381.3352430006489,144.7280989959836
4,0,0,0,0,0,0,1488,40.19553097896278,59.30336797609925,116.2586190039292,74.0112439962104
36,0,0,3,4,0,3,1,96.08229901641607,45.10323889553547,1318.1139449588954,587.6562200719491
11,0,0,2,1,0,2,621,53.62087499815971,72.9751440230757,542.6492670085281,275.01875802408904
8,0,0,3,1,0,2,3830,18.030851962976158,24.15013895370066,386.2978860270232,224.4821039494127
35,0,0,2,4,0,3,1,119.89960598293692,161.75940399989486,384.294793009758,148.2615499990061
26,0,0,3,3,0,3,0,80.1360480254516,84.39584507141262,694.9693729402497,272.75280898902565
22,0,0,4,3,0,3,335,124.81856299564242,172.16889699921012,1292.7664420567453,558.0361550673842
35,0,0,5,3,0,2,1,77.32549996580929,97.71055600140244,5433.757593971677,2132.515099016018
28,0,0,2,5,0,4,9,33.224669052287936,40.9733570413664,392.9928670404479,285.37349798716605
25,0,0,1,3,0,3,4,77.6599240489304,80.77495591714978,378.25513898860663,150.84679995197803
12,0,0,1,3,0,3,152,124.7109150281176,181.9097250699997,185.2708839578554,101.17841197643429
28,0,0,2,5,0,4,1,73.69767804630101,90.3808280127123,679.0674310177565,323.510617017746
37,0,0,8,3,0,3,2,73.20917095057666,89.43249506410211,13993.239530012943,6173.223810968921
27,0,0,3,4,0,3,2,123.55317093897611,214.305447996594,741.051475983113,318.0834840750322
34,0,0,6,5,0,3,1,99.67872698325664,122.28779401630163,3593.421417986974,2241.636689985171
16,0,0,0,1,0,2,0,52.544595091603696,76.12178497947752,157.42467704694718,73.19843803998083
27,0,0,1,5,0,3,1,66.33065606001765,82.68112107180059,375.584471039474,144.09858197905123
35,0,0,3,4,0,3,1,67.64548702631146,82.94113003648818,1569.1865079570562,623.7293799640611
40,0,0,3,6,0,3,1,64.4477749010548,86.97836904320866,1643.1854970287532,601.0757210897282
17,0,0,5,2,0,4,3062,240.52767199464142,299.2894119815901,2733.7887570029125,1059.676252072677
36,0,0,5,5,0,4,0,67.48257402796298,84.50139104388654,4544.331314973533,1826.4053100720048
6,0,0,3,0,0,1,3830,18.43298296444118,24.397945031523705,401.48927096743137,209.9160880316049
9,0,0,2,1,0,1,821,121.10670795664191,103.19987591356039,581.6057419870049,247.2403710708022
33,0,0,4,3,0,3,1,69.16347704827785,87.11956802289933,2645.2276039635763,1064.9148459779099
52,0,0,1,4,0,3,1,79.25383106339723,84.00783594697714,430.6082249386236,150.46979999169707
14,0,0,1,2,0,1,26,134.82204789761454,188.79676098003983,188.43572190962732,98.06827292777598
40,0,0,9,7,0,4,590,293.9259990816936,308.8337869849056,18608.102707075886,8226.607388001867
12,0,0,5,0,0,1,1488,97.65582205727696,145.78442310448736,1736.8506910279393,877.3985860170797
22,0,0,1,4,0,4,49,79.2987949680537,91.03159396909177,354.17812096420676,151.6609019599855
35,0,0,5,6,0,3,1,112.98864998389035,184.3334489967674,2711.8057479383424,1076.5166979981586
49,0,0,2,7,0,3,1,81.99618698563427,86.8351289536804,937.1467060409486,284.16206897236407
29,0,0,1,4,0,4,47,67.35152401961386,81.54271601233631,364.4645899767056,148.29370693769306
14,0,0,4,2,0,2,2583,165.38543801289052,229.78614503517747,1014.1531020635739,513.6081969831139
35,0,0,1,7,0,3,0,85.48073808196932,103.71272696647793,201.0263130068779,72.37234595231712
88,0,0,10,16,0,4,1,134.4733911100775,168.92189695499837,60000.0,35122.9438270675
60,0,0,4,12,0,4,4,130.825974047184,166.2979800021276,1864.0507380478084,483.5875480202958
11,0,0,4,1,0,2,302,154.08197895158082,224.43682397715747,1022.4643419496715,501.89345399849117
4,0,0,1,0,0,1,2490,28.131511993706226,39.33891700580716,140.14863001648337,79.22626903746277
23,0,0,0,3,0,3,1,64.37403010204434,88.60124694183469,175.09027291089296,83.14604801125824
31,0,0,3,4,0,3,1,78.88263103086501,99.2476160172373,1348.729872959666,534.1358539881185
10,0,0,2,1,0,1,640,236.6581029491499,357.0306010078639,273.9720940589905,138.97264294791967
11,0,0,0,1,0,1,22,64.4740090938285,100.50338704604656,184.34051901567727,103.23689808137715
20,0,0,3,3,0,4,383,233.78098104149103,232.44697705376893,1014.578776084818,315.01993094570935
18,0,0,1,2,0,3,1,63.27426398638636,79.61609691847116,344.99293798580766,131.12090702634305
4,0,0,1,0,0,1,287,101.07134794816375,207.6193530810997,131.00865005981177,69.11614502314478
33,0,0,5,6,0,4,2,121.00688298232853,162.59115701541305,1402.1080080419779,553.5456129582599
33,0,0,1,3,0,4,1,69.66055906377733,90.13408399187028,378.26862500514835,147.6700030034408
22,0,0,0,4,0,3,53,63.427904970012605,83.1047979881987,182.56916699465364,80.08392504416406
8,0,0,1,1,0,3,1522,46.93322803359479,58.066352969035506,276.58353198785335,161.4984490443021
14,0,0,1,2,0,3,670,80.42990800458938,113.2754769641906,311.88274594023824,176.7676619347185
15,0,0,4,2,0,4,3062,204.1764190653339,282.4784560361877,505.8814740041271,157.61247603222728
11,0,0,1,2,0,3,158,77.45656801853329,109.73140399437398,319.39102499745786,161.0618729609996
22,0,0,2,0,0,1,5,58.14040102995932,83.19325291085988,631.038565072231,300.29279098380357
37,0,0,5,6,0,3,1,69.7085449937731,91.48150100372732,5683.318658033386,2143.263397971168
6,0,0,1,1,0,1,352,197.87844794336706,248.41777503024787,145.83474094979465,84.05272802338004
22,0,0,6,2,0,2,1419,241.13225005567074,352.3066999623552,5231.52612708509,2783.4998259786516
37,0,0,1,4,0,3,0,67.60492501780391,82.27222494315356,280.19566799048334,150.62001592013985
20,0,0,1,3,0,3,1,87.97769504599273,87.18827099073678,348.7032620469108,149.2457779822871
18,0,0,3,2,0,2,635,48.746100976131856,64.95321309193969,1238.304386031814,696.4299789397046
37,0,0,0,7,0,3,1,65.77251793351024,77.58205302525312,198.89246602542698,68.35081102326512
37,0,0,5,4,0,3,6,130.7859419612214,170.51665601320565,2987.5038870377466,1116.5387299843132
30,0,0,3,4,0,3,1,112.209941027686,164.11636804696172,635.8265039743856,296.89699097070843
9,0,0,2,0,0,1,818,57.49833898153156,81.68522408232093,458.2871049642563,229.69253500923514
27,0,0,2,3,0,3,7,77.97204202506691,108.9917590143159,813.2824869826436,377.3570040939376
42,0,0,3,8,0,4,2,135.11221390217543,162.48276992700994,460.4986469494179,284.06067995820194
15,0,0,4,2,0,4,0,361.6240050178021,253.69724398478866,482.9159009968862,141.86951098963618
6,0,0,0,0,0,0,706,59.42378402687609,84.46570404339582,141.2719179643318,102.0621950738132
26,0,0,2,3,0,1,1,55.58963492512703,79.6643819194287,645.6145800184458,290.8876860747114
14,0,0,4,2,0,3,640,309.5775539986789,375.2523820148781,1204.557009972632,622.9198480723426
82,0,0,4,16,0,4,1,78.81273492239416,85.43656091205776,4364.49048796203,1161.2836649874225
27,0,0,4,3,0,4,0,97.77728305198252,94.59845605306327,1401.2424510437995,581.5739759709686
41,0,0,4,9,0,4,5,91.65040589869022,105.3630739916116,2829.2031770106405,737.7120449673384
14,0,0,2,1,0,2,123,152.02598797623068,126.68555497657508,154.88687495235354,98.11499202623963
3,0,0,1,0,0,1,3830,21.406439947895706,29.794073081575334,61.213213950395584,34.420290030539036
29,0,0,6,4,0,4,0,454.9031989881769,422.59947897400707,3126.093739992939,1125.8394389878958
35,0,0,3,5,0,4,1,55.986035033129156,75.87281498126686,421.6619950020686,136.51135098189116
26,0,0,2,5,0,3,1,111.4249899983406,125.37561997305602,538.7938719941303,133.12896399293095
29,0,0,3,5,0,3,1,37.489171023480594,46.78491794038564,1086.2731989473104,464.2037480371073
39,0,0,7,7,0,4,3,146.7999400338158,184.66984503902495,10984.729235991836,4430.0213740207255
27,0,0,1,2,0,2,2,29.22204800415784,39.29291199892759,168.42310701031238,118.86575107928365
33,0,0,6,2,0,3,0,57.38719494547695,81.76354295574129,8941.286082030274,3486.119759036228
34,0,0,4,6,0,4,0,249.57467208150774,320.18676004372537,1361.5487290080637,526.0711159789935
8,0,0,3,0,0,1,2320,51.038513076491654,73.23182502295822,750.1075650798157,420.308465952985
8,0,0,4,0,0,1,3830,11.019874014891684,14.299156027846038,256.44140399526805,143.2544430717826
27,0,0,3,4,0,4,0,57.70321493037045,82.39884197246283,1250.5517520476133,520.4793229931965
20,0,0,2,1,0,1,6,33.6340299108997,40.396759985014796,642.6645920146257,287.82519209198654
5,0,0,1,0,0,1,365,25.422867038287222,35.51011404488236,125.0057159923017,117.94058594387025
5,0,0,0,0,0,0,939,46.45977797918022,68.07240599300712,126.67670100927353,75.18423290457577
7,0,0,2,1,0,2,1951,109.99406001064926,217.55062509328127,288.28233596868813,144.11878190003335
14,0,0,3,1,0,2,144,155.50657303538173,205.4203540319577,665.584008092992,357.3927440447733
49,0,0,1,9,0,3,1,76.6933070262894,85.70009795948863,460.62538493424654,146.59644104540348
31,0,0,1,6,0,4,1,85.88034892454743,91.94812295027077,371.529379975982,145.32503800000995
30,0,0,3,3,0,3,0,108.45551092643291,160.69498599972576,670.4160999506712,267.7900060079992
28,0,0,2,6,0,3,2,72.2077350364998,91.977495001629,745.9553809603676,243.78590506967157
55,0,0,1,12,0,3,1,68.0193769512698,81.03343890979886,473.5009870491922,145.19841596484184
34,0,0,6,6,0,3,1,130.2555720321834,174.91175408940762,5701.617287006229,1911.7446229793131
43,0,0,1,9,0,4,1,80.03266900777817,89.54478101804852,448.0222760466859,146.77187998313457
30,0,0,1,5,0,3,1,73.17534706089646,89.94413004256785,376.39403995126486,144.41539999097586
36,0,0,2,7,0,3,0,63.12476098537445,80.01667493954301,396.8178459908813,142.69519702065736
25,0,0,2,4,0,3,113,77.45512994006276,85.13898705132306,734.667934011668,298.3644149499014
33,0,0,1,4,0,4,1,84.66418902389705,88.56073394417763,198.66541598457843,75.32014301978052
18,0,0,3,3,0,3,25,65.80888596363366,93.27423002105206,1218.5981939546764,542.6034190459177
43,0,0,2,9,0,3,1,76.79373805876821,91.14321204833686,832.7092929976061,137.0572210289538
13,0,0,2,3,0,3,152,126.53689691796899,179.85498800408095,340.4978379840031,177.4640759686008
63,0,0,3,10,0,4,1,34.59019004367292,41.756079997867346,481.65598895866424,143.20240204688162
38,0,0,3,6,0,3,2,174.80206699110568,256.43568707164377,753.5190579947084,272.0613300334662
8,0,0,2,1,0,3,3830,5.457235965877771,6.439015967771411,201.60008897073567,147.2530160099268
36,0,0,3,5,0,3,1,120.38099998608232,161.5696339868009,766.818888951093,283.7086609797552
1,0,0,0,0,0,0,0,49.34424709063023,69.70602495130152,125.66210399381816,62.15343496296555
37,0,0,2,7,0,3,1,76.4360900502652,90.05887294188142,752.6757839368656,277.24402595777065
51,0,0,3,10,0,4,1,312.55898100789636,252.62495200149715,1070.1195730362087,302.1015980048105
10,0,0,3,1,0,1,898,119.49631501920521,104.11839000880718,894.3891719682142,452.3527839919552
35,0,0,1,4,0,3,2,65.23284397553653,79.15148104075342,365.2177640469745,144.7626280132681
41,0,0,7,4,0,4,1,97.05436998046935,97.10589202586561,22809.93980099447,6508.923702989705
36,0,0,2,7,0,3,0,63.03824100177735,79.62279696948826,391.2508760113269,142.32155797071755
36,0,0,3,5,0,3,3,68.46859096549451,84.7069340525195,1464.855114929378,446.12289499491453
13,0,0,2,2,0,2,573,87.10637001786381,68.9116430003196,651.199955958873,314.99344599433243
8,0,0,0,2,0,1,2,50.30972009990364,70.20874309819192,135.97215292975307,63.529612962156534
5,0,0,1,0,0,1,0,55.56645698379725,80.39350307080895,267.0409990241751,132.73407402448356
41,0,0,9,7,0,4,163,140.5032390030101,218.7510939547792,14687.184382928535,5319.048997014761
35,0,0,3,5,0,5,1,55.55898800957948,76.55272004194558,669.6637429995462,278.42197904828936
74,0,0,5,13,0,4,1,80.9956849552691,87.96742104459554,7135.554453008808,2261.3746480783448
25,0,0,7,3,0,4,3062,149.46981391403824,317.52884795423597,8737.391561968252,3725.0862459186465
39,0,0,7,7,0,4,17,185.14657393097878,173.48853999283165,7033.898337977007,2247.334989020601
57,0,0,2,10,0,3,1,60.81727193668485,44.19324593618512,796.2370879249647,286.41173196956515
80,0,0,2,4,0,3,1,57.10311303846538,81.28550299443305,867.947626975365,297.6622839923948
23,0,0,5,3,0,4,538,170.25266296695918,252.5060879997909,2299.6459039859474,1063.188879052177
40,0,0,3,6,0,3,1,131.30416895728558,168.97657292429358,849.4101429823786,290.4663949739188
27,0,0,0,1,0,1,7,62.62658000923693,78.22055893484503,170.76180700678378,73.43507406767458
28,0,0,1,6,0,3,1,71.59810501616448,83.28716503456235,373.4907630132511,142.527821008116
21,0,0,2,3,0,4,48,128.75549297314137,165.32138199545443,328.1577709130943,146.23869594652206
1,0,0,0,0,0,0,3062,29.4221950462088,40.16964707989246,94.90707097575068,67.53619597293437
17,0,0,2,2,0,1,33,85.10202809702605,110.70247797761112,732.9379169968888,365.0400850456208
90,0,0,12,16,0,4,1,86.08325500972569,93.46044901758432,60000.0,60000.0
45,0,0,1,7,0,4,1,80.60864103026688,88.04232999682426,407.14311809279025,145.20983502734452
15,0,0,4,2,0,2,86,132.4445870704949,92.42464101407677,1390.4987788992003,579.13103105966
22,0,0,0,3,0,3,26,78.0508000170812,83.50660500582308,189.71658207010478,76.15122001152486
18,0,0,3,3,0,4,15,63.18343593738973,91.63970302324742,1159.0715899365023,538.0927240476012
4,0,0,0,1,0,1,8,24.71825503744185,33.79903396125883,64.93668898474425,30.49938497133553
34,0,0,2,4,0,3,1,31.043353024870157,65.91756094712764,713.6460969923064,294.60613697301596
26,0,0,4,3,0,4,1,83.78127100877464,93.86840893421322,1284.7690780181438,586.8652350036427
8,0,0,0,2,0,3,378,124.40288800280541,90.06094804499298,120.0552819063887,79.09151900094002
48,0,0,3,10,0,4,1,36.70502791646868,72.16830097604543,805.6661299197003,268.463202053681
33,0,0,3,6,0,4,44,47.30824497528374,49.220473039895296,719.4301940035075,557.2682810015976
64,0,0,4,3,0,3,1,44.074259931221604,41.21078096795827,3168.609691900201,678.8977170363069
48,0,0,6,6,0,4,1,69.801070028916,91.8681820621714,11336.356626008637,4686.798647977412
34,0,0,5,3,0,3,1,119.05095097608864,124.58873796276748,2271.2530810385942,1051.8717999802902
34,0,0,2,6,0,4,0,63.409031950868666,60.49766100477427,757.2206289041787,277.2705659735948
36,0,0,5,3,0,2,1,67.39748595282435,86.25754003878683,5756.015703082085,2335.7353439787403
37,0,0,7,5,0,4,29,282.3104300769046,279.4576450251043,11564.570067916065,3619.839494000189
17,0,0,2,3,0,3,303,70.74942195322365,89.59593495819718,609.8602139391005,281.3970720162615
25,0,0,2,3,0,3,61,68.10443894937634,86.67925803456455,680.192715022713,299.2035079514608
18,0,0,2,2,0,4,0,52.96383902896196,75.21782000549138,302.51897405833006,136.32788904942572
64,0,0,0,8,0,3,1,63.696264987811446,81.81017194874585,230.71561194956303,79.25701304338872
13,0,0,3,1,0,1,3,82.46720698662102,114.67777600046247,1074.651112081483,568.8721420010552
13,0,0,2,3,0,4,1951,46.689972979947925,61.57061108388007,499.8877280158922,253.74334398657084
7,0,0,2,0,0,1,1296,94.2832319997251,112.24628798663616,121.33890099357814,81.32756198756397
32,0,0,1,4,0,3,1,67.99469306133687,82.95079797971994,382.4740790296346,147.3092819796875
24,0,0,5,3,0,3,276,243.6777170514688,293.36878389585763,2448.992455028929,1035.757313016802
31,0,0,1,5,0,3,1,69.0117459744215,82.74118602275848,189.80760697741061,73.13895400147885
17,0,0,1,0,0,1,0,107.0249640615657,158.96377200260758,151.77393704652786,76.30019704811275
41,0,0,3,8,0,4,5,69.65116097126156,51.623404026031494,596.64341295138,292.6621560472995
12,0,0,0,1,0,1,164,74.29351296741515,108.73743600677699,180.6353519205004,111.27262201625854
38,0,0,8,5,0,4,44,475.03034106921405,497.3049600375816,23243.616986903362,6590.982056921348
35,0,0,2,4,0,3,1,77.37839396577328,84.3794479733333,790.0032859761268,289.6832110127434
14,0,0,1,1,0,1,17,83.16433394793421,111.40800197608769,365.1771319564432,185.95443898811936
21,0,0,2,3,0,4,27,67.43248808197677,86.68283198494464,612.2116700280458,273.1355440337211
15,0,0,4,1,0,2,3,63.56601894367486,92.26641501300037,1098.9718210184947,517.8390750661492
24,0,0,7,2,0,2,540,104.3172359932214,104.25812203902751,9351.90910298843,4523.022826993838
35,0,0,2,5,0,3,1,75.31312992796302,90.83867096342146,731.0212239390239,235.51278095692396
8,0,0,3,1,0,2,3830,9.924181969836354,12.304934090934694,229.79669400956482,175.44379690662026
34,0,0,1,5,0,3,1,66.42015394754708,84.45453702006489,387.2851070482284,142.8769010817632
31,0,0,1,4,0,2,1,67.04382004681975,85.82977799233049,189.1951890429482,118.41864103917032
15,0,0,3,2,0,1,190,256.9359220797196,309.85142302233726,690.9701180411503,333.86355999391526
31,0,0,1,4,0,3,1,69.86472010612488,85.86756000295281,364.9177569895983,149.79940303601325
19,0,0,1,2,0,1,1,80.68033598829061,92.03175106085837,365.7191010424867,172.3414519801736
36,0,0,5,3,0,2,0,103.38691296055913,153.70296593755484,2618.262753007002,992.775478051044
13,0,0,2,2,0,3,573,83.28648598399013,119.61094103753567,607.8870050841942,300.57669105008245
29,0,0,2,4,0,3,1,65.74305996764451,88.7734399875626,709.2772909672931,300.25855102576315
7,0,0,2,1,0,2,3830,14.435168006457388,18.96862604189664,234.56386604811996,147.67916896380484
86,0,0,8,16,0,4,1,83.80295406095684,89.22218403313309,28615.67270802334,9013.662089011632
32,0,0,2,6,0,4,1,286.7525879992172,322.83850002568215,481.1149750603363,157.0071540772915
40,0,0,6,4,0,4,1,73.19581904448569,88.4850739967078,10501.15196290426,4672.74028796237
28,0,0,2,5,0,4,64,72.91555998381227,90.85150505416095,464.3336050212383,144.56808497197926
23,0,0,1,4,0,3,41,76.67216809932142,85.45059897005558,321.45985204260796,73.43614601995796
43,0,0,1,3,0,3,0,100.50932003650814,82.56811194587499,476.5769640216604,153.64651603158563
35,0,0,1,4,0,3,1,34.47323990985751,65.06242498289794,386.1019139876589,148.3870770316571
69,0,0,6,13,0,4,1,90.8481830265373,112.09270998369902,15318.570847040974,4509.756418992765
42,0,0,1,5,0,3,1,64.29159198887646,78.65904504433274,367.7791969384998,70.15596888959408
28,0,0,1,5,0,3,1,35.87702801451087,40.299692074768245,184.62301802355796,124.41738904453814
33,0,0,3,6,0,4,3,47.52436408307403,50.65255600493401,1001.1884409468621,562.2144719818607
28,0,0,2,6,0,4,2,75.40521898772568,91.54310496523976,709.7314579878002,279.28022597916424
34,0,0,2,5,0,3,1,65.5513919191435,92.90890209376812,747.1208269707859,265.80149796791375
28,0,0,4,2,0,3,2,68.55832401197404,85.98571491893381,2467.2331500332803,972.5874030264094
23,0,0,4,3,0,4,84,98.62251905724406,100.60678096488118,2517.454916029237,800.2396090887487
40,0,0,9,3,0,2,3,81.41481399070472,132.4860219610855,60000.0,31212.68073003739
40,0,0,1,7,0,4,1,71.3425240246579,82.48800598084927,404.2911489959806,144.40705196466297
40,0,0,7,6,0,3,8,192.5954360049218,147.6627930533141,33795.20400997717,9482.62991500087
25,0,0,7,3,0,5,264,230.95426196232438,240.9732029773295,4033.680904074572,2070.2309670159593
26,0,0,1,5,0,4,1,67.38916400354356,82.81063195317984,344.556133961305,139.6514060907066
26,0,0,3,5,0,3,6,281.41663398128003,279.60536698810756,472.5366929778829,259.57654404919595
18,0,0,1,2,0,3,0,67.5330120138824,80.50592592917383,348.4837890136987,152.42080099415034
6,0,0,3,0,0,1,3830,18.32324208226055,24.305330007337034,495.8836600417271,238.2432899903506
63,0,0,3,10,0,4,1,72.62881495989859,87.90877892170101,916.5056819329038,293.17352699581534
41,0,0,0,5,0,3,0,54.41527103539556,76.25946600455791,184.94320998433977,47.15570400003344
29,0,0,2,5,0,3,3,69.23625199124217,90.70307901129127,751.134812948294,199.3185110623017
35,0,0,2,6,0,3,1,62.11222696583718,79.36377602163702,351.7150989500806,140.8268460072577
21,0,0,3,3,0,5,0,48.94190898630768,68.93188902176917,554.0427829837427,235.6667659478262
17,0,0,1,2,0,2,1,51.2293609790504,41.43214609939605,92.33926399610937,39.77170598227531
40,0,0,2,8,0,4,0,48.428696929477155,68.29678802751005,718.971690046601,233.47123304847628
21,0,0,2,4,0,3,38,188.98307194467634,146.31734392605722,919.0929650794715,219.97625601943582
20,0,0,3,3,0,4,15,167.65109705738723,187.34297703485936,531.2924400204793,282.5864319456741
11,0,0,0,1,0,1,137,31.31269698496908,38.56577503029257,75.69467998109758,38.22827199473977
23,0,0,1,1,0,1,1,26.88979299273342,37.12454508058727,151.86830598395318,66.99597695842385
18,0,0,3,3,0,3,25,57.4062610976398,120.66130503080785,616.9378960039467,272.44921401143074
78,0,0,9,13,0,4,1,79.28514003288001,91.43836796283722,56487.65073402319,17155.078392941505
19,0,0,3,2,0,1,27,105.25522904936224,136.36017695534974,1472.27385698352,727.0715330960229
31,0,0,2,5,0,3,3,39.88359007053077,43.131186976097524,785.3691300842911,289.08244997728616
9,0,0,0,1,0,1,158,69.70331910997629,99.7417779872194,160.5998610612005,57.894227909855545
14,0,0,4,2,0,2,2583,163.5296440217644,227.0772800548002,1051.7427800223231,519.1486190306023
32,0,0,2,6,0,4,20,60.18222402781248,101.4457440469414,791.2441280204803,341.57960303127766
36,0,0,4,7,0,4,28,78.91624607145786,64.32363903149962,3870.7576090237126,658.9849640149623
29,0,0,2,3,0,3,0,106.09586292412132,156.25195403117687,340.7770210178569,141.69154001865536
27,0,0,1,4,0,3,13,68.04961897432804,83.57785805128515,341.73791599459946,73.25178699102253
36,0,0,3,5,0,3,1,35.65771994180977,42.57256805431098,1410.6575220357627,524.6740829898044
46,0,0,1,7,0,3,1,67.8967599524185,83.22201296687126,386.0968149965629,134.7410239977762
1,0,0,0,0,0,0,3830,11.156411026604474,13.234507059678435,63.642226974479854,64.2426679842174
38,0,0,4,6,0,3,0,331.08178805559874,349.12370098754764,1326.8612349638715,484.6048220060766
20,0,0,0,2,0,1,1,38.0334829678759,50.44514499604702,96.52665897738189,74.48257703799754
33,0,0,2,5,0,4,1,73.06105399038643,87.89652690757066,666.4862040197477,138.32782197277993
12,0,0,1,1,0,1,26,40.1562430197373,82.8111240407452,329.8373030265793,99.25472002942115
48,0,0,1,5,0,3,0,29.526812955737114,39.93802098557353,193.77533299848437,73.58607195783406
37,0,0,9,4,0,3,3,70.99910208489746,61.053633922711015,60000.0,32151.28754102625
14,0,0,1,2,0,4,1488,54.69397094566375,61.895746970549226,263.57791607733816,152.38836605567485
41,0,0,3,8,0,4,4,48.57439699117094,52.87389096338302,1098.0007740436122,560.0660749478266
34,0,0,4,6,0,4,3,293.76952804159373,264.72256099805236,2172.225695918314,626.2542709009722
22,0,0,3,3,0,4,2,101.08269599732012,131.97464891709387,798.2614489737898,302.11856204550713
39,0,0,1,6,0,3,1,64.72506700083613,80.64639894291759,397.9358260985464,147.7587759727612
16,0,0,1,2,0,3,238,63.429001020267606,78.76232801936567,144.4233120419085,85.18123591784388
61,0,0,3,10,0,3,1,91.96304809302092,98.55945594608784,1792.3697780352086,561.8542769225314
34,0,0,1,4,0,3,1,62.70770588889718,85.65567201003432,346.81092703249305,138.31558707170188
36,0,0,3,4,0,3,0,63.40909004211426,88.02926796488464,1382.1575940819457,543.6757799470797
21,0,0,2,3,0,3,0,103.99973194580525,152.88801898714155,307.5337710324675,128.28658905345947
27,0,0,1,3,0,3,2,62.85135308280587,82.26871001534164,362.5639040255919,148.55476201046258
38,0,0,7,5,0,4,38,40.824668016284704,50.795732997357845,20152.882221969776,8380.637892056257
39,0,0,3,6,0,3,1,70.36024401895702,81.04021102190018,1548.4847880434245,558.2556209992617
12,0,0,1,1,0,1,26,81.31373894866556,121.77530792541802,354.1367680300027,201.43872499465942
80,0,0,2,16,0,4,1,79.19948501512408,84.99189000576735,1100.9525860426947,289.4862990360707
21,0,0,4,3,0,4,276,239.1795360017568,285.7849629363045,607.6776400441304,268.2149490574375
36,0,0,5,3,0,2,3,72.18149595428258,92.74516394361854,4112.621234031394,1905.4866689257324
1,0,0,0,0,0,0,3062,29.19175405986607,41.552055976353586,93.46511692274362,68.52300802711397
35,0,0,0,7,0,3,0,66.86653394717723,79.70435998868197,199.25300602335483,72.97692797146738
33,0,0,4,5,0,3,1,132.88103300146759,175.73006497696042,1287.885433062911,549.1134700132534
36,0,0,8,4,0,3,104,102.48206800315529,121.03828694671392,39640.569080016576,15443.17080907058
20,0,0,6,2,0,2,14,141.62741601467133,69.14322392549366,11180.380095960572,3895.6274880329147
27,0,0,4,4,0,3,760,314.7755080135539,300.3501900238916,962.499508052133,173.3569640200585
52,0,0,1,6,0,3,1,35.20413802471012,40.430569904856384,425.1137919491157,141.99123601429164
43,0,0,1,5,0,3,1,67.32728600036353,80.74305509217083,408.6213409900665,149.46517499629408
21,0,0,1,2,0,1,2,63.51904303301126,78.82546505425125,325.55353292264044,149.7933689970523
20,0,0,2,2,0,1,2,82.10531494114548,92.8320559905842,744.7128919884562,343.58880994841456
35,0,0,3,5,0,3,2,36.73079295549542,89.21992091927677,1338.63010792993,567.8833579877391
33,0,0,4,5,0,4,1,69.08257398754358,89.08971108030528,2420.2854549512267,1125.4947209963575
29,0,0,3,3,0,4,1,82.70221098791808,87.21816295292228,1304.0837239241228,540.6197879929096
12,0,0,2,1,0,1,212,65.60421700123698,84.5510329818353,434.30395098403096,126.49321497883648
34,0,0,2,5,0,3,1,76.60137990023941,82.22742495127022,830.5706699611619,295.69709801580757
24,0,0,1,4,0,3,0,24.23134003765881,34.02622404973954,177.78573592659086,119.80209406465292
17,0,0,2,2,0,2,23,80.19784791395068,101.29683604463935,735.0822769803926,367.5883290125057
26,0,0,1,5,0,3,10,80.2969669457525,87.25695894099772,404.5913629233837,72.38105894066393
18,0,0,3,3,0,3,25,62.1286149835214,89.42657196894288,1239.28821797017,560.6243050424382
15,0,0,6,0,0,1,939,140.8537180395797,215.53637098986655,3181.620242074132,1620.6489310134202
42,0,0,5,9,0,4,5,89.93066498078406,105.4668229771778,6010.340702952817,2136.84985099826
31,0,0,2,4,0,3,1,79.37966799363494,88.15874299034476,715.0891750352457,285.41161597240716
40,0,0,3,4,0,2,1,32.42155199404806,38.950880989432335,954.0535550331697,466.5240899194032
74,0,0,5,13,0,4,1,137.10082892794162,169.94048096239567,3481.9996209116653,1133.957022917457
7,0,0,3,0,0,1,1951,126.12240295857191,186.602393980138,471.75330808386207,240.723242983222
14,0,0,0,4,0,3,29,85.17254400067031,89.71533796284348,193.39991197921336,85.41868894826621
85,0,0,7,16,0,4,1,94.5047209970653,104.53097498975694,29085.19253297709,7777.941065956838
4,0,0,0,0,0,0,1488,41.3665579399094,59.57319098524749,115.66839495208114,74.58076404873282
27,0,0,0,5,0,3,2,188.32564202602953,118.4779970208183,289.46262202225626,53.43204690143466
82,0,0,4,16,0,4,1,78.4470469225198,85.79508098773658,3732.0641630794853,1190.591276041232
6,0,0,1,0,0,1,507,26.39437699690461,36.1228899564594,210.22887504659593,124.20109298545867
6,0,0,1,0,0,1,1488,43.234590091742575,62.388619990088046,220.6788450712338,127.96958303079009
18,0,0,3,3,0,3,25,57.28980398271233,80.92440501786768,462.37565798219293,133.6614730535075
54,0,0,2,8,0,4,1,53.70200297329575,77.97009905334562,408.1199859501794,140.73898794595152
13,0,0,1,3,0,3,136,80.3051139228046,112.87071602419019,344.49504199437797,182.60852701496333
33,0,0,5,6,0,3,1,65.13649504631758,85.18077700864524,2839.982617064379,1089.7015660302714
33,0,0,1,5,0,3,1,71.67426706291735,82.83613796811551,243.4883899986744,68.6798800015822
36,0,0,4,7,0,4,17,60.293446062132716,78.26701202429831,1098.2474030461162,504.0181369986385
42,0,0,3,8,0,3,1,95.64278600737453,105.51218409091234,1166.5240050060675,532.7125960029662
40,0,0,1,7,0,3,1,40.73219106066972,44.4015379762277,423.0011940235272,147.24096609279513
45,0,0,4,5,0,3,1,77.66260299831629,83.16701999865472,3393.725340021774,1174.5353339938447
46,0,0,1,10,0,3,1,65.04786794539541,44.15170196443796,239.68583205714822,73.0182119878009
28,0,0,3,2,0,2,1,77.01157697010785,89.53588595613837,1375.8445840794593,573.1919999234378
50,0,0,1,7,0,3,0,49.369584885425866,68.36137594655156,373.09775594621897,119.947200990282
39,0,0,10,4,0,3,77,103.97663991898298,102.49461501371115,60000.0,31978.813449968584
36,0,0,2,6,0,3,1,35.35928204655647,43.50093693938106,424.49621995911,298.9343950757757
24,0,0,4,3,0,3,78,102.18203801196069,45.000836020335555,1654.2293970705941,581.8222230300307
17,0,0,2,1,0,1,27,58.64114803262055,81.9427389651537,582.4079050216824,267.38260593265295
26,0,0,1,4,0,3,1,70.1740070944652,80.38303803186864,357.96558600850403,141.02690597064793
12,0,0,3,2,0,4,3830,14.36196593567729,18.515835981816053,309.7358440281823,208.6702099768445
46,0,0,1,8,0,3,1,81.16905996575952,87.4540020013228,457.1789759211242,147.45780604425818
35,0,0,1,6,0,4,1,79.70000896602869,88.57769798487425,386.68435299769044,144.85470892395824
38,0,0,6,7,0,4,3,235.990560031496,224.6147779515013,4864.0678899828345,1182.7102510724217
17,0,0,3,2,0,3,843,100.21899198181927,110.74956296943128,1296.6253900667652,528.3641390269622
28,0,0,0,6,0,3,1,69.75224905181676,82.3940159752965,197.4482350051403,72.51410093158484
29,0,0,2,2,0,3,7,66.45442091394216,80.18011297099292,713.6078140465543,159.41690106410533
52,0,0,2,7,0,3,1,44.03227102011442,67.9517169483006,401.2069479795173,139.34208499267697
17,0,0,3,2,0,3,1236,86.1035620328039,120.06865290459245,1013.2027639774606,331.854876014404
15,0,0,5,2,0,3,1951,209.12452205084264,155.61902592889965,916.6217960882932,405.81615397240967
19,0,0,2,3,0,3,1101,246.33293703664094,165.83133197855204,381.3987079774961,181.909394916147
6,0,0,3,0,0,1,3830,9.329958003945649,11.521494016051292,221.85178101062775,162.16285398695618
49,0,0,4,9,0,4,2,84.12232401315123,94.10617698449641,2896.675516036339,874.1173719754443
86,0,0,8,16,0,4,1,82.05635903868824,90.44537506997585,55091.505527962,16476.870490936562
30,0,0,1,5,0,3,0,70.16951695550233,80.90363000519574,187.67428293358535,71.57886901404709
33,0,0,1,6,0,3,1,68.32571793347597,81.01463201455772,399.4584970641881,152.01803692616522
56,0,0,4,8,0,4,1,78.30986892804503,93.89600600115955,2568.1358779547736,1101.8200340913609
17,0,0,1,3,0,3,9,78.86256102938205,112.42448701523244,369.3064250983298,180.52926298696548
40,0,0,1,7,0,4,1,69.8216330492869,85.10563103482127,403.840339044109,146.88552601728588
28,0,0,1,4,0,3,1,87.57510094437748,95.57768900413066,362.26582096423954,143.14584305975586
25,0,0,1,4,0,3,1,78.73737101908773,95.97332507837564,405.41615209076554,182.4952029855922
10,0,0,1,2,0,2,1419,75.93171903863549,104.46513700298965,324.6032989118248,191.07120600529015
28,0,0,0,2,0,2,0,57.61960404925048,84.77584703359753,174.07681699842215,76.61893393378705
33,0,0,1,4,0,3,1,67.61968496721238,81.55001699924469,383.9698169613257,147.99205400049686
24,0,0,1,0,0,1,11,56.54504196718335,81.28586690872908,315.1950651081279,150.23625805042684
24,0,0,1,3,0,2,1,64.05896903015673,78.84950994048268,348.32240105606616,145.25672199670225
46,0,0,0,4,0,3,0,79.61548503953964,70.39076799992472,198.2823059661314,74.22562700230628
32,0,0,2,6,0,3,1,54.93551294784993,76.5367338899523,601.1514130514115,274.3871819693595
86,0,0,8,16,0,4,1,42.00195102021098,45.64001702237874,29270.779529004358,8660.710224998184
36,0,0,4,6,0,3,3,40.92101310379803,50.28198205400258,2231.4317440614104,1198.624767945148
19,0,0,0,4,0,3,11,68.93406296148896,85.2371349465102,190.3024420607835,77.65394705347717
31,0,0,3,4,0,3,3,72.33363296836615,88.49156403448433,1419.1775140352547,495.46182493213564
38,0,0,1,5,0,3,1,62.78563791420311,82.42938993498683,200.82919509150088,76.51266898028553
46,0,0,4,6,0,4,1,30.672799912281334,40.9623458981514,2673.5399139579386,1208.6576279252768
9,0,0,3,0,0,1,939,68.71986796613783,103.33527508191764,425.3505750093609,230.8920919895172
15,0,0,6,0,0,1,1026,124.29128889925778,340.14612599276006,3796.53640196193,1919.443206046708
17,0,0,3,2,0,2,8,85.93220205511898,98.01403898745775,716.3904480403289,338.00290094222873
33,0,0,2,5,0,3,1,69.62265202309936,52.98819800373167,450.78476308844984,265.9902860177681
29,0,0,4,4,0,4,125,93.93038705457002,102.2565650055185,2621.093543013558,1122.5500929867849
34,0,0,6,6,0,3,2,235.59961200226098,277.598676038906,5558.403345057741,2188.0250410176814
4,0,0,1,1,0,2,3830,10.68598695565015,12.798008043318987,139.8213830543682,115.3468310367316
29,0,0,2,4,0,3,1,87.90740906260908,100.14579608105123,722.7984459605068,138.36795196402818
27,0,0,2,4,0,3,44,79.78350389748812,86.70927898492664,694.8460219427943,274.21943098306656
19,0,0,2,3,0,3,43,150.68081696517766,125.79149997327477,1019.7727140039206,312.0142590487376
21,0,0,5,2,0,2,635,116.28917197231203,164.40573695581406,4760.200832039118,2735.511972918175
73,0,0,2,12,0,3,1,73.47954495344311,89.59624404087663,856.9524839986116,246.26560299657285
18,0,0,3,2,0,2,0,77.3956699995324,117.41598497610539,1343.9742899499834,736.3235880620778
29,0,0,2,5,0,3,1,68.62154102418572,81.65197900962085,731.5268849488348,279.1168000549078
3,0,0,1,0,0,1,2343,59.78832207620144,83.93740805331618,105.79676902852952,73.50168493576348
6,0,0,1,1,0,2,2320,45.98308203276247,58.836319018155336,258.91965511254966,169.9023919645697
30,0,0,4,5,0,3,30,459.32860497850925,394.77099699433893,799.8458070214838,291.9997120043263
10,0,0,4,1,0,2,3830,21.745994919911027,29.2681340361014,713.6718049878255,388.9041079673916
35,0,0,6,3,0,3,0,66.1399329546839,82.51793298404664,9442.017436027527,3263.6605880688876
4,0,0,1,0,0,1,2320,73.94718704745173,110.1940399967134,116.30318500101566,89.58846796303988
24,0,0,1,3,0,3,3,83.79331906326115,87.84944796934724,344.3535299738869,176.75804207101464
31,0,0,2,3,0,2,2,66.52532797306776,81.24514995142817,580.3748919861391,285.79237090889364
67,0,0,2,9,0,3,1,68.70744505431503,81.70572598464787,926.6635989770293,281.202910002321
40,0,0,2,8,0,4,1,85.34667000640184,91.90554905217141,416.0017699468881,144.34441202320158
34,0,0,0,4,0,3,0,77.33937597367913,80.55640396196395,202.10354402661324,77.27238303050399
45,0,0,4,6,0,3,1,91.36794391088188,100.71948799304664,2702.6911809807643,1145.1480529503897
37,0,0,4,4,0,3,0,63.18872096017003,85.7375159393996,2196.645674062893,1096.2262030225247
26,0,0,3,5,0,3,2,73.51013494189829,87.85738795995712,1334.0801600134,529.136536992155
56,0,0,2,8,0,3,1,76.39738207217306,91.27731202170253,874.8198869870976,287.91950491722673
36,0,0,3,6,0,3,1,63.1549310637638,87.03265700023621,1163.1399099715054,267.4323939718306
31,0,0,3,2,0,2,1,82.98165397718549,92.82583696767688,1361.6952990414575,588.0478530889377
29,0,0,2,6,0,3,2,81.09269291162491,92.80913101974875,804.4473680201918,296.0452049737796
28,0,0,1,2,0,2,1,68.94356606062502,79.73484799731523,361.4099540282041,149.79404001496732
13,0,0,1,1,0,1,200,77.76295999065042,113.83628996554762,345.6526299705729,203.16955109592527
5,0,0,0,1,0,1,52,68.62778100185096,96.47913195658475,151.71873895451427,85.79687296878546
33,0,0,4,3,0,2,1,68.7422159826383,88.01740198396146,2680.347786983475,1060.394015046768
45,0,0,1,5,0,3,1,63.7349309399724,79.72179597709328,387.9420720040798,144.73405294120312
47,0,0,1,10,0,4,1,59.78668900206685,141.1897309590131,433.0456369789317,149.4724639924243
32,0,0,6,6,0,4,1036,161.73678205814213,233.29688410740346,8639.853800996207,2191.105870064348
5,0,0,2,0,0,1,1951,43.32530405372381,60.926905018277466,401.24662208836526,208.55320896953344
35,0,0,2,4,0,3,0,62.79297394212335,86.25898894388229,694.8471380164847,272.0834859646857
36,0,0,5,3,0,2,1,131.1647780239582,171.18542501702905,2347.0757169416174,557.0429139770567
17,0,0,4,2,0,3,2875,130.4098089458421,208.0909030046314,2239.64777297806,942.5820970209315
93,0,0,3,4,0,3,1,68.55285598430783,80.74421901255846,950.5002199439332,295.47745909076184
20,0,0,1,4,0,3,24,36.0545739531517,42.90421202313155,172.8710929164663,72.0988130196929
31,0,0,1,5,0,4,1,63.11509199440479,81.98297792114317,354.28677895106375,151.0420209961012
26,0,0,3,3,0,2,1,47.68224398139864,60.00793003477156,1341.9463629834354,567.2262390144169
25,0,0,1,4,0,3,3,68.2800809154287,83.49602005910128,364.5688099786639,146.35696599725634
17,0,0,3,4,0,4,99,136.8737620068714,169.27180101629347,1332.6429929584265,662.0292419102043
30,0,0,5,5,0,4,1552,335.6477729976177,378.1583880772814,2346.011182991788,1043.2623869273812
20,0,0,0,2,0,3,27,56.710868957452476,80.98485099617392,166.01980791892856,78.669170034118
53,0,0,5,10,0,4,2,95.42923606932163,100.04110797308385,5923.812014982104,2211.3239329773933
51,0,0,1,6,0,3,1,64.66082599945366,78.50053091533482,413.6996150482446,143.424412002787
25,0,0,0,4,0,2,1,143.10725696850568,106.1195390066132,252.37434904556721,74.59369802381843
26,0,0,1,4,0,3,1,67.48468696605414,84.73861298989505,376.6237288946286,149.1718819597736
42,0,0,2,4,0,3,1,113.52778505533934,113.48960595205426,279.183316975832,143.36817793082446
24,0,0,1,4,0,3,1,127.11173889692873,76.94510801229626,127.80448002740741,74.20521404128522
8,0,0,2,1,0,1,0,111.37803399469703,169.92152493912727,287.55707503296435,152.63243997469544
23,0,0,3,4,0,3,1101,304.39478100743145,490.2372519718483,775.2513620071113,315.0250830221921
39,0,0,7,7,0,4,26,146.79510507266968,186.6242759861052,4692.480430006981,2193.1196260266006
31,0,0,2,5,0,3,2,82.19829096924514,90.27326095383614,754.8739418853074,245.70742598734796
30,0,0,2,5,0,3,18,71.6027399757877,82.75326795410365,732.2481860173866,283.54902006685734
42,0,0,1,7,0,3,1,68.02580098155886,81.33787999395281,418.9723100280389,149.9651800841093
42,0,0,1,6,0,3,1,63.87946498580277,82.74959691334516,403.76662206836045,170.3100410522893
37,0,0,6,3,0,2,1,56.50918802712113,92.66286494676024,4545.562552986667,1472.719343029894
21,0,0,5,0,0,1,0,64.64895198587328,95.25355498772115,4620.923261973076,1995.9920899709687
26,0,0,1,3,0,2,1,48.03782794624567,88.02576595917344,360.9598290640861,147.52486301586032
61,0,0,1,6,0,3,1,94.25768710207194,54.41817198880017,391.85355708468705,150.35824093502015
27,0,0,2,5,0,3,2,67.84579902887344,86.5944679826498,699.5548809645697,288.03008305840194
18,0,0,0,2,0,3,37,55.81185198388994,81.71749499160796,164.18938606511801,77.63648207765073
36,0,0,3,4,0,4,1,57.41109000518918,81.28843898884952,710.6755119748414,295.6044609891251
4,0,0,1,0,0,1,0,48.408478032797575,68.69340303819627,249.19154902454466,122.71055404562503
54,0,0,1,9,0,3,1,72.83165701664984,85.98665602039546,445.31599001493305,143.32934201229364
37,0,0,3,4,0,3,1,35.08723899722099,39.923609001562,1437.4172469833866,592.3042979557067
53,0,0,3,6,0,3,1,68.03090299945325,91.50355693418533,1663.7555370107293,562.7801991067827
26,0,0,4,4,0,3,5,94.20508495531976,111.43680498935282,2282.8825740143657,1040.668842033483
30,0,0,2,5,0,4,1,67.58558703586459,85.54881205782294,582.4204059317708,130.0748080248013
57,0,0,2,6,0,3,1,70.14361000619829,86.94057411048561,858.8870469247922,289.5063729956746
40,0,0,1,5,0,3,1,33.36242900695652,38.47512893844396,187.57876101881266,69.92682907730341
32,0,0,2,6,0,3,1,55.172808934003115,76.54455199372023,706.0841559432447,274.81645706575364
50,0,0,1,11,0,3,1,32.218928914517164,40.626586065627635,384.40198404714465,147.87176810204983
32,0,0,8,2,0,3,3,235.76764401514083,254.3066790094599,9334.186761989258,4276.350202970207
19,0,0,5,2,0,4,795,162.45547798462212,244.9311180971563,1080.0617759814486,495.609273086302
43,0,0,1,5,0,3,1,58.08014899957925,80.98925405647606,390.90078498702496,150.30989598017186
37,0,0,3,3,0,3,1,69.57787403371185,85.19901894032955,1376.697472995147,569.7871799347922
29,0,0,4,5,0,4,101,100.98019510041922,120.58474600780755,2705.740084988065,1135.739833000116
54,0,0,2,5,0,3,1,67.76185205671936,81.16313396021724,740.0677149416879,282.65373304020613
1,0,0,0,0,0,0,3062,29.46743299253285,40.884674061089754,94.58028106018901,69.19537705834955
46,0,0,4,8,0,4,1,81.68935298454016,94.37740093562752,1392.0606380561367,264.64923296589404
13,0,0,4,1,0,2,392,215.84534598514438,234.9472539499402,526.0638060281053,253.83885891642421
14,0,0,0,3,0,3,15,92.77964103966951,90.74440004769713,186.2409800523892,78.9918820373714
36,0,0,4,7,0,4,2,120.6962070427835,160.33177298959345,766.0824389895424,281.76299505867064
24,0,0,0,4,0,3,1,53.69905510451645,75.88569400832057,167.2295880271122,71.86014798935503
30,0,0,1,4,0,3,1,77.48598197940737,82.42854406125844,386.51124807074666,162.67257404979318
25,0,0,1,4,0,3,1,34.0798229444772,41.017737006768584,255.38234296254814,147.43758307304233
34,0,0,1,4,0,3,1,89.66483105905354,77.96678505837917,161.99872503057122,75.63997199758887
2,0,0,0,0,0,0,2320,36.98810003697872,51.57878703903407,104.3606490129605,80.64273896161467
40,0,0,3,4,0,2,1,68.67683003656566,84.82652308885008,1391.770594054833,548.9021100802347
35,0,0,1,6,0,3,1,71.34522299747914,85.24193591438234,380.0041280919686,144.04572499915957
28,0,0,6,2,0,3,2,232.92092606425285,252.2997499909252,2429.639507085085,1069.273162051104
45,0,0,1,8,0,3,1,78.29578802920878,86.75252995453775,441.4299459895119,146.72034501563758
3,0,0,0,1,0,1,340,114.67598401941359,150.65320499707013,167.98818507231772,136.32293499540538
13,0,0,1,2,0,4,2490,56.93559697829187,50.0149509171024,246.41472997609526,118.2700808858499
24,0,0,4,4,0,3,8,248.86357504874468,273.25059892609715,1392.9294449044392,550.6433470873162
24,0,0,6,3,0,4,335,87.12567191105336,68.2367889676243,7898.668864974752,3767.720611067489
65,0,0,3,10,0,4,1,35.9687190502882,74.49991791509092,967.3400759929791,295.8304469939321
9,0,0,2,0,0,1,0,68.44894599635154,102.69536299165338,599.8974549584091,318.61650897189975
35,0,0,1,6,0,3,0,51.67283199261874,72.27491401135921,188.56630404479802,66.67594402097166
39,0,0,7,7,0,4,0,103.30354899633676,148.4510119771585,9240.307789994404,3808.818347984925
36,0,0,2,6,0,4,1,133.6431660456583,171.83567502070218,382.24771700333804,144.07025498803705
41,0,0,9,7,0,4,34,62.4350180150941,83.52060301695019,19428.804195020348,6595.346355927177
44,0,0,4,4,0,4,1,58.331441949121654,81.38479699846357,2476.040603010915,1189.5673429826275
41,0,0,2,5,0,4,1,32.42311195936054,38.19968900643289,673.8618609961122,247.0702980645001
34,0,0,1,7,0,4,1,70.80496696289629,83.03175307810307,382.99651397392154,141.170943970792
65,0,0,2,11,0,3,1,70.64942002762109,85.06573690101504,963.7007609708235,279.6915950020775
34,0,0,6,4,0,3,1,93.3498190715909,95.56253894697875,10920.872579910792,3933.0319210421294
47,0,0,1,4,0,3,0,77.45724695269018,86.74865192733705,430.76499295420945,146.51642995886505
9,0,0,3,1,0,3,650,67.46856798417866,91.0638429922983,464.4366449210793,236.2830089405179
60,0,0,4,12,0,4,2,131.60421093925834,163.93492592033,1865.5332189518958,578.0828209826723
36,0,0,3,5,0,3,1,67.28226295672357,81.86551509425044,1485.278011066839,572.9375539813191
11,0,0,4,0,0,1,1296,55.25135702919215,79.43079096730798,1725.8789660409093,849.5652349665761
41,0,0,4,3,0,3,2,94.18521693442017,93.72174507007003,2270.5200840719044,1098.7355620600283
22,0,0,1,5,0,3,1,123.01636789925396,165.00327095855027,186.54008209705353,73.21398798376322
24,0,0,2,4,0,3,4,146.1592090781778,95.02423903904855,1045.4112390289083,300.35402497742325
51,0,0,2,11,0,3,1,67.55022204015404,89.6564160939306,875.7867169333622,280.01238708384335
24,0,0,1,2,0,2,1,59.257694985717535,81.08685305342078,344.90733698476106,151.4165330445394
23,0,0,6,4,0,4,3062,59.893761994317174,69.40310099162161,7290.838161017746,4249.856749083847
25,0,0,6,2,0,3,93,370.9665449569002,485.45997496694326,3145.951692946255,1805.7800780516118
35,0,0,3,5,0,3,1,65.50078897271305,84.3774339882657,1547.967848018743,595.2240489423275
85,0,0,7,16,0,4,1,47.893845941871405,52.48262803070247,29636.085790931247,9103.073287988082
40,0,0,1,6,0,3,2,64.36971097718924,79.08120309002697,395.5825959565118,144.2385440459475
35,0,0,1,6,0,3,0,53.90540591906756,76.934177079238,350.32927396241575,127.37685395404696
33,0,0,5,4,0,3,0,102.52867895178497,151.56530204694718,2553.9832779904827,1001.9143859390169
29,0,0,4,3,0,3,7,72.72184395696968,107.43156203534454,2555.698332027532,1102.6170230470598
59,0,0,1,10,0,3,1,79.60110204294324,90.4420770239085,388.87551706284285,115.58261094614863
31,0,0,4,5,0,3,1,171.2247529067099,259.2890609521419,1375.6822339491919,527.0266130100936
31,0,0,5,5,0,3,64,464.67415906954557,444.50699898879975,1136.8305939249694,457.51822693273425
46,0,0,4,6,0,3,1,60.206072055734694,82.14006607886404,2415.502615040168,1170.1180529780686
24,0,0,2,4,0,3,0,74.51624795794487,86.21552400290966,342.19401597511023,138.78155802376568
41,0,0,2,8,0,4,4,81.0160250402987,92.10125100798905,882.1934659499675,296.46852100268006
38,0,0,1,7,0,3,1,71.53229299001396,82.06960104871541,205.27898496948183,60.27271400671452
9,0,0,3,1,0,2,0,280.1689050393179,325.92818699777126,534.4655390363187,265.2080040425062
25,0,0,1,4,0,3,2,32.32267405837774,40.73588701430708,179.36408298555762,74.40054090693593
41,0,0,9,7,0,4,34,127.28239607531577,169.51586306095123,19749.72142407205,8440.800943993963
31,0,0,1,4,0,3,1,63.94768797326833,78.65149108693004,357.6417959993705,114.43986999802291
23,0,0,1,2,0,2,1,27.422683080658317,37.377857021056116,258.52751499041915,138.59314599540085
37,0,0,1,6,0,3,1,62.373170047067106,85.89897397905588,374.97525091748685,145.2184779336676
2,0,0,0,0,0,0,3830,16.28605299629271,21.18298492860049,70.43330906890333,83.42180890031159
33,0,0,3,4,0,3,1,33.80609303712845,51.84110498521477,1424.0623679943383,564.5997941028327
38,0,0,2,7,0,4,2,70.77415904495865,84.84602498356253,777.7879440691322,289.8090140661225
81,0,0,0,8,0,3,0,70.45676396228373,80.76911699026823,249.85847796779126,76.49629598017782
51,0,0,2,7,0,3,1,81.08643698506057,86.6915340302512,824.8776219552383,273.7994339549914
27,0,0,0,5,0,3,5,106.2495510559529,95.66522005479783,239.0268340241164,76.10404305160046
42,0,0,5,9,0,4,59,88.70149694848806,105.9593049576506,5800.166254979558,1674.9849999323487
4,0,0,2,0,0,1,3830,15.645324951037765,19.27002693992108,70.57641493156552,69.6597050409764
27,0,0,1,5,0,4,0,81.79370197467506,68.73415398877114,228.79521700087935,145.2937580179423
59,0,0,2,6,0,3,1,65.08677394594997,79.65118298307061,836.2979950616136,286.13719204440713
21,0,0,3,1,0,3,21,75.99916600156575,53.73649997636676,1078.1699599465355,665.5859289458022
29,0,0,1,4,0,3,1,56.49381398689002,77.05941400490701,344.17279507033527,149.12328403443098
35,0,0,3,7,0,3,0,78.02286697551608,80.59791300911456,579.701539943926,138.64309701602906
18,0,0,3,3,0,4,1031,102.98063093796372,143.51661503314972,577.2662759991363,284.68084998894483
21,0,0,1,2,0,3,58,34.552606055513024,40.96075496636331,176.21215304825455,74.9555139336735
6,0,0,3,0,0,1,3830,18.942626076750457,24.553816067054868,328.24060902930796,200.35703910980374
38,0,0,9,3,0,3,0,73.52959096897393,94.05440010596067,60000.0,32299.30365399923
34,0,0,3,5,0,3,1,69.75462206173688,84.70469794701785,1166.5223910240456,531.6097390605137
71,0,0,1,9,0,3,1,58.05327103007585,81.16489904932678,470.0522830244154,150.7804529974237
86,0,0,8,16,0,4,1,97.66125306487083,111.18496803101152,27689.18836803641,7672.287035966292
16,0,0,1,1,0,2,58,69.591348990798,88.66743498947471,331.0439399210736,156.301137059927
30,0,0,4,6,0,4,40,72.7712280349806,85.135712986812,1231.7673839861527,516.4292500121519
25,0,0,1,3,0,2,3,34.016881021671,73.64289998076856,350.2946080407128,143.76762695610523
33,0,0,0,7,0,3,1,103.20704896003008,88.92953407485038,242.46445309836417,76.43928495235741
64,0,0,1,12,0,4,1,78.74087407253683,85.63136495649815,319.09760704729706,72.18607794493437
28,0,0,2,5,0,4,176,41.986105032265186,48.6606479389593,651.8730690004304,302.5287839118391
27,0,0,3,2,0,3,0,68.78080603200942,84.92821000982076,1226.9474560162053,533.3760129287839
36,0,0,3,5,0,3,1,71.86099805403501,86.6464099381119,636.3412300124764,266.48857502732426
63,0,0,2,7,0,4,0,82.39394892007113,95.67096794489771,822.3469300428405,275.3327110549435
39,0,0,7,7,0,4,0,146.95944008417428,185.70355407427996,11052.967027993873,3867.5128769828007
22,0,0,2,3,0,3,137,33.99164695292711,81.41300792340189,405.69812897592783,147.34882698394358
36,0,0,7,4,0,3,13,78.37549597024918,67.74860806763172,9808.669373975135,4238.547582994215
36,0,0,4,7,0,4,3,121.42934405710548,163.03773107938468,766.7886569397524,283.49620499648154
38,0,0,6,4,0,3,9,130.139256012626,171.50284897070378,5548.714981996454,2068.1187430163845
26,0,0,2,3,0,1,1,57.664592983201146,81.02367306128144,650.7651939755306,289.48684700299054
37,0,0,8,4,0,3,21,66.85300299432129,82.24398305173963,21370.024437084794,7076.6732030315325
23,0,0,2,4,0,3,1,70.21477306261659,84.76712391711771,644.7149229934439,269.1104239784181
29,0,0,2,7,0,4,1,74.8810910154134,89.8519359761849,684.5108959823847,266.2164990324527
31,0,0,1,5,0,3,1,70.01451507676393,84.22617905307561,323.3622399857268,112.56999592296779
58,0,0,2,6,0,3,1,61.99031102005392,80.79743897542357,424.7073279693723,148.5077820252627
25,0,0,1,3,0,2,2,120.92982104513794,162.62622899375856,178.53974306490272,74.25306609366089
31,0,0,4,6,0,4,1,46.11997399479151,50.52352696657181,2352.6902239536867,912.3110249638557
7,0,0,2,1,0,1,1315,169.25483394879848,242.63480305671692,223.82913797628134,126.46546307951212
51,0,0,2,5,0,3,1,66.58170209266245,80.80860099289566,795.2437340281904,280.5840829387307
8,0,0,0,1,0,1,287,59.80260705109686,76.1193810030818,145.76278196182102,75.07376302964985
10,0,0,3,0,0,1,1062,54.37524593435228,78.17089499440044,818.1552339810878,406.804715981707
34,0,0,2,5,0,3,1,54.79998898226768,76.94124896079302,638.7632430996746,272.6523008896038
8,0,0,1,1,0,1,640,177.4922270560637,239.87549101002514,114.72421104554087,35.51633493043482
10,0,0,2,1,0,2,383,88.63630890846252,105.05719901993871,605.1505960058421,295.00399297103286
35,0,0,3,6,0,3,1,54.4106790330261,77.47896399814636,645.8523919573054,275.9983679279685
14,0,0,1,1,0,1,2,59.17456606402993,84.48306610807776,301.99682293459773,150.3009560983628
38,0,0,1,3,0,3,1,34.41326296888292,39.672786951996386,180.46776810660958,74.76585707627237
26,0,0,5,3,0,3,5,90.61796707101166,109.17305597104132,4741.379210026935,1939.1327579505742
9,0,0,0,1,0,1,35,67.06219993066043,95.10951896663755,165.99801799748093,92.70164300687611
6,0,0,3,0,0,1,3830,17.933737952262163,23.681018967181444,292.29534592013806,256.61036605015397
3,0,0,1,0,0,1,3062,34.371461952105165,48.22126601357013,142.36934401560575,102.89355891291052
8,0,0,1,1,0,2,432,70.35889104008675,59.77039900608361,131.3281439943239,65.47909509390593
23,0,0,7,3,0,3,64,459.17832595296204,311.1026829574257,1716.6969599202275,800.198270007968
19,0,0,5,2,0,4,2490,57.13155900593847,67.41279002744704,1833.0496069975197,934.8500979831442
56,0,0,3,6,0,3,1,57.3855999391526,81.36416808702052,1285.3335899999365,502.25047196727246
36,0,0,6,5,0,4,0,307.3229430010542,435.99320808425546,6102.876074961387,1396.9965920550749
28,0,0,7,1,0,2,40,82.00740197207779,108.8422789471224,18737.601626082323,8117.804264998995
34,0,0,3,6,0,3,0,41.260312078520656,78.2546770060435,1395.186556968838,541.8754639104009
33,0,0,3,5,0,3,24,114.97816001065075,163.3705609710887,680.6568310130388,246.71689595561475
1,0,0,0,0,0,0,0,48.058575950562954,69.0218759700656,123.83746402338147,61.22927495744079
45,0,0,3,7,0,3,1,30.198551015928388,40.20710592158139,398.81149400025606,144.43615498021245
40,0,0,1,5,0,3,1,79.61798692122102,90.72372200898826,421.5353699401021,145.68314200732857
31,0,0,1,6,0,3,2,77.10387196857482,83.79022497683764,410.53809702862054,149.32416006922722
37,0,0,5,7,0,4,17,120.00348896253854,161.74598305951804,2768.0097160628065,1114.3477769801393
86,0,0,8,16,0,4,1,71.52852206490934,170.55482708383352,14922.716752043925,3715.451074996963
7,0,0,2,1,0,2,0,103.0390600208193,156.25817002728581,267.89644500240684,128.07350500952452
29,0,0,3,5,0,4,45,88.37045007385314,96.18682193104178,928.3165349625051,549.0604409715161
37,0,0,1,5,0,3,1,69.41314099822193,82.3925209697336,388.61717702820897,140.90598898474127
72,0,0,5,13,0,4,1,90.7788259210065,98.32427196670324,2794.0907259471714,618.8974019605666
26,0,0,5,4,0,4,106,104.31197192519903,115.24646496400237,5381.366846966557,2211.725281085819
23,0,0,1,2,0,2,1,70.11559407692403,84.8319809883833,309.2281309654936,73.41677299700677
19,0,0,3,2,0,4,0,62.327013933099806,81.69820497278124,587.9073230316862,271.50719601195306
12,0,0,0,2,0,3,795,68.70807695668191,94.24124099314213,164.28392298985273,99.80638092383742
33,0,0,1,4,0,3,1,33.81628205534071,42.06348699517548,177.86125501152128,131.57912204042077
7,0,0,2,1,0,2,3830,36.56027198303491,40.74278997723013,181.68644595425576,127.95053096488118
19,0,0,0,3,0,3,33,77.23035698290914,83.47838302142918,190.2253890875727,76.64581097196788
21,0,0,5,0,0,1,0,66.64323504082859,99.02029193472117,4204.003912047483,2227.3647600086406
45,0,0,6,8,0,4,5,96.44010302145034,108.87263901531696,11713.403183035553,3679.0961109800264
3,0,0,0,0,0,0,1684,44.50960096437484,61.81239697616547,116.00274196825922,88.52429897524416
37,0,0,3,6,0,4,1,133.25225200969726,169.30024500470608,389.5196180092171,143.35429994389415
40,0,0,9,7,0,4,0,197.92084209620953,247.23148893099278,20583.32958095707,7610.6202530208975
24,0,0,4,3,0,3,53,194.95558901689947,256.9251980166882,1271.6738110175356,544.7098079603165
6,0,0,3,0,0,1,3830,18.344686017371714,24.380674003623426,332.19122304581106,186.0079449834302
38,0,0,7,7,0,4,0,413.6052990797907,410.42444901540875,4740.18134502694,1791.548862005584
31,0,0,1,4,0,3,1,60.666774050332606,81.53441490139812,366.69428704772145,150.39765101391822
17,0,0,3,3,0,3,2875,216.97455807588995,279.39930302090943,690.7125120051205,250.94092590734363
47,0,0,5,6,0,4,1,110.54941907059401,162.13484795298427,2932.875534053892,1192.5451470306143
19,0,0,3,3,0,3,335,83.60340900253505,101.86160902958363,1185.419965069741,515.0398160330951
32,0,0,3,5,0,3,3,41.34697199333459,44.35176600236446,1262.7392900176346,294.36896299012005
9,0,0,0,2,0,3,2875,115.16476992983371,140.99309500306845,197.88539002183825,169.55325694289058
2,0,0,1,0,0,1,3830,12.249849969521165,15.473187901079655,65.18525199498981,65.23046793881804
37,0,0,2,5,0,3,1,67.33370199799538,81.7319619236514,506.45262096077204,202.78671698179096
36,0,0,8,4,0,3,74,108.57054009102285,143.9274160657078,38065.23638404906,14542.146212887019
13,0,0,2,1,0,2,22,105.6113550439477,156.80940309539437,290.16826197039336,141.8338679941371
20,0,0,3,3,0,3,52,147.48020900879055,101.70624603051692,1674.5093080680817,607.549203094095
22,0,0,2,2,0,3,12,80.57501399889588,118.83742699865252,800.4544669529423,429.3454340659082
23,0,0,1,5,0,3,2,74.48592700529844,86.26272203400731,346.57265909481794,133.37309192866087
86,0,0,8,16,0,4,1,90.81924799829721,91.84717491734773,57838.90067099128,17714.64700298384
27,0,0,2,5,0,3,1,79.46109108161181,88.8511409284547,392.72539294324815,147.9410449974239
16,0,0,6,2,0,3,3830,17.58917805273086,22.896028007380664,1208.1807979848236,827.0910900318995
86,0,0,8,16,0,4,1,81.87589701265097,90.11691191699356,29276.687780045904,8605.108309071511
30,0,0,2,4,0,3,2,71.07935205567628,88.33660290110856,563.4402619907632,133.7723439792171
18,0,0,1,0,0,1,43,27.772829052992165,39.446162059903145,151.15046396385878,73.01843899767846
36,0,0,4,6,0,3,3,91.39528998639435,95.78014793805778,2919.430684996769,1171.557930065319
37,0,0,6,3,0,2,6,80.08010394405574,93.57127896510065,10551.075084949844,4530.298754107207
87,0,0,9,16,0,4,1,142.21362897660583,149.56195408012718,60000.0,17616.029173950665
27,0,0,3,4,0,3,1,140.09615092072636,171.07334500178695,670.0749020092189,228.2614909345284
29,0,0,1,5,0,3,1,107.76348900981247,156.16424300242215,177.3580270819366,71.22329901903868
39,0,0,2,6,0,3,1,71.65813504252583,88.78946397453547,764.6462609991431,278.5520430188626
87,0,0,9,16,0,4,1,81.45870990119874,88.8955689733848,60000.0,33317.849298007786
40,0,0,3,9,0,4,1,80.9133619768545,96.46954701747745,765.5809500720352,274.55742901656777
51,0,0,3,9,0,3,1,48.255214001983404,85.72263596579432,1631.0138029512018,534.5350360730663
37,0,0,6,3,0,2,3,66.17984594777226,83.85701407678425,3756.1978970188648,2244.1252400167286
23,0,0,0,3,0,3,0,85.94676200300455,89.24011304043233,195.75850607361645,85.50294092856348
27,0,0,1,5,0,4,1,63.7943489709869,82.65533798839897,221.52859694324434,72.75172404479235
31,0,0,1,6,0,3,1,64.4876699661836,79.28477507084608,377.5161299854517,142.69659691490233
8,0,0,2,0,0,1,939,28.583467938005924,40.66900594625622,457.1776030352339,238.61885396763682
15,0,0,4,2,0,4,3062,205.64101892523468,275.8965539978817,648.7747250357643,312.9165939753875
60,0,0,4,9,0,3,0,46.99639603495598,52.105022012256086,2976.2290209764615,816.0431849537417
27,0,0,1,4,0,3,26,78.01123103126884,82.76346605271101,379.8711949493736,152.29826897848397
33,0,0,2,6,0,3,1,69.03715908993036,83.23805895633996,768.4547189855948,296.1174550000578
58,0,0,4,7,0,3,1,114.49977196753025,163.70828193612397,1652.9685029527172,594.5151359774172
38,0,0,10,4,0,3,3,105.58318998664618,137.19802803825587,60000.0,33090.58014699258
24,0,0,6,3,0,4,36,292.5908010220155,484.4938669120893,4683.253153925762,2083.4757279371843
36,0,0,5,3,0,2,0,103.25334197841585,151.809285976924,2290.6186300097033,1020.98018291872
5,0,0,0,0,0,0,90,52.9770270222798,74.95835400186479,136.5306939696893,71.05294603388757
16,0,0,3,2,0,3,1315,152.39045303314924,191.61763798911124,264.42032295744866,128.3367519499734
33,0,0,5,6,0,4,0,140.13621606864035,180.7464490411803,2606.4477199688554,1087.1561509557068
44,0,0,2,5,0,3,1,62.067636055871844,80.84652991965413,106.45321395713836,36.595801007933915
32,0,0,2,5,0,3,2,49.6355410432443,51.548799965530634,396.3994240621105,132.99703097436577
33,0,0,3,5,0,4,2,91.00585104897618,99.96598202269524,1383.9966210070997,540.2383110485971
22,0,0,1,4,0,4,1,38.1801180774346,42.89702698588371,171.31066601723433,71.38752297032624
3,0,0,0,0,0,0,2490,16.068400000222027,21.930322982370853,48.145047039724886,58.7756639579311
31,0,0,3,6,0,4,52,321.9719199696556,294.82498299330473,720.3010249650106,257.8519870294258
28,0,0,4,2,0,3,0,48.890209989622235,68.46738199237734,1128.530431073159,469.1322090802714
38,0,0,8,6,0,4,0,125.54864690173417,167.226676014252,19948.845436098054,8083.966623991728
34,0,0,1,7,0,4,1,70.64214302226901,84.23398400191218,407.10506890900433,149.02036904823035
16,0,0,4,2,0,4,3062,194.95149399153888,230.30437796842307,1653.0168229946867,601.7047769855708
28,0,0,0,3,0,3,5,104.3201929423958,82.90927903726697,221.8371930066496,79.55533498898149
31,0,0,5,6,0,3,40,76.7282530432567,90.7433150568977,2731.6573839634657,1075.3246070817113
4,0,0,2,0,0,1,3830,14.758353005163372,18.979502026923,141.94016600959003,101.52070911135525
34,0,0,6,4,0,4,1,114.56048605032265,117.62927193194628,10377.912841038778,4467.866939958185
31,0,0,1,6,0,3,1,63.16691299434751,81.09175402205437,195.82989194896072,77.53774896264076
49,0,0,4,6,0,4,0,34.135297988541424,40.80450697802007,3213.06558791548,1008.5947558982298
27,0,0,1,5,0,3,1,68.56012507341802,83.66899902466685,379.02549596037716,149.65775795280933
31,0,0,1,6,0,3,1,143.80840701051056,78.41977302450687,328.07415002025664,160.49941501114517
10,0,0,0,1,0,1,238,75.11977304238826,110.13458401430398,209.05900292564183,111.19996604975313
85,0,0,7,16,0,4,1,78.25203391257674,85.69095598068088,32049.867457943037,7657.252924051136
39,0,0,3,6,0,4,12,70.66557405050844,83.1476110033691,1427.7073970297351,564.8014330072328
24,0,0,1,4,0,3,106,83.5672749672085,98.93904405180365,389.953576028347,153.90750498045236
34,0,0,5,5,0,4,1,71.37332495767623,83.35456205531955,745.0002949917689,280.5952439084649
11,0,0,3,1,0,2,251,102.48658701311797,147.08617294672877,1263.2200720254332,725.5629890132695
12,0,0,3,1,0,1,325,201.05395291466266,299.8538240790367,634.891778929159,361.61291401367635
30,0,0,4,5,0,3,2,133.73784301802516,136.77453505806625,1535.8027899637818,279.5603700214997
23,0,0,3,3,0,4,31,69.63151297532022,84.97920399531722,1268.6866129515693,575.9253419237211
13,0,0,0,0,0,0,0,28.41784304473549,73.99714295752347,149.06561700627208,75.15451905783266
37,0,0,1,6,0,3,1,58.76174906734377,82.98809302505106,384.6495340112597,148.8345719408244
11,0,0,1,1,0,1,112,122.84213094972074,82.35461206641048,369.0353169804439,151.34637500159442
17,0,0,1,2,0,3,307,75.29409392736852,92.96202100813389,330.2533139940351,157.15371607802808
25,0,0,2,4,0,3,1,228.03903394378722,250.9958070004359,337.19208906404674,138.72327096760273
45,0,0,2,7,0,3,1,69.56391397397965,84.27626092452556,785.4742560302839,294.40415499266237
40,0,0,4,4,0,3,1,55.979594006203115,81.61173993721604,1469.1918699536473,413.8145809993148
23,0,0,4,2,0,3,93,83.92201899550855,103.8892709184438,1109.0795960044488,585.6893990421668
13,0,0,5,1,0,2,3830,24.722571950405836,33.33701705560088,997.1282840706408,714.2728669568896
64,0,0,4,9,0,3,1,81.81298093404621,87.46514597442001,3561.6738559911028,1088.5297699132934
4,0,0,1,0,0,1,2490,35.91530094854534,49.05973095446825,140.80653002019972,93.23048603255302
45,0,0,5,6,0,4,1,54.647248005494475,42.71773807704449,2039.7203960455954,850.0357699813321
33,0,0,1,6,0,3,0,111.57605797052383,161.56792198307812,191.82023801840842,76.19226595852524
27,0,0,2,4,0,3,1,80.18896798603237,99.58320099394768,802.889073966071,364.22331805806607
15,0,0,2,2,0,4,538,49.417492002248764,51.704632001928985,267.583288019523,131.05422095395625
58,0,0,1,7,0,3,1,68.84454505052418,81.4137989655137,444.7167089674622,148.87559099588543
35,0,0,6,5,0,3,2,122.63809295836836,172.15553601272404,4233.78558002878,1645.888505037874
24,0,0,7,4,0,4,2583,340.89193993713707,467.45490399189293,4117.0694009633735,2507.7971450518817
34,0,0,3,5,0,4,1,36.30356304347515,83.11675197910517,1349.8163960175589,555.4802840342745
2,0,0,0,0,0,0,3830,16.117035993374884,20.348840043880045,70.3762819757685,68.339011981152
35,0,0,7,4,0,3,1,95.49083199817687,97.77096298057586,11854.943020967767,4214.491450926289
28,0,0,2,3,0,3,2,62.703425996005535,83.92787503544241,680.4945850744843,288.71194005478173
35,0,0,5,6,0,4,3,86.3817110657692,92.98007201869041,1501.3778250431642,569.3139750510454
7,0,0,2,1,0,2,3830,20.372477010823786,26.91465790849179,275.1790990587324,172.31785401236266
41,0,0,1,7,0,3,1,85.18464304506779,87.78848999645561,409.93438800796866,144.32708092499524
30,0,0,5,4,0,4,635,393.81286094430834,392.3727049259469,2386.4863980561495,1060.9439089894295
29,0,0,3,4,0,3,0,25.19958501216024,37.44676592759788,1277.3404539329931,509.42455092445016
29,0,0,2,5,0,3,1,132.16869405005127,170.19007203634828,406.7541729891673,159.33197806589305
20,0,0,0,4,0,3,10,65.28502202127129,79.6189229004085,175.58270401787013,73.89696093741804
28,0,0,2,5,0,4,1,62.58304696530104,84.49163194745779,698.8524129847065,293.0733000393957
26,0,0,1,3,0,2,1,58.177015045657754,80.81767801195383,343.64658605773,149.54493893310428
6,0,0,2,0,0,1,0,103.08444302063435,146.4685540413484,249.27168700378388,71.25964993610978
9,0,0,2,0,0,1,7,102.43976605124772,154.82562396209687,274.59477609954774,136.14688301458955
34,0,0,1,6,0,4,1,53.50981396622956,77.28830899577588,351.05667798779905,139.0605509513989
27,0,0,1,4,0,3,1,67.68700003158301,84.94476205669343,371.8384850071743,148.2148190261796
25,0,0,3,4,0,3,212,63.57145693618804,51.89782800152898,1226.6916540684178,599.662545020692
19,0,0,1,3,0,3,0,52.68093210179359,75.58914495166391,319.49334498494864,138.28548195306212
24,0,0,5,2,0,3,48,65.93740300741047,114.1086119459942,2574.4867839384824,999.1110130213201
16,0,0,3,1,0,2,182,39.02480297256261,63.52859304752201,1050.279441056773,659.4834600109607
31,0,0,7,2,0,3,4,73.99784890003502,91.15614404436201,8648.442604928277,4350.15033907257
18,0,0,0,2,0,3,0,52.84812499303371,74.17022495064884,155.404798919335,70.1431940542534
21,0,0,3,3,0,5,0,93.99634297005832,84.60843993816525,637.6040120376274,278.9493859745562
14,0,0,2,1,0,2,2,61.03643402457237,87.90610206779093,309.60519902873784,152.55870600230992
13,0,0,2,1,0,1,2,63.16073692869395,90.23603401146829,580.4296400165185,285.5189819820225
32,0,0,6,5,0,4,2,146.7036969261244,188.6574459495023,5754.589597927406,1123.2216090429574
24,0,0,2,4,0,3,1,44.43655104842037,46.222823089919984,356.7817820003256,138.0459440406412
23,0,0,2,4,0,3,1,86.63550904020667,90.38586204405874,706.4197789877653,286.7010460468009
45,0,0,3,8,0,4,1,83.72285007499158,93.17240701057017,589.7010959452018,175.15411297790706
3,0,0,0,0,0,0,2490,15.930203022435308,22.297369898296893,94.84009491279721,62.29228898882866
52,0,0,3,11,0,4,1,33.91326393466443,44.082541950047016,1179.2336789658293,556.8207519827411
2,0,0,0,0,0,0,2320,36.89805697649717,51.863845088519156,104.87591696437448,82.39171002060175
84,0,0,6,16,0,4,0,83.4612650796771,90.30450298450887,16189.654333982617,4316.305611981079
87,0,0,9,16,0,4,1,82.9284330829978,88.5677490150556,58559.89546899218,17221.3808769593
20,0,0,2,2,0,3,84,66.2829449865967,87.99421705771238,622.9673189809546,274.88231798633933
10,0,0,1,1,0,1,56,110.869787982665,169.07526599243283,159.5798450289294,84.091737982817
37,0,0,6,3,0,2,2,315.5854190699756,358.38811204303056,5525.156176066957,2141.0956899635494
14,0,0,3,2,0,2,1552,86.58919006120414,104.63363793678582,1261.405514087528,602.0147090312093
32,0,0,1,7,0,4,1,65.63801504671574,79.77927196770906,397.49799796845764,70.01146301627159
30,0,0,3,4,0,3,3,67.81938194762915,87.20582793466747,1386.9650979759172,594.045819947496
20,0,0,3,4,0,4,0,127.93632899411023,197.63172790408134,710.4937330586836,370.32290000934154
18,0,0,2,2,0,3,48,59.18072094209492,79.99834197107702,516.0685889422894,129.20354201924056
32,0,0,1,3,0,3,1,55.771328043192625,76.20118104387075,343.15888909623027,138.78091995138675
41,0,0,1,5,0,3,1,31.73192497342825,39.56591000314802,197.0136039890349,73.3589909505099
36,0,0,0,4,0,3,1,40.14988604467362,45.510370982810855,211.458781035617,75.05083899013698
11,0,0,1,1,0,2,0,63.49500804208219,93.17403798922896,329.90643300581723,179.6158750075847
20,0,0,1,2,0,3,27,56.10456701833755,80.83587407600135,331.2080359319225,150.54761397186667
74,0,0,4,13,0,4,0,25.670559029094875,36.52455797418952,2675.967231974937,1038.161390926689
42,0,0,3,8,0,4,4,82.92065805289894,90.75536800082773,1292.230567894876,286.69699700549245
34,0,0,4,4,0,3,6,68.16206604707986,83.72660400345922,2941.686397069134,1198.9767519989982
32,0,0,2,5,0,3,1,108.1805289722979,93.8273899955675,759.4194799894467,274.5947039220482
42,0,0,1,5,0,3,1,67.51516496296972,87.37280103377998,381.0467120492831,138.46595701761544
32,0,0,1,6,0,3,2,44.78702798951417,43.292311020195484,207.29857694823295,72.58046907372773
21,0,0,2,3,0,3,118,33.003645949065685,44.36984402127564,570.6235310062766,279.48189491871744
32,0,0,2,6,0,4,1,79.3482520384714,88.77394802402705,739.8458429379389,286.8838750291616
9,0,0,2,1,0,1,111,42.29535802733153,59.59447007626295,309.34128793887794,289.9447228992358
16,0,0,0,3,0,3,0,63.819111906923354,73.18652200046927,166.76278703380376,66.33084802888334
28,0,0,2,3,0,3,1,57.617809041403234,82.11770607158542,682.4039130005985,299.0168540272862
36,0,0,6,7,0,4,370,246.06787995435297,232.6290459604934,5913.804191048257,1640.7064070226625
19,0,0,7,1,0,2,1383,51.639850018545985,37.520901998504996,15751.95279403124,8130.171990022063
18,0,0,1,4,0,3,14,178.83352690842003,104.55365001689643,524.8019599821419,157.78502391185611
32,0,0,4,4,0,3,1,93.62807194702327,95.10077303275466,2859.215361997485,1150.6798069458455
26,0,0,2,3,0,3,2,68.17131594289094,82.29495398700237,328.48828996066004,144.2867440637201
6,0,0,0,0,0,0,0,48.96376805845648,68.71954700909555,128.43407201580703,60.85647002328187
42,0,0,2,6,0,4,1,61.087293084710836,81.3976910430938,390.0231480365619,149.54478503204882
22,0,0,1,5,0,4,1,60.96806493587792,80.28067194391042,343.1496659759432,144.8172889649868
36,0,0,4,4,0,4,4,77.6668539037928,88.89164100401103,2790.2731980429962,1112.9651510855183
41,0,0,10,7,0,4,1708,238.884742022492,329.2899189982563,40378.76164796762,15171.797748073004
24,0,0,1,4,0,3,2,67.67664104700089,84.74970504175872,369.2160058999434,148.85093900375068
22,0,0,2,3,0,3,52,75.78879897482693,100.7381851086393,732.6714660739526,346.2892989628017
23,0,0,6,3,0,4,3062,334.49328294955194,498.5012700781226,5038.780584931374,2294.101963052526
23,0,0,1,3,0,3,8,63.41909000184387,81.95419900584966,348.7945100059733,149.4187490316108
37,0,0,6,3,0,2,1,119.17110695503652,165.93304299749434,5714.880440034904,2121.145208948292
37,0,0,3,4,0,3,1,92.9979489883408,96.36457299347967,1494.6846331004053,585.3114359779283
11,0,0,2,2,0,5,3062,23.09237699955702,23.416433949023485,124.48849307838827,141.35167293716222
38,0,0,6,7,0,3,5,135.19255898427218,182.38370690960437,4769.938896992244,2220.736310002394
31,0,0,4,6,0,4,17,118.41797293163836,112.51546500716358,1739.192303037271,370.12883194256574
20,0,0,3,3,0,5,0,48.29099297057837,68.42506502289325,826.7780309543014,357.21267492044717
34,0,0,1,5,0,4,1,105.25268700439483,95.56877496652305,417.9103469941765,144.66154610272497
41,0,0,3,3,0,4,1,67.18985398765653,83.7709050392732,1342.8566129878163,553.8129339693114
40,0,0,0,6,0,3,0,62.777164042927325,81.686832010746,205.66269208211452,76.661856030114
38,0,0,7,3,0,2,3,80.45825397130102,107.35116293653846,21513.66271392908,7635.612667072564
21,0,0,6,2,0,2,2320,133.78091901540756,185.60005398467183,4767.896136967465,2585.0244220346212
19,0,0,1,4,0,3,27,185.18639996182173,140.03181690350175,563.3529810002074,162.449121940881
29,0,0,3,3,0,3,7,75.94316406175494,94.08806101419032,1416.2945270072669,591.3048220099881
84,0,0,6,16,0,4,1,99.50013598427176,109.23946497496217,15056.093491031788,4222.39351994358
22,0,0,5,3,0,3,113,157.215537969023,217.79086801689118,2121.9494689721614,1026.376574067399
39,0,0,3,6,0,3,1,69.56545205321163,82.60025398340076,1569.610248086974,552.2260220022872
26,0,0,6,3,0,3,31,80.98241791594774,118.06987901218235,7260.801905067638,2217.666188022122
28,0,0,1,4,0,3,1,78.53278808761388,88.43833894934505,360.20877701230347,144.8005420388654
53,0,0,3,7,0,3,1,58.24133497662842,80.63947001937777,831.9068310083821,297.387741971761
39,0,0,10,4,0,3,104,123.10957396402955,108.95552695728838,60000.0,32155.050651053898
36,0,0,0,5,0,3,0,70.14097599312663,80.53247700445354,194.57482907455415,71.60174194723368
31,0,0,3,6,0,3,2,73.56076699215919,93.0791930295527,1419.825462042354,571.5412809513509
27,0,0,2,4,0,3,0,25.402109953574836,35.79186601564288,353.2770919846371,253.16943402867764
43,0,0,1,4,0,3,1,77.01011700555682,80.77104797121137,414.5978029118851,150.7667989935726
40,0,0,9,3,0,2,13,85.81249800045043,104.25384703557938,60000.0,29388.147164019756
22,0,0,3,2,0,3,4,228.87406405061483,236.75848706625402,507.64363701455295,270.87171596940607
25,0,0,3,5,0,4,25,94.9897529790178,117.55331396125257,1166.40882298816,301.8417499260977
19,0,0,2,3,0,2,8,120.67350198049098,161.65960405487567,336.82663191575557,145.51223500166088
32,0,0,3,5,0,4,0,68.79806402139366,90.52533295471221,1338.1822369992733,569.5700770011172
10,0,0,0,2,0,3,68,57.29913292452693,82.09615398664027,155.29819100629538,74.37719299923629
37,0,0,8,4,0,3,13,117.6487390184775,162.10495599079877,10451.70776906889,4358.873080112971
31,0,0,3,6,0,3,0,162.3974209651351,142.73307600524276,712.5393410678953,261.9701110525057
35,0,0,3,3,0,3,6,70.76141296420246,88.07428798172623,1433.9735229732469,596.696449094452
7,0,0,1,1,0,2,1383,35.88235401548445,32.17496792785823,243.28583001624793,157.6044699177146
20,0,0,1,3,0,4,1,79.92943504359573,87.80002000276,336.96515194606036,150.92321508564055
29,0,0,5,2,0,3,0,77.9461869969964,72.41313706617802,5224.283718969673,2044.4723239634186
67,0,0,2,13,0,4,1,72.90206104516983,86.85829094611108,493.490205029957,138.2455580169335
34,0,0,3,6,0,3,1,71.0604409687221,88.9942500507459,1461.9893199997023,559.8543239757419
38,0,0,5,7,0,4,0,57.01125704217702,80.36472206003964,4956.4498629188165,2013.4264139924198
6,0,0,1,1,0,2,1031,54.308302933350205,73.34709807764739,129.79869404807687,79.54737299587578
41,0,0,4,3,0,3,1,72.1652900101617,87.76284998748451,1600.532643031329,696.756643941626
36,0,0,8,4,0,3,1,111.36754509061575,126.44264800474048,20355.48334894702,8617.609548964538
37,0,0,8,4,0,3,13,71.54971605632454,70.12036291416734,19594.524521031417,7764.779516030103
19,0,0,4,3,0,3,62,77.5759209645912,105.17938900738955,2408.0805720295757,1072.4874479928985
33,0,0,2,3,0,3,3,73.46838607918471,90.20308102481067,702.3457241011783,297.9053120361641
83,0,0,8,16,0,4,1,269.252942991443,208.5969530744478,21958.389787003398,3129.2172269895673
17,0,0,3,1,0,1,112,116.98772700037807,159.406271064654,591.4314140100032,274.292018963024
43,0,0,3,5,0,3,1,76.0670310119167,87.62877807021141,1683.891227003187,571.237290976569
20,0,0,2,3,0,4,72,122.8971459204331,161.49236203636974,171.55423597432673,74.89931210875511
12,0,0,1,1,0,2,182,76.2721779756248,107.07491007633507,156.4643499441445,163.13313401769847
24,0,0,2,4,0,3,2,72.4269449710846,86.25980699434876,674.063342041336,280.5512039922178
44,0,0,3,4,0,3,1,68.60131595749408,81.18001895491034,1298.1822879519314,687.5242119422182
27,0,0,2,3,0,3,1,59.81840705499053,82.16249605175108,648.2830679742619,294.22009305562824
15,0,0,1,2,0,3,0,53.45633497927338,78.77255708444864,312.14836006984115,143.09874107129872
28,0,0,8,3,0,3,2320,348.62723504193127,489.67269295826554,13638.380351942033,5192.667123046704
4,0,0,1,0,0,1,907,49.01251499541104,53.88604197651148,116.8074959423393,73.97849590051919
31,0,0,4,4,0,3,2,66.45657098852098,84.70225299242884,1238.0977540742606,293.0294149555266
7,0,0,3,0,0,1,3062,40.777808986604214,56.72765907365829,488.77692106179893,279.94127199053764
29,0,0,1,5,0,3,1,79.26164905074984,91.72646794468164,355.62173707876354,139.09023301675916
43,0,0,1,3,0,3,1,31.735250959172845,39.84314494300634,191.68252998497337,72.90252391248941
33,0,0,1,5,0,3,1,64.77251509204507,79.15548596065491,373.0709559749812,141.22178207617253
14,0,0,1,2,0,3,1236,81.31302299443632,107.66643797978759,305.22799398750067,178.19777701515704
52,0,0,1,5,0,3,1,55.4160550236702,81.97989698965102,401.4511309796944,150.31569998245686
41,0,0,10,7,0,4,1978,331.67798398062587,489.7191730560735,37737.51665407326,15334.434780990705
29,0,0,4,5,0,3,0,55.53677200805396,81.77969697862864,1918.4797399211675,980.6854620110244
22,0,0,2,2,0,3,0,271.48964791558683,283.1103119533509,334.60222091525793,142.45948696043342
36,0,0,5,3,0,3,2,69.28752595558763,85.16605501063168,2001.7656940035522,546.0841660387814
62,0,0,1,7,0,3,1,55.92394305858761,77.07512902561575,413.80466404370964,136.93576003424823
21,0,0,1,3,0,3,28,102.87921701092273,87.42081094533205,392.06884300801903,72.91738607455045
29,0,0,3,5,0,4,207,533.7817079853266,520.8607390522957,763.0797070451081,302.20173799898475
44,0,0,1,6,0,3,1,35.18017695751041,40.2558040805161,105.19045102410018,35.45398497954011
32,0,0,5,5,0,3,4,59.56672003958374,76.72082399949431,1162.5992950284854,560.3468290064484
56,0,0,1,10,0,3,1,120.87968899868429,164.76790595334023,238.95393102429807,77.05349090974778
39,0,0,2,5,0,3,1,119.9485519900918,166.3523360621184,407.43029897566885,148.26462301425636
4,0,0,0,1,0,1,59,71.0169259691611,96.05514805298299,145.74571105185896,84.0024029603228
22,0,0,4,3,0,4,0,183.38232696987689,100.88067094329745,2091.1668920889497,591.2757989717647
39,0,0,7,7,0,4,236,127.41992296651006,179.32965699583292,11111.953458981588,4516.422645072453
10,0,0,1,3,0,4,3830,10.74355689343065,12.952246004715562,246.97516509331763,156.500464072451
31,0,0,2,5,0,3,1,130.9523709351197,169.83039595652372,414.5375760272145,148.92810303717852
19,0,0,1,3,0,2,1,64.89610695280135,79.80645005591214,335.08589502889663,145.66481590736657
9,0,0,2,2,0,2,3830,13.940721983090043,18.45087797846645,338.9947849791497,217.1753189759329
30,0,0,6,2,0,3,0,70.53328899201006,84.71832401119173,4195.563528104685,2113.6403299169615
69,0,0,6,13,0,4,1,92.83504693303257,115.0521079543978,15046.29865498282,3527.950998977758
52,0,0,2,6,0,3,1,34.29234109353274,40.61085602734238,738.0292690359056,291.74690297804773
22,0,0,1,4,0,3,1,59.984126011841,81.66596305090934,214.01074202731252,79.4975400203839
44,0,0,1,8,0,3,0,63.77393496222794,81.51013404130936,419.0489570610225,141.3410110399127
18,0,0,1,3,0,3,65,70.48379606567323,88.85959896724671,183.35485307034105,71.82111195288599
4,0,0,1,0,0,1,2490,55.58737204410136,80.59221808798611,96.20338107924908,66.27572199795395
36,0,0,4,7,0,3,0,128.65591899026185,168.92102803103626,1569.6747060865164,558.3404380595312
2,0,0,1,0,0,1,3830,12.082731002010405,15.169490012340248,64.63852908927947,64.11678693257272
86,0,0,8,16,0,4,1,149.94623593520373,185.63558801542968,25030.269637936726,8464.310078998096
27,0,0,0,3,0,2,1,92.81806601211429,51.33442103397101,89.33059906121343,35.86726705543697
38,0,0,4,4,0,3,2,55.213211104273796,77.82555895391852,2705.3368570050225,1089.30892101489
14,0,0,5,0,0,1,622,116.00588809233159,172.06467303913087,1969.8316439753398,997.6579280337319
37,0,0,1,6,0,3,1,30.033728922717273,40.13883403968066,196.3911181082949,75.04128804430366
62,0,0,1,11,0,3,1,68.36666795425117,83.74279097188264,482.9143239185214,147.65823702327907
8,0,0,3,0,0,1,1383,176.20943894144148,260.0612570531666,399.5593540603295,201.397993019782
23,0,0,2,4,0,4,26,80.96958498936146,92.24699903279543,734.1722450219095,340.22590098902583
24,0,0,2,3,0,3,30,235.81746604759246,221.63955704309046,484.5532129984349,107.57436696439981
23,0,0,5,3,0,4,102,92.26780699100345,99.68392294831574,2378.4720220137388,1037.0766930282116
15,0,0,5,2,0,3,2583,158.5953339235857,216.51592594571412,1678.4303450258449,599.2564420448616
37,0,0,4,5,0,4,3,37.06311003770679,43.99897996336222,1485.0735979853198,1183.7274020072073
37,0,0,2,4,0,2,1,117.89946793578565,81.90648898016661,807.1157279191539,327.5435030227527
27,0,0,1,3,0,3,1,78.24237004388124,84.44766805041581,314.9855099618435,150.4447580082342
34,0,0,3,5,0,3,1,36.76368994638324,46.67469300329685,699.5476100128144,279.2876480380073
20,0,0,1,2,0,2,1,76.47797302342951,86.35530900210142,332.80683495104313,145.08473908063024
30,0,0,1,6,0,3,1,129.35005698818713,161.10081796068698,203.83585500530899,71.47638197056949
22,0,0,2,3,0,3,45,68.31184204202145,86.14260796457529,684.6347720129415,295.12309201527387
21,0,0,2,2,0,4,93,69.28938801866025,88.21563399396837,635.7560269534588,292.8823749534786
66,0,0,1,13,0,3,1,72.10994802881032,84.09174508415163,515.1242059655488,140.13936696574092
30,0,0,4,5,0,3,8,130.3412929410115,141.1872289609164,1553.3755470532924,578.3243209589273
23,0,0,1,6,0,3,7,117.03777208458632,80.77522704843432,536.5947680547833,144.29783797822893
16,0,0,2,2,0,4,829,86.22569299768656,104.27898704074323,535.2664390811697,281.9874829147011
34,0,0,5,3,0,3,1,68.89522902201861,86.51535504031926,4929.093295941129,1400.113420910202
41,0,0,7,4,0,4,1,152.38483902066946,176.4128739014268,11166.433476959355,4392.033212934621
18,0,0,2,2,0,3,11,62.509512063115835,83.51373800542206,329.0837339591235,147.80971396248788
6,0,0,2,0,0,1,0,102.62154892552644,157.40987204480916,279.61447602137923,142.71118701435626
36,0,0,2,3,0,2,1,67.93965597171336,80.925905960612,741.9513539643958,290.951841045171
8,0,0,2,1,0,2,650,61.89227709546685,80.58943098876625,243.48632898181677,128.2255630940199
36,0,0,5,3,0,2,1,73.17074306774884,92.99146791454405,5466.212703031488,2177.923245006241
34,0,0,2,5,0,3,1,67.51882005482912,82.78410800267011,737.2999640647322,280.29053402133286
32,0,0,1,5,0,3,0,66.963603021577,81.96317299734801,392.3306619981304,145.9015430882573
4,0,0,0,1,0,1,352,112.93664609547704,147.854370996356,123.24676907155663,88.97176501341164
39,0,0,7,7,0,4,0,131.23899104539305,168.42146194539964,2573.788433917798,626.0361169697717
22,0,0,4,3,0,3,335,124.04496304225177,171.68703908100724,1271.0244019981474,554.0631589246914
20,0,0,1,2,0,2,1,33.84776506572962,41.14283493254334,155.52851103711873,124.7178060002625
12,0,0,1,2,0,3,1978,143.26425699982792,146.36316592805088,391.8575090356171,199.6403189841658
1,0,0,0,0,0,0,3830,11.184277944266796,12.89706991519779,64.70321293454617,63.03071905858815
34,0,0,1,7,0,4,2,82.8567409189418,95.23192699998617,416.9524220051244,146.41457295510918
4,0,0,1,0,0,1,2320,41.16204904858023,57.8704159706831,254.83242701739073,162.45726600755006
31,0,0,2,1,0,2,1,55.355504038743675,81.80079201702029,331.647988059558,152.47113700024784
31,0,0,5,5,0,3,2,85.80912207253277,98.09714602306485,4808.659759000875,2119.096262031235
30,0,0,0,5,0,3,1,56.871193926781416,78.15890398342162,180.15274894423783,71.80910999886692
21,0,0,1,3,0,3,22,65.23838499560952,87.83092291560024,334.58115602843463,144.95348394848406
27,0,0,4,4,0,4,38,74.67526197433472,175.16746709588915,1250.8689700625837,458.5620400030166
34,0,0,6,4,0,3,0,102.30889997910708,155.44148697517812,4389.679870917462,1586.0119950957596
38,0,0,6,7,0,4,0,141.25755103304982,177.1473929984495,5214.827102026902,1902.986445929855
13,0,0,2,1,0,3,2490,52.44925001170486,54.361014044843614,427.8219509869814,241.14504700992256
44,0,0,2,4,0,3,1,79.46038898080587,86.57510194461793,688.1924389163032,145.22849896457046
31,0,0,5,2,0,2,1,119.59919007495046,171.40791204292327,2522.5329329259694,1186.7703449679539
7,0,0,0,1,0,1,312,75.5909529980272,108.17170899827033,172.9525619884953,106.46524000912905
83,0,0,5,16,0,4,1,83.62515398766845,89.93104996625334,7268.147874972783,2148.667796049267
21,0,0,2,2,0,2,2,67.51287297811359,86.19179204106331,609.6431500045583,274.60974000860006
33,0,0,4,3,0,3,1,70.26654400397092,86.77142893429846,2517.061912920326,1052.812220994383
12,0,0,1,2,0,1,2,53.54495800565928,76.1150240432471,291.68614093214273,138.1587729556486
63,0,0,3,10,0,4,1,50.90062506496906,44.26865209825337,1531.0795119730756,581.8372979993001
48,0,0,2,9,0,4,1,57.44937201961875,82.33575092162937,621.2941700359806,263.5671520838514
22,0,0,0,4,0,3,2,41.63899109698832,51.09740293119103,141.52297307737172,95.94754106365144
29,0,0,5,2,0,3,1,70.41953306179494,93.67293294053525,2460.6195020023733,1060.7049210229889
24,0,0,0,4,0,3,0,50.624416093342006,71.97465293575078,156.65124799124897,61.12872494850308
32,0,0,2,4,0,3,1,70.52001392003149,86.65225096046925,712.0472110109404,272.8704159380868
27,0,0,1,4,0,4,13,61.70590699184686,82.60349405463785,181.29200907424092,76.83332997839898
47,0,0,1,4,0,3,0,80.96797298640013,90.83648002706468,427.7540959883481,144.77250492200255
20,0,0,3,3,0,3,104,194.216103060171,112.7392229391262,1821.2607039604336,508.3529920084402
14,0,0,0,2,0,3,0,53.22642403189093,77.16147706378251,153.12126802746207,69.80009097605944
8,0,0,3,1,0,2,1315,173.63059904891998,277.21544401720166,223.41472294647247,124.0890909684822
22,0,0,5,3,0,4,2320,331.365535967052,250.80893596168607,2156.1279059387743,1017.2731609782204
44,0,0,1,4,0,3,1,63.57319909147918,79.11442394834012,381.3810780411586,116.05445598252118
34,0,0,4,6,0,3,3,81.79766801185906,97.38278295844793,2789.0468039549887,1099.493678077124
29,0,0,2,5,0,3,1,32.89829392451793,43.548612971790135,205.68532194010913,143.4828370111063
33,0,0,2,4,0,3,1,73.27942503616214,86.77455503493547,713.2102879695594,273.0369659839198
10,0,0,0,1,0,1,13,55.597943952307105,80.59762394987047,101.47302597761154,36.63610096555203
27,0,0,0,3,0,3,1,67.41351308301091,82.09686109330505,184.7108150832355,76.42353000119328
5,0,0,0,1,0,1,0,56.642811046913266,80.13665792532265,145.7202029414475,76.55255706049502
25,0,0,2,2,0,3,39,36.843059002421796,86.38091804459691,738.6065650498495,356.60058399662375
29,0,0,1,4,0,3,1,80.39017405826598,87.45292492676526,368.6623900430277,134.41379298456013
30,0,0,3,5,0,4,2,68.55694798287004,84.62207007687539,197.872104938142,74.21642693225294
39,0,0,1,2,0,1,1,43.364270008169115,41.4710269542411,199.71072592306882,156.2963529722765
28,0,0,5,4,0,4,7,108.38350304402411,120.54506898857653,2377.952671959065,1054.5246780384332
32,0,0,4,6,0,4,2,73.71840300038457,94.9047280009836,1320.8091970300302,298.8479209598154
35,0,0,7,4,0,3,40,99.20591092668474,100.81662202719599,20217.607911094092,7415.626388043165
29,0,0,1,4,0,3,4,79.19463899452239,89.40027793869376,409.5554070081562,163.70497993193567
2,0,0,0,0,0,0,907,45.238201040774584,63.7258579954505,121.16486101876944,68.68131598457694
25,0,0,3,4,0,3,9,79.27235099487007,99.23827007878572,1263.1321579683572,530.133047956042
35,0,0,4,6,0,4,21,72.85434496589005,89.58751102909446,1672.7425400167704,910.2225280366838
22,0,0,5,3,0,3,1978,339.5698220701888,403.801551903598,2318.3040670119226,1019.8929329635575
8,0,0,2,1,0,1,122,236.54916090890765,334.3997629126534,288.0697810323909,112.12125897873193
38,0,0,7,7,0,4,54,93.50150101818144,106.30510107148439,9170.95216398593,3404.7983429627493
52,0,0,3,4,0,3,1,65.03685505595058,79.00296594016254,1560.6866439338773,568.9215250313282
31,0,0,1,6,0,3,2,69.20342810917646,82.79026497621089,381.259240093641,82.02955999877304
32,0,0,2,4,0,3,1,34.89342797547579,42.38851310219616,570.067445980385,290.7659549964592
35,0,0,3,4,0,3,1,86.77134406752884,89.26735806744546,1403.6502010421827,590.8190959598869
37,0,0,1,3,0,3,1,58.028450002893806,81.06399397365749,359.82616199180484,152.7149750618264
3,0,0,1,0,0,1,3830,21.36240596882999,29.129410977475345,68.97731102071702,68.394775968045
38,0,0,2,5,0,4,1,62.4874250497669,83.81035889033228,691.7627970688045,287.2978509403765
36,0,0,5,3,0,2,1,131.3594359671697,168.22305601090193,2615.365694044158,1120.3418989898637
28,0,0,2,5,0,3,1,94.98109295964241,94.74733797833323,747.9690699838102,190.6023130286485
26,0,0,1,4,0,3,2,68.38317704387009,83.44923995900899,366.4239909267053,147.5959629751742
33,0,0,4,6,0,4,49,143.58250400982797,180.2488670218736,1394.3489860976115,571.0118820425123
20,0,0,2,1,0,1,6,69.79972601402551,86.44678897690028,633.6136229801923,285.17701698001474
8,0,0,3,1,0,2,3830,18.860633950680494,24.391234037466347,187.97788093797863,84.62961402256042
15,0,0,1,2,0,2,46,34.010633011348546,41.81758698541671,83.60334089957178,38.86074002366513
27,0,0,8,3,0,4,3062,320.26753399986774,428.44796704594046,16095.120056997985,6871.760635985993
37,0,0,2,6,0,4,1,40.29389994684607,41.300709010101855,385.45317703392357,140.48140996601433
32,0,0,1,5,0,3,2,65.13720192015171,80.82127897068858,373.9537999499589,143.17414804827422
33,0,0,5,6,0,3,0,128.52464895695448,171.69436893891543,2706.566800014116,1091.1956339841709
33,0,0,4,6,0,4,49,71.69546408113092,86.1760270781815,461.7271349998191,143.00176105462015
42,0,0,1,4,0,3,1,33.838949049822986,40.815690997987986,202.62708293739706,73.51892092265189
48,0,0,2,8,0,3,1,61.27821805421263,82.63940794859082,814.6975080017,293.75138005707413
13,0,0,2,1,0,3,2490,46.22787295375019,87.58478402160108,253.82091104984283,76.58479397650808
57,0,0,1,10,0,3,1,110.01294292509556,100.92043597251177,202.75498495902866,76.32411306258291
87,0,0,9,16,0,4,1,134.03912005014718,173.68572193663567,15250.570098054595,4306.070705060847
15,0,0,1,3,0,3,303,70.60493098106235,91.0515880677849,307.69989104010165,143.54746497701854
20,0,0,0,2,0,2,1,69.26468794699758,85.70170507300645,174.86733407713473,73.12450103927404
15,0,0,0,3,0,3,8,52.53745801746845,76.9204479875043,155.4385389899835,71.08260795939714
24,0,0,3,4,0,3,5,83.53267796337605,92.51449792645872,1530.9605359798297,676.5943289501593
42,0,0,4,6,0,3,1,90.53012903314084,97.87030704319477,3193.5405830154195,1126.3516689650714
70,0,0,1,12,0,3,1,79.91996500641108,87.99692790489644,485.40471005253494,139.87401395570487
29,0,0,2,4,0,3,10,73.95741308573633,93.04163604974747,687.699539004825,275.03233205061406
41,0,0,9,7,0,4,5,77.14629091788083,185.8876859769225,21393.0867559975,8712.335148942657
8,0,0,1,1,0,1,1,113.0865610903129,164.20800797641277,147.23034796770662,77.48038193676621
65,0,0,1,8,0,3,1,63.04702605120838,81.55669004190713,459.8123918985948,151.65183797944337
87,0,0,9,16,0,4,1,85.58359195012599,90.4366479953751,31003.479670966044,5847.41278400179
30,0,0,1,4,0,3,2,64.6350170718506,80.0295160152018,359.54193701036274,144.44408798590302
36,0,0,1,3,0,3,1,76.473023975268,113.2061219541356,439.1650300240144,225.09850398637354
21,0,0,1,2,0,2,3,67.9857439827174,82.88794592954218,346.10158298164606,150.47651797067374
27,0,0,1,5,0,3,2,88.31024705432355,92.72367809899151,262.045151903294,153.5598069895059
10,0,0,1,2,0,2,1,63.84236097801477,80.90016001369804,301.62814806681126,145.94999502878636
35,0,0,5,6,0,4,3,317.11965694557875,375.8861110545695,4220.00970703084,1206.8852049997076
39,0,0,4,7,0,3,2,86.86689101159573,91.3782169809565,3333.956173970364,894.2666329676285
25,0,0,2,6,0,3,2,237.48993000481278,202.2730530006811,384.7221920732409,84.68951797112823
23,0,0,1,3,0,2,1,35.01883603166789,42.41154494229704,178.2810949953273,72.34770094510168
34,0,0,5,3,0,3,0,70.57327392976731,88.00141094252467,5047.5353370420635,1605.368424905464
30,0,0,4,2,0,2,0,68.41852294746786,87.066964013502,2693.9966229256243,1156.1480070231482
36,0,0,2,6,0,4,0,37.67229395452887,38.32248295657337,337.30303298216313,124.25501202233136
2,0,0,1,0,0,1,3830,9.962293901480734,14.355694991536438,64.68553910963237,63.8417269801721
78,0,0,0,16,0,3,0,79.70257301349193,85.868606925942,290.8083660295233,80.18690603785217
14,0,0,3,1,0,2,55,97.60146297048777,103.70140906888992,1235.198598005809,468.03404903039336
36,0,0,1,5,0,3,1,35.13368300627917,41.158818057738245,192.36293097492307,72.21101701725274
29,0,0,5,2,0,3,2,69.83072694856673,85.19397093914449,2417.3206510022283,1073.0364100309089
38,0,0,1,3,0,3,1,56.65769998449832,79.68406891450286,361.4684670465067,150.83884994965047
11,0,0,2,2,0,2,1028,75.46348497271538,93.31575001124293,611.8776820367202,321.30460802000016
22,0,0,5,4,0,4,1419,82.59550097864121,175.34624598920345,4732.559752068482,1947.618028963916
30,0,0,2,3,0,3,1,69.60500206332654,82.22183200996369,702.8009820496663,279.38760502729565
91,0,0,1,4,0,3,1,68.93597496673465,80.90484293643385,480.6470290059224,150.20785492379218
28,0,0,6,4,0,3,0,61.89333100337535,76.96266600396484,7761.908526998013,3220.0547659303993
31,0,0,1,5,0,3,1,31.948575982823968,42.52948705106974,349.9671600293368,140.5972740612924
31,0,0,1,4,0,3,1,61.08629598747939,86.81002305820584,358.6696919519454,151.5940020326525
36,0,0,7,3,0,3,0,40.8759800484404,50.88715394958854,18125.712864100933,8463.506506988779
26,0,0,1,4,0,3,1,39.253585040569305,77.30445696506649,346.3494019815698,143.0269880220294
50,0,0,1,10,0,3,1,65.68175298161805,80.78048599418253,448.01100611221045,144.24718590453267
24,0,0,1,4,0,3,13,80.94608597457409,88.0011300323531,357.14488406665623,140.46274102292955
9,0,0,1,1,0,2,0,49.77930407039821,70.20165596622974,190.06290810648352,60.032979934476316
9,0,0,4,0,0,1,1951,43.87043905444443,62.09036102518439,489.31454203557223,277.75814896449447
23,0,0,4,4,0,4,2370,158.04479701910168,175.34607695415616,1337.5393309397623,452.83501502126455
39,0,0,6,6,0,3,0,203.01527297124267,191.0660599824041,18576.96726603899,4660.3291790233925
21,0,0,4,3,0,3,52,161.10071202274412,232.69562504719943,3677.9832309111953,1031.8856569938362
18,0,0,0,1,0,1,14,74.91403899621218,110.27208296582103,192.2838919563219,111.86534899752587
18,0,0,1,4,0,3,24,91.25716902781278,124.40105597488582,391.5379390818998,188.45876900013536
27,0,0,6,3,0,3,8,73.2887719059363,92.00437797699124,3960.356403957121,2129.483885015361
21,0,0,4,4,0,4,1419,64.96331503149122,85.64336504787207,2590.0675300508738,1360.0332329515368
48,0,0,2,11,0,3,0,62.48529104050249,81.60532207693905,792.0391920488328,267.5744330044836
27,0,0,3,4,0,3,2,113.12811507377774,162.5222680158913,701.4081230154261,295.82603403832763
11,0,0,2,2,0,4,3830,14.558644033968449,19.053812022320926,355.6310759158805,113.15453995484859
86,0,0,8,16,0,4,1,130.6527960114181,168.0580029496923,15475.196075974964,4424.666069098748
39,0,0,1,6,0,3,1,35.01385694835335,41.640399023890495,399.15667101740837,146.52314491104335
23,0,0,1,3,0,3,1,30.84021294489503,40.05067306570709,198.6767069902271,151.907921070233
15,0,0,1,2,0,3,0,52.72412905469537,74.84471297357231,300.05884903948754,134.42417804617435
32,0,0,5,5,0,3,1,237.40788898430765,256.0913769993931,2642.4091019434854,1043.152186088264
8,0,0,3,1,0,2,3830,18.682152032852173,24.198885075747967,271.0480219684541,173.0928240576759
41,0,0,1,6,0,3,1,66.5541070047766,80.16598806716502,396.60813799127936,140.25466900784522
66,0,0,3,11,0,3,0,72.60734203737229,83.82932294625789,1743.9798300620168,557.4436209863052
61,0,0,1,9,0,3,1,66.14342099055648,78.71144998352975,447.4624409340322,144.3088239757344
39,0,0,5,6,0,3,0,50.87264801841229,74.8406209750101,4998.317816993222,2024.6879130136222
5,0,0,1,0,0,1,99,64.91923204157501,76.01129496470094,68.40202992316335,34.547248971648514
30,0,0,6,2,0,3,2,233.77337295096368,257.11702601984143,2307.9119590111077,846.0794060956687
44,0,0,2,7,0,4,1,45.678296010009944,93.78223598469049,750.1545909326524,197.9592590359971
38,0,0,7,3,0,3,0,88.12397299334407,112.45211493223906,8901.977225905284,4456.215408979915
34,0,0,2,6,0,4,7,72.39600096363574,86.13139693625271,516.7130660265684,172.21669689752162
11,0,0,1,1,0,1,1,59.60063193924725,54.943623021245,145.4504559515044,70.7151860697195
32,0,0,4,5,0,4,1,80.03131195437163,66.1836820654571,1293.754781014286,528.5270960303023
25,0,0,5,3,0,3,26,71.80110109038651,94.96738901361823,3277.6135680032894,1531.2784099951386
13,0,0,5,1,0,2,3830,25.27948806528002,34.04392092488706,1852.846845984459,995.4251269809902
11,0,0,0,1,0,1,0,53.604818996973336,76.63679891265929,144.8796249460429,71.49669399950653
34,0,0,1,6,0,3,1,106.10599000938237,155.14864609576762,182.45045898947865,70.90291101485491
47,0,0,5,6,0,4,1,30.75761499349028,42.51804598607123,4509.476756094955,1980.0728439586237
38,0,0,6,7,0,4,17,74.57740092650056,169.89433905109763,4696.237341035157,2199.04806104023
26,0,0,2,2,0,2,6,143.90957704745233,91.64856106508523,965.6781950034201,334.43174697458744
16,0,0,0,3,0,3,17,144.29923600982875,91.23580704908818,259.4542389269918,87.78209506999701
17,0,0,2,2,0,3,189,68.97926807869226,90.72661004029214,235.96051195636392,72.0150099368766
5,0,0,1,0,0,1,1026,46.27016501035541,65.73246605694294,220.43446393217891,132.9083889722824
40,0,0,8,7,0,4,34,124.45692589972168,167.59218194056302,9456.032971967943,4379.037400009111
33,0,0,1,4,0,3,1,55.10601098649204,137.607962009497,183.8919969741255,76.25078107230365
7,0,0,2,0,0,1,939,56.13376898691058,83.35403900127858,419.10832293797284,217.65300503466278
25,0,0,2,4,0,3,1,80.78373793978244,93.52932404726744,534.6700178924948,134.35371511150151
6,0,0,1,1,0,2,2320,44.96205609757453,59.961499995552,265.6220559729263,167.3321760026738
5,0,0,2,0,0,1,3830,28.818447957746685,40.871852077543736,120.87928596884012,95.23412398993969
46,0,0,1,8,0,3,1,40.065038949251175,43.99796295911074,383.408630033955,146.24381496105343
88,0,0,10,16,0,4,0,41.10970301553607,52.66957601998001,60000.0,35521.50953898672
41,0,0,3,8,0,4,12,93.70804997161031,105.68789800163358,1577.3515229811892,576.0081030894071
31,0,0,1,6,0,3,1,79.08234803471714,89.74566694814712,422.59151593316346,147.79418299440295
20,0,0,3,4,0,4,3062,128.0775199411437,139.93233104702085,727.3701690137386,287.42782899644226
32,0,0,2,5,0,3,24,63.17297602072358,83.12438195571303,635.9362810617313,296.9727710587904
25,0,0,1,3,0,2,1,70.4018819378689,88.16436806228012,342.20251999795437,139.5308260107413
30,0,0,3,5,0,3,2,118.19035094231367,160.65041604451835,759.4357990892604,288.77496102359146
8,0,0,1,1,0,2,0,62.48553900513798,86.2836530432105,325.14467707369477,160.47422599513084
43,0,0,1,6,0,3,1,62.764888047240674,129.94124495889992,289.93496007751673,70.4928869381547
37,0,0,1,5,0,3,1,35.04544193856418,39.8857849650085,189.73928701598197,69.01900400407612
16,0,0,1,0,0,1,70,35.87393998168409,83.48553301766515,302.33391700312495,150.9007279528305
37,0,0,3,4,0,3,1,119.45415602531284,163.39551098644733,755.5584099609405,296.8753438908607
41,0,0,4,5,0,3,1,73.66853801067919,88.37445802055299,3034.9811209598556,1067.6031300099567
34,0,0,7,4,0,4,4,77.04699400346726,91.36363200377673,10562.517262995243,4264.71312798094
84,0,0,6,16,0,4,1,83.93718709703535,89.91869597230107,15946.337366942316,4047.136840992607
86,0,0,8,16,0,4,1,47.751877922564745,63.78927605692297,60000.0,14970.157064963132
24,0,0,1,5,0,3,1,70.18996693659574,85.6477910419926,337.5124770682305,136.21594698634
13,0,0,4,1,0,2,0,162.64222003519535,251.07379106339067,1196.0880639962852,304.8002540599555
32,0,0,2,5,0,3,1,66.68555294163525,111.56766791827977,738.1151699228212,280.2896860521287
29,0,0,3,5,0,4,64,77.73115206509829,96.12748597282916,1401.9677300238982,585.967555991374
47,0,0,1,7,0,3,1,56.208090973086655,83.06146005634218,421.2412789929658,141.38129900675267
3,0,0,0,0,0,0,1684,41.4364809403196,31.04128094855696,59.92647702805698,45.81695608794689
26,0,0,1,4,0,2,1,28.154911939054728,37.746627000160515,84.80960607994348,34.43326707929373
20,0,0,2,3,0,3,2,132.37678701989353,172.56244597956538,369.3182949209586,158.81168097257614
16,0,0,1,3,0,4,0,25.072976015508175,33.82947202771902,161.83773998636752,120.51375408191234
9,0,0,0,2,0,1,26,127.07856600172818,82.15063298121095,183.89888503588736,75.96396701410413
43,0,0,4,8,0,3,1,90.54878097958863,106.83855600655079,3297.9953220346943,1118.2607950177044
60,0,0,3,6,0,3,1,64.89823607262224,48.13525208737701,1684.7741849487647,565.9821410663426
33,0,0,5,4,0,3,4,201.78713789209723,259.28303599357605,2767.834972939454,1075.7222350221127
23,0,0,1,4,0,3,3,66.50386995170265,80.96861094236374,359.19459408614784,142.82946300227195
15,0,0,4,1,0,3,182,171.60638805944473,234.61103800218552,1136.2411259906366,569.8224609950557
88,0,0,10,16,0,4,1,96.70382994227111,102.98904892988503,60000.0,60000.0
32,0,0,1,6,0,4,1,68.65434802602977,80.81410790327936,367.2833569580689,96.86014405451715
5,0,0,0,1,0,1,174,29.872321989387274,43.010993977077305,69.76442399900407,35.90078093111515
20,0,0,2,3,0,3,26,125.01993007026613,117.76421102695167,518.643005983904,167.9879929870367
27,0,0,1,4,0,3,1,29.919143998995423,40.1067869970575,164.9420039029792,65.555453998968
18,0,0,3,3,0,3,25,65.75284793507308,94.62513995822519,1216.120762983337,540.9957050578669
58,0,0,1,12,0,4,1,40.9467660356313,44.485076097771525,131.05037796776742,72.34419498126954
28,0,0,0,5,0,3,1,74.49136395007372,83.35288194939494,205.5358049692586,75.33327001146972
49,0,0,1,6,0,3,1,57.38279700744897,80.65546804573387,407.8978809993714,149.96809791773558
21,0,0,0,2,0,1,1,81.9308600621298,92.01194101478904,189.8426840780303,88.21780700236559
10,0,0,2,1,0,1,251,150.27463901787996,220.43986700009555,324.2524510715157,186.95179198402911
37,0,0,4,5,0,4,3,37.30655799154192,43.79929602146149,1636.7451769765466,1122.0175820635632
59,0,0,1,9,0,3,1,57.34482407569885,81.16891188547015,505.50253596156836,151.25558606814593
30,0,0,6,2,0,3,5,237.13180399499834,260.10235503781587,4270.7262330222875,1405.6671779835597
37,0,0,4,4,0,3,1,72.92626309208572,97.84744400531054,2406.1054040212184,1114.1091160243377
37,0,0,3,7,0,3,0,64.38366801012307,80.57320106308907,596.8445780454203,150.92248190194368
47,0,0,1,9,0,4,0,55.177294998429716,78.65929102990776,413.8190830126405,146.8691120389849
45,0,0,1,5,0,3,1,63.04654304403812,78.69229302741587,321.8272899976,87.08473097067326
31,0,0,4,6,0,4,1101,325.8877069456503,431.48897297214717,1691.5520519251004,553.328093024902
23,0,0,2,4,0,3,1,81.83867100160569,118.09081805404276,166.99589602649212,65.6883530318737
10,0,0,2,1,0,2,432,60.70274906232953,77.58517703041434,274.68129398766905,139.11372108850628
41,0,0,1,6,0,3,1,55.75027398299426,81.53394307009876,398.1232410296798,151.72345493920147
29,0,0,1,3,0,3,1,86.95579192135483,86.74042602069676,361.9876290904358,144.6829759515822
37,0,0,8,4,0,3,21,69.91672399453819,85.86376393213868,19848.698601010256,8406.803200021386
75,0,0,6,13,0,4,1,94.40412395633757,100.28277500532568,10498.082214035094,3398.583455942571
13,0,0,4,0,0,1,0,108.32958098035306,161.82648995891213,1142.6831199787557,550.2686579711735
26,0,0,1,3,0,3,2,61.557736014947295,82.02357089612633,386.13183703273535,151.57119696959853
76,0,0,7,13,0,4,1,81.36250695679337,88.12058402691036,28681.134779937565,8588.941241032444
28,0,0,3,0,0,1,11,57.642846019007266,84.59045097697526,1317.3167729983106,594.7895019780844
20,0,0,1,3,0,3,61,31.815888942219317,41.70637601055205,171.07943701557815,74.83226503245533
46,0,0,2,10,0,4,7,94.04469805303961,93.50624599028379,839.5011419197544,153.684375109151
22,0,0,1,4,0,3,1,71.27203198615462,82.9797979677096,351.7641250509769,142.9925550473854
38,0,0,2,4,0,3,1,31.619495013728738,42.284696944989264,688.7406159657985,296.42826598137617
35,0,0,3,6,0,3,1,92.93166198767722,122.11984000168741,412.09115204401314,135.35184902139008
16,0,0,1,1,0,2,1,67.64975702390075,79.29338002577424,340.36483499221504,146.78490499500185
43,0,0,4,8,0,3,0,154.16661207564175,171.08756501693279,1809.3135009985417,576.1891669826582
12,0,0,1,3,0,3,150,71.82734296657145,95.93459800817072,307.75684595573694,145.57406003586948
15,0,0,2,1,0,1,137,33.720645937137306,44.17840309906751,461.30328089930117,134.44070995319635
40,0,0,6,4,0,4,1,69.1232510143891,85.7131639495492,10377.87209392991,4683.735689963214
2,0,0,1,0,0,1,3830,11.19165203999728,13.574640033766627,108.56541199609637,64.74784296005964
5,0,0,2,0,0,1,2343,85.36847995128483,132.2071390459314,186.5949050989002,106.9842129945755
18,0,0,1,1,0,2,27,68.23630689177662,83.20926607120782,335.6230319477618,152.53851609304547
23,0,0,0,4,0,3,0,52.0418300293386,77.78303406666964,200.85761393420398,70.48725592903793
26,0,0,5,4,0,4,55,166.33002506569028,105.31473101582378,2753.6008439492434,1331.7848650040105
45,0,0,3,6,0,3,1,160.60857300180942,249.29548404179513,759.8397659603506,277.6093580760062
19,0,0,1,2,0,2,0,113.32652601413429,162.3636590084061,172.5021890597418,76.69617200735956
40,0,0,8,7,0,3,0,130.81120105925947,171.70395702123642,9091.36541991029,3262.28391204495
30,0,0,2,3,0,3,9,61.278663109987974,81.65087492670864,721.0803769994527,293.9028270775452
39,0,0,10,4,0,3,38,120.83045090548694,165.6735639553517,39916.92403599154,16806.533292052336
39,0,0,5,4,0,3,1,36.34490794502199,42.630007956176996,4652.6675909990445,1989.2801119713113
52,0,0,3,4,0,3,1,65.10562391486019,96.09463601373136,1284.9170460831374,566.9544390402734
2,0,0,1,0,0,1,3830,11.787833063863218,14.046789961867034,65.0385400513187,64.17502497788519
36,0,0,1,4,0,3,1,30.022402061149478,39.91058899555355,332.4494989356026,150.64022201113403
9,0,0,2,1,0,1,331,76.50123303756118,107.96553094405681,165.9310800023377,93.16032601054758
26,0,0,6,3,0,3,31,70.05550002213567,93.33250694908202,3831.3164199935272,1670.3339830273762
14,0,0,2,1,0,2,3,135.90921298600733,205.30436094850302,379.8407899448648,216.57851699274033
8,0,0,4,0,0,1,3830,21.342087886296213,28.5588800907135,631.6165910102427,331.82163804303855
32,0,0,3,4,0,3,2,119.65244298335165,161.31630900781602,744.9889100389555,295.036009978503
25,0,0,1,4,0,3,5,181.34788097813725,122.71960999350995,569.6586009580642,156.62496001459658
53,0,0,2,8,0,4,1,77.03240402042866,58.08600096497685,211.80068200919777,75.04044391680509
27,0,0,1,4,0,3,3,88.51403696462512,90.44309298042208,409.37186509836465,157.34437992796302
50,0,0,2,8,0,4,1,69.29081003181636,84.57331790123135,799.480399931781,269.0638869535178
26,0,0,2,4,0,3,1,41.46415798459202,46.49403691291809,645.0758610153571,275.8712179493159
36,0,0,4,4,0,3,1,140.34947205800563,168.7983439769596,1455.5351129965857,562.9068400012329
32,0,0,1,5,0,3,1,64.28542197681963,79.73917305935174,377.58425204083323,144.24921304453164
63,0,0,2,4,0,3,1,58.74607607256621,81.50677697267383,810.8906470006332,300.2686609979719
11,0,0,0,2,0,3,0,52.094008889980614,74.16649803053588,153.54475192725658,70.21771592553705
24,0,0,0,4,0,3,0,62.13787407614291,82.38438400439918,181.7402900196612,75.1800739672035
29,0,0,5,2,0,2,7,37.96651097945869,46.607680968008935,4453.364971908741,2184.194847010076
21,0,0,0,4,0,3,1,81.30127598997205,91.26633801497519,196.80683698970824,88.32192106638104
35,0,0,5,6,0,4,4,250.19922596402466,247.00913100969046,3783.8509689318016,1210.1095280377194
9,0,0,0,3,0,3,421,112.84399800933897,82.69967406522483,135.50727989058942,153.18284602835774
25,0,0,0,4,0,3,0,77.23150099627674,84.18080199044198,197.9814680526033,75.76933596283197
32,0,0,3,5,0,3,2,82.88120001088828,93.21333805564791,1099.5709990384057,543.7949399929494
1,0,0,0,0,0,0,3062,29.21259799040854,41.06401896569878,97.91808307636529,68.89652402605861
28,0,0,1,4,0,3,1,121.526328031905,165.61808495316654,190.25521294679493,75.65874804276973
35,0,0,4,5,0,3,3,66.84868398588151,82.6795119792223,2939.758931985125,1129.96147305239
8,0,0,0,1,0,1,207,66.66424497961998,95.54266289342195,158.43464503996074,86.57857298385352
37,0,0,5,7,0,4,0,101.44787596073002,153.42240000609308,2592.604043893516,497.2435539821163
51,0,0,1,9,0,3,1,59.79482107795775,81.29975502379239,438.6904709972441,120.00432808417827
5,0,0,1,0,0,1,1488,44.034434016793966,65.00129692722112,195.97186299506575,114.22647000290453
5,0,0,1,0,0,1,2490,34.233544021844864,49.481761059723794,182.68856091890484,114.82421797700226
6,0,0,1,1,0,1,59,126.82051002047956,184.07019297592342,151.93095104768872,86.00249595474452
22,0,0,3,3,0,3,163,126.74114597029984,167.93509502895176,584.1129469918087,223.72805408667773
34,0,0,6,6,0,3,2,128.08565190061927,172.4374999757856,5479.27907097619,2032.0884329266846
42,0,0,2,6,0,3,1,27.371753007173538,36.958605982363224,481.43820196855813,268.0147369392216
94,0,0,4,4,0,3,1,72.94060802087188,86.41373901627958,1800.8902790024877,563.2434519939125
11,0,0,2,1,0,2,0,68.47249204292893,102.5946339359507,638.1167640211061,356.93114006426185
26,0,0,1,6,0,4,1,76.81042293552309,86.50547196157277,201.86948403716087,74.1235539317131
4,0,0,1,0,0,1,0,49.545023939572275,70.06995694246143,249.37375297304243,120.38322107400745
55,0,0,1,8,0,3,1,122.21333803609014,161.35256295092404,222.45473705697805,72.62053096201271
33,0,0,3,4,0,3,1,63.82611801382154,79.48496995959431,1420.9894239902496,368.2947050547227
3,0,0,0,0,0,0,2490,31.65459504816681,44.308029930107296,98.85415900498629,73.7271289108321
16,0,0,1,2,0,4,206,66.18166400585324,95.57868004776537,332.0700549520552,126.38931593392044
59,0,0,3,12,0,4,0,78.31794093362987,84.93876701686531,1929.0782030439004,584.8802770487964
8,0,0,3,0,0,1,1417,94.88335391506553,140.98215906415135,453.17185402382165,229.34974590316415
2,0,0,0,0,0,0,3830,15.960972057655454,20.526363980025053,70.59401297010481,68.87547299265862
34,0,0,4,5,0,3,3,42.34648891724646,46.43491399474442,2975.256813922897,561.4682009909302
19,0,0,1,3,0,3,15,129.02488594409078,167.21394390333444,186.41363608185202,75.69128298200667
42,0,0,4,3,0,4,1,69.29937098175287,85.19084600266069,2688.7072360841557,952.9385279165581
39,0,0,2,6,0,3,1,67.99556198529899,82.7938609290868,404.30202905554324,148.46082602161914
40,0,0,1,6,0,3,1,30.161421978846192,40.248958976008,202.58287398610264,75.618767994456
23,0,0,1,2,0,3,2,87.40044699516147,85.0188200129196,397.56734599359334,160.57432198431343
22,0,0,2,5,0,4,570,175.99762498866767,127.51831102650613,1069.655930972658,356.5486880252138
30,0,0,1,6,0,3,2,31.13827097695321,41.212284937500954,222.3899579839781,150.95028502400964
21,0,0,1,3,0,3,0,70.03883901052177,85.30457399319857,331.7120720166713,137.27859791833907
22,0,0,2,3,0,3,0,102.15201193932444,152.75105007458478,237.57286905311048,64.30710095446557
3,0,0,0,0,0,0,2490,16.035123029723763,21.73201204277575,47.88116505369544,35.5409060139209
34,0,0,2,4,0,3,1,63.49304295144975,86.24610304832458,718.3349650586024,295.12649890966713
26,0,0,2,5,0,3,31,127.1598159801215,102.16569690965116,360.24566495325416,146.97934302967042
27,0,0,3,3,0,1,1,58.38205898180604,81.40182704664767,1310.9802609542385,583.9332210598513
28,0,0,3,2,0,2,2,35.16288090031594,40.620964020490646,1007.841287064366,592.0439590699971
53,0,0,3,6,0,3,0,77.3998589720577,91.22099005617201,1660.414687008597,552.8517949860543
21,0,0,5,2,0,2,635,81.8517979932949,150.115562020801,4941.741588991135,2720.1615009689704
44,0,0,1,4,0,3,1,76.9325060537085,87.51727303024381,415.0510780746117,146.80887397844344
22,0,0,4,3,0,5,0,49.982680939137936,68.89104098081589,1100.3900419455022,472.299273009412
17,0,0,2,3,0,3,0,106.81221995037049,159.50785495806485,309.0518490644172,137.65705190598965
22,0,0,4,3,0,5,0,72.6131780538708,85.14808095060289,1276.7364090541378,555.0497379153967
28,0,0,3,5,0,3,1,77.33162504155189,87.13977294974029,1091.6063459590077,264.3785129766911
24,0,0,1,4,0,3,1,67.99364590551704,84.94492701720446,184.55821997486055,75.76316897757351
28,0,0,1,5,0,3,1,116.24241701792926,162.07959107123315,188.76675597857684,75.90061402879655
38,0,0,6,7,0,4,3,67.99542100634426,85.03473992459476,5498.412942979485,2175.064990995452
57,0,0,3,7,0,3,1,57.11566098034382,80.90889290906489,1581.588244996965,590.3070060303435
29,0,0,2,4,0,2,1,67.9204419720918,83.22954108007252,353.6134089808911,141.74872997682542
6,0,0,0,1,0,1,45,67.11080798413604,93.8559559872374,155.10285494383425,86.8770939996466
39,0,0,4,7,0,4,83,84.90552206058055,99.53724907245487,2832.999786012806,594.6260400814936
40,0,0,0,6,0,3,1,70.87747601326555,82.91924907825887,206.00244298111647,71.2615919765085
7,0,0,2,0,0,1,0,49.08852302469313,68.59652395360172,493.3632130268961,235.16977997496724
37,0,0,5,7,0,4,0,101.94329789374024,152.5209560059011,2662.8229829948395,1007.4755750829354
18,0,0,2,3,0,3,65,89.30037799291313,126.598738017492,723.8287649815902,370.792964939028
19,0,0,1,2,0,3,95,62.745796982198954,89.36704497318715,325.99745295010507,153.26910209842026
63,0,0,7,11,0,4,1,286.4815409993753,204.07349697779864,9157.530234078877,2239.4418800249696
59,0,0,1,9,0,3,1,56.66937096975744,80.7079840451479,425.1735369907692,73.86154506821185
33,0,0,4,4,0,3,6,68.76496295444667,84.81660496909171,2305.085161002353,1055.4166430374607
25,0,0,1,4,0,4,1,80.39970707613975,86.54258598107845,343.2973459130153,147.06535101868212
36,0,0,4,4,0,3,6,77.85716897342354,86.10626705922186,2919.759546057321,1114.9346970487386
32,0,0,3,5,0,3,2,96.69459506403655,102.55615296773612,1445.1110889203846,609.3033930519596
31,0,0,4,4,0,3,3,71.48036395665258,86.34151192381978,2586.82615600992,1062.7171280793846
3,0,0,0,0,0,0,2490,31.208180938847363,43.8065470661968,94.87108699977398,70.89672808069736
33,0,0,3,6,0,3,1,56.938856025226414,77.22294703125954,1382.0724920369685,547.1005639992654
20,0,0,1,2,0,4,0,48.934953985735774,68.73742595780641,276.1736080283299,119.8989620897919
44,0,0,5,8,0,3,2,83.10209400951862,94.1940809134394,5920.532399090007,2150.342037086375
83,0,0,5,16,0,4,1,94.79813708458096,105.59434909373522,7204.034251044504,1522.352286032401
35,0,0,2,4,0,3,1,62.31951096560806,85.79042495694011,694.9950429843739,275.82431107293814
8,0,0,1,0,0,1,294,58.9786060154438,74.50507895555347,256.93163403775543,130.25888591073453
32,0,0,1,4,0,3,1,77.47094798833132,83.43022898770869,394.7965740226209,150.28217900544405
41,0,0,4,6,0,3,1,132.11369805503637,170.4763090237975,1566.8032619869336,603.4623460145667
26,0,0,1,4,0,3,1,71.76337402779609,86.56582492403686,343.37557398248464,137.03625998459756
12,0,0,1,2,0,3,1236,76.81292400229722,100.97404196858406,287.6039380207658,162.76655497495085
23,0,0,0,3,0,3,6,67.27609899826348,80.00659197568893,182.30880296323448,75.89942892082036
85,0,0,7,16,0,4,1,43.567254091612995,47.771170968189836,16521.480023977347,4477.073739049956
23,0,0,6,1,0,3,0,75.42250596452504,93.82163803093135,3780.7409680681303,2088.8543790206313
77,0,0,7,13,0,4,0,97.41378389298916,108.1115030683577,27365.085237077437,6128.352552070282
36,0,0,4,7,0,4,0,129.94763907045126,167.4378749448806,1461.8523250101134,551.8969640834257
9,0,0,1,2,0,4,3830,10.866663069464266,13.139123911969364,192.6774859894067,148.7303440226242
57,0,0,3,10,0,3,1,61.65494094602764,82.35669299028814,1792.1535919886082,590.5140539398417
19,0,0,5,2,0,2,7,137.43834500201046,112.93380102142692,2982.0423941127956,1151.8129219766706
86,0,0,8,16,0,4,1,41.77329991944134,45.961210038512945,28268.704805057496,8678.369840956293
19,0,0,4,3,0,4,25,58.6974109755829,82.75951503310353,2276.494682999328,1067.1748530585319
19,0,0,0,4,0,3,2,83.60811392776668,86.75936900544912,197.61993293650448,83.35738896857947
30,0,0,2,5,0,3,6,75.17264899797738,90.73019900824875,707.033378072083,284.46846699807793
39,0,0,1,6,0,3,1,68.52624798193574,85.30705503653735,415.45905300881714,148.90294696670026
37,0,0,2,3,0,3,1,77.26344000548124,115.40022899862379,892.6742270123214,448.59825901221484
20,0,0,1,2,0,1,2,69.16111602913588,84.25812399946153,302.52033309079707,140.3683319222182
83,0,0,5,16,0,5,1,80.91612393036485,88.77585001755506,3317.9200950544327,1136.372444103472
35,0,0,7,4,0,3,2,102.47696400620043,118.94651595503092,19981.065100058913,7654.326930991374
62,0,0,1,10,0,3,1,64.29690797813237,42.44604299310595,245.17982895486057,143.25163699686527
21,0,0,1,4,0,4,141,79.3899690033868,90.41808999609202,359.84390904195607,161.0893930774182
5,0,0,1,1,0,2,3830,26.726825046353042,25.021572946570814,172.6658269762993,119.74218802060932
71,0,0,3,10,0,3,1,80.70700394455343,88.52190198376775,2038.129502092488,576.3111249543726
29,0,0,3,2,0,2,1,59.59459801670164,81.51543198619038,1349.9124349327758,582.5469450792298
24,0,0,2,5,0,3,13,69.73796803504229,86.27003501169384,658.0120660364628,270.8946040365845
36,0,0,3,5,0,3,1,119.2362760193646,160.65648291260004,760.000679991208,278.9868781110272
76,0,0,7,13,0,4,1,84.76127008907497,94.46165105327964,20625.375661998987,5549.412991036661
16,0,0,4,2,0,2,3062,53.37184097152203,59.31540299206972,1877.7775700436905,994.298059027642
23,0,0,2,2,0,2,1,63.239878974854946,85.94734198413789,636.9045870378613,279.5874449657276
14,0,0,0,3,0,3,47,71.31111691705883,105.4324860451743,191.90787395928055,102.71819401532412
27,0,0,1,4,0,2,1,71.52315299026668,86.34431706741452,346.77360695786774,140.02525503747165
2,0,0,0,0,0,0,3830,16.380153014324605,20.739726023748517,73.68401996791363,69.47037798818201
17,0,0,1,3,0,3,8,79.22235608566552,95.53075197618455,394.53287597279996,180.682908045128
26,0,0,1,5,0,3,1,65.48926001414657,88.84843008127064,357.262882986106,141.32927893660963
85,0,0,7,16,0,4,1,84.88385996315628,93.71690510306507,28172.46733698994,6114.887350006029
26,0,0,1,4,0,2,1,53.59661497641355,74.92178794927895,330.0730889895931,130.37274894304574
45,0,0,2,7,0,3,1,88.50534493103623,89.78440496139228,858.4898801054806,289.4248570082709
26,0,0,6,3,0,3,0,71.83039304800332,89.64139595627785,7216.8751620920375,3264.730912982486
27,0,0,2,3,0,3,1,76.6231280285865,79.73942498210818,381.9520459510386,150.10525507386774
35,0,0,3,4,0,3,1,70.50042797345668,86.9468660093844,1215.1135909371078,549.8138540424407
30,0,0,5,4,0,4,125,103.77406096085906,116.48364888969809,4776.128440047614,1350.3419240005314
84,0,0,6,16,0,4,1,84.66209704056382,96.60641790833324,16043.45962498337,4543.9901610370725
27,0,0,1,5,0,4,4,62.29479098692536,82.17993401922286,353.070126962848,146.9572769710794
37,0,0,2,6,0,3,2,83.40173098258674,95.95568594522774,835.2804520400241,141.75986091140658
19,0,0,4,1,0,2,160,227.29056200478226,350.772209931165,1210.0559760583565,486.3507970003411
22,0,0,0,3,0,3,2,29.964386951178312,40.3697919100523,86.14697493612766,61.30465096794069
38,0,0,8,6,0,4,0,125.33782899845392,167.99634997732937,21405.197952059098,7469.012880930677
29,0,0,3,5,0,4,32,71.10263407230377,90.18368599936366,1370.4375310335308,566.6748359799385
13,0,0,1,2,0,2,1,30.847499961964786,75.15131391119212,286.6349669639021,135.8829690143466
30,0,0,1,5,0,3,1,66.66862696874887,80.64364001620561,389.2908520065248,148.5426650615409
30,0,0,1,5,0,3,1,69.52920195180923,82.8169040614739,381.6465620184317,145.69543302059174
16,0,0,6,2,0,3,3830,17.520676949061453,23.171893088147044,1676.5589299611747,812.3644780134782
3,0,0,1,0,0,1,3830,21.260099951177835,29.733867035247386,69.56260104198009,68.45669902395457
14,0,0,2,2,0,4,2490,81.26920193899423,88.87449896428734,246.0704669356346,157.42257598321885
4,0,0,2,0,0,1,3830,14.888352015987039,19.085275940597057,82.20462896861136,43.34656405262649
1,0,0,0,0,0,0,3830,11.260235914960504,12.826964957639575,64.7901629563421,65.17722399439663
41,0,0,1,5,0,3,1,32.0557439699769,40.305403992533684,98.9661660278216,38.665927946567535
36,0,0,3,4,0,3,1,68.99095501285046,87.97346102073789,1388.8581430073828,553.8137230323628
7,0,0,0,0,0,0,71,62.38518294412643,93.68617099244148,164.07257597893476,91.88875602558255
32,0,0,3,5,0,4,2,85.09355201385915,91.19640302378684,1447.507397038862,572.4893839797005
32,0,0,1,5,0,2,1,63.43806197401136,78.90991703607142,374.0059749688953,143.9167009666562
20,0,0,1,2,0,3,78,61.88986008055508,85.53397201467305,323.7396980402991,152.35437906812876
25,0,0,3,4,0,4,9,112.35383001621813,125.2268550451845,1439.7964590461925,654.2429339606315
84,0,0,6,16,0,4,1,106.29076999612153,87.29233697522432,6771.976834977977,1871.067777974531
16,0,0,1,4,0,3,50,141.11356402281672,187.1623470215127,193.27532697934657,95.56054905988276
28,0,0,1,5,0,3,4,85.86786896921694,89.85726500395685,382.07334803882986,145.72295697871596
15,0,0,2,1,0,1,2,110.96889700274915,166.07904701959342,307.24540795199573,157.69392100628465
9,0,0,4,0,0,1,1951,85.46035399194807,125.9511619573459,938.2086270488799,467.5872850930318
18,0,0,3,2,0,2,635,83.53670302312821,111.8316090432927,1381.2960979994386,338.4840419748798
47,0,0,0,6,0,3,0,27.93400303926319,40.047280956059694,100.14941298868507,37.54177002701908
6,0,0,1,0,0,1,1062,92.83587604295462,138.09337001293898,130.53976802621037,70.49347995780408
7,0,0,3,0,0,1,3062,120.42203894816339,177.29879904072732,329.65572201646864,205.10401902720332
20,0,0,2,4,0,4,2371,36.518550012260675,42.05316898878664,581.3412950374186,296.842620940879
48,0,0,2,9,0,3,1,77.42152095306665,86.73201699275523,961.3907490856946,293.2856569532305
9,0,0,2,1,0,1,111,83.1934449961409,121.19755800813437,560.5771369300783,294.76478905417025
24,0,0,2,3,0,3,1,60.19483902491629,82.22337299957871,654.7231719596311,145.64122003503144
20,0,0,4,2,0,4,0,68.42188397422433,91.36796894017607,1177.4715710198507,517.5640160450712
41,0,0,1,8,0,3,1,65.3887459775433,80.85304603446275,432.9290250316262,69.44401806686074
24,0,0,3,4,0,3,214,145.0466199312359,189.60608693305403,792.5912470091134,286.8776289978996
33,0,0,4,4,0,3,6,78.73740198556334,84.27416905760765,2289.89673696924,1048.6303840298206
24,0,0,5,2,0,3,13,74.75475803948939,96.83542407583445,4608.915916993283,1711.3546209875494
1,0,0,0,0,0,0,3830,14.241334982216358,18.337321002036333,68.75582004431635,65.02431898843497
34,0,0,5,3,0,3,1,73.32753005903214,93.27707102056593,3700.596926966682,1895.9313270170242
10,0,0,4,0,0,1,907,49.508500029332936,121.26613699365407,1039.0111800516024,425.94935500528663
20,0,0,1,3,0,3,49,70.6560219405219,82.12516410276294,175.37414794787765,75.17621095757931
39,0,0,2,8,0,4,0,95.21004697307944,99.83678499702364,867.1907730167732,306.7242180695757
26,0,0,1,4,0,3,1,39.05995807144791,44.64164306409657,217.8971361136064,70.95838501118124
38,0,0,2,4,0,3,1,70.7662149798125,87.20076899044216,729.4870429905131,284.2051519546658
20,0,0,1,4,0,3,0,61.541008995845914,75.4593180026859,332.93135405983776,139.3774600001052
2,0,0,1,0,0,1,3830,11.134456959553063,13.286974979564548,95.02264903858304,70.35174802877009
31,0,0,2,3,0,2,1,28.719683992676437,41.07859591022134,344.17111496441066,146.79010608233511
13,0,0,3,2,0,4,60,132.3006630409509,186.64117099251598,316.0935729974881,163.48036599811167
33,0,0,1,5,0,3,0,90.71553393732756,80.65340004395694,99.80317205190659,37.494553020223975
42,0,0,10,7,0,4,1036,461.1788019537926,604.1880490956828,60000.0,31876.67052994948
6,0,0,0,1,0,1,325,38.630918017588556,53.386332001537085,86.22315293177962,52.5304910261184
76,0,0,7,13,0,4,1,44.147106003947556,98.95428700838238,28866.06443801429,8581.260113045573
46,0,0,3,7,0,3,1,86.66710008401424,87.56590506527573,1657.3328379308805,567.691131029278
88,0,0,10,16,0,4,1,135.05266699939966,168.70882594957948,27901.949167018756,8483.616389916278
91,0,0,3,4,0,3,0,70.26255701202899,82.48985803220421,1890.8316219458356,507.0336349308491
15,0,0,1,4,0,3,50,89.65832507237792,100.0232920050621,382.5380989583209,177.81784990802407
19,0,0,5,2,0,2,11,137.98400002997369,120.81233004573733,5740.014731069095,2336.646690964699
39,0,0,2,7,0,3,1,38.74819295015186,41.982871014624834,877.2284879814833,288.0002489546314
75,0,0,2,10,0,4,1,64.0758880181238,82.53306208644062,960.4634849820286,297.90884198155254
23,0,0,5,2,0,4,213,165.77244992367923,250.62846497166902,2279.841781943105,1055.579385953024
24,0,0,1,2,0,2,1,60.020494973286986,81.90604893025011,252.3309630341828,78.89102201443166
40,0,0,2,7,0,3,1,70.58734900783747,85.48719005193561,748.4637640882283,270.6302610458806
35,0,0,1,5,0,4,1,70.3086699359119,87.51494297757745,378.67999798618257,149.05074099078774
35,0,0,2,4,0,3,1,66.45122799091041,84.0700309490785,764.6047110902146,293.85650309268385
16,0,0,2,2,0,2,27,89.96468095574528,110.27040600311011,713.9151410665363,360.7175799552351
16,0,0,2,2,0,3,687,115.33770500682294,168.9488950651139,312.2927430085838,164.47241499554366
27,0,0,2,5,0,4,0,102.14211500715464,152.47490198817104,322.62997596990317,129.04153298586607
33,0,0,3,4,0,3,1,61.594708007760346,88.39682990219444,1352.2206799825653,544.786541024223
23,0,0,1,3,0,2,1,67.94085691217333,81.64045703597367,367.0502840541303,146.39268605969846
34,0,0,5,3,0,3,1,44.877094915136695,93.07733608875424,5112.066925037652,1967.7928010933101
30,0,0,2,5,0,3,18,56.352193001657724,83.05318409111351,726.9809530116618,279.7406280878931
56,0,0,0,12,0,3,1,53.686917992308736,73.14793998375535,224.67151004821062,66.92864093929529
3,0,0,1,0,0,1,3830,21.49531908798963,29.693581978790462,70.1033630175516,67.56957492325455
42,0,0,2,4,0,3,1,67.76604207698256,89.42829607985914,549.7512980364263,143.2165231090039
28,0,0,3,4,0,3,0,65.71242201607674,78.62330100033432,1375.888784066774,556.4513929421082
62,0,0,2,11,0,3,1,77.41683605127037,82.08156796172261,996.406115940772,293.08390198275447
38,0,0,1,6,0,3,1,32.292796997353435,38.68953394703567,373.5562009969726,142.26777094881982
8,0,0,0,1,0,1,64,69.22283605672419,100.69933102931827,165.81793606746942,96.10242594499141
4,0,0,1,0,0,1,2320,42.90824895724654,70.22714999038726,104.90161797497422,59.707322041504085
12,0,0,3,1,0,2,76,135.37981396075338,199.02562897186726,660.2252699667588,367.1758889686316
37,0,0,4,6,0,4,1,59.78419294115156,77.74450699798763,401.77442505955696,247.7551739430055
22,0,0,3,2,0,4,62,66.52834406122565,95.0030010426417,1177.5239739799872,550.4483990371227
22,0,0,1,4,0,3,11,179.54053496941924,111.84273997787386,571.0007069865242,161.31531295832247
26,0,0,1,5,0,3,1,119.6293099783361,162.97143104020506,188.08390595950186,73.17785394843668
26,0,0,2,1,0,1,2,52.918996079824865,75.21000108681619,606.6376660019159,269.39888403285295
7,0,0,0,1,0,1,227,64.31500904727727,91.50968200992793,147.87202898878604,78.99358496069908
36,0,0,1,6,0,3,1,70.10399003047496,85.23371000774205,369.29950199555606,137.12873891927302
34,0,0,5,3,0,4,5,77.72355200722814,96.04081907309592,4776.693583000451,2121.5067299781367
12,0,0,1,1,0,2,182,77.48165994416922,107.99045208841562,304.5209979172796,161.08686896041036
33,0,0,3,6,0,4,32,115.35740597173572,160.8861261047423,721.1841720854864,298.186426050961
1,0,0,0,0,0,0,1951,38.71635801624507,55.365227977745235,109.90591102745384,64.13940095808357
10,0,0,2,1,0,1,251,152.02702104579657,229.22781098168343,318.89814406167716,184.8650409374386
37,0,0,5,7,0,4,0,130.1576989935711,179.84078696463257,1148.016871069558,271.14474901463836
30,0,0,1,5,0,3,1,33.95900595933199,40.45775905251503,262.3098010662943,141.4349740371108
16,0,0,7,0,0,1,1522,101.2419059406966,147.61235902551562,6765.1072720764205,3180.5997090414166
24,0,0,2,2,0,3,2,89.5319819683209,89.58079398144037,515.720049967058,159.76057900115848
30,0,0,1,3,0,2,1,31.063673901371658,40.36547802388668,205.70434699766338,148.3053599949926
22,0,0,4,3,0,3,474,185.2879300713539,151.5030600130558,2633.8737329933792,1182.4721960583702
29,0,0,1,5,0,3,1,67.35683500301093,82.04087801277637,370.50061696209013,141.82750997133553
31,0,0,4,3,0,3,6,83.67201103828847,97.84507204312831,2147.8273859247565,734.9906630115584
24,0,0,1,4,0,4,1,67.600087961182,79.46251204703003,175.92309298925102,72.57118204142898
29,0,0,5,2,0,3,2,68.13831394538283,86.58060396555811,4820.190803031437,1844.0391910262406
46,0,0,2,6,0,3,1,70.59650402516127,85.63993801362813,594.1136230248958,325.67485596518964
51,0,0,3,8,0,4,1,64.39766497351229,82.7859480632469,848.7829129444435,294.00827910285443
68,0,0,3,13,0,4,1,82.80520490370691,91.06160304509103,1840.6411739997566,536.4485590253025
36,0,0,3,7,0,3,1,52.97278496436775,76.78698503877968,1435.8565389411524,536.1327830469236
45,0,0,1,5,0,3,1,56.665268959477544,81.66693593375385,391.81617402937263,148.58733105938882
15,0,0,1,2,0,3,538,75.04412799607962,110.55848991964012,320.5688929883763,139.6635719574988
39,0,0,4,7,0,4,2,86.61401702556759,93.9601450227201,2444.9879550375044,859.3224720098078
25,0,0,4,4,0,3,0,54.21020195353776,72.48550397343934,2279.4151349226013,875.2596349222586
30,0,0,5,5,0,4,7,254.36562800314277,333.116119960323,844.136425992474,461.0344929387793
31,0,0,3,4,0,3,1,70.7701159408316,86.66555106174201,1384.4149340875447,446.06470502913
53,0,0,1,8,0,3,1,55.40971108712256,76.99980796314776,423.01598202902824,140.7467470271513
43,0,0,1,6,0,3,1,60.50977297127247,83.75566906761378,404.29511899128556,149.18414095882326
1,0,0,0,0,0,0,3830,11.302778962999582,13.101905933581293,64.16820804588497,64.38639399129897
38,0,0,2,7,0,4,2,69.7154130320996,86.31183695979416,786.7793039185926,293.37470908649266
83,0,0,5,16,0,4,1,87.41346199531108,94.67773209325969,7867.773557081819,1634.819341939874
22,0,0,1,4,0,3,1,70.88200701400638,89.10857094451785,343.6171889770776,145.41733800433576
4,0,0,0,1,0,1,2106,73.28024494927377,93.83545001037419,155.03735200036317,103.52154995780438
17,0,0,2,3,0,4,0,48.738374025560915,68.06424993555993,540.8194910269231,235.14477303251624
31,0,0,3,5,0,4,1,90.16336791682988,96.20223706588149,835.3904719697312,310.66493899561465
31,0,0,1,5,0,3,0,79.94470302946866,87.94462401419878,408.67678401991725,145.9717219695449
26,0,0,1,3,0,3,2,88.72000104747713,82.03862502705306,361.08426097780466,149.51952791307122
6,0,0,1,1,0,1,1031,92.30228397063911,132.90162407793105,127.76611803565174,78.81011802237481
33,0,0,2,3,0,3,1,76.09197509009391,87.9651450086385,632.8159790718928,315.07012189831585
39,0,0,2,5,0,3,1,125.21133304107934,167.50740993302315,381.840243935585,73.17113608587533
87,0,0,9,16,0,5,1,81.75701007712632,88.14547897782177,28602.693118038587,8423.10765304137
28,0,0,2,3,0,3,4,44.22030900605023,44.36737089417875,540.3705260250717,294.77645095903426
37,0,0,1,4,0,3,1,74.14660206995904,79.83934506773949,221.3493559975177,141.64017292205244
50,0,0,8,6,0,3,1,113.8754669809714,163.62338792532682,21796.04428296443,8449.034931953065
35,0,0,2,6,0,4,1,87.91826094966382,87.40852994378656,743.8513590022922,194.28294501267374
29,0,0,3,2,0,2,1,82.38668297417462,177.75673500727862,610.0345879094675,291.5193000808358
26,0,0,7,2,0,3,432,81.3283360330388,108.15593204461038,16914.230674970895,6650.080306921154
20,0,0,4,2,0,2,0,79.68421990517527,120.59283792041242,2053.7451290292665,917.1432030852884
2,0,0,1,0,0,1,3830,11.378626921214163,13.762100948952138,108.8054470019415,64.4431320251897
18,0,0,4,3,0,4,62,70.30722091440111,96.38639900367707,2288.3688820293173,1088.6475590523332
26,0,0,2,4,0,4,1,85.31070500612259,92.66954392660409,640.231066965498,271.5914819855243
3,0,0,1,0,0,1,3830,21.632561925798655,29.679780011065304,69.67772298958153,69.36345703434199
75,0,0,1,6,0,3,1,65.98124699667096,40.98629206418991,427.41014901548624,147.610753076151
25,0,0,2,3,0,3,20,67.52267200499773,83.02398398518562,726.0855019558221,296.9685469288379
25,0,0,1,5,0,4,65,77.95635401271284,78.60465394333005,183.72233503032476,66.73888396471739
13,0,0,0,0,0,0,92,56.09116400592029,81.22917590662837,153.11489603482187,78.08396697510034
28,0,0,1,4,0,2,1,68.17081803455949,84.63982294779271,365.99036992993206,140.9768459852785
20,0,0,3,2,0,1,2,46.64736904669553,49.956470960751176,846.0812190314755,583.7674509966746
59,0,0,2,7,0,3,1,82.3241020552814,96.2054340634495,948.5871430952102,290.59322201646864
22,0,0,1,3,0,3,21,67.11168307811022,84.18728201650083,361.68084607925266,149.2366730235517
38,0,0,6,7,0,4,0,251.69800501316786,339.2219450324774,5437.323822057806,1979.961623903364
15,0,0,1,1,0,3,58,70.41637797374278,84.91530898027122,165.05138704087585,78.70727102272213
84,0,0,6,16,0,4,1,83.4757910342887,89.83333292417228,14709.68275796622,4384.197953972034
30,0,0,1,5,0,3,1,76.58281805925071,89.50606198050082,287.5322930049151,107.15146805159748
87,0,0,9,16,0,4,1,82.89277099538594,88.19614606909454,60000.0,35561.17829598952
1,0,0,0,0,0,0,3830,10.974255972541869,12.665770947933197,64.57180297002196,64.20373101718724
23,0,0,1,3,0,3,1,63.91863594762981,80.23840410169214,175.51046796143055,75.64495096448809
39,0,0,8,3,0,3,0,84.40695505123585,94.55379599239677,38572.15877098497,17515.081401914358
88,0,0,10,16,0,4,1,89.8766090394929,102.97890298534185,59994.866295019165,15441.25988194719
43,0,0,1,9,0,3,1,54.42020599730313,76.19752897880971,407.28926402516663,140.19211498089135
37,0,0,2,6,0,4,1,69.21874999534339,82.7050800435245,703.6738950992003,269.4101199740544
15,0,0,3,2,0,2,1930,197.2593480022624,223.60854095313698,610.7681440189481,312.3745600460097
15,0,0,1,2,0,4,327,73.79105594009161,99.2633169516921,306.50307598989457,166.97804897557944
30,0,0,1,5,0,3,1,63.8761700829491,86.03307895828038,367.32983496040106,149.44197109434754
62,0,0,1,13,0,3,1,70.53418993018568,84.36702995095402,480.2197420503944,68.84712108876556
27,0,0,5,4,0,3,8,96.4975249953568,114.11650502122939,5879.402865073644,2738.8336019357666
10,0,0,3,1,0,1,122,280.16860294155777,415.2173249749467,563.5645139263943,293.57118997722864
39,0,0,9,5,0,4,0,245.45001494698226,454.0433429647237,48525.09244403336,11711.687181028537
25,0,0,0,5,0,3,2,177.25594097282737,98.28168200328946,297.98052296973765,79.88568104337901
13,0,0,0,2,0,3,0,25.306771975010633,35.25372198782861,147.91207003872842,65.17411198001355
34,0,0,1,4,0,3,1,67.86142499186099,81.02140703704208,232.438697014004,70.39254996925592
61,0,0,5,11,0,4,1,74.22582292929292,50.25629897136241,9630.915976013057,2267.757553025149
29,0,0,3,4,0,4,3,80.31224098522216,88.53310404811054,834.2532010283321,572.6311210310087
19,0,0,2,4,0,4,3062,177.09497292526066,203.7703829118982,330.45710902661085,185.95005199313164
32,0,0,8,2,0,3,2,303.8277250016108,252.66871601343155,9297.417362919077,4235.1364539936185
35,0,0,3,5,0,4,1,58.09530895203352,82.16255495790392,1238.7377640698105,621.4286069152877
14,0,0,3,1,0,1,144,80.22279606666416,116.96250597015023,1167.2634860733524,618.4380159247667
20,0,0,1,2,0,3,0,55.46176992356777,83.07755901478231,322.8673409903422,145.71827207691967
3,0,0,0,0,0,0,2490,31.751313945278525,44.3250109674409,97.10214997176081,72.40520103368908
41,0,0,3,6,0,4,2,128.09253099840134,138.5433250106871,1705.721456091851,689.1135680489242
10,0,0,0,1,0,1,238,75.33186103682965,109.97121594846249,180.370788089931,111.30290199071169
43,0,0,4,6,0,3,1,69.1414310131222,85.04520892165601,1639.7702629910782,592.383660026826
16,0,0,4,2,0,2,2583,197.2126920009032,300.3173730103299,1126.2558889575303,576.9986188970506
21,0,0,0,2,0,1,2,78.55560490861535,100.50435597077012,196.4829929638654,95.64058401156217
55,0,0,1,10,0,3,1,62.76170094497502,82.68911496270448,462.34766906127334,151.17406391073018
24,0,0,1,3,0,3,4,77.43141695391387,82.43268402293324,383.60703201033175,150.05182195454836
43,0,0,3,5,0,3,0,60.59976003598422,79.67696397099644,1559.9285990465432,580.9303050627932
8,0,0,3,1,0,3,3830,37.805877975188196,39.36806705314666,309.99754706863314,176.5750841004774
38,0,0,2,6,0,3,0,183.12374502420425,281.86321002431214,395.56744403671473,137.2995199635625
39,0,0,7,7,0,4,0,251.77176797296852,351.7225249670446,10847.486344981007,4280.0526429200545
39,0,0,8,3,0,2,3,80.58132301084697,103.37646398693323,21780.609539011493,8720.92352900654
36,0,0,3,5,0,3,1,76.74648996908218,91.12180804368109,1481.9941519526765,562.4819049844518
29,0,0,3,5,0,4,29,71.68231101240963,88.4692509425804,1355.0403200788423,558.5996159352362
5,0,0,1,0,0,1,1026,48.12983493320644,69.6059709880501,221.9740009168163,132.25307199172676
13,0,0,0,2,0,3,441,63.33473103586584,87.7289999043569,162.41470898967236,89.6337479352951
16,0,0,0,4,0,3,7,85.70449892431498,86.66612999513745,192.96440097969025,81.8841609871015
47,0,0,1,6,0,3,1,77.15322100557387,91.0405470058322,410.94844008330256,144.83316894620657
8,0,0,0,0,0,0,67,64.27479698322713,97.48284402303398,162.54727507475764,91.713025001809
13,0,0,1,2,0,1,2,64.53862495254725,81.99166506528854,309.2750810319558,142.9587120655924
15,0,0,1,4,0,3,29,96.58923791721463,107.92423400562257,347.1822689753026,156.99880698230118
14,0,0,2,1,0,1,238,86.5011028945446,127.82980501651764,664.2777429660782,374.1362200817093
33,0,0,2,4,0,3,1,62.8173619043082,78.62971210852265,719.7269949829206,284.8031419562176
39,0,0,2,5,0,3,1,70.81397296860814,83.42840906698257,773.4731609234586,315.90583897195756
34,0,0,4,6,0,5,44,80.53778996691108,90.28389502782375,877.9396750032902,427.8385570505634
31,0,0,7,4,0,4,4,230.9612500248477,306.449392111972,11045.52997101564,5469.956174958497
41,0,0,4,9,0,4,2,99.17744295671582,114.36851508915424,2317.1186110703275,1061.6494200658053
31,0,0,4,5,0,3,1,318.3144700014964,352.75551408994943,1341.5494150249287,526.380637078546
50,0,0,1,8,0,3,1,56.39443197287619,82.1141820633784,396.41442405991256,130.75940299313515
18,0,0,2,2,0,4,0,52.44355998001993,75.23944496642798,305.54955394472927,138.65252607502043
28,0,0,3,5,0,3,0,118.11713594943285,165.93004495371133,658.143952023238,266.4959339890629
13,0,0,0,1,0,2,68,61.30190100520849,86.05794096365571,161.27359902020544,82.40786800161004
16,0,0,1,2,0,3,2,67.15224497020245,115.29602203518152,336.1580689670518,161.05037496890873
3,0,0,1,0,0,1,1951,79.6819570241496,115.74560299050063,121.33192294277251,67.27871904149652
37,0,0,6,5,0,4,29,72.50651100184768,52.52087803091854,10301.750597078353,4289.450109004974
28,0,0,1,4,0,3,25,77.6678390102461,82.6836460037157,246.95105699356645,72.77517695911229
13,0,0,3,2,0,4,3830,9.497473016381264,11.92932203412056,248.91327996738255,219.27129407413304
86,0,0,8,16,0,4,1,85.44427703600377,93.73232803773135,29983.77632093616,6816.250570002012
30,0,0,2,0,0,1,3,61.2327290000394,86.09499409794807,642.2967690741643,296.5901129646227
14,0,0,3,1,0,2,1,50.47938507050276,72.12531997356564,1071.8986559659243,505.04441501107067
46,0,0,1,8,0,3,0,62.94789689127356,81.29942801315337,408.9359100908041,146.35165396612138
35,0,0,4,3,0,2,1,69.52577398624271,89.06350599136204,2491.389920003712,1180.3231040248647
29,0,0,1,4,0,3,1,66.50768499821424,84.05562199186534,378.90498898923397,150.3552800277248
1,0,0,0,0,0,0,3062,30.246739042922854,40.44472496025264,94.9052880750969,68.8386500114575
50,0,0,1,8,0,3,0,67.87978892680258,82.1555209113285,441.3907560519874,149.3525649420917
24,0,0,3,3,0,3,13,118.98316896986216,172.21660306677222,667.9980939952657,304.03242795728147
34,0,0,4,6,0,4,4,233.4905309835449,213.19254802074283,2265.279978979379,619.8763140710071
37,0,0,4,5,0,3,2,133.88047297485173,176.80900008417666,1544.1331010079011,549.8832390876487
35,0,0,6,3,0,3,1,68.02358501590788,86.72043902333826,9823.395399958827,3472.162062069401
20,0,0,3,3,0,4,3062,177.5602879934013,277.2706469986588,394.2574189277366,101.93915897980332
32,0,0,1,7,0,4,0,31.760042998939753,39.63131899945438,189.67858399264514,70.00350393354893
33,0,0,1,6,0,3,1,37.09018393419683,41.299107018858194,100.91126197949052,35.93111003283411
37,0,0,2,4,0,3,1,67.05134001094848,88.74636795371771,739.6928729722276,296.27292905934155
28,0,0,2,5,0,3,1,74.33493703138083,88.62387004774064,690.9433789551258,265.08167397696525
9,0,0,0,1,0,1,158,68.65286594256759,98.77811302430928,164.38701306469738,92.69294200930744
26,0,0,1,4,0,2,0,49.810511991381645,68.51798202842474,162.95548807829618,58.0342139583081
34,0,0,4,4,0,3,35,34.988972009159625,64.56289195921272,2686.1227799672633,1185.4771369835362
85,0,0,7,16,0,4,0,51.09610501676798,71.5044749667868,24411.628452013247,7765.135403024033
39,0,0,8,3,0,3,0,84.40695004537702,95.01163905952126,38989.453149959445,16128.667117911391
23,0,0,1,4,0,3,2,78.17545102443546,96.02427808567882,399.8040279839188,180.85596000310034
70,0,0,2,9,0,3,1,69.92322008591145,84.90674302447587,894.005355075933,275.8416139986366
24,0,0,5,3,0,3,276,120.70646299980581,143.6228030361235,2389.8798199370503,1043.6753809917718
33,0,0,4,5,0,4,1,73.74662905931473,98.8112959312275,1383.6691370233893,530.2348750410601
41,0,0,2,7,0,3,1,119.64682000689209,161.20809596031904,408.9816389605403,143.15800496842712
35,0,0,3,5,0,3,17,63.79695096984506,82.92118995450437,1504.5130170183256,587.6136380247772
31,0,0,2,6,0,3,2,73.85736203286797,87.97226205933839,365.8558870665729,134.19855304528028
86,0,0,8,16,0,4,1,78.51244800258428,84.67661100439727,60000.0,17244.4976340048
24,0,0,1,3,0,3,8,67.396986996755,86.739566992037,330.6363730225712,150.18428093753755
38,0,0,5,6,0,4,1,119.26771001890302,159.72019091714174,1506.129061919637,561.0621670493856
41,0,0,2,7,0,3,1,64.20050794258714,87.67659903969616,346.41096694394946,150.2137229545042
88,0,0,10,16,0,4,1,92.21446001902223,99.02334096841514,60000.0,60000.0
34,0,0,6,6,0,4,66,119.1053920192644,170.36936397198588,4759.457604959607,1295.6316410563886
36,0,0,5,3,0,2,0,104.8409619834274,155.5465020937845,2385.7942500617355,1083.5806740215048
40,0,0,1,6,0,4,1,57.40872002206743,81.11552998889238,376.9097770564258,152.36277703661472
33,0,0,1,6,0,3,1,52.59938503149897,44.896012055687606,359.8670109640807,143.18125089630485
31,0,0,2,7,0,3,1,49.07586902845651,69.24961798358709,347.6334180450067,123.47721098922193
10,0,0,0,1,0,1,34,63.712614006362855,91.9971551047638,163.54237496852875,89.2384450417012
7,0,0,0,1,0,1,227,64.74342697765678,88.8818419771269,147.43925200309604,78.7081599701196
2,0,0,1,0,0,1,3830,12.113939970731735,15.084163984283805,65.27550099417567,63.80486395210028
38,0,0,1,8,0,3,1,67.45318800676614,84.02853307779878,419.8658369714394,146.0460809757933
32,0,0,1,5,0,3,1,67.91808200068772,80.92644100543112,391.9778730487451,148.08884600643069
2,0,0,0,0,0,0,3830,16.144216991961002,20.839059026911855,70.71770599577576,69.22300101723522
40,0,0,8,7,0,4,34,124.4083249475807,166.88508307561278,9982.79699892737,3982.283488032408
22,0,0,2,4,0,3,2,201.722870930098,190.15425606630743,350.88936192914844,131.31989003159106
37,0,0,1,7,0,3,1,77.49649602919817,85.46017005573958,444.2317619686946,148.1986379949376
25,0,0,6,3,0,3,140,224.1145910229534,254.36460599303246,4919.149012072012,2070.933874929324
33,0,0,4,3,0,3,1,67.9201609455049,84.37663095537573,2598.5557680251077,1062.2706799767911
89,0,0,11,16,0,4,1,96.26701101660728,102.77427197434008,60000.0,60000.0
35,0,0,7,4,0,3,58,99.19972100760788,104.65197800658643,21654.381948988885,7355.282016913407
4,0,0,0,1,0,1,1031,49.13370299618691,68.24882596265525,127.37363309133798,73.95819399971515
1,0,0,0,0,0,0,3830,11.129347025416791,13.040399993769825,65.09272893890738,63.86092898901552
7,0,0,3,0,0,1,2343,36.84860095381737,52.71089402958751,514.0239580068737,170.96362204756588
68,0,0,6,11,0,4,0,79.66366608161479,88.20502599701285,12459.505997016095,4541.669292957522
32,0,0,1,3,0,2,1,65.52503001876175,84.70080606639385,375.0759200192988,145.48988500609994
38,0,0,6,7,0,3,4,123.98451706394553,168.56177698355168,5681.011206004769,1848.380006966181
38,0,0,2,6,0,3,0,79.15352704003453,86.89129608683288,836.2839620094746,292.4601680133492
31,0,0,1,6,0,3,1,80.82844805903733,93.86084508150816,376.4272590633482,140.06897702347487
85,0,0,7,16,0,4,1,183.49549791309983,249.0879219258204,15215.397715917788,4168.7272330746055
77,0,0,1,9,0,3,1,55.34097400959581,76.64847408886999,471.9815469579771,140.71276492904872
20,0,0,0,4,0,3,8,100.30095791444182,87.25093107204884,218.60733290668577,77.28261197917163
32,0,0,4,4,0,3,0,63.049899064935744,99.78019900154322,2764.9570800131187,833.0970159731805
26,0,0,1,4,0,4,1,31.7637010011822,41.21133591979742,232.91385604534298,71.80186302866787
17,0,0,2,3,0,3,0,101.8775599077344,151.69551700819284,298.34773496259004,128.62181302625686
35,0,0,3,6,0,4,8,32.34724095091224,40.62948108185083,1339.4600900355726,582.2136079659685
27,0,0,1,4,0,3,5,44.36678404454142,43.55621594004333,185.400424990803,66.04603002779186
11,0,0,0,1,0,1,5,51.59981898032129,75.99937496706843,144.82967893127352,69.80293395463377
38,0,0,2,6,0,4,1,73.33657494746149,86.8720409926027,709.3067560344934,271.9910100568086
26,0,0,3,5,0,3,1,69.13748499937356,80.09218401275575,357.5622480129823,141.6509619448334
21,0,0,0,2,0,2,3,96.34922700934112,43.207905953750014,118.63208399154246,64.78172796778381
7,0,0,1,1,0,1,111,75.11797908227891,107.25527908653021,286.3233049865812,156.3637680374086
27,0,0,4,3,0,2,1,71.20716595090926,62.73680494632572,2548.5578200314194,1143.4658870566636
35,0,0,5,6,0,4,0,242.43736104108393,318.31731798592955,2549.7472850838676,633.4207420004532
7,0,0,1,1,0,2,650,59.03417395893484,80.32646705396473,251.59952405374497,132.08510994445533
55,0,0,1,7,0,3,1,28.139209025539458,40.300918044522405,309.91081800311804,154.91987892892212
21,0,0,2,0,0,1,1,60.844271909445524,83.02429190371186,615.264754043892,297.249568044208
29,0,0,2,4,0,3,5,90.38232394959778,83.75539409462363,192.39879900123924,70.30398806091398
6,0,0,3,0,0,1,3830,18.355289939790964,23.840411915443838,491.56354495789856,237.55584901664406
20,0,0,0,4,0,3,58,177.82309907488525,99.55030004493892,288.6806669412181,92.00622199568897
22,0,0,0,4,0,3,31,77.86028401460499,85.06480802316219,197.09543196950108,82.4004210298881
87,0,0,9,16,0,4,1,81.20178093668073,90.17709002364427,60000.0,17549.82670105528
37,0,0,6,3,0,3,9,84.76634800899774,96.13345703110099,9559.792374027893,4463.064669049345
21,0,0,1,4,0,3,2,94.44873500615358,97.6382929366082,254.9594430020079,72.70341110415757
11,0,0,2,0,0,1,433,55.023172055371106,78.51523300632834,528.5851589869708,271.7087109340355
43,0,0,4,8,0,4,3,133.70510295499116,167.88048192393035,1479.01880601421,566.519055981189
16,0,0,1,2,0,2,19,78.84228206239641,92.5072330283001,336.83091995771974,79.15137999225408
19,0,0,1,2,0,2,1,31.652963953092694,38.283831090666354,187.35292204655707,89.35830800328404
6,0,0,1,1,0,1,1031,45.991107006557286,64.59122407250106,65.04511402454227,39.07345503102988
39,0,0,2,7,0,3,2,76.2620649766177,87.00969605706632,811.1633800435811,182.13989294599742
2,0,0,0,0,0,0,0,24.354548077099025,33.48613507114351,62.87998799234629,30.80518892966211
30,0,0,1,4,0,3,1,77.93509005568922,84.94937792420387,388.83123791310936,146.7308480059728
2,0,0,0,0,0,0,3830,16.176645061932504,20.34897601697594,68.94427409861237,68.14469606615603
15,0,0,2,2,0,4,1488,29.83494906220585,33.635845058597624,236.48524505551904,218.16802700050175
3,0,0,0,0,0,0,0,53.48801799118519,75.42170200031251,134.40911401994526,70.1278829947114
21,0,0,1,1,0,1,2,29.406122979708016,40.66898801829666,159.35759199783206,75.68868703674525
32,0,0,1,4,0,3,1,39.49960903264582,40.4763650149107,205.16267698258162,73.9325339673087
36,0,0,3,4,0,3,1,62.509053968824446,85.8657049247995,686.874862993136,272.55522506311536
34,0,0,6,4,0,5,1,100.71693803183734,100.5287499865517,4996.10588804353,2249.3161539314315
28,0,0,0,4,0,3,0,49.13035000208765,68.01526201888919,163.55289705097675,57.37983901053667
25,0,0,1,5,0,3,1,77.67115801107138,87.30857900809497,391.5048720082268,147.1437270520255
49,0,0,2,8,0,3,1,40.86377506610006,43.936623027548194,470.5725359963253,182.9716459615156
31,0,0,7,2,0,3,0,230.48782197292894,246.99570902157575,4832.935209036805,1599.274309934117
32,0,0,3,6,0,4,49,135.13280195184052,172.82861599233001,711.7394279921427,294.9192289961502
8,0,0,2,0,0,1,1488,45.97726999782026,66.76462502218783,436.9846519548446,232.227003085427
25,0,0,7,3,0,4,3062,318.72742797713727,372.43374495301396,8487.893600016832,3594.6453369688243
24,0,0,1,3,0,2,1,65.85656409151852,87.22307696007192,339.1213030554354,150.07992403116077
30,0,0,2,6,0,3,1,118.83066804148257,166.25434893649071,395.2068999642506,148.6167049733922
52,0,0,1,5,0,3,1,71.12319394946098,83.1359539879486,410.4406099068001,139.09061800222844
38,0,0,5,7,0,4,0,49.208441050723195,68.47934890538454,4913.174857967533,1662.8272230736911
7,0,0,1,1,0,1,0,51.0316810104996,39.79680291377008,172.5136929890141,133.6036919383332
39,0,0,2,5,0,3,1,60.56436407379806,150.8847869699821,396.5266429586336,72.25504796952009
4,0,0,1,0,0,1,3830,10.810306062921882,13.813377008773386,59.82256098650396,45.78414501156658
2,0,0,1,0,0,1,3830,5.742524052038789,6.5876180306077,47.15458303689957,33.74386008363217
29,0,0,6,3,0,3,104,52.26207396481186,59.12248196545988,9794.633765006438,3157.0916089694947
37,0,0,1,6,0,3,1,49.02923107147217,80.14825801365077,195.58236398734152,67.70915200468153
41,0,0,4,7,0,5,46,181.1744939768687,118.82464704103768,2348.1134129688144,632.7905890066177
21,0,0,1,2,0,2,0,65.60138205531985,50.83668592851609,280.6851320201531,148.11683702282608
65,0,0,5,3,0,3,1,29.715594951994717,40.39570898748934,5269.569525960833,2024.000152014196
30,0,0,3,4,0,4,97,92.7221899619326,98.36790605913848,1393.6835860367864,546.5806049760431
53,0,0,4,4,0,3,1,65.97120605874807,83.5508480668068,3075.145256938413,1131.2917930772528
38,0,0,1,5,0,3,1,34.68836098909378,65.06790698040277,399.1366430418566,147.72771997377276
30,0,0,2,4,0,3,1,70.30012703035027,87.03653293196112,707.3358639609069,270.2795460354537
19,0,0,2,2,0,2,11,85.43096005450934,93.58992706984282,718.7253420706838,297.34519100748
11,0,0,3,1,0,1,570,207.8735550167039,211.6309639532119,256.76258304156363,123.04158101323992
29,0,0,1,4,0,4,1,67.35638296231627,80.4853979498148,339.4067179178819,141.81633398402482
39,0,0,2,3,0,3,1,56.39406503178179,80.53215406835079,719.9290370335802,301.6345869982615
16,0,0,2,2,0,3,687,37.05579601228237,49.86683593597263,520.8485219627619,277.4844190571457
2,0,0,0,0,0,0,1522,37.45477297343314,53.44124406110495,106.54741805046797,74.04820108786225
11,0,0,3,1,0,2,650,60.65582798328251,78.79353209864348,522.6906629977748,259.04823397286236
34,0,0,4,6,0,3,0,121.35085603222251,164.3378600711003,1448.0942470254377,553.2627640059218
33,0,0,1,5,0,3,1,81.60842407960445,56.38255400117487,190.43454306665808,68.14868201036006
11,0,0,1,3,0,3,152,34.878713078796864,46.53082601726055,158.67247094865888,79.39423201605678
44,0,0,2,7,0,4,1,79.530407092534,82.73674792144448,778.9438150357455,292.2373990295455
14,0,0,4,2,0,2,2583,165.40457599330693,241.6590340435505,1025.5143749527633,514.0975700924173
25,0,0,3,4,0,4,0,25.28672502376139,35.72880907449871,882.4090049602091,383.6033580591902
24,0,0,2,5,0,3,2,87.47177093755454,93.49536197260022,664.7316109156236,271.91045496147126
74,0,0,5,13,0,4,1,94.7075899457559,104.06334709841758,7534.388357074931,1368.7949710292742
4,0,0,1,0,0,1,0,73.61564796883613,53.83037799037993,137.41627091076225,65.17860293388367
11,0,0,2,1,0,2,906,59.91367599926889,88.5073069948703,569.8818659875542,330.0965829985216
18,0,0,1,2,0,2,13,73.0425650253892,94.41716002766043,359.50471099931747,165.7308239955455
28,0,0,2,5,0,3,2,67.51657393760979,41.03461001068354,613.0908409832045,281.6493520513177
4,0,0,1,0,0,1,1383,88.24999397620559,119.028479908593,61.17924500722438,34.32880493346602
57,0,0,1,8,0,3,1,76.5544199384749,84.9445880157873,473.1599120423198,148.8690209807828
19,0,0,1,3,0,3,42,39.09539291635156,74.11882502492517,391.26785995904356,163.3584590163082
35,0,0,6,5,0,3,2,61.53147609438747,83.38620897848159,3639.2758729634807,1630.3635410731658
23,0,0,1,4,0,3,1,119.36873500235379,162.25309495348483,181.78315495606512,75.60279499739408
29,0,0,2,3,0,3,0,104.71888293977827,158.52306003216654,174.7985149268061,71.0598019650206
1,0,0,0,0,0,0,3830,11.180202011018991,13.05124198552221,64.42286702804267,63.98515799082816
30,0,0,0,3,0,2,1,63.3370210416615,79.03654198162258,179.47466706391424,73.14352295361459
34,0,0,4,6,0,3,1,107.76537703350186,160.3271230123937,1274.3415751028806,379.0490380488336
29,0,0,0,4,0,3,1,58.96391603164375,77.70471391268075,179.91599102970213,71.92269200459123
39,0,0,8,3,0,2,4,80.95836394932121,108.25522302184254,42122.01559904497,17785.11400904972
35,0,0,4,3,0,3,1,85.48722404520959,95.51461099181324,2449.856512947008,1107.5069399084896
28,0,0,1,4,0,3,1,35.616662935353816,43.061609962023795,190.4585319571197,72.99064798280597
12,0,0,0,2,0,1,9,66.97309797164053,86.19734598323703,168.3488809503615,80.87246306240559
34,0,0,1,5,0,3,1,55.070274975150824,76.41145400702953,353.9556470932439,140.3424789896235
25,0,0,1,5,0,3,1,65.69177901837975,80.8937179390341,360.0435210391879,144.82748194132
32,0,0,4,6,0,4,3,73.1678360607475,96.05459892190993,2623.6714529804885,919.034058926627
38,0,0,7,7,0,4,54,89.61546700447798,102.65102703124285,10925.40183593519,4037.4373680679128
19,0,0,4,3,0,4,25,68.89156496617943,96.84510203078389,2286.646294989623,1064.0497560380027
28,0,0,2,4,0,3,29,77.81352603342384,87.72980701178312,767.0368580147624,293.1295250309631
24,0,0,2,4,0,3,2,147.19086606055498,104.96336000505835,1046.0039710160345,297.1005500294268
42,0,0,2,5,0,3,1,81.41374599654227,89.10834300331771,496.90615001600236,142.12323003448546
2,0,0,1,0,0,1,3830,11.270807008258998,13.363995007239282,94.64361693244427,69.58851590752602
6,0,0,0,1,0,1,72,56.08509900048375,79.19181394390762,140.88225702289492,70.46096597332507
20,0,0,1,3,0,4,1,68.38908896315843,83.31736200489104,273.98557297419757,149.13154602982104
35,0,0,1,5,0,3,1,66.6646040044725,80.72034304495901,402.40421995986253,147.5085869897157
37,0,0,2,6,0,3,1,69.6467460365966,85.36579099018127,733.3870630245656,266.9721150305122
4,0,0,0,0,0,0,1488,40.46939394902438,59.374368051066995,114.609714015387,73.33858800120652
47,0,0,1,11,0,4,1,62.706728000193834,81.66261401493102,217.78906707186252,74.7630320256576
10,0,0,4,0,0,1,1488,55.654251016676426,80.19577094819397,1493.3833030518144,385.1135990116745
64,0,0,1,7,0,3,1,81.18854800704867,91.37938707135618,486.7965340381488,147.77977298945189
19,0,0,1,2,0,3,109,62.52174195833504,87.88187708705664,325.1698730746284,154.48916994500905
27,0,0,6,3,0,3,10,231.09467199537903,317.3636089777574,4498.886212008074,1770.5170199042186
25,0,0,6,3,0,4,0,338.69776094798,355.2726929774508,4135.264315991662,1782.9910310683772
39,0,0,2,3,0,3,0,53.20459103677422,75.3345979610458,691.5075950091705,268.0379250086844
49,0,0,4,5,0,3,1,240.48399506136775,212.30687794741243,1902.279575006105,392.87783205509186
33,0,0,4,6,0,4,16,127.03996000345796,148.30880193039775,2312.92877800297,866.7081319727004
20,0,0,2,2,0,2,2,64.57464897539467,82.0142530137673,170.8844070089981,74.42444493062794
2,0,0,0,0,0,0,3830,8.240118040703237,10.141873033717275,34.64398893993348,33.689981093630195
26,0,0,5,1,0,3,0,57.43872292805463,80.43426694348454,3936.6826220648363,2085.4098779382184
26,0,0,1,5,0,3,8,33.67694397456944,38.69305306579918,179.69495698343962,70.8038539160043
12,0,0,0,2,0,3,795,37.1954410802573,46.83713801205158,90.45444801449776,100.65680800471455
19,0,0,7,1,0,2,1383,34.13426305633038,45.40010797791183,14276.459480985068,8516.370730940253
37,0,0,1,4,0,4,0,68.82109306752682,84.79159604758024,356.50974104646593,146.09262393787503
5,0,0,0,0,0,0,939,46.1608610348776,66.61591702140868,123.91566892620176,74.0323489299044
7,0,0,2,1,0,2,1031,57.348422007635236,78.48962303251028,223.13932795077562,125.22650405298918
37,0,0,1,4,0,3,1,60.44459494296461,83.36940594017506,367.3378339735791,147.90684904437512
25,0,0,1,3,0,3,1,67.25248298607767,80.2302600350231,181.2325429636985,78.80637305788696
28,0,0,1,4,0,3,1,111.53869796544313,160.7581980060786,182.34760907944292,75.58519800659269
32,0,0,1,6,0,3,1,69.52965795062482,85.36350401118398,394.8204460320994,149.8819370754063
11,0,0,0,2,0,1,53,85.98128391895443,88.96433701738715,178.20975498761982,84.90600506775081
37,0,0,4,4,0,3,6,67.30747397523373,87.24836190231144,2854.543324909173,1170.0657530454919
3,0,0,0,0,0,0,0,53.70594002306461,78.21938302367926,140.66356199327856,71.93995406851172
17,0,0,1,2,0,3,189,65.67426898982376,84.33302200865,334.74290010053664,125.35114807542413
53,0,0,3,8,0,3,0,59.77613409049809,84.43074196111411,1597.3382730735466,542.6730579929426
29,0,0,5,2,0,3,0,48.75117295887321,67.62307998724282,2236.3327619386837,941.8463169131428
25,0,0,1,2,0,2,7,59.41981903742999,80.99631394725293,334.8950530635193,151.94186102598906
32,0,0,1,7,0,3,1,69.89067792892456,82.25237706210464,402.20966492779553,142.3286780482158
39,0,0,7,4,0,4,9,132.61817290913314,173.47301496192813,10616.266123019159,4077.1953789517283
18,0,0,2,4,0,4,1101,127.8629619628191,183.23563900776207,504.215634893626,282.3754519922659
6,0,0,1,1,0,2,115,62.16313492041081,87.47811010107398,279.70640105195343,152.4923190008849
29,0,0,3,4,0,4,2,70.24322100915015,84.33823205996305,1350.3196749370545,579.7731319908053
36,0,0,6,6,0,4,7,254.66248905286193,248.1276709586382,7998.722953023389,2326.682502985932
24,0,0,2,2,0,2,1,72.5923361023888,90.1837480487302,659.5110719790682,284.3436219263822
22,0,0,1,4,0,3,3,48.89688000548631,46.35566100478172,198.86251306161284,108.21546905208379
13,0,0,2,3,0,3,421,236.953129991889,372.28744791354984,312.9793640691787,147.36868999898434
89,0,0,11,16,0,4,1,50.241042976267636,95.59666505083442,60000.0,60000.0
17,0,0,0,2,0,3,48,75.03086305223405,106.53533495496958,201.98190200608224,100.08287499658763
37,0,0,0,9,0,3,1,181.4701269613579,118.0947469547391,329.21837200410664,51.738928887061775
14,0,0,3,1,0,2,25,104.96502800378948,154.42766598425806,563.3383999811485,269.2684610374272
54,0,0,4,7,0,3,1,66.05869310442358,88.52373505942523,1599.5304699754342,583.023592014797
18,0,0,2,3,0,4,0,51.18574504740536,72.63430708553642,298.4255669871345,127.9530719621107
32,0,0,4,4,0,4,1,73.37421702686697,89.49391194619238,2563.813328044489,1059.9918650696054
38,0,0,7,3,0,3,0,81.57548308372498,94.75426597055048,10339.484316995367,4250.149418017827
8,0,0,2,1,0,2,1419,79.2623630259186,107.48355893883854,263.18700902629644,159.84954603482038
11,0,0,1,3,0,3,421,197.9231119621545,139.32529697194695,126.33031199220568,87.69356994889677
8,0,0,2,0,0,1,939,51.74535303376615,73.82474502082914,494.8393820086494,260.44731098227203
13,0,0,4,2,0,3,2,91.07738896273077,120.9464370040223,874.5727860368788,541.2547430023551
55,0,0,2,6,0,3,1,60.92272896785289,87.30408095289022,797.5529010873288,281.2650220002979
35,0,0,5,6,0,5,44,92.7418660139665,99.20266002882272,2733.9490960584953,1106.9199080811813
22,0,0,5,3,0,4,0,296.817235997878,665.6463640974835,2840.1033100672066,1138.6536600766703
17,0,0,1,1,0,3,31,77.81892898492515,96.92924399860203,323.3288460178301,159.46958400309086
37,0,0,5,7,0,3,3,126.12883700057864,169.93961308617145,2251.4107959577814,1108.497151057236
7,0,0,3,0,0,1,3062,60.95947197172791,171.65279295295477,326.0066310176626,200.15191298443824
18,0,0,2,3,0,3,36,239.90048898849636,228.50498696789145,405.05649195984006,165.87143205106258
34,0,0,4,3,0,3,6,77.25831295829266,87.63779303990304,2621.226974995807,1185.5990380281582
11,0,0,2,0,0,1,0,106.84452601708472,158.73188397381455,286.76285000983626,145.10966499801725
20,0,0,5,3,0,5,365,61.10297702252865,85.16349096316844,3268.150190007873,1557.4123789556324
76,0,0,5,14,0,4,0,81.98714000172913,87.3377009993419,6826.025311020203,2141.473253024742
78,0,0,5,15,0,4,0,82.39131502341479,91.21930203400552,7613.1396379787475,2163.1529959850013
22,0,0,4,3,0,3,87,120.01872097607702,166.27032298129052,1266.307846060954,551.2167429551482
21,0,0,3,2,0,1,12,97.96106000430882,136.76385500002652,1513.7396609643474,773.4208330512047
27,0,0,0,5,0,3,1,168.05553599260747,98.74958696309477,214.1880460549146,74.81477502733469
40,0,0,9,7,0,4,1036,408.6904339492321,445.3656160039827,18997.24002298899,7932.7876140596345
26,0,0,1,5,0,3,12,107.40462807007134,75.63588803168386,331.3457010081038,75.91761404182762
47,0,0,2,10,0,4,1,78.93457601312548,86.6456360090524,909.7107530105859,290.056154015474
16,0,0,1,2,0,3,225,142.15097902342677,122.69263505004346,487.69513599108905,171.9334750669077
36,0,0,7,3,0,3,0,249.73706295713782,299.9116970458999,9398.389589972794,3631.765199941583
23,0,0,0,3,0,3,1,76.47416403051466,83.0264890100807,192.09028908517212,75.76294697355479
37,0,0,6,5,0,4,0,71.50564400944859,44.6100760018453,7783.614431973547,3465.50007595215
29,0,0,2,5,0,3,1,75.22428792435676,48.019686015322804,440.1243320899084,288.2683400530368
56,0,0,1,6,0,3,1,29.497239040210843,58.02918295376003,423.88886702246964,154.12450197618455
45,0,0,5,5,0,3,1,116.82107101660222,85.43633506633341,2879.9826060421765,802.1868389332667
40,0,0,3,7,0,3,1,211.11475105863065,202.08768697921187,2482.7105819713324,593.9141090493649
20,0,0,3,2,0,3,150,109.91285601630807,161.7547629866749,628.2217029947788,295.84629309829324
10,0,0,1,3,0,3,421,172.39878594409674,193.76990792807192,201.34675002191216,151.13366302102804
30,0,0,6,2,0,3,2,35.88813194073737,42.34068398363888,4445.881636929698,1433.5634579183534
19,0,0,7,2,0,2,3830,52.415844053030014,54.58454799372703,15902.209831983782,7980.59454606846
37,0,0,2,6,0,3,1,43.25897304806858,47.8621069341898,615.5813159421086,289.88456807564944
29,0,0,4,5,0,4,10,140.05119306966662,175.19088392145932,1447.603011969477,556.3843779964373
34,0,0,1,6,0,3,1,63.80306207574904,43.758610961958766,205.79630695283413,73.09960597194731
24,0,0,2,3,0,3,30,233.54042298160493,220.8020049147308,485.50865799188614,165.73209804482758
33,0,0,1,5,0,3,3,67.36431503668427,85.17615508753806,397.4623029353097,149.12434795405716
6,0,0,1,1,0,1,1031,55.766801931895316,76.73903298564255,227.04712499398738,125.7011400302872
51,0,0,3,10,0,4,2,85.20848001353443,93.59780896920711,1632.8514829510823,534.575926954858
14,0,0,1,2,0,2,1,54.09403203520924,75.85627702064812,289.84182502608746,138.45685706473887
28,0,0,4,2,0,3,2,43.35780197288841,89.40149506088346,2450.9105960605666,1068.8374320743605
25,0,0,5,2,0,2,11,96.13454702775925,130.76124002691358,4922.034707036801,2635.340826935135
2,0,0,0,0,0,0,907,46.05914407875389,65.08055096492171,123.19451093208045,68.2250449899584
17,0,0,2,3,0,3,39,129.26845299080014,196.5710240183398,316.68450392317027,145.089554018341
36,0,0,1,7,0,4,1,52.955897990614176,77.24638190120459,365.4653320554644,139.43829096388072
50,0,0,1,8,0,3,0,68.62200610339642,81.52099489234388,435.598521027714,131.24788703862578
42,0,0,2,6,0,3,1,59.411460999399424,83.83864304050803,785.9389940276742,301.24279006849974
12,0,0,3,1,0,2,1155,100.80335405655205,146.9022739911452,556.3716189935803,324.0207920316607
34,0,0,1,8,0,3,1,68.49563599098474,85.78546007629484,425.5373189225793,150.01709992066026
35,0,0,1,7,0,4,0,61.82854296639562,81.75945107359439,370.3181359451264,149.45479796733707
42,0,0,1,9,0,3,0,58.83640900719911,84.70967004541308,394.68771195970476,138.8078109594062
35,0,0,7,4,0,3,1,150.2470929408446,181.52552796527743,10528.640570002608,4344.760361942463
31,0,0,2,3,0,2,1,118.78124403301626,162.8174539655447,390.90991008561105,142.82273594290018
8,0,0,3,1,0,3,2343,123.43406397849321,147.54112099763006,260.4300379753113,123.71809093747288
30,0,0,6,4,0,4,0,149.03933100868016,185.96608808729798,4644.70245805569,2273.5841700341552
66,0,0,1,7,0,3,1,56.59677693620324,81.76581806037575,448.4478279482573,151.6642840579152
39,0,0,3,5,0,4,1,63.483201898634434,86.68195607606322,1425.9889170061797,494.24892803654075
36,0,0,7,3,0,3,0,68.2835680199787,85.4186259675771,19324.25065001007,7370.824028970674
84,0,0,2,8,0,3,1,63.3511469932273,60.69727800786495,800.0828659860417,282.07828698214144
25,0,0,3,4,0,3,41,86.70467301271856,91.5337729966268,1358.0287699587643,565.3714290820062
2,0,0,0,0,0,0,3830,15.787301934324205,20.49494592938572,69.93438303470612,68.25528899207711
32,0,0,1,5,0,3,1,67.76124297175556,82.06024509854615,374.805263010785,142.18944706954062
36,0,0,3,5,0,3,1,88.33227993454784,86.79444098379463,1435.6284799287096,529.3632070533931
21,0,0,1,4,0,3,177,178.7887589307502,124.63095504790545,565.4808520339429,163.72283303644508
44,0,0,1,5,0,3,1,65.17006701324135,62.06154904793948,187.42479104548693,73.05027393158525
37,0,0,1,5,0,4,0,62.43584002368152,84.21976899262518,350.69256997667253,146.62863302510232
20,0,0,0,1,0,1,0,60.77074306085706,78.206242993474,157.1011699270457,73.62051703967154
40,0,0,1,7,0,3,1,58.585376013070345,82.87101599853486,406.7992710042745,151.90878009889275
2,0,0,0,0,0,0,2320,35.66488402429968,51.486255950294435,104.82577607035637,80.44767496176064
24,0,0,3,5,0,4,2875,148.04492297116667,230.89410702232271,1949.0197210106999,718.8897540327162
23,0,0,2,4,0,3,14,60.06810697726905,74.40820103511214,474.908325006254,265.0970059912652
30,0,0,5,5,0,4,1,123.27079998794943,175.31708301976323,2573.820634977892,1106.38495197054
30,0,0,6,2,0,3,0,48.36984199937433,67.38854700233787,4190.701793995686,960.0142639828846
13,0,0,2,1,0,2,20,57.561808032914996,85.56952094659209,571.0705659585074,280.4539609933272
34,0,0,6,4,0,3,0,91.70017996802926,51.71207501552999,10004.035227000713,4280.364386038855
11,0,0,0,1,0,1,83,74.5088990079239,103.31070399843156,176.52865394484252,101.35396593250334
18,0,0,0,3,0,3,0,58.39347490109503,85.2674599736929,176.0480870725587,82.55021402146667
38,0,0,9,4,0,4,13,119.65990799944848,160.85382201708853,20087.73486095015,7644.066412001848
33,0,0,0,6,0,3,1,65.57270197663456,95.20226891618222,212.032450013794,94.8652169900015
26,0,0,7,3,0,3,1978,344.4513869471848,425.26764201465994,9168.68397896178,4022.1773999510333
20,0,0,3,2,0,3,26,123.67839994840324,167.55107999779284,620.0933450600132,280.38878890220076
24,0,0,2,3,0,3,1,68.82712000515312,84.33319604955614,691.8102450435981,298.05332503747195
50,0,0,5,5,0,3,1,243.65792097523808,212.12016104254872,3787.2689840150997,1177.8788879746571
17,0,0,2,3,0,3,0,118.01852402277291,159.1953510651365,311.0343450680375,136.2301759654656
30,0,0,4,5,0,3,2,130.16455702017993,135.19684597849846,2820.3860740177333,1162.20819496084
26,0,0,1,6,0,3,1,82.51561806537211,90.1244479464367,369.77829900570214,138.9344820054248
25,0,0,2,4,0,4,1,80.3105509839952,89.03796004597098,349.1302860202268,144.34154296759516
27,0,0,6,3,0,3,78,157.8275979263708,173.15915797371417,2695.345694082789,1034.643054008484
31,0,0,2,4,0,3,1,41.01896903011948,42.939026025123894,356.2436639331281,132.9303520033136
17,0,0,1,2,0,3,0,30.743114999495447,39.61322794202715,152.53514295909554,136.69711293186992
60,0,0,4,12,0,4,1,81.95476490072906,95.87098297197372,3444.814331945963,1083.2898410735652
2,0,0,1,0,0,1,3830,12.337037944234908,15.181191032752395,65.64709497615695,64.5004790276289
27,0,0,1,4,0,3,1,111.91136296838522,160.2228310657665,177.11050005163997,75.5711430683732
2,0,0,0,0,0,0,3830,16.399862011894584,20.65880293957889,70.04109304398298,68.09502898249775
12,0,0,2,2,0,4,46,78.67066992912441,106.14831501152366,338.3337000850588,174.92853000294417
21,0,0,6,3,0,5,3830,24.550621048547328,33.7388509651646,1340.678293025121,512.9098109900951
6,0,0,2,0,0,1,2320,48.613384016789496,70.73167897760868,331.99873100966215,199.72538691945374
45,0,0,1,8,0,3,1,76.0953959543258,87.40679104812443,446.3831619359553,145.11389599647373
6,0,0,3,0,0,1,3830,18.17526505328715,23.80654902663082,323.3908899128437,105.30399205163121
30,0,0,1,4,0,3,2,70.58277691248804,42.74215910118073,232.60641598608345,149.0184550639242
23,0,0,2,0,0,1,4,29.7590009868145,44.47591002099216,446.14746200386435,279.2903110384941
20,0,0,1,2,0,2,19,55.68693904206157,76.82395807933062,308.98518103640527,138.76557303592563
10,0,0,1,1,0,1,0,86.25626901630312,86.86598704662174,314.5868950523436,166.16588993929327
21,0,0,6,2,0,2,887,109.58756098989397,146.48148394189775,4923.965592053719,2783.2107620779425
40,0,0,2,8,0,3,1,67.73927295580506,84.79019103106111,866.2373690167442,145.93250793404877
30,0,0,2,2,0,3,2,61.92686699796468,81.61971904337406,696.4278080267832,297.30144899804145
6,0,0,3,0,0,1,3830,19.259635009802878,25.634121033363044,180.67158700432628,116.20720592327416
34,0,0,1,3,0,3,2,72.26971001364291,80.87490708567202,370.8027070388198,149.5477840071544
11,0,0,2,2,0,2,1,65.75029203668237,81.55550097580999,601.7462960444391,287.0063850423321
46,0,0,1,6,0,3,1,97.39369596354663,97.5333999376744,437.36379698384553,146.18277491535991
37,0,0,4,5,0,3,4,74.1813110653311,87.61252905242145,1343.636853969656,316.90095900557935
5,0,0,1,0,0,1,1026,23.496089037507772,32.26981591433287,110.9590990236029,65.3631699969992
54,0,0,6,10,0,4,1,312.4052520142868,257.5475439662114,8411.672292044386,2388.7886439915746
77,0,0,1,15,0,3,1,64.23918600194156,82.68359303474426,394.27702606189996,73.25405208393931
63,0,0,2,7,0,3,1,54.63734909426421,37.74340695235878,671.452029957436,275.1171989366412
7,0,0,0,0,0,0,433,50.82448595203459,75.67577110603452,138.6838259641081,76.01403398439288
35,0,0,4,3,0,3,1,83.45086500048637,95.60978307854384,2527.309024007991,875.1285230973735
18,0,0,3,3,0,3,0,229.55354896839708,248.62008297350258,610.3610870195553,254.6351219061762
6,0,0,1,1,0,1,1031,56.83283496182412,76.80281193461269,222.99000096973032,124.61545201949775
33,0,0,2,5,0,4,0,67.9928989848122,79.51177295763046,731.3271829625592,294.5006189402193
29,0,0,2,4,0,3,1,122.67696193885058,168.33631705958396,190.25580899324268,73.91824992373586
27,0,0,3,4,0,3,1,115.33365200739354,165.14515702147037,673.1621759245172,281.027568038553
27,0,0,2,6,0,4,91,76.43165800254792,86.25895099248737,587.7308070193976,223.12931797932833
27,0,0,2,5,0,3,1,127.7986760251224,165.7339020166546,394.002998014912,145.5005779862404
9,0,0,2,1,0,1,111,82.61570299509913,119.11884904839098,562.6637249952182,296.4553920319304
4,0,0,0,0,0,0,1226,49.44177798461169,71.2321778992191,126.40521198045462,96.5514340205118
36,0,0,5,5,0,3,2,39.94077397510409,47.92625398840755,5573.634014930576,1817.9557209368795
6,0,0,1,1,0,1,2106,71.42448204103857,96.74939303658903,219.26116303075105,85.25129896588624
18,0,0,1,2,0,2,26,67.06850498449057,84.40232998691499,175.93116906937212,72.04096997156739
32,0,0,1,6,0,3,1,39.92709401063621,42.00454906094819,214.45296599995345,72.40228599403054
39,0,0,3,5,0,3,1,67.1754248905927,86.32660505827516,737.6049859449267,275.5280010169372
9,0,0,2,1,0,2,1684,94.57279101479799,135.12201292905957,284.90639303345233,181.28886504564434
43,0,0,1,8,0,3,1,34.592073992826045,41.654224041849375,221.05188900604844,72.84768100362271
31,0,0,1,6,0,3,2,36.73872398212552,41.7098100297153,194.92227002047002,84.08228203188628
78,0,0,2,10,0,4,1,71.22078293468803,82.95997302047908,941.24097796157,278.78351497929543
63,0,0,3,3,0,3,1,59.186104917898774,82.32176909223199,1021.8345699831843,422.6038580527529
18,0,0,4,3,0,5,365,107.73733502719551,160.41263192892075,849.4516130303964,406.0801509767771
23,0,0,2,2,0,3,220,218.19514001253992,205.66916302777827,450.19461796619,172.0702180173248
85,0,0,7,16,0,4,0,80.4423070512712,86.55266300775111,11536.378887016326,3896.5126080438495
89,0,0,11,16,0,4,1,121.0169269470498,163.16068393643945,60000.0,60000.0
31,0,0,7,4,0,4,0,151.65648004040122,199.09128593280911,9663.081367034465,3474.484882084653
32,0,0,3,5,0,3,2,67.77963298372924,83.10823503416032,1404.8518249765038,549.7761220904067
27,0,0,3,3,0,1,1,65.24082401301712,89.15393392089754,1007.4094410520047,298.87589695863426
10,0,0,1,1,0,1,64,126.1392020387575,190.48877200111747,175.3637189976871,99.1143099963665
23,0,0,2,2,0,3,128,224.22715998254716,209.59387405309826,224.24453496932983,85.37951298058033
28,0,0,1,4,0,4,66,41.82327794842422,43.66388591006398,245.87268207687885,149.74390401039273
30,0,0,1,5,0,3,0,69.35531098861247,82.0216970751062,381.6149679478258,142.788271070458
4,0,0,0,0,0,0,1488,40.97137902863324,48.04104403592646,59.40620810724795,37.52945805899799
51,0,0,1,8,0,4,1,32.66744804568589,40.37587100174278,214.49885796755552,75.16061200294644
20,0,0,4,4,0,4,1419,108.9011839358136,152.29276602622122,1297.709134989418,690.1926780119538
24,0,0,4,3,0,3,137,149.90503597073257,184.2580649536103,1385.8804779592901,571.2754530832171
13,0,0,4,1,0,2,80,96.93969506770372,95.34024109598249,1272.2917750943452,415.45140894595534
33,0,0,1,3,0,3,1,52.29045799933374,70.44460496399552,175.07893103174865,85.13641392346472
11,0,0,2,1,0,1,635,97.80611703172326,130.59296400751919,627.4417239474133,332.66638801433146
21,0,0,1,3,0,3,14,81.999471061863,89.11804796662182,509.15586098562926,167.7678959676996
38,0,0,0,6,0,3,0,67.47574091423303,83.86024599894881,205.82039502914995,75.30319003853947
20,0,0,2,1,0,1,2,56.18198402225971,76.66399399749935,426.2141140643507,134.79936204385012
21,0,0,1,2,0,3,87,75.65400202292949,85.59106395114213,342.4915641080588,120.25443697348237
11,0,0,0,2,0,1,0,29.597449931316078,38.787172990851104,109.15213008411229,83.12209893483669
10,0,0,1,1,0,2,1,32.27026609238237,45.267154928296804,267.15052407234907,148.38756900280714
32,0,0,4,4,0,3,0,53.88070596382022,74.93861205875874,2537.0356659404933,1079.6523180324584
23,0,0,4,3,0,4,87,71.6455919900909,83.49546906538308,1296.4127380400896,560.640937066637
37,0,0,1,5,0,3,1,64.51758404728025,87.91813405696303,384.3375900760293,150.50967095885426
34,0,0,4,4,0,3,4,87.44165289681405,91.39393002260476,2893.5831759590656,999.662893009372
27,0,0,1,6,0,4,23,62.91135505307466,82.55852106958628,355.8803630294278,153.3896039472893
38,0,0,2,6,0,3,2,95.79694306012243,94.47452297899872,802.8803310589865,280.00579099170864
30,0,0,2,5,0,4,1,71.89304602798074,84.57701909355819,359.3899270053953,147.5264619803056
89,0,0,11,16,0,4,1,47.350132022984326,52.81469493638724,60000.0,60000.0
2,0,0,1,0,0,1,3830,11.035908944904804,13.388165971264243,87.95357507187873,31.77794604562223
2,0,0,0,0,0,0,3830,7.968006073497236,9.951564949005842,34.997907001525164,33.31332700327039
8,0,0,2,1,0,2,650,60.489262919873,80.20896895322949,458.89732404612005,233.6404169909656
32,0,0,0,4,0,3,1,62.29876703582704,80.8521460276097,184.7992930561304,75.18334698397666
21,0,0,0,4,0,3,9,93.2317100232467,85.40273306425661,204.24764009658247,80.64239390660077
40,0,0,3,7,0,4,2,183.4732999559492,113.31392696592957,2412.7674270421267,604.2291979538277
45,0,0,2,8,0,3,1,95.19093600101769,95.3777419636026,448.3196440851316,148.983245017007
38,0,0,1,6,0,3,1,66.67261896654963,93.57602195814252,541.6162550682202,141.62606408353895
38,0,0,5,5,0,3,1,82.44793792255223,101.2584229465574,5620.123205007985,2596.6081069782376
17,0,0,1,3,0,3,45,74.848328018561,82.14382990263402,337.3787240125239,130.17749693244696
18,0,0,0,2,0,3,0,48.54545008856803,68.83867701981217,147.22506795078516,61.39014894142747
19,0,0,1,3,0,3,6,96.1990220239386,132.11241702083498,447.89615098852664,209.24989902414382
32,0,0,1,3,0,3,1,67.57587601896375,95.27051507029682,369.24977600574493,149.04824597761035
19,0,0,3,2,0,4,0,54.049173020757735,74.6136250672862,600.4597529536113,268.9773860620335
2,0,0,0,0,0,0,3830,16.1738219903782,20.282028010115027,69.92007896769792,64.64283599052578
40,0,0,4,8,0,3,1,177.08117002621293,104.16201699990779,4997.17491096817,1136.155180982314
28,0,0,2,3,0,3,1,78.02470703609288,80.2336250199005,735.3042470058426,296.11607000697404
31,0,0,2,6,0,4,49,77.56119000259787,48.65805397275835,379.1502200765535,142.54929800517857
28,0,0,2,4,0,3,1,37.16591093689203,82.52667693886906,663.1447660038248,266.87485503498465
29,0,0,2,4,0,3,1,64.53340698499233,79.4079639017582,251.37210602406412,145.56788001209497
8,0,0,1,2,0,2,2583,100.17911705654114,100.44234106317163,167.02509601600468,106.39985406305641
7,0,0,1,1,0,2,2320,23.560119909234345,28.6390099208802,127.54957797005773,80.79299598466605
25,0,0,5,3,0,3,111,98.64074701908976,124.77027403656393,2124.6862380066887,1075.9259728947654
7,0,0,2,1,0,2,3830,10.671064024791121,12.90082698687911,138.73954699374735,95.98773496691138
87,0,0,9,16,0,4,1,94.26519402768463,102.3443159647286,60000.0,33393.948297947645
38,0,0,2,5,0,4,0,73.12978804111481,93.81392900831997,694.1772738937289,283.2350969547406
26,0,0,1,5,0,3,1,75.21392602939159,92.04333694651723,366.19624705053866,142.60349504183978
16,0,0,1,2,0,3,13,122.9154400061816,185.8976340154186,188.12499893829226,101.96250502485782
3,0,0,1,0,0,1,3830,17.13769300840795,21.264220005832613,69.95199690572917,68.76408099196851
34,0,0,6,4,0,3,1,97.91541600134224,101.99763800483197,10747.46325192973,4014.1171029536054
6,0,0,2,0,0,1,2490,59.38032001722604,87.71277510095388,178.8641579914838,74.99481795821339
23,0,0,1,3,0,3,6,43.74097008258104,43.41213498264551,179.99803100246936,70.69772109389305
40,0,0,5,7,0,3,4,120.22063403856009,160.1501499535516,2527.912102988921,920.4111610306427
23,0,0,3,3,0,3,0,102.58925601374358,150.94385005068034,307.4368319939822,128.96444089710712
33,0,0,4,5,0,4,1,97.41035290062428,118.96043596789241,849.9643619870767,511.7197589715943
23,0,0,6,3,0,4,3062,283.4994459990412,366.96974700316787,4390.0229330174625,1769.9847270268947
25,0,0,3,4,0,4,3,60.84142695181072,109.92410709150136,767.5254399655387,542.3591979779303
79,0,0,10,13,0,4,1,96.32441599387676,106.60221695434302,60000.0,60000.0
31,0,0,5,5,0,3,760,415.69972899742424,420.46417598612607,1128.4308079630136,282.6710749650374
36,0,0,2,7,0,3,1,32.196526997722685,42.22960805054754,350.6934599718079,147.43210491724312
41,0,0,3,6,0,3,1,57.42792598903179,81.11807308159769,1519.8926579905674,588.366130948998
32,0,0,2,6,0,4,1,79.05213802587241,87.83487207256258,374.66672889422625,143.4837019769475
27,0,0,1,5,0,3,1,77.60735193733126,87.1461279457435,356.39171104412526,139.55410791095346
32,0,0,2,4,0,3,3,59.75798505824059,83.43752298969775,715.4323130380362,294.94607204105705
19,0,0,1,2,0,2,1,121.46546691656113,161.57819202635437,174.95703196618706,76.74951094668359
25,0,0,1,4,0,4,187,77.4605490732938,95.70961608551443,300.08048797026277,76.73242501914501
38,0,0,2,6,0,4,1,36.582550033926964,44.24195794854313,361.07179697137326,135.40500798262656
28,0,0,0,5,0,3,6,34.8120880080387,42.47171094175428,99.88836105912924,39.987072930671275
85,0,0,7,16,0,4,1,81.90386206842959,111.1897110240534,7504.531507031061,2275.51024092827
67,0,0,4,13,0,4,1,41.961314040236175,45.75569601729512,3585.757720982656,971.2320400867611
36,0,0,7,3,0,3,1,39.09565194044262,88.06417090818286,9882.02467490919,4216.179140028544
18,0,0,3,2,0,4,557,122.75467591825873,173.27523801941425,566.7289000703022,225.88711802382022
44,0,0,5,8,0,3,2,83.24179798364639,93.00335694570094,6422.924750018865,2153.2817609841004
15,0,0,0,3,0,3,8,53.69703599717468,77.4677450535819,158.9623080799356,71.3913090294227
42,0,0,0,9,0,3,0,92.67977997660637,97.82687190454453,230.6858169613406,74.42804798483849
19,0,0,1,3,0,4,53,80.39034705143422,89.72893806640059,335.1714989403263,147.41682505700737
29,0,0,1,3,0,4,1,59.718539007008076,82.47800904791802,307.59366892743856,73.56484804768115
60,0,0,1,4,0,3,1,177.93320899363607,100.0904249958694,636.936852009967,166.1037279991433
17,0,0,2,3,0,3,15,32.56498207338154,91.59812703728676,614.9023700272664,270.60268505010754
41,0,0,3,8,0,3,1,97.38278901204467,98.55948993936181,876.003197976388,292.899493011646
41,0,0,3,7,0,3,1,69.44204098545015,85.71004297118634,1501.0054010199383,547.3184499423951
19,0,0,3,3,0,4,0,101.98619309812784,155.67788307089359,302.62518499512225,131.1556490836665
12,0,0,1,1,0,1,166,61.53953494504094,78.98428698536009,301.58578197006136,141.39790507033467
36,0,0,5,3,0,3,1,89.50866397935897,108.42104605399072,5201.75986608956,2213.4125150041655
34,0,0,6,4,0,3,1,102.45816700626165,117.88209900259972,5045.87598098442,2188.9332350110635
31,0,0,2,5,0,3,1,71.73440896440297,97.94500796124339,716.3113290444016,282.20847295597196
17,0,0,4,2,0,3,2875,133.46747099421918,210.09117201901972,1999.882485019043,809.6362929791212
36,0,0,4,6,0,3,1,107.77871997561306,155.16812005080283,1457.2063609957695,547.2303839633241
38,0,0,7,3,0,2,2,87.8342060605064,106.91368696279824,20159.484723000787,6474.508716957644
34,0,0,2,5,0,3,2,58.42213600408286,130.94071205705404,770.8969010272995,300.7617009570822
33,0,0,4,4,0,3,0,65.10747992433608,64.69147792086005,2362.7060130238533,1100.6336220307276
10,0,0,3,1,0,3,432,70.10958006139845,92.29879209306091,742.9013460641727,361.0756900161505
87,0,0,9,16,0,4,1,80.72248310782015,89.5722929853946,59988.40641393326,17881.421090918593
48,0,0,1,8,0,3,1,68.56355199124664,81.24007796868682,445.6012020818889,149.25700100138783
19,0,0,3,2,0,2,18,94.64607806876302,126.21554790530354,758.770345011726,373.1031419010833
34,0,0,1,5,0,3,1,73.72248696628958,84.49780009686947,384.81146295089275,150.5440709879622
44,0,0,5,8,0,4,1,100.25051096454263,114.34378090780228,5117.42169491481,2059.9981560371816
34,0,0,1,5,0,3,1,113.89680195134133,161.70871804933995,192.99934699665755,76.36496401391923
23,0,0,2,3,0,2,0,57.07695393357426,81.58602996263653,637.6410989323631,296.0876600118354
40,0,0,8,7,0,4,0,254.2529369238764,352.6196260936558,20074.43926902488,8490.499562001787
39,0,0,3,4,0,3,1,70.86755207274109,86.73162793274969,1394.9612339492887,276.8263570033014
7,0,0,3,0,0,1,3830,16.839151037856936,23.704283987171948,142.9355030413717,86.28148003481328
26,0,0,2,5,0,4,176,40.361321065574884,46.37439001817256,563.8344190083444,268.298425944522
40,0,0,4,5,0,3,1,66.25448900740594,87.17728697229177,1470.2683991054073,560.7997729675844
6,0,0,3,0,0,1,3830,19.23158299177885,25.170522974804044,164.35437800828367,116.6529250331223
22,0,0,2,4,0,4,1,184.92423300631344,168.4981839498505,363.9964630128816,157.67147194128484
15,0,0,4,1,0,1,377,101.9409199943766,134.99503408093005,2184.104882995598,1059.7989819943905
32,0,0,5,5,0,3,2,200.6610509706661,253.85944603476673,2559.310339973308,661.9647640036419
35,0,0,2,5,0,4,1,151.72194095794111,102.8269228991121,866.1249259021133,288.34545391146094
1,0,0,0,0,0,0,3830,11.222778004594147,12.879963032901287,64.0873780939728,64.47794602718204
33,0,0,4,5,0,4,1,86.82333095930517,98.0324890697375,2119.683490949683,949.6825500391424
33,0,0,4,3,0,2,3,120.26071292348206,165.5744119780138,1441.2868350045756,566.0726350033656
39,0,0,7,7,0,4,0,322.6970810210332,350.13030795380473,5454.999464913271,2073.5286680283025
23,0,0,2,4,0,3,2,94.26619706209749,100.02836701460183,757.5827019754797,293.68870705366135
38,0,0,5,5,0,3,2,108.13672898802906,184.62514190468937,2804.6675380319357,883.1470939330757
37,0,0,6,3,0,3,2,84.41452507395297,95.31422704458237,9753.144422080368,3933.748660958372
25,0,0,1,4,0,4,12,91.0528659587726,90.53088596556336,356.56008298974484,145.8554610144347
27,0,0,1,3,0,3,2,67.27885699365288,80.8970769867301,385.36291604395956,149.9186889268458
22,0,0,4,3,0,3,2,95.88496398646384,227.06998093053699,694.0326140029356,257.7468700474128
26,0,0,1,4,0,3,6,66.17767794523388,84.29508400149643,314.45683003403246,142.5504309590906
3,0,0,0,0,0,0,2490,31.60696802660823,24.312439956702292,53.941227961331606,35.558442934416234
30,0,0,3,5,0,4,2,136.4796489942819,169.82766008004546,402.7603199938312,150.3810150315985
46,0,0,4,8,0,4,1,86.22662094421685,102.43015107698739,1624.7516190633178,537.1954010333866
23,0,0,1,4,0,3,1,87.01037103310227,90.7099440228194,362.56602208595723,142.66053203027695
36,0,0,8,4,0,3,104,52.181422943249345,57.867629919201136,41367.03185306396,17325.643817079253
22,0,0,3,3,0,3,12,248.74864390585572,184.07523806672543,772.435694001615,328.2384689664468
38,0,0,4,4,0,3,1,69.98803606256843,85.1036700187251,2758.5027079330757,1216.8907090090215
21,0,0,2,2,0,2,2,82.36889692489058,93.98158604744822,465.0953260716051,163.70423010084778
39,0,0,7,7,0,3,0,220.48236895352602,292.82689304091036,4728.468089946546,2133.8200059253722
33,0,0,2,6,0,3,1,67.37704202532768,84.27706803195179,702.5457450654358,146.73617400694638
34,0,0,1,5,0,3,1,72.8139589773491,89.25827196799219,368.2860209373757,136.91786001436412
32,0,0,2,4,0,3,1,32.38389396574348,39.24748697318137,636.270841001533,283.38798007462174
27,0,0,1,5,0,3,1,57.48897895682603,80.68068407010287,351.4401140855625,151.9037449033931
35,0,0,1,6,0,3,1,52.20186698716134,76.8330660648644,361.2579950131476,138.43003008514643
23,0,0,1,2,0,3,23,63.279262045398355,81.64782600942999,339.31751002091914,148.29073299188167
33,0,0,4,6,0,4,3,104.05422106850892,114.38224499579519,2735.8349949354306,1060.046221013181
34,0,0,1,4,0,2,1,64.4218489760533,79.18530807364732,369.64918905869126,143.39289697818458
17,0,0,2,2,0,1,27,100.52404494490474,130.61191304586828,732.0030640112236,372.625955962576
24,0,0,1,2,0,2,1,62.40141100715846,80.55063802748919,237.8761760191992,152.18030102550983
30,0,0,2,5,0,3,1,33.359108958393335,38.99799392092973,603.5075810505077,262.9482069751248
10,0,0,1,1,0,1,1,56.570295011624694,82.87236606702209,281.5458399709314,132.15262303128839
15,0,0,1,3,0,3,303,70.3513000626117,90.386199997738,300.2090039663017,143.9386650454253
25,0,0,5,3,0,2,0,127.87976302206516,175.9277950040996,2523.502435069531,869.3141499534249
32,0,0,4,6,0,4,87,71.73301291186363,90.33609100151807,2230.057353968732,1147.6489499909803
29,0,0,1,3,0,4,1,79.76144796703011,83.43899098690599,343.3801520150155,145.00669902190566
16,0,0,0,2,0,1,0,83.51762709207833,86.29791892599314,187.568963970989,80.71349700912833
36,0,0,4,4,0,3,4,76.09780295751989,85.95854800660163,2815.858853980899,1086.9436410721391
21,0,0,3,1,0,1,3,28.876940021291375,38.22292806580663,591.4335289271548,272.063568001613
21,0,0,1,3,0,2,2,64.88347903359681,82.05877896398306,349.1063329856843,142.73001602850854
34,0,0,2,5,0,3,2,63.928197021596134,88.4278459707275,754.3949210084975,299.1560910595581
51,0,0,2,6,0,3,1,60.9221700578928,82.13184494525194,829.1847710497677,295.05614994559437
76,0,0,1,8,0,3,1,70.05648908670992,87.68850693013519,489.1073239268735,126.96060305461287
4,0,0,1,0,0,1,0,105.48165906220675,156.47854993585497,135.90831402689219,70.71637595072389
29,0,0,1,6,0,3,1,81.4606819767505,89.47593893390149,408.2371820695698,149.53350997529924
85,0,0,7,16,0,4,1,81.03853603824973,87.93545002117753,14478.921964997426,4277.302802074701
23,0,0,6,3,0,4,1296,100.15763598494232,157.29846293106675,4347.7463159943,1385.1298190420493
22,0,0,1,3,0,3,2,60.700647067278624,85.17036901321262,448.0101440567523,153.21523300372064
1,0,0,0,0,0,0,3062,30.15940706245601,42.29393100831658,95.65194300375879,70.30729600228369
76,0,0,1,8,0,3,1,65.79837901517749,80.48541005700827,468.28608796931803,143.54578696656972
47,0,0,3,7,0,3,1,142.82500802073628,93.92072004266083,1118.6205450212583,310.1389550138265
16,0,0,3,2,0,3,0,104.80346495751292,157.03501005191356,598.9179241005331,270.05154197104275
34,0,0,5,3,0,3,1,76.23869797680527,96.30943299271166,5211.541773052886,1349.2215869482607
22,0,0,4,3,0,4,102,88.47188192885369,92.14331908151507,1241.3615810219198,549.0175880258903
4,0,0,0,0,0,0,1488,41.92879202309996,59.46610600221902,115.84326799493283,74.13729303516448
8,0,0,0,2,0,1,8,89.59451294504106,92.4161879811436,170.95747392158955,85.32178297173232
22,0,0,3,2,0,3,8,68.93016502726823,86.6040550172329,1186.6401809966192,525.4570780089125
18,0,0,2,3,0,3,45,39.376699016429484,41.11120605375618,340.0144709739834,124.94350201450288
27,0,0,1,5,0,3,1,79.3146820506081,86.75756200682372,350.37900402676314,139.1884949989617
15,0,0,0,2,0,3,2,30.18952498678118,41.505460045300424,84.10081698093563,41.25594499055296
8,0,0,1,1,0,1,0,54.64153294451535,78.61895300447941,282.64050802681595,139.86037496943027
85,0,0,7,16,0,4,1,41.27867508213967,47.94986604247242,15461.828244035132,4677.438438986428
4,0,0,1,0,0,1,2490,55.410803062841296,80.48040606081486,95.2484681038186,71.75693509634584
4,0,0,0,1,0,1,352,120.77505199704319,154.4837460387498,122.04068200662732,88.96814496256411
24,0,0,2,4,0,3,2,84.94856394827366,95.75870598200709,707.0548729971051,286.9129589525983
21,0,0,2,3,0,4,1,83.2758080214262,100.54355603642762,667.20487002749,301.03533098008484
23,0,0,4,3,0,3,87,120.73246098589152,164.3617000663653,1311.0272629419342,466.8737330939621
91,0,0,13,16,0,5,1,85.73516504839063,93.88556098565459,60000.0,60000.0
33,0,0,5,6,0,4,1,124.55473002046347,169.52810599468648,559.2606990830973,208.72938609682024
21,0,0,2,4,0,3,217,69.6011990075931,89.96569702867419,694.258141098544,287.9905269946903
47,0,0,1,4,0,3,0,78.56824505142868,87.82093203626573,427.8556869830936,145.18826303537935
52,0,0,4,8,0,4,1,67.14793900027871,84.327626042068,3110.3518760064617,825.5481850355864
46,0,0,1,9,0,3,1,56.23406998347491,77.22129602916539,423.2434940058738,138.7915399391204
34,0,0,1,4,0,3,1,29.51703907456249,59.22023800667375,318.43194807879627,153.63209298811853
33,0,0,6,5,0,3,2,120.2484869863838,176.33177794050425,5384.610763983801,2114.69089507591
48,0,0,4,10,0,4,229,166.4797670673579,159.72722496371716,2655.5217349668965,1261.205356917344
37,0,0,2,5,0,3,1,66.91286410205066,82.69610209390521,769.2152169765905,283.05072395596653
21,0,0,1,3,0,3,7,79.16542293969542,100.56250402703881,378.9177050348371,85.31350700650364
7,0,0,2,1,0,2,1951,110.63107999507338,209.97669093776494,223.34314498584718,132.27034197188914
16,0,0,3,2,0,4,1312,54.97603304684162,75.757069978863,1006.6800559870899,362.0820789365098
84,0,0,6,16,0,5,1,81.67432202026248,88.7554349610582,7121.6098150471225,2274.4832480093464
57,0,0,3,8,0,3,1,76.54229702893645,90.01595305744559,1461.1157310428098,577.71463599056
34,0,0,2,6,0,3,1,88.8170360121876,90.37883498240262,771.9049589941278,284.10388098564
78,0,0,9,13,0,4,1,94.72387202549726,99.11001799628139,60000.0,33552.1200010553
1,0,0,0,0,0,0,3830,11.165964999236166,13.305983040481806,64.12271095905453,63.33728402387351
19,0,0,3,2,0,4,0,104.91013794671744,155.61972395516932,302.2071470040828,136.22743799351156
20,0,0,5,3,0,4,907,157.1826150175184,228.9431969402358,2221.286441083066,654.5103169046342
28,0,0,2,5,0,4,1,79.91939003113657,87.63234503567219,346.4684740174562,140.9819870023057
48,0,0,6,6,0,4,1,110.33770407084376,163.92359894234687,5249.927336000837,2262.13755691424
38,0,0,2,6,0,3,1,56.18137202691287,78.19593301974237,428.5232740221545,149.85848299693316
10,0,0,0,1,0,1,104,75.94075007364154,161.37684497516602,178.42775397002697,106.04940401390195
21,0,0,2,2,0,4,0,49.958587042056024,69.30937897413969,627.6835780590773,244.4054699735716
16,0,0,2,3,0,3,25,168.0114750051871,247.90126702282578,305.8803550666198,141.66190405376256
87,0,0,9,16,0,4,1,89.08089203760028,101.61807807162404,60000.0,31820.259509026073
34,0,0,2,5,0,3,1,104.17673492338508,103.92661194782704,926.3027400011197,287.09851193707436
18,0,0,1,1,0,1,4,65.67789905238897,83.08197394944727,324.8903970234096,146.69453003443778
35,0,0,6,3,0,3,1,232.6364159816876,253.23436793405563,4940.773169044405,2182.1269179927185
33,0,0,1,4,0,3,1,107.72774799261242,160.43347399681807,194.28880896884948,80.07698005530983
38,0,0,1,4,0,3,1,64.69336408190429,80.23404097184539,324.1372399497777,145.40472498629242
27,0,0,3,4,0,3,2,113.34981501568109,163.29974099062383,707.3324320372194,296.21192009653896
28,0,0,3,4,0,3,0,131.69422303326428,85.21035895682871,729.199520079419,254.14992100559175
37,0,0,3,7,0,3,0,63.63663903903216,82.17220893129706,790.0297950254753,283.05403096601367
37,0,0,6,7,0,4,26,86.23837097547948,97.30496595147997,5577.727886033244,1773.6056100111455
23,0,0,1,4,0,3,1,67.05928791780025,82.20602199435234,359.92362699471414,149.90704599767923
11,0,0,2,1,0,2,621,27.30964298825711,35.831475048325956,264.67811001930386,135.44753298629075
32,0,0,1,3,0,2,1,40.08922807406634,43.5039009898901,207.82540901564062,147.33847102615982
3,0,0,0,1,0,1,1315,87.31073990929872,109.90507900714874,138.1735720206052,117.06170800607651
26,0,0,5,3,0,3,5,98.85399404447526,134.69114701729268,2458.1188169540837,1058.4119600243866
38,0,0,5,5,0,3,1,128.3676610328257,168.69660199154168,2263.6688499478623,1118.6820639995858
19,0,0,3,2,0,3,0,73.77219293266535,63.63815104123205,320.9146490553394,160.39899201132357
27,0,0,2,4,0,3,0,50.454764044843614,57.30763799510896,156.5355530474335,62.912015011534095
44,0,0,1,6,0,3,1,55.41231494862586,77.49753107782453,366.28562898840755,138.8445240445435
21,0,0,2,1,0,2,21,120.89138594456017,165.61098396778107,327.96625897753984,81.54710801318288
1,0,0,0,0,0,0,3830,5.835928022861481,7.205728092230856,32.51016803551465,31.68008103966713
33,0,0,6,5,0,4,245,458.85216898750514,534.5880009699613,5988.977996981703,1768.3707679389045
13,0,0,3,2,0,3,1101,165.50677607301623,323.56332999188453,585.4353320319206,337.5718609895557
31,0,0,3,6,0,3,10,43.91600901726633,49.12100895307958,1217.4927779706195,551.621487014927
9,0,0,1,1,0,3,2490,48.33796399179846,48.76826796680689,253.85230395477265,151.29080798942596
81,0,0,3,16,0,4,1,40.34997709095478,42.05529496539384,1475.7981330621988,497.3741399589926
31,0,0,3,5,0,3,18,70.17235190141946,82.81838498078287,1032.676267088391,565.2494260575622
32,0,0,3,6,0,3,42,135.73392305988818,175.9552099974826,820.4539639409631,325.0488810008392
17,0,0,0,4,0,3,12,144.94829205796123,93.71949499472976,297.3574590869248,88.14001700375229
13,0,0,5,0,0,1,1026,89.88775301259011,245.70211104582995,1996.5291830012575,612.7940609585494
45,0,0,4,5,0,4,1,79.17028700467199,82.12892396841198,1734.2964980052784,587.4644819414243
39,0,0,9,5,0,4,71,521.2633369956166,600.885171093978,46609.46510406211,14318.620410049334
47,0,0,5,6,0,3,1,60.102834017015994,82.46052800677717,5596.3456550380215,2024.472028017044
39,0,0,3,7,0,3,1,48.872381914407015,67.5474830204621,1746.1139309452847,590.0145700434223
25,0,0,6,2,0,3,287,36.929258960299194,47.476428910158575,8564.28827799391,3085.3116469224915
37,0,0,4,5,0,3,1,67.48017901554704,81.05400600470603,2833.376680035144,1112.4948019860312
27,0,0,1,5,0,3,4,80.73534001596272,94.06866901554167,416.7463460471481,165.78866296913475
34,0,0,1,4,0,3,1,33.44353404827416,46.33789008948952,285.6292899232358,173.35007688961923
18,0,0,2,3,0,4,118,125.45266188681126,163.13523799180984,313.22433904279023,144.898428930901
35,0,0,4,3,0,2,1,80.2878940012306,94.1771250218153,2825.589403975755,1119.9832779821008
8,0,0,3,1,0,2,3830,18.613685970194638,24.64747300837189,235.7393120182678,150.47462796792388
35,0,0,6,4,0,4,17,68.6533679254353,86.22165105771273,10430.777540896088,4325.832560076378
45,0,0,1,6,0,3,1,68.31915804650635,82.30902790091932,418.6673660296947,147.8844080120325
31,0,0,1,6,0,3,1,77.3905769456178,88.26294203754514,351.0073609650135,145.05079796072096
13,0,0,2,2,0,4,0,117.60585301090032,127.01318296603858,646.8470030231401,306.9077570689842
39,0,0,2,4,0,3,1,63.19478806108236,78.67185503710061,518.629414960742,339.48628103826195
35,0,0,5,3,0,3,1,37.65704797115177,45.3140459721908,5060.150556033477,2206.655772984959
36,0,0,3,7,0,4,0,52.80477402266115,75.76467597391456,1362.3712650733069,338.0264019360766
8,0,0,3,1,0,2,3830,18.727308022789657,24.33618507348001,271.717301919125,207.23853004164994
10,0,0,1,2,0,3,279,52.60335304774344,71.49990100879222,270.5229870043695,126.47710996679962
29,0,0,5,2,0,3,8,76.01255597546697,94.64063891209662,4883.929803967476,2410.6514389859512
29,0,0,4,4,0,3,0,65.8690060954541,80.66283795051277,2800.167520996183,1070.8318820688874
35,0,0,3,6,0,4,9,83.74621695838869,114.07650995533913,743.7506070127711,298.8327469211072
21,0,0,6,3,0,5,907,64.68477693852037,87.32323406729847,6445.342332008295,3039.3621139228344
36,0,0,2,6,0,3,0,51.5995699679479,71.7356139793992,351.2699929997325,128.25500196777284
36,0,0,0,4,0,3,0,68.48312797956169,79.65521502774209,194.4514410570264,75.86343202274293
37,0,0,2,4,0,3,1,59.2565150000155,81.63385302759707,784.5630249939859,299.5504420250654
30,0,0,3,4,0,3,4,94.91015400271863,98.70121406856924,1628.5921989474446,643.5858650365844
11,0,0,4,0,0,1,1296,55.304417037405074,79.23254801426083,1609.0760841034353,834.3716460512951
38,0,0,6,7,0,4,17,127.55594996269792,170.96615605987608,5803.133258945309,3416.280458914116
21,0,0,3,2,0,1,0,67.55435094237328,143.5420949710533,1506.5931390272453,626.2435269309208
4,0,0,0,0,0,0,1488,89.91851890459657,119.8570920387283,165.0837539928034,109.90786901675165
25,0,0,2,0,0,1,12,57.33112699817866,166.31568397860974,1036.897073034197,299.7077020118013
22,0,0,2,2,0,3,0,51.45788809750229,70.9040310466662,286.6503809345886,156.1169100459665
24,0,0,3,4,0,3,3,91.95635397918522,105.20436393562704,1761.3448679912835,845.6624910468236
6,0,0,3,0,0,1,3830,19.122261088341475,36.17229894734919,263.5893620317802,238.11561800539494
1,0,0,0,0,0,0,3062,63.729623914696276,82.35095406416804,185.27443194761872,88.12196098733693
25,0,0,2,2,0,1,3,65.51257206592709,81.78648701868951,882.3723050300032,415.09096696972847
25,0,0,1,5,0,3,1,95.84917593747377,121.4279819978401,597.6266929646954,251.88636302482337
84,0,0,6,16,0,5,1,81.3362089684233,90.06611502263695,9669.967291061766,3407.248675939627
20,0,0,0,4,0,3,1,135.42399101424962,121.50883709546179,447.77974497992545,156.59746201708913
29,0,0,2,3,0,2,1,215.17979190684855,349.58162799011916,638.9407509705052,293.61659300047904
32,0,0,1,5,0,3,0,242.00759001541883,172.82925511244684,865.635396912694,291.2680139997974
14,0,0,2,2,0,4,2490,116.11783504486084,109.05697499401867,802.265263046138,457.3376710759476
32,0,0,3,4,0,3,3,120.7307999720797,90.03160998690873,1940.4810820706189,605.5261311121285
34,0,0,1,6,0,3,1,126.00367597769946,164.23959098756313,800.1342730131,301.2212699977681
84,0,0,6,16,0,4,0,109.20932202134281,121.35462497826666,12294.112929026596,4640.591723960824
44,0,0,3,6,0,3,1,178.3947510411963,195.81814797129482,3159.730395069346,853.178949910216
27,0,0,1,5,0,4,1,193.77044099383056,199.67958598863333,736.6286020260304,294.83799799345434
45,0,0,4,4,0,3,1,143.42902007047087,173.8126949639991,5756.152829970233,2271.95678697899
22,0,0,1,4,0,3,1,137.47886498458683,171.45620402880013,691.7439780663699,284.0112760895863
35,0,0,6,3,0,3,1,232.04049200285226,260.38359093945473,6827.925637015142,2130.133288097568
11,0,0,1,1,0,1,1,55.242934031412005,77.91130908299237,304.7933509806171,138.13389604911208
37,0,0,4,4,0,3,1,146.73018106259406,184.65600803028792,2802.613580948673,1114.3849990330637
30,0,0,6,2,0,3,2,273.84208294097334,273.0597039917484,3480.033798958175,1386.1498070182279
22,0,0,2,4,0,4,1,316.0840269410983,220.55872692726552,517.2844579210505,159.5721929334104
6,0,0,1,1,0,1,1031,76.44365797750652,122.56367201916873,420.90123996604234,220.57937504723668
38,0,0,7,3,0,3,0,42.94174793176353,63.08008695486933,24611.831093090586,9060.340165044181
43,0,0,2,6,0,3,1,92.84979698713869,98.05333195254207,842.1515519730747,286.98067704681307
29,0,0,4,5,0,3,1,183.40252293273807,229.21471507288516,5055.164100951515,1236.2616149475798
30,0,0,1,4,0,3,2,65.33958704676479,80.52005397621542,372.22600006498396,146.1576969595626
29,0,0,2,6,0,4,35,137.7506849821657,130.05237001925707,951.3684739358723,514.8708859924227
31,0,0,0,4,0,3,1,101.12910205498338,147.69658399745822,240.73654098901898,142.2834050608799
33,0,0,5,5,0,3,18,595.8314760355279,608.4516659611836,2750.763741089031,1680.4466970497742
27,0,0,2,5,0,3,1,192.49059609137475,273.52698100730777,558.8753640186042,138.69215291924775
9,0,0,1,1,0,2,1226,56.14688608329743,76.8542030127719,291.6896160459146,186.3195940386504
8,0,0,2,1,0,2,650,67.72326002828777,148.59744999557734,489.3709711031988,232.8461470315233
39,0,0,2,5,0,3,1,142.55938807036728,169.23858295194805,1549.9750289600343,557.7305320184678
32,0,0,1,4,0,3,1,79.80966800823808,82.31593295931816,406.3418129226193,147.27262500673532
6,0,0,1,1,0,1,2106,77.08637393079698,105.9398950310424,237.27161309216172,143.90648296102881
77,0,0,7,13,0,4,0,87.97636395320296,96.78529191296548,40805.140963057056,11177.376476000063
37,0,0,3,6,0,4,1,133.3557650214061,168.34749595727772,810.4556699981913,345.1534539926797
33,0,0,5,4,0,3,0,102.38045698497444,102.61299810372293,5847.0461160177365,2183.7442610412836
9,0,0,0,1,0,1,158,70.33020106609911,99.63865508325398,164.9147180141881,92.36076206434518
63,0,0,2,7,0,4,1,58.5838119732216,78.53705098386854,811.8642639601603,273.2396280625835
13,0,0,4,1,0,2,88,143.07241595815867,211.38759097084403,1287.4243019614369,710.2411619853228
30,0,0,6,2,0,2,13,77.49626389704645,97.9541369015351,13000.033531920053,4666.243243031204
36,0,0,5,7,0,4,0,231.92772502079606,245.14622101560235,3890.4527029953897,1360.8538099797443
43,0,0,2,4,0,3,1,74.02165292296559,86.21872402727604,838.3736229734495,306.7809669300914
8,0,0,2,1,0,1,0,309.8135240143165,213.21152907330543,312.44467105716467,134.16922593023628
30,0,0,3,4,0,3,0,110.34378700423986,103.94742107018828,1841.4913630113006,581.0909239808097
27,0,0,2,4,0,3,2,71.82752003427595,86.30936499685049,757.8113409690559,298.5951800365001
4,0,0,2,0,0,1,3830,28.62354088574648,27.964313980191946,236.00104195065796,142.1529350336641
8,0,0,2,0,0,1,939,53.548916010186076,94.54714599996805,795.2430619625375,233.85424294974655
17,0,0,0,2,0,3,0,54.36070298310369,73.0573550099507,200.58473700191826,62.8598720068112
5,0,0,1,1,0,2,2343,96.75468795467168,94.16915103793144,152.5675340089947,78.91061098780483
24,0,0,3,3,0,3,13,67.70032306667417,119.06136001925915,1659.2889269813895,573.272596928291
21,0,0,2,4,0,4,88,179.74344198592007,209.17056500911713,297.3542680265382,82.26712397299707
29,0,0,2,4,0,3,1,130.33861701842397,167.07069403491914,331.5353529760614,87.51772402320057
8,0,0,0,1,0,1,93,53.881035069935024,75.70931792724878,141.86425402294844,71.00298104342073
18,0,0,1,1,0,1,4,63.369511044584215,78.79452500492334,313.3278250461444,144.07856995239854
37,0,0,4,6,0,3,1,196.9673379790038,142.30100100394338,5902.216569986194,1258.4932210156694
30,0,0,5,5,0,4,82,255.24572492577136,304.29152003489435,1479.1420620167628,518.7934619607404
53,0,0,3,8,0,3,0,59.84282901044935,83.46980705391616,1605.1249959273264,540.0197400012985
45,0,0,1,7,0,4,1,77.564170002006,81.9067400880158,448.1998300179839,148.0458079604432
37,0,0,5,7,0,5,2,116.70788598712534,79.22726904507726,1028.0062779784203,507.61851598508656
28,0,0,4,4,0,3,2,155.61481995973736,171.94343206938356,1343.0689478991553,575.3350850427523
11,0,0,2,1,0,2,0,37.71274595055729,49.96866697911173,324.6252689277753,127.14280607178807
25,0,0,1,3,0,3,0,76.13119692541659,81.53175504412502,383.60527891200036,149.2442199960351
87,0,0,9,16,0,4,1,80.43353294488043,86.30997594445944,60000.0,43243.37930895854
20,0,0,4,3,0,3,335,82.58866099640727,102.49241697601974,1843.776216963306,995.0702789938077
21,0,0,1,2,0,3,49,32.04901609569788,49.01181801687926,326.50659093633294,154.33154697529972
35,0,0,1,3,0,3,1,81.46049303468317,87.88854500744492,342.27406699210405,178.7463710643351
20,0,0,1,4,0,3,2,87.47478597797453,87.98882004339248,393.44704803079367,161.1793169286102
24,0,0,7,4,0,4,3830,31.695664976723492,43.32914296537638,9190.570080070756,4301.204144954681
14,0,0,1,1,0,2,83,36.50241007562727,58.23416996281594,322.77432503178716,98.87379000429064
24,0,0,5,3,0,3,158,179.09010802395642,103.95079699810594,3981.3371589407325,1168.2446430204436
24,0,0,2,3,0,3,1,32.86178701091558,42.65034897252917,472.9007949354127,283.7872109375894
38,0,0,1,7,0,3,1,176.3547930167988,98.25214301235974,640.1920330245048,155.9771930333227
31,0,0,3,4,0,3,1,127.5822640163824,168.71823102701455,593.6284179333597,294.53653702512383
15,0,0,4,2,0,4,3062,165.74700991623104,183.46967303659767,655.1637309603393,314.5608970662579
16,0,0,0,4,0,3,24,78.51000293157995,104.21970288734883,197.72151997312903,97.94709004927427
41,0,0,1,6,0,3,1,78.07230902835727,83.73492700047791,428.81044605746865,149.68384604435414
38,0,0,3,7,0,3,1,74.67480096966028,85.50201798789203,618.1889160070568,266.530871973373
24,0,0,2,1,0,1,6,53.53351391386241,76.59357006195933,575.5855520255864,274.88179702777416
26,0,0,1,5,0,3,1,130.7095979573205,168.90677297487855,203.45938694663346,74.10384295508265
15,0,0,3,2,0,4,0,113.95721603184938,122.95334495138377,1013.028902001679,471.61621099803597
35,0,0,1,6,0,3,1,68.63951904233545,116.3886389695108,188.0967040779069,96.1111739743501
18,0,0,1,4,0,3,529,178.1278990674764,123.15227801445872,476.45863599609584,198.73776391614228
24,0,0,2,4,0,3,16,122.70046002231538,163.83643401786685,357.4163579614833,144.6008919738233
32,0,0,2,5,0,3,0,77.20698998309672,88.81947793997824,828.3314500004053,286.55188402626663
32,0,0,5,5,0,3,3,117.56927391979843,161.15978895686567,1376.993146026507,521.7015810776502
33,0,0,2,5,0,4,0,68.08485090732574,83.99640989955515,541.4666590513662,141.874783905223
32,0,0,4,5,0,3,6,143.40434095356613,188.67574399337173,1041.8514540651813,557.3497660225257
23,0,0,1,4,0,4,1,78.75488407444209,86.51388098951429,194.07208904158324,76.56842097640038
17,0,0,2,2,0,3,459,122.8541899472475,170.86800490505993,325.1902329502627,161.81968699675053
14,0,0,0,3,0,1,0,32.58229000493884,40.40659195743501,80.78171301167458,35.56455497164279
19,0,0,2,0,0,1,56,29.569347971118987,41.45521903410554,301.9721480086446,153.87373010162264
36,0,0,1,5,0,3,1,78.00134690478444,84.3836220446974,431.7282299743965,149.28717608563602
41,0,0,10,3,0,2,5,80.8826379943639,101.65939293801785,60000.0,51643.092087004334
87,0,0,9,16,0,4,0,41.94060293957591,43.94902510102838,60000.0,48150.142067926936
3,0,0,1,0,0,1,2490,17.235545092262328,42.67188103403896,180.56064401753247,104.71604100894183
8,0,0,2,1,0,2,331,133.67272703908384,198.5627959948033,173.64754097070545,103.47616800572723
58,0,0,3,11,0,4,1,72.10557104554027,88.97760394029319,1778.441269067116,543.1727400282398
37,0,0,1,5,0,3,1,69.38770995475352,81.24258299358189,435.30119699425995,142.23075297195464
29,0,0,5,4,0,3,39,170.35885900259018,250.94199797604233,1105.2938819630072,552.2276839474216
27,0,0,4,4,0,3,30,341.7077719932422,238.79784403834492,1046.9803529558703,247.78358603361994
13,0,0,0,2,0,1,5,85.54494602140039,84.49530391953886,176.84309894684702,82.24158210214227
65,0,0,6,12,0,4,1,68.1878769537434,82.07877294626087,6557.022362947464,2348.2086110161617
9,0,0,0,1,0,1,212,61.526788980700076,77.53223506733775,151.82512695901096,74.4869529735297
49,0,0,1,8,0,3,1,70.08531107567251,82.00403302907944,438.0141270812601,140.23573999293149
24,0,0,3,4,0,3,0,69.03079594485462,87.01967599336058,1557.3181479703635,744.5397760020569
33,0,0,0,4,0,3,0,66.31100899539888,79.68516601249576,191.1851700861007,71.68321101926267
30,0,0,4,4,0,4,20,91.09727200120687,96.51513502467424,1360.295790946111,559.4984469935298
32,0,0,4,6,0,4,2,79.1996659245342,104.76243705488741,2621.214483049698,1135.2639079559594
7,0,0,1,1,0,1,650,59.29345590993762,78.76166107598692,248.73030500020832,129.67035197652876
32,0,0,2,5,0,3,2,83.85943400207907,93.46569003537297,770.4181040171534,276.83807094581425
20,0,0,1,4,0,3,1,139.47917299810797,173.01966401282698,189.3808179302141,76.38482993934304
43,0,0,1,5,0,3,1,80.4026200203225,79.13825497962534,392.12088799104095,141.7922490509227
25,0,0,2,3,0,3,8,83.95800099242479,92.78106794226915,710.0821420317516,305.1435640081763
22,0,0,1,0,0,1,2,58.29380499199033,84.18730401899666,312.140317982994,148.48567300941795
8,0,0,2,0,0,1,939,61.11699005123228,89.02873005717993,596.2672380264848,258.57396505307406
10,0,0,2,1,0,2,1296,57.89267597720027,100.91361799277365,494.0204240847379,252.591774915345
3,0,0,1,0,0,1,3830,16.964107053354383,22.312105051241815,70.57557301595807,68.31722694914788
39,0,0,9,5,0,4,245,466.43365197815,477.855896926485,60000.0,12905.145648051985
30,0,0,4,5,0,4,1,80.08039696142077,102.07296896260232,2644.871858996339,1096.4231609832495
28,0,0,1,4,0,2,0,65.22573996335268,82.70848100073636,358.8387119816616,145.02623700536788
21,0,0,0,3,0,3,27,78.73448799364269,85.73208993766457,194.37906402163208,78.29403097275645
37,0,0,3,4,0,3,1,68.27045802492648,81.96868596132845,1609.1624819673598,647.7723270654678
44,0,0,5,8,0,4,1,236.71066900715232,197.38090701866895,5109.890618943609,1185.7627880526707
2,0,0,1,0,0,1,3830,13.109519961290061,15.94277296680957,70.36753499414772,129.78127493988723
23,0,0,3,2,0,3,0,49.220074084587395,69.17858403176069,576.1876920005307,240.68362393882126
37,0,0,2,5,0,3,1,61.985005042515695,83.59668694902211,797.0844929805025,298.8919629715383
27,0,0,1,5,0,3,2,77.45791494380683,89.06149200629443,382.8887140844017,150.67107207141817
51,0,0,1,6,0,3,1,67.51984602306038,83.70397798717022,398.06851791217923,139.46994196157902
41,0,0,1,6,0,3,1,84.89136002026498,88.37210293859243,481.5560120623559,162.2172329807654
33,0,0,1,5,0,3,2,84.17805295903236,95.20319697912782,419.4600550690666,147.68989698495716
34,0,0,1,6,0,3,1,71.74514897633344,89.81836098246276,390.23075602017343,150.7279759971425
21,0,0,3,2,0,2,3,69.56929992884398,87.42420398630202,1259.93522698991,557.7286119805649
35,0,0,1,4,0,3,1,67.57543596904725,80.91202995274216,393.0982919409871,151.3502039015293
13,0,0,2,2,0,2,54,53.80243109539151,77.60269998107105,575.8888609707355,269.23162396997213
16,0,0,0,3,0,3,1,59.42753201816231,85.71598399430513,171.8930930364877,82.47547398786992
26,0,0,1,4,0,3,1,79.345150035806,88.64933799486607,426.5084069920704,145.91819397173822
45,0,0,4,6,0,3,1,88.83953397162259,95.40795697830617,3245.7335349172354,1171.803117962554
4,0,0,2,0,0,1,3830,18.769840011373162,23.00710801500827,158.93990697804838,104.62814895436168
7,0,0,0,1,0,1,207,78.0987209873274,110.76587194111198,171.66072595864534,99.28038192447275
25,0,0,3,2,0,3,1,68.93085699994117,87.43913110811263,1218.470524996519,541.5446620900184
20,0,0,4,0,0,1,92,69.23625501804054,100.18796101212502,2377.2349260980263,1128.632273990661
33,0,0,4,3,0,2,3,118.32234798930585,159.55529198981822,1414.0932000009343,568.7668509781361
34,0,0,3,4,0,3,0,75.7995139574632,88.36430497467518,1584.790954948403,581.1003430280834
4,0,0,0,0,0,0,1488,40.91396101284772,59.80005592573434,114.52229204587638,73.7263310002163
21,0,0,4,3,0,3,7,121.42783007584512,165.87181494105607,343.1475260294974,143.60034000128508
28,0,0,6,2,0,3,2,236.02871596813202,268.1899450253695,2497.527771978639,1073.914978071116
29,0,0,2,4,0,3,2,78.47733900416642,89.77821900043637,766.5199729381129,290.2851370163262
2,0,0,0,0,0,0,3830,16.255368944257498,20.71030903607607,70.83849504124373,68.79043497610837
35,0,0,6,3,0,3,1,67.55037105176598,83.30541208852082,10655.653796042316,4409.272041055374
24,0,0,5,3,0,3,87,120.1717039803043,163.43114501796663,1324.829766061157,560.467581031844
38,0,0,2,7,0,4,2,93.22101506404579,99.50848203152418,800.5409049801528,295.1994340401143
25,0,0,3,4,0,4,3,92.01351692900062,105.49564100801945,1508.1189160700887,674.8437630012631
27,0,0,1,5,0,4,9,65.2959430590272,80.46855696011335,355.83649307955056,145.12801403179765
29,0,0,2,4,0,3,2,60.00837404280901,87.66410092357546,691.8808860937133,313.06727894116193
89,0,0,11,16,0,4,1,95.40565102361143,105.48216791357845,60000.0,37168.9295709366
32,0,0,2,1,0,1,0,63.660611980594695,79.18359793256968,693.7563950195909,292.4119650851935
10,0,0,4,0,0,1,1488,63.18274699151516,93.37779798079282,1584.6378969727084,790.7149099046364
3,0,0,1,0,0,1,3830,16.77672704681754,21.22027997393161,70.8888970548287,68.02742998115718
84,0,0,6,16,0,4,1,82.48308603651822,91.72335301991552,16486.35253100656,4426.482874085195
10,0,0,1,3,0,4,3830,10.72160608600825,13.056244002655149,246.13672005943954,156.4441870432347
10,0,0,3,1,0,2,2320,92.15865202713758,126.05322303716093,510.6052519986406,310.7703319983557
26,0,0,1,4,0,3,1,78.98284704424441,87.10783789865673,387.0871199760586,146.6549150645733
25,0,0,2,4,0,3,2,79.76692996453494,87.5245789065957,382.80287093948573,149.4535660604015
25,0,0,1,3,0,2,2,59.19399601407349,81.80153591092676,336.7689020233229,152.22769405227154
22,0,0,2,4,0,3,2,106.4344379119575,113.38409595191479,705.5170139065012,293.74220001045614
53,0,0,3,7,0,3,1,69.76060103625059,96.81867295876145,797.6730540394783,271.83497801888734
14,0,0,3,2,0,2,240,54.90653798915446,77.92110904119909,1134.1037740930915,554.0615189820528
33,0,0,7,5,0,4,2,195.69873495493084,267.59067398961633,10760.628505027853,4421.618641004898
2,0,0,0,0,0,0,3830,16.061937902122736,21.37716207653284,70.37985103670508,70.24045498110354
39,0,0,1,6,0,4,1,57.78540100436658,82.04228000249714,378.47336602862924,154.5987359713763
30,0,0,2,4,0,4,1,132.71238398738205,225.0195649685338,360.7895199675113,149.64258403051645
39,0,0,3,6,0,3,2,71.27089402638376,86.75526396837085,1631.400000071153,569.5550669915974
41,0,0,2,5,0,4,0,67.20218993723392,81.27764705568552,413.44525606837124,151.24802896752954
24,0,0,3,4,0,3,3,149.79763410519809,203.18511396180838,792.5439280224964,384.1558969579637
17,0,0,0,3,0,3,0,99.77259091101587,84.83257004991174,165.6958629610017,74.65866394340992
41,0,0,2,8,0,4,1,245.1295170467347,197.79781892430037,590.455426950939,151.138584013097
33,0,0,2,7,0,4,0,68.60171491280198,82.27939694188535,753.6572919925675,283.51254703011364
67,0,0,7,10,0,4,1,127.85932701081038,172.25686996243894,13699.365981970914,4386.590245994739
27,0,0,1,4,0,3,0,59.5800249138847,82.64760894235224,340.2657969854772,138.95874400623143
32,0,0,2,5,0,3,2,84.84674396459013,95.91133298818022,748.0358949396759,316.4409209275618
14,0,0,5,0,0,1,622,147.9587289504707,229.38340599648654,1983.5458979941905,1049.951568013057
20,0,0,1,3,0,3,74,78.8939599879086,91.10881201922894,367.4449210520834,151.53914201073349
5,0,0,2,0,0,1,1951,181.20231700595468,191.07919000089169,242.07541893702,126.71626301016659
24,0,0,5,2,0,3,13,77.39281002432108,100.73710000142455,4744.145574979484,2154.278966016136
32,0,0,5,5,0,3,2,236.47894407622516,253.97285097278655,2734.0668980032206,1068.6326719587669
18,0,0,2,4,0,3,0,81.2876089476049,126.45708303898573,699.7284210519865,336.87227801419795
18,0,0,4,2,0,2,7,142.78634195216,112.1493229875341,1523.0915489373729,576.3375699752942
4,0,0,2,0,0,1,3830,14.861352974548936,19.00134002789855,118.12866991385818,87.8859399817884
30,0,0,1,7,0,3,1,80.00141300726682,92.41965599358082,380.0573640037328,146.52133197523654
38,0,0,2,6,0,3,3,112.4848450999707,162.04254399053752,383.06658202782273,151.38420299626887
28,0,0,3,3,0,4,3,63.39457293506712,84.73167405463755,1307.1251639630646,586.3078359980136
28,0,0,7,1,0,2,40,78.73296004254371,102.16866305563599,21207.559352973476,9336.275616078638
33,0,0,2,7,0,4,1,72.92321498971432,88.10751291457564,742.1645999420434,280.7174619520083
8,0,0,1,0,0,1,622,50.77898292802274,74.1321430541575,265.21285192575306,139.63855907786638
39,0,0,7,7,0,4,0,148.2127889757976,188.37263190653175,11582.988726091571,4437.266426044516
22,0,0,3,3,0,4,53,92.6486550597474,100.79022799618542,1292.947239940986,561.9924960192293
12,0,0,0,2,0,3,6,54.26451493985951,80.08896000683308,156.66802902705967,75.84007899276912
21,0,0,2,3,0,2,1,116.8605899438262,162.53508697263896,344.1503749927506,145.91578405816108
38,0,0,2,5,0,3,1,79.60482407361269,85.19847900606692,832.9920429969206,296.15915298927575
20,0,0,3,3,0,3,0,183.50918008945882,101.34759300854057,2227.764969924465,592.3512029694393
41,0,0,1,6,0,3,1,71.10878499224782,82.12264499161392,440.28208509553224,142.42058305535465
30,0,0,4,5,0,4,3,132.54758494440466,176.0450900765136,3132.5779049657285,1323.7867470597848
1,0,0,0,0,0,0,3830,10.921055101789534,13.264911016449332,65.75324607547373,63.11767897568643
41,0,0,2,7,0,3,1,123.29287396278232,187.38910905085504,410.4410259751603,144.13357200101018
12,0,0,1,3,0,3,378,247.98153096344322,270.92966192867607,199.2607869906351,95.12943297158927
36,0,0,6,6,0,4,0,254.29543398786336,321.0792789468542,2784.7590029705316,1055.399063974619
38,0,0,9,4,0,3,21,143.9749669516459,174.71187398768961,51375.61122595798,17087.37093489617
44,0,0,2,8,0,3,1,71.06673007365316,91.82152198627591,825.7540629711002,287.5203210860491
7,0,0,1,0,0,1,2,55.50001701340079,128.5532609326765,282.9171549528837,145.959762041457
9,0,0,4,0,0,1,1951,86.89822198357433,129.75356099195778,987.5451410189271,472.219011047855
42,0,0,4,6,0,3,1,89.34287598822266,98.92594197299331,3186.3915630383417,1174.009928945452
51,0,0,0,6,0,3,1,97.24623605143279,96.53216507285833,235.80062889959663,95.60411504935473
15,0,0,2,2,0,2,1028,85.92518290970474,113.83434606250376,659.4187009613961,339.9981730617583
38,0,0,3,8,0,4,346,230.68868508562446,197.9174360167235,1145.8398629911244,300.4750059917569
37,0,0,1,7,0,3,1,71.68563408777118,86.26894501503557,378.99676605593413,138.11456901021302
36,0,0,4,6,0,3,1,183.23578499257565,251.16602797061205,1533.9558919658884,552.5721079902723
26,0,0,3,4,0,3,3,81.63740008603781,96.39037610031664,759.9361150059849,298.8458171021193
46,0,0,1,8,0,4,1,64.71639999654144,80.31724498141557,414.4795339088887,144.26954893860966
85,0,0,3,8,0,3,1,65.96591102425009,80.07674000691622,1916.6862439597026,588.8231110293418
26,0,0,2,4,0,3,4,75.98207902628928,99.29220902267843,771.7525700572878,350.5673869512975
37,0,0,3,4,0,3,2,71.13100891001523,84.73744604270905,1481.2357010086998,561.0760679701343
18,0,0,5,2,0,2,0,238.79775300156325,295.4139489447698,1176.14938900806,599.2474989034235
34,0,0,1,4,0,3,1,60.49406493548304,83.8100389810279,386.42518408596516,152.16760896146297
34,0,0,3,3,0,4,1,59.45202405564487,82.63377205003053,727.7239670511335,299.31305593345314
33,0,0,3,4,0,3,1,67.73746106773615,83.92434194684029,1526.2139469850808,594.498728052713
50,0,0,2,6,0,3,1,70.59754699002951,84.19000497087836,789.2891189549118,264.44755296688527
14,0,0,3,2,0,3,994,171.1205649189651,235.54546001832932,656.936306040734,316.68097397778183
31,0,0,1,3,0,3,7,59.84005692880601,80.42805700097233,356.70084902085364,149.0260730497539
28,0,0,1,6,0,3,2,64.63287002407014,85.31258907169104,379.917221958749,151.74743998795748
32,0,0,1,4,0,3,1,68.81526205688715,82.07802008837461,390.6708509894088,147.12934603448957
85,0,0,7,16,0,4,1,131.79946201853454,165.73923907708377,17097.85481193103,4629.609778989106
15,0,0,2,2,0,4,441,69.21986804809421,94.43800989538431,529.9546790774912,263.19579989649355
34,0,0,4,6,0,3,1,108.09647699352354,160.46698892023414,1411.6453849710524,549.7901899507269
28,0,0,1,4,0,3,1,79.32559004984796,86.98768902104348,405.68129101302475,151.8371009733528
28,0,0,1,4,0,3,1,70.35597204230726,82.9288309905678,371.7636599903926,152.1638409467414
31,0,0,4,5,0,4,17,96.85267403256148,106.30664299242198,2786.5153399761766,1110.6771439081058
30,0,0,4,4,0,4,21,139.00407904293388,172.46702499687672,1375.7435680599883,561.2766770645976
14,0,0,3,1,0,3,2490,97.13960601948202,127.72202806081623,432.69320798572153,242.29197797831148
34,0,0,6,6,0,3,2,128.39057203382254,181.3091658987105,5664.652165025473,2319.040673901327
6,0,0,3,0,0,1,3830,18.315395922400057,23.882698034867644,407.33320999424905,205.66362200770527
27,0,0,2,4,0,3,2,80.49702702555805,89.05151300132275,693.8369980780408,281.4454660983756
24,0,0,3,2,0,3,4,143.6330070719123,186.83191004674882,671.0595060139894,314.8789870319888
19,0,0,4,2,0,2,7,116.45584006328136,134.56801499705762,2621.680620010011,1243.0749960476533
9,0,0,4,0,0,1,1951,87.42324297782034,129.04445896856487,970.0804569292814,477.21155697945505
22,0,0,3,3,0,4,2,101.66116000618786,129.87916602287441,1353.71672490146,616.0931900376454
4,0,0,2,0,0,1,3830,14.916707994416356,19.760665949434042,186.26042397227138,109.1132399160415
21,0,0,1,4,0,3,1,78.66153598297387,85.94750100746751,195.5795850371942,76.39844401273876
66,0,0,7,12,0,4,1,98.87967293616384,110.25127000175416,28603.785303072073,8652.37650508061
3,0,0,1,0,0,1,0,48.68203599471599,70.69843402132392,253.2057879725471,120.05000107455999
60,0,0,4,12,0,4,0,83.9453840162605,92.99629798624665,3781.708182999864,1158.9941289275885
8,0,0,3,1,0,2,3830,18.82412494160235,25.550657999701798,279.36055802274495,176.82691698428243
44,0,0,5,8,0,4,1,91.20079502463341,101.47432400844991,6249.014680972323,2313.0241639446467
21,0,0,2,2,0,3,27,61.29391200374812,87.8873149631545,640.5236619757488,283.2857569446787
35,0,0,6,3,0,3,0,78.47617391962558,103.34809706546366,10029.707770096138,4266.623139963485
21,0,0,2,2,0,3,0,220.99531604908407,205.6877079885453,441.6328649967909,158.7106140796095
24,0,0,2,4,0,3,107,77.45726208668202,86.80500695481896,747.6165839470923,296.8144880142063
21,0,0,1,4,0,4,124,89.54981702845544,107.75224608369172,362.0323169743642,200.9005870204419
88,0,0,1,17,0,3,1,73.91935295891017,93.18549802992493,596.5548480162397,142.80323102138937
14,0,0,2,3,0,3,150,178.81473596207798,261.0978320008144,321.6983589809388,142.02355407178402
24,0,0,2,3,0,3,1,66.81644392665476,88.80207501351833,695.1781590469182,330.61239204835147
14,0,0,0,2,0,1,5,69.30214201565832,90.74357606004924,171.79940501227975,85.54391795769334
15,0,0,2,1,0,1,28,95.60373798012733,120.24220800958574,731.7970399744809,366.24233901966363
17,0,0,0,3,0,3,1,81.18648291565478,100.00223701354116,200.0761879608035,93.51983398664743
43,0,0,4,8,0,3,0,54.01630897540599,76.97964296676219,3070.897286059335,1080.3418300347403
18,0,0,2,2,0,1,0,49.727664911188185,68.46520106773823,549.3290070444345,237.74265602696687
20,0,0,2,4,0,3,27,220.78768210485578,182.56991798989475,1109.6501549473032,350.77386698685586
7,0,0,2,1,0,2,3062,71.88203907571733,96.51777998078614,264.498848002404,172.26470401510596
10,0,0,3,1,0,2,111,83.47576402593404,122.42352007888258,558.5942969191819,293.59936399850994
51,0,0,3,8,0,4,1,65.96975401043892,83.18246097769588,890.7614269992337,300.03856297116727
15,0,0,4,2,0,4,994,243.62992600072175,276.0979459853843,1144.5091229397804,564.2377540934831
5,0,0,2,0,0,1,3830,27.913165045902133,39.62980699725449,194.0269679762423,131.40146504156291
46,0,0,1,10,0,3,1,68.84647102560848,83.10179098043591,443.91065009403974,144.2610559752211
29,0,0,5,2,0,2,7,84.05573398340493,85.15121601521969,5548.8834789721295,2386.2221699673682
20,0,0,4,3,0,4,335,135.52311004605144,178.8881099782884,1192.9319209884852,542.0724230352789
4,0,0,1,0,0,1,0,108.51116804406047,163.53727504611015,134.18517308309674,69.06917900778353
26,0,0,1,4,0,3,0,71.28589204512537,86.48272103164345,342.46777405496687,163.4268310153857
21,0,0,2,0,0,1,1,57.81821394339204,82.21041294746101,628.7745130248368,302.67872707918286
13,0,0,1,4,0,4,2583,106.3107110094279,143.43151007778943,344.8773541022092,217.95217401813716
39,0,0,7,7,0,4,3,148.59437907580286,193.73470393475145,11506.404967047274,4445.982552017085
33,0,0,1,4,0,3,1,64.63277502916753,79.2764889774844,359.17787603102624,142.55050499923527
31,0,0,1,5,0,3,2,80.2266700193286,89.70061899162829,421.03588895406574,150.39489103946835
56,0,0,3,6,0,3,1,60.75420696288347,86.73128904774785,1616.0410570446402,641.3984600221738
38,0,0,5,6,0,4,19,203.943002037704,133.78326001111418,8777.223349898122,2455.016197054647
9,0,0,3,1,0,2,3830,40.84074904676527,46.61768896039575,402.05305197741836,238.83220797870308
63,0,0,2,9,0,3,1,63.35957208648324,89.98406201135367,959.9332750076428,281.55088203493506
14,0,0,0,2,0,3,5,72.8027910226956,106.31103906780481,197.8224579943344,108.85367100127041
9,0,0,1,1,0,2,158,90.316774090752,106.20475991163403,325.6488249171525,169.05611800029874
36,0,0,1,5,0,4,1,66.51021691504866,80.34989796578884,364.4704520702362,141.81664492934942
37,0,0,5,4,0,4,6,78.86843103915453,91.28569602034986,5635.307390941307,2229.931025998667
5,0,0,2,0,0,1,3830,28.51990796625614,39.770063012838364,120.53429405204952,94.68380198813975
35,0,0,7,6,0,4,2,121.40653503593057,169.16919697541744,6091.2410179153085,2326.705052051693
29,0,0,2,7,0,3,1,76.58145599998534,89.9638399714604,729.2275379877537,270.7461159443483
18,0,0,3,3,0,4,15,64.75585605949163,91.74689103383571,1148.1053320458159,540.0877699721605
28,0,0,2,6,0,4,9,184.30545506998897,106.19074897840619,626.0361319873482,164.49141199700534
55,0,0,2,10,0,3,1,64.59809199441224,84.25961202010512,902.477047056891,296.49561003316194
41,0,0,3,6,0,3,1,58.46274096984416,83.59594200737774,774.9924820382148,304.18450594879687
29,0,0,5,2,0,3,2,72.8838739451021,89.29864596575499,2501.7285710200667,1074.2067960090935
17,0,0,1,1,0,3,31,78.08901101816446,96.95421298965812,331.86700008809566,161.10003599897027
57,0,0,1,8,0,3,1,85.60403902083635,94.19219195842743,469.8042549425736,140.20747190807015
12,0,0,2,2,0,4,760,241.26057606190443,141.1890289746225,324.0671429084614,165.30206694733351
14,0,0,2,0,0,1,4,108.86424593627453,160.98296898417175,301.37530202046037,152.28919498622417
15,0,0,4,1,0,2,106,99.63604295626283,102.74814500007778,2484.5135679934174,1168.6132160248235
35,0,0,1,5,0,3,0,68.97788704372942,85.84596205037087,399.958488997072,147.88945496547967
43,0,0,1,9,0,3,1,86.19157003704458,94.29640998132527,431.80569307878613,137.08560494706035
28,0,0,2,6,0,3,1,132.74123100563884,170.31673900783062,407.09146694280207,147.167879040353
11,0,0,3,1,0,3,0,50.5456329556182,68.97736201062799,764.6577949635684,357.6946359826252
42,0,0,4,8,0,4,16,95.92517104465514,108.63145196344703,3328.5384150221944,1184.8636289360002
4,0,0,0,0,0,0,176,52.364579983986914,74.93482308927923,133.8711839634925,71.60283101256937
37,0,0,2,5,0,3,1,112.86091397050768,159.62262998800725,388.4573270333931,147.28031598497182
56,0,0,2,10,0,3,1,64.76062000729144,82.85884198267013,914.2753159394488,298.73226198833436
23,0,0,4,2,0,3,5,75.26786904782057,94.75530695635825,2304.562696022913,1051.0198399424553
29,0,0,2,4,0,4,0,110.75072700623423,97.10931300651282,748.5584629466757,285.81217397004366
27,0,0,2,4,0,3,6,111.16190906614065,92.91618398856372,836.7095139110461,287.6707019750029
8,0,0,3,1,0,2,1315,173.26252500060946,244.58784598391503,222.67704305704683,125.46541600022465
24,0,0,2,6,0,3,9,120.9301259368658,85.71067394223064,1151.0781520046294,284.0538980672136
13,0,0,4,1,0,2,325,201.44976198207587,298.6337839392945,1272.9437249945477,698.9807880017906
35,0,0,2,5,0,4,1,70.45810902491212,84.54110298771411,393.388060037978,144.89189896266907
32,0,0,3,4,0,3,1,64.21348301228136,87.13907701894641,1365.5135850422084,561.0925169894472
9,0,0,2,1,0,2,907,99.6112460270524,144.1756309941411,323.7279860768467,136.56685291789472
27,0,0,2,5,0,3,1,72.23567401524633,85.63588000833988,735.4423269862309,317.67257302999496
5,0,0,2,0,0,1,1951,43.40056295040995,63.55535704642534,401.0557740693912,227.0729609299451
5,0,0,0,0,0,0,939,43.36134693585336,67.40781699772924,123.752171988599,75.0892770010978
24,0,0,2,4,0,3,58,68.7173509504646,90.82824201323092,663.7676530517638,287.6247919630259
22,0,0,3,3,0,4,63,83.27398903202266,93.25459494721144,1242.6067279884592,516.7544330470264
36,0,0,2,6,0,3,0,28.605252038687468,53.46294504124671,682.6296970248222,275.42182500474155
37,0,0,3,4,0,3,2,69.70812799409032,90.99067200440913,1547.7713430300355,573.8169699907303
77,0,0,6,14,0,4,0,83.11583695467561,89.44995899219066,15220.091023016721,4431.335322093219
26,0,0,3,3,0,3,13,79.64320492465049,87.22078404389322,1381.9457370555028,580.6048570666462
32,0,0,2,6,0,3,1,79.87528899684548,88.46443600486964,829.9007299356163,296.62976891268045
10,0,0,0,3,0,3,152,70.92612702399492,95.26251198258251,166.89827607478946,87.92536298278719
17,0,0,1,3,0,3,113,80.57813008781523,90.83385299891233,328.6735119763762,144.170516054146
17,0,0,1,2,0,1,1,85.4243190260604,89.80994892772287,362.5939250923693,161.3337059970945
38,0,0,0,7,0,3,0,66.1746149417013,80.1843520021066,204.49077303055674,71.85958104673773
23,0,0,2,2,0,2,1,76.47534599527717,109.22444995958358,796.8730949796736,399.73979897331446
11,0,0,0,2,0,1,14,79.6750889858231,92.56157104391605,180.98260695114732,87.3331620823592
4,0,0,1,0,0,1,2490,35.35377897787839,49.08600903581828,140.50802204292268,92.34095097053796
22,0,0,1,4,0,3,11,73.62120295874774,93.99262501392514,338.6187551077455,149.92598292883486
54,0,0,4,6,0,3,0,78.46478396095335,91.08676307369024,3332.3229050729424,1020.5089169321582
2,0,0,0,0,0,0,3830,16.297357971780002,20.766292000189424,70.0482790125534,68.27964598778635
2,0,0,0,0,0,0,0,33.90103799756616,69.8619339382276,125.94210496172309,61.603215988725424
37,0,0,3,6,0,4,1,134.723323979415,169.27423002198339,756.165147991851,285.9237970551476
36,0,0,4,4,0,3,4,75.54766489192843,42.842383962124586,844.1180699737743,520.190583076328
28,0,0,2,6,0,4,2,75.41799603495747,93.03749399259686,711.0523779410869,278.78440998028964
5,0,0,0,1,0,1,331,77.09041691850871,107.40788304246962,166.79013997782022,102.24300704430789
83,0,0,5,16,0,4,1,83.78439804073423,89.96973698958755,6948.81212990731,2247.7829250274226
1,0,0,0,0,0,0,3830,11.219113017432392,12.96657498460263,64.38984000124037,64.63376199826598
2,0,0,0,0,0,0,3830,16.289438004605472,20.572753041051328,70.453607942909,68.02811694797128
20,0,0,0,4,0,3,1,80.70228795986623,91.583251953125,195.43764798436314,87.16213901061565
20,0,0,5,3,0,4,907,156.833783024922,231.92123498301953,2205.669134040363,1034.6082019386813
32,0,0,1,5,0,3,1,70.4538089921698,85.7254529837519,376.41885899938643,140.80191892571747
39,0,0,6,5,0,3,2,84.1554319486022,100.21301207598299,4227.276197052561,1859.1539919143543
46,0,0,2,7,0,4,1,80.64097608439624,88.5403590509668,416.2229700013995,146.1795779177919
15,0,0,1,3,0,3,13,79.21033096499741,106.42412398010492,348.63240306731313,164.14614394307137
14,0,0,2,1,0,2,0,72.54036993253976,101.74077190458775,424.58337696734816,140.15718398150057
16,0,0,6,2,0,3,3830,9.135599946603179,13.06472101714462,1204.8451580340043,795.7849509548396
38,0,0,7,3,0,2,1,162.95482509303838,176.9434689776972,10988.752932986245,4552.252324996516
37,0,0,7,6,0,4,8,257.75453401729465,247.48538597486913,17378.888213890605,4875.450334977359
34,0,0,1,5,0,3,1,61.57036998774856,86.7883519968018,361.37469997629523,139.2486010445282
31,0,0,2,4,0,3,1,56.265905033797026,79.1119720088318,675.978904007934,279.73099797964096
27,0,0,2,5,0,3,10,71.24584901612252,83.19651999045163,662.6994060352445,212.00386004056782
34,0,0,2,6,0,3,1,65.84456597920507,87.35216897912323,589.2322000581771,147.31038501486182
32,0,0,2,6,0,3,1,143.1332230567932,90.09742992930114,1049.0013060625643,252.0410029683262
47,0,0,5,8,0,4,1,82.735053030774,94.14776996709406,2837.5632390379906,890.7679510302842
55,0,0,1,7,0,3,1,30.902185011655092,42.64191095717251,280.28071497101337,143.22029589675367
13,0,0,2,1,0,3,622,28.14278204459697,57.50659108161926,537.1364470338449,270.14648495242
58,0,0,3,10,0,3,1,81.13770897034556,90.19801998510957,1386.039529927075,313.4961089817807
20,0,0,2,3,0,4,0,48.80568606313318,68.85484897065908,294.1551429685205,120.31974294222891
16,0,0,2,2,0,3,0,55.85229303687811,80.11231001000851,587.7542669186369,258.68409301619977
20,0,0,2,3,0,4,31,69.92203905247152,84.19226703699678,597.4913770332932,260.4973280103877
45,0,0,5,6,0,5,1,64.41338907461613,85.58871003333479,2798.36693208199,1131.751767010428
22,0,0,2,2,0,3,86,62.776701990514994,88.02905899938196,626.9501990173012,302.94226901605725
4,0,0,0,1,0,1,36,118.79762506578118,154.86619703006,123.86684108059853,88.93589291255921
35,0,0,1,6,0,3,1,37.30907407589257,42.70849993918091,378.08181694708765,151.6385079594329
5,0,0,1,0,0,1,365,66.81243295315653,72.81760103069246,254.56152204424143,129.72207902930677
17,0,0,4,1,0,2,182,83.58578488696367,138.85842100717127,2320.551626966335,1136.233631055802
14,0,0,0,3,0,3,287,170.80589709803462,97.00713597703725,283.877418958582,107.28986002504826
39,0,0,8,7,0,4,596,404.1138880420476,430.32744608353823,10229.25137996208,4035.0809529190883
15,0,0,1,2,0,3,36,101.80091601796448,97.98242396209389,161.72586206812412,76.74011506605893
34,0,0,2,4,0,3,1,134.51676408294588,172.4967339541763,361.7421119706705,153.11774297151715
17,0,0,2,2,0,3,46,91.16969793103635,135.77221403829753,701.5894580399618,323.7046329304576
31,0,0,2,4,0,3,1,52.02109494712204,97.1002239966765,351.2752989772707,149.11200304049999
27,0,0,1,6,0,4,1,80.72167995851487,85.90338402427733,202.69706204999238,76.11538900528103
29,0,0,3,2,0,3,0,102.79633093159646,153.77180697396398,601.3567220652476,255.87439199443907
38,0,0,1,5,0,3,1,113.98586397990584,124.96371299494058,445.8082200726494,146.90714399330318
21,0,0,1,3,0,2,14,58.93002904485911,64.40528598614037,251.44821300636977,137.19819602556527
13,0,0,2,2,0,3,0,252.67269706819206,165.96178605686873,356.60563490819186,153.15377106890082
24,0,0,2,2,0,3,23,114.05082605779171,160.05245002452284,337.31954998802394,75.62639296520501
34,0,0,4,6,0,4,44,48.99615899194032,52.5582319824025,1379.155305097811,589.1662909416482
48,0,0,2,4,0,3,0,39.94974691886455,42.94673097319901,432.39144200924784,147.06797897815704
1,0,0,0,0,0,0,3830,5.723235080949962,6.451964029110968,32.42211195174605,31.585118966177106
84,0,0,6,16,0,4,1,84.16423597373068,89.68350908253342,15910.467490903102,4372.387228999287
30,0,0,5,5,0,4,3,77.03541708178818,95.18027305603027,2556.1251740437,1028.056176030077
38,0,0,3,7,0,3,1,62.817557947710156,44.75016798824072,1423.8107230048627,278.9301649900153
37,0,0,5,7,0,4,3,121.92965392023325,162.095766980201,771.8674170318991,280.8038830989972
22,0,0,5,3,0,4,2320,332.62387895956635,216.39145398512483,1456.0768880182877,680.6985520524904
62,0,0,4,10,0,3,1,89.4008680479601,96.92324791103601,3644.548092968762,1123.4247910324484
26,0,0,0,3,0,2,0,66.4768370334059,81.4628719817847,179.5844549778849,72.10511597804725
1,0,0,0,0,0,0,3062,29.17623205576092,40.85083899553865,93.62778801005334,68.25424695853144
32,0,0,4,5,0,3,0,126.06894795317203,167.47888701502234,1295.799023937434,553.1945349648595
38,0,0,6,7,0,4,0,146.43660699948668,185.1863720221445,5591.282528010197,2168.310177978128
64,0,0,3,7,0,4,0,82.95064000412822,96.0012370487675,1656.879878952168,549.3962489999831
29,0,0,2,5,0,3,1,67.20719009172171,87.66392292454839,362.67138505354524,142.78846699744463
56,0,0,2,8,0,4,1,78.25158210471272,84.597212029621,895.2182630309835,292.95331495814025
16,0,0,2,2,0,3,538,120.03897491376847,165.6546170124784,320.3937850194052,159.81721400748938
35,0,0,7,4,0,3,0,99.49450101703405,98.99383794981986,21734.86824601423,8088.094318984076
33,0,0,6,5,0,3,1,199.96915699448436,128.94825800321996,2526.488987961784,1047.9569139424711
37,0,0,4,6,0,3,1,195.343455998227,135.0824049441144,4572.490236023441,1265.631724963896
11,0,0,1,2,0,1,1,66.25995796639472,84.54995893407613,288.6402590665966,135.58546896092594
29,0,0,1,5,0,3,1,67.44912895374,84.06528900377452,377.2504039807245,142.6643170416355
4,0,0,0,0,0,0,99,51.491746911779046,74.78269503917545,137.31669494882226,69.66487399768084
14,0,0,0,2,0,3,291,63.50370100699365,52.767912042327225,85.18179703969508,47.42186993826181
30,0,0,1,5,0,4,1,60.39896700531244,78.39796901680529,333.0096140271053,138.0448859417811
44,0,0,3,7,0,3,1,72.10950297303498,88.32372794859111,1529.113142983988,356.95158690214157
37,0,0,5,7,0,4,0,132.02433695551008,166.19063401594758,1527.2875850787386,572.3459949949756
33,0,0,1,5,0,3,1,68.30225500743836,84.28006793837994,399.3103610118851,147.75074599310756
22,0,0,5,3,0,4,2320,331.2746309675276,450.1112779835239,2763.709436985664,919.0869700396433
35,0,0,6,3,0,3,0,236.07542901299894,255.72212901897728,5137.232549022883,2091.922081890516
37,0,0,1,5,0,3,1,32.2397630661726,67.72515899501741,390.4868819518015,151.33155696094036
5,0,0,1,1,0,2,3062,42.52218396868557,48.1115699512884,242.6006959285587,158.7589329574257
38,0,0,3,5,0,4,1,76.48196793161333,82.52206002362072,1610.8378740027547,585.8267340809107
10,0,0,2,1,0,2,0,48.50825201719999,68.09917907230556,519.8158760322258,238.3245760574937
54,0,0,4,7,0,3,1,84.6864819759503,116.98430799879134,1322.675316943787,527.3199330549687
25,0,0,4,4,0,3,5,105.30089109670371,122.58432700764388,2682.682237937115,1287.9881910048425
5,0,0,2,0,0,1,3830,14.43588500842452,19.16039001662284,124.36678004451096,86.41641505528241
34,0,0,1,6,0,3,1,111.28853890113533,164.47913006413728,196.46676792763174,75.51871100440621
41,0,0,4,6,0,3,1,130.90143294539303,171.93874693475664,1712.8132850630209,582.7718999935314
36,0,0,1,6,0,3,1,74.82953800354153,90.21275001578033,382.33185990247875,133.2350269658491
34,0,0,5,4,0,3,14,70.78624702990055,90.38175793830305,5192.46218400076,2022.3834649659693
22,0,0,4,3,0,3,557,185.19936001393944,262.4687679344788,1242.1129909344018,545.8559599937871
32,0,0,2,6,0,4,1,229.03090401086956,198.92927899491042,542.1399789629504,78.87615798972547
38,0,0,8,5,0,4,42,302.5844710646197,337.8398410277441,23417.878994019702,5153.863451909274
47,0,0,3,10,0,4,11,210.27260995469987,192.30528897605836,819.7920839302242,307.56798502989113
35,0,0,1,5,0,3,1,67.17259192373604,81.59487193915993,383.94196901936084,142.09320209920406
42,0,0,1,4,0,3,1,67.69657204858959,82.139085046947,399.0613620262593,148.2028339523822
87,0,0,9,16,0,4,1,149.13551695644855,195.15918602701277,55980.925006908365,14776.65232901927
6,0,0,2,0,0,1,2320,43.704927898943424,52.43619799148291,163.23394107166678,99.20006501488388
36,0,0,3,4,0,3,0,65.31729700509459,86.1333979992196,1087.1407811064273,445.03468309994787
85,0,0,7,16,0,4,1,83.04523699916899,88.66186602972448,28819.949888042174,8999.04244299978
14,0,0,2,3,0,4,907,27.392519055865705,35.468894988298416,514.7384039591998,263.95417796447873
39,0,0,6,5,0,3,4,82.36232097260654,100.63601599540561,7647.687400109135,2700.0302319647744
20,0,0,5,2,0,3,3830,25.67041991278529,28.696380089968443,1797.0330299576744,765.828495961614
41,0,0,1,6,0,3,1,36.29759594332427,41.00128903519362,239.42903499118984,69.88104607444257
41,0,0,4,6,0,4,1,63.97479306906462,83.74608401209116,1543.2989209657535,587.9275730112568
32,0,0,1,7,0,4,5,36.12623002845794,54.4402040541172,386.04415697045624,141.5380019461736
36,0,0,3,6,0,3,1,69.10707894712687,91.99858200736344,1439.2144089797512,545.5787510145456
26,0,0,2,4,0,3,1,85.76262299902737,91.62223001476377,463.93539395648986,139.23981308471411
84,0,0,6,16,0,4,1,82.76111807208508,94.54084001481533,14424.665534985252,4522.577092982829
38,0,0,2,6,0,3,1,32.64883509837091,42.760780081152916,190.6698920065537,67.78688705526292
31,0,0,3,6,0,3,1,120.53996906615794,161.5392619278282,739.1055279877037,277.2500719875097
38,0,0,1,8,0,4,0,94.12254102062434,91.26696991734207,445.0313790002838,152.3294399958104
9,0,0,0,1,0,1,34,65.112987998873,94.81854201294482,165.5534169403836,93.04995695129037
28,0,0,2,5,0,4,1,67.35031399875879,88.29135703854263,680.8317640097812,281.23295900877565
20,0,0,2,1,0,1,6,34.341886988841,40.435041999444366,637.1970309410244,138.945544953458
5,0,0,2,0,0,1,1951,41.402682079933584,58.9367049979046,118.05822106543928,59.806931065395474
26,0,0,1,5,0,3,1,129.94276196695864,162.7387780463323,200.28517406899482,75.23366308305413
86,0,0,8,16,0,4,1,86.97775797918439,96.92791802808642,55233.64074295387,16778.95264502149
32,0,0,1,3,0,3,1,54.81728003360331,75.2624130109325,336.36746695265174,138.41875095386058
40,0,0,3,1,0,2,1,99.04564102180302,148.41256604995579,840.6337880296633,370.75378408189863
58,0,0,2,8,0,3,1,85.84438997786492,94.40508903935552,895.6806500209495,277.19793596770614
30,0,0,6,2,0,3,0,66.7004530550912,81.47859503515065,4844.0651330165565,2072.651253081858
39,0,0,10,4,0,3,77,103.78028301056474,103.92754105851054,60000.0,31730.838926974684
28,0,0,5,4,0,4,319,492.8489619633183,594.2631829530001,1917.2567939385772,647.7464890340343
32,0,0,2,4,0,3,2,73.56213498860598,86.64286194834858,546.7827919637784,133.2890250487253
14,0,0,1,2,0,3,441,67.06093007232994,93.0637459969148,294.6283440105617,140.0722940452397
39,0,0,1,6,0,3,1,60.28220907319337,86.91655693110079,377.2588750580326,86.15485194604844
25,0,0,3,4,0,4,0,77.42476393468678,82.75093196425587,1343.3846320258453,563.2827390218154
40,0,0,9,3,0,3,18,82.89611293002963,105.65926507115364,60000.0,25937.421248061582
29,0,0,3,3,0,3,4,41.44466598518193,46.10736109316349,704.6151609392837,438.61719593405724
24,0,0,1,3,0,2,2,68.63584602251649,82.0992779918015,356.73409211449325,147.37159304786474
13,0,0,1,2,0,1,1,106.63542698603123,155.71288403589278,150.27934801764786,72.26491905748844
14,0,0,6,0,0,1,1522,101.2633410282433,144.89635394420475,3454.878183081746,1654.3669640086591
47,0,0,1,7,0,3,0,77.5733069749549,84.80421907734126,451.78060804028064,146.95960492826998
34,0,0,4,4,0,4,1,36.8703140411526,69.57645004149526,2652.0311150234193,1112.614582059905
15,0,0,1,1,0,1,1,104.65060395654291,156.06704005040228,146.512268926017,69.2533201072365
49,0,0,4,9,0,4,5,80.02854301594198,86.81792404968292,2796.6491830302402,754.5876930234954
7,0,0,3,0,0,1,3062,92.17405796516687,136.36940997093916,366.7164989747107,237.7809809986502
5,0,0,2,0,0,1,2490,77.77278905268759,118.90416208188981,109.21136697288603,49.3908179923892
37,0,0,5,7,0,3,3,62.15059396345168,128.00963991321623,2941.590827074833,1101.6072219936177
28,0,0,3,5,0,4,0,51.77217593882233,76.241101953201,1052.4350990308449,445.30411902815104
34,0,0,1,6,0,3,1,131.2747619813308,164.1912650084123,109.4744170550257,37.050334038212895
47,0,0,1,7,0,3,1,77.25045701954514,83.00658396910876,452.1151640219614,148.19225296378136
34,0,0,4,6,0,3,1,56.19795003440231,78.45356105826795,1168.8193860463798,486.4080590195954
22,0,0,6,4,0,4,3062,128.20502498652786,193.7500280328095,2237.0238569565117,1194.6273309877142
18,0,0,3,4,0,4,0,110.70371698588133,168.61014894675463,330.68555302452296,169.49575499165803
30,0,0,1,5,0,3,1,69.59418300539255,87.26574399042875,373.7522169249132,148.3879229053855
88,0,0,10,16,0,4,1,86.18849504273385,95.39343207143247,60000.0,60000.0
30,0,0,3,4,0,3,0,107.62747295666486,103.20652602240443,1562.1520939748734,583.4346500923857
36,0,0,4,5,0,4,1,69.14892001077533,89.92547797970474,2808.263810002245,1133.0076709855348
54,0,0,5,10,0,4,1,157.2981809731573,143.17792397923768,6363.207482965663,2153.015051037073
21,0,0,0,3,0,3,1,138.6809010291472,80.11773996986449,205.90961596462876,75.0271879369393
17,0,0,1,2,0,2,2,75.09708893485367,92.29571302421391,343.13415200449526,156.5991920651868
7,0,0,1,1,0,2,92,66.29669410176575,92.52356400247663,155.2910190075636,85.98555310163647
85,0,0,7,16,0,4,0,80.81053604837507,87.21755899023265,15567.682554014027,4511.035180068575
8,0,0,1,1,0,1,432,62.014629947952926,80.72143094614148,260.3690670803189,130.5021659936756
26,0,0,7,3,0,3,1978,352.52207599114627,465.3344100806862,9100.957006914541,3774.02562496718
6,0,0,2,0,0,1,2490,58.687265031039715,87.23320800345391,178.70015709195286,113.80985903088003
7,0,0,2,1,0,2,1031,57.16697301249951,78.21352093014866,288.9373350189999,125.66383404191583
33,0,0,1,4,0,3,2,117.75277310516685,79.98930802568793,409.7830200335011,145.80383291468024
38,0,0,2,6,0,3,1,58.76230099238455,83.54402601253241,779.7381399432197,299.84683194197714
39,0,0,1,5,0,3,1,40.98075907677412,77.12774095125496,429.9825800117105,147.74625608697534
21,0,0,1,4,0,4,141,45.054321992211044,99.78982410393655,346.8170140404254,160.82952299620956
84,0,0,6,16,0,4,1,133.36639606859535,170.95706798136234,7717.998935026117,2132.275501033291
24,0,0,3,2,0,3,301,215.26194701436907,156.82923491112888,456.013984978199,169.19951501768082
15,0,0,2,3,0,4,6,130.1142730517313,192.71096994634718,190.9549090778455,99.73542205989361
39,0,0,2,8,0,4,0,208.90965999569744,190.29296899680048,439.249383052811,152.8775009792298
44,0,0,1,7,0,3,1,65.64294302370399,83.53742503095418,415.6669940566644,148.03650800604373
30,0,0,2,4,0,3,1,56.853255024179816,78.70348903816193,596.0288860369474,220.1357070589438
24,0,0,5,2,0,3,0,349.36331294011325,436.95370107889175,2300.6425800267607,1037.2085919370875
57,0,0,2,10,0,3,1,83.75472703482956,91.05874598026276,749.5455599855632,144.01188702322543
41,0,0,4,6,0,3,1,79.91589396260679,86.59604610875249,2941.9122049584985,1076.0694380151108
41,0,0,2,8,0,3,1,40.9464460099116,44.34183600824326,842.4876120407134,291.88041703309864
12,0,0,1,1,0,2,137,63.36311006452888,77.12352299131453,149.83962895348668,74.18971497099847
14,0,0,5,1,0,2,1492,212.16926898341626,190.87611709255725,2113.989872043021,1140.215964987874
5,0,0,2,0,0,1,3062,36.70613106805831,51.68157897423953,257.85324699245393,162.0897559914738
26,0,0,1,4,0,2,1,145.03579202573746,107.01938299462199,515.5382480006665,148.73174799140543
34,0,0,4,4,0,3,3,64.50431107077748,80.92594309709966,2848.1446179794148,1126.9476050511003
33,0,0,1,5,0,3,1,115.92542903963476,159.31661904323846,185.80715800635517,75.50428598187864
12,0,0,1,2,0,3,18,77.45403901208192,116.93644698243588,347.0828280551359,186.89688004087657
76,0,0,1,13,0,3,1,67.32452404685318,79.90609400440007,513.5203889803961,144.73560696933419
36,0,0,1,5,0,3,1,62.032643938437104,81.41182397957891,382.36342498566955,147.80141098890454
13,0,0,0,4,0,3,70,88.16562907304615,95.37130605895072,190.98586100153625,90.96998698078096
39,0,0,1,6,0,3,1,81.43467898480594,92.72413398139179,435.1337009575218,149.15348403155804
30,0,0,1,5,0,3,1,87.10648992564529,90.77401703689247,378.45346599351615,143.91373202670366
17,0,0,2,2,0,2,22,201.66016404982656,202.28517707437277,369.61095698643476,162.16387692838907
21,0,0,2,2,0,4,93,67.92662001680583,87.49285596422851,610.7199409743771,231.57011403236538
39,0,0,2,6,0,4,1,78.13384104520082,90.66053596325219,592.7350000711158,291.822889004834
4,0,0,1,1,0,2,3830,10.712792980484664,12.95142201706767,138.14072299282998,117.17454297468066
26,0,0,2,3,0,2,2,66.63324602413923,88.65158795379102,664.4817200722173,274.90408904850483
38,0,0,7,7,0,4,174,47.1401100512594,57.80191195663065,20541.825530002825,7297.900797915645
14,0,0,4,1,0,1,0,170.09099503047764,223.73064898420125,1362.7975279232487,733.7385680293664
26,0,0,0,5,0,3,4,56.68265197891742,77.44363194797188,178.51432610768825,71.02042296901345
13,0,0,1,1,0,2,2,62.80632095877081,90.00348800327629,317.65527301467955,138.97465297486633
34,0,0,4,4,0,3,1,68.9457340631634,83.8333279825747,2391.17779803928,1163.5327299591154
21,0,0,2,3,0,3,27,33.55416702106595,55.621172999963164,325.3467360045761,141.02459303103387
31,0,0,3,4,0,3,9,78.2560819061473,85.92100290115923,1556.0960419243202,535.2609490510076
57,0,0,3,10,0,3,1,39.58479408174753,41.732372948899865,645.9202009718865,293.3064689859748
26,0,0,1,6,0,4,114,177.91607801336795,92.79613301623613,605.0066619645804,171.9742550048977
39,0,0,1,3,0,3,1,62.52160400617868,78.84305901825428,376.0274020023644,147.63980405405164
2,0,0,1,0,0,1,3830,12.89031992200762,14.513370115309954,110.92521902173758,64.74621209781617
34,0,0,2,7,0,3,1,118.12451900914311,162.00731799472123,392.1561660245061,144.4319769507274
12,0,0,2,2,0,5,1383,48.293073079548776,64.64719795621932,280.01587092876434,165.48289498314261
18,0,0,6,1,0,2,1155,61.159524018876255,84.79927096050233,7404.83326499816,4161.424017045647
38,0,0,1,5,0,4,1,68.82085197139531,80.66640293691307,397.1524309599772,153.29342300537974
24,0,0,0,4,0,3,1,51.20307405013591,45.76256999280304,186.9249880546704,74.64417000301182
73,0,0,6,13,0,4,0,133.1145140575245,170.9516110131517,7136.085845995694,2027.2536410484463
73,0,0,1,5,0,3,1,61.473264009691775,80.46662900596857,441.7219030437991,149.32565507479012
36,0,0,0,5,0,3,1,77.15073204599321,79.9340489320457,209.4657210400328,75.9139999281615
24,0,0,7,3,0,4,3830,30.849011964164674,42.620824999175966,8069.377816980705,2928.2250959658995
19,0,0,7,1,0,2,1383,28.26615807134658,37.151286960579455,13764.719103928655,7780.703834025189
22,0,0,1,4,0,2,1,64.14031295571476,80.88348689489067,347.3615349503234,141.4281059987843
24,0,0,2,6,0,3,7,181.94801395293325,56.881432072259486,1010.699779028073,287.3759379144758
37,0,0,1,5,0,3,1,66.58115307800472,89.71086598467082,226.503603043966,73.13719904050231
40,0,0,9,3,0,3,0,91.08228504192084,106.70832905452698,60000.0,31443.011538940482
34,0,0,3,3,0,2,1,120.94975297804922,165.2669389732182,733.2674119388685,288.8269459363073
33,0,0,4,5,0,3,2,71.27992308232933,87.75082207284868,1417.049564071931,554.7574720112607
66,0,0,6,10,0,4,1,125.59979199431837,171.38397600501776,6363.10494504869,2076.137725962326
59,0,0,1,10,0,3,1,80.28420701157302,87.9563840571791,497.60003096889704,149.09474307205528
29,0,0,4,5,0,4,3,77.13843404781073,95.57508293073624,1141.3890500552952,526.0702499654144
22,0,0,2,4,0,4,141,79.95031005702913,91.03820892050862,370.2755159465596,161.67875402607024
60,0,0,4,9,0,3,1,76.30507799331099,88.52877898607403,3459.9430330563337,1119.4033100036904
27,0,0,7,3,0,3,1389,314.8914979537949,269.80093494057655,8431.255267001688,4148.9520920440555
75,0,0,2,11,0,3,1,85.61868406832218,93.08562893420458,946.7407650081441,277.3861250607297
18,0,0,3,3,0,4,0,52.058659959584475,73.85264104232192,1187.2222240781412,523.9091200055555
47,0,0,2,6,0,3,1,97.94272191356868,106.56846000347286,760.1778019452468,145.1010830933228
39,0,0,9,5,0,4,264,268.5226199682802,260.26962301693857,45292.77720907703,12783.475743955933
40,0,0,2,5,0,3,0,65.24963502306491,80.1287799840793,373.420727904886,144.4795560091734
72,0,0,7,14,0,4,1,145.88573400396854,100.83772998768836,18684.105491032824,3908.67289097514
19,0,0,4,3,0,5,176,53.34957398008555,75.91074903029948,1164.2753659980372,671.6601121006534
28,0,0,3,5,0,4,49,78.92952905967832,88.88320904225111,685.2939040400088,286.1639040056616
15,0,0,0,3,0,3,8,53.61402209382504,76.30627695471048,156.05054202023894,70.35387901123613
35,0,0,6,3,0,3,0,71.04517903644592,88.53066700976342,10042.490444029681,4199.499162030406
41,0,0,2,7,0,4,1,79.98141692951322,85.07794910110533,824.9867180129513,286.8366810726002
34,0,0,6,4,0,3,1,100.89301003608853,102.38058597315103,10718.936852994375,4059.6271719550714
13,0,0,4,2,0,3,2,96.45070310216397,128.96696606185287,1132.834517979063,535.5796350631863
81,0,0,1,14,0,3,1,57.80129099730402,82.30801811441779,525.0661689788103,149.65612394735217
85,0,0,7,16,0,4,1,95.72150907479227,105.91993597336113,30122.383998939767,8435.097272973508
36,0,0,3,6,0,3,1,62.74338602088392,86.89798903651536,1433.183444896713,547.8761539561674
13,0,0,1,2,0,1,2,52.71647602785379,76.5896380180493,291.40092502348125,137.3994229361415
40,0,0,4,5,0,3,1,65.93156908638775,85.90338099747896,1444.67661192175,546.3061870541424
8,0,0,2,0,0,1,622,98.55140605941415,147.40960800554603,241.15518492180854,128.86440893635154
61,0,0,1,8,0,3,1,34.304912900552154,44.473502901382744,412.8395438892767,136.78197108674794
48,0,0,1,9,0,3,1,68.80711205303669,85.28529596515,452.9133850010112,146.74842392560095
44,0,0,2,6,0,3,0,59.81279897969216,81.30953600630164,766.1657279822975,296.07415990903974
7,0,0,1,1,0,1,331,85.80728201195598,123.8915779395029,312.2257689246908,186.46118592005223
35,0,0,1,6,0,3,0,49.56239298917353,72.46148702688515,350.76242801733315,128.49337398074567
24,0,0,1,3,0,3,1,64.69804106745869,85.99742199294269,351.30188695620745,151.34485403541476
38,0,0,2,3,0,3,1,58.659826987423,82.16041408013552,605.1657389616594,173.06873307097703
23,0,0,2,4,0,3,3,41.04694409761578,45.29140202794224,412.518639001064,196.58073200844228
17,0,0,2,3,0,3,479,120.81043689977378,166.25316301360726,322.1086310222745,158.56982592958957
43,0,0,1,8,0,3,1,56.44077796023339,76.15939399693161,383.19751410745084,70.4394809436053
26,0,0,1,4,0,3,0,50.862752948887646,73.57632997445762,316.4930030470714,128.86758206877857
21,0,0,3,3,0,4,0,25.862528011202812,36.63996804971248,441.54447701293975,253.80083499476314
22,0,0,2,3,0,3,1,64.1475779702887,89.51248694211245,626.7128349281847,294.3914969218895
33,0,0,5,5,0,3,7,143.56249396223575,193.92637303099036,2683.6126879788935,1114.3737719394267
40,0,0,6,3,0,4,3,132.90796393994242,164.5019929856062,5557.861404959112,2254.5511460630223
28,0,0,4,3,0,2,1,67.22852401435375,91.51052101515234,1757.9464319860563,1157.6211060164496
39,0,0,3,4,0,3,1,68.4720299905166,83.64850399084389,1550.470363930799,575.6967489141971
35,0,0,2,4,0,3,1,59.661041013896465,84.75604001432657,711.530992994085,325.95639291685075
8,0,0,1,1,0,1,821,120.44262106064707,86.56349696684629,312.5487589277327,149.45144311059266
33,0,0,1,5,0,3,1,52.89529403671622,143.8175980001688,343.9574340591207,101.59271699376404
12,0,0,0,2,0,3,795,35.31773108989,77.10390700958669,84.50972998980433,49.473772989585996
21,0,0,6,3,0,5,907,151.0597768938169,221.2244609836489,3312.6569929299876,1579.549531918019
35,0,0,2,6,0,4,2,55.437554023228586,86.65304293390363,692.5347540527582,275.17650299705565
29,0,0,1,5,0,4,3,70.20045793615282,84.44648399017751,354.91969890426844,147.9121500160545
15,0,0,1,1,0,2,114,68.95868293941021,92.26117900107056,315.2300660731271,156.59922908525914
41,0,0,3,8,0,4,5,35.49449204001576,41.76449403166771,810.5447189882398,290.90327699668705
2,0,0,1,0,0,1,3830,12.048784061335027,14.259568066336215,64.49251598678529,63.86204599402845
9,0,0,2,1,0,3,2343,46.77059198729694,48.456404940225184,494.4027989404276,278.9076919434592
31,0,0,0,3,0,2,0,69.63150796946138,82.36059593036771,185.8388619730249,74.34269902296364
13,0,0,3,2,0,3,0,130.59171102941036,76.5824819682166,1037.749330047518,416.6202279739082
3,0,0,0,0,0,0,1488,39.09348091110587,56.3144109910354,112.46066191233695,69.32112202048302
28,0,0,2,4,0,4,1,73.06860503740609,85.78746591228992,682.7920540235937,282.45106094982475
55,0,0,5,7,0,3,1,84.64778307825327,114.2760639777407,3168.349371990189,1072.7200779365376
40,0,0,1,8,0,3,1,87.23671699408442,91.97334793861955,427.6919059921056,144.54152702819556
24,0,0,5,3,0,4,87,71.57310005277395,88.51466595660895,1775.3762749489397,421.8534600222483
6,0,0,3,0,0,1,3830,18.55517504736781,24.619848933070898,257.90964195039123,165.17672198824584
1,0,0,0,0,0,0,3830,11.264175991527736,13.372523942962289,64.69162798020989,64.65551804285496
26,0,0,4,4,0,3,5,93.6206440674141,104.11021602340043,3082.619848079048,1398.0939129833132
86,0,0,8,16,0,4,1,47.692641033791006,72.23770103882998,55276.98736998718,17756.5713590011
26,0,0,2,4,0,2,0,65.56411599740386,80.01062192488462,351.8741539446637,142.9416270693764
5,0,0,0,1,0,1,21,58.60120500437915,81.50394796393812,136.7223010165617,71.48259098175913
16,0,0,1,3,0,4,55,70.03516401164234,87.06189098302275,306.84151593595743,149.12090392317623
37,0,0,2,6,0,3,0,56.694012018851936,81.22007304336876,712.2042329283431,261.25712995417416
23,0,0,3,3,0,4,53,97.9249719530344,96.3835809379816,1282.1979220025241,573.6800959566608
35,0,0,7,4,0,3,104,98.18213398102671,110.41006806772202,23005.79382304568,8082.37244701013
24,0,0,5,3,0,3,163,138.09063495136797,180.4952009115368,2156.8750900914893,965.0166570208967
34,0,0,3,5,0,3,2,77.27033505216241,90.58218798600137,1450.9907590691,529.0078950347379
30,0,0,1,5,0,3,1,66.91814307123423,89.25442001782358,273.95639196038246,139.064118033275
40,0,0,3,7,0,4,2,183.85819101240486,117.14233306702226,2076.2301509967074,622.3976680776104
30,0,0,1,4,0,3,2,65.7248260686174,79.24894499592483,365.5508940573782,144.14550899527967
32,0,0,1,5,0,3,1,27.948656934313476,37.99599490594119,207.76728598866612,148.62413296941668
11,0,0,0,3,0,3,62,60.12777192518115,80.0958959152922,142.22308807075024,73.51513206958771
38,0,0,7,3,0,2,2,135.14755095820874,176.59103602636606,9469.379040063359,4462.34429301694
23,0,0,2,5,0,4,1,60.36378291901201,81.23515895567834,697.4238030379638,289.18069298379123
27,0,0,4,4,0,4,1,74.67707199975848,92.2186590032652,2609.1155180474743,886.634673923254
36,0,0,4,6,0,4,7,182.96029791235924,248.4459129627794,1436.8523580487818,547.6314370753244
17,0,0,4,2,0,2,155,131.74760108813643,152.47435995843261,2736.1196760321036,1364.6018600557
28,0,0,2,6,0,3,14,189.9406040320173,132.30520207434893,682.6744530117139,330.7721490273252
39,0,0,1,6,0,3,0,55.23170996457338,80.79948602244258,380.10290695820004,133.73465300537646
65,0,0,5,3,0,3,0,57.102664024569094,81.25917403958738,5832.879644003697,2443.5643670149148
17,0,0,3,2,0,2,76,91.85478091239929,119.79600798804313,1613.4282080456614,732.8589219832793
86,0,0,8,16,0,4,1,97.83051291014999,100.48244695644826,58648.959391983226,16971.506193978712
17,0,0,4,1,0,1,55,179.01827103924006,210.37579199764878,1451.94336399436,703.0435870401561
13,0,0,2,3,0,4,1951,87.53318490926176,120.56755693629384,270.4687730874866,145.96304309088737
28,0,0,1,4,0,4,1,92.34026097692549,87.36953604966402,349.3182210950181,144.70426307525486
2,0,0,0,0,0,0,3830,16.077502979896963,20.38390899542719,70.35520696081221,68.15536308567971
47,0,0,0,11,0,3,1,127.99937301315367,83.73980701435357,258.6771110072732,79.25689604599029
22,0,0,3,4,0,4,119,269.0631051082164,237.77147405780852,573.6102879745886,164.28272193297744
43,0,0,0,4,0,3,1,64.11656993441284,78.38760095182806,191.29750702995807,74.3737049633637
41,0,0,1,7,0,3,1,70.95524005126208,82.83348800614476,411.4654049044475,141.6872339323163
30,0,0,6,2,0,3,1,75.33296092879027,94.0485829487443,4973.591474001296,2132.3515239637345
42,0,0,1,7,0,3,1,69.05357702635229,81.66575606446713,415.98736797459424,151.27018804196268
28,0,0,1,6,0,3,1,123.80289903376251,165.08212103508413,197.70931091625243,73.15294409636408
33,0,0,1,5,0,3,1,63.95786604844034,78.70365702547133,376.1771840509027,154.85261392313987
56,0,0,2,9,0,3,1,69.46577806957066,84.82056099455804,896.8380780424923,293.2117460295558
26,0,0,7,2,0,2,531,162.9912960343063,238.74268494546413,11163.695863098837,6067.320210975595
33,0,0,1,6,0,3,0,76.35211199522018,97.56211610510945,382.9721149522811,149.98216996900737
38,0,0,6,7,0,4,117,169.27863098680973,202.28577696252614,5724.8383950209245,2280.9590930119157
22,0,0,3,2,0,2,10,69.95020899921656,87.05797791481018,1345.4780649626628,543.5302860569209
30,0,0,3,5,0,3,1,74.02037107385695,89.70482798758894,1536.007568007335,557.6138149481267
20,0,0,4,4,0,4,1419,113.94222103990614,153.8112679263577,1339.0862100059167,713.2293729810044
34,0,0,6,4,0,3,1,197.62447196990252,259.1565700713545,5682.114845025353,2173.8968109712005
14,0,0,0,2,0,1,2,80.43401304166764,91.78096998948604,185.09894201997668,89.9369060061872
58,0,0,3,10,0,4,1,89.30836303625256,99.41552800592035,1896.5586050180718,575.4585650283843
15,0,0,6,0,0,1,939,103.63781696651131,156.86821308918297,3895.126414950937,1925.7922859396785
9,0,0,1,1,0,1,70,77.08325597923249,114.90091099403799,322.7204430149868,181.77147407550365
28,0,0,4,4,0,3,2,128.52422695141286,173.63761295564473,1400.0186929479241,574.6714039705694
44,0,0,5,8,0,3,0,105.26500502601266,153.69292197283357,3001.0951979784295,1009.3324769986793
22,0,0,1,4,0,4,49,79.74048797041178,90.03264189232141,344.83067598193884,151.27334592398256
16,0,0,4,1,0,2,55,170.31339509412646,215.3820430394262,1098.0171579867601,472.8833429981023
26,0,0,0,4,0,3,0,50.69855798501521,71.65672990959138,166.71811405103654,66.29227299708873
5,0,0,1,0,0,1,1488,23.304615984670818,32.35788689926267,97.07344498019665,56.37323507107794
6,0,0,1,0,0,1,939,46.57104902435094,64.60157607216388,63.572049024514854,36.64645901881158
22,0,0,2,3,0,3,6,55.016833008266985,76.54882897622883,634.9223100114614,276.87536203302443
30,0,0,1,6,0,3,1,70.65935002174228,82.33711204957217,384.63757606223226,140.76213806401938
32,0,0,1,7,0,3,1,39.99572293832898,43.002383899874985,345.6755260704085,140.45223698485643
26,0,0,2,3,0,3,50,69.05236595775932,86.07720700092614,605.676471022889,299.33007108047605
59,0,0,3,8,0,3,1,84.73807398695499,94.32597598060966,1759.276069002226,548.7063809996471
22,0,0,4,2,0,4,109,114.83093199785799,168.52868592832237,618.4472650056705,284.57170503679663
27,0,0,1,4,0,3,16,60.68226299248636,80.94788598828018,347.614275990054,151.7568330746144
17,0,0,2,2,0,4,238,81.00688992999494,93.55377801693976,573.5762818949297,269.1420200280845
43,0,0,1,7,0,3,1,76.43236103467643,90.12022707611322,422.70084598567337,146.04563696775585
33,0,0,2,5,0,3,2,66.48650509305298,81.86304999981076,752.6284069754183,282.8323720023036
60,0,0,4,12,0,4,0,78.8121740333736,84.89574608393013,3646.387374959886,1074.1993049159646
24,0,0,5,2,0,3,13,76.48447097744793,99.60972797125578,4271.119965007529,2028.9644439471886
25,0,0,3,5,0,4,62,323.75868200324476,271.1458629928529,987.7800230169669,144.5407549617812
35,0,0,5,6,0,4,0,140.09072806220502,181.08290305826813,2758.3187730051577,1044.208775041625
57,0,0,1,8,0,3,1,33.80990296136588,52.85220395307988,463.2743000984192,147.46862195897847
32,0,0,7,5,0,4,2583,382.13099201675504,529.5611280016601,7037.047965917736,3405.3407080937177
24,0,0,2,6,0,3,9,117.45576199609786,83.13803293276578,1054.549396969378,286.4068910712376
16,0,0,5,1,0,2,377,104.49881001841277,138.91905907075852,4345.626006019302,1899.031431064941
39,0,0,5,6,0,4,0,55.35175290424377,77.33611192088574,5237.061891937628,1763.1808000151068
32,0,0,3,5,0,3,2,129.80249198153615,90.87380301207304,719.4195230258629,290.07399501278996
11,0,0,1,2,0,2,22,85.72130394168198,85.38653200957924,173.38011297397316,83.47654005046934
36,0,0,2,6,0,3,0,26.300110039301217,42.57000295910984,348.6657210160047,128.0456439126283
5,0,0,0,0,0,0,43,52.866706042550504,74.46101296227425,135.99189301021397,71.24410104006529
15,0,0,2,2,0,3,3830,37.127934978343546,33.61086698714644,483.25822898186743,278.71896000579
18,0,0,2,2,0,2,8,129.95596695691347,86.34783502202481,727.3950930684805,152.6976570021361
35,0,0,3,5,0,3,1,74.73045401275158,85.54593904409558,1472.7726540295407,519.0699780359864
43,0,0,3,5,0,3,1,78.37700098752975,88.2820050464943,1658.0750710563734,570.7507919287309
51,0,0,1,8,0,4,1,58.575836941599846,81.21424110140651,416.21999302878976,149.94661405216902
28,0,0,1,5,0,3,1,67.54268798977137,87.73222693707794,354.0026569971815,138.33223504479975
18,0,0,1,3,0,3,87,119.51696197502315,159.30109203327447,168.85832999832928,76.47495903074741
34,0,0,6,4,0,3,1,48.4435799298808,47.793216072022915,11284.666485036723,3256.6343860235065
34,0,0,3,6,0,3,1,68.35228600539267,83.88953597750515,1478.6651019239798,591.2844149861485
8,0,0,3,1,0,2,3830,17.945728031918406,23.497668094933033,386.8543260032311,200.20931109320372
61,0,0,1,9,0,3,1,72.6160230115056,85.37502703256905,457.33353798277676,142.0735929859802
26,0,0,1,3,0,2,1,42.6763619761914,43.687682948075235,295.61678203754127,154.82463396620005
54,0,0,0,7,0,3,0,57.861187029629946,82.69424992613494,213.7439219513908,76.25106396153569
5,0,0,0,1,0,1,63,62.48271104414016,87.05404005013406,142.21285795792937,79.64799006003886
30,0,0,0,4,0,3,1,64.5630561048165,77.32637599110603,183.44142904970795,73.04866402409971
26,0,0,2,5,0,3,108,204.8108420567587,184.24272304400802,206.20626106392592,74.61595698259771
38,0,0,7,3,0,2,1,78.77516106236726,87.93874201364815,9666.992224054411,4438.039386994205
79,0,0,10,13,0,4,1,95.13308689929545,98.9980970043689,60000.0,33505.43676596135
6,0,0,3,0,0,1,3830,18.115621991455555,25.204835925251245,411.74630902241915,169.39202300272882
9,0,0,0,1,0,1,158,69.90534497890621,99.67072703875601,166.49452701676637,92.01845293864608
24,0,0,2,2,0,2,1,59.34919393621385,81.73006097786129,533.4783550351858,128.21408198215067
36,0,0,6,3,0,3,0,41.00959899369627,45.64171005040407,8795.74991192203,4203.579013003036
53,0,0,5,8,0,4,1,118.03294299170375,159.57128698937595,2177.680535009131,1105.1571420393884
31,0,0,3,4,0,4,47,72.96789099927992,90.02391796093434,1278.0659610871226,342.1619129367173
5,0,0,2,0,0,1,3830,28.828065958805382,41.23616905417293,121.7904140939936,94.76603800430894
16,0,0,3,1,0,1,166,66.83531799353659,84.78157699573785,601.6075650695711,265.3456750558689
12,0,0,2,2,0,4,3062,69.39097098074853,93.40303798671812,207.19565998297185,93.7519819708541
42,0,0,11,3,0,2,5,89.15781497489661,112.5802859896794,60000.0,60000.0
23,0,0,0,2,0,3,14,38.009571027942,38.747858023270965,93.70091406162828,66.13958394154906
3,0,0,0,0,0,0,1488,19.72993405070156,27.617587940767407,55.67999999038875,34.01273093186319
25,0,0,1,3,0,1,1,54.63231692556292,79.7374180983752,333.20667303632945,147.4081949563697
36,0,0,3,5,0,4,1,70.20213303621858,85.10235499124974,569.4485870189965,142.34592695720494
32,0,0,2,6,0,3,2,39.96309998910874,41.885519050993025,222.665629000403,73.40159895829856
43,0,0,1,8,0,3,1,77.19742797780782,83.83545803371817,453.58415809459984,151.15746797528118
14,0,0,0,2,0,3,325,36.65287303738296,47.78351401910186,89.03575805015862,48.49223198834807
34,0,0,4,5,0,3,22,84.47609306313097,94.61685095448047,2952.0956409396604,1102.0034020766616
11,0,0,2,1,0,2,0,37.58688108064234,54.23517094459385,413.5312660364434,338.0252959905192
30,0,0,2,4,0,3,1,71.13133906386793,87.67385291866958,688.2892419816926,274.70179297961295
28,0,0,3,4,0,3,3,79.79722099844366,86.29259502049536,1377.8777639381588,562.9694809904322
6,0,0,3,0,0,1,3830,18.084876937791705,23.775232024490833,400.62140894588083,207.68086099997163
43,0,0,2,6,0,3,1,133.9257099898532,169.94723991956562,428.07013902347535,147.30628894176334
19,0,0,3,4,0,4,887,91.5246830554679,131.94218592252582,486.65129905566573,372.2081099404022
87,0,0,9,16,0,4,1,50.75178004335612,61.482681077905,60000.0,34023.384285974316
4,0,0,1,0,0,1,1383,46.8210419639945,65.8773030154407,194.51153499539942,120.02515804488212
87,0,0,9,16,0,4,1,72.57234398275614,111.7423550458625,55189.52602997888,16514.14604508318
58,0,0,2,9,0,3,1,39.05465197749436,83.19835504516959,945.2758840052411,288.15698297694325
36,0,0,7,3,0,2,1,68.90854309312999,87.65068207867444,18934.85827697441,7942.414916004054
46,0,0,4,7,0,3,1,64.20823896769434,87.96021004673094,1538.197505986318,548.023944022134
85,0,0,7,16,0,4,1,84.29149398580194,83.04858906194568,16055.53644709289,4576.9696639617905
38,0,0,2,4,0,3,1,68.65812302567065,82.44787098374218,773.6865699989721,289.99804495833814
58,0,0,1,9,0,4,0,58.53173101786524,80.85439901333302,431.2912099994719,149.31361901108176
22,0,0,1,3,0,3,6,127.96109996270388,195.41485595982522,210.01579705625772,108.45573898404837
38,0,0,1,4,0,2,1,68.03727999795228,80.35308599937707,371.6679339995608,142.5778529373929
41,0,0,3,8,0,4,0,49.38094399403781,69.40714200027287,1342.600186006166,227.25509898737073
15,0,0,1,3,0,3,303,35.697186016477644,45.855297008529305,197.3959020106122,144.24717100337148
7,0,0,2,0,0,1,0,48.96644793916494,68.48271505441517,494.3909930298105,234.960772912018
81,0,0,3,16,0,4,1,81.0380739858374,90.70421301294118,2168.081513955258,577.1727650426328
15,0,0,3,2,0,2,1930,201.02761103771627,132.32672901358455,614.1905060503632,313.55527706909925
34,0,0,4,7,0,3,4,124.43888699635863,87.53263996914029,3041.0751739982516,563.8854179996997
29,0,0,1,6,0,3,1,41.1258339881897,43.96339296363294,209.4706540228799,73.24053405318409
33,0,0,2,7,0,3,1,55.54137995932251,77.16213003732264,266.969942022115,139.87436797469854
6,0,0,1,1,0,1,334,89.74810095969588,129.73315792623907,304.84677699860185,186.2488540355116
18,0,0,4,2,0,3,76,112.2045029187575,147.80445606447756,2128.98876296822,1140.608179033734
14,0,0,5,0,0,1,622,150.26613604277372,229.3900870718062,1479.6081220265478,643.9909409964457
88,0,0,10,16,0,4,1,44.2331520607695,46.505167032592,60000.0,60000.0
19,0,0,4,3,0,4,365,26.400170987471938,35.88722401764244,2050.2692880108953,1046.4006679831073
7,0,0,0,1,0,1,207,78.77510797698051,110.43353797867894,165.36337207071483,98.85472094174474
37,0,0,5,7,0,3,3,124.1237479262054,167.90279606357217,2388.098897994496,1097.0241919858381
27,0,0,3,5,0,4,108,209.67352099251002,197.32469704467803,392.6137670641765,145.76691598631442
31,0,0,2,4,0,4,1,91.23525698669255,128.2625220483169,814.7126369876787,391.18604792747647
20,0,0,1,4,0,3,36,67.33095401432365,82.69211102742702,343.89316791202873,146.41750801820308
26,0,0,1,3,0,2,1,67.43539904709905,81.8854320095852,258.516239002347,141.54617895837873
30,0,0,6,2,0,3,0,72.92794296517968,88.82428996730596,4897.561203921214,2031.3729939516634
11,0,0,2,1,0,1,283,66.89261295832694,120.12050999328494,306.1988090630621,165.92335794121027
25,0,0,1,2,0,3,14,129.82067896518856,160.58633790817112,188.76645201817155,76.47179602645338
36,0,0,1,6,0,3,2,60.17539103049785,82.53436395898461,397.26970391348004,149.35694204177707
28,0,0,5,4,0,4,2320,303.4290460636839,354.0668509667739,1727.5680649327114,678.4065769752488
25,0,0,3,3,0,3,1,84.40800802782178,106.9747400470078,764.7204399108887,371.27353192772716
25,0,0,6,2,0,3,48,69.9315289966762,99.7846060199663,4996.705538942479,2254.743480007164
33,0,0,7,4,0,3,104,94.5230289362371,107.00019507203251,20539.802786894143,6712.902383995242
34,0,0,2,5,0,3,2,31.76339401397854,42.25450393278152,396.24454197473824,240.96536601427943
14,0,0,1,2,0,1,1,29.662237968295813,40.264979004859924,148.63824495114386,66.29781005904078
20,0,0,1,2,0,3,2,39.52188102994114,57.99841904081404,327.3481420474127,212.8901929827407
14,0,0,3,1,0,3,3830,39.41133804619312,47.426086966879666,417.48194489628077,250.51502604037523
33,0,0,4,5,0,4,2,68.79322999157012,85.54056391585618,2811.7537380894646,1107.5471540680155
31,0,0,2,6,0,3,1,70.42662601452321,82.93244091328233,783.3910500630736,279.6015420462936
10,0,0,1,2,0,1,1,108.36143500637263,157.34760998748243,147.04328100197017,71.39666494913399
26,0,0,2,6,0,3,1,85.84228996187449,95.0366489123553,737.5509890262038,270.1269870158285
20,0,0,0,2,0,2,9,64.66154102236032,70.69594704080373,85.83522494882345,36.33044601883739
28,0,0,2,4,0,5,71,31.01566107943654,41.330916923470795,322.9122180491686,153.34350697230548
37,0,0,1,3,0,4,1,56.93940899800509,79.91561200469732,342.8853579098359,137.62587495148182
8,0,0,0,1,0,1,207,33.888136968016624,46.88323300797492,100.97026196308434,42.525807046331465
34,0,0,5,5,0,4,2,69.16120497044176,89.77836696431041,5501.038854010403,2249.7187739936635
28,0,0,3,4,0,4,1,60.950040933676064,81.64744591340423,687.2712530894205,294.72879599779844
12,0,0,2,1,0,1,295,85.2488229284063,128.45856102649122,656.8949620705098,365.8463079482317
6,0,0,3,0,0,1,3830,19.4200009573251,25.318831903859973,165.4349029995501,115.87582202628255
30,0,0,3,5,0,3,2,71.9737249892205,95.60809005051851,1385.4933659313247,583.2239349838346
55,0,0,3,7,0,3,1,53.73821791727096,77.6454700389877,1609.9035791121423,555.3530239267275
39,0,0,2,5,0,3,1,112.85704595502466,161.11474100034684,296.15360707975924,148.55930302292109
18,0,0,4,2,0,3,1236,72.95494596473873,59.03392401523888,975.1126009505242,873.4028090257198
17,0,0,0,2,0,3,1,54.92746306117624,78.1141200568527,163.30121597275138,74.20823897700757
26,0,0,4,4,0,4,368,124.68403403181583,173.28104202169925,1315.4547900194302,589.6200269926339
20,0,0,5,3,0,5,365,55.161174037493765,81.94368798285723,3229.3097510701045,1587.0689779985696
8,0,0,2,1,0,2,650,103.65813306998461,150.7762330584228,249.0416819928214,132.19827902503312
44,0,0,1,9,0,4,1,77.085878001526,86.22398797888309,439.3198170000687,147.72043994162232
4,0,0,1,0,0,1,0,103.38467196561396,162.02788497321308,141.4080149261281,73.37614800781012
28,0,0,1,5,0,3,1,71.44578208681196,83.8978880783543,372.06047400832176,143.5408559627831
86,0,0,8,16,0,4,0,47.46395698748529,49.305801978334785,57153.188262018375,17047.49224393163
21,0,0,1,4,0,4,20,66.89040001947433,82.96200598124415,178.2376889605075,73.01197398919612
25,0,0,6,3,0,3,0,48.5458760522306,68.74515197705477,9072.322772000916,2758.44253890682
15,0,0,3,2,0,2,4,59.43570996169001,84.56595102325082,1162.5402510398999,548.7094270065427
3,0,0,0,0,0,0,2490,31.15853201597929,44.76240195799619,97.31260105036199,72.12268107105047
51,0,0,2,8,0,3,1,28.3611670602113,41.15895496215671,399.09702306613326,130.70249592419714
22,0,0,4,3,0,3,557,180.37679593544453,251.29033206030726,1009.2928049853072,551.1506429174915
39,0,0,8,3,0,3,1,85.27867600787431,101.77084896713495,38716.95263602305,16509.712081984617
35,0,0,1,4,0,4,0,53.80735907237977,75.97769005224109,336.45184396300465,140.9750459715724
5,0,0,1,0,0,1,1488,22.424063994549215,31.670511001721025,95.51345091313124,54.05560799408704
26,0,0,3,4,0,3,2,42.23656398244202,44.021480018272996,1332.1631770813838,534.1248629847541
40,0,0,3,5,0,3,1,60.92831399291754,78.83986900560558,449.82772902585566,297.0359519822523
28,0,0,3,5,0,4,1,71.38226996175945,92.168900067918,1385.425342945382,572.8480179095641
87,0,0,9,16,0,4,1,82.9398580826819,92.51827700063586,60000.0,32308.489012997597
60,0,0,1,4,0,3,1,176.4551349915564,89.47667898610234,645.7916259532794,165.4725979315117
29,0,0,4,5,0,4,2,73.22572497650981,88.25537003576756,712.8047950100154,280.3603069623932
24,0,0,3,2,0,4,44,63.211762928403914,89.71937105525285,1250.3764419816434,594.3608740344644
13,0,0,1,3,0,4,0,51.378334988839924,73.31878796685487,284.25669204443693,132.1078820619732
28,0,0,1,5,0,3,81,105.50336504820734,97.19814907293767,243.57436900027096,91.2993720266968
24,0,0,2,4,0,3,2,185.19101908896118,104.28629000671208,1078.6945330910385,300.1198610290885
73,0,0,8,14,0,4,1,146.26515796408057,100.15999001916498,37402.040755026974,9093.80447503645
30,0,0,3,5,0,3,1,74.71671199891716,90.5004059895873,1362.3810480348766,530.8419959619641
60,0,0,4,12,0,4,2,81.57887496054173,88.91615306492895,3287.8718549618497,574.3254619883373
80,0,0,8,14,0,4,0,81.68872306123376,89.42217100411654,54660.130682983436,17589.52480799053
24,0,0,7,1,0,3,0,75.39332995656878,95.45336000155658,8674.72491308581,3846.139724017121
33,0,0,2,6,0,3,1,33.33216195460409,38.147201994434,580.6338569382206,282.50409301836044
20,0,0,0,3,0,1,0,62.18289805110544,77.88615801837295,167.63788904063404,72.8960249107331
35,0,0,5,3,0,3,0,76.0376329999417,86.26951789483428,5350.063368096016,2347.2274269443005
28,0,0,2,5,0,4,23,44.83423207420856,46.704044099897146,423.30073507037014,273.0213151080534
20,0,0,5,4,0,4,2583,237.3160469578579,232.86889807786793,1963.0144299007952,1145.8947469945997
36,0,0,2,4,0,4,2,65.07814605720341,79.40079201944172,705.3027779329568,281.8788751028478
88,0,0,10,16,0,4,1,149.5862549636513,193.06328997481614,60000.0,30382.176124025136
35,0,0,1,7,0,3,1,75.05394401960075,89.29031901061535,404.6637009596452,137.44744297582656
36,0,0,2,6,0,3,0,50.98489299416542,72.28220498654991,710.0863829255104,256.182165001519
25,0,0,2,3,0,3,27,111.56716907862574,161.3222740124911,250.50502095837146,151.95514098741114
45,0,0,1,10,0,3,0,64.26452507730573,83.58638896606863,265.4443719657138,74.1997289005667
80,0,0,11,13,0,4,1,99.48588896077126,108.36587799713016,60000.0,60000.0
3,0,0,0,0,0,0,1488,39.62286899331957,56.70873401686549,113.38554602116346,71.41267997212708
14,0,0,1,1,0,3,68,32.22247096709907,78.10736098326743,300.68614694755524,151.71697293408215
28,0,0,2,5,0,4,1,80.44706599321216,90.7643970567733,675.7964709540829,277.0165749825537
15,0,0,1,3,0,3,303,75.88042400311679,98.11981196980923,308.80959099158645,152.5246259989217
22,0,0,2,4,0,4,141,79.02373699471354,92.25226705893874,229.3060440570116,79.19979898724705
25,0,0,2,3,0,3,13,69.17380099184811,82.9266490181908,565.6025749631226,292.0180360088125
4,0,0,2,0,0,1,3830,14.749708003364503,19.463127944618464,182.68945696763694,109.67884794808924
5,0,0,2,0,0,1,1951,21.64346305653453,30.927207903005183,203.13799299765378,101.5059509081766
27,0,0,2,5,0,4,291,65.53559808526188,91.01552108768374,705.7169420877472,290.2587099233642
36,0,0,2,7,0,3,1,72.39410700276494,89.55221006181091,781.7866679979488,274.02259106747806
2,0,0,1,0,0,1,3830,12.011763988994062,14.100294909439981,64.34607098344713,64.04403899796307
14,0,0,2,2,0,3,1978,146.0884870029986,172.24083398468792,754.6056309947744,310.969011974521
58,0,0,4,7,0,3,1,57.719137985259295,81.75010501872748,3037.109189084731,1161.7703590309247
41,0,0,2,7,0,4,1,40.21223692689091,41.17918596602976,693.8108849572018,294.08581799361855
23,0,0,1,3,0,4,1,60.87240402121097,81.97091403417289,323.84443702176213,149.01149598881602
27,0,0,1,5,0,3,10,65.36702706944197,79.44056997075677,352.70830302033573,143.59590993262827
62,0,0,1,13,0,3,0,73.42444208916277,87.34170696698129,493.60306398011744,141.29155303817242
23,0,0,2,4,0,3,3,83.76394107472152,91.39079798478633,389.62569599971175,173.7767580198124
21,0,0,3,2,0,3,84,72.3495400743559,98.35160302463919,1217.2819040715694,529.705174965784
15,0,0,5,2,0,3,1951,206.52322296518832,154.4665900291875,922.1216379664838,282.7363070100546
24,0,0,7,1,0,3,0,54.440287058241665,46.85472697019577,8384.008998051286,3293.2802330469713
36,0,0,4,3,0,3,8,45.81647098530084,47.66725597437471,2812.4086960451677,1179.5319099910557
30,0,0,3,4,0,3,1,67.43313302285969,50.43962399940938,342.97408803831786,137.14334892574698
6,0,0,3,0,0,1,3830,9.895458002574742,12.34478096012026,166.31617001257837,96.31459193769842
36,0,0,4,6,0,4,3,71.77345594391227,86.56881400384009,1382.9610400134698,563.6313029099256
13,0,0,3,1,0,1,0,98.9740239456296,131.11466297414154,1249.4852009695023,364.32340007741004
33,0,0,1,3,0,3,1,77.08916498813778,79.4889599783346,393.1542900390923,149.0231000352651
27,0,0,1,5,0,3,0,39.93971599265933,44.2560960073024,204.6672790311277,72.05565401818603
29,0,0,3,5,0,3,1,117.59257095400244,171.03649501223117,791.6443089488894,292.088293004781
31,0,0,4,4,0,3,4,79.73157498054206,49.177441047504544,2695.941953919828,1275.0786230899394
44,0,0,1,8,0,3,1,70.78602898400277,82.9814919270575,426.22087604831904,140.83605899941176
6,0,0,3,0,0,1,3830,18.23651511222124,24.556764983572066,406.92357101943344,210.81055502872914
41,0,0,2,7,0,4,1,80.29875496868044,88.1248590303585,806.0427909949794,292.39804996177554
13,0,0,1,3,0,3,78,187.40752805024385,192.39537103567272,186.0769659979269,91.13389707636088
35,0,0,6,3,0,3,1,67.12784594856203,83.54152692481875,9843.215188011527,4108.739265007898
11,0,0,3,0,0,1,622,95.49591003451496,147.03495998401195,517.9236880503595,267.76727905962616
24,0,0,1,4,0,3,3,70.73509693145752,85.08661109954119,333.1904369406402,136.62661099806428
16,0,0,2,3,0,4,15,59.01897407602519,85.42086300440133,579.755696002394,272.2450529690832
31,0,0,1,7,0,3,1,59.15905500296503,85.26710397563875,372.5117970025167,141.1772599676624
30,0,0,1,4,0,3,1,118.9454710111022,159.19222100637853,183.67481091991067,73.07501195464283
29,0,0,3,5,0,4,64,77.77237799018621,96.45768697373569,1023.3475370332599,349.2673289729282
44,0,0,1,7,0,3,1,67.2250009374693,80.15890093520284,411.31138207856566,142.21377507783473
17,0,0,0,4,0,3,2,86.1545370426029,86.13929199054837,190.5768479919061,84.49877891689539
34,0,0,5,4,0,3,8,69.91302105598152,59.63426397647709,4921.043799025938,1363.378789043054
29,0,0,1,3,0,3,3,77.47669506352395,85.80876095220447,370.9927829913795,148.39145704172552
20,0,0,2,3,0,3,2,83.77412403933704,97.64415596146137,669.9263070477173,287.07012301310897
61,0,0,1,11,0,3,1,68.19210795219988,81.09365601558238,433.7375210598111,69.83389309607446
22,0,0,2,4,0,4,102,36.237517022527754,67.59371503721923,640.0644979439676,282.89679100271314
35,0,0,3,4,0,3,1,70.89803298003972,86.84681402519345,1371.66410300415,549.5250879321247
23,0,0,3,0,0,1,6,58.91923594754189,86.0326150432229,1228.913248050958,593.620207044296
30,0,0,4,6,0,4,2,66.05906807817519,168.0432780412957,1396.3899610098451,568.8496900256723
81,0,0,3,16,0,4,0,52.81424499116838,75.10174403432757,1895.0170710450038,537.1300659608096
39,0,0,3,5,0,4,1,62.49877903610468,83.50400207564235,1382.5005938997492,577.0056300098076
29,0,0,2,4,0,3,2,79.97577893547714,90.11200105305761,786.2962379585952,291.59249702934176
27,0,0,2,5,0,3,10,84.31454701349139,94.05869792681187,736.177001032047,272.9054599767551
23,0,0,3,3,0,3,1,72.06683896947652,91.93798806518316,1290.3413949534297,559.3206849880517
30,0,0,2,4,0,3,1,67.77211197186261,83.32175808027387,506.3091239426285,294.6034260094166
22,0,0,1,4,0,3,3,81.48330298718065,91.00388595834374,397.36628194805235,172.51072393264621
31,0,0,4,3,0,3,0,107.81564493663609,159.7086520632729,1338.1426740670577,532.9073310131207
19,0,0,3,2,0,2,11,67.89116992149502,43.80549897905439,535.6837119907141,302.4065310601145
39,0,0,7,7,0,4,0,103.0445679789409,140.21716394927353,9641.141677973792,3992.2867720015347
44,0,0,2,9,0,3,1,85.2442110190168,95.28077498544008,425.3280970733613,118.87455801479518
84,0,0,6,16,0,4,1,92.91463193949312,105.18332000356168,16358.533367048949,4142.289026058279
16,0,0,2,3,0,4,303,70.80462505109608,91.33580303750932,298.16866503097117,140.3284730622545
33,0,0,3,5,0,3,2,86.57395211048424,94.10004399251193,1308.5474660620093,540.270469035022
14,0,0,2,1,0,1,1,52.256647031754255,75.28437906876206,567.2461700160056,268.8614510698244
27,0,0,1,4,0,3,1,59.85148006584495,79.82267497573048,353.1993490178138,149.63832194916904
26,0,0,1,3,0,3,1,119.81299100443721,175.66684004850686,180.17034698277712,72.31044594664127
28,0,0,3,6,0,3,1,138.4756650077179,175.24762090761214,709.9881588947028,288.22370001580566
23,0,0,2,4,0,4,26,80.68138593807817,93.7136400025338,736.4294369472191,339.0623170416802
36,0,0,6,5,0,4,29,254.70344198402017,120.49809098243713,4464.400378987193,1657.1402590489015
7,0,0,3,0,0,1,1951,160.53801402449608,245.5181279219687,475.3987530712038,240.273397997953
16,0,0,3,2,0,3,3830,23.76046497374773,24.023512029089034,375.8236459689215,278.025038074702
13,0,0,1,1,0,1,200,76.44186005927622,113.05832699872553,342.45344693772495,200.8356120204553
85,0,0,7,16,0,4,1,42.832384002394974,44.677408994175494,29819.51718009077,8460.90483001899
21,0,0,4,3,0,3,0,116.53778399340808,102.93814598117024,3949.529789038934,684.9377029575408
67,0,0,2,13,0,3,1,71.1940850596875,84.6626590937376,510.7420780695975,142.80216104816645
16,0,0,2,2,0,3,687,80.43297391850501,102.01949696056545,558.6735559627414,231.2875899951905
26,0,0,1,4,0,3,1,27.065302012488246,36.967955995351076,165.13982007745653,125.90870796702802
34,0,0,3,3,0,2,1,69.06693999189883,79.81110003311187,1459.7995189251378,539.0787901123986
34,0,0,2,5,0,3,2,64.05692803673446,78.22701300028712,722.8179050143808,155.20863502752036
35,0,0,6,4,0,4,8,68.76156304497272,80.08746698033065,5267.468270962127,2111.9568899739534
30,0,0,0,8,0,3,2,93.08164508547634,52.188433008268476,154.22942698933184,38.47160190343857
41,0,0,4,6,0,3,1,78.7707680137828,86.20079304091632,3269.492882071063,1083.4532050648704
29,0,0,1,3,0,3,2,32.25112205836922,82.41324604023248,359.83535402920097,150.88739804923534
34,0,0,6,4,0,5,1,116.12894700374454,126.79592799395323,5466.7128139408305,1703.306769952178
30,0,0,3,5,0,3,2,182.3795719537884,250.33911899663508,743.2824779534712,275.8499349001795
22,0,0,1,3,0,3,3,130.35157904960215,84.87711800262332,418.5858139535412,154.57490598782897
18,0,0,3,3,0,3,0,112.74605302605778,166.05605999939144,612.4350510071963,273.7302869791165
23,0,0,0,2,0,1,1,77.8559820028022,94.95009295642376,195.84445701912045,103.783636004664
17,0,0,1,2,0,2,248,121.38382694683969,82.75736903306097,376.38373603112996,153.3361990004778
31,0,0,2,5,0,3,1,70.24720497429371,81.70066704042256,737.190232030116,279.10777705255896
55,0,0,4,9,0,3,1,57.073367992416024,77.63632200658321,1611.9438520399854,537.0134710101411
49,0,0,3,11,0,4,0,63.0410771118477,82.1101600304246,1602.433931082487,375.75468397699296
24,0,0,2,4,0,3,3,71.37518399395049,86.44787094090134,671.7890099389479,268.6894329963252
37,0,0,4,6,0,4,4,62.79949902091175,163.0690759047866,705.8968290220946,351.13365901634097
20,0,0,1,1,0,1,1,50.82943697925657,70.1401149854064,272.4178530042991,120.33140507992357
36,0,0,5,3,0,2,1,130.85210998542607,169.87627604976296,2816.4018880343065,1138.0956600187346
37,0,0,8,3,0,3,1,234.1942449565977,218.36123510729522,13796.323120011948,5733.839981025085
35,0,0,5,3,0,3,6,107.06917999777943,78.91264301724732,5440.229348023422,2151.0703510139138
20,0,0,2,4,0,4,0,63.74036893248558,81.64240792393684,686.8303789524361,278.67770299781114
38,0,0,7,3,0,3,1,92.64936298131943,115.14685908332467,18195.920065045357,7582.127364934422
19,0,0,4,2,0,1,10,100.74783605523407,114.58830302581191,2386.0884960740805,857.3599100345746
85,0,0,7,16,0,4,1,106.71303607523441,127.70525400992483,28955.331707955338,8776.433959952556
22,0,0,2,3,0,3,11,66.67826301418245,53.28315100632608,718.5861290199682,341.65892901364714
6,0,0,3,0,0,1,3830,19.04112391639501,24.568762979470193,162.0108289644122,115.88750593364239
40,0,0,11,4,0,3,84,111.92561697680503,103.3892830600962,60000.0,60000.0
16,0,0,2,2,0,2,0,57.56133305840194,80.83141699898988,497.7893909672275,293.43118297401816
90,0,0,2,4,0,3,1,71.86296000145376,84.0434730052948,961.1058940645307,220.5146150663495
18,0,0,2,2,0,3,557,87.73324394132942,99.6840950101614,633.8660700712353,295.0417899992317
29,0,0,2,4,0,3,20,92.16245193965733,105.99429195281118,744.3705500336364,161.69563494622707
28,0,0,1,4,0,4,1,69.03949507977813,84.69459298066795,340.08491202257574,146.99289202690125
34,0,0,2,5,0,3,1,68.69168498087674,82.09414395969361,738.0916100228205,284.1069980058819
32,0,0,3,3,0,2,2,120.45548798050731,161.68793896213174,703.2353850081563,280.32617701683193
23,0,0,2,4,0,3,11,188.92013595905155,112.76765796355903,979.4750519795343,319.1557120298967
23,0,0,2,2,0,3,164,225.75027297716588,228.70609594974667,351.076258928515,169.47987594176084
22,0,0,0,2,0,2,1,69.71888709813356,82.50701904762536,175.12734699994326,74.29590600077063
50,0,0,2,6,0,3,1,66.37408409733325,79.48675402440131,805.6591639760882,282.90910401847214
65,0,0,2,11,0,3,1,70.02748898230493,83.33870698697865,958.9558450970799,281.99928801041096
8,0,0,3,0,0,1,2320,52.43069492280483,76.13489602226764,657.3200490092859,364.23006397672
29,0,0,3,5,0,3,1,89.57925403956324,98.74305396806449,1460.4032899951562,560.1536040194333
34,0,0,1,5,0,3,1,69.42239392083138,82.72905694320798,388.1215100409463,141.83078496716917
29,0,0,4,5,0,4,71,71.8317769933492,86.58035099506378,706.7979359999299,572.4355300189927
8,0,0,4,0,0,1,3830,21.252924110740423,28.594932984560728,817.4472659593448,405.63397109508514
50,0,0,1,8,0,4,1,68.7236599624157,83.5265580099076,443.76967404969037,146.90197608433664
16,0,0,3,2,0,3,441,155.46923107467592,237.97863791696727,366.71738896984607,166.20774602051824
33,0,0,3,6,0,4,19,205.9645690023899,199.29372891783714,1090.770328999497,316.3767820224166
6,0,0,0,1,0,1,640,119.85993199050426,152.34788903035223,124.16418106295168,88.38904602453113
34,0,0,4,4,0,3,6,53.194859996438026,43.88631496112794,2494.6332450490445,1160.5914359679446
27,0,0,1,5,0,3,1,65.77471597120166,79.96829994954169,360.6070369714871,141.13998704124242
24,0,0,1,3,0,3,6,70.00513200182468,86.45452500786632,344.07790401019156,142.4031419446692
29,0,0,1,4,0,4,1,36.19814396370202,48.72015293221921,346.4570970973,140.5815740581602
82,0,0,2,14,0,3,1,62.0339079760015,87.26824005134404,1035.1179020944983,190.59511495288461
5,0,0,1,0,0,1,1488,44.44061208050698,64.19559696223587,194.34448494575918,112.85110306926072
40,0,0,4,5,0,3,1,91.7075970210135,121.68382899835706,676.7841799883172,274.02915398124605
40,0,0,4,5,0,4,1,89.38457502517849,94.53873196616769,2120.0768989510834,969.5829760748893
59,0,0,3,12,0,4,1,80.43110999278724,89.48189008515328,1822.7937809424475,565.5642939964309
29,0,0,1,5,0,3,1,113.68657101411372,163.91029302030802,191.68307108338922,77.18123297672719
16,0,0,2,4,0,3,70,177.58978996425867,230.74184008874,375.65637403167784,191.11847993917763
38,0,0,6,7,0,4,17,126.52322999201715,169.2558480426669,5346.634627087042,2100.051727029495
2,0,0,1,0,0,1,3830,12.307530036196113,14.407036011107266,64.29086101707071,64.03523194603622
54,0,0,4,6,0,3,1,72.27681507356465,86.50994906201959,3008.0392820527777,1086.1039410810918
35,0,0,3,5,0,3,2,78.23031209409237,88.72685499954969,1469.905189005658,560.8918130164966
22,0,0,3,2,0,3,78,68.06674599647522,94.92142999079078,1231.2126669567078,544.053765013814
35,0,0,5,5,0,4,3,85.19574999809265,95.43626208323985,2761.2585000460967,645.8117440342903
15,0,0,4,2,0,4,3062,210.01211204566061,276.84756903909147,587.5405049882829,317.6025010179728
8,0,0,3,1,0,2,3830,18.71718594338745,24.623524979688227,276.3719280483201,181.3132829265669
59,0,0,2,7,0,3,1,35.742459003813565,40.49868695437908,861.0202600248158,296.66827095206827
31,0,0,5,4,0,3,185,114.32361393235624,109.74239592906088,6296.567484037951,2232.1492600021884
40,0,0,2,5,0,3,1,57.13078496046364,82.56533893290907,749.6552260126919,299.13741105701774
54,0,0,1,8,0,3,1,62.00625700876117,80.8880120748654,441.9658510014415,150.0102790305391
22,0,0,0,4,0,3,1,141.76918496377766,92.88031107280403,251.1382580269128,76.40691404230893
37,0,0,3,3,0,2,1,92.25989005062729,86.43117209430784,1387.1482940157875,542.4557719379663
35,0,0,2,5,0,3,1,125.15241606160998,169.18827896006405,377.2599060321227,140.15642495360225
52,0,0,4,8,0,4,1,66.48060900624841,84.94726696517318,3181.742422049865,1089.088334934786
60,0,0,4,12,0,4,4,131.49028294719756,169.97223102953285,1532.668482977897,554.6882679918781
16,0,0,4,2,0,4,3062,216.44223504699767,274.2765279253945,1046.5063659939915,433.47236106637865
1,0,0,0,0,0,0,3830,11.234694044105709,12.74624397046864,63.71727609075606,63.81573004182428
20,0,0,3,3,0,4,98,240.25448807515204,256.2438700115308,593.7905110185966,266.62895001936704
64,0,0,4,10,0,5,1,69.07795497681946,84.08210997004062,1857.049649930559,585.534056997858
72,0,0,5,13,0,4,1,92.83570910338312,97.87924203556031,7306.048401049338,2262.646325980313
31,0,0,1,5,0,3,1,76.44941401667893,83.2984350854531,409.6307948930189,146.973341004923
16,0,0,2,2,0,1,3,55.65006600227207,77.04048603773117,593.3901779353619,272.80078805051744
16,0,0,0,4,0,3,7,175.2503690076992,114.69492502510548,283.40058506000787,79.30207205936313
53,0,0,3,6,0,3,1,68.5191280208528,81.39077597297728,1354.8742609564215,363.654307089746
39,0,0,7,7,0,4,54,144.1180040128529,182.1995689533651,10117.584558087401,4388.935499940999
5,0,0,2,0,0,1,3062,65.03028003498912,94.77640606928617,254.9938039155677,162.657447042875
18,0,0,1,3,0,3,1,136.94683904759586,98.56513503473252,380.110447993502,142.04270706977695
37,0,0,1,5,0,3,1,67.37168703693897,88.65735493600368,380.40070002898574,147.98745198640972
85,0,0,7,16,0,4,1,82.95621699653566,91.10532607883215,29653.179620974697,6304.315489018336
36,0,0,3,6,0,4,2,65.35342196002603,81.27585996408015,694.7500209789723,282.9480959335342
14,0,0,5,0,0,1,0,102.63531701639295,150.58804000727832,2087.2375030303374,1027.997950091958
33,0,0,1,5,0,4,2,69.15971299167722,82.55754003766924,372.561864904128,89.49468203354627
26,0,0,1,3,0,3,1,59.347912087105215,77.54808699246496,89.25050299149007,36.03431396186352
36,0,0,1,6,0,3,1,117.30631301179528,158.25081907678396,195.2520910417661,72.1887870458886
27,0,0,4,4,0,4,0,52.56879504304379,56.288924999535084,1492.7702730055898,1052.4927980732173
27,0,0,3,3,0,1,1,59.723824029788375,84.52133403625339,1243.0978319607675,353.696261998266
10,0,0,4,0,0,1,1488,55.20416202489287,79.58351203706115,1583.382896031253,791.6119289584458
39,0,0,2,4,0,2,1,72.62309000361711,90.4940189793706,706.9339390145615,268.98566994350404
43,0,0,4,8,0,4,30,133.0227729631588,170.80025898758322,1530.013914918527,576.660986058414
17,0,0,0,2,0,3,96,66.30434293765575,81.2767359893769,172.7055839728564,78.26485496480018
5,0,0,0,1,0,1,1031,52.190367016009986,44.51934003736824,116.74741702154279,78.62369704525918
44,0,0,1,9,0,3,1,63.22387105319649,82.56894303485751,420.8652840461582,146.70717401895672
22,0,0,5,3,0,4,365,484.65160303749144,662.1545889647678,3771.8087340472266,894.4996100617573
49,0,0,5,10,0,4,22,269.92807700298727,103.36289904080331,2292.1367139788345,1214.5220329985023
32,0,0,1,5,0,3,1,34.23432807903737,39.716382045298815,362.85729601513594,158.49462198093534
13,0,0,2,2,0,2,2,67.76590400841087,83.748008008115,627.7390780160204,283.9331099530682
40,0,0,2,3,0,3,1,56.13408796489239,39.07902806531638,587.4192080227658,282.853988930583
29,0,0,1,7,0,3,1,70.39334101136774,82.91078708134592,389.4602860091254,143.54552899021655
25,0,0,5,3,0,4,137,151.88658493570983,182.1131700417027,2148.449460975826,547.9304170003161
41,0,0,3,6,0,3,1,57.76587896980345,80.87105699814856,1522.0221809577197,588.8931780355051
34,0,0,2,5,0,3,3,73.0356159619987,91.28892491571605,759.6771121025085,196.41003501601517
19,0,0,0,1,0,1,1,27.73231698665768,37.72919601760805,76.4130000025034,35.410790937021375
37,0,0,1,5,0,3,1,53.87707392219454,76.77415199577808,354.2554279556498,137.7535070059821
14,0,0,3,3,0,4,3830,17.89626502431929,23.68048799689859,502.0641330629587,254.50620509218425
38,0,0,9,4,0,3,26,121.56393798068166,170.02248100470752,21905.190746067092,8676.68912699446
30,0,0,1,5,0,3,1,34.49161606840789,59.95843990240246,366.06687505263835,142.1653589932248
29,0,0,2,5,0,4,0,53.08779201004654,75.9910229826346,666.0194490104914,269.6542440680787
37,0,0,2,4,0,3,1,58.82715305779129,80.09892096742988,721.7005599522963,293.28291898127645
28,0,0,1,4,0,3,2,76.17432600818574,81.6531729651615,393.88365601189435,150.3329350380227
21,0,0,2,2,0,3,238,224.425938911736,197.7370020467788,343.61061197705567,169.86568900756538
47,0,0,0,9,0,3,0,54.66429598163813,78.60737899318337,211.77166991401464,73.5462480224669
9,0,0,0,1,0,1,49,54.88729604985565,80.29384107794613,142.92223495431244,72.8659019805491
24,0,0,3,4,0,3,2,97.77556103654206,102.3353599011898,876.9509559497237,497.99029994755983
65,0,0,1,8,0,3,1,32.7783600660041,91.59917500801384,278.90105301048607,73.48637201357633
17,0,0,2,3,0,4,90,54.09092910122126,77.7477549854666,572.1183100249618,267.9425290552899
34,0,0,2,4,0,4,1,77.77552399784327,85.61722899321467,699.828997021541,281.9404249312356
70,0,0,2,11,0,4,1,82.30471098795533,90.40202107280493,985.3677270002663,286.70193802099675
22,0,0,2,2,0,2,3,61.84704101178795,84.18858703225851,659.3807230237871,293.13507198821753
30,0,0,3,4,0,3,1,34.000469953753054,44.42041995935142,1143.6292040161788,592.7172960946336
38,0,0,3,5,0,3,1,68.68176301941276,85.2669709129259,1296.74043902196,270.8789890166372
30,0,0,4,5,0,3,2,131.35843095369637,167.67673706635833,1550.9374309331179,570.429602987133
39,0,0,3,4,0,4,1,96.87246405519545,94.11044197622687,1432.5393229955807,582.0958570111543
38,0,0,5,4,0,3,1,68.81603901274502,89.92170298006386,2762.870039092377,1091.1232810467482
33,0,0,2,7,0,3,0,62.8673539031297,80.33890300430357,779.0115289390087,285.9841330209747
62,0,0,6,12,0,4,4,145.67440503742546,187.53358302637935,6725.919411052018,2265.646675019525
5,0,0,2,0,0,1,0,154.81102489866316,237.96073195990175,263.34115501958877,133.73788795433939
45,0,0,2,4,0,3,1,79.26860800944269,66.64436892606318,774.0817420417443,230.45765096321702
50,0,0,5,9,0,4,2,103.96100499201566,115.03616999834776,5059.196888003498,1667.8752850275487
35,0,0,0,6,0,3,1,66.64833903778344,83.51079106796533,199.5192519389093,74.96279699262232
29,0,0,2,6,0,4,59,90.69665998686105,129.39458491746336,780.7163950055838,307.3418000712991
17,0,0,0,2,0,2,21,53.64129494410008,82.7985469950363,169.83235301449895,76.34064904414117
32,0,0,2,4,0,3,1,71.13442791160196,90.37919796537608,713.0249700276181,280.30435205437243
31,0,0,1,5,0,3,1,64.66742896009237,82.09930104203522,196.39840896707028,73.12895997893065
3,0,0,0,0,0,0,1026,43.742575915530324,60.42590201832354,115.81892892718315,79.21861694194376
31,0,0,5,4,0,4,25,93.10485899914056,96.31394094321877,2519.0408820053563,1051.1306429980323
20,0,0,3,4,0,4,3062,127.65717098955065,138.66386702284217,721.4420599630103,287.9055970115587
54,0,0,1,6,0,3,1,77.60259800124913,80.39984502829611,881.0497830854729,147.45107002090663
37,0,0,1,5,0,3,0,69.83953900635242,80.21421707235277,374.68867690768093,138.527670991607
19,0,0,4,2,0,4,0,48.896208056248724,68.86163202580065,1703.4840489504859,618.3361710282043
3,0,0,1,0,0,1,3830,16.674199025146663,21.493375999853015,69.37360600568354,67.0986520126462
19,0,0,4,3,0,3,25,60.421878937631845,85.73631092440337,1214.4354609772563,564.5847920095548
2,0,0,1,0,0,1,3830,12.114497018046677,14.275501947849989,64.2070850590244,65.55115105584264
31,0,0,1,6,0,3,1,117.82553000375628,159.30466109421104,191.12864101771265,72.0521310577169
19,0,0,0,3,0,3,29,77.01910205651075,87.2762689832598,186.5650499239564,75.67044999450445
31,0,0,3,5,0,3,1,78.85119703132659,91.97318204678595,1332.1692619938403,514.3109889468178
22,0,0,4,2,0,3,0,37.16516890563071,47.03916807193309,1769.6407700423151,520.1707789674401
60,0,0,4,9,0,3,1,91.45300998352468,101.7517390428111,3075.1740930136293,1105.5260989814997
28,0,0,1,5,0,3,1,68.09670198708773,85.06764494813979,348.03720901254565,139.12337902002037
36,0,0,7,3,0,3,0,238.74114197678864,255.48150890972465,9566.515740938485,3645.321291987784
26,0,0,0,4,0,3,0,78.23193003423512,87.86007296293974,215.07595502771437,73.25278699863702
3,0,0,0,0,0,0,2490,32.663175952620804,44.249161961488426,96.7211410170421,71.48126605898142
2,0,0,1,0,0,1,3830,11.976595036685467,14.381541055627167,45.700279995799065,31.281970907002687
31,0,0,3,5,0,3,1,128.33830597810447,88.92086602281779,621.7494300799444,164.91447889711708
12,0,0,0,3,0,3,19,32.35962300095707,42.45034302584827,162.0138979051262,75.02292306162417
25,0,0,2,3,0,3,9,81.18750900030136,87.03321299981326,647.6579820737243,278.05831900332123
36,0,0,2,4,0,3,1,62.68964393530041,81.05960197281092,376.5720020746812,150.08136502001435
32,0,0,4,5,0,3,1,89.59416404832155,102.49017004389316,1255.160209024325,548.4220830257982
27,0,0,2,5,0,3,10,66.2895719287917,44.03821600135416,461.3572818925604,296.2821739492938
10,0,0,0,3,0,3,152,68.64163896534592,93.00517290830612,164.05706608202308,86.30732097662985
14,0,0,0,1,0,1,27,55.0636489642784,74.9386859824881,172.07705101463944,71.00004598032683
42,0,0,2,4,0,3,1,64.3048279453069,83.71163695119321,755.3620609687641,303.62998705822974
34,0,0,3,3,0,2,0,67.70877400413156,80.88432694785297,1458.6937029380351,579.0507270721719
30,0,0,7,4,0,4,3830,14.329330064356327,17.88618299178779,6660.037453984842,2488.7771740322933
43,0,0,3,4,0,3,1,112.95623204205185,166.76938196178526,364.14989293552935,93.93768105655909
14,0,0,3,1,0,2,26,155.5969709297642,238.47800900693983,549.6744869742543,258.9432910317555
21,0,0,4,3,0,4,846,225.7710649864748,220.33010004088283,1410.7165709137917,562.4427869915962
29,0,0,5,3,0,2,1,74.87257709726691,100.90952401515096,4968.013206962496,1687.8148739924654
21,0,0,4,3,0,3,0,80.30862803570926,156.08198894187808,1233.7389249587432,548.9742719801143
49,0,0,1,9,0,3,1,53.00038796849549,75.05642005708069,414.2022600863129,138.67258897516876
56,0,0,2,7,0,3,1,62.96371400821954,83.5618709679693,684.3669660156593,144.3294860655442
31,0,0,4,4,0,4,2,65.92075398657471,78.58735299669206,2184.849484008737,873.9057149505243
33,0,0,3,4,0,3,3,70.88883500546217,87.81265805009753,1395.5160040641204,560.3270550491288
38,0,0,6,7,0,4,3,230.87653995025903,259.93185699917376,5046.3383559836075,1933.2323559792712
33,0,0,3,6,0,4,44,142.00722402893007,171.7083010589704,532.5698939850554,286.05879098176956
2,0,0,0,0,0,0,907,45.33594206441194,65.40904706344008,120.62279600650072,67.97120498958975
30,0,0,6,4,0,4,3,204.37159400898963,283.5793709382415,5396.135265007615,2087.67102798447
34,0,0,4,5,0,3,22,42.49322903342545,46.81151395197958,2414.3880179617554,1092.5097280414775
27,0,0,4,3,0,3,17,48.450813977979124,44.79410999920219,2767.859664047137,1130.0549430307
18,0,0,4,3,0,4,3830,21.06514002662152,28.127121040597558,914.212542003952,598.034146009013
5,0,0,0,0,0,0,906,53.708971943706274,78.8653630297631,131.69253896921873,97.81084500718862
55,0,0,1,8,0,3,1,78.25128198601305,85.6099909869954,472.60540106799453,148.1624679872766
29,0,0,1,5,0,3,1,68.97483801003546,83.74372008256614,385.4744170093909,147.07144803833216
24,0,0,1,4,0,3,49,42.804277036339045,41.1307419417426,181.10984098166227,122.6537189213559
26,0,0,3,4,0,3,2,101.51598998345435,71.15012302529067,1255.0852980930358,547.8866809280589
17,0,0,3,4,0,4,2583,157.3682411108166,232.2368030436337,602.1015479927883,306.8565760040656
19,0,0,3,3,0,3,36,174.9662869842723,228.97994390223175,571.4602699736133,173.41590905562043
35,0,0,3,7,0,3,0,111.57472699414939,164.42123497836292,758.5246089147404,280.34068597480655
21,0,0,2,2,0,3,78,59.99060405883938,83.23322900105268,651.8077999353409,304.75741100963205
45,0,0,6,8,0,4,2,47.836785088293254,49.955480033531785,9750.869597075507,4417.7135090576485
44,0,0,3,8,0,4,1,97.51817502547055,100.15943401958793,1072.3367760656402,569.9244360439479
11,0,0,3,1,0,2,251,101.3782249065116,146.3370859855786,1270.6136180786416,440.70720893796533
65,0,0,1,8,0,3,1,63.487631967291236,78.37918295990676,449.4142369367182,143.09965493157506
17,0,0,2,3,0,4,176,116.78425897844136,160.89097096119076,167.72472707089037,78.14262504689395
21,0,0,6,2,0,2,2320,69.68016899190843,85.9035219764337,8546.198665979318,4682.303725043312
1,0,0,0,0,0,0,3830,11.60192396491766,13.643344049341977,64.95917600113899,63.60153702553362
55,0,0,7,10,0,4,1,317.6495688967407,257.305777980946,16409.169835038483,3743.0150089785457
30,0,0,3,5,0,3,2,117.9128319490701,161.26933007035404,730.3102399455383,282.4994969414547
39,0,0,1,6,0,3,0,78.52663600351661,87.40059193223715,436.1922679236159,148.6979299224913
30,0,0,6,4,0,4,0,135.76613599434495,177.39455797709525,4920.920373988338,1913.181271054782
53,0,0,2,11,0,4,1,86.83292893692851,91.96945000439882,905.6902740849182,293.66617591585964
73,0,0,3,13,0,4,0,91.92130493465811,113.46839705947787,2048.261625925079,474.6594709577039
28,0,0,2,2,0,2,0,49.08202798105776,68.93326295539737,541.1500099580735,114.38513896428049
44,0,0,1,8,0,3,1,66.89007196109742,83.25589704327285,433.4796420298517,151.52500604745
1,0,0,0,0,0,0,3830,10.728940949775279,12.90645101107657,64.42447495646775,64.18196798767895
30,0,0,1,7,0,3,1,25.658619008027017,34.833493060432374,214.41489504650235,120.38886395748705
14,0,0,0,2,0,1,0,62.37816798966378,76.86756702605635,156.49388905148953,71.67696207761765
63,0,0,5,10,0,3,1,141.72945206519216,176.22322600800544,3398.976114927791,1129.6891609672457
8,0,0,1,1,0,3,1522,47.30772797483951,57.60345398448408,214.76171596441418,78.92508106306195
55,0,0,3,5,0,3,1,77.9191319597885,81.4801100641489,1751.705463975668,583.7739090202376
23,0,0,7,1,0,3,0,75.95741690602154,94.78135395329446,8900.43366595637,4090.047837002203
23,0,0,5,2,0,3,4,73.10765201691538,89.80822004377842,3326.7930870642886,1660.4836749611422
35,0,0,6,3,0,3,0,77.52959697972983,99.30062608327717,8925.70209596306,3313.9462280087173
27,0,0,2,3,0,3,2,113.49610600154847,164.56850490067154,348.6904860474169,149.78533401153982
32,0,0,6,2,0,2,1,120.05435698665679,167.29657899122685,2687.798624043353,1180.5139080388471
33,0,0,0,6,0,3,0,66.12623494584113,80.1474399631843,195.63782995101064,73.15023604314774
10,0,0,3,1,0,1,122,280.22957500070333,413.99757692124695,569.7423180099577,293.1560289580375
37,0,0,5,7,0,3,3,234.23116898629814,237.03579604625702,2489.6869539516047,1071.8406169908121
35,0,0,3,6,0,3,1,80.17550001386553,85.46998898964375,1526.4567079721019,455.5188500089571
22,0,0,5,4,0,4,1419,64.924102043733,161.58873797394335,4159.2274939175695,2640.84378501866
85,0,0,7,16,0,4,0,136.62730692885816,177.66126699279994,14065.465138992295,3074.089044937864
40,0,0,1,6,0,3,0,48.88407897669822,68.17535497248173,353.95759192761034,119.0293610561639
40,0,0,1,7,0,3,1,64.36117400880903,79.43200005684048,400.15435102395713,143.02970294374973
41,0,0,10,3,0,3,4,41.84066294692457,50.32737099099904,60000.0,34802.37080599181
6,0,0,3,0,0,1,3830,18.92949000466615,24.934177985414863,167.55442798603326,117.53627599682659
36,0,0,1,5,0,3,1,67.63382197823375,85.1830899482593,399.06024700030684,147.70129299722612
32,0,0,3,4,0,4,0,68.9564710482955,81.07495005242527,710.3371629491448,291.2345250369981
38,0,0,1,5,0,3,1,78.24335701297969,83.39648600667715,417.3590319696814,146.5494749136269
12,0,0,4,0,0,1,622,50.863238982856274,73.26322805602103,672.4422909319401,489.64260902721435
3,0,0,0,1,0,1,1315,88.31107104197145,111.6459199693054,140.18984301947057,115.68959499709308
61,0,0,2,4,0,3,1,139.0572499949485,47.5855169352144,991.5337070124224,325.764350942336
35,0,0,2,6,0,3,1,62.939551076851785,85.06060997024179,728.0480960616842,275.4251570440829
20,0,0,3,4,0,4,1101,319.72069607581943,367.80055495910347,670.9962030872703,277.0779710263014
13,0,0,3,3,0,5,3830,14.54870798625052,18.75735796056688,395.2366759767756,203.62811803352088
19,0,0,4,3,0,4,845,194.40241192933172,215.5045949621126,833.6545720230788,320.3010809374973
25,0,0,0,5,0,3,5,40.251519065350294,44.432505033910275,103.86188805568963,36.809441982768476
3,0,0,0,0,0,0,2490,31.777425087057054,44.37969997525215,96.02200204972178,71.45340496208519
25,0,0,4,4,0,4,11,75.04092098679394,94.49425991624594,1183.0788350198418,552.3505610181019
2,0,0,0,0,0,0,0,49.42789697088301,69.14167001377791,125.07202301640064,61.56368099618703
8,0,0,2,1,0,1,845,193.12034896574914,215.3707949910313,243.2460670825094,128.48547799512744
47,0,0,2,9,0,4,2,78.90086900442839,105.62449006829411,899.8152599669993,294.6991770295426
29,0,0,0,7,0,3,1,70.8853310206905,82.53363298717886,200.74118999764323,72.58560601621866
22,0,0,1,2,0,1,1,83.00194598268718,94.78718100581318,370.9602289600298,149.37609108164907
11,0,0,1,1,0,1,0,69.12774394731969,105.88088596705347,282.4412699555978,173.08942100498825
33,0,0,3,6,0,3,1,56.2214640667662,78.0306369997561,1066.5018650470302,557.7173019992188
40,0,0,7,5,0,3,2,71.90001907292753,87.83404203131795,11033.046444994397,4296.461354009807
42,0,0,2,6,0,3,1,70.02468907739967,81.83931303210557,805.3055750206113,284.93954497389495
29,0,0,4,5,0,4,1,75.50937391351908,86.13767300266773,2904.2803309857845,1076.211242005229
6,0,0,3,0,0,1,3830,17.233290011063218,12.516162008978426,242.86347802262753,140.2487710583955
14,0,0,1,0,0,1,109,57.27922904770821,81.01925696246326,292.7023459924385,150.94750002026558
35,0,0,1,4,0,3,1,77.01509399339557,86.4776250673458,401.0032720398158,150.50423797219992
7,0,0,1,0,0,1,939,49.66392205096781,69.76177904289216,243.48312697838992,131.8794039543718
12,0,0,3,1,0,2,0,51.372702000662684,73.71576398145407,251.7115119844675,129.6996750170365
25,0,0,1,4,0,4,1,32.739546964876354,38.26194000430405,184.49828296434134,142.20148895401508
9,0,0,3,1,0,2,1031,53.648415952920914,79.13774892222136,485.8766859397292,433.68165590800345
53,0,0,2,5,0,3,1,70.90324105229229,83.48516293335706,762.9458180163056,140.04206797108054
7,0,0,2,0,0,1,1296,47.416494926437736,68.60890798270702,384.2121959896758,195.11299999430776
24,0,0,0,4,0,3,1,39.59376597777009,40.836401050910354,101.81768098846078,37.850382970646024
42,0,0,5,6,0,3,1,91.06884303037077,85.94074402935803,2921.0095370654017,1134.2326019657776
34,0,0,2,3,0,3,4,62.19338590744883,86.52010606601834,578.4936030395329,300.08860293310136
28,0,0,4,4,0,3,2,77.45148497633636,87.21904491540045,2275.506791076623,862.72087902762
20,0,0,5,2,0,4,0,48.74932498205453,46.49233107920736,3379.2234470602125,1902.760653058067
28,0,0,2,4,0,3,0,58.49150998983532,81.88940607942641,332.993870950304,133.39895696844906
15,0,0,2,2,0,1,2,68.30374198034406,84.9449799861759,588.8093770481646,268.38149409741163
61,0,0,1,11,0,3,1,67.57286901120096,82.04487501643598,476.9575640093535,145.10743308346719
7,0,0,1,1,0,1,331,85.7556649716571,125.16342999879271,315.1912270113826,187.962239026092
47,0,0,3,10,0,4,11,200.18838497344404,188.33052704576403,909.9309319863096,310.6958729913458
13,0,0,0,1,0,2,83,67.72465899121016,86.55186800751835,164.90279999561608,83.36447598412633
81,0,0,1,14,0,3,0,58.055806905031204,107.37332107964903,527.4478900246322,149.84373410698026
48,0,0,3,6,0,3,1,95.12004698626697,96.44052397925407,1476.3065930455923,301.14811297971755
28,0,0,0,4,0,3,1,72.63014907948673,75.84071799647063,187.3703378951177,67.56620202213526
22,0,0,2,2,0,3,0,49.68946403823793,68.87945102062076,526.4689140021801,235.88720802217722
30,0,0,1,5,0,4,3,69.67358698602766,85.32596100121737,356.73834092449397,147.15828199405223
34,0,0,6,6,0,3,2,233.57310495339334,272.90130394976586,5552.215029951185,2108.6981979897246
24,0,0,2,2,0,3,49,127.81721889041364,165.48200696706772,354.42177194636315,152.00154297053814
6,0,0,1,1,0,2,3830,28.882079059258103,27.656362974084914,177.7674559270963,126.36130792088807
16,0,0,1,2,0,3,3,54.42344397306442,79.04025702737272,307.29689297731966,138.03085801191628
19,0,0,1,3,0,3,1,69.81522706337273,102.9290659353137,326.0171210858971,90.60835104901344
9,0,0,4,1,0,3,3830,9.505753056146204,11.561871971935034,196.139917941764,112.44646203704178
37,0,0,2,8,0,4,37,145.7437260542065,96.27938398625702,1118.2412760099396,313.2806030334905
30,0,0,3,4,0,3,1,133.5274699376896,175.8061629952863,363.82341105490923,144.11859901156276
30,0,0,6,2,0,3,2,34.64296902529895,42.255401029251516,4043.538239086047,1571.1959740146995
35,0,0,3,5,0,3,2,74.38490795902908,94.73743091803044,1574.668433982879,589.7926549660042
38,0,0,1,3,0,3,1,34.49964104220271,41.76717309746891,227.82695898786187,151.33910591248423
33,0,0,0,8,0,3,2,108.80228504538536,97.33338700607419,248.0982190463692,74.19260509777814
44,0,0,3,6,0,3,1,88.97683897521347,97.44151309132576,1621.7719219857827,568.0442450102419
29,0,0,3,3,0,3,1,32.8329389449209,43.625756981782615,1373.3166418969631,472.3868389846757
86,0,0,8,16,0,4,1,82.47533591929823,88.7254059780389,30254.113878007047,8688.685465953313
34,0,0,2,6,0,3,0,69.85822704154998,92.26266003679484,727.5353079894558,272.7206840645522
11,0,0,2,1,0,2,899,58.31973103340715,83.53583805728704,561.3599639618769,332.2119259973988
34,0,0,6,6,0,3,1,131.51264796033502,171.56918195541948,5619.49163605459,2205.554918036796
14,0,0,2,0,0,1,6,57.610844960436225,82.99444301519543,597.6918559754267,305.8743750443682
35,0,0,3,6,0,3,1,33.62514602486044,43.006650055758655,911.8872709805146,570.6937669310719
22,0,0,1,4,0,3,3,80.92805894557387,92.58384397253394,393.89372896403074,172.21020301803946
25,0,0,1,4,0,2,1,64.625054015778,79.9461689312011,178.38431510608643,73.94512300379574
23,0,0,1,4,0,4,1,76.88233896624297,84.10637709312141,190.72184804826975,75.7161770015955
36,0,0,1,4,0,3,1,113.99788304697722,159.84534297604114,193.3534019626677,71.52822602074593
36,0,0,1,7,0,3,1,66.91967800725251,78.45283800270408,391.5172750130296,142.03175890725106
22,0,0,2,4,0,3,21,53.45495999790728,72.04473100136966,619.3041669903323,248.80002299323678
35,0,0,3,7,0,4,23,162.8803249914199,169.51447702012956,2093.7264539534226,450.59402601327747
28,0,0,1,4,0,3,1,92.1584339812398,91.90712298732251,203.3122240100056,195.69750898517668
5,0,0,2,0,0,1,3830,20.69101098459214,27.353181038051844,186.48309796117246,117.64014803338796
51,0,0,3,6,0,3,1,68.5192090459168,83.83530704304576,1642.4877190729603,559.1385960578918
19,0,0,3,2,0,2,370,87.00842096004635,134.20381606556475,1501.5961109893396,652.3792200023308
19,0,0,4,2,0,4,0,158.32886204589158,240.84179499186575,590.8550099702552,269.174046930857
44,0,0,5,8,0,4,1,89.42375401966274,104.19565800111741,3325.060169096105,1127.7079570572823
27,0,0,0,3,0,3,0,55.69820897653699,76.82532304897904,182.20709695015103,74.73828794900328
26,0,0,2,3,0,3,4,57.934602024033666,85.12762503232807,343.35595404263586,153.99741404689848
23,0,0,6,4,0,4,3062,59.55196300055832,68.4275480452925,8020.034588058479,4464.605765999295
67,0,0,7,10,0,4,1,126.72653805930167,170.69912794977427,12489.927932969294,4554.733887896873
9,0,0,2,1,0,2,15,271.3507680455223,371.1535899201408,330.95204504206777,174.12674706429243
29,0,0,3,4,0,3,1,199.39138810150325,134.73615504335612,1216.2562729790807,317.6200200105086
34,0,0,5,3,0,3,0,37.98300097696483,47.36762505490333,4715.166689013131,2140.8997310791165
34,0,0,3,6,0,3,1,67.06274894531816,88.77995796501637,1496.3751239702106,566.7254809523001
32,0,0,2,5,0,3,2,80.87657007854432,88.20318290963769,814.1858989838511,288.97752903867513
8,0,0,3,0,0,1,1417,93.65304699167609,137.4350329861045,461.14735200535506,231.17910395376384
8,0,0,1,1,0,1,130,56.85462197288871,81.24795102048665,268.6728419503197,131.2819099985063
33,0,0,5,4,0,4,1,73.02339503075927,91.25572408083826,2701.955536962487,1113.6877241078764
18,0,0,1,3,0,3,107,78.75574508216232,86.35577699169517,358.5821179440245,152.19926193822175
35,0,0,1,6,0,3,1,68.86558199767023,82.31661398895085,392.69746001809835,141.9753769878298
26,0,0,3,3,0,4,8,83.52224307600409,96.79650398902595,1281.584611046128,548.3453969936818
37,0,0,1,4,0,3,0,69.11821803078055,82.5189269380644,387.8842450212687,147.3286240361631
52,0,0,1,8,0,3,1,64.38137299846858,79.36940307263285,279.31338094640523,145.24873602204025
35,0,0,1,4,0,3,1,66.60612300038338,50.288620055653155,193.15814704168588,73.27659300062805
28,0,0,3,5,0,3,0,75.93506400007755,94.18457304127514,1331.9713750388473,535.9613200416788
78,0,0,9,13,0,4,1,84.0307679027319,94.8545349529013,27983.300999971107,9216.73149894923
13,0,0,2,2,0,3,0,188.12530708964914,89.31357390247285,433.7704200297594,150.47733893152326
41,0,0,4,7,0,3,2,229.79717003181577,211.55555406585336,4844.841869082302,1176.0950799798593
32,0,0,1,4,0,3,1,77.16970006003976,87.83315704204142,394.14977305568755,159.19444698374718
36,0,0,2,5,0,3,1,66.89757097046822,79.77318705525249,761.3581150071695,287.261285004206
5,0,0,2,0,0,1,0,154.74604605697095,261.8036129279062,260.41445799637586,131.0252279508859
14,0,0,3,2,0,3,994,226.2498220661655,282.8539600595832,595.7783299963921,291.12481605261564
40,0,0,3,9,0,4,0,79.5159429544583,96.27550700679421,771.8988549895585,278.0999259557575
31,0,0,3,4,0,3,1,72.04503903631121,87.45754999108613,708.540024003014,268.2746909558773
23,0,0,2,3,0,4,0,52.31134407222271,76.40436897054315,597.4697929341346,269.08927503973246
9,0,0,2,1,0,1,0,103.1041129026562,156.80295997299254,290.5878070741892,141.92181709222496
2,0,0,0,0,0,0,3830,16.218497999943793,20.77944402117282,70.5079089384526,68.76592605840415
35,0,0,6,3,0,3,1,86.09392202924937,104.95716298464686,9891.404340974987,3897.788297967054
20,0,0,5,3,0,4,907,103.15194795839489,145.87348804343492,1594.2536940565333,863.9460299164057
38,0,0,6,7,0,4,26,142.09458406548947,179.02547807898372,2841.5223450865597,806.0534879332408
83,0,0,5,16,0,4,0,97.78916509822011,110.73339101858437,7534.045698936097,2130.2361950511113
14,0,0,2,1,0,2,0,65.85030606947839,95.4321859171614,582.3206399800256,263.3084299741313
35,0,0,3,7,0,3,0,117.34950891695917,81.41130104195327,873.2607789570466,285.7898729853332
22,0,0,1,4,0,3,1,39.01438298635185,41.51132295373827,363.51339297834784,147.5585550069809
30,0,0,1,4,0,3,2,69.73493297118694,81.63706993218511,253.6110740620643,73.48186697345227
13,0,0,2,3,0,4,1951,47.24188696127385,60.886875027790666,498.8104240037501,252.91646702680737
30,0,0,4,5,0,4,31,239.5919740665704,263.94490199163556,1257.53430405166,545.9861370036379
6,0,0,2,0,0,1,2490,19.273773999884725,26.934497989714146,166.7269020108506,174.84350700397044
8,0,0,2,0,0,1,0,56.370312930084765,82.74239301681519,552.1797409746796,278.17106700968
11,0,0,1,2,0,3,51,123.02798207383603,178.89871704392135,172.90351900737733,92.23717800341547
29,0,0,2,3,0,3,1,100.61827104073018,86.4635449834168,436.33204605430365,149.20883800368756
42,0,0,2,6,0,3,1,53.76519891433418,75.79474500380456,735.4015440214425,269.97563999611884
48,0,0,3,6,0,4,0,67.29851895943284,80.99325699731708,1612.6723670167848,590.3073250083253
32,0,0,1,4,0,3,1,78.90085293911397,83.07722106110305,403.4616689896211,148.9386799512431
30,0,0,2,3,0,3,4,79.01319209486246,84.63528600987047,772.1172500168905,299.4896770687774
23,0,0,5,3,0,4,7,352.7373829856515,381.5111219882965,1274.8810210032389,548.602513037622
7,0,0,1,0,0,1,906,56.05642404407263,82.75248599238694,246.0376489907503,162.35806897748262
27,0,0,1,6,0,4,0,50.08198309224099,66.99217297136784,311.4066260168329,123.97959700319916
32,0,0,1,4,0,3,4,66.5110070258379,82.54781097639352,385.2568669244647,149.06440605409443
16,0,0,1,2,0,2,1,49.35210198163986,76.48256397806108,293.34507300518453,139.17225098703057
30,0,0,1,4,0,3,1,57.6390860369429,80.55093290749937,353.32284891046584,152.89563895203173
90,0,0,12,16,0,4,1,94.57231999840587,54.61763800121844,60000.0,60000.0
24,0,0,1,3,0,4,1,63.554423046298325,82.13639201130718,333.50041904486716,150.22236306685954
33,0,0,6,4,0,4,3,36.008891998790205,78.54839495848864,7781.8557870341465,3694.0910210832953
18,0,0,2,3,0,3,11,86.81723196059465,122.71773000247777,742.7135190228,350.9297000709921
40,0,0,6,6,0,3,0,50.71253899950534,72.29059399105608,10875.13056001626,3844.804423977621
28,0,0,5,3,0,4,0,106.77051602397114,106.84309108182788,2713.399672997184,1095.6842710729688
30,0,0,1,5,0,3,1,82.42496999446303,84.68907501082867,406.9706950103864,160.0431139813736
17,0,0,2,2,0,3,238,131.6273600095883,168.07270201388747,320.9869120037183,147.4081960041076
3,0,0,1,0,0,1,3062,60.38045394234359,85.11489699594676,105.18727404996753,81.07963507063687
42,0,0,5,6,0,3,1,182.84168210811913,255.57987205684185,3116.9643049361184,713.3831969695166
22,0,0,3,3,0,3,63,78.04360496811569,92.3762860475108,653.393599903211,275.23849706631154
17,0,0,1,4,0,3,7,183.73882095329463,118.65902203135192,552.887958008796,156.64132009260356
25,0,0,2,4,0,3,33,132.50322407111526,166.86739400029182,383.77634692005813,100.46320501714945
51,0,0,0,7,0,3,1,28.46036700066179,38.11802400741726,102.05080604646355,33.426487003453076
37,0,0,6,3,0,2,3,114.08711993135512,81.98206999804825,4312.470687087625,1530.8181559666991
31,0,0,1,5,0,3,1,45.10622494854033,38.25536498334259,174.27248193416744,97.40355296526104
66,0,0,3,11,0,3,1,61.66995002422482,85.65837901551276,1901.4736780663952,553.0059390002862
33,0,0,2,5,0,4,1,68.09760094620287,83.95007497165352,720.3773449873552,281.1523689888418
12,0,0,2,2,0,5,1383,48.279320006258786,64.37015498522669,278.9969969308004,165.14271905180067
19,0,0,1,2,0,3,76,58.802188956178725,83.90838792547584,334.0586689300835,152.3305040318519
31,0,0,4,7,0,4,217,74.38318897038698,95.94932908657938,2491.38890998438,913.4558220393956
5,0,0,2,0,0,1,3062,37.39476599730551,52.03572893515229,428.01005207002163,256.97312492411584
18,0,0,6,1,0,2,1155,30.619062017649412,41.74677701666951,8340.76872607693,4144.010254996829
28,0,0,1,5,0,3,1,69.2815100774169,82.57807500194758,370.37282797973603,141.53198606800288
23,0,0,4,2,0,3,166,66.94655597675592,83.10477004852146,1199.9098389642313,540.1711789891124
32,0,0,4,5,0,3,1,126.6828189836815,173.24838996864855,1422.1593249822035,564.2595890676603
34,0,0,1,7,0,3,1,70.72088494896889,86.10169810708612,478.8226350210607,150.24199103936553
33,0,0,1,5,0,3,1,30.390318017452955,43.458811938762665,266.9694720534608,93.19430903997272
28,0,0,0,2,0,3,0,58.67196898907423,80.15926205553114,178.03261894732714,77.78383605182171
24,0,0,2,4,0,3,2,80.658104037866,94.0600469475612,682.6966170920059,284.39677506685257
37,0,0,3,6,0,4,0,26.1940989876166,35.746830981224775,1312.408676953055,499.7887790668756
40,0,0,2,8,0,4,2,41.42489901278168,44.392045005224645,375.7815610151738,145.50485799554735
8,0,0,3,1,0,3,0,230.4346099263057,245.43122004251927,269.13886796683073,130.8608950348571
5,0,0,1,0,0,1,0,56.83105392381549,81.09929703641683,264.8644319269806,132.423173985444
11,0,0,1,1,0,1,166,79.8640480497852,116.70163890812546,314.39523107837886,163.94641203805804
27,0,0,3,2,0,2,6,146.17735508363694,90.14824300538749,872.3832679679617,332.5770370429382
25,0,0,1,3,0,3,1,66.14660902414471,86.26798307523131,334.51995300129056,81.19401999283582
16,0,0,2,4,0,4,1419,79.3778479564935,106.03419796098024,349.3156830081716,196.1768779437989
36,0,0,3,5,0,3,1,77.71388499531895,94.25633493810892,1445.8772439975291,564.1120199579746
34,0,0,2,6,0,3,2,121.7969449935481,162.33169299084693,376.55312195420265,143.758499994874
25,0,0,2,0,0,1,3,29.578205896541476,40.65478499978781,309.4309330917895,146.35206700768322
24,0,0,1,1,0,1,2,53.878532955423,75.33431996125728,309.9424879765138,141.22627908363938
85,0,0,7,16,0,4,0,85.13842499814928,96.41000698320568,30135.355421924032,8325.79107908532
9,0,0,1,1,0,1,76,39.30194897111505,54.060538997873664,285.6641070684418,180.3626340115443
19,0,0,3,2,0,2,15,191.34444696828723,189.4686189480126,741.9678280130029,303.94342297222465
52,0,0,1,9,0,3,1,56.21686193626374,76.0848099598661,418.31358009949327,137.77999707963318
46,0,0,1,9,0,3,1,64.23599901609123,79.37737600877881,423.70543407741934,142.91507098823786
22,0,0,5,3,0,4,0,262.9213110776618,238.04058297537267,2726.2290769722313,1110.0810199277475
25,0,0,1,5,0,3,112,79.04946291819215,89.53276195097715,397.0524989999831,155.7715720264241
15,0,0,1,3,0,4,1031,60.389498015865684,77.049789018929,285.8994849957526,155.22814402356744
33,0,0,1,6,0,3,10,81.37069293297827,131.28002104349434,242.11285391356796,81.74827299080789
24,0,0,1,5,0,3,1,67.15943792369217,81.46587805822492,361.9560789084062,143.1345569435507
20,0,0,0,2,0,3,30,29.25269305706024,41.13443801179528,86.17074403446168,38.76420110464096
6,0,0,1,1,0,2,1031,54.66537200845778,74.14752000477165,129.90089890081435,79.97058192268014
22,0,0,2,2,0,2,27,34.9280129885301,42.587582021951675,344.3823599955067,172.61684499680996
8,0,0,2,1,0,3,3830,5.82133000716567,6.517780013382435,177.5389090180397,149.63912090752274
18,0,0,2,3,0,3,21,126.0390569223091,86.35599003173411,790.1456760009751,292.063502012752
27,0,0,1,4,0,3,2,64.23181004356593,79.53161792829633,357.33071295544505,143.88627489097416
7,0,0,2,1,0,2,3830,20.01168904826045,27.09614601917565,279.2553349863738,176.19097197894007
9,0,0,1,1,0,1,432,58.4446219727397,77.4901780532673,290.54860200267285,147.07316097337753
60,0,0,1,9,0,3,1,69.98807995114475,41.02771601174027,234.60204794537276,70.14056097250432
38,0,0,3,6,0,3,2,83.34212098270655,95.4011349240318,1643.8969270093367,579.3595890281722
35,0,0,5,3,0,4,6,77.14483502786607,87.64553000219166,4638.223645044491,2293.2575430022553
13,0,0,3,1,0,3,182,113.15317102707922,164.30578497238457,590.9615020500496,358.1005400046706
30,0,0,1,4,0,3,1,32.047129003331065,41.261655976995826,237.77345498092473,148.0533799622208
14,0,0,2,2,0,3,795,85.35013196524233,117.17833008151501,520.0072990264744,265.0288239819929
42,0,0,4,8,0,4,165,107.89978806860745,135.22974390070885,3069.7044240077958,1170.450847945176
27,0,0,2,4,0,3,1,68.73273302335292,85.61768301296979,729.5359310228378,288.31617103423923
33,0,0,1,3,0,3,1,110.34527991432697,163.07377500925213,119.51823194976896,38.00451604183763
27,0,0,1,5,0,3,1,60.798934078775346,39.65670894831419,141.67147898115218,35.51828896161169
35,0,0,1,4,0,3,0,63.43621190171689,77.88622798398137,365.1419529924169,140.6416519312188
36,0,0,5,5,0,5,0,75.42590703815222,93.19275710731745,2039.6072040311992,804.3440360343084
14,0,0,0,1,0,2,0,62.16303608380258,80.47750301193446,163.60239998903126,74.81956505216658
35,0,0,1,6,0,3,1,32.60695096105337,78.1675890320912,392.3422379884869,145.87582601234317
47,0,0,3,7,0,3,1,71.81764603592455,90.95292806159705,1541.5974019560963,527.9751840280369
45,0,0,1,5,0,3,1,62.132916995324194,80.77140105888247,406.3888470409438,149.48317199014127
33,0,0,2,4,0,3,4,75.77133900485933,80.73614293243736,783.9018920203671,299.6740670641884
41,0,0,9,7,0,3,7,142.79835007619113,186.3907719962299,23412.271489971317,8491.386265028268
21,0,0,1,3,0,3,45,73.14896397292614,92.87771093659103,360.35680293571204,151.8968299496919
26,0,0,3,4,0,3,50,96.38004295993596,107.4924198910594,1308.5848080227152,260.62909909524024
12,0,0,2,0,0,1,177,54.64694311376661,78.72966001741588,524.7726649977267,252.95673194341362
28,0,0,2,4,0,4,1,72.16372108086944,89.20332498382777,647.4489500978962,244.15799707639962
22,0,0,2,4,0,3,1,78.54519109241664,85.49347496591508,324.97507194057107,72.16629094909877
33,0,0,5,5,0,3,1,139.68768704216927,181.77065695635974,858.1642099888995,561.0064220381901
31,0,0,1,4,0,3,2,68.96409799810499,82.73025101516396,380.473245983012,141.5902649750933
4,0,0,1,1,0,2,3830,10.766232968308032,12.83352600876242,138.85011489037424,117.36607400234789
5,0,0,2,0,0,1,3062,37.37718996126205,51.907623070292175,300.53597199730575,165.17690801993012
50,0,0,5,9,0,4,5,43.15765202045441,46.691408031620085,5357.548125088215,1988.9998680446297
25,0,0,1,4,0,3,1,62.70236393902451,87.75543002411723,338.7464339612052,144.44831805303693
35,0,0,6,3,0,3,2,73.82484304253012,95.30033101327717,8179.4851050945,4292.017793981358
55,0,0,4,9,0,4,1,92.40929095540196,78.8205920252949,1362.5454660505056,265.7731440849602
20,0,0,5,2,0,3,3830,49.89537806250155,58.33385803271085,2262.043267954141,924.2664059856907
37,0,0,1,4,0,3,1,35.062273032963276,78.3444499829784,393.2161469710991,147.14039803948253
60,0,0,4,12,0,4,2,90.85515199694782,92.12014195509255,3796.8195929424837,1112.0494019705802
37,0,0,2,5,0,4,2,78.00576696172357,86.02256793528795,797.1699680201709,293.4207000071183
32,0,0,1,4,0,3,2,69.0909749828279,84.83184000942856,383.1494740443304,146.33454801514745
16,0,0,2,4,0,3,99,70.28765906579792,82.53236999735236,631.599388900213,338.62234104890376
21,0,0,6,3,0,5,907,78.16721801646054,110.47491105273366,3249.025620985776,1504.6891699312255
13,0,0,3,2,0,2,1930,168.0423819925636,91.7873359285295,573.3233859064057,261.9125080527738
32,0,0,2,6,0,3,0,109.12554198876023,159.8965530283749,364.14463201072067,137.2289740247652
3,0,0,0,0,0,0,2490,31.47910803090781,44.69031898770481,96.67924896348268,72.64215999748558
22,0,0,1,1,0,1,11,56.11342703923583,76.38341991696507,304.84107590746135,137.7714810660109
47,0,0,3,10,0,4,7,44.167410931549966,44.081088970415294,1750.318919075653,601.7682219389826
31,0,0,1,6,0,3,1,81.39319100882858,89.04562203679234,414.91978301201016,146.93545398768038
34,0,0,5,5,0,4,1,103.04754495155066,124.19111002236605,2632.3358489898965,1060.350151034072
34,0,0,2,5,0,3,2,116.48581502959132,157.76344807818532,362.2425220673904,145.67270199768245
20,0,0,0,4,0,3,141,78.64489790517837,89.40144698135555,198.95541900768876,88.3144629187882
32,0,0,4,5,0,3,1,77.76998006738722,90.97033296711743,1983.6501020472497,666.4713880745694
76,0,0,7,13,0,4,1,83.19616597145796,95.0762159191072,20554.03415497858,6373.588836053386
21,0,0,1,4,0,4,1,69.24993905704468,81.99512504506856,326.5889739850536,142.20709598157555
33,0,0,3,6,0,4,32,93.69826293550432,111.85289698187262,1615.280564990826,673.1464000185952
4,0,0,1,0,0,1,0,105.140530038625,106.63610196206719,67.73048406466842,34.25042098388076
17,0,0,2,1,0,1,1,34.307911060750484,47.3277730634436,287.0372619945556,172.74542397353798
40,0,0,4,6,0,3,1,122.116754995659,162.6851650653407,1561.9544860674068,558.9118449715897
25,0,0,1,4,0,4,3,63.53091704659164,77.3518260102719,331.2929189996794,143.428442068398
18,0,0,4,3,0,4,62,68.44703003298491,91.79662296082824,2294.9730150867254,1073.3552100136876
33,0,0,2,6,0,3,1,70.52048190962523,83.62564002163708,779.027667012997,321.6898499522358
39,0,0,7,7,0,4,368,297.51432593911886,302.039192058146,10382.451731013134,3982.437801081687
27,0,0,3,5,0,3,1,159.05425301752985,197.3310220055282,685.3728060377762,275.45538102276623
82,0,0,4,16,0,4,1,40.15928599983454,42.429905966855586,4490.1577909477055,1144.2415749188513
34,0,0,2,4,0,3,1,88.78826501313597,90.37364006508142,657.5753079960123,281.05473704636097
39,0,0,3,6,0,3,1,110.57934805285186,163.65713602863252,764.6247519878671,298.10668900609016
37,0,0,0,5,0,3,1,39.38253491651267,41.05494299437851,107.003593002446,63.71017300989479
36,0,0,5,3,0,3,3,71.9117010012269,85.32962098252028,5246.013703057542,2297.664273995906
12,0,0,0,3,0,3,43,64.67468990013003,42.10687894374132,101.52242402546108,39.83923501800746
12,0,0,2,1,0,1,3,65.88159606326371,91.44074097275734,594.9819430243224,299.61719608400017
37,0,0,7,3,0,3,0,82.70330203231424,95.14814696740359,16659.467589925043,7189.154308987781
38,0,0,6,7,0,4,3,139.73485492169857,127.71460297517478,5245.853946078569,1578.2075230963528
10,0,0,1,3,0,4,3830,10.786487022414804,13.069930020719767,249.07043494749814,153.54821900837123
6,0,0,1,1,0,2,319,39.33402802795172,52.02047503553331,138.747920980677,84.57018795888871
31,0,0,3,4,0,3,1,109.41992804873735,156.35744598694146,639.6387809654698,288.5137789417058
1,0,0,0,0,0,0,2490,27.604063041508198,38.1295969709754,91.73458500299603,63.51330003235489
37,0,0,3,7,0,4,1,77.11567694786936,93.56710501015186,1486.0642530256882,539.6321500884369
3,0,0,0,0,0,0,2490,31.44981898367405,43.847566936165094,97.40525996312499,72.74236797820777
53,0,0,1,10,0,3,1,68.5690640239045,82.00103498529643,463.50106899626553,143.20522802881896
24,0,0,2,4,0,3,41,78.35725496988744,85.82396304700524,730.8698440901935,293.3554369956255
30,0,0,0,3,0,2,1,68.77625198103487,86.00743697024882,185.91527803801,73.85013403836638
76,0,0,1,13,0,3,1,65.6341640278697,80.08110895752907,518.6555229593068,144.48128500953317
38,0,0,6,7,0,4,0,102.28466289117932,153.58613803982735,5022.369643906131,2025.1498349243775
31,0,0,1,5,0,4,10,77.59444694966078,80.76330705080181,391.61854900885373,149.76965100504458
31,0,0,2,5,0,3,1,68.41838790569454,83.4274529479444,724.6755140367895,280.8082450646907
34,0,0,1,5,0,3,1,54.75729191675782,75.99668006878346,348.3983459882438,138.71873391326517
34,0,0,4,6,0,4,659,101.62386298179626,145.85468696895987,2623.731824103743,557.7782390173525
21,0,0,1,2,0,1,1,77.08052196539938,103.584174066782,293.0327469948679,92.8299380466342
17,0,0,1,3,0,3,0,85.03194199874997,78.2221999252215,346.87073598615825,129.9457559362054
24,0,0,1,4,0,3,44,39.456003927625716,61.89888797234744,387.03383097890764,156.88491601031274
15,0,0,4,2,0,3,1101,218.29760097898543,407.17437700368464,1124.7293120250106,493.2500639697537
32,0,0,1,7,0,3,1,70.67080703563988,84.23364709597081,389.0798620413989,139.4343259744346
83,0,0,8,16,0,4,1,375.39232207927853,357.5407359749079,21540.035312063992,3743.0492169223726
37,0,0,3,7,0,3,0,66.82292395271361,79.39648500178009,698.8732080208138,280.72702896315604
2,0,0,1,0,0,1,3830,12.26430106908083,14.28682601545006,64.78307105135173,64.64114401023835
9,0,0,1,0,0,1,5,53.569923038594425,75.48458699602634,274.922791053541,138.70870100799948
5,0,0,1,1,0,2,3830,10.84693695884198,13.012981973588467,124.47529193013906,91.24146297108382
20,0,0,5,3,0,4,907,100.73544702026993,144.759513088502,2204.5962819829583,1059.9892099853605
61,0,0,4,12,0,4,1,96.02503990754485,105.57435895316303,2926.7598080914468,1110.450059059076
35,0,0,3,7,0,4,2,119.20635402202606,162.84455300774425,737.676543998532,284.0612099971622
39,0,0,3,7,0,4,4,79.89632699172944,143.00390100106597,1694.5318049984053,652.1405129460618
23,0,0,1,3,0,3,9,72.8754069423303,89.95167003013194,341.24893601983786,137.9391240188852
27,0,0,1,1,0,1,2,55.35186699125916,75.94703498762101,316.08958600554615,138.4776319609955
16,0,0,1,3,0,3,176,68.99866298772395,88.57368398457766,308.9371289825067,141.18964492809027
36,0,0,4,4,0,3,1,87.1035079471767,88.92807504162192,2425.784477032721,858.3196010440588
6,0,0,3,0,0,1,3830,19.035097095184028,24.983708979561925,164.6731629734859,118.79878398030996
65,0,0,2,11,0,3,1,71.41129299998283,85.65077092498541,969.5837260223925,281.7426370456815
34,0,0,3,5,0,3,1,91.34953795000911,93.78828597255051,1595.3105599619448,605.0018880050629
33,0,0,3,6,0,4,1,79.22566391061991,87.31692598666996,724.4042120873928,288.333707023412
50,0,0,2,10,0,4,4,80.06408298388124,90.82635096274316,906.8977680290118,289.7596729453653
27,0,0,1,6,0,3,1,75.02882194239646,88.70925998780876,181.64015805814415,75.54154295939952
34,0,0,2,4,0,3,1,71.14092295523733,86.34747902397066,704.7963479999453,277.47640502639115
28,0,0,4,4,0,3,0,101.39874590095133,151.66873997077346,1266.5602249326184,519.2047039745376
23,0,0,1,1,0,1,1,54.075061925686896,75.81491605378687,309.0476889628917,138.9746400527656
3,0,0,1,0,0,1,3830,21.32628799881786,29.392666066996753,69.39826102461666,68.1087140692398
20,0,0,1,2,0,3,0,58.16107999999076,83.73121405020356,332.59213296696544,158.08400604873896
29,0,0,2,6,0,4,1,73.27227806672454,88.02283694967628,640.0137899909168,214.43511708639562
10,0,0,4,0,0,1,2490,42.94290707912296,63.426597975194454,1429.0045889792964,725.5429859505966
31,0,0,2,4,0,3,2,62.69364897161722,81.95059094578028,721.9689849298447,298.25999995227903
12,0,0,3,2,0,3,0,50.48274400178343,71.50808104779571,535.3485939558595,252.21809197682887
22,0,0,1,4,0,3,3,70.15661208424717,83.95498804748058,264.82343999668956,71.10390299931169
69,0,0,6,13,0,4,1,81.72865596134216,93.30746601335704,15231.190730002709,4221.893033012748
34,0,0,2,4,0,3,1,33.29984692391008,43.46762993372977,536.3765100482851,290.6627031043172
21,0,0,1,2,0,3,58,60.449904995039105,41.055056964978576,175.59171200264245,74.02380497660488
19,0,0,3,2,0,3,68,59.797548106871545,85.13177593704313,1123.9155440125614,521.9429460121319
29,0,0,2,4,0,3,1,82.20327005255967,96.73618292436004,771.2009439710528,296.7776639852673
54,0,0,5,4,0,3,1,69.58682101685554,85.33223497215658,6136.90217002295,1916.9803869444877
32,0,0,1,6,0,3,3,132.6670520938933,168.96650905255228,214.19294306542724,75.07276604883373
28,0,0,2,2,0,2,2,58.6438300088048,81.63801790215075,687.9949730355293,164.97302101925015
43,0,0,3,5,0,4,1,78.61174596473575,87.40790991578251,1406.7325639771298,504.0560259949416
8,0,0,1,1,0,2,1951,44.23143505118787,58.297832030802965,238.75808902084827,130.52190898451954
27,0,0,3,5,0,3,1,183.5470930673182,255.9569999575615,736.2364530563354,277.2332619642839
40,0,0,5,7,0,4,2,91.92671906203032,99.46105803828686,3960.226378054358,1608.1461830763146
30,0,0,4,2,0,2,1,31.74114797729999,42.591880075633526,2292.8642940241843,1044.2886899691075
72,0,0,5,13,0,4,1,91.5130419889465,95.89007298927754,7021.400169935077,2244.0651929937303
3,0,0,1,0,0,1,3830,20.978842047043145,29.48578493669629,69.35830903239548,67.39233899861574
30,0,0,3,4,0,3,1,63.56095301453024,82.01348397415131,1411.7203060304746,581.0969059821218
25,0,0,5,3,0,3,26,35.857902956195176,44.192326022312045,1883.3820609143004,830.57195704896
12,0,0,1,1,0,3,182,35.03395908046514,46.952466014772654,83.49456102587283,42.48106305021793
45,0,0,3,6,0,4,1,56.856908951886,81.86618390027434,1487.7285120310262,531.3694140641019
8,0,0,2,1,0,2,0,116.21411005035043,156.55019390396774,288.21443708147854,138.54089798405766
4,0,0,1,0,0,1,2320,38.06804399937391,59.0776929166168,172.96818597242236,121.98018503841013
15,0,0,1,3,0,3,303,69.82499698642641,91.2766510155052,307.2276449529454,143.44682602677494
24,0,0,3,4,0,4,49,52.48291208408773,58.057575952261686,648.6362079158425,427.65399999916553
30,0,0,4,2,0,2,0,58.781380066648126,83.3509360672906,2717.1582060400397,1166.6740090586245
8,0,0,2,1,0,2,319,134.37199301552027,195.354784023948,309.4080180162564,184.07703191041946
15,0,0,2,1,0,2,112,64.1689240001142,79.55075998324901,308.85113507974893,140.48000203911215
25,0,0,2,3,0,2,13,64.14265197236091,80.40219091344625,669.0729031106457,165.2357600396499
75,0,0,2,10,0,3,1,64.23153099603951,81.83329598978162,905.3604979999363,293.10379398521036
49,0,0,2,8,0,3,1,60.283147962763906,86.26916899811476,548.5708479536697,146.26892691012472
35,0,0,4,5,0,3,1,66.8114050058648,81.11178502440453,2839.202626957558,1096.4184269541875
28,0,0,1,5,0,3,1,33.85106893256307,42.84113796893507,193.96945007611066,72.41825701203197
23,0,0,1,0,0,1,2,59.469698928296566,86.53177693486214,313.42288409359753,151.66024991776794
7,0,0,2,1,0,2,3830,35.89043696410954,39.151060045696795,177.1917820442468,126.322450931184
25,0,0,7,3,0,4,3062,310.9222510829568,367.945573059842,6824.826983967796,4005.6345380144194
23,0,0,5,3,0,5,149,73.0803309706971,88.50439894013107,1452.3579800734296,775.9317780146375
37,0,0,4,5,0,3,3,35.01190594397485,41.99068190064281,1394.7378030279651,572.9163900250569
38,0,0,2,3,0,2,1,80.35732596181333,92.27987402118742,747.758514015004,291.4517860626802
15,0,0,6,1,0,3,1492,180.57788198348135,262.08419003523886,2932.664304971695,1054.4022569665685
37,0,0,1,6,0,3,1,68.72537604067475,83.74306198675185,323.7460940144956,72.01403903309256
25,0,0,2,3,0,2,2,66.74391904380172,81.51528507005423,682.2316040052101,282.49890299048275
21,0,0,3,4,0,3,15,112.63741797301918,141.69126900378615,1239.508503000252,474.9995620222762
39,0,0,3,4,0,3,1,62.28623795323074,85.46911901794374,1452.6098880451173,427.81225498765707
43,0,0,1,6,0,3,1,58.161798981018364,81.21998398564756,398.6394029343501,150.64124995842576
85,0,0,7,16,0,4,1,81.81087695993483,88.57602498028427,14024.153725942597,4533.590235048905
16,0,0,4,2,0,2,2583,195.47636003699154,270.4639449948445,626.0509770363569,578.3991320058703
7,0,0,2,1,0,2,1031,94.01387895923108,136.31986803375185,231.62167496047914,127.24857300054282
33,0,0,5,6,0,4,1,121.19745800737292,162.86508599296212,736.8095290148631,278.8109889952466
31,0,0,3,4,0,3,3,80.10088198352605,90.67584807053208,1547.4300850182772,585.2575319586322
25,0,0,1,3,0,2,1,59.779149014502764,80.5522910086438,350.4094840027392,150.54116991814226
28,0,0,3,5,0,4,10,87.04494591802359,96.93258802872151,1281.6820349544287,283.55323197320104
38,0,0,6,7,0,4,0,88.50949397310615,192.52511602826416,5630.7084009749815,2175.5612390115857
19,0,0,1,4,0,3,9,175.7239350117743,116.4131029509008,573.0052010621876,158.49291603080928
22,0,0,4,3,0,3,236,86.03824698366225,104.01650203857571,1865.1971869403496,1007.0440199924633
13,0,0,1,2,0,2,72,54.21546008437872,75.46574110165238,289.42755493335426,137.9789758939296
13,0,0,2,3,0,5,907,51.1688549304381,67.32182600535452,416.9331779703498,206.81976806372404
15,0,0,1,0,0,1,3,55.89729396160692,81.37555804569274,300.6807550555095,151.21428796555847
16,0,0,0,2,0,3,137,66.93755998276174,82.94540597125888,170.28733796905726,81.07507403474301
41,0,0,1,7,0,3,1,71.26971299294382,85.11818398255855,384.87953308504075,134.2887309147045
27,0,0,2,4,0,3,0,79.20634897891432,87.9715170012787,692.2342679463327,278.83101906627417
37,0,0,6,3,0,2,0,51.29026097711176,76.09412504825741,4742.071141954511,1373.0938989901915
30,0,0,1,3,0,3,2,69.38989693298936,84.47855699341744,369.6604639990255,149.1469549946487
17,0,0,3,2,0,3,1031,62.72586598061025,83.58369907364249,1093.8511620042846,536.7269440321252
9,0,0,2,1,0,1,570,81.82485296856612,139.00959689635783,269.9029539944604,131.5085970563814
55,0,0,3,5,0,3,1,78.41557706706226,81.48317190352827,1157.4073008960113,285.9803499886766
21,0,0,0,3,0,3,5,145.57050203438848,88.71054498013109,264.7127900272608,86.81938098743558
6,0,0,1,1,0,1,1031,28.750956058502197,53.961990983225405,229.40421605017036,125.78055099584162
6,0,0,3,0,0,1,3830,19.004798959940672,24.746417067945004,328.5765430191532,197.78362300712615
4,0,0,1,0,0,1,2490,55.19196100067347,80.31744102481753,96.5704940026626,72.55686400458217
29,0,0,4,5,0,3,0,117.06696299370378,169.01077993679792,1249.6520809363574,452.389255980961
20,0,0,0,2,0,3,0,66.08869903720915,81.13788906484842,177.39150195848197,75.99923899397254
25,0,0,2,3,0,3,1,58.415950974449515,83.06939899921417,682.5660939794034,306.0897310497239
41,0,0,1,7,0,3,1,66.20790506713092,85.25939099490643,385.00252296216786,139.7848209599033
36,0,0,7,3,0,3,0,240.05637899972498,256.7250590072945,4824.809819925576,1523.0022899340838
40,0,0,9,3,0,2,4,80.91646002139896,99.9518899479881,60000.0,34126.021201955155
30,0,0,2,6,0,3,1,68.33870592527092,85.60544101055712,780.6817049859092,296.7655799584463
32,0,0,1,7,0,3,2,34.255284001119435,39.76539091672748,379.5099590206519,142.88399799261242
31,0,0,3,6,0,3,1,122.40754801314324,168.25244203209877,729.8733540810645,279.5676779933274
39,0,0,2,5,0,3,1,70.6214610254392,82.0785170653835,769.3586779059842,279.6445769490674
25,0,0,1,2,0,1,1,68.17469594534487,84.91801505442709,315.98908395972103,135.9426830895245
21,0,0,1,2,0,3,72,66.10936811193824,88.46808003727347,330.91944898478687,153.02265994250774
21,0,0,3,2,0,2,13,81.65497903246433,92.88779401686043,1465.3190709650517,578.3570919884369
31,0,0,2,4,0,3,1,63.35635797586292,82.57873309776187,710.7574850087985,295.3764559933916
25,0,0,3,4,0,3,4,189.19265095610172,105.44778499752283,1736.7751529673114,605.5532220052555
85,0,0,7,16,0,4,1,48.08172001503408,52.9974140226841,29071.426615002565,8470.007328083739
48,0,0,3,9,0,4,2,82.403899054043,92.27015008218586,1552.1068890811875,278.19862694013864
46,0,0,1,10,0,4,1,82.40796194877476,91.23527398332953,458.42047594487667,148.88577198144048
50,0,0,1,8,0,3,0,67.37844203598797,80.31118998769671,448.3777870191261,152.91034209076315
15,0,0,1,1,0,1,1,28.393618064001203,41.46545298863202,143.3630760293454,69.1069399472326
37,0,0,2,4,0,3,1,67.72055709734559,80.4970549652353,762.3400929151103,291.4949229452759
22,0,0,3,3,0,3,0,118.8413449563086,158.60618802253157,679.5382070122287,279.16552196256816
37,0,0,2,6,0,3,1,41.73223697580397,86.99406695086509,745.4451599624008,267.6304610213265
9,0,0,3,1,0,2,3830,17.973164096474648,19.976551993750036,351.57423093914986,129.39336302224547
23,0,0,0,2,0,3,18,57.884229929186404,80.92706801835448,170.036697993055,76.92022109404206
18,0,0,1,3,0,3,61,64.57484804559499,79.47158301249146,175.87920697405934,89.82583601027727
19,0,0,0,4,0,3,11,51.464050891809165,94.09656189382076,205.45474509708583,78.15744599793106
6,0,0,0,0,0,0,0,51.17473693098873,75.06238401401788,138.27015494462103,69.93262900505215
33,0,0,3,6,0,4,1,79.30274505633861,89.66371905989945,1467.751560965553,574.2534250020981
20,0,0,1,3,0,3,1,71.21871900744736,86.43957495223731,329.32321494445205,140.79574402421713
2,0,0,0,0,0,0,3830,16.08162501361221,20.08425898384303,69.59880609065294,68.91751394141465
20,0,0,1,3,0,3,2,77.80240196734667,92.5430910428986,383.9580309577286,160.8190080150962
8,0,0,2,1,0,3,3830,10.67490701097995,12.926800991408527,213.82802503649145,149.43246403709054
35,0,0,3,4,0,3,1,118.60757693648338,165.7148119993508,708.183026057668,282.4921819847077
32,0,0,1,4,0,3,1,79.00580193381757,82.48182898387313,341.6266469284892,149.74830904975533
32,0,0,2,6,0,3,1,144.42747202701867,91.56648896168917,1110.9461219748482,313.1808319594711
5,0,0,2,0,0,1,1951,42.55279200151563,61.82483909651637,402.07015397027135,119.54064993187785
12,0,0,1,2,0,2,1,52.3926509777084,76.91672106739134,291.7472089175135,138.7021120171994
32,0,0,4,6,0,3,1,119.3619460100308,161.71967901755124,1465.5715379631147,559.010918950662
11,0,0,1,1,0,3,265,83.77840695902705,108.35206496994942,305.77078100759536,181.87267798930407
23,0,0,5,3,0,3,335,44.06504100188613,55.35861395765096,4476.631578989327,2003.3366420539096
38,0,0,7,3,0,2,0,104.3369899271056,154.351209057495,8756.188174942508,3189.651145017706
43,0,0,3,4,0,3,1,67.46415700763464,88.98798807058483,1425.7870599394664,542.3696769867092
14,0,0,3,2,0,4,0,307.80833400785923,356.2698309542611,645.9655549842864,311.17400305811316
39,0,0,3,6,0,4,2,64.63848194107413,86.79317298810929,717.8932550596073,272.32616301625967
38,0,0,4,6,0,3,0,29.165039071813226,40.843994938768446,2363.0408389726654,491.25643295701593
17,0,0,4,1,0,2,0,183.22907690890133,285.87849403265864,1383.3148380508646,761.5515530342236
85,0,0,7,16,0,4,1,81.99928910471499,87.77378406375647,14649.938023998402,2763.644332997501
59,0,0,1,10,0,3,1,64.30435494985431,78.69192794896662,346.9752409728244,71.20745303109288
32,0,0,1,6,0,3,3,71.12201408017427,170.78729602508247,218.57774700038135,75.07155300118029
7,0,0,1,1,0,1,331,88.78153096884489,130.11033996008337,311.64816208183765,187.40785401314497
37,0,0,3,7,0,4,0,64.02325199451298,80.3039560560137,388.30775290261954,142.81023805961013
35,0,0,2,5,0,3,1,36.56248899642378,42.58696793112904,389.5006829407066,308.4195359842852
10,0,0,4,0,0,1,0,65.5704119708389,94.74929503630847,2117.6871940260753,1054.1416460182518
35,0,0,4,3,0,2,1,72.81409297138453,87.37555798143148,2736.634191009216,746.1434330325574
5,0,0,0,0,0,0,818,25.15820204280317,33.829931053332984,63.54599702171981,36.352135008201
27,0,0,2,5,0,3,1,67.51584296580404,87.34223002102226,700.6201220210642,289.5441580330953
41,0,0,2,8,0,4,4,81.97669696528465,94.61724909488112,802.9636110877618,288.24029793031514
26,0,0,1,2,0,2,2,29.340198962017894,40.39667604956776,173.22474298998713,150.0475329812616
21,0,0,1,2,0,1,1,75.50090900622308,103.24678907636553,379.9145109951496,190.13927306514233
22,0,0,0,3,0,3,0,58.689969941042364,82.08072709385306,175.80805497709662,76.54789998196065
1,0,0,0,0,0,0,3830,11.04633801151067,13.375968090258539,64.19501802884042,64.21407603193074
36,0,0,1,7,0,3,1,68.50510800722986,85.04447201266885,413.95794099662453,148.5002359841019
44,0,0,2,3,0,3,1,56.810267036780715,82.20278390217572,737.2381810564548,302.5604949798435
70,0,0,2,10,0,3,1,81.66217792313546,88.66660902276635,1370.4312189947814,140.70900797378272
16,0,0,2,2,0,3,538,60.63955498393625,80.6411849334836,324.8060370096937,159.8148150369525
30,0,0,4,5,0,3,2,80.3007980575785,90.47412709333003,3151.708166929893,1166.4957819739357
12,0,0,4,1,0,2,1492,177.04481608234346,260.75443800073117,996.2234600679949,321.6849130112678
26,0,0,1,4,0,3,1,67.42490199394524,83.95311096683145,374.4823179440573,147.5516970967874
34,0,0,4,5,0,3,4,86.67562599293888,95.96999397035688,2765.272733056918,958.6452429648489
40,0,0,1,6,0,4,1,57.059932965785265,80.65962605178356,229.05000299215317,111.87712103128433
19,0,0,0,3,0,3,29,77.19422096852213,86.14052797202021,184.61444799322635,75.09360602125525
36,0,0,7,3,0,3,2,69.43702499847859,86.65060100611299,17589.22597800847,8406.475997995585
13,0,0,2,1,0,1,26,79.98070504982024,176.7959709977731,285.74451396707445,134.2932810075581
15,0,0,4,1,0,3,3830,11.588115943595767,14.707140973769128,626.1749640107155,397.8512519970536
85,0,0,7,16,0,4,1,79.33869503904134,84.96050897520036,32385.324005037546,9189.575838041492
1,0,0,0,0,0,0,3830,11.134664993733168,13.104616082273424,58.24602593202144,31.785344006493688
15,0,0,4,1,0,2,1417,51.7170880921185,73.94272997044027,1761.7342199664563,861.7944030556828
26,0,0,2,3,0,2,3,65.89438498485833,81.33034489583224,548.1841149739921,283.1449810182676
29,0,0,2,3,0,3,3,130.48308400902897,159.6918919822201,380.50252106040716,147.8444749955088
32,0,0,3,1,0,2,1,60.6204291107133,80.35294199362397,322.4842919735238,137.91236304678023
11,0,0,0,2,0,1,71,83.20751902647316,96.09461401123554,177.60752409230918,91.96945989970118
41,0,0,2,5,0,4,1,79.55348992254585,88.82738708052784,418.0641990387812,147.40936004091054
22,0,0,2,2,0,3,49,60.63724507112056,88.39979395270348,627.5702100247145,284.04807404149324
37,0,0,1,4,0,3,1,52.82548104878515,75.51510294433683,354.4240090996027,136.27819600515068
6,0,0,1,1,0,1,1031,55.06920104380697,77.05455704126507,222.6134609663859,124.01925900485367
18,0,0,2,3,0,3,12,137.911893078126,181.38442398048937,386.5067169535905,187.94776999857277
23,0,0,1,3,0,2,1,63.093484030105174,84.7857950720936,341.83016302995384,149.38294200692326
52,0,0,2,8,0,4,1,63.185299979522824,82.0752049330622,831.7638239823282,293.82568690925837
13,0,0,2,1,0,2,542,66.15728698670864,94.44861102383584,600.2600470092148,351.78456804715097
29,0,0,4,4,0,4,6,71.84824801515788,81.48316806182265,710.272668977268,278.85938598774374
25,0,0,2,3,0,3,61,68.94264998845756,85.53029305767268,686.1597020179033,302.13754100259393
44,0,0,1,8,0,3,1,80.99214104004204,88.58840703032911,450.1170970033854,144.84320289921016
36,0,0,1,7,0,3,1,74.59657301660627,86.84479701332748,377.1759100491181,134.68796701636165
43,0,0,2,7,0,3,1,69.98880906030536,83.38199404533952,820.3137349337339,280.35765304230154
33,0,0,1,5,0,4,2,64.3046370241791,84.0414899867028,368.7144930008799,150.42989200446755
25,0,0,2,4,0,4,207,415.63508403487504,363.20640495978296,471.2067999644205,163.09837193693966
4,0,0,0,1,0,1,442,116.9307759264484,150.76451399363577,122.1433769678697,89.6913300966844
8,0,0,1,2,0,2,2583,98.81635697092861,135.33690304029733,164.7206919733435,103.4132259665057
22,0,0,2,3,0,4,7,83.47373607102782,104.13784498814493,700.5438288906589,343.9985780278221
2,0,0,1,0,0,1,3830,6.015854072757065,6.729221902787685,55.82145298831165,67.43850791826844
18,0,0,2,1,0,3,48,143.6807969585061,183.61973902210593,320.69715892430395,160.38100991863757
32,0,0,2,5,0,3,1,77.76297000236809,85.71368595585227,739.6011229138821,142.5531579880044
36,0,0,6,6,0,5,44,84.90700996480882,96.45858709700406,2528.6968059372157,1084.1105680447072
42,0,0,2,5,0,3,1,34.90659792441875,40.79837503377348,428.9004789898172,143.63477402366698
3,0,0,1,0,0,1,3062,34.49706605169922,48.147888970561326,147.31317898258567,102.07625094335526
24,0,0,1,4,0,3,1,73.00642691552639,90.21123696584255,345.615717000328,137.85719801671803
8,0,0,3,1,0,2,3830,9.479403961449862,11.827052920125425,193.97794199176133,110.99261592607945
22,0,0,1,3,0,2,1,39.77323602885008,42.92440495919436,170.80896091647446,128.1524479854852
14,0,0,0,4,0,3,29,88.37098604999483,89.99487396795303,189.52054099645466,86.27000206615776
33,0,0,2,6,0,3,1,132.42805702611804,85.89823008514941,206.4081090502441,72.42847501765937
64,0,0,3,7,0,3,1,30.04011802840978,78.02198291756213,1218.010418000631,268.49306002259254
57,0,0,2,6,0,3,1,30.687000951729715,40.23533395957202,507.7251079492271,145.56469907984138
15,0,0,2,2,0,3,0,28.431101934984326,39.35143898706883,600.5609090207145,260.2060290519148
24,0,0,6,3,0,3,1978,319.7249569930136,393.92993692308664,4682.075207005255,1747.1786479000002
31,0,0,7,2,0,3,3,69.52909007668495,86.39886602759361,8671.094175078906,4272.791255963966
9,0,0,1,2,0,4,3830,10.796355083584785,12.728476081974804,213.90051394701004,156.73234895803034
4,0,0,0,1,0,1,334,77.67641602549702,105.6166960624978,157.14339702390134,51.51866399683058
39,0,0,2,8,0,4,0,93.11157208867371,91.17073996458203,444.1887780558318,153.15064799506217
84,0,0,6,16,0,4,1,80.08528198115528,89.71672807820141,15178.412804030813,4542.851428035647
17,0,0,3,3,0,3,2875,209.0016109868884,295.1654529897496,572.7369419764727,273.0778199620545
15,0,0,3,1,0,1,1,52.20906401518732,76.10269798897207,1129.3675900669768,540.2226069709286
62,0,0,4,10,0,3,1,90.79092100728303,96.34901897516102,3538.1517409114167,1020.3272000653669
28,0,0,3,5,0,3,9,72.504744050093,85.56445699650794,1429.221372003667,554.2886920738965
4,0,0,1,0,0,1,3830,21.07936900574714,27.50443189870566,120.02354604192078,95.05473496392369
17,0,0,4,2,0,4,3062,169.32157799601555,187.80075991526246,1380.09113795124,271.3980070548132
5,0,0,1,0,0,1,1488,22.772501106373966,31.801601988263428,140.80776495393366,115.13932200614363
19,0,0,2,0,0,1,43,60.069123981520534,86.9027649750933,573.3539300272241,271.88318502157927
32,0,0,2,4,0,3,1,60.56025507859886,83.53365305811167,725.4792290041223,296.461635036394
15,0,0,5,2,0,3,643,310.90768589638174,377.41994007956237,1376.4425920089707,621.236216975376
50,0,0,5,9,0,4,14,135.64333494286984,173.41075802687556,2195.7782469689846,1138.3562120608985
43,0,0,3,1,0,2,1,88.16265396308154,128.53923509828746,862.62556607835,445.48279291484505
8,0,0,4,0,0,1,3830,21.513407002203166,28.601097990758717,499.5455389143899,285.6394700938836
40,0,0,3,6,0,3,1,64.86844806931913,82.34434598125517,1197.5345709361136,565.7687819330022
34,0,0,1,5,0,3,1,34.14292796514928,42.565907002426684,197.24502007011324,75.9471959900111
30,0,0,2,5,0,4,12,60.11508498340845,85.08438104763627,672.1025109291077,298.0875800130889
40,0,0,1,7,0,3,1,67.75155302602798,81.55770297162235,410.48593702726066,148.04126403760165
7,0,0,2,0,0,1,1488,45.974851003848016,66.69395393691957,389.43450106307864,209.1425460530445
31,0,0,1,3,0,2,1,52.71600198466331,38.18396094720811,318.1611399631947,145.03626700025052
31,0,0,1,5,0,3,1,64.06794500071555,81.88570407219231,373.9312889520079,145.196100929752
24,0,0,8,0,0,1,0,77.60318799410015,114.09495794214308,33202.976319007576,12336.41947293654
29,0,0,5,4,0,3,7,101.19753400795162,123.86104499455541,2293.265054002404,966.4425660157576
5,0,0,0,0,0,0,939,23.745812010020018,32.810408039949834,61.92795094102621,37.28670394048095
6,0,0,1,0,0,1,176,51.12757196184248,73.08470900170505,258.55979800689965,131.55811210162938
21,0,0,0,5,0,3,2,122.2981580067426,83.9755249908194,162.29974396992475,36.171200103126466
15,0,0,0,3,0,3,217,34.62451393716037,41.13193799275905,139.53515305183828,81.7325710086152
10,0,0,0,3,0,3,152,68.60904209315777,92.78057992924005,165.92491907067597,86.6554279346019
5,0,0,2,0,0,1,1951,42.899049003608525,61.060879030264914,402.04374899622053,208.10126198921353
22,0,0,2,3,0,3,0,55.586959002539515,80.07004100363702,614.7370430408046,264.3231119727716
22,0,0,4,3,0,4,0,53.56856994330883,56.57130596227944,1202.6920709758997,511.11627207137644
33,0,0,1,6,0,3,1,78.21650500409305,83.25261704158038,416.72025399748236,147.2725860076025
59,0,0,4,11,0,4,1,72.50633300282061,89.5823419559747,3467.7263899939135,557.0255380589515
24,0,0,1,4,0,4,2,64.91451791953295,80.09685494471341,178.69368789251894,40.2830169769004
23,0,0,2,4,0,3,140,93.44753995537758,96.21520398650318,717.6542009692639,296.0646810242906
27,0,0,2,5,0,3,1,73.57173098716885,88.91665004193783,685.6943579623476,266.2302100798115
36,0,0,1,5,0,3,1,66.92393601406366,82.65468699391931,362.7526790369302,134.76366002578288
38,0,0,7,5,0,4,38,37.40977495908737,47.10623400751501,20774.06362700276,7610.362893086858
32,0,0,3,3,0,2,2,58.23796498589218,58.751548058353364,1286.7822310654446,589.4775509368628
8,0,0,2,0,0,1,1062,99.69427599571645,148.1771320104599,250.66054007038474,126.53998995665461
4,0,0,0,1,0,1,352,119.03887602966279,152.85245794802904,122.54487606696784,89.06116196885705
26,0,0,0,5,0,3,1,118.07773599866778,78.37847096379846,272.62944693211466,73.3619499951601
24,0,0,3,2,0,3,200,232.76004497893155,238.61875501461327,902.9287350131199,339.04215204529464
36,0,0,2,7,0,4,3,36.79221903439611,43.889925931580365,576.756822061725,278.1116460682824
37,0,0,1,3,0,2,1,61.87280092854053,83.74280598945916,367.2968599712476,148.34099099971354
24,0,0,2,1,0,1,1,52.62203305028379,76.29265508148819,604.8193300375715,272.4520000629127
27,0,0,1,4,0,3,15,58.53659298736602,85.30734293162823,359.25820108968765,152.67022303305566
5,0,0,2,0,0,1,0,103.47504203673452,153.14439905341715,259.3674120726064,131.36383809614927
39,0,0,7,7,0,4,17,63.08432901278138,82.5630989857018,5172.03614290338,2065.806132974103
15,0,0,6,1,0,3,1492,135.8129169093445,200.57232701219618,2674.554624943994,954.7002409817651
27,0,0,2,5,0,4,49,80.23106795735657,89.293233002536,702.5390530470759,298.20377903524786
37,0,0,2,5,0,3,1,62.23491404671222,80.87761094793677,567.9520720150322,235.32698990311474
25,0,0,4,2,0,4,132,76.40418503433466,100.67332803737372,2468.613945064135,929.8417150275782
33,0,0,1,5,0,3,1,70.86860400158912,87.20847906079143,379.45417198352516,141.41763094812632
29,0,0,3,4,0,3,1,89.7888169856742,89.26439797505736,1420.8856270415708,510.8306190231815
25,0,0,6,2,0,3,93,160.06601799745113,192.94084305875003,4172.84727410879,2108.3110690815374
77,0,0,8,13,0,4,1,81.47213398478925,88.58351805247366,57645.4959360417,16242.529758950695
35,0,0,5,5,0,4,0,427.7337989769876,192.88778793998063,2129.112309892662,583.8093790225685
19,0,0,2,2,0,2,22,194.90031397435814,199.77496296633035,366.19474296458066,144.82759195379913
4,0,0,1,0,0,1,0,104.52277096919715,157.6418379554525,143.34643597248942,75.97116602119058
19,0,0,4,3,0,4,845,199.71268402878195,221.55629098415375,533.3684840006754,389.5940521033481
36,0,0,5,3,0,3,2,85.5563449440524,95.752939931117,4004.2312419973314,1888.4062729775906
14,0,0,5,1,0,3,1026,234.13966805674136,282.7404559357092,1020.1575449900702,476.3676170259714
6,0,0,1,0,0,1,899,96.79554391186684,141.6166729759425,129.1222560685128,94.8856920003891
6,0,0,1,1,0,2,1031,27.102443971671164,36.089935107156634,65.25454798247665,39.419436012394726
61,0,0,1,8,0,3,1,66.71653303783387,82.11991598363966,465.05729702766985,148.74322398100048
51,0,0,2,11,0,3,1,67.4945650389418,88.4337299503386,857.481047976762,256.1436980031431
12,0,0,2,1,0,1,212,64.89622499793768,82.31020392850041,543.6556069180369,198.40179092716426
11,0,0,1,2,0,3,994,124.09210193436593,137.96338997781277,399.5244849938899,183.23794391471893
16,0,0,2,2,0,3,46,71.23830798082054,88.24159996584058,310.4640090605244,146.5432420372963
28,0,0,1,4,0,3,1,31.919239088892937,39.14740006439388,301.09093396458775,142.48203800525516
52,0,0,2,6,0,3,1,64.34304593130946,83.4916359744966,668.5530849499628,295.7499480107799
49,0,0,2,8,0,3,1,33.56734209228307,40.15861905645579,848.0231380090117,293.9375600544736
23,0,0,2,3,0,3,1,71.88178703654557,85.9571440378204,651.2066889554262,286.40684206038713
63,0,0,3,3,0,3,1,30.972803011536598,42.51357598695904,1529.9723399803042,596.2914649862796
22,0,0,2,4,0,3,1,79.16045596357435,96.77697601728141,378.87796002905816,159.45755201391876
30,0,0,3,5,0,3,1,119.52105804812163,162.20080899074674,731.3392849173397,281.86436789110303
31,0,0,7,4,0,4,10,209.48305795900524,292.10586403496563,11377.839967957698,4008.062514010817
21,0,0,4,1,0,1,128,148.1645159656182,206.61344402469695,1431.7878349684179,788.4117080830038
25,0,0,4,2,0,3,2,74.25867801066488,47.38339898176491,2090.8088920405135,1050.8051930228248
23,0,0,3,2,0,4,44,57.77092999778688,81.02517202496529,1192.124202963896,559.0597999980673
32,0,0,3,7,0,3,1,50.09846203029156,69.7058339137584,690.278111025691,249.1575200110674
32,0,0,2,5,0,3,1,115.79637392424047,165.98681407049298,401.39837795868516,149.24696797970682
1,0,0,0,0,0,0,3830,11.170079931616783,13.016668031923473,64.89783001597971,64.418901107274
25,0,0,1,4,0,3,1,70.97328291274607,86.5447010146454,352.62932896148413,144.44103802088648
28,0,0,3,5,0,3,2,72.74621492251754,86.41342504415661,749.139008927159,286.086912965402
25,0,0,0,4,0,3,1,85.37098404485732,90.24787996895611,201.60232507623732,87.74051407817751
34,0,0,3,6,0,3,1,72.72886100690812,84.73954501096159,1450.3154159756377,272.1366980113089
26,0,0,2,2,0,2,2,35.20380496047437,42.360577965155244,351.97871702257544,161.12596506718546
83,0,0,5,16,0,4,1,81.74730802420527,88.39856996200979,8167.987129068933,2176.8114580772817
2,0,0,1,0,0,1,3830,5.859817028976977,6.569489953108132,47.651864937506616,33.66336890030652
22,0,0,0,3,0,3,11,64.30776696652174,78.9644350297749,172.89041599724442,73.61250801477581
19,0,0,4,3,0,5,176,29.04546889476478,39.177283993922174,827.2591551067308,744.4315360626206
17,0,0,3,4,0,4,2320,52.84448794554919,62.19842005521059,587.6843150472268,336.00030199158937
33,0,0,4,4,0,4,0,68.48679995164275,81.25642105005682,2357.1747350506485,1077.6884289225563
26,0,0,3,0,0,1,15,58.99441509973258,83.9518359862268,1239.1963639529422,589.6142750279978
34,0,0,2,6,0,3,1,66.29273504950106,86.63372800219804,589.2617759527639,280.5794030427933
19,0,0,1,3,0,2,1,55.51505496259779,76.52681309264153,160.401844070293,71.87028299085796
39,0,0,8,3,0,2,3,41.58402304165065,51.76148994360119,42007.92708201334,14795.911403023638
14,0,0,1,2,0,4,538,37.73725300561637,46.030711964704096,145.53211303427815,74.9598799739033
51,0,0,9,6,0,3,1,114.46017900016159,162.80320403166115,46576.053055003285,16191.667182953097
46,0,0,3,4,0,3,1,79.27474600728601,86.87988005112857,1611.2623600056395,574.4188879616559
19,0,0,4,1,0,3,58,94.36535194981843,118.1871579028666,2230.704312911257,1062.1383510297164
5,0,0,0,0,0,0,939,46.680351020768285,66.97959906887263,124.21063601505011,74.82599897775799
9,0,0,2,1,0,1,0,104.88676489330828,157.290299073793,282.14407595805824,142.157370923087
45,0,0,6,8,0,3,2,97.31385798659176,106.97719198651612,11886.521311011165,3102.499112021178
20,0,0,2,2,0,4,38,61.46653101313859,87.79779390897602,470.85896390490234,140.32973791472614
21,0,0,1,3,0,3,1,63.421598984859884,85.57557000312954,335.7995169935748,153.39288907125592
48,0,0,1,6,0,3,1,32.942157005891204,39.3843490164727,398.3719879761338,144.95331794023514
15,0,0,1,2,0,3,368,123.69205499999225,162.08502801600844,175.06652395240963,87.19365391880274
18,0,0,0,3,0,2,4,65.62322296667844,80.34047693945467,171.56404396519065,74.72541194874793
28,0,0,3,4,0,3,8,116.16700608283281,115.619997959584,1622.5956489797682,432.0264629786834
46,0,0,2,7,0,4,1,40.0662689935416,44.27153698634356,593.5194980120286,292.83196898177266
35,0,0,1,4,0,2,1,56.49852391798049,76.42708299681544,348.8054759800434,139.5310730440542
36,0,0,7,3,0,3,1,39.09799095708877,47.626698971726,8770.775759010576,3645.313852932304
34,0,0,5,4,0,3,8,64.68632305040956,81.91487996373326,5648.420796031132,2092.6608400186524
36,0,0,4,5,0,4,1,69.76124702487141,90.55707103107125,2716.36894706171,1123.324921936728
76,0,0,7,13,0,4,1,82.25152909290045,88.19213404785842,29548.94215799868,7578.941678977571
41,0,0,1,6,0,3,1,52.95696796383709,75.79572696704417,376.2194929877296,138.28374608419836
86,0,0,8,16,0,4,1,52.649382036179304,88.59440695960075,30374.52385900542,8437.404907075688
14,0,0,1,4,0,4,0,39.42310705315322,34.36966997105628,136.03544200304896,57.95408901758492
35,0,0,1,7,0,3,1,29.64335901197046,40.309731964953244,352.3039269493893,133.82887397892773
23,0,0,5,3,0,4,149,86.37902000918984,94.54347693827003,2218.8658099621534,1076.3876240234822
14,0,0,5,0,0,1,939,96.42636799253523,149.08120897598565,1972.8039699839428,984.3257910106331
36,0,0,3,6,0,4,1,65.68122503813356,81.80061297025532,518.0058579426259,139.23974393401295
35,0,0,7,4,0,3,0,118.37179202120751,121.03530601598322,18744.422810035758,7649.789724033326
5,0,0,1,0,0,1,1488,38.70300599373877,55.77187903691083,71.52138196397573,73.98203806951642
37,0,0,1,6,0,3,1,77.42344599682838,83.63670599646866,431.4108049729839,147.39016408566386
37,0,0,5,6,0,3,6,124.12591197062284,124.75410895422101,5250.403451966122,2211.973757017404
37,0,0,1,4,0,3,1,64.22912201378495,80.37039393093437,376.53033004608005,142.8293470526114
11,0,0,0,0,0,0,14,72.51955196261406,108.16376900766045,187.77105293702334,107.60881507303566
32,0,0,4,5,0,3,1,127.32034898363054,171.81468906346709,1427.3021600674838,505.76538091991097
24,0,0,2,4,0,3,2,74.05373104847968,78.59041297342628,699.3720430182293,261.5249389782548
29,0,0,2,2,0,3,5,74.74877103231847,153.64373999182135,360.9029989456758,149.27707402966917
13,0,0,2,3,0,4,150,73.58598406426609,96.86926007270813,563.4023109450936,279.34132097288966
5,0,0,0,1,0,1,331,76.63272600620985,107.18115197960287,164.51324301306158,101.59295599441975
22,0,0,3,4,0,3,986,162.71157294977456,128.95370204932988,943.8035869970918,363.5430010035634
3,0,0,0,0,0,0,365,48.986743902787566,70.42006903793663,127.27235397323966,50.65170594025403
45,0,0,3,6,0,3,1,55.68499898072332,124.01304300874472,770.2008920023218,296.8915869714692
9,0,0,3,1,0,3,650,68.23765102308244,90.10073309764266,673.7768789753318,337.6747790025547
34,0,0,6,4,0,3,1,54.494496900588274,53.74458699952811,9875.850731972605,4055.535922991112
17,0,0,3,2,0,4,291,38.72689604759216,50.25303107686341,282.92542207054794,163.83776802103966
29,0,0,1,5,0,3,2,72.17105105519295,83.49193003959954,373.60752606764436,142.22132600843906
16,0,0,2,3,0,3,303,35.36739596165717,44.752362999133766,590.2841929346323,265.5005819397047
46,0,0,1,8,0,4,1,71.58915104810148,82.0197300054133,405.23968602064997,139.99373803380877
13,0,0,4,1,0,1,0,215.36392299458385,339.244095957838,1250.690420041792,491.46857601590455
40,0,0,9,3,0,3,3,80.8095569955185,103.37336699012667,60000.0,24245.165750966407
54,0,0,3,8,0,4,1,57.85540794022381,80.77167603187263,1419.9201499577612,591.2821060046554
24,0,0,2,3,0,2,2,143.12199095729738,98.81015692371875,339.7783190011978,79.995984910056
55,0,0,1,6,0,3,1,61.12170196138322,82.1548500098288,415.18995608203113,105.9620660962537
35,0,0,4,5,0,3,1,62.68145306967199,85.0062450626865,384.2827749904245,276.40039403922856
53,0,0,2,11,0,4,1,73.30496900249273,84.77411209605634,226.77214292343706,85.05241794046015
28,0,0,2,3,0,2,1,35.17580800689757,80.09218098595738,690.7312080729753,295.82541005220264
36,0,0,2,7,0,4,1,39.03509699739516,45.97509896848351,606.5999380080029,132.879609009251
13,0,0,0,2,0,3,441,31.599056906998158,43.1017829105258,81.54039899818599,76.18351804558188
1,0,0,0,0,0,0,3830,11.178478016518056,12.921658926643431,64.68168005812913,63.524245051667094
87,0,0,9,16,0,4,1,84.48751491960138,90.49766696989536,60000.0,32232.945651980117
69,0,0,6,13,0,4,7,86.2721570301801,103.77444897312671,13288.031769916415,4554.3813509866595
28,0,0,1,5,0,3,1,78.96633993368596,89.14136397652328,396.50429494213313,146.29405294544995
25,0,0,4,2,0,3,5,71.34689099621028,88.55174900963902,2096.3202379643917,1043.193300953135
29,0,0,3,5,0,3,1,132.54494895227253,170.52211589179933,783.3207829389721,287.8085859119892
22,0,0,1,5,0,3,1,60.874774935655296,81.09024399891496,352.5710180401802,146.34014293551445
30,0,0,1,5,0,3,1,66.89314800314605,87.7139150397852,233.80137200001627,68.41320300009102
2,0,0,0,0,0,0,3830,8.265846990980208,10.294763022102416,34.754354041069746,33.670907956548035
13,0,0,3,1,0,1,0,127.04311194829643,79.89588601049036,1416.2800629856065,566.5756909875199
18,0,0,2,2,0,3,307,61.80178502108902,84.72569799050689,170.9258530754596,111.55983491335064
44,0,0,5,8,0,4,1,76.066495035775,48.94941090606153,5053.786032018252,2201.7822499619797
29,0,0,1,5,0,3,1,108.50247100461274,96.22457693330944,461.9036989752203,148.7300549633801
46,0,0,4,6,0,3,1,110.41226098313928,160.93659691978246,1432.2347699198872,508.1442140508443
22,0,0,3,2,0,3,4,228.75613893847913,250.66784000955522,490.6151050236076,268.9666940132156
33,0,0,1,5,0,3,1,67.30389408767223,83.27556098811328,393.58680706936866,147.7952899876982
13,0,0,4,1,0,2,0,121.46638799458742,184.02764096390456,1239.0482099726796,658.5196520900354
15,0,0,4,1,0,3,25,104.12703803740442,157.03453007154167,849.7747790534049,406.2097780406475
28,0,0,5,5,0,3,6,148.44676095526665,213.7336670421064,7628.965073032305,2369.9104470433667
65,0,0,8,12,0,4,1,172.63172089587897,172.2889089724049,40643.34127306938,9032.247246010229
29,0,0,1,5,0,3,1,70.49739197827876,82.6593330129981,380.01821492798626,141.01769402623177
40,0,0,1,8,0,3,1,70.87666692677885,86.58735500648618,406.4143650466576,142.62558799237013
31,0,0,1,5,0,3,1,75.95254108309746,86.5815581055358,405.2052990300581,90.71353496983647
32,0,0,2,4,0,3,2,70.09640103206038,53.134576068259776,682.9020539298654,295.0585000216961
21,0,0,0,3,0,3,11,67.14447401463985,81.11423102673143,179.80479006655514,75.93975798226893
33,0,0,2,3,0,2,1,67.78903002850711,83.90696498099715,733.3263489417732,287.0895089581609
12,0,0,2,1,0,2,906,68.45192599575967,99.55051506403834,591.3882759632543,297.7247190428898
26,0,0,1,3,0,2,1,66.85332406777889,80.37534996401519,349.706273060292,136.21451798826456
34,0,0,4,6,0,4,0,96.90313704777509,110.69608200341463,2329.3242329964414,737.956769997254
14,0,0,4,2,0,4,1172,203.91200797166675,417.0109060360119,1053.3919360022992,392.7710329880938
77,0,0,6,14,0,4,0,81.68389997445047,87.89048693142831,6953.689896967262,2086.1988409888
16,0,0,0,1,0,1,2,54.809354012832046,77.3418890312314,151.43700200133026,72.51666602678597
18,0,0,3,2,0,2,28,173.49900002591312,267.3074509948492,743.857234949246,324.12629295140505
6,0,0,2,0,0,1,2490,58.65457106847316,87.71285496186465,177.3319939384237,113.601402961649
24,0,0,2,3,0,3,2,61.61185505334288,87.52947195898741,700.6143629550934,278.2297770027071
19,0,0,3,2,0,1,50,151.8592470092699,200.47596003860235,580.2673200378194,118.8553279498592
38,0,0,7,3,0,3,0,94.74822296760976,111.24549806118011,17611.451899050735,8296.33882897906
21,0,0,3,4,0,3,378,76.10150310210884,113.79979399498552,1690.1232140371576,615.7802629750222
33,0,0,3,6,0,4,1,78.07276106905192,45.654076035134494,980.6288679828867,227.81701700296253
26,0,0,4,4,0,3,107,43.84878801647574,46.09729198273271,2658.4052520338446,1131.155801936984
39,0,0,1,7,0,3,1,56.40792998019606,75.83087694365531,379.0327209280804,139.12935205735266
26,0,0,1,4,0,3,1,54.19490998610854,77.48118799645454,332.9915769863874,138.24594300240278
49,0,0,5,10,0,4,376,183.48972697276622,193.20379907730967,6391.6981760412455,2432.440265081823
42,0,0,1,8,0,4,1,77.25143595598638,83.29502400010824,432.839771034196,149.65264999773353
35,0,0,1,5,0,4,1,63.841053983196616,77.77183793950826,355.712856980972,144.76670301519334
37,0,0,1,9,0,3,1,56.250861031003296,77.07651099190116,332.53807900473475,118.05019399616867
1,0,0,0,0,0,0,3830,11.127204983495176,12.81015994027257,64.8411710280925,65.16389199532568
5,0,0,0,1,0,1,1,55.1197569584474,77.4885950377211,139.59892094135284,70.34829899203032
3,0,0,1,0,0,1,3830,21.487160003744066,29.804021934978664,70.83984708879143,69.13102697581053
35,0,0,5,5,0,3,4,97.92558196932077,108.2347190240398,5504.71371691674,2136.6670870920643
19,0,0,3,3,0,5,217,69.12713998463005,88.26560596935451,547.3807039670646,139.22736898530275
24,0,0,0,1,0,1,7,38.07812603190541,54.45881199557334,189.37157792970538,113.78020700067282
12,0,0,2,3,0,3,421,235.71321205236018,284.97384407091886,163.71787001844496,80.2081860601902
85,0,0,7,16,0,4,1,91.78057499229908,97.43488801177591,30235.855890088715,8993.989085080102
5,0,0,2,0,0,1,3062,37.361442926339805,52.48506995849311,434.71299100201577,256.60607498139143
14,0,0,4,1,0,1,0,124.99057198874652,158.05136295966804,2591.598315979354,784.574234043248
37,0,0,1,6,0,4,1,71.62975601386279,84.64862999971956,359.0072790393606,134.75736998952925
22,0,0,3,3,0,3,0,48.845960991457105,68.16677504684776,1188.2409289246425,479.0827260585502
49,0,0,1,6,0,3,1,58.51436103694141,81.78698306437582,388.0439300555736,75.12386597227305
2,0,0,0,0,0,0,3830,16.187109053134918,20.601933007128537,70.31937502324581,69.86197701189667
7,0,0,0,0,0,0,71,31.42861893866211,45.930104912258685,80.34837699960917,44.69396895729005
30,0,0,1,5,0,4,17,75.69644204340875,65.52765297237784,302.6112290099263,150.8399909362197
21,0,0,1,3,0,3,1,62.07642296794802,86.62168704904616,320.9143989952281,139.00520093739033
41,0,0,9,7,0,3,7,121.2711549596861,145.6719619454816,22196.94148004055,8241.912754951045
31,0,0,1,6,0,3,1,80.5491009959951,86.15416497923434,405.3075889823958,137.49245100189
23,0,0,4,3,0,4,2490,72.4467160180211,58.686177944764495,2327.1726220846176,1198.198896017857
21,0,0,5,2,0,2,1028,220.37157998420298,346.6231080237776,2810.631297994405,1391.3406520150602
34,0,0,4,6,0,4,32,116.55179504305124,165.45565193518996,1304.389521945268,468.2502900250256
87,0,0,9,16,0,4,0,95.80429806374013,99.32627994567156,60000.0,33362.6667750068
55,0,0,1,11,0,3,1,79.12888401187956,87.23328495398164,465.41261300444603,71.93213293794543
13,0,0,1,2,0,3,795,113.48247400019318,160.73815699201077,162.7911439863965,100.31655197963119
7,0,0,0,2,0,1,177,123.56916896533221,97.6025169948116,182.44585196953267,90.49966197926551
40,0,0,8,7,0,4,214,341.32334298919886,366.77171499468386,9994.89494098816,4201.52347208932
20,0,0,2,2,0,3,58,109.82269700616598,162.2470779111609,325.69457904901356,152.83660509157926
35,0,0,6,3,0,3,1,237.52443306148052,250.49761007539928,2558.3889399422333,1067.4946130020544
40,0,0,4,6,0,3,1,71.4458670699969,82.27143506519496,2713.0003770580515,540.5247709713876
26,0,0,2,4,0,3,0,46.93803808186203,68.359981989488,613.5383419459686,238.91133395954967
15,0,0,2,1,0,1,112,58.105448028072715,102.03796508722007,298.05194109212607,141.85641601216048
15,0,0,4,2,0,4,3062,205.8964279713109,276.82544896379113,653.3157220110297,311.92226300481707
57,0,0,3,7,0,3,1,74.59694694261998,91.67779493145645,1686.9436049601063,578.8725020829588
37,0,0,5,7,0,4,0,135.324290022254,173.76718309242278,2957.113609998487,1094.9799270601943
87,0,0,9,16,0,4,1,106.80640302598476,85.2671010652557,54983.49298408721,17296.69768596068
39,0,0,3,6,0,3,1,119.39959391020238,169.86207896843553,775.5633409833536,298.9284589421004
19,0,0,1,3,0,4,1,39.404122973792255,72.47747608926147,183.6838130839169,78.83292308542877
33,0,0,1,4,0,3,0,76.6513099661097,87.57509104907513,361.9816569844261,140.35739295650274
30,0,0,3,5,0,3,1,30.769874923862517,59.020492946729064,1269.3177839973941,444.4464830448851
21,0,0,3,2,0,2,0,60.10021397378296,87.23035897128284,1316.3606890011579,664.0590630704537
30,0,0,4,2,0,2,1,124.3336929474026,168.01501507870853,1312.2727430891246,555.2540349308401
35,0,0,2,4,0,3,2,109.8826490342617,159.77820893749595,354.6416540630162,151.92941494751722
19,0,0,1,3,0,3,7,89.46919394657016,93.07172999251634,392.9728209041059,167.74225397966802
36,0,0,2,6,0,4,0,65.93802699353546,78.58134899288416,726.0277320165187,276.6306339763105
26,0,0,4,3,0,3,2,87.89726800750941,92.00087795034051,2479.4005380244926,717.6576179917902
44,0,0,3,6,0,3,1,86.49960102047771,95.62099108006805,1613.3734640898183,568.7521280487999
16,0,0,3,2,0,4,1389,161.5755520761013,139.73919802810997,938.5381389874965,310.0536509882659
57,0,0,1,8,0,3,1,77.39965408109128,83.29159196000546,460.60242294333875,149.70481593627483
29,0,0,3,5,0,4,23,92.14931703172624,98.48662093281746,1055.4476559627801,451.14589703734964
43,0,0,4,8,0,3,1,80.02323901746422,87.24392205476761,3530.301022925414,1054.524568025954
85,0,0,7,16,0,4,0,42.297896929085255,43.74035098589957,12690.209773019888,4591.655318043195
39,0,0,6,6,0,3,8,193.32902994938195,140.4684199951589,15902.93775498867,4825.292027904652
80,0,0,11,13,0,4,1,101.7968530068174,113.85449895169586,60000.0,60000.0
50,0,0,8,6,0,3,1,41.39360901899636,48.877765075303614,22199.661049991846,9427.894718013704
82,0,0,9,15,0,4,0,85.16179001890123,91.16260497830808,60000.0,31394.550947006792
78,0,0,9,13,0,4,1,93.5136420885101,105.50704505294561,59633.887688978575,16151.901704957709
34,0,0,10,2,0,2,36,44.606915093027055,56.10669299494475,60000.0,32335.903885075822
