num_elements,num_wildcards,num_anything,num_optionals,num_parallels,num_choices,tree_depth,matches,VM,VM_LAZY,DFS,BFS
1,0,0,0,0,0,0,9230,29.189223001594655,36.02814600162674,103.26300300948787,78.01926499814726
2,0,0,0,0,0,0,3160,115.25081400759518,161.82686999673024,301.1286490072962,157.23899399745278
1,0,0,0,0,0,0,8533,51.186650001909584,70.77375399239827,140.451920000487,80.99691399547737
1,0,0,0,0,0,0,8533,98.76249899389222,133.3071519911755,269.85353100462817,155.44057099032216
8,0,0,0,1,0,1,1,129.40704300126527,169.24413399829064,337.8559710108675,158.80386299977545
2,0,0,0,0,0,0,4804,113.60638900077902,159.96849699877203,293.6679379927227,173.95517700060736
4,0,0,0,1,0,1,7,68.40622700110544,91.310343996156,169.52075099106878,83.85142000042833
2,0,0,0,0,0,0,4804,110.86640499706846,157.6548519951757,298.42661699512973,173.67864200787153
3,0,0,0,0,0,0,1484,124.22602699371055,178.39395899500232,323.84744100272655,172.02586500206962
5,0,0,0,1,0,1,2,128.36164800683036,174.89105999993626,329.45667499734554,157.7155760023743
1,0,0,0,0,0,0,8399,79.71930201165378,107.03998399549164,238.57448899070732,156.27877099905163
2,0,0,0,0,0,0,4804,112.93403399758972,156.60026999830734,295.9828769962769,174.92295299598482
3,0,0,0,0,0,0,1484,65.89127201004885,88.10648899816442,164.59836599824484,87.91320800082758
2,0,0,0,0,0,0,4475,103.11061900574714,141.86396199511364,281.356934006908,169.67733400815632
3,0,0,0,0,0,0,1484,123.30782299977727,174.5270410028752,320.6070079904748,172.51039799884893
7,0,0,0,1,0,1,1,363.9882420102367,180.78027899900917,562.8523569903336,175.12872599763796
2,0,0,0,0,0,0,4475,104.14708399912342,144.26815300248563,285.26233400043566,167.32552999746986
3,0,0,0,0,0,0,1484,127.64638100634329,176.21145100565627,321.1302980053006,169.18997799803037
3,0,0,0,0,0,0,1484,125.78601000132039,172.62792200199328,319.69479500548914,170.53726100130007
7,0,0,0,1,0,1,1,128.11418301134836,171.06376599986106,336.6551469953265,157.30959599022754
3,0,0,0,1,0,1,9,365.05389800004195,425.5962979950709,291.3446400052635,296.20554301072843
2,0,0,0,0,0,0,4804,111.34873599803541,155.12109400879126,295.31509200751316,176.06858399813063
10,0,0,0,0,0,0,1,119.05312399903778,164.59605099225882,276.5142210118938,76.86413000919856
8,0,0,0,0,0,0,1,119.94138298905455,162.84685699793044,279.362957997364,149.46179201069754
2,0,0,0,0,0,0,4475,102.93715298757888,141.58904600481037,280.02938099962194,167.1676769910846
3,0,0,0,0,0,0,1484,125.55849600175861,175.00192200532183,325.00111700210255,173.78067699610256
4,0,0,0,1,0,1,3,364.00477899587713,189.2979490075959,549.8829069983913,182.13674900471233
2,0,0,0,0,0,0,4804,114.1206230095122,157.9036500043003,224.54160198685713,88.98393099661916
1,0,0,0,0,0,0,9122,66.8149419943802,88.89318400179036,219.0873899962753,160.93035900848918
1,0,0,0,0,0,0,8399,79.59421499981545,106.79316699679475,238.54207700060215,155.33662699453998
3,0,0,0,0,0,0,1484,65.38910199014936,87.28513099777047,295.43314399779774,171.94049499812536
3,0,0,0,0,0,0,2044,121.13427699659951,174.14050000661518,314.7841390018584,169.82088799704798
1,0,0,0,0,0,0,9230,55.16202900616918,69.29711799602956,137.8590910026105,79.2395799944643
1,0,0,0,0,0,0,8533,98.01035300188232,135.8892830030527,270.3244860022096,153.70145700580906
3,0,0,0,0,0,0,1484,123.59072698745877,173.77655299787875,319.9686549924081,170.48650499782525
2,0,0,0,0,0,0,4475,56.72786000650376,74.88214400655124,144.41230900411028,88.47087698813993
1,0,0,0,0,0,0,1901,106.28264400293119,145.29146401036996,280.5870150041301,146.2259499967331
3,0,0,0,0,0,0,1484,117.72167100571096,173.5221129929414,323.57609100290574,173.33802400389686
4,0,0,0,1,0,1,3,242.33422899851575,190.56704800459556,560.3113179968204,183.05747098929714
1,0,0,0,0,0,0,8533,96.63659399666358,136.97123700694647,272.1969519916456,154.15650099748746
1,0,0,0,0,0,0,9230,28.273600997636095,36.99962099199183,102.28826600359753,102.97998700116295
3,0,0,0,0,0,0,1484,124.31747499795165,175.02020600659307,320.88295598805416,172.20905498834327
3,0,0,0,0,0,0,1484,124.97549199906643,172.0733630063478,321.9823749968782,110.8427639992442
4,0,0,0,1,0,1,3,368.8235809968319,193.15405400993768,552.7932179975323,180.33935599669348
1,0,0,0,0,0,0,8533,98.80479999992531,136.24712600721978,245.36267599614803,155.95096300239675
1,0,0,0,0,0,0,9122,65.58609099010937,88.05740300158504,219.22686300240457,155.83094100293238
3,0,0,0,0,0,0,1484,65.639052001643,87.9637790058041,165.61225800251123,87.98999000282492
3,0,0,0,0,0,0,1484,122.84664499748033,176.15766200469807,317.18666199594736,171.04662500787526
1,0,0,0,0,0,0,9914,79.88535201002378,108.1362539989641,243.34202900354285,161.4629379910184
1,0,0,0,0,0,0,8533,97.23407700948883,137.79961499676574,267.2322379949037,153.1942730071023
3,0,0,0,0,0,0,331,117.2906680003507,160.74448099243455,302.16890400333796,153.89836100803223
3,0,0,0,0,0,0,1484,123.07040698942728,173.48228800983634,320.820074994117,168.96454700327013
5,0,0,0,0,0,0,195,129.84844599850476,180.72150899388362,337.2970280033769,171.9156600011047
13,0,0,0,1,0,1,1,121.6578239982482,171.1549760075286,354.4311419973383,157.75935899000615
1,0,0,0,0,0,0,9122,65.04746600694489,86.56814899586607,218.12073899491224,158.13332099060062
5,0,0,0,0,0,0,195,129.21904600807466,135.11004400788806,171.6286600130843,89.27013799257111
3,0,0,0,0,0,0,1484,124.97076099680271,174.01933200017083,321.6909150069114,170.3763530094875
9,0,0,0,0,0,0,1,66.0343809868209,87.15812099399045,260.39425100316294,159.02626799652353
4,0,0,0,0,0,0,329,129.51783700555097,176.1616620060522,214.11681099561974,118.13705500389915
5,0,0,0,1,0,1,138,122.41635299869813,171.18838301394135,329.33050399878994,157.698809998692
9,0,0,0,1,0,1,233,544.5981959928758,620.5680790008046,598.1070699926931,498.73083899728954
5,0,0,0,0,0,0,195,130.80354800331406,181.8397780007217,333.22111901361495,170.52865801088046
3,0,0,0,0,0,0,1484,121.96382500405889,179.7404390090378,320.2626520069316,171.34245100896806
3,0,0,0,0,0,0,1484,125.26036500639748,121.41906000033487,164.28702099074144,86.79258701158687
8,0,0,0,0,0,0,1,123.69695698725991,180.9621519932989,308.92608300200664,160.04561899171676
5,0,0,0,0,0,0,195,129.7974739864003,179.7276419965783,338.17893199739046,171.22275700967293
2,0,0,0,0,0,0,966,59.98083300073631,131.60445498942863,307.44013299408834,156.939685010002
9,0,0,0,0,0,0,3,120.67535200912971,163.81531000661198,325.56716800900176,150.57273200363852
7,0,0,0,1,0,1,1,121.62895800429396,167.11473099712748,332.6964720035903,156.84095599863213
4,0,0,0,0,0,0,105,120.81644601130392,169.0655629936373,219.56080199743155,76.88969001173973
1,0,0,0,0,0,0,1190,109.8489099967992,161.18166298838332,291.2797830067575,147.83877599984407
2,0,0,0,0,0,0,4804,65.51448800018989,118.23082900082227,293.28699500183575,173.21210900263395
4,0,0,0,0,0,0,329,80.7907420094125,120.4678460053401,329.4262540002819,172.1176200080663
5,0,0,0,1,0,1,138,123.8284150022082,173.30639000283554,327.46127899736166,160.04137801064644
3,0,0,0,0,0,0,1862,121.38578698795754,118.52051099413075,163.01852698961738,87.77382000698708
9,0,0,0,0,0,0,2,118.06060600792989,163.71778400207404,325.64989299862646,149.3641050037695
3,0,0,0,0,0,0,1484,125.60251601098571,172.71365999476984,321.6024969879072,170.77993899874855
38,0,0,0,6,0,1,1,126.91499300126452,165.40148798958398,456.00049299537204,146.84661099454388
2,0,0,0,0,0,0,4804,111.7021909885807,156.56630600278731,294.287233002251,171.19052101043053
2,0,0,0,0,0,0,3532,78.98944499902427,76.5591989911627,149.92950900341384,86.44941699458286
5,0,0,0,1,0,1,138,91.67095400334802,174.20081498858053,330.1497029897291,160.50727799301967
1,0,0,0,0,0,0,9122,65.47635699098464,85.8126649982296,219.5359410106903,156.47022100165486
2,0,0,0,0,0,0,3532,110.76914599107113,155.23802899406292,291.32050200132653,165.77091999351978
2,0,0,0,0,0,0,3160,110.14165800588671,162.8425189992413,298.1200279900804,153.27017799427267
4,0,0,0,1,0,1,405,132.76945499819703,182.66284400306176,331.22103799541947,169.48617200250737
1,0,0,0,0,0,0,9122,66.37917699117679,86.2973850016715,218.87954899284523,157.27723800227977
7,0,0,0,1,0,1,1,119.04354600119404,169.38381199724972,329.67912100139074,158.21030299412087
2,0,0,0,0,0,0,4475,104.68311198928859,143.30824799253605,282.6687549968483,170.10452500835527
1,0,0,0,0,0,0,9122,66.1105290055275,87.70514199568424,219.34652599156834,121.49427599797491
3,0,0,0,0,0,0,42,68.56237399915699,90.39832299458794,182.49549399479292,170.29557599744294
7,0,0,0,1,0,1,1,128.16602100792807,169.4018470006995,339.3751000112388,158.84564000589307
1,0,0,0,0,0,0,9230,28.890080997371115,36.338894002255984,104.28758698981255,78.33402299729642
1,0,0,0,0,0,0,9122,66.55789000797085,87.60068699484691,217.9051389975939,156.3944109948352
4,0,0,0,1,0,1,80,429.78777299867943,509.2418179992819,556.6404719866114,424.6018020057818
3,0,0,0,0,0,0,521,59.75819400919136,140.2024370036088,300.67121899628546,148.92589299415704
5,0,0,0,0,0,0,105,120.380472013494,165.7086210034322,314.3798359960783,151.99491199746262
6,0,0,0,0,0,0,26,120.77478000719566,164.32091699971352,316.8741150002461,150.00877900456544
2,0,0,0,0,0,0,2666,53.1148470035987,119.95547098922543,208.04658500128426,82.2554170008516
6,0,0,0,0,0,0,1,129.67524999112356,179.54702299903147,337.46805500413757,165.21627000474837
2,0,0,0,0,0,0,4804,115.32400400028564,157.83816800103523,294.9020039959578,172.19419300090522
2,0,0,0,0,0,0,1827,106.69556699576788,148.65320800163317,286.4626579976175,147.6864489959553
3,0,0,0,0,0,0,1070,67.14429700514302,124.23982498876285,328.027978001046,172.74093900050502
2,0,0,0,0,0,0,4804,114.78454100142699,159.06443999847397,223.6746770067839,88.39942299528047
1,0,0,0,0,0,0,9122,65.8908990008058,86.27674900344573,219.92907900130376,157.2867579961894
2,0,0,0,0,0,0,4804,60.31482300022617,79.01581301121041,237.3772199935047,175.27337599312887
1,0,0,0,0,0,0,9914,41.94493099930696,56.35931299184449,126.49302399950102,81.77993900608271
5,0,0,0,1,0,1,1,365.39516199263744,181.04651900648605,557.9108340025414,178.13148400455248
3,0,0,0,0,0,0,1484,123.46434000937734,175.93594199570362,320.92784700216725,172.3105410055723
2,0,0,0,0,0,0,1607,117.65204199764412,159.26540999498684,300.5934259999776,160.15547599818092
3,0,0,0,0,0,0,342,115.5315820069518,153.4083120059222,168.16396900685504,77.19778599857818
2,0,0,0,0,0,0,4475,103.30964700551704,146.90102099848446,282.2309269977268,171.6963569924701
3,0,0,0,0,0,0,331,113.21864799538162,159.00387999136,302.11919599969406,146.40393599984236
26,0,0,0,4,0,1,1,457.28914499341045,445.48677699640393,639.8381939943647,219.92757699626964
1,0,0,0,0,0,0,8533,97.39292100130115,118.73273400124162,269.1095259942813,154.3272029957734
5,0,0,0,0,0,0,3,117.98399400140624,164.69942299590912,316.91898200369906,149.78851401247084
2,0,0,0,0,0,0,4804,112.852982012555,159.46735900070053,300.9163370006718,174.73541300569195
1,0,0,0,0,0,0,8533,97.04857500037178,136.08229499368463,271.5660440007923,154.90697500354145
1,0,0,0,0,0,0,8533,96.61177899397444,133.89395699778106,270.10507199156564,149.24420400348026
7,0,0,0,1,0,1,1,321.32574800925795,90.88940100627951,297.2557969915215,87.99216299667023
4,0,0,0,0,0,0,329,130.48590200196486,184.35213499469683,337.39949399023317,171.14461200253572
5,0,0,0,1,0,1,12,121.17403700540308,173.74866400496103,327.3507919948315,158.4337219974259
1,0,0,0,0,0,0,8533,96.045365993632,134.46618099987973,269.9006740003824,152.01939700637013
21,0,0,0,4,0,1,1,251.952339996933,392.6647369953571,522.3929149942705,94.85105700150598
5,0,0,0,1,0,1,12,126.77698899642564,171.5789199952269,333.5882019891869,159.46052900108043
5,0,0,0,0,0,0,59,118.29921801108867,162.8961189999245,312.9636210069293,150.48889200261328
6,0,0,0,1,0,1,1,370.47458899905905,180.02060599974357,560.2283379994333,172.83688200404868
4,0,0,0,0,0,0,181,69.5228929980658,138.18816099956166,334.55389499431476,170.0506269990001
1,0,0,0,0,0,0,9122,34.83019399573095,45.5530129984254,218.36194799107034,158.4335609950358
10,0,0,0,1,0,1,2,120.23806999786757,151.6189569956623,275.9967589954613,156.53919099713676
11,0,0,0,1,0,1,1,126.71550500090234,176.30979399837088,354.05752499355003,163.90733000298496
3,0,0,0,0,0,0,1484,118.19911599741317,89.50613799970597,165.4444070009049,131.5526850085007
3,0,0,0,0,0,0,521,116.60325000411831,162.12522699788678,305.35593499371316,95.55313100281637
3,0,0,0,0,0,0,1484,125.29787000676151,157.06050000153482,254.0327820024686,171.609830998932
6,0,0,0,1,0,1,1,368.856366010732,177.6162280002609,557.8563580056652,147.52612399752252
2,0,0,0,0,0,0,3532,57.89134299266152,83.69323299848475,225.37729199393652,87.16521799215116
1,0,0,0,0,0,0,9914,80.83500900829677,109.7480699972948,245.71872099477332,161.78287599177565
3,0,0,0,0,0,0,1862,124.38730400754139,175.4377529869089,316.4346370031126,172.28856799192727
2,0,0,0,0,0,0,4804,112.56742000114173,157.0589119946817,294.4410659983987,173.4287910076091
3,0,0,0,0,0,0,1862,123.8628709979821,170.76100800477434,318.5564159939531,170.22327399172354
467,0,0,0,88,0,1,1,421.5318750066217,389.1866640042281,2209.674163997988,110.0007579952944
4,0,0,0,0,0,0,15,105.32852901087608,167.98590301186778,315.0223440025002,151.9731690059416
4,0,0,0,0,0,0,103,69.01231399388053,176.97604399290867,332.89083300041966,168.0327380017843
1069,0,0,0,207,0,1,1,159.47658399818465,181.01764700259082,4671.053509999183,167.49192899442278
4,0,0,0,0,0,0,5,127.67108299885876,178.54677300783806,331.8783589929808,166.34255099052098
5,0,0,0,1,0,1,12,125.57598100102041,178.24572800600436,329.1666169970995,158.58895900601055
2,0,0,0,0,0,0,4475,105.014910994214,144.4940169894835,280.9659560007276,168.73662199941464
3,0,0,0,0,0,0,527,120.65326698939316,168.91921299975365,313.75595698773395,171.89747099473607
2,0,0,0,0,0,0,3532,109.65239501092583,153.1559149880195,289.50862199417315,165.79464200185612
3,0,0,0,0,0,0,2044,122.29972799832467,144.93137199315242,161.38766599760856,87.7736030088272
4,0,0,0,1,0,1,35,121.50611900142394,168.48541899526026,320.0149359909119,152.82148600090295
42,0,0,0,3,0,1,1,604.9343390041031,560.8110119937919,627.2390450030798,380.25139800447505
3,0,0,0,1,0,1,1479,174.73859099845868,205.6086999946274,416.67625099944416,448.6797459976515
25,0,0,0,4,0,1,1,459.64076700329315,447.2547319892328,656.0621590033406,124.14938799338415
8,0,0,0,1,0,1,1,125.75749499956146,170.63322999456432,340.9002429980319,157.31547999894246
3,0,0,0,0,0,0,1484,126.24397200124804,173.76005399273708,321.16601000598166,171.36371400556527
3,0,0,0,0,0,0,1484,126.80099300632719,175.1496859942563,326.082496001618,170.88479999802075
2,0,0,0,0,0,0,4475,104.4594760023756,143.83650000672787,280.46299899870064,167.26651100907475
1,0,0,0,0,0,0,9122,35.02664300322067,45.75082499650307,180.1153589913156,157.7579680015333
3,0,0,0,0,0,0,1484,125.2864900015993,176.80233999271877,320.437963004224,171.2268090050202
5,0,0,0,0,0,0,2,124.56470599863678,171.75024100288283,322.4489360000007,158.71693500957917
3,0,0,0,0,0,0,39,80.02069999929518,131.29464999656193,252.94818500697147,86.09307599544991
1,0,0,0,0,0,0,8533,97.75602699664887,136.65832199330907,272.66506300657056,155.75425799761433
2,0,0,0,0,0,0,4804,97.64386599999852,80.32083399302792,170.8296139986487,173.43700300261844
8,0,0,0,1,0,1,1,129.4443179940572,173.13655599718913,337.42580701073166,156.49124700576067
3,0,0,0,0,0,0,331,118.7612479989184,162.71225598757155,304.78597499313764,150.028278992977
15,0,0,0,1,0,1,2,581.0417470056564,185.77300201286562,521.6545900038909,175.11691398976836
110,0,0,0,5,0,1,1,796.4471559971571,735.5535649985541,640.6446690089069,277.57988500525244
5,0,0,0,1,0,1,2,68.53035099629778,87.3086659994442,169.55939299077727,80.22879200871103
26,0,0,0,4,0,1,1,311.5742519876221,415.29109099064954,641.3115979958093,217.20844699302688
3,0,0,0,0,0,0,1862,124.56181999004912,175.01759200240485,315.8188359957421,173.26336599944625
2,0,0,0,0,0,0,4475,106.15138200228103,145.0899670016952,280.30432600644417,166.26254000584595
8,0,0,0,0,0,0,1,120.36116801027674,174.31359700276516,330.5553029931616,159.16071301035117
2,0,0,0,0,0,0,4804,113.93163399770856,158.8071790029062,300.73165899375454,174.94299399550073
2,0,0,0,0,0,0,1556,111.26565698941704,157.73844000068493,294.9472940090345,156.70114700333215
3,0,0,0,0,0,0,1484,123.33194199891295,175.32892200688366,321.90355700731743,170.628101011971
2,0,0,0,0,0,0,3160,61.635073012439534,81.3089240109548,172.89756900572684,126.31359900115058
2,0,0,0,0,0,0,4475,103.78756800491828,143.48348499333952,281.20592499908525,169.9167400074657
5,0,0,0,0,0,0,104,123.60408400127199,173.2600819959771,188.89845498779323,161.5446689975215
3,0,0,0,0,0,0,1484,123.47924700588919,175.98222200467717,320.757029010565,170.2090400067391
1,0,0,0,0,0,0,8533,97.25830898969434,134.73414900363423,271.13910199841484,155.25827299279626
5,0,0,0,0,0,0,59,119.0911449957639,166.25243199814577,310.4337990080239,149.91292099875864
3,0,0,0,0,0,0,1484,127.87324799865019,136.50903300731443,240.90512399561703,170.8940340031404
4,0,0,0,0,0,0,91,121.10700999619439,93.76605600118637,232.82414500135928,159.76032099570148
3,0,0,0,0,0,0,588,122.77343400637619,175.49989800318144,185.49686200276483,190.11715200031176
2,0,0,0,0,0,0,4475,82.46420499926899,144.5721469935961,280.0613430008525,177.31899699720088
3,0,0,0,0,0,0,1484,126.58039599773474,175.01726899354253,303.2154139946215,174.64305300381966
7,0,0,0,0,0,0,10,117.7283730066847,162.3360590019729,321.8484789977083,150.37966599629726
5,0,0,0,0,0,0,1,125.73814800998662,179.06742499326356,299.45216298801824,85.06933599710464
2,0,0,0,0,0,0,4804,113.43797799781896,143.2625789893791,286.47461099899374,175.72182099684142
1,0,0,0,0,0,0,1901,103.6125760001596,146.02822199231014,283.0848989979131,149.30858700245153
10,0,0,0,1,0,1,1,123.60819199238904,192.27435300126672,351.24646499753,165.50651199941058
37,0,0,0,6,0,1,1,66.21392800298054,85.3370749973692,227.59405500255525,130.94651700521354
9,0,0,0,0,0,0,1,186.83765799505636,169.05647701059934,332.5084259995492,158.59039999486413
20,0,0,0,3,0,1,1,129.02157599455677,165.3865760017652,379.34885499998927,147.28065699455328
2,0,0,0,0,0,0,4804,112.90389399800915,156.2255040043965,291.0924039897509,171.28855299961288
4,0,0,0,0,0,0,91,121.99036400124896,168.87707200658042,320.40410199260805,159.35848200751934
1,0,0,0,0,0,0,9122,64.71290800254792,86.8955170008121,218.5401489987271,158.27492599783
1,0,0,0,0,0,0,8533,99.35480100102723,137.85624501178972,272.93741100584157,153.70941000583116
10,0,0,0,0,0,0,1,130.9900220076088,180.78439999953844,347.7147109952057,167.94967900204938
18,0,0,0,2,0,1,1,302.5537479988998,90.7724520075135,313.36668800213374,86.24337900255341
4,0,0,0,0,0,0,1,117.60990699985996,166.19227500632405,312.7107409964083,151.5222790039843
3,0,0,0,0,0,0,1484,65.99653599550948,88.57739699305966,164.89977900346275,86.7990520055173
4,0,0,0,0,0,0,293,120.75098700006492,165.905155998189,316.92315101099666,159.80604600918014
3,0,0,0,0,0,0,347,127.26498399570119,180.00554999161977,323.1396240007598,167.57741100445855
3,0,0,0,0,0,0,1484,123.80189000396058,171.85647500446066,320.987373997923,172.4436279910151
7,0,0,0,1,0,1,1,369.297113007633,184.76770499546546,568.4789439983433,177.31782300688792
3,0,0,0,0,0,0,13,120.83268299465999,164.6170870080823,309.1554660059046,149.95277499838267
19,0,0,0,0,0,0,2,141.68220899591688,203.73156099230982,403.1546930054901,196.54278999951202
22,0,0,0,1,0,1,1,123.49915500089992,168.4295939921867,375.8672290132381,155.92340800503734
4,0,0,0,0,0,0,329,68.57225300336722,90.14517400646582,169.75350500433706,86.54902799753472
4,0,0,0,1,0,1,8,128.14986499142833,176.59345299762208,329.00975200755056,164.9096949986415
129,0,0,0,25,0,1,1,136.3629889965523,182.66511500405613,855.2022969961399,172.6525539997965
2,0,0,0,0,0,0,4475,56.37572400155477,72.38288600638043,143.42721800494473,100.31970700947568
7,0,0,0,1,0,1,1,126.86593800026458,170.83999600436073,338.03752801031806,157.37179499410558
3,0,0,0,0,0,0,1484,123.8306779996492,171.55488299613353,320.46163800987415,171.47802900581155
4,0,0,0,0,0,0,49,127.08757199288812,184.10322799172718,327.3739489959553,171.07683399808593
5,0,0,0,0,0,0,24,125.08622001041658,179.56975899869576,324.0539370017359,87.82663800229784
1,0,0,0,0,0,0,9122,65.29931799741462,86.21419098926708,218.66858999419492,159.83593399869278
3,0,0,0,1,0,1,1479,335.6658140110085,400.0830729928566,515.7222880079644,445.72906001121737
11,0,0,0,2,0,1,1,121.3289099978283,164.94966599566396,341.99951399932615,149.72896200197283
1,0,0,0,0,0,0,9122,65.7708099897718,86.3698100001784,219.20654500718229,159.38224199635442
2,0,0,0,0,0,0,4804,59.72058599581942,79.00419500947464,154.58729201054666,90.40567399642896
1,0,0,0,0,0,0,9230,52.905436998116784,68.66106700908858,196.25749700935557,147.98917100415565
6,0,0,0,1,0,1,16,130.27981099730823,183.5835810052231,344.05640201293863,170.49325301195495
4,0,0,0,0,0,0,103,120.45177699474152,165.82850999839138,308.7592429947108,147.84739499737043
4,0,0,0,0,0,0,528,121.53573500108905,166.9164949998958,316.88552800915204,160.07685799559113
2,0,0,0,0,0,0,2326,65.53659700148273,85.38241000496782,183.1454519997351,168.62076200777665
2,0,0,0,0,0,0,3532,107.78506999486126,152.34492400486488,289.90667600010056,106.96109700074885
32,0,0,0,8,0,1,1,130.70375799725298,177.7374810044421,465.0553910032613,167.33088000910357
2,0,0,0,0,0,0,3627,114.03187600080855,160.48725899599958,302.95130200101994,168.18351398978848
9,0,0,0,0,0,0,172,127.4136760039255,178.6150409898255,341.2835889903363,189.99857499147765
1,0,0,0,0,0,0,9122,65.40891500480939,88.57284499390516,221.26140700129326,157.80303000065032
4,0,0,0,0,0,0,293,62.5140129995998,84.65650799917057,161.28844500053674,81.88962099666242
305,0,0,0,58,0,1,1,135.783067002194,177.7193379966775,1537.570964996121,168.66644799301866
5,0,0,0,0,0,0,4,130.33930301025975,182.58032899757382,334.0181469975505,168.8688369904412
1,0,0,0,0,0,0,8533,96.2982130004093,135.91261699912138,272.28091600409243,154.6418049983913
1,0,0,0,0,0,0,4295,55.09582700324245,74.09495100728236,145.7264790078625,77.30336500389967
10,0,0,0,2,0,1,2,121.8495140055893,164.22894100833219,344.04686199559364,151.57347999047488
5,0,0,0,1,0,1,138,128.73082399892155,173.6313000001246,332.2034629964037,160.49327299697325
1,0,0,0,0,0,0,1511,110.48079999454785,155.27121299237479,290.16564501216635,147.02907200262416
2,0,0,0,0,0,0,33,118.93390999466646,163.11199999472592,305.3660760051571,150.15600399055984
6,0,0,0,1,0,1,3,63.42044999473728,81.94334599829745,166.29796101187821,144.81707199593075
26,0,0,0,5,0,1,1,483.3677229908062,454.6083790046396,652.1899429935729,375.6654110038653
36,0,0,0,6,0,1,1,127.60299100773409,166.1586679983884,304.26812400401104,79.48172600299586
24,0,0,0,4,0,1,1,391.0706909955479,446.5656510001281,638.5535690060351,219.4187990098726
3,0,0,0,1,0,1,1479,338.51345999573823,407.28719800245017,519.1967860009754,445.291313008056
2,0,0,0,0,0,0,3160,60.86890598817263,82.29896900593303,152.20918699924368,78.99207300215494
2,0,0,0,0,0,0,4475,102.98098799830768,145.72022200445645,282.94477199960966,168.52962999837473
4,0,0,0,1,0,1,7,130.03082299837843,182.03635499230586,330.5845680006314,166.04683599143755
2,0,0,0,0,0,0,4804,113.6189519893378,157.53146799397655,296.6497829911532,175.02761600189842
2,0,0,0,0,0,0,1340,118.03121599950828,164.0845329966396,303.80278200027533,167.28172000148334
2,0,0,0,0,0,0,1556,113.19128600007389,158.15509199455846,294.8960170033388,154.73566399305128
4,0,0,0,1,0,1,80,427.2579560056329,509.83291999727953,555.5973049922613,466.10784000949934
2,0,0,0,0,0,0,4804,114.05045200081076,157.2558729967568,297.375929003465,172.62146298890002
2,0,0,0,0,0,0,4475,106.1259779962711,144.20884600258432,282.40020299563184,166.31219699047506
9,0,0,0,1,0,1,1,218.04231600253843,98.11761500895955,314.8668439971516,93.58682000311092
13,0,0,0,2,0,1,4,407.843982000486,387.6762459985912,518.3264660008717,198.42714699916542
38,0,0,0,6,0,1,1,125.16546799452044,164.17927699512802,452.9778459982481,145.5818099930184
4,0,0,0,0,0,0,4,117.2971689957194,164.29427299590316,313.2035390008241,151.5397189941723
7,0,0,0,0,0,0,1,119.57889499899466,162.59024900500663,318.2599720021244,149.67305000755005
9,0,0,0,0,0,0,1,127.1147499937797,185.73827001091558,343.92170899081975,169.25459400226828
2,0,0,0,0,0,0,2666,98.6972219980089,138.25957699737046,277.9170249996241,158.67311701003928
4,0,0,0,0,0,0,491,126.91492900194135,181.57816199527588,329.6822720003547,169.420349993743
43,0,0,0,3,0,1,1,502.8222279943293,453.99280099081807,662.6986810006201,407.6959119993262
3,0,0,0,0,0,0,1484,125.54986101167742,175.89618999045342,324.7799780074274,137.58934100042097
4,0,0,0,0,0,0,1,65.23257899971213,87.84018499136437,160.9296089882264,112.23822399915662
2,0,0,0,0,0,0,4475,104.24110300664324,143.98284599883482,282.5113309954759,168.9211759949103
1,0,0,0,0,0,0,1190,92.78511699812952,79.46015500056092,147.63888099696487,74.68653201067355
2,0,0,0,0,0,0,49,124.58642199635506,173.35661900870036,310.0382500124397,151.7582800006494
1,0,0,0,0,0,0,8399,81.3498080096906,107.50548299984075,240.76049900031649,158.10858900658786
4,0,0,0,0,0,0,384,125.81876599870156,177.9089350020513,327.7699230093276,169.10045199620072
3,0,0,0,0,0,0,521,114.28829199576285,161.99880299973302,302.85561400523875,150.80215600028168
3,0,0,0,0,0,0,39,131.53025499195792,180.13108099694364,306.37059098808095,169.10333398845978
53,0,0,0,7,0,1,1,128.75642599829007,172.45100399304647,367.357790004462,80.64424799522385
2,0,0,0,0,0,0,2326,125.61541399918497,172.7571329975035,311.76930099900346,173.07019600411877
1,0,0,0,0,0,0,9230,53.50061600620393,69.10802899801638,197.53154698992148,149.80555900547188
5,0,0,0,1,0,1,1,370.7463079917943,184.59794099908322,560.679437010549,175.80703701241873
3,0,0,0,0,0,0,1484,65.13470500067342,89.81917200435419,165.03452399047092,87.7625050052302
12,0,0,0,2,0,1,1,359.65697800565977,184.15076000383124,557.4664220039267,174.5863630058011
2,0,0,0,0,0,0,1998,112.40304399689194,154.89957301178947,297.341753001092,172.53619099210482
4,0,0,0,0,0,0,408,125.6337170052575,178.6560969921993,331.39607700286433,172.6490879955236
3,0,0,0,1,0,1,279,271.19343099184334,238.44131299119908,519.7641020058654,452.46188598684967
1,0,0,0,0,0,0,9230,53.44956199405715,67.94238100701477,197.92567798867822,150.19929500704166
3,0,0,0,0,0,0,521,118.38391300989315,160.5977690051077,307.1901820076164,151.10855699458625
2,0,0,0,0,0,0,4804,114.64360800164286,157.43318099703174,212.0596370077692,175.4262399917934
5,0,0,0,1,0,1,1,371.16253600106575,185.2721239993116,554.5135490101529,174.62791499565355
3,0,0,0,0,0,0,521,60.656019995803945,119.85207699763123,302.3313519952353,149.48922699841205
2,0,0,0,0,0,0,4804,113.5935569909634,157.27681200951338,298.6239770107204,175.1708110095933
1,0,0,0,0,0,0,9122,68.79039198975079,88.72029899794143,221.21121401141863,157.06735198909882
5,0,0,0,0,0,0,4,69.40246000885963,90.27880099893082,171.17779899854213,87.68341000541113
5,0,0,0,0,0,0,312,64.33629398816265,87.36153600329999,318.37735199951567,180.9047249989817
6,0,0,0,1,0,1,44,118.15995699726045,165.91150999011006,294.76614300801884,127.17068499478046
4,0,0,0,0,0,0,528,123.12398001085967,170.44434700801503,317.9572420049226,157.26181300124153
1,0,0,0,0,0,0,9122,35.898696005460806,71.68274599825963,222.35620900755748,158.0731489957543
1,0,0,0,0,0,0,1901,105.30465698684566,144.06606800912414,281.75604999705683,148.52514100493863
3,0,0,0,0,0,0,1484,125.72524399729446,173.23984700487927,321.7367830075091,173.30292498809285
1,0,0,0,0,0,0,8533,101.9948980101617,140.23559899942484,277.67837001010776,155.71804999490269
3,0,0,0,0,0,0,1862,124.58653899375349,173.00473598879762,321.9161500019254,171.80167698825244
4,0,0,0,0,0,0,5,105.35756299213972,90.68067801126745,284.81465399090666,167.2803039982682
175,0,0,0,32,0,1,1,393.78073600528296,355.4243460093858,1257.8295209968928,190.39388200326357
3,0,0,0,0,0,0,1070,66.1612160038203,93.55753299314529,256.2752449885011,170.20505698747002
2,0,0,0,0,0,0,4804,114.12505101179704,156.16291700280271,298.20156999630854,177.4457380088279
4,0,0,0,0,0,0,528,122.77188300504349,172.24034399259835,317.0885370054748,160.9277780080447
4,0,0,0,1,0,1,236,125.8221010066336,169.01831798895728,321.03847700636834,165.83853799966164
3,0,0,0,0,0,0,521,114.43201800284442,164.18698499910533,301.414460001979,149.42161399812903
8,0,0,0,0,0,0,2,126.84320699190721,173.04202500963584,332.89233199320734,159.5666000066558
42,0,0,0,3,0,1,1,601.270172992372,404.70895399630535,317.8484469972318,202.2931389947189
3,0,0,0,0,0,0,208,118.61476399644744,162.58092600037344,304.79132900654804,148.37204600917175
23,0,0,0,2,0,1,5,506.2201330001699,480.7589590054704,622.3851620015921,468.4412400092697
3,0,0,0,0,0,0,521,116.87851698661689,162.67813699960243,303.54340899793897,148.621489002835
1,0,0,0,0,0,0,8533,97.32364299998153,136.08558199484833,270.8931380038848,157.25513399229385
5,0,0,0,0,0,0,10,131.49016999523155,182.92944399581756,339.62930299458094,170.85161599970888
2,0,0,0,0,0,0,2666,101.82141099357978,138.2945219957037,274.39956899615936,156.07887899386697
3,0,0,0,0,0,0,1484,128.37066399515606,177.73297999519855,324.1846549935872,172.5016889977269
3,0,0,0,0,0,0,588,119.56622199795675,87.70480699604377,164.4855640042806,87.17455300211441
36,0,0,0,3,0,1,1,611.9773669925053,595.3003850008827,603.0327469925396,385.8571809978457
13,0,0,0,1,0,1,11,592.2195239982102,674.6216410101624,522.0342920074472,414.3183139967732
3,0,0,0,0,0,0,521,119.39923999307211,162.72101500362623,241.07329100661445,76.84993799193762
2,0,0,0,0,0,0,1827,108.49581900401972,151.38961499906145,285.18697900290135,147.48503000009805
27,0,0,0,2,0,1,1,265.9434489905834,334.6098290057853,623.5584109963384,447.9703260003589
4,0,0,0,0,0,0,3,123.65341799159069,168.73094299808145,231.53058100433555,80.08181198965758
3,0,0,0,0,0,0,1484,65.0382269959664,154.2547690041829,324.17114700365346,174.08497900760267
320,0,0,0,63,0,1,1,133.45019999542274,172.8191520087421,1509.4575690018246,159.8212310054805
1,0,0,0,0,0,0,9122,49.25913299666718,90.42759299336467,218.9983189891791,156.18325499235652
5,0,0,0,1,0,1,1,369.4124309986364,186.8438539968338,553.6234789906302,175.42074799712282
2,0,0,0,0,0,0,4804,59.04636000923347,78.39144600438885,152.12535999307875,95.35872800915968
1,0,0,0,0,0,0,1901,105.06241100665648,147.86219800589606,284.4604019919643,149.26302499952726
114,0,0,0,6,0,1,1,471.7081830021925,498.81673499476165,802.8931570006534,222.89563599042594
2,0,0,0,0,0,0,3627,115.0145510036964,160.56005899736192,302.13096499210224,165.56614900764544
12,0,0,0,2,0,1,2,122.48727599217091,162.61112900974695,348.7996969925007,149.47598399885464
5,0,0,0,1,0,1,51,395.8718409994617,211.7930719978176,481.2478679959895,186.8510670028627
3,0,0,0,0,0,0,1484,124.91258500085678,176.2351840006886,322.0146599924192,169.28631300106645
104,0,0,0,4,0,1,1,710.6418920011492,672.1330959990155,767.9529980086954,366.21058799210005
136,0,0,0,13,0,1,1,553.095167997526,465.4466299980413,510.07707600365393,238.3802420081338
30,0,0,0,5,0,1,1,127.83606600714847,162.86498100089375,422.9809649987146,148.85787600360345
3,0,0,0,0,0,0,1002,122.38535699725617,170.86750699672848,265.8657699939795,91.27806600008626
3,0,0,0,0,0,0,1484,124.4463379989611,175.42016199149657,322.52343400614336,170.61289599223528
5,0,0,0,0,0,0,195,129.9197509943042,180.13983299897518,335.6071680027526,173.2239910052158
2,0,0,0,0,0,0,49,122.22586499410681,171.63741300464608,310.901611999725,155.7393989933189
2,0,0,0,0,0,0,4475,106.29892999713775,145.87644900893793,284.47589300049003,168.5987520031631
7,0,0,0,0,0,0,3,127.86142200639006,180.21574200247414,342.0989809965249,169.21017799177207
4,0,0,0,0,0,0,91,65.67393300065305,100.11343499354552,319.6917029999895,159.40245900128502
7,0,0,0,1,0,1,3,130.77669199265074,174.37185399467126,338.5522309981752,159.2978129920084
23,0,0,0,2,0,1,6,515.7791880046716,442.50498300243635,272.0392030023504,195.19236900669057
1,0,0,0,0,0,0,2186,110.17767900193576,152.7207780018216,290.0814129970968,148.2239600009052
4,0,0,0,0,0,0,293,62.49086400202941,85.36233699123841,161.6858530032914,82.17329399485607
1,0,0,0,0,0,0,9914,81.29309500509407,111.02124399621971,241.858173001674,157.55026899569202
92,0,0,0,18,0,1,1,132.5084370037075,181.96842200995889,711.5016930038109,172.22122600651346
2,0,0,0,0,0,0,3532,112.83889299375005,151.9864400033839,294.02545900666155,166.36505399947055
9,0,0,0,1,0,1,1,117.07052199926693,161.7308109998703,330.79142100177705,148.5829049925087
4,0,0,0,1,0,1,3,366.93266600195784,190.9584449895192,554.4916010112502,180.8382849994814
2,0,0,0,0,0,0,4804,58.76041499141138,78.78014699963387,151.1646590079181,90.54644299612846
32,0,0,0,4,0,1,1,134.51850600540638,176.58617600682192,432.2136139962822,159.17493500455748
3,0,0,0,0,0,0,7,116.69961300503928,162.04740101238713,306.47252600465436,147.39874898805283
23,0,0,0,4,0,1,1,457.0097230025567,446.8492230080301,636.8004079995444,396.0785360104637
7,0,0,0,0,0,0,10,70.51457399211358,105.60961300507188,162.2600480041001,76.89921600103844
9,0,0,0,0,0,0,1,122.91615700814873,172.60533501394093,332.1480829908978,157.9420710040722
7,0,0,0,0,0,0,15,120.72266600443982,165.81383701122832,321.04100300057326,152.42173199658282
2,0,0,0,0,0,0,58,116.6317879979033,109.15017500519753,294.84222100290935,145.3196999937063
2,0,0,0,0,0,0,3627,115.42349199589808,161.9707829959225,304.07487899356056,168.8539399910951
3,0,0,0,0,0,0,527,122.57461799890734,170.3568310040282,319.52997601183597,175.4016060003778
1,0,0,0,0,0,0,9122,66.31580600515008,87.58991799550131,219.04692599491682,155.28002400242258
9,0,0,0,1,0,1,14,489.07239599793684,201.77112800593022,564.6487219928531,184.61544200545177
5,0,0,0,1,0,1,138,124.94763599534053,175.5531719973078,333.4454209980322,162.03518799738958
3,0,0,0,1,0,1,9,364.27105400071014,440.8603689953452,553.2905169966398,466.26647700031754
1,0,0,0,0,0,0,9914,80.26957500260323,108.65802499756683,134.66491299914196,81.29416400333866
8,0,0,0,0,0,0,1,63.87008700403385,86.48765299585648,195.45148599718232,159.75660699768923
2,0,0,0,0,0,0,4475,106.83712401078083,147.4551379942568,282.0819129992742,168.46602900477592
2,0,0,0,0,0,0,4475,106.18547700869385,146.32450700446498,244.0833449945785,108.09785999299493
1,0,0,0,0,0,0,8533,98.98814199550543,138.13637800922152,270.96544299274683,152.5345499976538
8,0,0,0,1,0,1,5,127.09269499464426,91.94328299781773,249.35364299744833,169.80656600208022
1,0,0,0,0,0,0,8533,97.39033199730329,139.07396199647337,271.01542700256687,156.48068000155035
4,0,0,0,0,0,0,53,125.12518599396572,177.96397001075093,330.81255000433885,165.37452500779182
3,0,0,0,0,0,0,1484,113.30191699380521,91.12416600692086,164.2631029972108,88.45329699397553
3,0,0,0,0,0,0,1484,125.41121100366581,173.70863299584016,321.03357498999685,171.0321590071544
87,0,0,0,18,0,1,1,127.87392899917904,165.81444200710393,669.9980499979574,149.8931420064764
5,0,0,0,0,0,0,3,106.79753799922764,165.84913300175685,312.06572499650065,148.57706500333734
2,0,0,0,0,0,0,4804,114.28036500001326,157.56153699476272,160.75325399287976,90.26523699867539
14,0,0,0,3,0,1,5,483.13902199151926,460.2594899915857,600.3453960001934,419.03939000621904
4,0,0,0,0,0,0,1,62.64329199620988,157.72359298716765,273.6801029968774,75.79111399536487
3,0,0,0,0,0,0,521,116.5951740113087,160.06229000049643,303.7631360057276,155.1412670087302
2,0,0,0,0,0,0,1607,111.79764999542385,157.59979499853216,299.71925099380314,157.02769500785507
1,0,0,0,0,0,0,1901,104.89141500147525,109.04962300264742,206.2955370056443,148.5317230108194
26,0,0,0,5,0,1,1,364.35239599086344,184.92502000299282,629.4864550000057,175.21207699610386
3,0,0,0,0,0,0,1484,124.69024299934972,177.95506601396482,318.7499710038537,172.0506679994287
1,0,0,0,0,0,0,9914,80.837358997087,109.04513498826418,244.90076600341126,121.21166600263678
4,0,0,0,0,0,0,528,123.86178199085407,141.4362889918266,163.82335899106693,135.60812799551059
11,0,0,0,1,0,1,2,131.45497199730016,181.59562299842946,365.0239709968446,171.70355100824963
2,0,0,0,0,0,0,281,118.94802399910986,164.55726900312584,293.86115400120616,150.22372599923983
20,0,0,0,1,0,1,15,715.9004889981588,797.8027810022468,311.36180499743205,457.239119001315
5,0,0,0,1,0,1,138,122.84310499671847,173.40244400838856,331.35372601100244,160.34526099974755
4,0,0,0,1,0,1,79,119.47545100701973,167.97820100327954,318.7956430047052,153.6584510031389
3,0,0,0,0,0,0,267,60.961120994761586,82.33871299307793,157.6140479883179,77.11004199518356
5,0,0,0,1,0,1,2,372.2280399961164,140.45335000264458,539.691778991255,172.0142609992763
1,0,0,0,0,0,0,1901,105.3537010011496,148.89427300659008,284.98735500033945,148.38915401196573
2,0,0,0,0,0,0,1607,81.81427398812957,158.85274999891408,298.83084099856205,170.31804099678993
2,0,0,0,0,0,0,2666,98.75362500315532,137.74430999183096,275.7536040007835,158.97966800548602
6,0,0,0,1,0,1,142,150.5612119944999,95.70773600717075,173.5594729980221,82.35177499591373
37,0,0,0,6,0,1,1,372.5979380105855,189.36804999248125,619.37757099804,178.1178890087176
76,0,0,0,8,0,1,1,493.09591100609396,470.3865780029446,833.1093640008476,362.5306530011585
2,0,0,0,0,0,0,4804,115.70315599965397,158.76654999738093,297.5320319965249,171.7252520029433
9,0,0,0,0,0,0,1,103.00359400571324,174.22126300516538,332.05071699921973,155.87286099616904
7,0,0,0,0,0,0,1,120.3640500025358,172.5482999900123,320.0584400037769,81.48584199079778
8,0,0,0,1,0,1,5,133.62418398901355,187.22949500079267,357.7900780073833,169.30244100512937
1,0,0,0,0,0,0,9230,52.863867007545196,69.43323201267049,201.95454599161167,152.59377199981827
5,0,0,0,1,0,1,5,425.3220730024623,200.13681700220332,562.5976190058282,189.94521399145015
3,0,0,0,0,0,0,521,116.81323099764995,163.66143499908503,302.8918549971422,150.4714570037322
6,0,0,0,0,0,0,4,122.14435699570458,172.6234520028811,324.5948099938687,158.00047099764924
1,0,0,0,0,0,0,9230,53.57739400642458,69.12456300051417,201.24084899725858,152.1710610104492
71,0,0,0,6,0,1,1,554.1925020079361,522.1216999925673,754.0001330053201,361.34205099369865
2,0,0,0,0,0,0,4804,73.38079198962077,158.06749901094008,297.0601979905041,173.2019199989736
3,0,0,0,1,0,1,9,366.780515993014,269.1195680090459,291.4173409953946,246.02193498867564
5,0,0,0,0,0,0,18,119.34311600634828,164.0882799983956,310.9629889950156,148.02510099252686
4,0,0,0,0,0,0,408,132.10555400291923,185.62809898867272,335.5071429978125,170.67241000768263
4,0,0,0,1,0,1,71,193.6895779945189,179.0623209963087,562.6743949978845,175.21937499986961
23,0,0,0,4,0,1,1,459.309679994476,444.69184399349615,639.6803340030601,397.78492599725723
3,0,0,0,0,0,0,1626,128.7542499921983,182.89230098889675,330.00466199882794,140.7838349987287
2,0,0,0,0,0,0,4475,105.16682600427885,146.583408000879,285.7206769986078,169.8830929963151
187,0,0,0,12,0,1,1,560.7964020018699,612.3311769915745,833.8807370018912,129.62256200262345
3,0,0,0,0,0,0,521,120.09633399429731,162.4932999984594,304.8478470009286,150.2629419992445
5,0,0,0,0,0,0,40,120.51868499838747,164.0405920043122,292.9967109957943,77.24139100173488
20,0,0,0,1,0,1,22,714.205361000495,630.248029003269,480.37344400654547,387.4499860103242
1,0,0,0,0,0,0,8399,42.13788200286217,54.9013370036846,201.24810299603269,155.65798598981928
1,0,0,0,0,0,0,9122,67.11510800232645,87.87737900274806,244.38407200796064,157.26173100119922
10,0,0,0,2,0,1,1,204.75339000404347,186.57435200293548,557.7269079949474,177.9978639970068
1,0,0,0,0,0,0,1901,104.08102000656072,147.58780199917965,283.142621992738,146.98994399805088
6,0,0,0,0,0,0,68,121.30480400810484,169.05646699888166,324.5797690033214,157.5343649892602
26,0,0,0,5,0,1,1,483.3202090085251,463.60487600031774,657.39810699597,374.5139179955004
13,0,0,0,2,0,1,4,407.1653780119959,387.7001270011533,521.1271709995344,199.70375999400858
2,0,0,0,0,0,0,4804,65.68768600118347,92.97747998789418,299.7871489933459,174.66432400397025
3,0,0,0,1,0,1,1479,338.43772500404157,413.7827029917389,517.6567559974501,416.9044779991964
5,0,0,0,0,0,0,67,118.30896799801849,164.75757300213445,216.34898499178234,150.08646600472275
31,0,0,0,4,0,1,1,392.07638800144196,381.47427899821196,627.2624080011155,333.1717280088924
25,0,0,0,2,0,1,1,466.47828099958133,426.9144379941281,653.9590010070242,532.9026349936612
3,0,0,0,0,0,0,35,130.6801339960657,184.315680002328,196.6533250088105,87.28566400532145
2,0,0,0,0,0,0,2666,98.38569100247696,137.84520099579822,276.12058000522666,159.427048987709
3,0,0,0,0,0,0,1484,66.34674599627033,89.68682499835268,271.27886899688747,171.29558499436826
4,0,0,0,0,0,0,53,126.18244100303855,180.50404799578246,330.50661999732256,164.77512499841396
6,0,0,0,0,0,0,8,125.96623199351598,175.61243700038176,326.69679599348456,159.30502201081254
5,0,0,0,1,0,1,19,122.79433499497827,167.3764410079457,321.1087470117491,149.3279299902497
1,0,0,0,0,0,0,8533,98.98527699988335,136.58904998737853,233.30661900399718,79.23104599467479
31,0,0,0,2,0,1,1,296.6643510007998,370.91650000365917,654.8770519875688,469.4863369950326
1,0,0,0,0,0,0,9230,39.07114200410433,69.36494899855461,199.14905198675115,150.91838300577365
3,0,0,0,0,0,0,12,67.36367699340917,91.25521399255376,323.8511230010772,167.95275500044227
1,0,0,0,0,0,0,1901,106.65831399091985,147.4243819975527,282.8411549999146,148.02502399834339
23,0,0,0,4,0,1,1,373.7846660078503,179.2371799965622,626.2296399945626,171.10639398742933
8,0,0,0,0,0,0,2,123.25919000431895,171.42935701122042,331.3531079911627,158.94183699856512
6,0,0,0,0,0,0,1,100.65632800979074,85.29805099533405,316.72223200439475,152.08928899664897
1,0,0,0,0,0,0,1190,113.17649700504262,155.88608900725376,292.8420030075358,146.84467800543644
2,0,0,0,0,0,0,80,116.55012299888767,166.2319960014429,308.73638100456446,148.07187000405975
4,0,0,0,0,0,0,384,126.30065399571322,179.57864599884488,307.6969759858912,87.00609099469148
47,0,0,0,3,0,1,1,809.9806430109311,769.3450820079306,511.3696920016082,299.5751529961126
3,0,0,0,1,0,1,1479,299.3855770037044,412.4990910058841,535.1786999963224,333.0029619974084
1,0,0,0,0,0,0,9230,54.87713600450661,69.88611799897626,200.1577179908054,149.6986080019269
4,0,0,0,0,0,0,15,125.25067500246223,170.9212940040743,320.56006700440776,155.44102300191298
4,0,0,0,0,0,0,6,64.64858099934645,122.70294499467127,322.19229599286336,157.1195160067873
1,0,0,0,0,0,0,8533,51.88141499820631,70.65017700369935,167.4096280039521,156.35958799975924
17,0,0,0,2,0,1,1,459.3676280055661,389.22889799869154,654.8675099911634,573.705261995201
5,0,0,0,1,0,1,56,362.3473649931839,194.2482839949662,559.369524999056,94.98038901074324
36,0,0,0,4,0,1,1,424.8090730106924,415.8268949977355,702.3189150058897,421.3171579904156
3,0,0,0,0,0,0,1484,122.7649670036044,168.64399099722505,185.49973900371697,172.2380580031313
3,0,0,0,0,0,0,2044,124.10008499864489,178.41450199193787,316.42626799293794,170.16546899685636
5,0,0,0,1,0,1,19,124.54108899692073,165.4180909972638,325.15335200878326,150.87332199618686
128,0,0,0,10,0,1,1,542.3401619918877,501.9032580021303,831.6938950010808,277.08679500210565
1,0,0,0,0,0,0,8399,78.78774400160182,107.08868301298935,243.44711599405855,155.8351259882329
5,0,0,0,1,0,1,138,127.07066799339373,172.4071000062395,330.54267399711534,159.01787400071044
5,0,0,0,1,0,1,298,340.55721199547406,179.24476000189316,501.8324080010643,181.84632499469444
7,0,0,0,1,0,1,15,66.04766500822734,85.93626398942433,171.78351800248493,81.71409599890467
12,0,0,0,1,0,1,56,564.3076429987559,618.5315790062305,513.2179710053606,409.4182460103184
2,0,0,0,0,0,0,966,117.65823898895178,164.7373890009476,305.54558799485676,156.66332399996463
3,0,0,0,0,0,0,1484,65.00938099634368,88.4639470023103,169.7092279937351,173.5488650010666
45,0,0,0,3,0,1,1,667.2942639997927,622.3204599955352,621.7503149964614,385.22716698935255
87,0,0,0,18,0,1,1,123.62145200313535,166.61897899757605,669.9026979913469,151.77929098717868
4,0,0,0,1,0,1,7,128.1250070023816,181.7557340109488,326.2137510027969,159.89332100434694
136,0,0,0,10,0,1,1,514.6703500067815,374.2246409965446,922.0797300076811,295.0367340090452
5,0,0,0,0,0,0,5,130.53652900271118,124.69705400872044,173.28542900213506,88.1219750008313
2,0,0,0,0,0,0,2666,100.01646300952416,137.33730299281888,276.37204399798065,156.78841699264012
195,0,0,0,37,0,1,1,90.05629501189105,88.08932999090757,786.7583549959818,166.571435998776
3,0,0,0,0,0,0,18,131.9413040037034,181.58247199608013,328.79139900614973,170.39911799656693
2,0,0,0,0,0,0,2666,100.72748499806039,137.29453599080443,274.62117400136776,158.73408400511835
3,0,0,0,0,0,0,588,126.86325600952841,175.25725200539455,322.4636939994525,154.95281500625424
1,0,0,0,0,0,0,1511,110.37287399813067,151.3057230040431,287.49952399812173,146.3591829960933
37,0,0,0,3,0,1,1,571.8345909990603,540.6368399999337,675.327893011854,438.0614380061161
1,0,0,0,0,0,0,8399,42.10803999740165,55.26138599088881,239.09258800267708,157.34262099431362
4,0,0,0,0,0,0,5,64.13191801402718,84.4513710035244,158.91799399105366,77.15332201041747
29,0,0,0,3,0,1,1,545.1179149968084,514.5129679876845,651.8137569946703,212.07200700882822
1,0,0,0,0,0,0,9230,53.096467003342696,69.28104998951312,200.10094200551976,151.87159999914002
1,0,0,0,0,0,0,9122,65.71661100315396,86.6466150037013,217.94404200045392,155.47621200676076
1,0,0,0,0,0,0,9914,80.78513600048609,108.35646100167651,242.20894899917766,159.8982249997789
26,0,0,0,2,0,1,1,542.656398989493,420.73877299844753,423.7158530013403,465.4224129917566
30,0,0,0,3,0,1,1,455.90842999808956,449.8438600130612,692.6693330024136,465.2520570089109
4,0,0,0,1,0,1,7,131.99410699598957,179.73570901085623,332.2993320034584,164.87283998867497
1,0,0,0,0,0,0,9914,80.7102010003291,110.66873901290819,241.08563699701335,160.3954349993728
1,0,0,0,0,0,0,8533,98.55446800065693,136.85504600289278,274.3295170075726,155.1600040111225
2,0,0,0,0,0,0,3532,111.26340499322396,151.8673810060136,284.37346599821467,87.0602869981667
1,0,0,0,0,0,0,9914,79.10438999533653,108.40980999637395,248.51770700479392,161.87461699882988
2,0,0,0,0,0,0,533,114.31674400228076,159.72119900106918,299.21593800827395,153.3600149996346
3,0,0,0,0,0,0,521,120.70773300365545,161.1234290030552,305.56922900723293,149.52189900213853
179,0,0,0,34,0,1,1,365.697845001705,184.1709979926236,929.1490049945423,179.90152999118436
5,0,0,0,1,0,1,138,124.21471100242343,173.1607860128861,332.15733399265446,157.79113800090272
3,0,0,0,0,0,0,433,120.0605460035149,166.15316599200014,314.6861010027351,159.5464540005196
23,0,0,0,4,0,1,1,194.59230500797275,91.11545600171667,331.22381300199777,85.95317399885971
8,0,0,0,1,0,1,116,513.3657450060127,586.571701001958,591.1288610077463,491.3572590012336
10,0,0,0,0,0,0,1,119.98473000130616,163.69099800067488,329.02969600399956,148.626948997844
113,0,0,0,11,0,1,1,333.42846999585163,530.4435010039015,909.602294996148,152.36697500222363
3,0,0,0,1,0,1,279,348.575599011383,421.78849899210036,541.6115389962215,463.37664501334075
5,0,0,0,0,0,0,129,130.24080199829768,182.21930199069902,339.8385159962345,171.71768900880124
4,0,0,0,0,0,0,181,69.96483099646866,121.59307498950511,329.53125100175384,89.01863200298976
3,0,0,0,0,0,0,23,127.96373300079722,176.20983500091825,327.2450679942267,166.8681379960617
2,0,0,0,0,0,0,1340,115.14864800847135,159.7382629988715,277.6148240081966,168.81071400712244
26,0,0,0,4,0,1,1,127.06820100720506,167.74001100566238,402.46278000995517,147.16589599265717
37,0,0,0,2,0,1,2,691.3817070017103,656.6076629969757,745.0717180036008,539.573351998115
7,0,0,0,0,0,0,229,126.8749609880615,176.64900899399072,329.8953929916024,183.93069399462547
4,0,0,0,1,0,1,530,376.1226729984628,455.1550219912315,468.3926339930622,261.55580500198994
1,0,0,0,0,0,0,8533,99.55894098675344,135.49179599795025,273.14100999501534,154.29520400357433
6,0,0,0,1,0,1,77,450.26119900285266,530.8362819923786,556.3795719936024,464.88518299884163
2,0,0,0,0,0,0,1827,107.70848600077443,151.96559300238732,287.19036499387585,151.10290999291465
4,0,0,0,0,0,0,383,122.740109989536,173.0836289934814,315.995233002468,176.0749789973488
5,0,0,0,1,0,1,22,374.1183620004449,182.64395798905753,346.2386650062399,87.45121800166089
24,0,0,0,4,0,1,1,392.82259599713143,270.76994300296064,447.37179500225466,209.7092629992403
3,0,0,0,0,0,0,1484,123.99676399945747,173.68477600393817,322.3905670020031,169.62765500647947
7,0,0,0,0,0,0,229,129.55542700365186,181.48907300201245,333.5841610096395,185.92295699636452
1,0,0,0,0,0,0,9122,66.30065500212368,86.28418999433052,218.01035599492025,156.70668499660678
3,0,0,0,0,0,0,472,126.51345499034505,175.2173030108679,326.14039999316446,165.29855800035875
5,0,0,0,0,0,0,1,118.02672500198241,160.58325600170065,308.4233240078902,146.85924400691874
3,0,0,0,0,0,0,22,61.37138699705247,83.4943200025009,160.05378299450967,103.54879499936942
1,0,0,0,0,0,0,9914,80.4183199943509,109.97348200180568,244.06386500049848,159.3477360001998
3,0,0,0,0,0,0,1070,126.25740699877497,180.20985199837014,168.20803299196996,115.92222699255217
1,0,0,0,0,0,0,9914,81.23616100056097,111.1021099932259,242.68032600230072,158.3205659990199
41,0,0,0,6,0,1,1,413.6800749984104,468.023527006153,683.9815389976138,221.9304970058147
4,0,0,0,0,0,0,293,118.53245001111645,170.16850301297382,316.94798699754756,161.98511100083124
11,0,0,0,0,0,0,1,119.5788720069686,165.43510100746062,330.346868999186,148.6440790031338
3,0,0,0,0,0,0,1862,123.59203599044122,173.30495800706558,316.81187299545854,172.48706800455693
3,0,0,0,0,0,0,1484,92.9894559958484,148.42193300137296,317.296389999683,145.0547389977146
5,0,0,0,0,0,0,65,132.3292129964102,184.46680299530271,338.33937399322167,173.2296660047723
8,0,0,0,0,0,0,73,72.71583400142845,95.93739100091625,199.45795700186864,183.81801900977734
7,0,0,0,0,0,0,2,118.24825000076089,161.83538900804706,319.15037499857135,149.18577899516094
8,0,0,0,0,0,0,1,123.72072799189482,170.62077499576844,274.5833630033303,109.97015799512155
3,0,0,0,1,0,1,9,365.69865999626927,443.7901209894335,549.559381994186,438.340969994897
1,0,0,0,0,0,0,9122,66.03354000253603,88.62547999888193,220.74740400421433,156.16064899950288
5,0,0,0,0,0,0,65,130.58422799804248,124.43321698810905,172.5511199911125,88.07704399805516
2,0,0,0,0,0,0,2326,120.93057899619453,172.76786000002176,311.0948319954332,169.7097760043107
3,0,0,0,0,0,0,208,119.2765989981126,169.830415994511,303.3150770061184,146.3663119939156
3,0,0,0,0,0,0,18,130.41677000001073,186.97044599684887,329.7651920001954,168.01882900472265
1,0,0,0,0,0,0,8533,98.43208300299011,135.65319299232215,274.0315849951003,154.21715400589164
4,0,0,0,0,0,0,200,67.91901699034497,91.05845300655346,169.39215900492854,86.6474000067683
9,0,0,0,0,0,0,1,126.27140599943232,177.97718399378937,345.97093900083564,168.05490999831818
6,0,0,0,1,0,1,3,117.72275999828707,160.14967400406022,323.9800400042441,147.08340799552388
3,0,0,0,0,0,0,1862,124.59284299984574,174.50152500532568,322.25896100862883,169.53804099466652
2,0,0,0,0,0,0,894,115.64127200108487,162.08415900473483,301.3246749906102,171.58467099943664
9,0,0,0,0,0,0,1,121.42851599492133,169.89543600357138,332.7475370024331,158.18463799951132
1,0,0,0,0,0,0,8533,51.722511008847505,69.11411401233636,139.34107699606102,79.97799399890937
8,0,0,0,0,0,0,1,124.96850198658649,176.99777999951039,315.3510240081232,82.3125059978338
1,0,0,0,0,0,0,8533,99.49577700172085,137.7263869944727,146.17105800425634,134.60870500421152
3,0,0,0,0,0,0,1484,126.68465101160109,175.82782699901145,319.69099599518813,172.5856920093065
6,0,0,0,1,0,1,33,371.1452110001119,181.9711309944978,558.206825007801,172.70606599049643
2,0,0,0,0,0,0,4804,111.12178300390951,155.73072798724752,296.8984110048041,175.62708799960092
1,0,0,0,0,0,0,303,62.13124399073422,156.8130649975501,203.07040800980758,75.51475099171512
8,0,0,0,1,0,1,1,123.3095960051287,173.3511539932806,342.7730370021891,159.21584800526034
3,0,0,0,0,0,0,270,118.2021109998459,160.6025729997782,304.19365198758896,147.6626180083258
32,0,0,0,4,0,1,1,131.95419499243144,172.76123499323148,425.0705489976099,159.69565899285953
10,0,0,0,1,0,1,1,129.0872639947338,181.5643729933072,299.09196399967186,86.13498900376726
7,0,0,0,0,0,0,10,123.18780898931436,171.82566699921153,321.285383994109,150.6286780058872
3,0,0,0,0,0,0,1862,124.03334100963548,173.40921000868548,321.11478799197357,167.6891930110287
3,0,0,0,0,0,0,1484,126.74075399991125,175.36197099252604,319.06554198940285,169.87089499889407
4,0,0,0,1,0,1,3,271.01540101284627,191.4632740081288,506.35913500445895,91.09009099483956
4,0,0,0,0,0,0,49,130.33363400609232,181.82010600867216,333.0079349980224,171.56815199996345
16,0,0,0,3,0,1,1,229.27800299657974,149.7305230004713,603.849106002599,170.97281900350936
65,0,0,0,12,0,1,1,363.669251993997,179.48055898887105,496.83211599767674,175.2927460038336
8,0,0,0,1,0,1,5,130.84419300139416,185.75763700937387,353.63463099929504,171.14453099202365
15,0,0,0,2,0,1,1,120.92500999278855,166.15299599652644,356.62321001291275,151.77702299843077
6,0,0,0,0,0,0,68,64.26879701029975,87.62818700051866,223.273531999439,109.25231500004884
15,0,0,0,2,0,1,7,390.4340729932301,266.73314700019546,558.9268670009915,373.63485401147045
3,0,0,0,0,0,0,588,122.74609299493022,172.78895700292196,321.02510599361267,169.15877899737097
1,0,0,0,0,0,0,8399,79.28870499017648,107.81139899336267,242.16456699650735,154.60204999544658
1,0,0,0,0,0,0,9122,66.36197499756236,87.79869700083509,219.51526300108526,86.59809800155926
4,0,0,0,0,0,0,293,121.40818100306205,166.04831100266892,251.5562070038868,158.56813600112218
82,0,0,0,12,0,1,1,665.620977000799,622.3506910027936,837.3030189977726,289.94343799422495
2,0,0,0,0,0,0,3532,107.17628900601994,151.0080449952511,293.46746500232257,166.55605100095272
289,0,0,0,55,0,1,1,394.61925500654615,361.01055500330403,1721.3387489900924,191.94720400264487
1,0,0,0,0,0,0,1901,55.19074900075793,111.79619999893475,283.1496220023837,146.87776900245808
2,0,0,0,0,0,0,4475,56.06158199952915,74.12557999487035,145.67460599937476,88.3511029969668
7,0,0,0,1,0,1,57,133.6721760017099,180.4825709987199,344.1118420014391,143.15686099871527
1,0,0,0,0,0,0,9914,80.40573399921414,111.64297600043938,241.25998800445814,160.38538599968888
7,0,0,0,0,0,0,3,128.02712399570737,181.57323099148925,341.1150609899778,168.375761990319
1,0,0,0,0,0,0,9230,28.433364001102746,36.10156899958383,110.22421199595556,152.24566899996717
3,0,0,0,0,0,0,1070,125.51036299555562,178.02640300942585,324.0187670016894,156.160329002887
1,0,0,0,0,0,0,8533,97.27914600807708,134.76282700139564,163.32685100496747,103.65528499823995
2,0,0,0,0,0,0,1340,113.02444899047259,159.96608100249432,300.7488199946238,163.94213000603486
1,0,0,0,0,0,0,9122,66.41852798929904,88.21001699834596,219.1298350080615,157.1725520043401
12,0,0,0,1,0,1,1,129.21093100158032,182.18607100425288,343.0966290034121,159.1896519967122
1,0,0,0,0,0,0,9230,52.967790004913695,69.11191900144331,201.20732100622263,153.22873900004197
6,0,0,0,0,0,0,1,125.04618099774234,174.64130600274075,333.0100799939828,162.47582899814006
3,0,0,0,0,0,0,7,120.11663100565784,150.6306959927315,327.5111510010902,165.75715500221122
2,0,0,0,0,0,0,4475,106.71916500723455,147.17772998847067,286.0902340034954,170.42384299566038
15,0,0,0,1,0,1,1,130.52015499852132,183.41153299843427,370.82050398748834,169.85840898996685
2,0,0,0,0,0,0,3627,116.3117690011859,161.0340099869063,302.97120999603067,168.06835199531633
9,0,0,0,0,0,0,1,121.64689898781944,173.22469300415833,329.42682900466025,155.894425988663
5,0,0,0,0,0,0,51,122.93410899292212,174.6245300018927,323.38784998864867,160.82099800405558
5,0,0,0,0,0,0,59,118.27347699727397,163.6980630137259,312.6478290068917,98.05734500696417
2,0,0,0,0,0,0,3532,109.81275500671472,153.9732639939757,294.0022639959352,168.5400499991374
3,0,0,0,1,0,1,1479,334.2308680003043,404.21377000166103,519.1119689989137,454.8362539935624
9,0,0,0,0,0,0,1,134.11723999888636,181.80443398887292,353.4447129932232,172.54525600583293
6,0,0,0,1,0,1,1,372.36202499479987,182.87272300221957,558.1354689929867,173.16869100613985
1,0,0,0,0,0,0,9230,39.94874400086701,68.03614800446667,200.2253389946418,150.76114299881738
2,0,0,0,0,0,0,4804,60.57187799888197,80.47307400556747,152.97115300199948,89.35341199685354
4,0,0,0,0,0,0,15,120.27657600992825,163.276646999293,308.56538499938324,147.07865299715195
5,0,0,0,1,0,1,19,131.09383299888577,186.9276890065521,343.1581409968203,169.97127699141856
38,0,0,0,2,0,1,1,421.65858299995307,549.4155439955648,419.74838500027545,248.45144301070832
1,0,0,0,0,0,0,9230,43.684428004780784,35.053062994848005,102.84212000260595,78.31757700478192
74,0,0,0,15,0,1,1,133.23583400051575,183.25797500438057,639.5249760098523,170.92516900447663
1,0,0,0,0,0,0,3085,102.33671400055755,142.91606200276874,275.60633298708126,148.01325999724213
1,0,0,0,0,0,0,9914,42.08154699881561,54.8924719914794,126.07508699875325,81.55272199655883
3,0,0,0,0,0,0,1070,129.51743700250518,177.054492989555,326.856369007146,170.89333100011572
1,0,0,0,0,0,0,1901,106.49473400553688,151.46468300372362,286.6884819959523,147.67383699654602
1,0,0,0,0,0,0,9230,54.165727997315116,69.88515600096434,200.73926899931394,152.02327200677246
26,0,0,0,5,0,1,1,336.9519749976462,192.0501639979193,611.7846209963318,89.16283700091299
3,0,0,0,0,0,0,1626,67.67285299429204,89.91945700836368,269.41030099987984,172.54257798776962
4,0,0,0,1,0,1,295,398.2015500077978,474.0717980021145,459.6698739915155,327.0319879957242
4,0,0,0,0,0,0,65,126.97276400285773,180.77123499824665,333.93707999493927,169.20541199215222
2,0,0,0,0,0,0,2666,102.67162100353744,139.4893550022971,278.4473440115107,155.91152099659666
36,0,0,0,2,0,1,1,602.1467270038556,559.2314860114129,630.0505090039223,439.01125600677915
25,0,0,0,3,0,1,1,119.2326259915717,164.07850199902896,390.868482994847,98.54569500021171
5,0,0,0,1,0,1,56,373.8933819986414,194.86855799914338,520.5129140085774,171.9453530095052
19,0,0,0,4,0,1,1,406.895968990284,391.16770699911285,550.4732219997095,349.62651699606795
57,0,0,0,3,0,1,1,662.8147729934426,624.1169099957915,658.6359630018706,336.54152099916246
1,0,0,0,0,0,0,9230,53.40992800483946,68.96564899943769,200.96737399580888,151.9173020060407
4,0,0,0,0,0,0,384,127.64095999591518,179.35606600076426,333.75282399356365,170.5728989909403
2,0,0,0,0,0,0,4475,56.20159499812871,73.36743499035947,145.75090499420185,87.90107900858857
2,0,0,0,0,0,0,224,127.88704500417225,175.71049499383662,313.3840560039971,85.13830100127961
3,0,0,0,0,0,0,1862,124.31280199962202,172.60333299054764,321.4406390034128,174.19669299852103
9,0,0,0,0,0,0,1,125.57837199710775,169.4759050005814,329.60445700155105,155.31156198994722
2,0,0,0,0,0,0,3532,57.05692099581938,76.51480399363209,149.80293999542482,86.55832101067062
8,0,0,0,1,0,1,1,133.4760800091317,171.18907099938951,341.21171401056927,155.21753700159024
8,0,0,0,0,0,0,1,103.75593099161051,180.43498598854057,342.4501120025525,165.1471869990928
145,0,0,0,28,0,1,1,125.79804900451563,162.64052200131118,891.8857459939318,128.94997900002636
3,0,0,0,1,0,1,9,366.6983209986938,434.8150410078233,545.6169149983907,465.7522789930226
119,0,0,0,7,0,1,1,564.9275410105474,535.0452069978928,847.7057730051456,339.22375600377563
3,0,0,0,1,0,1,1479,336.34086399979424,407.15722799359355,518.8385049987119,445.4344539990416
2,0,0,0,0,0,0,4475,54.768525005783886,72.74393600528128,265.3202789952047,169.47940501268022
7,0,0,0,1,0,1,1,123.88146900048014,168.98082400439307,337.57482400687877,157.19241899205372
83,0,0,0,9,0,1,1,473.0873450025683,534.8248469963437,876.5299880033126,345.4552729963325
4,0,0,0,0,0,0,329,127.43090000003576,177.36460801097564,335.43766400543973,173.15287800738588
1,0,0,0,0,0,0,9230,53.821234992938116,69.00985799438786,200.08337699982803,152.6857369899517
16,0,0,0,3,0,1,1,568.0296170030488,439.34201999218203,629.3093349959236,430.2973239973653
6,0,0,0,0,0,0,2,120.36737900052685,88.93907700257841,296.93735399632715,159.75853199779522
3,0,0,0,0,0,0,1626,128.95281201053876,181.56390900549013,330.62035401235335,172.24604499642737
3,0,0,0,0,0,0,208,120.37071998929605,164.07879500184208,322.62365000497084,149.56807100679725
7,0,0,0,0,0,0,1,122.08860300597735,172.545262001222,330.4264390026219,158.02527801133692
2,0,0,0,0,0,0,3532,57.30535299517214,76.91590300237294,155.21496700239368,169.67231799208093
6,0,0,0,1,0,1,188,241.5947289991891,538.6927109939279,551.0408359987196,268.1966779928189
2,0,0,0,0,0,0,1556,113.95374799030833,159.35069700935856,300.16199000237975,157.40683699550573
5,0,0,0,1,0,1,22,370.87612399773207,237.39619899424724,504.19490500644315,176.60271099884994
6,0,0,0,1,0,1,3,122.67834099475294,165.67070900055114,322.3996049928246,148.2098910055356
25,0,0,0,2,0,1,1,391.2708439893322,544.8958380002296,501.87732400081586,351.95994199602865
4,0,0,0,0,0,0,121,113.85068600066006,85.05997399333864,162.77124200132675,81.93750599457417
1,0,0,0,0,0,0,8533,53.72377499588765,71.31733199639712,270.3658920072485,154.22325200052
4,0,0,0,0,0,0,8,124.28181899304036,172.47363399656024,321.8217159883352,159.2284489888698
4,0,0,0,1,0,1,295,402.3635390039999,469.986793003045,532.9155450017424,458.3967819926329
3,0,0,0,0,0,0,39,130.7360500068171,179.4398999918485,329.4393240066711,165.60554099851288
29,0,0,0,5,0,1,1,126.26310100313276,164.16933700384106,423.0772479932057,149.2563359934138
3,0,0,0,0,0,0,521,60.40307501098141,80.8281069912482,176.20491300476715,150.8219279930927
1,0,0,0,0,0,0,9122,65.61337001039647,88.06304600147996,223.38528199179564,157.94181200908497
2,0,0,0,0,0,0,4475,106.36336100287735,142.4678240000503,280.95129900611937,166.2583959987387
3,0,0,0,0,0,0,1626,132.90286700066645,186.60886600264348,324.5641829998931,171.76840899628587
4,0,0,0,0,0,0,5,68.22660399484448,91.87837998615578,210.15251000062563,93.08522600622382
56,0,0,0,3,0,1,1,566.6905160032911,535.8263259986416,647.7489770040847,377.80154700158164
3,0,0,0,0,0,0,521,117.40457700216211,159.80485400359612,244.91941499582026,149.6568830043543
4,0,0,0,0,0,0,5,115.21430700668134,164.84488299465738,306.65891100943554,147.74269101326354
300,0,0,0,19,0,1,1,721.2712500040652,712.2322150098626,1363.2563720020698,230.27485600323416
1,0,0,0,0,0,0,8399,78.78027900005691,89.36252200510353,223.6226439999882,156.25931799877435
134,0,0,0,7,0,1,1,819.0436410077382,772.1820099977776,728.5865260055289,264.24420399416704
3,0,0,0,0,0,0,521,60.32780399254989,81.14694700634573,154.4619699998293,76.74380399112124
6,0,0,0,1,0,1,65,269.4689449999714,178.59007099468727,577.9301980073797,174.38224199577235
3,0,0,0,0,0,0,1626,129.90103800257202,181.65509898972232,326.7415440059267,173.467921995325
1,0,0,0,0,0,0,8533,98.07766099402215,137.05563399707898,240.32484799681697,79.8480270022992
2,0,0,0,0,0,0,1827,107.6229919999605,150.13139000802767,286.21627199754585,148.1784339994192
3,0,0,0,1,0,1,1479,340.77470100601204,403.61672099970747,528.2866509951418,451.903694003704
7,0,0,0,0,0,0,15,62.93952801206615,82.55176300008316,310.78358300146647,146.79536399489734
1,0,0,0,0,0,0,2186,109.16380099661183,150.87657599360682,287.110090997885,147.71994200418703
3,0,0,0,0,0,0,39,128.94964500446804,179.08899000030942,330.77164299902506,167.62510599801317
3,0,0,0,0,0,0,1484,126.95150199579075,161.136501992587,165.8726960013155,89.1586489888141
3,0,0,0,1,0,1,279,350.4667649976909,429.2245890101185,535.9769700007746,450.78850000572857
5,0,0,0,1,0,1,138,127.4932859960245,174.4322779995855,331.43470699724276,160.54098200402223
2,0,0,0,0,0,0,1607,78.55710099101998,159.35327000624966,297.4811129970476,157.74885700375307
2,0,0,0,0,0,0,1556,113.05523999908473,157.86959099932574,298.91286700149067,157.29175599699374
1,0,0,0,0,0,0,8533,100.22528900299221,135.79459299216978,272.96595901134424,156.4150949998293
3,0,0,0,0,0,0,1484,67.84690800122917,91.78607400099281,164.6115609910339,88.94024399342015
225,0,0,0,42,0,1,1,141.0589729930507,180.67486200015992,1251.6516470059287,172.81378799816594
49,0,0,0,5,0,1,1,458.52970200940035,291.27051099203527,666.8476380000357,376.67239901202265
3,0,0,0,0,0,0,20,121.89151901111472,169.1660570068052,315.69539599877317,156.2454930099193
1,0,0,0,0,0,0,8399,80.54904099844862,107.60029900120571,240.0892239966197,155.30143000069074
7,0,0,0,0,0,0,1,123.6980859976029,169.97803701087832,331.8520370085025,159.15696699812543
4,0,0,0,0,0,0,293,119.5228849974228,153.50209501048084,161.9102540134918,82.06408499972895
4,0,0,0,0,0,0,53,128.90739399881568,180.99310199613683,330.2772820024984,166.4438110019546
3,0,0,0,0,0,0,1484,108.2526499958476,110.95739100710489,324.0374690067256,173.401266001747
29,0,0,0,2,0,1,1,661.8498070019996,616.7349629977252,533.6567880003713,188.48363601136953
2,0,0,0,0,0,0,2666,104.4691459974274,140.18967300944496,278.46744400449097,159.39177600375842
5,0,0,0,0,0,0,5,89.39149099751376,83.32729000539985,227.6127569930395,151.0996559954947
13,0,0,0,2,0,1,4,406.59764398878906,384.91612499637995,519.3948650121456,200.206989000435
1,0,0,0,0,0,0,8533,97.98652800964192,135.1014209940331,273.0408960051136,156.84852001140825
1,0,0,0,0,0,0,9122,66.9329509983072,88.46718299901113,225.32990499166772,158.83414300333243
1,0,0,0,0,0,0,9230,52.93045300641097,68.05268699827138,200.4641969979275,154.05672800261527
6,0,0,0,1,0,1,71,131.36452400067355,177.34450500574894,343.38043599564116,163.6825700115878
5,0,0,0,0,0,0,3,121.96261899953242,170.74090499954764,325.2972990012495,160.61130601156037
28,0,0,0,7,0,1,1,195.59604200185277,157.16050400806125,581.4993240055628,105.65996100194752
7,0,0,0,1,0,1,2,189.1783399914857,92.59536600438878,294.18120699119754,172.20961100247223
7,0,0,0,1,0,1,1,371.9321440003114,178.6032690142747,563.6647859937511,171.78188801335637
36,0,0,0,8,0,1,1,412.0732410083292,268.0035980010871,632.6664810039802,308.48881899146363
4,0,0,0,0,0,0,528,126.7353620060021,172.87841900542844,319.0157460048795,160.1127589965472
8,0,0,0,0,0,0,2,124.69373899511993,154.13062999141403,171.1287330108462,82.86940300604329
2,0,0,0,0,0,0,3532,111.4507010061061,156.4999710099073,293.452707992401,168.32833999069408
1,0,0,0,0,0,0,9230,54.07703800301533,68.13282100483775,197.3115490109194,153.96961399528664
35,0,0,0,5,0,1,1,626.313050990575,589.2488230019808,773.8744060043246,218.5180689994013
4,0,0,0,0,0,0,91,120.69776799762622,168.98917200160213,320.07025100756437,159.58585099724587
12,0,0,0,2,0,1,1,395.95882399589755,258.33728100406006,448.29848798690364,190.41832399670966
1,0,0,0,0,0,0,849,115.40291798883118,161.12994399736635,299.94572400755715,145.9139270009473
1,0,0,0,0,0,0,9122,65.86388900177553,88.20262301014736,134.44739200349431,82.00973199564032
6,0,0,0,1,0,1,3,130.91934299154673,172.50024000531994,336.82614800636657,156.74501500325277
1,0,0,0,0,0,0,9122,67.77065400092397,87.31818301021121,218.91389199299738,157.69044299668167
3,0,0,0,0,0,0,588,123.82326999795623,173.81098799523897,321.6793699975824,171.95944099512417
2,0,0,0,0,0,0,4475,103.40353799983859,148.2346880075056,239.71531799179502,171.435651005595
37,0,0,0,7,0,1,1,135.15421400370542,184.01702601113357,487.3417399940081,174.61991899472196
37,0,0,0,7,0,1,1,272.73437099938747,183.58419700234663,661.5891679975903,177.6742679940071
20,0,0,0,1,0,1,28,608.4152599942172,433.8563480123412,309.24341299396474,239.32206998870242
3,0,0,0,0,0,0,1484,128.76870000036433,173.89296300825663,320.0774480064865,123.7235239968868
3,0,0,0,0,0,0,588,125.2833340113284,175.22885800281074,322.37150499713607,168.97099000925664
3,0,0,0,0,0,0,111,117.75297099666204,165.02701000717934,309.5832020044327,131.00362800469156
121,0,0,0,23,0,1,1,365.1775119942613,184.372572999564,1023.7587209994672,177.78758599888533
30,0,0,0,1,0,1,33,771.5413620026084,884.8930189997191,436.9942040066235,271.75397500104737
1,0,0,0,0,0,0,9122,66.26967700140085,89.94607199565507,217.7602010051487,156.61279099003877
8,0,0,0,1,0,1,1,133.02233700233046,175.19662099948619,342.0550739974715,156.51098999660462
2,0,0,0,0,0,0,301,60.76775099791121,82.21457099716645,155.3029329952551,79.41980799660087
2,0,0,0,0,0,0,23,116.82618799386546,161.81404198869132,301.7070679925382,147.8873830055818
4,0,0,0,0,0,0,33,131.17476498882752,181.40154199500103,335.82464899518527,171.57289799069986
3,0,0,0,0,0,0,1484,130.4284570069285,179.43707200174686,324.62805599789135,172.22868200042285
3,0,0,0,0,0,0,2044,64.94054799259175,87.63258899853099,163.47962200234178,89.8127209948143
13,0,0,0,0,0,0,1,119.82042400632054,166.9509229977848,333.95209700393025,150.3345060045831
5,0,0,0,0,0,0,195,135.16166900808457,182.89521998667624,336.7216709884815,169.29618299764115
2,0,0,0,0,0,0,2666,98.10856300464366,139.0577660058625,279.03995699307416,159.07806900213473
9,0,0,0,1,0,1,14,490.4534959932789,196.4048130030278,352.45773899077903,93.12668100756127
13,0,0,0,2,0,1,4,410.35911900689825,388.1040080013918,525.372553995112,200.91855600185227
12,0,0,0,1,0,1,1,125.62089999846648,174.09703899465967,348.250722992816,154.60636500210967
100,0,0,0,6,0,1,1,806.4429579972057,757.1963310037972,794.0956720121903,351.57102000084706
4,0,0,0,1,0,1,35,122.12667999847326,167.80841600848362,317.56884200149216,152.48734199849423
1,0,0,0,0,0,0,9914,80.13912600290496,109.807593995356,245.4814500088105,162.91734500555322
24,0,0,0,1,0,1,28,762.707389993011,871.8930320028448,542.7223580045393,394.9969750101445
1,0,0,0,0,0,0,8533,51.6279439907521,67.72707299387548,140.6847390026087,80.04201599396765
4,0,0,0,0,0,0,329,129.9783540016506,179.5779109961586,334.14359600283206,173.50498099403922
21,0,0,0,4,0,1,1,482.7460199885536,461.3910510088317,611.0046490066452,302.691949007567
1,0,0,0,0,0,0,2186,112.03313800797332,153.59913099382538,289.5341380062746,150.58770299947355
4,0,0,0,0,0,0,4,120.68720899696928,166.8573579954682,315.9125270030927,149.80386800016277
3,0,0,0,0,0,0,1862,125.98199700005352,173.34674901212566,321.4897529978771,171.71463699196465
8,0,0,0,1,0,1,3,124.9677360028727,172.3608750035055,341.1807609954849,157.36261100391857
34,0,0,0,3,0,1,1,570.8975750021636,591.8654779961798,326.22344099218026,213.5226859973045
6,0,0,0,0,0,0,3,119.62388300162274,161.6717150027398,312.6820359902922,77.43481299257837
3,0,0,0,0,0,0,18,131.50612100434955,184.30456799978856,329.54579099896364,167.71962099301163
2,0,0,0,0,0,0,533,114.75670700019691,164.66960399702657,298.55288499675225,151.28534799441695
1,0,0,0,0,0,0,8399,81.55039499979466,108.33537200232968,242.75373099953867,159.14896999311168
19,0,0,0,1,0,1,157,624.379802000476,693.9055890106829,502.27043600170873,372.0775519905146
2,0,0,0,0,0,0,4804,112.8195780038368,156.843356002355,300.4428809945239,173.84193300676998
9,0,0,0,0,0,0,2,121.62561299919616,169.38776499591768,334.7842799994396,158.5597959929146
3,0,0,0,0,0,0,588,123.40618199959863,172.28809000516776,324.52403000206687,169.31576299248263
9,0,0,0,1,0,1,1,205.3102150093764,100.55023699533194,318.45649000024423,94.08565600460861
10,0,0,0,2,0,1,20,327.821679005865,455.91548300581053,575.5027999985032,439.62154899782035
1,0,0,0,0,0,0,9914,80.71064599789679,110.23871198995039,247.21720899106003,161.98684100527316
3,0,0,0,1,0,1,330,389.14609600033145,462.20390999224037,563.5471400019014,481.0919480078155
36,0,0,0,4,0,1,1,435.91995199676603,429.81162200157996,707.835128006991,420.4154080071021
36,0,0,0,6,0,1,1,128.88513700454496,164.91177199350204,443.1469660048606,143.74627600773238
2,0,0,0,0,0,0,4475,104.0340049949009,146.92551700863987,281.2834189971909,169.2892509890953
5,0,0,0,0,0,0,59,115.43598400021438,166.1024889908731,309.43283600208815,150.35588199680205
3,0,0,0,0,0,0,1862,66.24847900820896,89.7169380041305,163.92870599520393,88.17413300857879
1,0,0,0,0,0,0,9230,53.91706299269572,68.43897300132085,199.04282200150192,153.82825600681826
2,0,0,0,0,0,0,274,115.2214699977776,160.2516089915298,300.1358600013191,146.5455490106251
3,0,0,0,0,0,0,521,115.21197498950642,160.6994140020106,303.9587890089024,148.95599699229933
1,0,0,0,0,0,0,9122,35.8153450069949,45.41998000058811,114.04236900852993,81.15565600746777
3,0,0,0,0,0,0,602,127.34965099662077,178.2520879933145,328.92323000123724,168.55043100076728
8,0,0,0,1,0,1,5,130.78297598985955,184.9078550003469,210.4825140122557,129.60578298952896
2,0,0,0,0,0,0,4804,115.00425898702815,157.96026700991206,296.03870199935045,174.404465011321
1,0,0,0,0,0,0,274,109.86997799773235,157.27511000295635,288.7634620128665,145.37063099851366
3,0,0,0,0,0,0,42,129.24964899139013,177.82789099146612,328.69376000599004,169.03847400681116
8,0,0,0,1,0,1,1,129.13796299835667,171.79845600912813,336.04238799307495,108.12914099369664
15,0,0,0,2,0,1,31,125.61890900542494,163.61497600155417,355.4819929995574,148.27849999710452
2,0,0,0,0,0,0,140,122.32457600475755,100.56237000389956,172.04188399773557,149.50157000566833
2,0,0,0,0,0,0,2666,102.13286000362132,137.26068100368138,275.9232430107659,159.13292700133752
5,0,0,0,0,0,0,2,128.4123939985875,182.7825380023569,338.53957800602075,168.2614870078396
2,0,0,0,0,0,0,4804,113.30424800689798,158.72669000236783,295.0057639973238,174.97108101088088
2,0,0,0,0,0,0,4804,114.02167000051122,158.44981600821484,307.8562279988546,175.16347899800166
1,0,0,0,0,0,0,9914,42.38658100075554,55.46382399916183,221.71186299237888,161.6001489892369
4,0,0,0,0,0,0,83,120.84177699580323,165.05680400587153,231.1177130031865,152.46763499453664
2,0,0,0,0,0,0,371,123.28722000529524,173.7147709936835,319.1035719937645,163.5336049948819
4,0,0,0,0,0,0,19,117.43544800265227,91.48220700444654,170.23426199739333,88.38749201095197
1,0,0,0,0,0,0,1901,110.99240300245583,148.9481419994263,282.1506010077428,148.0570449930383
1,0,0,0,0,0,0,8533,95.14804498758167,135.80031399033032,270.7559899863554,157.15806100342888
2,0,0,0,0,0,0,274,115.9856000012951,138.71450399165042,154.77518600528128,75.41844999650493
4,0,0,0,0,0,0,408,127.8403239994077,183.94823900598567,333.0846929893596,170.25634899619035
11,0,0,0,0,0,0,6,137.95148499775678,196.82780400034972,372.27177098975517,185.39891799446195
9,0,0,0,0,0,0,1,130.7678689918248,185.11153900180943,350.8537099987734,169.51944299216848
1,0,0,0,0,0,0,9122,64.79817700164858,87.53295100177638,220.86629099794663,159.65001900622156
18,0,0,0,2,0,1,1,129.91451400739606,174.12209999747574,367.10472400591243,157.3141919943737
2,0,0,0,0,0,0,3532,109.45478500798345,152.04357300535776,290.53899200516753,166.0878370021237
2,0,0,0,0,0,0,237,120.77445100294426,170.1886250084499,315.71860499389004,165.74921300343703
2,0,0,0,0,0,0,1320,117.93860800389666,168.61582799174357,308.0530939914752,157.16915600933135
1,0,0,0,0,0,0,8533,97.1662359952461,136.6691669973079,272.8647909971187,152.61806501075625
1,0,0,0,0,0,0,8399,79.59482799924444,109.25827900064178,243.81689699657727,159.80894499807619
3,0,0,0,0,0,0,331,119.11805599811487,164.71264499705285,306.84904000372626,148.92399800010026
4,0,0,0,0,0,0,49,120.85257600119803,172.59589199966285,316.2794439995196,154.55776899761986
14,0,0,0,2,0,1,42,121.96474200754892,162.9103470040718,356.43923599855043,147.97632599947974
6,0,0,0,1,0,1,33,349.91940499457996,180.93468999722973,558.9043469954049,173.62605599919334
5,0,0,0,0,0,0,5,124.01169798977207,172.22249899350572,323.40194599237293,155.80979200603906
2,0,0,0,0,0,0,303,80.92978000058793,89.69379699556157,227.67394699621946,167.64717899786774
2,0,0,0,0,0,0,877,126.7042019899236,173.5774420085363,318.5252550028963,165.26547000103164
5,0,0,0,1,0,1,405,224.7691369993845,257.9136519925669,413.258508007857,437.74961499730125
1,0,0,0,0,0,0,9122,67.09058900014497,87.58166601182893,219.3175499996869,156.74453899555374
6,0,0,0,0,0,0,1,123.50795400561765,171.85771599179134,328.9735950093018,160.25218200229574
16,0,0,0,2,0,1,2,524.8789719917113,507.5325240031816,588.5486799961654,445.2398709981935
1,0,0,0,0,0,0,9914,82.2899549966678,108.7665230006678,244.95001199829858,158.66576200642157
5,0,0,0,1,0,1,2,193.63370598875917,93.3616609981982,351.5696999966167,170.7069410040276
1,0,0,0,0,0,0,8399,79.66566199320368,83.53781099140178,124.35010500485078,80.50562799326144
135,0,0,0,27,0,1,1,420.1073069998529,390.49100400006864,1004.8736370081315,226.31900300621055
1,0,0,0,0,0,0,8399,78.78181000705808,109.04101199412253,242.6656200113939,156.38627800217364
3,0,0,0,0,0,0,1484,125.54290100524668,176.6039210051531,321.3528009946458,169.82451299554668
2,0,0,0,0,0,0,371,124.21287900360767,173.4050439990824,318.78215800679754,164.27834899513982
5,0,0,0,0,0,0,104,122.31727100152057,170.62703499686904,324.90001899714116,159.37233400472905
2,0,0,0,0,0,0,2666,99.9476810102351,138.9516380004352,278.1296629982535,139.55939799780026
4,0,0,0,0,0,0,528,119.8512029950507,169.3149769998854,319.3835939891869,161.5900530014187
1,0,0,0,0,0,0,9122,35.70731599756982,70.73332800064236,209.1614779928932,125.6085459899623
2,0,0,0,0,0,0,2666,70.0841380021302,70.75955100299325,240.97056601021904,158.06997400068212
1,0,0,0,0,0,0,8399,78.57102600974031,108.39592599950265,239.94568099442404,156.7310459940927
2,0,0,0,0,0,0,348,117.52251799043734,161.94190199894365,297.8974430006929,147.1988249977585
13,0,0,0,1,0,1,1,60.8726310019847,144.41323999199085,342.25712400802877,116.71192500216421
3,0,0,0,0,0,0,579,128.31303400162142,180.3707939980086,327.7698890015017,170.2552850038046
1,0,0,0,0,0,0,2186,109.70454399648588,151.18715600692667,288.3252640021965,151.175537990639
1,0,0,0,0,0,0,8533,100.26868899876717,136.77266499144025,194.7794680017978,155.54500601137988
11,0,0,0,2,0,1,1,122.0023450005101,163.78976000123657,346.7716689920053,149.3425799999386
15,0,0,0,0,0,0,5,144.32265701179858,202.11917700362392,389.05544800218195,190.50079199951142
4,0,0,0,1,0,1,35,63.49164400307927,85.62847699795384,317.32522300444543,152.49681199202314
3,0,0,0,0,0,0,588,124.80166299792472,173.48780600877944,316.58688400057144,169.61170399736147
6,0,0,0,0,0,0,1,92.80450799269602,90.77733699814416,189.08279400784522,170.3548520017648
3,0,0,0,0,0,0,18,131.21119899733458,184.90433499391656,332.26134299184196,169.85849000047892
1,0,0,0,0,0,0,9230,52.355433988850564,68.24777400470339,197.79382400156464,151.2049599987222
53,0,0,0,9,0,1,1,421.30795899720397,387.6372230006382,525.487376988167,115.5497750005452
2,0,0,0,0,0,0,3532,110.14832500950433,152.4649839993799,295.263267995324,169.29710299882572
4,0,0,0,1,0,1,461,304.9200950044906,174.60011699586175,467.756689991802,187.52828499418683
1,0,0,0,0,0,0,9230,53.35727699275594,67.52594299905468,196.1367179901572,152.79128101246897
1,0,0,0,0,0,0,9230,28.611039990209974,55.461490992456675,198.9424809871707,152.79837799607776
1,0,0,0,0,0,0,8399,79.30683399899863,107.40131999773439,244.13601799460594,156.14890499273315
3,0,0,0,0,0,0,521,118.55498900695238,160.53050399932545,241.04276498837862,89.86705700226594
8,0,0,0,0,0,0,3,122.94770299922675,168.47717500058934,327.2391259961296,110.274432998267
56,0,0,0,3,0,1,1,489.0968929976225,535.5257369956234,403.1776810006704,290.5596080090618
21,0,0,0,1,0,1,1,122.6189299923135,172.88552099489607,379.0156860050047,158.26146000472363
4,0,0,0,0,0,0,329,127.89001599594485,181.1454910057364,186.53713499952573,87.54200099792797
1,0,0,0,0,0,0,8399,78.00647399562877,106.17560900573153,238.19043699768372,156.67685298831202
9,0,0,0,1,0,1,1,389.0574309916701,190.13302800885867,616.7994260031264,188.14274499891326
1,0,0,0,0,0,0,9122,67.75170100445393,88.48971099359915,136.60695699218195,80.84731300186832
2,0,0,0,0,0,0,4804,112.65048100904096,155.56457900675014,297.35202399024274,173.43981900194194
2,0,0,0,0,0,0,4475,106.07631399761885,145.9604190022219,285.06981299142353,169.10617500252556
1,0,0,0,0,0,0,1901,106.12186300568283,145.32578000216745,282.43540500989184,147.04259000427555
3,0,0,0,0,0,0,1484,92.52316599304322,175.10678099642973,320.5025549978018,172.83642799884547
2,0,0,0,0,0,0,1556,59.26440599432681,82.48709100007545,152.7474250033265,81.57848000701051
2,0,0,0,0,0,0,2666,98.41597999911755,139.425711997319,279.2686250031693,159.73682499316055
2,0,0,0,0,0,0,2666,53.03243899834342,71.60454599943478,144.02897100080736,81.36764699884225
4,0,0,0,0,0,0,5,133.4062539972365,181.03002500720322,333.07267700729426,125.53023900545668
5,0,0,0,1,0,1,46,120.54051300219726,166.05568600061815,317.22034500853624,149.53822699317243
10,0,0,0,0,0,0,1,120.83369398897048,162.6756990008289,325.51591299124993,151.74535899132024
99,0,0,0,19,0,1,1,135.7913449901389,184.79162598669063,737.6687320065685,173.46629498933908
7,0,0,0,0,0,0,4,62.363799996091984,154.2423829960171,185.22489599126857,128.92409300548024
15,0,0,0,1,0,1,21,652.7553420019103,736.0590239986777,517.5208139989991,404.00616799888667
42,0,0,0,3,0,1,1,605.4797380056698,565.6155850010691,626.2231260043336,388.31186000606976
3,0,0,0,0,0,0,100,118.79278700507712,163.41997899871785,309.8312609945424,146.64874100708403
4,0,0,0,0,0,0,91,122.6323040027637,169.7940130106872,318.44192699645646,156.39029900194146
2,0,0,0,0,0,0,3160,117.02887499995995,166.00019099132624,298.1286920112325,153.95808999892324
4,0,0,0,0,0,0,53,120.63898000633344,89.7475800011307,203.87100499647204,117.00466899492312
1,0,0,0,0,0,0,9122,66.265603993088,87.49378799984697,133.0803129967535,116.77758299629204
71,0,0,0,15,0,1,1,145.16679200460203,183.17417398793623,601.7247489944566,170.0295670016203
74,0,0,0,4,0,1,1,655.8943370037014,612.1132249973016,605.4193809977733,373.3327170048142
1,0,0,0,0,0,0,8533,100.86723999120295,135.38654400326777,274.79722099087667,154.78878098656423
116,0,0,0,9,0,1,1,706.5790130000096,525.8055619924562,776.0350370081142,189.60888900619466
35,0,0,0,2,0,1,1,567.6998939889017,535.613309009932,583.0645149981137,399.6056049945764
5,0,0,0,0,0,0,1,131.05110000469722,180.03232699993532,298.9673470001435,170.21717799070757
4,0,0,0,0,0,0,15,64.60750299447682,86.15093999833334,298.4634879976511,155.81899401149713
4,0,0,0,1,0,1,405,131.90344399481546,186.71266800083686,330.72090800851583,169.51197100570425
1,0,0,0,0,0,0,3085,102.5727030064445,142.44060400233138,280.95455600123387,149.16628900391515
5,0,0,0,1,0,1,19,129.46688100055326,125.98823300504591,290.16266600228846,170.21924699656665
8,0,0,0,1,0,1,3,99.1479740041541,109.59967201051768,192.06203399517108,154.87430698703974
84,0,0,0,15,0,1,1,127.87572899833322,177.25368798710406,656.478677992709,163.53553500084672
4,0,0,0,1,0,1,3,368.4905410045758,194.18541601044126,379.0990499983309,89.99091800069436
26,0,0,0,2,0,1,1,639.2668159969617,573.7308630050393,585.1595699932659,448.0661520065041
1,0,0,0,0,0,0,8399,78.63905400154181,107.78738200315274,240.76570999750402,155.03476400044747
4,0,0,0,0,0,0,46,166.5827020042343,143.06509599555284,318.2711599947652,156.44195400818717
3,0,0,0,0,0,0,1484,123.63948801066726,174.92125798889901,319.5976930001052,170.2934670029208
1,0,0,0,0,0,0,9122,65.84478699369356,86.14627600763924,217.14813500875607,156.2723079987336
1,0,0,0,0,0,0,1901,105.4894359986065,146.4952790120151,285.76058700855356,149.94755500811152
5,0,0,0,1,0,1,40,364.5409620075952,182.19676599255763,551.222271998995,172.30553399713244
1,0,0,0,0,0,0,9230,52.82129399711266,67.44918999902438,197.25809000374284,149.3483130034292
1,0,0,0,0,0,0,3085,102.08772400801536,141.34736299456563,278.7169450020883,148.89915200183168
20,0,0,0,3,0,1,1,124.48379099078011,163.44421700341627,375.0683950056555,146.3416480110027
1,0,0,0,0,0,0,9914,80.24746699084062,107.00413399899844,243.69595800817478,159.0039959992282
3,0,0,0,1,0,1,1445,140.9223600057885,166.6813500050921,224.5350960001815,183.70694799523335
7,0,0,0,0,0,0,1,131.04624798870645,181.72907800180838,342.50097601034213,168.88007000670768
2,0,0,0,0,0,0,4475,104.07961798773613,145.06769301078748,284.8742619971745,169.91095700359438
1,0,0,0,0,0,0,8399,80.33034599793609,108.19210699992254,244.9118130025454,157.39458199823275
1,0,0,0,0,0,0,9914,80.57357900543138,110.22439699445385,241.1812680074945,158.5435370070627
2,0,0,0,0,0,0,4475,55.65001298964489,72.62669000192545,145.69598199159373,86.27467199403327
4,0,0,0,0,0,0,83,120.75087398989126,166.96464800043032,311.53407400415745,151.6076950065326
5,0,0,0,0,0,0,18,118.8577470020391,161.3365750090452,310.5471650051186,148.28689199930523
2,0,0,0,0,0,0,4475,99.19464899576269,109.75932600558735,144.51329899020493,85.51232400350273
6,0,0,0,1,0,1,3,131.55769401055295,175.04928300331812,338.43529599835165,157.8971020062454
8,0,0,0,2,0,1,16,370.40736099879723,183.60049500188325,574.2747070034966,124.67655100044794
2,0,0,0,0,0,0,3627,62.63162099639885,80.98115000757389,271.29732200410217,166.8006779946154
8,0,0,0,2,0,1,16,372.79568999656476,184.92037399846595,572.9302300023846,176.45357600122225
3,0,0,0,0,0,0,1484,128.166088994476,176.05347601056565,325.50088899733964,173.90517400053795
2,0,0,0,0,0,0,4804,113.27289600740187,117.33939099940471,270.4948730097385,88.69653100555297
4,0,0,0,0,0,0,126,131.50145500549115,183.3034479932394,330.66815399797633,171.14421300357208
2,0,0,0,0,0,0,1290,113.44260799523909,157.82836699509062,296.3640870002564,156.6205440030899
4,0,0,0,0,0,0,5,132.97472801059484,181.92891500075348,337.40902799763717,168.8217490009265
25,0,0,0,6,0,1,1,367.6910520007368,181.9796670024516,595.554818995879,176.61149900231976
48,0,0,0,9,0,1,1,130.53263300389517,177.61405000055674,511.831007010187,163.8979729905259
4,0,0,0,0,0,0,15,124.53250998805743,175.7117789966287,319.51024899899494,159.2276229930576
2,0,0,0,0,0,0,1340,115.5711409955984,163.77228900091723,302.69876899546944,169.1177559987409
4,0,0,0,1,0,1,27,192.57338700117543,95.06919101113454,486.6719769925112,179.19510799401905
4,0,0,0,1,0,1,71,311.7823250067886,181.27630399249028,555.9595640079351,172.95114899752662
100,0,0,0,7,0,1,1,632.7803299936932,558.7216170097236,684.5398229925195,404.25259800394997
170,0,0,0,8,0,1,1,659.7755959955975,624.0676300076302,881.6649120126385,319.7459609946236
12,0,0,0,2,0,1,2,119.12050298997201,90.72683300473727,189.1717310063541,165.87144900404382
4,0,0,0,0,0,0,310,84.16552300332114,168.10491599608213,319.4638849963667,158.98850999656133
17,0,0,0,3,0,1,1,435.6299209903227,421.4541750116041,574.4727820128901,202.82818700070493
5,0,0,0,0,0,0,51,125.59543098905124,172.51896401285194,327.14986000792123,158.57342300296295
5,0,0,0,1,0,1,2,371.2904229905689,181.525216990849,559.5549889985705,172.2640019870596
3,0,0,0,0,0,0,1070,127.31820800399873,181.8289399961941,325.1549519918626,167.7479170029983
2,0,0,0,0,0,0,1340,116.81445699650794,157.495248990017,155.60570800153073,91.79659499204718
3,0,0,0,0,0,0,246,122.04278299759608,172.90703699109145,295.92153799603693,170.69132899632677
3,0,0,0,1,0,1,330,351.9979940028861,240.11477200838272,356.73690598923713,328.7367860029917
4,0,0,0,0,0,0,80,130.45809901086614,185.24251099734101,330.96138200198766,169.38181800651364
11,0,0,0,1,0,1,1,115.94974300533067,163.44597599527333,338.4803689987166,140.2011680038413
1,0,0,0,0,0,0,8399,79.86198899743613,78.94006099377293,163.23591099353507,159.04443799809087
2,0,0,0,0,0,0,3627,113.85717798839323,164.41182501148432,301.7198820016347,166.1053990101209
1,0,0,0,0,0,0,8533,98.87843301112298,138.41527901240624,270.78521400108,153.67704701202456
1,0,0,0,0,0,0,8533,98.52246100490447,136.26163901062682,227.56024901173078,81.003226005123
11,0,0,0,2,0,1,1,127.27504799840972,175.20439000509214,364.18430400954094,164.22159501235
3,0,0,0,0,0,0,97,68.26534800347872,92.55810199829284,256.13195898768026,167.91376999753993
4,0,0,0,0,0,0,77,127.42427000193857,178.2959729898721,333.5584089945769,168.6268729972653
4,0,0,0,1,0,1,132,393.977701998665,193.81761898694094,568.6135830037529,181.9889689941192
1,0,0,0,0,0,0,9230,53.373176997411065,67.6746009994531,197.03223099349998,152.6418180001201
2,0,0,0,0,0,0,3627,119.54598600277677,163.92417400493287,309.86528799985535,170.5194629903417
3,0,0,0,0,0,0,1484,123.35932400310412,171.8597629951546,321.3684709917288,171.07297100301366
136,0,0,0,10,0,1,1,663.7405670044245,618.4797180030728,929.9849800008815,297.23006499989424
7,0,0,0,1,0,1,15,129.52304699865635,170.1711339992471,235.91424099868163,80.13895701151341
9,0,0,0,1,0,1,2,118.90898601268418,165.5095949972747,330.7741069875192,145.95507799822371
5,0,0,0,0,0,0,9,122.90896898775827,172.07470300490968,321.7489789967658,158.20753200387117
49,0,0,0,3,0,1,1,406.05141600826755,405.19229699566495,778.5499199962942,481.18118799175136
2,0,0,0,0,0,0,3160,116.01190800138284,165.66287299792748,298.9828190038679,152.7081829990493
19,0,0,0,4,0,1,1,212.07680099178106,200.56831699912436,448.84075899608433,345.6462280009873
1,0,0,0,0,0,0,9914,81.52622600027826,111.41797300660983,244.89955199533142,159.33288499945775
2,0,0,0,0,0,0,877,126.64407800184563,176.07408000912983,323.9254169893684,167.17071799212135
3,0,0,0,0,0,0,521,61.94932298967615,99.82745398883708,302.41255200235173,148.41675499337725
4,0,0,0,0,0,0,223,123.1815409992123,170.77998799504712,319.6919309993973,158.14797100028954
31,0,0,0,4,0,1,1,382.83018600486685,374.9341899965657,374.94612400769256,291.7523159994744
6,0,0,0,0,0,0,4,122.71263499860652,139.86259100784082,274.0360190073261,160.4128039907664
15,0,0,0,1,0,1,21,665.4503600002499,729.8092689889017,313.23587299266364,204.72203601093497
3,0,0,0,0,0,0,472,124.24247399030719,176.41864401230123,329.34779301285744,165.4057450068649
1,0,0,0,0,0,0,9122,66.0836239985656,87.31204799551051,219.09862400207203,157.2599860082846
2,0,0,0,0,0,0,966,114.95676600316074,164.93093699682504,306.7380989959929,156.97139500116464
4,0,0,0,0,0,0,77,65.91463500808459,86.1839450080879,164.36314801103435,82.55680400179699
3,0,0,0,0,0,0,1626,129.77679999312386,181.52370500320103,326.21300900063943,178.0394320085179
2,0,0,0,0,0,0,856,118.7206329923356,168.3517130004475,303.3722110121744,155.93403100501746
2,0,0,0,0,0,0,3160,115.89675200229976,161.11374698812142,299.7505929961335,155.3487859928282
1,0,0,0,0,0,0,9230,53.233797996654175,68.69323999853805,198.50238200160675,154.08290601044428
2,0,0,0,0,0,0,4804,115.26018400036264,156.86779300449416,297.1800809900742,174.74479199154302
2,0,0,0,0,0,0,4475,54.27790799876675,72.69773699226789,146.7574520065682,87.39798600436188
5,0,0,0,1,0,1,12,125.34146700636484,171.22292700514663,330.33999100734945,157.00633099186234
3,0,0,0,0,0,0,1002,122.87130999902729,171.29287999705411,315.14722999418154,176.5937759919325
5,0,0,0,1,0,1,298,337.82308601075783,176.4019590045791,504.43383200035896,181.90375999256503
1,0,0,0,0,0,0,1901,55.44495300273411,73.25561399920844,145.04606400441844,75.87708000210114
1,0,0,0,0,0,0,3085,102.88753799977712,142.64901699789334,275.83800299908035,146.40790299745277
2,0,0,0,0,0,0,4804,113.06907299149316,154.94692699576262,295.705958007602,175.25067400129046
6,0,0,0,1,0,1,142,129.63843300531153,171.28780799976084,333.9844399888534,161.4520310104126
3,0,0,0,0,0,0,1484,122.09140599588864,173.16759999084752,321.86520598770585,171.98148000170477
1,0,0,0,0,0,0,8533,98.27507100999355,124.45935599680524,140.48643100250047,100.76246700191405
6,0,0,0,1,0,1,132,380.70213100581896,461.7089959938312,593.8824740005657,459.2840149998665
2,0,0,0,0,0,0,1827,108.22593199554831,151.62437000253703,286.152085987851,148.5346120025497
4,0,0,0,0,0,0,384,128.66076499631163,180.05774900666438,330.9824949974427,169.72749499836937
2,0,0,0,0,0,0,78,62.56368999311235,101.98272200068459,303.37265999696683,145.66819200990722
4,0,0,0,0,0,0,49,129.48457499442156,182.2144309990108,334.27149000635836,119.27296999783721
6,0,0,0,0,0,0,2,123.95051600469742,174.81469400809146,321.86802400974557,153.770128992619
6,0,0,0,0,0,0,1,123.83168000087608,172.45454799558502,325.3275410097558,157.2865790076321
4,0,0,0,0,0,0,91,126.08554000325967,102.93811000883579,162.1896580036264,80.69804499973543
5,0,0,0,0,0,0,3,124.73822900210507,174.5688500086544,327.5261649978347,162.80192500562407
9,0,0,0,0,0,0,2,130.54196900338866,179.9329450004734,348.0098040017765,169.9223460018402
32,0,0,0,4,0,1,1,67.92368499736767,122.78530700132251,426.5555000019958,156.70341299846768
1,0,0,0,0,0,0,8533,101.48085500986781,138.72604799689725,274.5643270027358,154.42372599500231
1,0,0,0,0,0,0,1901,55.1684509991901,75.78553100756835,144.96410499850754,74.85757699760143
40,0,0,0,7,0,1,1,128.86473099933937,173.29847598739434,471.86215900001116,157.14780600683298
5,0,0,0,1,0,1,154,124.43018700287212,168.43790300481487,328.0364649981493,159.0495800046483
16,0,0,0,1,0,1,39,707.7967700024601,787.0364410046022,639.6131190122105,515.7730850041844
1,0,0,0,0,0,0,8533,97.68205400905572,140.17663098638877,270.3492139989976,154.09489799640141
1,0,0,0,0,0,0,2186,109.85316100413911,151.80815498752054,288.0791009956738,151.06670300883707
4,0,0,0,0,0,0,384,69.473683994147,90.5321360041853,168.08580899669323,87.98073799698614
2,0,0,0,0,0,0,35,122.55765299778432,169.8584700061474,312.95554600364994,156.93038600147702
3,0,0,0,0,0,0,70,118.42298500414472,161.8005170021206,304.4469919987023,146.7030200001318
9,0,0,0,0,0,0,1,131.49263300874736,184.02996299846563,347.1278370125219,157.22453700436745
3,0,0,0,0,0,0,12,127.21231899922714,176.63923399231862,197.97424900752958,158.73108600499108
5,0,0,0,1,0,1,12,125.08629000512883,172.47582599520683,331.322756013833,156.9821650045924
1,0,0,0,0,0,0,8533,98.08145799615886,137.49405200360343,270.594728004653,153.0296750133857
7,0,0,0,0,0,0,4,123.48039200878702,169.1661450022366,331.51319400349166,158.8297710113693
4,0,0,0,0,0,0,51,118.87500100419857,163.14312499889638,311.92314700456336,147.6926960021956
1,0,0,0,0,0,0,8533,99.11347000161186,138.97408299089875,272.01599899854045,152.34529800363816
3,0,0,0,0,0,0,5,107.3184960114304,111.17904300044756,301.75765899184626,151.07889300270472
1,0,0,0,0,0,0,9914,46.61268999916501,55.20901999261696,125.21826500596944,82.51258899690583
6,0,0,0,0,0,0,2,119.15778700495139,164.8512660030974,315.2453590009827,150.05779099010397
3,0,0,0,0,0,0,208,118.03837200568523,160.38294399913866,303.90584300039336,146.38776000356302
5,0,0,0,1,0,1,50,67.75354999990668,152.80732700193767,330.3213900071569,160.67221800039988
1,0,0,0,0,0,0,8399,77.93908800522331,109.1874249977991,227.281571002095,80.46208599989768
5,0,0,0,0,0,0,67,116.97620399354491,163.49133300536778,313.4469020005781,148.85917500942014
33,0,0,0,2,0,1,1,589.8819830035791,560.877085008542,636.9844769942574,456.91977300157305
5,0,0,0,1,0,1,4,128.34710298920982,173.57799099409021,329.9612490081927,157.39530400605872
3,0,0,0,0,0,0,1862,64.90467699768487,99.98749500664417,315.625147006358,171.35372599295806
2,0,0,0,0,0,0,3532,109.86495099496096,153.739328001393,294.3655499984743,171.86180299904663
6,0,0,0,0,0,0,20,133.37490298727062,183.99464100366458,343.56931000365876,169.48370799946133
2,0,0,0,0,0,0,3532,58.50044700491708,78.644464010722,149.97627600678243,86.89445999334566
3,0,0,0,0,0,0,128,120.29354000696912,163.6526749935001,310.22682100592647,152.28433599986602
2,0,0,0,0,0,0,1340,114.53338699357118,160.78083499451168,303.9975389983738,168.51267199672293
3,0,0,0,0,0,0,516,81.9869739934802,91.26209600071888,168.95912200561725,160.56556699913926
4,0,0,0,0,0,0,383,123.13478799478617,172.550194998621,321.2893680029083,177.96533499495126
2,0,0,0,0,0,0,237,124.0404060081346,174.44123300083447,316.0803630016744,165.9490730089601
13,0,0,0,2,0,1,4,407.45950100244954,388.1941010040464,390.2292970014969,99.67520899954252
5,0,0,0,0,0,0,79,120.95971599046607,165.21707299398258,311.83541400241666,150.62737700645812
3,0,0,0,0,0,0,579,66.17954600369558,93.21498300414532,332.1997739985818,171.36511200806126
3,0,0,0,0,0,0,433,123.50360701384488,167.38252999493852,270.64120999420993,157.41597200394608
1,0,0,0,0,0,0,9914,81.78295000107028,112.24072599725332,247.0892239944078,158.46170599979814
21,0,0,0,4,0,1,1,370.7940039894311,179.53495901019778,621.9346900033997,171.37201300647575
5,0,0,0,0,0,0,5,111.17159399145748,164.37677400244866,285.3907079988858,146.10618600272574
13,0,0,0,4,0,1,9,380.9984289982822,355.6457520026015,593.2946960092522,175.72262199246325
6,0,0,0,1,0,1,188,474.0678310045041,393.65239700418897,288.0916810099734,332.0810199948028
6,0,0,0,1,0,1,71,134.8019309953088,175.9059859905392,336.4890299999388,164.59815799316857
7,0,0,0,0,0,0,34,130.09298300312366,182.52999700780492,338.7680790037848,170.00276200997178
1,0,0,0,0,0,0,8399,78.78267699561547,107.55802600760944,242.69048900168855,155.5313269927865
2,0,0,0,0,0,0,3532,59.43070001376327,77.53752999997232,154.5775029953802,168.0909389979206
2,0,0,0,0,0,0,4475,106.90275000524707,148.38548400439322,185.12995800119825,86.50908699200954
2,0,0,0,0,0,0,1556,111.9788130017696,158.410192001611,300.14648199721705,157.60134199808817
13,0,0,0,4,0,1,25,368.5461369896075,352.68457399797626,580.2132679964416,203.12694300082512
2,0,0,0,0,0,0,3627,114.23615401145071,161.82183599448763,301.12716399889905,164.52788899187
14,0,0,0,1,0,1,49,694.5930549991317,747.5459580018651,661.596701000235,510.8060810016468
32,0,0,0,2,0,1,1,597.4720939993858,477.02771400508936,585.1640120090451,407.2200869995868
3,0,0,0,0,0,0,521,114.96933600574266,162.94541700335685,301.7687559913611,149.44443700369447
1,0,0,0,0,0,0,8533,98.5599249979714,137.49630100210197,248.89808500302024,154.3246579967672
5,0,0,0,0,0,0,53,121.80242099566385,174.1068660048768,327.6179139938904,161.14302699861582
1,0,0,0,0,0,0,9914,71.8564210110344,56.39858898939565,125.1121340028476,131.84936299512628
2,0,0,0,0,0,0,3532,109.19119299796876,152.42410100472625,213.29848299501464,86.53351399698295
6,0,0,0,0,0,0,8,125.9436209948035,177.198931996827,329.09524599381257,159.56866300257389
4,0,0,0,0,0,0,49,129.92879400553647,184.36949599708896,332.11436300189234,171.01424100110307
3,0,0,0,0,0,0,521,115.31388900766615,159.02002798975445,304.40900700341444,150.96447100222576
18,0,0,0,3,0,1,1,127.38348699349444,168.66404000029434,291.5219559945399,75.52521400793921
3,0,0,0,0,0,0,2044,123.60779799928423,171.4419930067379,320.59642700187396,170.2692419930827
62,0,0,0,13,0,1,1,281.49159500026144,273.0205650004791,797.6665669993963,192.32322499738075
2,0,0,0,0,0,0,4475,107.91173500183504,145.97818400943652,283.16076200280804,171.6724870057078
3,0,0,0,1,0,1,1479,340.7462719915202,410.2309459995013,532.5962619972415,361.5687709971098
3,0,0,0,0,0,0,1862,124.12185499852058,173.35651299799792,320.8750119956676,173.70521200064104
4,0,0,0,0,0,0,20,63.28879499051254,84.3045440124115,157.5808500056155,75.38373999705072
2,0,0,0,0,0,0,536,100.42993098613806,165.94739598804154,307.6563180075027,155.44761800265405
2,0,0,0,0,0,0,325,63.88366200553719,116.94097000872716,309.07889500667807,157.4748620041646
9,0,0,0,1,0,1,1,391.74912199086975,192.45901399699505,611.5469189971918,186.8570369988447
3,0,0,0,0,0,0,588,126.10221200156957,173.43393800547346,322.35833900631405,171.68676400615368
5,0,0,0,0,0,0,8,131.13930300460197,180.97321299137548,336.69221500167623,172.11734000011347
29,0,0,0,2,0,1,1,622.5319210061571,627.9342409980018,535.1583449955797,139.75176100211684
3,0,0,0,1,0,1,330,218.81084400229156,341.5289170079632,569.8944809992099,484.1168220009422
8,0,0,0,1,0,1,3,398.89143699838314,198.93572200089693,611.1765859968727,189.07327299530152
2,0,0,0,0,0,0,1827,57.80646100174636,77.27600600628648,209.3435930000851,149.09594799974002
1,0,0,0,0,0,0,8533,97.94124698964879,134.81359800789505,176.6040569928009,79.40770201093983
3,0,0,0,0,0,0,342,115.56483400636353,160.50522499426734,306.0612129920628,150.10160699603148
4,0,0,0,1,0,1,530,369.72170299850404,443.382704994292,455.15437801077496,372.9945340019185
2,0,0,0,0,0,0,4804,112.42211300123017,161.07637199456804,292.99331999209244,171.13889601023402
3,0,0,0,0,0,0,1484,65.34597699646838,87.58043800480664,165.60830100206658,89.08843000244815
6,0,0,0,0,0,0,21,122.82276699261274,170.1619350060355,324.606483001844,157.05748900654726
9,0,0,0,0,0,0,1,123.46720500499941,169.9753110005986,334.477850003168,160.58822399645578
8,0,0,0,0,0,0,1,127.595214988105,177.93340899515897,344.1467079974245,92.61387000151444
8,0,0,0,1,0,1,2,123.8219460065011,169.56152999773622,330.68543899571523,147.36117399297655
2,0,0,0,0,0,0,1827,111.8297899956815,155.73563399084378,288.63093700783793,148.56066300126258
1,0,0,0,0,0,0,3085,103.17432100418955,141.37521700467914,183.82816200028174,76.88809499086346
1,0,0,0,0,0,0,9914,77.24673999473453,109.56589299894404,242.97047501022462,160.26324999984354
1,0,0,0,0,0,0,9914,81.64988800126594,110.81360500247683,243.41261900553945,158.81681599421427
5,0,0,0,1,0,1,154,125.62392299878411,166.78182300529443,327.73170800646767,158.32206499180757
4,0,0,0,1,0,1,132,389.2012430005707,190.74923600419424,574.4524940091651,181.7154399905121
4,0,0,0,0,0,0,117,132.52543199632782,181.36087000311818,334.8884359875228,88.31442499649711
17,0,0,0,3,0,1,1,458.6014789965702,382.0777530054329,449.68425600382034,428.9934239932336
3,0,0,0,0,0,0,1484,125.61837099201512,173.96982200443745,304.5592449925607,170.2906100108521
4,0,0,0,1,0,1,236,124.52500998915639,173.98669499380048,323.2629749982152,163.50232998956926
1,0,0,0,0,0,0,1901,67.10120500065386,87.04876799311023,285.1703600026667,146.86928399896715
2,0,0,0,0,0,0,1340,60.18165899149608,80.33163601066917,154.00335000595078,86.32603198930155
4,0,0,0,0,0,0,383,120.72903799708001,171.79046499950346,313.1827780016465,174.2852940078592
2,0,0,0,0,0,0,4475,106.77857798873447,146.481602001586,281.428774993401,171.07408000447322
1,0,0,0,0,0,0,8399,78.22009400115348,107.5636419991497,240.81180299981497,148.9061009924626
276,0,0,0,53,0,1,1,146.44467699690722,191.27196400950197,1475.5593099980615,178.63422298978548
3,0,0,0,0,0,0,1448,60.121327987872064,80.85970600950532,237.55829701258335,152.4579190008808
2,0,0,0,0,0,0,3532,109.29382200993132,152.03789100633003,289.28778698900715,164.61700601212215
4,0,0,0,1,0,1,405,133.14190499659162,181.3633489946369,332.84121700853575,173.8229770126054
105,0,0,0,17,0,1,1,472.6531010092003,446.36682300188113,921.1938169901259,230.31438500038348
1,0,0,0,0,0,0,9230,52.79999799677171,69.01710300007835,199.8154189932393,152.2593600093387
3,0,0,0,0,0,0,521,62.14468399411999,136.3151609984925,304.980639994028,150.4932079988066
4,0,0,0,0,0,0,221,131.58518800628372,178.4283779998077,331.6875919990707,170.1606380083831
4,0,0,0,1,0,1,295,405.4625889984891,479.94478000327945,543.8738230004674,459.47912699193694
5,0,0,0,1,0,1,298,238.21227200096473,176.5903920022538,498.9438250049716,167.25820399005897
3,0,0,0,0,0,0,472,127.2443369962275,175.8282519876957,327.20667400280945,167.3136989993509
2,0,0,0,0,0,0,2326,117.33347100380342,129.31813899194822,313.71788900287356,171.5995800041128
1,0,0,0,0,0,0,9122,67.4738689995138,87.37400600512046,220.04040100728162,157.06210599455517
74,0,0,0,15,0,1,1,132.8674550022697,185.66558399470523,638.5432100069011,171.7557949887123
10,0,0,0,1,0,1,1,70.42689999798313,90.71338801004458,189.5363100047689,168.20990499400068
147,0,0,0,28,0,1,1,128.7125399976503,176.66622200340498,909.3532989936648,155.64381500007585
37,0,0,0,9,0,1,1,137.1885789994849,179.00071600161027,391.9667820009636,160.59973600204103
3,0,0,0,0,0,0,527,122.87280199234374,171.694976001163,317.4195579922525,173.13308001030236
161,0,0,0,29,0,1,1,195.88003598619252,93.4784439887153,1057.5911280029686,178.10742899018805
1,0,0,0,0,0,0,9914,42.65408299397677,84.69742600573227,246.6504369949689,159.30852299788967
1,0,0,0,0,0,0,8533,98.55323701049201,132.20148600521497,138.69660400087014,140.61438498902135
1,0,0,0,0,0,0,8399,78.65440500609111,108.21376400417648,158.69956598908175,79.99405301234219
30,0,0,0,2,0,1,1,648.0529349937569,605.4591639986029,672.7425879944349,494.7177540016128
3,0,0,0,1,0,1,279,214.06918099091854,420.1875559956534,533.1930739921518,449.0891929890495
14,0,0,0,1,0,1,1,121.71785198734142,169.67837599804625,356.7125690024113,158.2586069998797
1,0,0,0,0,0,0,8533,98.98481500567868,138.79337599792052,268.55522600817494,155.03177700156812
3,0,0,0,0,0,0,368,121.01528399216477,111.08267500821967,159.5767260005232,80.66389999294188
3,0,0,0,0,0,0,2044,120.49655300506856,173.16855399985798,318.2131630019285,169.8466279922286
18,0,0,0,2,0,1,1,129.74248301179614,175.32151700288523,370.31395800295286,160.93727300176397
3,0,0,0,0,0,0,331,116.10014000325464,161.46863799076527,306.5795730071841,108.10406900418457
1,0,0,0,0,0,0,9122,67.3691200063331,89.78053399187047,223.25340600218624,206.4724749943707
3,0,0,0,0,0,0,18,77.60867998877075,182.1508709981572,332.33616399229504,168.12310500245076
2,0,0,0,0,0,0,4475,54.26106900267769,73.05818299937528,214.08893099578563,169.69039000105113
2,0,0,0,0,0,0,966,115.2526280056918,164.60734300198965,302.83958998916205,158.46457400766667
5,0,0,0,0,0,0,18,121.11938500311226,167.2475000086706,312.91920800867956,148.2461730047362
3,0,0,0,0,0,0,18,132.15118600055575,177.49813800037373,330.5712880101055,168.39756999979727
25,0,0,0,2,0,1,1,604.2814690008527,602.1093829913298,313.7820130068576,150.61723499093205
4,0,0,0,0,0,0,1,63.92755699926056,86.8718340061605,273.7317580031231,153.95662900118623
2,0,0,0,0,0,0,1320,116.97779099631589,165.81700700044166,305.2408670046134,155.49128300335724
75,0,0,0,13,0,1,1,131.13964001240674,172.9721550073009,616.2691650097258,156.74057400610764
3,0,0,0,0,0,0,1626,129.48703799338546,182.0088500098791,326.07339399692137,171.81780700047966
1,0,0,0,0,0,0,303,59.25761999969836,108.85760899691377,148.76154100056738,78.82367400452495
3,0,0,0,0,0,0,39,129.6245660050772,177.82797999097966,331.9852039858233,169.45288299757522
1,0,0,0,0,0,0,9914,81.38417000009213,109.85621000872925,173.6406340060057,157.43735599971842
3,0,0,0,0,0,0,602,126.81650700687896,181.00929200591054,326.87068500672467,171.9342769938521
6,0,0,0,0,0,0,4,125.2824800030794,174.31341001065448,325.3975950065069,160.07561900187284
7,0,0,0,1,0,1,1,126.34499400155619,170.78969000431243,334.19885899638757,158.52625500701834
8,0,0,0,1,0,1,116,556.2231490039267,592.0360589952907,455.987722001737,253.3840709947981
1,0,0,0,0,0,0,9122,66.5869520016713,89.89168000698555,220.2845310093835,156.68096700392198
1,0,0,0,0,0,0,9122,66.20595199638046,87.22399901307654,218.97729601187166,159.29930200218223
8,0,0,0,1,0,1,17,423.3391140005551,185.8463579992531,580.1242309971713,174.83630900096614
2,0,0,0,0,0,0,856,120.84959400817752,167.96026600059122,307.8417390061077,155.4410899989307
1,0,0,0,0,0,0,9230,53.865078996750526,67.62222800171003,198.08336299320217,150.33692900033202
3,0,0,0,0,0,0,285,120.36341500061098,170.00495000684168,317.7359379915288,159.0797639946686
5,0,0,0,0,0,0,1,104.16657901077997,92.81711299263407,170.23950899601914,130.448885000078
7,0,0,0,0,0,0,1,122.14210099773481,145.60168399475515,331.77760599937756,162.1417440037476
1,0,0,0,0,0,0,9914,80.06527900579385,109.13363200961612,245.60691299848258,159.95493899390567
3,0,0,0,0,0,0,1070,127.89372498809826,176.26105900853872,325.9131809900282,171.2174429994775
3,0,0,0,0,0,0,24,115.36624899599701,169.77612901246175,311.40326999593526,151.73198099364527
1,0,0,0,0,0,0,9230,53.20804999792017,68.46194399986416,199.80860299256165,152.07447999273427
9,0,0,0,0,0,0,1,118.63683800038416,164.842376994784,322.8603749885224,150.7666269899346
5,0,0,0,0,0,0,4,69.62288699287456,91.00094699533656,173.9303159993142,90.13804700225592
2,0,0,0,0,0,0,2666,68.40048200683668,102.22387000976596,279.5968639984494,158.28282400616445
3,0,0,0,0,0,0,1484,124.80392299767118,176.18493200279772,318.3211979921907,172.3845210071886
2,0,0,0,0,0,0,1827,108.4459039993817,148.99703199625947,288.0268159933621,151.8723529879935
6,0,0,0,0,0,0,2,123.01431199011859,172.87446399859618,326.94056499167345,156.6783969901735
35,0,0,0,2,0,1,1,498.56226399424486,530.4141189990332,383.02309000573587,290.20597200724296
2,0,0,0,0,0,0,3532,110.09275799733587,154.82078200147953,274.48644299875014,85.8208290010225
5,0,0,0,1,0,1,80,131.5645149879856,120.3079809929477,192.57565701263957,167.42768800759222
6,0,0,0,1,0,1,6,69.96929000888485,169.65384800278116,348.52318800403737,170.50628599827178
4,0,0,0,0,0,0,200,128.5959179949714,183.27831500209868,329.31786199333146,170.7397380087059
19,0,0,0,4,0,1,1,364.0751680068206,186.281397996936,599.231136002345,178.38961999223102
2,0,0,0,0,0,0,894,111.33185999642592,156.87024900398683,301.74554999393877,170.77384199365042
8,0,0,0,0,0,0,1,68.99420700210612,92.89040099247359,246.45265899016522,172.54893700010143
3,0,0,0,0,0,0,1070,126.26743099826854,176.53007699118461,326.2105210014852,168.64788200473413
3,0,0,0,0,0,0,521,113.3705510001164,161.9441920047393,254.10251900029834,148.62404399900697
4,0,0,0,0,0,0,126,130.8465190086281,173.23572500026785,171.93796999345068,89.77105900703464
30,0,0,0,2,0,1,1,641.8175029975828,602.1646769950166,670.4151849990012,489.10016599984374
1,0,0,0,0,0,0,1511,110.37849601416383,152.96518000832293,289.3577540089609,145.04200700321235
2,0,0,0,0,0,0,4804,115.16503601160366,159.53275200445205,299.4768300122814,174.99873299675528
3,0,0,0,1,0,1,1479,338.33431398670655,385.0743890070589,419.128975001513,452.8072490065824
3,0,0,0,0,0,0,128,63.01488199096639,85.0205260067014,160.50720200291835,82.56735699251294
42,0,0,0,2,0,1,2,690.9904600033769,646.3964330032468,466.4756650017807,276.7359029967338
2,0,0,0,0,0,0,72,116.29886599257588,166.21709999162704,299.35323499375954,146.9792290008627
8,0,0,0,0,0,0,1,122.54760500218254,171.09009600244462,332.6270389952697,161.5151259902632
1,0,0,0,0,0,0,8399,78.74438900034875,107.4385340034496,241.70392300584354,156.42573400691617
67,0,0,0,13,0,1,1,137.1188129996881,186.06493801053148,604.0744720085058,173.62051199597772
4,0,0,0,0,0,0,384,127.14139600575436,178.3230889996048,332.73195900255814,168.15987500012852
1,0,0,0,0,0,0,8533,97.77981699153315,132.89359498594422,268.34686899383087,153.86112600390334
9,0,0,0,1,0,1,3,86.71144799154717,171.18871300772298,338.9549979910953,157.47477099648677
11,0,0,0,1,0,1,1,124.00778199662454,175.9381510055391,350.64747200522106,158.94991900131572
46,0,0,0,3,0,1,1,579.6454240044113,312.0975269994233,325.1712189958198,201.07143599307165
3,0,0,0,0,0,0,1484,126.53094700362999,175.98637400078587,322.19607500883285,172.4741750076646
3,0,0,0,0,0,0,342,117.20782100746874,162.89152299577836,306.4061680051964,149.7019290109165
2,0,0,0,0,0,0,1556,110.93694900046103,159.09902499697637,295.41596901253797,154.7140939946985
2,0,0,0,0,0,0,33,118.99024300510064,165.90056200220715,304.5990060054464,150.04740399308503
5,0,0,0,0,0,0,312,125.4645950102713,170.8901340025477,321.19714200962335,179.92193601094186
3,0,0,0,0,0,0,560,67.33149901265278,159.4438499887474,321.2597800011281,172.1215760044288
49,0,0,0,9,0,1,1,130.57844499417115,168.40971700730734,509.4031409971649,156.38675999070983
3,0,0,0,0,0,0,1626,130.75184800254647,180.59756999718957,327.44890700269025,174.62418900686316
28,0,0,0,2,0,1,1,710.2572130097542,594.7453900007531,357.94280300615355,371.01622999762185
2,0,0,0,0,0,0,4804,111.40971799613908,159.18584399332758,300.0586989946896,173.2229310000548
1,0,0,0,0,0,0,8533,54.59808500017971,92.32194599462673,272.4900460016215,154.81651500158478
15,0,0,0,2,0,1,31,125.48376299673691,167.2553929965943,360.2428750018589,148.87144800741225
4,0,0,0,0,0,0,400,118.90822100394871,167.05728699162137,311.8221360055031,154.12017700145952
2,0,0,0,0,0,0,3160,116.32082899450324,162.41130299749784,298.64255199208856,154.34435800125357
5,0,0,0,1,0,1,5,226.17746799369343,101.10778399393894,295.95929200877436,96.38325800187886
6,0,0,0,1,0,1,188,443.64746600331273,303.5613530082628,555.7657489989651,453.7511899980018
4,0,0,0,0,0,0,67,130.0175560027128,184.76955901132897,308.0248160113115,89.84386599331629
1,0,0,0,0,0,0,9914,81.64023800054565,110.20174699660856,241.23045800661203,160.73019000759814
12,0,0,0,1,0,1,56,567.2633710055379,648.5625369969057,591.0632059967611,472.9113750072429
1,0,0,0,0,0,0,9230,53.14128800819162,68.02763500309084,201.31239198963158,154.09030500450172
25,0,0,0,1,0,1,1,557.8206589998445,669.6784890082199,429.96575200231746,278.62673699564766
22,0,0,0,4,0,1,1,374.1048679949017,183.22404799982905,624.1372210060945,170.017522003036
6,0,0,0,0,0,0,1,130.97229300183244,177.51222199876793,337.53986601368524,166.48600800544955
2,0,0,0,0,0,0,78,117.9916319961194,163.92277300474234,302.2039659990696,146.0125729936408
9,0,0,0,0,0,0,1,65.05812599789351,87.04350198968314,170.90608199941926,108.99031299049966
17,0,0,0,3,0,1,1,436.36158799927216,452.82719800889026,616.0106060124235,430.4196090088226
13,0,0,0,1,0,1,11,599.2753449972952,672.4224510107888,522.7794030070072,406.70345100807026
7,0,0,0,1,0,1,1,128.62774600216653,176.65535800915677,266.56704299966805,80.61257100780495
4,0,0,0,1,0,1,35,120.53979899792466,171.78181099006906,317.74351799685974,153.3232489891816
3,0,0,0,0,0,0,1626,131.6030449961545,182.9120970069198,324.54325699654873,171.84843099676073
2,0,0,0,0,0,0,4475,104.53752199828159,137.65296900237445,143.7503769993782,86.79262100486085
2,0,0,0,0,0,0,1556,112.0487040025182,160.2853529911954,303.0838659906294,155.46640299726278
5,0,0,0,0,0,0,13,128.71876799908932,183.69428199366666,339.85670100082643,169.655400008196
10,0,0,0,2,0,1,5,121.53804699482862,166.43976299383212,349.03841599589214,154.52384199306834
3,0,0,0,0,0,0,28,128.28140299825463,183.1414960033726,330.026943993289,170.4018279997399
1,0,0,0,0,0,0,8533,98.46601699246094,137.41772300272714,200.93876600731164,78.94518699322361
3,0,0,0,0,0,0,5,117.57344100624323,165.76323300250806,305.53864099783823,147.37628199509345
8,0,0,0,0,0,0,1,116.86467300751247,163.22933699120767,316.65375499869697,146.00900599907618
51,0,0,0,6,0,1,1,527.2988329961663,432.533405997674,740.0531840103213,320.55170901003294
9,0,0,0,0,0,0,3,136.86344599409495,189.41999699745793,357.0963300007861,177.26296199543867
3,0,0,0,0,0,0,1448,115.42104699765332,160.40199900453445,306.7337379907258,160.58872899156995
2,0,0,0,0,0,0,4475,106.45947000011802,74.53552998777013,146.92259499861393,87.35299100226257
23,0,0,0,3,0,1,1,422.79108900402207,414.19202800898347,644.7572889883304,428.1895050080493
13,0,0,0,2,0,1,1,116.89952800225001,162.58837599889375,350.8431490045041,148.57912401203066
8,0,0,0,0,0,0,4,124.277102004271,171.701936997124,328.77423100580927,155.61863699986134
2,0,0,0,0,0,0,15,128.02086998999584,179.58448600256816,317.82785399991553,164.6194859931711
5,0,0,0,1,0,1,93,215.6793949980056,353.75806399679277,573.1553039950086,461.15690800070297
5,0,0,0,0,0,0,40,94.60602200124413,83.57193200208712,226.00978499394841,154.17171499575488
2,0,0,0,0,0,0,303,126.98432100296486,179.66281600820366,326.0142960061785,168.45355500117876
15,0,0,0,2,0,1,31,125.02018999657594,161.98989799886476,360.7116990024224,148.72633799677715
1,0,0,0,0,0,0,4295,108.16292501112912,147.67931299866177,288.11546099314,151.9334900076501
38,0,0,0,2,0,1,13,649.7675290011102,591.4192769996589,536.6771180124488,397.86765999451745
9,0,0,0,1,0,1,233,559.5344489993295,641.898977002711,613.507849004236,385.6101249984931
1,0,0,0,0,0,0,9122,65.91481099894736,87.70486099820118,217.6263740111608,106.83359899849165
4,0,0,0,1,0,1,118,365.4973740049172,204.37582400336396,547.6315189880552,192.8020449995529
7,0,0,0,0,0,0,2,130.49509399570525,181.59305199515074,340.1170190045377,170.05958598747384
1,0,0,0,0,0,0,9230,28.29824599029962,35.31256200221833,172.198963991832,103.34726200380828
3,0,0,0,0,0,0,342,115.81266499706544,165.87952399277128,303.2100150012411,150.37727801245637
2,0,0,0,0,0,0,4475,104.712391999783,143.88284100277815,283.0699820042355,172.021546997712
2,0,0,0,0,0,0,4475,103.89619499619585,146.66171499993652,279.8989409930073,169.3612579983892
3,0,0,0,0,0,0,602,127.86641500133555,109.35817800054792,205.26159499422647,168.71171399543528
2,0,0,0,0,0,0,3627,115.96425301104318,159.8468390002381,304.66455899295397,170.04691100737546
8,0,0,0,0,0,0,1,121.276616002433,170.05883900856134,329.00741598859895,158.18020000006072
26,0,0,0,2,0,1,1,392.4342520040227,310.7610910083167,633.4230640059104,468.7023159931414
3,0,0,0,0,0,0,467,127.59576899406966,177.2519179939991,324.3581550050294,170.68427700723987
10,0,0,0,1,0,1,2,120.23756200505886,166.40991599706467,339.91602101013996,149.9640160036506
4,0,0,0,0,0,0,105,117.27687899838202,164.16544999810867,311.8221680051647,151.58145599707495
6,0,0,0,1,0,1,71,133.19601799594238,177.30338899127673,340.280428994447,166.99581500142813
5,0,0,0,0,0,0,18,116.92062600923236,162.51883600489236,306.5278170106467,146.83909200539347
3,0,0,0,0,0,0,331,117.97111399937421,160.80281299946364,307.0462430041516,151.7632559989579
1,0,0,0,0,0,0,9122,67.17583400313742,86.91353999893181,219.62756899301894,159.48371599370148
1,0,0,0,0,0,0,9122,66.65878101193812,88.21022699703462,220.47784298774786,154.3512600037502
2,0,0,0,0,0,0,4804,58.08051100757439,146.40988399332855,295.6909319909755,172.17184300534427
5,0,0,0,0,0,0,78,118.7386900128331,167.69488000136334,314.09240599896293,151.48837999731768
32,0,0,0,4,0,1,1,128.12325698905624,171.55892599839717,378.136375991744,156.95152200351004
26,0,0,0,5,0,1,1,359.04107800161,184.37213900324423,620.0658559973817,176.83019599644467
3,0,0,0,0,0,0,1484,126.39270100044087,174.9498790013604,321.05926299118437,174.54528699454386
3,0,0,0,0,0,0,579,127.02803099818993,180.6778710015351,328.71084999351297,169.09585100074764
106,0,0,0,5,0,1,1,293.61278300348204,272.5469490105752,823.6863000056474,361.18352400080767
21,0,0,0,2,0,1,2,551.9841630011797,517.4289439892164,568.5902289988007,418.86338400945533
5,0,0,0,0,0,0,110,121.15345100755803,167.75377100566402,317.6662519981619,153.04508598637767
5,0,0,0,1,0,1,277,368.6014260019874,183.83540899958462,449.49948698922526,106.35998600628227
1,0,0,0,0,0,0,9230,53.24712900619488,68.6109980015317,198.37397000810597,153.09273899765685
1,0,0,0,0,0,0,9122,65.94692899670918,88.60954600095283,217.76537000550888,155.69909100304358
17,0,0,0,3,0,1,1,248.47182200755924,257.2795730084181,375.47616999654565,388.8748290046351
12,0,0,0,1,0,1,1,127.24686499859672,162.1564309898531,341.829195007449,145.0428790121805
2,0,0,0,0,0,0,1827,56.102278002072126,74.71671899838839,145.56194000761025,77.22476799972355
4,0,0,0,0,0,0,165,119.49576600454748,163.82490198884625,312.60404200293124,152.4981940019643
3,0,0,0,0,0,0,1484,125.0705359998392,174.91625201364513,325.55175900051836,174.20542999752797
2,0,0,0,0,0,0,303,125.97959299455397,178.69366399827413,329.89850899321027,113.214312994387
10,0,0,0,0,0,0,1,118.78376800450496,163.73466700315475,324.49460799398366,147.99874399614055
4,0,0,0,0,0,0,329,127.7461459976621,179.04188499960583,331.5476249990752,173.0960260028951
2,0,0,0,0,0,0,54,123.89044299197849,171.45886398793664,311.8427059962414,157.91054799046833
2,0,0,0,0,0,0,2326,62.92920600390062,85.288225003751,217.18004399735946,171.04140100127552
1,0,0,0,0,0,0,8533,99.67388700169977,135.75082500756253,275.5207340087509,156.93086400278844
2,0,0,0,0,0,0,3627,60.72611399576999,81.26206799352076,220.1662769948598,169.92401199240703
3,0,0,0,0,0,0,344,120.82633899990469,170.51312599505764,311.22267700266093,154.44101000321098
1,0,0,0,0,0,0,9122,67.6759539928753,89.87073200114537,158.90497498912737,81.86993299750611
5,0,0,0,0,0,0,34,130.90981300047133,181.14053999306634,338.03194999927655,169.11343901301734
5,0,0,0,1,0,1,4,348.9696889882907,96.36578000208829,352.99982599099167,179.50285998813342
2,0,0,0,0,0,0,2326,125.56011701235548,172.55835099786054,317.1971199917607,173.06640699098352
3,0,0,0,0,0,0,1448,61.962633990333416,80.45095000125002,156.79877900402062,83.44245499756653
4,0,0,0,1,0,1,71,368.9586029940983,179.8485159961274,553.1394049903611,173.25053201057017
1,0,0,0,0,0,0,1901,105.8556799980579,146.47870999760926,282.33635499782395,148.5062740102876
1,0,0,0,0,0,0,1901,107.20198099443223,146.45315799862146,281.74998800386675,148.25036900583655
1,0,0,0,0,0,0,9230,28.353330999379978,50.817556999390945,147.0406980079133,79.45921199279837
3,0,0,0,0,0,0,208,118.69294999632984,161.64129399112426,309.1627139947377,97.83908299868926
4,0,0,0,0,0,0,5,124.02578200271819,173.11825198703445,318.9529810042586,160.11687899299432
5,0,0,0,0,0,0,9,126.98194599943236,91.61112699075602,288.8797719933791,157.82389800006058
2,0,0,0,0,0,0,2666,99.52178999083117,137.84937199670821,276.7758120025974,159.18289399996866
9,0,0,0,1,0,1,2,124.48907499492634,171.49073700420558,340.9734059969196,158.3528900082456
60,0,0,0,12,0,1,1,401.8849760032026,375.6532650004374,795.704536998528,200.06145800289232
5,0,0,0,1,0,1,7,65.4457399941748,84.65503399202134,163.65190999931656,77.50990199565422
5,0,0,0,0,0,0,78,63.31366198719479,169.1274669865379,319.29070300247986,154.4250529987039
36,0,0,0,3,0,1,1,635.4611270071473,597.3245500063058,601.831948995823,372.03080400649924
1,0,0,0,0,0,0,8533,97.19550999579951,137.49407000432257,180.15698100498412,119.73638799099717
6,0,0,0,0,0,0,41,129.88416699226946,180.5608599970583,339.41212900390383,169.16053400200326
1,0,0,0,0,0,0,9230,37.70283299672883,69.58762799331453,205.30255800986197,152.9053669946734
76,0,0,0,8,0,1,1,495.7883189927088,470.257100998424,828.09640999767,351.54643199348357
2,0,0,0,0,0,0,3627,114.96182800328825,163.7048029951984,304.2063080065418,166.36028999346308
3,0,0,0,0,0,0,527,121.0912719980115,169.19334800331853,314.07713699445594,106.19341500569135
1,0,0,0,0,0,0,9122,66.21696198999416,87.81887000077404,221.13972900842782,157.50250199926086
1,0,0,0,0,0,0,1901,105.6277979951119,144.9962179904105,285.54940200410783,148.2059349946212
2,0,0,0,0,0,0,4804,112.05862800125033,157.02538400364574,300.72757200105116,175.5958540015854
5,0,0,0,0,0,0,5,117.62411599920597,165.53138601011597,261.3158080057474,148.6871809902368
15,0,0,0,1,0,1,80,711.9046299922047,791.6156940045767,671.7137359955814,544.2926830000943
1,0,0,0,0,0,0,9230,53.03428899787832,68.651070992928,197.7528490097029,154.02475000882987
20,0,0,0,3,0,1,1,481.0285370040219,420.24260299513116,338.4790769923711,208.9028850023169
3,0,0,0,0,0,0,1484,122.65740599832498,171.04795800696593,319.9836140120169,172.5220630032709
9,0,0,0,0,0,0,2,76.54488799744286,174.1640000109328,335.95790500112344,158.9103790029185
31,0,0,0,4,0,1,1,202.08029200148303,222.67985799408052,637.6753680087859,338.9345379982842
1,0,0,0,0,0,0,9122,66.13482598913833,88.4637080016546,220.72697400290053,157.09817099559586
9,0,0,0,1,0,1,1,129.1297179996036,171.60445300396532,347.6844389952021,156.1658769933274
4,0,0,0,0,0,0,250,64.51984999876004,87.45062099478673,164.9003800121136,82.77385801193304
1,0,0,0,0,0,0,2186,57.82082201039884,93.75217200431507,289.920223003719,150.15256700280588
3,0,0,0,0,0,0,521,62.02968000434339,80.49233400379308,154.97561200754717,77.07407299312763
2,0,0,0,0,0,0,1340,116.82282100082375,162.6211030088598,306.07448299997486,168.55741500330623
37,0,0,0,3,0,1,1,550.279071991099,546.553041000152,680.1916589902248,440.63259099493735
1,0,0,0,0,0,0,8399,79.36572100152262,107.65009399619885,241.4954480045708,155.92706999450456
10,0,0,0,2,0,1,23,408.69785100221634,395.57284499460366,511.30481000291184,384.3052699958207
3,0,0,0,1,0,1,1445,269.9379429977853,327.51632000145037,432.02679700334556,359.36794699227903
8,0,0,0,1,0,1,3,64.90779999876395,85.12970199808478,172.4040370027069,80.02021198626608
7,0,0,0,0,0,0,1,122.70141000044532,174.06254999514204,331.13021799363196,160.35092000674922
222,0,0,0,41,0,1,1,143.03434699831996,180.79087500518654,1225.2824969909852,172.2051660035504
1,0,0,0,0,0,0,8533,97.33701399818528,136.96129199524876,273.48077300121076,156.0435479914304
35,0,0,0,5,0,1,1,629.9926520005101,590.6697500031441,780.6339390081121,217.47179998783395
2,0,0,0,0,0,0,877,124.78957801067736,176.19532799290027,323.8735109916888,165.28758600179572
5,0,0,0,0,0,0,49,86.30339099909179,174.81423399294727,329.384526994545,159.10763099964242
5,0,0,0,0,0,0,22,126.96764800057281,171.28520000551362,322.19997700303793,155.20669499528594
3,0,0,0,0,0,0,3,119.07310099923052,168.56771399034187,307.007119001355,149.2359699914232
6,0,0,0,1,0,1,77,452.19330200052354,533.07483199751,460.5352039943682,240.29363501176704
74,0,0,0,3,0,1,1,673.6309950065333,437.0373510028003,486.60266399383545,264.4868599891197
5,0,0,0,0,0,0,5,118.56787699798588,164.18223900836892,311.9738050008891,147.4274149950361
1,0,0,0,0,0,0,9230,53.12724401301239,68.87778401141986,199.29350999882445,137.59318500524387
2,0,0,0,0,0,0,4804,114.81699200521689,157.40406699478626,296.0790789948078,173.72902898932807
9,0,0,0,0,0,0,1,124.1732479975326,171.73838400049135,274.5187880063895,104.34271799749695
17,0,0,0,2,0,1,1,65.59242100047413,85.54854200338013,208.61759000399616,159.02537399961147
2,0,0,0,0,0,0,4804,114.71213900949806,161.897988000419,296.72288900474086,171.4029379945714
1,0,0,0,0,0,0,8533,99.55666099267546,137.1306020009797,272.8151839983184,155.33964899077546
3,0,0,0,1,0,1,1479,334.17090099828783,403.7650499958545,519.0412969968747,448.0223179998575
2,0,0,0,0,0,0,100,120.01456700090785,167.9900340095628,312.07153500872664,155.4327649937477
3,0,0,0,0,0,0,1626,66.6909930005204,90.80093800730538,166.89546999987215,88.07728601095732
3,0,0,0,0,0,0,1862,110.6147160026012,175.39702699286863,317.5868550024461,173.05350600508973
71,0,0,0,6,0,1,1,527.7242799929809,518.770668990328,762.3396779963514,366.176796000218
2,0,0,0,0,0,0,4804,113.22555699734949,157.50890100025572,295.82886400748976,175.93824700452387
1,0,0,0,0,0,0,8399,78.73004100110848,105.77699600253254,242.30620799062308,159.20802000619005
5,0,0,0,1,0,1,138,120.9047379961703,170.7731659989804,330.5756600020686,161.41276400594506
3,0,0,0,0,0,0,521,116.36687199643347,160.74142200523056,301.35246900317725,149.1350650030654
2,0,0,0,0,0,0,1827,108.81506300938781,151.04375300870743,286.5771630022209,147.39056199323386
1,0,0,0,0,0,0,9230,53.51791800057981,68.3369379985379,198.50906200008467,150.7521620078478
5,0,0,0,0,0,0,4,67.49161399784498,91.36386300087906,170.70848899311386,86.3397169887321
1,0,0,0,0,0,0,9914,79.68199599417858,108.91346400603652,243.04362501425203,228.09865399904083
3,0,0,0,0,0,0,342,115.84378499537706,161.45273699657992,304.9949209962506,213.2132550032111
71,0,0,0,5,0,1,1,707.3098160035443,742.2759670007508,722.0860899979016,368.9332159992773
1,0,0,0,0,0,0,9122,65.34232400008477,86.54608900542371,217.4849360017106,157.6909040013561
5,0,0,0,1,0,1,40,196.5991210017819,92.1689660026459,526.5930860041408,172.93399199843407
14,0,0,0,2,0,1,1,126.31496100220829,162.78683199197985,360.8381220110459,150.3623470052844
13,0,0,0,4,0,1,9,379.23423999745864,354.98108800675254,586.5802159969462,189.0000169951236
12,0,0,0,2,0,1,4,375.418092997279,375.2677510055946,496.0933350084815,188.32578799629118
2,0,0,0,0,0,0,1556,110.89534701022785,154.78061100293417,297.6590030011721,156.94010100560263
10,0,0,0,0,0,0,1,64.45439600793179,83.03065500513185,199.39065199287143,149.23586399527267
1,0,0,0,0,0,0,1190,109.90643699187785,110.04476199741475,148.87586000259034,76.27585099544376
2,0,0,0,0,0,0,78,116.6657900030259,162.00406299321912,301.6949479933828,146.99593099066988
2,0,0,0,0,0,0,4804,112.5756779947551,158.80727299372666,303.9269000000786,149.99989999341778
1,0,0,0,0,0,0,606,112.05890199926216,159.91028500138782,294.8666830052389,148.96280599350575
1,0,0,0,0,0,0,1901,55.259586006286554,74.86809600959532,206.28908700018656,148.33457198983524
4,0,0,0,0,0,0,24,116.82288300653454,170.4149069992127,308.8140619947808,146.90957400307525
11,0,0,0,0,0,0,1,120.4857419943437,167.52717300551012,330.5531960068038,150.61504099867307
2,0,0,0,0,0,0,4475,103.70964600588195,142.4274329910986,280.15310199407395,166.78169899387285
2,0,0,0,0,0,0,1827,56.92905500472989,76.63580399821512,149.42956100276206,77.9953359888168
3,0,0,0,0,0,0,208,116.931882002973,161.0158340045018,305.56840599456336,148.6950800026534
1,0,0,0,0,0,0,9122,35.46466599800624,46.32910501095466,117.90191300678998,81.62623200041708
19,0,0,0,3,0,1,1,370.29393400007393,181.91589599882718,527.7400829945691,173.44439901353326
1,0,0,0,0,0,0,9914,80.80582800903358,110.60560900659766,240.90949101082515,157.65570900111925
3,0,0,0,0,0,0,1862,123.26079000195023,170.44666899892036,232.31585200119298,101.42881798674352
5,0,0,0,0,0,0,2,131.8130250001559,181.3181170000462,338.4506739967037,168.89723599888384
4,0,0,0,0,0,0,1,124.1400699946098,180.3485679993173,318.8150770001812,158.58567399845924
3,0,0,0,1,0,1,1479,335.90689999982715,403.7614810076775,528.7874859932344,448.9384430053178
3,0,0,0,0,0,0,1484,65.61250699451193,88.11647500260733,323.2326900033513,111.15647399856243
3,0,0,0,0,0,0,1070,125.23478800721932,177.37555300118402,327.28877900808584,170.5603849986801
19,0,0,0,3,0,1,1,375.07547400309704,186.13831199763808,530.0236179900821,174.26755500491709
62,0,0,0,6,0,1,1,567.1395370009122,547.9527070128825,669.0862270042999,201.1024940002244
1,0,0,0,0,0,0,8533,73.82272700488102,138.6405859957449,273.807237012079,156.1162699945271
1,0,0,0,0,0,0,8533,98.30714500276372,140.94846599618904,277.66890099155717,156.73299500485882
24,0,0,0,4,0,1,1,128.02882699179463,176.0079559899168,408.95587801060174,164.41797200241126
4,0,0,0,0,0,0,408,130.33138900937047,184.66694898961578,331.76417199138086,171.04826000286266
2,0,0,0,0,0,0,3627,60.78387500019744,81.52409699687269,155.2209179935744,86.5646409947658
5,0,0,0,0,0,0,59,117.91431999881752,162.89575900009368,314.1876110021258,150.2072769944789
8,0,0,0,2,0,1,16,375.37858900032006,185.86892700113822,581.8206380063202,177.1370109927375
74,0,0,0,4,0,1,1,655.48910999496,611.5309209999396,707.1627469995292,373.3508090081159
26,0,0,0,8,0,1,1,400.7942159951199,386.25883699569385,675.3066439996473,209.17228198959492
1,0,0,0,0,0,0,9914,66.66875000519212,111.09700599627104,247.3945990059292,161.7826420115307
2,0,0,0,0,0,0,89,116.10279200249352,163.24131700093858,297.3513109900523,145.9789000073215
2,0,0,0,0,0,0,877,126.7249650118174,178.07821299356874,324.13138399715535,168.01041099824943
6,0,0,0,0,0,0,2,123.64649199298583,176.3236739934655,305.3062859980855,158.048252997105
3,0,0,0,0,0,0,1484,112.87449501105584,176.57137000060175,319.95635700877756,170.11799100146163
39,0,0,0,5,0,1,1,371.2812869925983,185.55551700410433,586.54188500077,174.89304899936542
3,0,0,0,0,0,0,368,96.52684298634995,85.16143899760209,163.10719700413756,82.28107600007206
16,0,0,0,0,0,0,1,128.26399999903515,180.2608049911214,362.67775599844754,166.7421369929798
2,0,0,0,0,0,0,4804,116.47420498775318,162.23282800638117,237.0989949995419,94.0970509982435
1,0,0,0,0,0,0,2186,108.72745000233408,151.97895100573078,288.84418300003745,150.4955849959515
71,0,0,0,5,0,1,1,632.1229830064112,468.74539500277024,744.8843470046995,231.9858240080066
1,0,0,0,0,0,0,9230,53.58631499984767,67.99200200475752,202.48784401337616,154.69414700055495
9,0,0,0,0,0,0,1,122.47997699887492,169.70457800198346,298.8618390081683,159.70865599229
13,0,0,0,2,0,1,4,377.9995890072314,359.9624400085304,518.9826499990886,200.42139300494455
3,0,0,0,0,0,0,1862,64.78208000771701,86.42921700084116,161.40865300258156,87.77784300036728
6,0,0,0,1,0,1,188,346.5388559998246,320.29756699921563,562.6361119939247,467.58463099831715
8,0,0,0,1,0,1,2,121.15739900036715,169.54710299614817,331.31280400266405,152.0915139990393
1,0,0,0,0,0,0,9122,66.23295499593951,86.64788601163309,217.7576969988877,160.0872540002456
3,0,0,0,0,0,0,473,116.83119200461078,167.5715799938189,310.32975399284624,158.16859199549071
1,0,0,0,0,0,0,9914,83.51168200897519,111.13660199043807,245.86878200352658,161.21639699849766
1,0,0,0,0,0,0,9122,67.30478700774256,87.51104300608858,225.45855400676373,97.51902500283904
2,0,0,0,0,0,0,3532,109.64275799051393,154.1107860102784,296.8771960004233,167.36041600233875
3,0,0,0,0,0,0,39,128.51012899773195,182.7391350088874,335.60746199509595,169.94445999443997
2,0,0,0,0,0,0,4475,54.95452899776865,96.70520199870225,288.4249799972167,170.70347600383684
1,0,0,0,0,0,0,8399,83.70243100216612,107.22601300221868,241.60712299635634,82.7115860010963
24,0,0,0,4,0,1,1,135.20433999656234,134.85136900271755,377.4345749989152,171.1427010013722
3,0,0,0,0,0,0,230,121.52800300100353,168.85890300909523,310.34358000033535,152.6631859887857
3,0,0,0,0,0,0,1862,123.30749399552587,170.77513699769042,319.0359610016458,172.31949900451582
16,0,0,0,1,0,1,52,562.1527460025391,641.0791849921225,392.86576499580406,254.6162429935066
3,0,0,0,0,0,0,331,62.19794400385581,130.34399999014568,301.758264991804,151.0715890035499
3,0,0,0,0,0,0,433,117.7887640078552,108.76944298797753,232.88567799318116,156.7772620037431
2,0,0,0,0,0,0,4475,104.50238001067191,142.91727700037882,280.84645500348415,167.294946993934
20,0,0,0,3,0,1,1,477.2602200100664,446.72014900424983,601.7372149945004,404.8766720079584
3,0,0,0,0,0,0,1862,123.5784419986885,173.68383600842208,320.8406810008455,173.0535959941335
1,0,0,0,0,0,0,9230,53.45335199672263,70.08553500054404,199.16335699963383,150.20004099642392
8,0,0,0,1,0,1,1,128.81237399415113,173.36382500070613,344.17296999890823,159.48967900476418
6,0,0,0,2,0,1,316,302.6387470017653,160.87906098982785,253.384608993656,181.60644499585032
3,0,0,0,0,0,0,472,124.41365999984555,174.18228900351096,324.69960500020534,165.40398700453807
11,0,0,0,1,0,1,1,120.88924999989104,168.36190200410783,340.8598520036321,148.91325299686287
3,0,0,0,0,0,0,1626,130.5128189997049,180.10112299816683,326.7194060026668,175.21795000357088
1,0,0,0,0,0,0,8533,98.42079499503598,133.69590698857792,272.2242370073218,156.31771700282115
2,0,0,0,0,0,0,2666,102.11021300347056,138.97826499305665,279.43398599745706,161.40707799058873
2,0,0,0,0,0,0,156,117.53537200274877,168.2978640019428,301.3143899879651,151.00035398791078
6,0,0,0,1,0,1,33,368.3078449976165,182.35772399930283,566.3152630004333,175.1337499881629
2,0,0,0,0,0,0,4475,104.23516000446398,144.2300479975529,280.9156129951589,168.19762799423188
6,0,0,0,1,0,1,188,475.2957320015412,552.9485729930457,547.5143579969881,451.8423909903504
1,0,0,0,0,0,0,9914,81.42821799265221,109.72025999217294,245.171335991472,159.32550400611944
16,0,0,0,4,0,1,1,206.8875080003636,204.5098259986844,359.1370379872387,175.88657600572333
2,0,0,0,0,0,0,50,115.99462600133847,159.72102999512572,302.7208379935473,149.1153279930586
21,0,0,0,5,0,1,1,134.28964599734172,183.54362199897878,417.81863100186456,165.44184999656864
3,0,0,0,0,0,0,1484,125.36283899680711,171.35414300719276,319.8755710036494,173.22605900699273
4,0,0,0,1,0,1,7,72.1879920020001,91.22831199783832,322.9638740012888,162.9963199957274
14,0,0,0,3,0,1,9,405.32150700164493,390.7157509966055,526.6702079970855,359.69970100268256
2,0,0,0,0,0,0,1827,109.13061299652327,151.18893500766717,290.1624970108969,148.92714099551085
7,0,0,0,0,0,0,2,62.518910999642685,85.1201680052327,165.7181919872528,85.48050800163765
2,0,0,0,0,0,0,1827,110.58654201042373,152.88954399875365,285.5455789976986,149.44968601048458
3,0,0,0,0,0,0,1862,123.65047799539752,170.5616350081982,318.94561399531085,171.8076649995055
2,0,0,0,0,0,0,3160,118.45683799765538,161.70455700193997,242.6525490009226,154.08036499866284
3,0,0,0,0,0,0,1862,121.06988600862678,170.90762400766835,317.9206219938351,172.21602000063285
1,0,0,0,0,0,0,8533,100.98801899584942,141.24012799584307,276.4893589919666,154.2574239865644
2,0,0,0,0,0,0,325,73.60187900485471,83.77577099599876,156.23634100484196,81.46264500101097
1,0,0,0,0,0,0,9914,81.84792999236379,110.05746098817326,243.5323289973894,160.1729520043591
4,0,0,0,0,0,0,201,120.97821000497788,172.45618399465457,315.5802270048298,157.39825800119434
27,0,0,0,2,0,1,2,694.8038770060521,627.2886140068294,507.00698100263253,276.7686150036752
1,0,0,0,0,0,0,8533,99.04950099007692,134.7966109897243,271.6486779972911,154.92734100553207
5,0,0,0,0,0,0,2,62.849412992363796,124.23169300018344,321.7400169960456,158.76097499858588
2,0,0,0,0,0,0,1827,113.15687799651641,153.02075899671763,290.14118800114375,148.82430899888277
10,0,0,0,3,0,1,45,363.3159689925378,339.29990099568386,556.1272150080185,193.80444000125863
6,0,0,0,1,0,1,13,369.9259380082367,181.6654540016316,565.1542650011834,172.66679399472196
2,0,0,0,0,0,0,1556,58.726689996547066,79.06781499332283,162.54737999406643,158.65702299925033
8,0,0,0,2,0,1,16,375.1840659970185,191.07620199793018,582.1575640002266,156.8514380051056
1,0,0,0,0,0,0,4295,105.91695900075138,147.76653599983547,284.82339000038337,148.995391005883
3,0,0,0,0,0,0,521,119.65302500175312,122.01281099987682,154.54222398693673,139.43419299903326
1,0,0,0,0,0,0,9122,66.49293599184602,86.35151700582355,219.16001199861057,156.82056899822783
2,0,0,0,0,0,0,129,126.09009300649632,175.95157699543051,322.22926600661594,164.3275919923326
2,0,0,0,0,0,0,4475,104.25572699750774,144.82183200016152,284.3753579945769,169.5119209907716
6,0,0,0,0,0,0,2,65.39598699600901,88.07902499393094,166.3664729858283,146.92529900639784
221,0,0,0,41,0,1,1,140.2250290120719,184.7945570043521,1219.5675440016203,173.17643600108568
21,0,0,0,1,0,1,142,601.3618610013509,685.5762229970424,436.8717640027171,174.69538499426562
1,0,0,0,0,0,0,8399,80.70157900510821,107.96456600655802,246.29787700541783,157.08809699572157
3,0,0,0,0,0,0,1626,67.07283100695349,92.01830299571157,168.01006000605412,89.24633200513199
3,0,0,0,1,0,1,594,363.7727759924019,439.38962899846956,548.6571070068749,463.68664799956605
5,0,0,0,0,0,0,59,122.42288800189272,168.63550900598057,314.6177859889576,147.53459200437646
3,0,0,0,0,0,0,70,126.99952599359676,176.67759899632074,329.4784250028897,165.34871800104156
3,0,0,0,0,0,0,455,127.21271500049625,170.90849499800242,315.8583870099392,160.4102220007917
1,0,0,0,0,0,0,8533,51.78714399517048,69.45094998809509,139.3665340001462,79.89256700966507
5,0,0,0,1,0,1,298,341.83657199901063,180.2551209984813,511.08460199611727,171.51409899815917
1,0,0,0,0,0,0,9122,66.10833600279875,86.8102920067031,219.53233699605335,155.29254599823616
17,0,0,0,3,0,1,3,508.3394719986245,483.3543179993285,620.7497520081233,423.1136750022415
10,0,0,0,2,0,1,23,359.499157013488,393.4288890013704,511.09582600474823,380.16860400966834
2,0,0,0,0,0,0,3095,112.26246898877434,158.9056680095382,297.3309390072245,164.43428599450272
3,0,0,0,0,0,0,1484,126.60501500067767,175.029125995934,321.68711999838706,173.84385799232405
20,0,0,0,3,0,1,1,478.0031269910978,464.8697820084635,601.0258850001264,405.3835859958781
2,0,0,0,0,0,0,4804,60.596137001994066,81.75419700273778,181.492686009733,174.47706901293714
29,0,0,0,2,0,1,1,671.9635589979589,630.0746210035868,530.7853709964547,189.2413509922335
103,0,0,0,19,0,1,1,161.33495299436618,190.19136800488923,758.4993810014566,169.19805300130975
3,0,0,0,0,0,0,1484,124.92709000071045,174.10660300811287,320.30890400346834,170.25037499843165
4,0,0,0,1,0,1,289,232.51846700441092,189.07251399650704,548.4321519907098,181.10939901089296
18,0,0,0,2,0,1,1,132.29502500325907,175.02731499553192,373.5633120086277,157.29275500052609
8,0,0,0,1,0,1,1,241.9533880020026,90.90616001049057,279.7686880076071,86.84708600048907
1,0,0,0,0,0,0,8399,78.29597999807447,106.76201900059823,239.54635400150437,155.99484399717767
5,0,0,0,1,0,1,25,126.84279801032972,175.91970799549017,329.34943499276415,157.46830600255635
1,0,0,0,0,0,0,1901,105.58283400314394,150.10627401352394,286.8613009923138,148.40583800105378
159,0,0,0,7,0,1,1,461.27342399267945,414.2374060029397,1042.4390719999792,310.34198800625745
3,0,0,0,0,0,0,169,61.94796500494704,84.87057300226297,159.5330800046213,134.6866479871096
1,0,0,0,0,0,0,8533,98.77645899541676,136.86625099217054,267.7135840058327,153.97965100419242
5,0,0,0,1,0,1,2,367.6111469976604,182.03937300131656,555.3101070108823,152.6502439955948
4,0,0,0,0,0,0,384,128.86231299489737,180.23733000154607,300.4123920109123,94.62456800974905
1,0,0,0,0,0,0,9230,53.04554000031203,68.96502299059648,198.57933699677233,136.19983500393573
23,0,0,0,4,0,1,1,134.72608300799038,186.5159469889477,423.7045790068805,170.40626000380144
5,0,0,0,1,0,1,4,364.5475139928749,186.5076710091671,553.0771560006542,114.6183450036915
1,0,0,0,0,0,0,8533,100.87787700467743,141.97294400946703,276.4717170066433,152.04427200660575
2,0,0,0,0,0,0,4804,114.61827000312041,158.0920340056764,299.6434260130627,173.84709599718917
1,0,0,0,0,0,0,9122,34.91702700557653,44.795962996431626,151.05726101319306,159.03728301054798
1,0,0,0,0,0,0,1901,105.56784000073094,145.1189700019313,278.37244399415795,147.22714399977122
1,0,0,0,0,0,0,9230,53.22488099045586,68.46110899641644,198.1467059958959,152.35939199919812
13,0,0,0,1,0,1,1,123.77659400226548,172.34801799349952,351.9183799944585,159.33732899429742
7,0,0,0,1,0,1,12,67.16839599539526,87.7513640007237,251.32116700115148,151.89297100005206
24,0,0,0,4,0,1,1,123.32352800876833,172.7581869927235,410.4913620103616,165.23560999485198
8,0,0,0,0,0,0,1,130.17163099721074,181.86082800093573,239.00767900340725,130.46966299589258
28,0,0,0,3,0,1,1,437.6750939991325,423.4994150028797,444.9119639903074,381.20407599490136
11,0,0,0,2,0,1,1,125.69703199551441,170.94499099766836,351.0042340058135,104.89762399811298
1,0,0,0,0,0,0,8399,78.75574700301513,108.25131500314455,239.1242330049863,154.29162200598512
2,0,0,0,0,0,0,3627,60.63372999778949,81.6146780125564,172.02233799616806,155.6133440026315
11,0,0,0,2,0,1,7,125.38602099812124,166.88144399086013,344.78353000304196,147.94353800243698
1,0,0,0,0,0,0,8533,98.60629499598872,136.13233300566208,271.3316950103035,153.6566050053807
2,0,0,0,0,0,0,1998,112.41129100380931,154.81778100365773,277.6121530041564,90.82291000231635
3,0,0,0,1,0,1,1445,269.1029419947881,332.4543980124872,280.9673199953977,283.0236709996825
8,0,0,0,0,0,0,73,85.80056100618094,200.90414500737097,353.7323579948861,184.99005799822044
6,0,0,0,0,0,0,20,129.36338900181,183.14304600062314,344.182610991993,172.76743201364297
3,0,0,0,0,0,0,521,116.83088199060876,161.96369599492755,304.2913370009046,150.5895799928112
2,0,0,0,0,0,0,281,114.55246200785041,158.4550599945942,298.20488500990905,150.7332939945627
16,0,0,0,1,0,1,10,462.16802300477866,535.5934179970063,556.4233560144203,452.73766000173055
16,0,0,0,1,0,1,1,130.3287629998522,171.74194399558473,368.40315599692985,156.8532109959051
1,0,0,0,0,0,0,9914,84.22163900104351,109.97841699281707,245.46635198930744,144.4705900066765
144,0,0,0,8,0,1,1,655.9566600044491,616.2847039959161,800.4863819951424,276.2366949900752
2,0,0,0,0,0,0,1607,114.53705000167247,158.49910200631712,295.8244379988173,160.68647299834993
6,0,0,0,0,0,0,2,122.81867800629698,168.22539998975117,323.77343700500205,157.9456589970505
7,0,0,0,0,0,0,3,132.19515600940213,184.44490799447522,347.1549679961754,169.5713629887905
2,0,0,0,0,0,0,966,59.96902899642009,81.31204200617503,154.81077099684626,80.2595260029193
76,0,0,0,8,0,1,1,494.1486659954535,470.0463640037924,830.9107410022989,347.32024499680847
1,0,0,0,0,0,0,8533,100.8005059993593,137.12753899744712,271.4938599965535,154.3055420042947
2,0,0,0,0,0,0,87,125.85291200957727,174.35970000224188,311.7053909954848,154.0466459991876
1,0,0,0,0,0,0,8533,51.77307900157757,67.86018700222485,164.80946399678942,153.99630699539557
2,0,0,0,0,0,0,3532,111.14807699050289,151.40015400538687,289.72984799474943,167.69402599311434
4,0,0,0,1,0,1,80,321.1865339981159,513.591135997558,559.9011559970677,469.5243010064587
1,0,0,0,0,0,0,1901,105.20029500185046,146.21230999182444,280.93306100345217,150.34413601097185
3,0,0,0,0,0,0,5,117.63753100240137,164.32352700212505,310.64509200223256,147.4614430044312
13,0,0,0,1,0,1,146,345.1694539980963,496.84940099541564,657.8048630035482,372.52632800664287
28,0,0,0,3,0,1,1,523.224668999319,500.6476179987658,626.8488710047677,416.1848249932518
1,0,0,0,0,0,0,4295,106.64221100159921,154.97264699661173,199.79356399562676,78.81741599703673
4,0,0,0,0,0,0,3,128.96353501128033,178.12014500668738,331.0823819920188,168.585160994553
3,0,0,0,0,0,0,286,121.25580900465138,170.93792899686377,316.5194879984483,157.52583999710623
2,0,0,0,0,0,0,4804,60.362895994330756,80.91205300297588,250.5985489988234,174.17449700587895
1,0,0,0,0,0,0,2186,112.96678899088874,153.00874100648798,258.5416110086953,76.42213499639183
4,0,0,0,0,0,0,16,128.36533099471126,178.96236399246845,325.8328049996635,163.94471300009172
28,0,0,0,5,0,1,2,127.48884099710267,168.566787004238,424.61990599986166,159.23022000060882
16,0,0,0,3,0,1,1,568.9401419949718,533.1717100052629,640.9380279947072,457.44947300408967
1,0,0,0,0,0,0,8533,97.83350200450514,138.50942999124527,271.82966300460976,151.35305099829566
1,0,0,0,0,0,0,9914,82.98881999508012,110.92595600348432,151.9185969955288,81.20210299966857
3,0,0,0,0,0,0,208,115.08602100366261,161.10024199588224,304.651015001582,147.66344300005585
7,0,0,0,1,0,1,6,67.72252399241552,90.88309100479819,338.77230700454675,166.61209799349308
3,0,0,0,1,0,1,330,276.8330500111915,474.1529419989092,578.3506909938296,489.92211000586394
4,0,0,0,0,0,0,5,120.99451100220904,168.0705020116875,311.3694579951698,149.44883598946035
3,0,0,0,0,0,0,1484,124.93940199783538,176.8561140052043,325.68014301068615,170.68081400066148
3,0,0,0,0,0,0,1484,120.91617401165422,172.4489520129282,317.0788999996148,169.30544799834024
77,0,0,0,14,0,1,1,132.9678690090077,179.54443299095146,630.8222399966326,168.50395100482274
8,0,0,0,0,0,0,1,127.24264900316484,174.4571890012594,334.4225680048112,154.50798599340487
17,0,0,0,1,0,1,147,425.6508409889648,342.2963140037609,272.7023159968667,219.42379399843048
2,0,0,0,0,0,0,1340,118.46215299738105,165.642610998475,304.66519099718425,139.1731910116505
32,0,0,0,3,0,1,1,546.25429699081,519.5790409925394,671.0763259907253,436.85206900408957
2,0,0,0,0,0,0,4475,104.07211299752817,145.19406099861953,283.52291000192054,168.17126900423318
3,0,0,0,0,0,0,472,127.42414300737437,177.97967098886147,328.15530500374734,165.2228409948293
6,0,0,0,0,0,0,25,67.5576909998199,88.85344699956477,170.61268299585208,132.09789399115834
3,0,0,0,1,0,1,330,274.32761499949265,466.80011399439536,563.4153700084426,479.214762992342
35,0,0,0,2,0,1,1,587.1154250053223,588.4705119970022,577.9648460011231,397.27047200722154
2,0,0,0,0,0,0,3160,117.70860500109848,164.50004499347415,306.07890100509394,155.39573799469508
3,0,0,0,0,0,0,472,124.2731419915799,176.40959400159772,321.73450700065587,165.29046799405478
6,0,0,0,1,0,1,2,130.5006900074659,171.71321700152475,333.3062029996654,155.75921500567347
4,0,0,0,1,0,1,295,445.192469007452,525.2131119923433,497.46939601027407,359.3693399889162
3,0,0,0,0,0,0,114,118.97056900488678,165.3595390089322,303.6461970041273,147.27164100622758
1,0,0,0,0,0,0,606,113.67060799966566,102.81876700173598,150.31761399586685,75.31408200156875
3,0,0,0,0,0,0,521,118.12599500990473,159.78807100327685,304.69782699947245,151.83619200251997
1,0,0,0,0,0,0,1901,103.67228598624934,143.77243698982056,279.570683997008,146.56630001263693
3,0,0,0,0,0,0,1484,125.5771489959443,175.03728199517354,320.92838700918946,170.6713550083805
10,0,0,0,2,0,1,23,272.4947500100825,199.22199699794874,445.7410810136935,323.42177200189326
3,0,0,0,0,0,0,1070,70.46284599346109,161.7540139995981,308.31822199979797,166.72423700219952
1,0,0,0,0,0,0,8533,98.31338599906303,137.90141300705727,270.07925999350846,153.2803000009153
4,0,0,0,0,0,0,49,102.21127700060606,178.61295100010466,335.0279119913466,168.88380100135691
1,0,0,0,0,0,0,8399,53.911444992991164,54.066440992755815,229.50636899622623,155.5411040026229
2,0,0,0,0,0,0,275,117.65787001058925,163.64537400659174,305.7982189930044,151.3128930091625
1,0,0,0,0,0,0,8533,51.423173004877754,124.94252400938421,276.5886099950876,155.21886199712753
5,0,0,0,1,0,1,138,123.78226099826861,174.7209429886425,330.09532700816635,161.03920400200877
6,0,0,0,0,0,0,23,119.12752500211354,169.80755000258796,322.5692840060219,181.5246079931967
3,0,0,0,0,0,0,42,129.6477989963023,187.22366899601184,329.77936399402097,167.19834100513253
5,0,0,0,1,0,1,83,138.63970400416292,183.19366699142847,346.9433419959387,172.52045599161647
2,0,0,0,0,0,0,96,97.42155599815305,83.90223199967295,240.20983000809792,145.77492799435277
3,0,0,0,0,0,0,560,126.54096700134687,178.66203798621427,328.63172999350354,169.99426799884532
10,0,0,0,2,0,1,6,190.92227600049227,95.28959399904124,518.787858003634,176.13251799775753
1,0,0,0,0,0,0,8533,100.48722100327723,90.13359199161641,141.83388400124386,80.78276300511789
9,0,0,0,1,0,1,1,114.9915999994846,136.90280700393487,246.89071500324644,148.70177100237925
683,0,0,0,129,0,1,1,153.95940400776453,179.39855199074373,3101.156667005853,168.0468970007496
3,0,0,0,0,0,0,23,69.79339000827167,176.96814698865637,324.9718639999628,167.8039800026454
5,0,0,0,1,0,1,62,73.23304099554662,94.15293400525115,175.4895839985693,87.86961300938856
3,0,0,0,0,0,0,1448,113.37195998930838,159.02602599817328,302.7846120094182,160.65541699936148
1,0,0,0,0,0,0,8533,98.74023799784482,136.28700400295202,271.10844300477766,154.0796689951094
4,0,0,0,0,0,0,337,130.0559829978738,186.29184299788903,332.98238800489344,171.81656700267922
6,0,0,0,1,0,1,2,65.88967300194781,87.78207300929353,170.42527999728918,81.17772699915804
4,0,0,0,0,0,0,323,129.28572300006635,182.80206600320525,337.0814079971751,175.35406901151873
5,0,0,0,0,0,0,2,121.27048199181445,169.92839598970022,322.9418459959561,157.34697799780406
1,0,0,0,0,0,0,3085,103.31082800985314,143.53117399150506,280.1977810013341,150.551129001542
5,0,0,0,1,0,1,89,395.8767370058922,182.67153100168798,572.946733009303,175.67293799947947
3,0,0,0,0,0,0,1626,131.10594000318088,184.0986030001659,328.1006979959784,173.31948199716862
3,0,0,0,0,0,0,1448,61.37469100940507,93.89871600433253,306.73891300102696,160.31248000217602
4,0,0,0,0,0,0,201,120.3723170037847,168.46338300092611,190.45117798668798,79.94012700510211
3,0,0,0,0,0,0,467,65.85361898760311,90.16097300627735,215.72269100579433,172.89988401171286
33,0,0,0,6,0,1,1,426.23381500015967,414.81144599674735,687.3521669913316,362.0128470065538
20,0,0,0,3,0,1,1,482.75781799748074,463.0068729893537,603.9273030037293,404.2144840059336
3,0,0,0,0,0,0,35,131.69675300014205,183.46240499522537,333.86919199256226,171.05789700872265
70,0,0,0,9,0,1,1,668.2002940069651,622.0079969934886,790.6108400056837,330.40658099344
1,0,0,0,0,0,0,9914,55.69473700597882,56.49807400186546,127.14175900327973,83.22941498772707
3,0,0,0,0,0,0,521,117.99879099999089,168.76688500633463,305.53845800750423,150.208113991539
5,0,0,0,0,0,0,1,118.02891100523993,164.73231700365432,309.03883899736684,145.59567600372247
3,0,0,0,0,0,0,1484,66.66760200459976,171.772243003943,325.05369899445213,172.62460400525015
3,0,0,0,0,0,0,1,126.01449800422415,172.2716490039602,316.77262599987444,157.5105180090759
2,0,0,0,0,0,0,275,117.57167498581111,164.7676849970594,194.47861300432123,78.04374600527808
2,0,0,0,0,0,0,4804,60.40373399446253,80.70742200652603,221.0445379896555,177.07674100529402
28,0,0,0,3,0,1,1,488.44481199921574,473.26366700872313,657.1420499967644,440.1324560021749
3,0,0,0,0,0,0,277,66.76226999843493,90.91373800765723,170.29180499957874,88.4995969972806
5,0,0,0,1,0,1,4,365.3153610066511,186.29195100220386,564.5396420004545,178.09342699183617
28,0,0,0,5,0,1,1,366.4585770020494,185.1422469917452,624.8049159912625,176.59811199700925
43,0,0,0,4,0,1,1,579.2946870060405,547.4320060020545,707.6604930043686,415.7574279961409
10,0,0,0,1,0,1,1,122.51692400604952,171.42874200362712,346.18138799851295,155.29301899368875
6,0,0,0,0,0,0,2,68.9079060102813,92.61413700005505,176.04777900851332,88.84750799916219
5,0,0,0,0,0,0,195,128.39467900630552,184.4131920079235,336.0649339883821,172.78682900359854
4,0,0,0,1,0,1,35,119.94954900001176,166.78066999884322,319.26356701296754,152.66515799157787
4,0,0,0,1,0,1,99,73.85921900277026,95.85175699612591,174.6829629992135,92.14562800480053
4,0,0,0,1,0,1,295,396.1299579968909,473.26533299928997,544.4207519904012,458.8256839924725
4,0,0,0,1,0,1,71,368.2490359933581,182.5895420042798,564.1052489954745,173.24381299840752
37,0,0,0,9,0,1,1,134.57947899587452,181.6267499962123,493.7405870005023,170.01510500267614
5,0,0,0,0,0,0,82,128.6597639991669,182.0901229948504,338.51084699563216,169.48312699969392
4,0,0,0,0,0,0,16,125.90987799922004,177.74081601237413,329.5174929953646,169.03396100678947
1,0,0,0,0,0,0,8399,79.54474601137917,107.10487399774138,241.6033059998881,155.19986799336039
29,0,0,0,2,0,1,1,658.2628169999225,623.2559920026688,532.1847300074296,190.46871000318788
3,0,0,0,1,0,1,1445,270.0220080005238,328.11520200630184,435.8551780023845,329.48552499874495
1,0,0,0,0,0,0,8533,99.20499600411858,136.4809679944301,276.9600120082032,154.68987400527112
21,0,0,0,2,0,1,1,595.7170670008054,565.9335469972575,621.9458279956598,466.4851470006397
23,0,0,0,7,0,1,1,410.9483719948912,390.10496299306396,663.1310869997833,209.32264399016276
301,0,0,0,58,0,1,1,74.96029499452561,89.93936401384417,944.0453339921078,158.27396500390023
1,0,0,0,0,0,0,9122,68.38220100325998,89.66418799536768,224.97871999803465,158.90346199739724
1,0,0,0,0,0,0,9122,35.22064900607802,45.882349004386924,112.89240600308403,81.25835399550851
3,0,0,0,0,0,0,1862,124.59024200506974,172.4947129987413,319.7391479916405,169.7086510102963
7,0,0,0,1,0,1,12,134.31306499114726,181.6204420028953,353.430937990197,171.83524199936073
4,0,0,0,1,0,1,80,433.0472279980313,514.8527669953182,553.644137995434,472.656673999154
3,0,0,0,1,0,1,1479,336.72373299486935,337.96905100462027,450.63955400837585,453.9105520088924
1,0,0,0,0,0,0,8533,102.94936700665858,137.97552000323776,276.79564300342463,152.60512600070797
3,0,0,0,0,0,0,331,120.35493599250913,163.0350849882234,281.102151988307,150.46639399952255
5,0,0,0,1,0,1,490,320.61640098982025,347.03991799324285,369.6473070012871,398.6031439999351
2,0,0,0,0,0,0,4475,105.37813800328877,147.36683199589606,270.26135398773476,87.58823599782772
5,0,0,0,1,0,1,2,372.40960300550796,182.2224610077683,556.6942819859833,170.73796500335447
12,0,0,0,2,0,1,4,405.5206830089446,387.5731169973733,517.2470859979512,201.04740500391927
31,0,0,0,2,0,1,2,710.7352830062155,660.4569769988302,334.5037140097702,409.7243849973893
77,0,0,0,14,0,1,1,131.91894599003717,180.91340200044215,635.2134139888221,172.39476898976136
7,0,0,0,1,0,1,1,137.7073249896057,185.89273099496495,356.19032999966294,169.51376099314075
2,0,0,0,0,0,0,80,62.30780300393235,85.37540800170973,297.4559589929413,151.90068000811152
4,0,0,0,0,0,0,310,124.89998200908303,169.2209069879027,317.2866319946479,160.45549399859738
7,0,0,0,0,0,0,1,124.73562599916477,173.93796000396833,331.9090849981876,159.3257009953959
15,0,0,0,2,0,1,1,494.34586099232547,469.97689999989234,598.2685519993538,201.89890499750618
5,0,0,0,0,0,0,59,117.69796400039922,82.45145900582429,261.3699159992393,150.604636000935
3,0,0,0,0,0,0,42,128.24402800470125,177.57963899930473,326.9391700014239,167.3692949989345
3,0,0,0,0,0,0,188,126.26248798915185,175.79678900074214,300.9590889996616,166.6053500084672
4,0,0,0,0,0,0,329,68.32604299415834,92.39759499905631,170.44093299773522,88.01457099616528
14,0,0,0,2,0,1,9,568.3737169892993,420.3247859986732,606.4435489970492,540.5887700035237
3,0,0,0,0,0,0,7,64.8430430010194,86.34420100133866,159.06840800016653,78.05370799906086
2,0,0,0,0,0,0,2666,100.45574100513477,138.25994099897798,279.78409999923315,159.41515000304207
4,0,0,0,0,0,0,310,121.54022201139014,172.4761179939378,319.56231300137006,161.29738399467897
5,0,0,0,0,0,0,1,130.95456900191493,181.40343800769188,337.90025299822446,171.75084599875845
32,0,0,0,7,0,1,1,409.08606800076086,399.8845589958364,618.0763820011634,320.28616999741644
4,0,0,0,0,0,0,310,120.77146299998276,172.24275201442651,318.3266740088584,158.7484659976326
7,0,0,0,1,0,1,3,378.3554660039954,184.66022799839266,568.5141769936308,176.89266899833456
2,0,0,0,0,0,0,4475,106.36103899742011,147.19444399815984,286.89595698961057,170.7793249952374
4,0,0,0,1,0,1,99,140.38633000745904,194.4132350035943,346.7654720006976,180.5562070076121
2,0,0,0,0,0,0,1827,108.78756998863537,150.23264499905054,289.12613600550685,147.70460000727326
148,0,0,0,27,0,1,1,366.57448000914883,185.36900500475895,800.2505680051399,89.86633400490973
16,0,0,0,2,0,1,1,437.2731829935219,420.72555200138595,461.0306219983613,194.55151598958764
59,0,0,0,12,0,1,1,390.2680229948601,180.77065800025593,748.1042830040678,194.4799460034119
1,0,0,0,0,0,0,9230,53.711859000031836,44.34417499578558,103.56126799888443,112.13523100013845
6,0,0,0,1,0,1,163,141.86297199921682,174.4358639989514,348.3714900066843,169.91102100291755
5,0,0,0,0,0,0,59,119.99438599741552,165.5204759881599,317.1923659974709,151.4568220009096
3,0,0,0,1,0,1,12,369.42067999916617,444.10969100135844,482.85943300288636,253.16271799965762
2,0,0,0,0,0,0,3532,111.08129899366759,155.06541400100105,295.3272150043631,168.04345799027942
1,0,0,0,0,0,0,9230,53.148396997130476,68.27012699795887,199.16201900923625,152.6127830002224
71,0,0,0,6,0,1,1,353.86992199346423,456.2936180009274,758.3185090043116,360.69009501079563
11,0,0,0,0,0,0,1,122.89999800850637,111.5490999945905,181.50248900929,87.93041900207754
9,0,0,0,2,0,1,75,406.5191550034797,362.86979301075917,512.9049460083479,388.20546999340877
1,0,0,0,0,0,0,8399,41.60439899715129,71.55886299733538,243.02863900084049,157.59624300699215
10,0,0,0,1,0,1,65,546.4481430099113,631.4451719954377,511.2540260015521,440.8080750145018
3,0,0,0,0,0,0,1484,126.10719200165477,175.00076899887063,322.57387800200377,171.18616399238817
1,0,0,0,0,0,0,9914,81.65905000350904,110.47514498932287,241.87105499731842,136.48108100460377
6,0,0,0,1,0,1,2,368.6858849978307,179.9766769981943,556.174942990765,172.23822401138023
2,0,0,0,0,0,0,1827,108.35764999501407,151.3276719924761,289.191325995489,149.74077999067958
2,0,0,0,0,0,0,1340,63.09397300356068,82.48530900164042,193.86407600541133,169.3124750017887
4,0,0,0,0,0,0,49,127.41024799470324,179.0272539947182,330.30921600584406,170.7112989970483
8,0,0,0,0,0,0,1,124.28848000126891,171.6999149939511,330.1084249978885,158.99647401238326
14,0,0,0,1,0,1,124,691.1573200050043,775.3857609932311,664.7262030019192,548.5741129959933
3,0,0,0,0,0,0,521,91.02407799218781,155.14534199610353,303.4775669948431,150.3007860010257
9,0,0,0,0,0,0,1,70.24557200202253,90.37848700245377,274.8818690015469,171.58887200639583
2,0,0,0,0,0,0,722,122.95546299719717,174.68404599640053,319.92567000270355,169.27333099010866
3,0,0,0,0,0,0,1484,124.39663099939935,174.81011999188922,319.7666750056669,171.73473199363798
14,0,0,0,2,0,1,1,127.3171640059445,176.42222699942067,370.7031389931217,163.49107299174648
50,0,0,0,5,0,1,1,678.2946220046142,624.5750119996956,702.8087890066672,414.73940800642595
2,0,0,0,0,0,0,3160,115.69326900644228,161.45004201098345,309.3082600098569,155.96931699838024
1,0,0,0,0,0,0,4295,105.88204899977427,146.78717800416052,289.3589839950437,150.86236099887174
3,0,0,0,0,0,0,1862,126.63070000417065,173.65644800884183,345.7988989976002,173.05938398931175
2,0,0,0,0,0,0,4804,112.00248000386637,156.5388070011977,309.380467995652,175.2242619986646
3,0,0,0,1,0,1,1479,342.0387730002403,405.7292539946502,535.7261729950551,458.6173799907556
3,0,0,0,1,0,1,594,209.41029899404384,226.49009599990677,516.921074988204,484.57571399922017
4,0,0,0,0,0,0,293,119.80573799519334,166.67711599438917,318.9074590045493,166.76521699992009
3,0,0,0,0,0,0,246,125.84492699534167,169.58726200391538,325.5041380034527,177.6554319949355
4,0,0,0,0,0,0,1,132.4012999975821,171.7756809957791,322.99432100262493,168.8404879969312
2,0,0,0,0,0,0,2666,103.79854899656493,144.38632200472057,302.4926259968197,157.18866100360174
2,0,0,0,0,0,0,877,126.9793009996647,178.5733950091526,328.0457950022537,166.56013199826702
5,0,0,0,0,0,0,36,136.95383600133937,101.86963700107299,166.84717900352553,82.39218100789003
21,0,0,0,3,0,1,1,401.18287700170185,495.35776500124484,658.92580000218,199.2224439891288
32,0,0,0,4,0,1,1,136.57407400023658,194.62164799915627,426.84722899866756,154.47567199589685
1,0,0,0,0,0,0,8533,102.98937899642624,138.27725998999085,273.326917013037,154.97091600263957
19,0,0,0,4,0,1,1,416.1480299953837,413.9627930126153,593.8569060090231,344.596114999149
1,0,0,0,0,0,0,1901,55.42858199623879,74.08715199562721,146.1446619941853,86.05807600542903
3,0,0,0,0,0,0,1448,116.70456099091098,161.806763993809,308.23120700370055,160.23349399620201
1,0,0,0,0,0,0,9914,81.23263399465941,110.01637300068978,241.32845699205063,158.5524109977996
1,0,0,0,0,0,0,3085,103.66222698939964,143.49547500023618,278.99804900516756,149.51988600660115
6,0,0,0,1,0,1,65,411.9030090078013,181.025079000392,577.7585690084379,174.2556679964764
5,0,0,0,0,0,0,6,119.41181900328957,161.58534999703988,310.6766639975831,146.50869500474073
62,0,0,0,11,0,1,1,132.74519599508494,177.88457399001345,568.4333349927329,165.15431700099725
3,0,0,0,0,0,0,1070,126.36229800409637,181.2807120004436,329.7173559985822,171.1229060019832
83,0,0,0,15,0,1,1,134.32658401143271,171.8158119911095,651.2095609941753,156.56126198882703
5,0,0,0,0,0,0,31,118.41633998847101,163.2829110021703,313.5159189987462,148.3658689976437
6,0,0,0,1,0,1,132,384.3522889947053,466.26411699980963,606.6524800116895,502.62578400725033
49,0,0,0,3,0,1,1,329.5004529936705,299.45596600009594,336.9624500046484,210.544283996569
85,0,0,0,4,0,1,1,562.7253400016343,533.185099993716,763.8446159980958,374.9939459958114
1,0,0,0,0,0,0,8533,97.60477500094566,137.59266700071748,270.5648109986214,153.1633429985959
5,0,0,0,1,0,1,89,394.88741400418803,181.94924299314152,575.1611239975318,174.46610299521126
19,0,0,0,4,0,1,1,366.61512599675916,188.9085199945839,588.2331229950069,174.1866139927879
28,0,0,0,8,0,1,1,138.40159699611831,185.21558500651736,338.43206099118106,88.72771399910562
3,0,0,0,0,0,0,1484,126.64730299729854,174.51282100228127,322.31486099772155,174.7541120130336
6,0,0,0,0,0,0,1,127.18944500375073,176.21255000995006,335.2481390029425,164.80575800233055
3,0,0,0,0,0,0,5,62.59817299724091,83.68349200463854,310.90414301434066,146.8512749997899
4,0,0,0,0,0,0,98,129.07962799363304,178.48125299497042,331.80184999946505,167.45175000687595
4,0,0,0,0,0,0,123,61.91103300079703,84.35599198855925,158.7656349875033,86.02270499977749
13,0,0,0,2,0,1,4,406.1160349956481,384.7703270002967,519.0102859924082,197.59684400924016
1,0,0,0,0,0,0,8533,97.09462399769109,135.76578900392633,271.70449000550434,153.19206299318466
35,0,0,0,2,0,1,1,564.5582819997799,530.6391179910861,583.4789180080406,356.5777149924543
9,0,0,0,2,0,1,2,121.62983599409927,169.59169899928384,341.3866320042871,149.61666100134607
10,0,0,0,2,0,1,2,122.61698799557053,163.66762299730908,344.44355200685095,152.29288999398705
1,0,0,0,0,0,0,8533,99.03932499582879,135.89163600408938,267.99064099031966,151.15086099831387
2,0,0,0,0,0,0,325,120.1231679879129,167.60549299942795,308.8754710042849,156.86303899565246
1,0,0,0,0,0,0,9230,52.884192002238706,67.99530600255821,199.924218992237,151.20777300035115
14,0,0,0,3,0,1,4,69.34731699584518,84.75321299920324,191.3291270029731,81.03540200681891
2,0,0,0,0,0,0,4804,114.36242400668561,162.61196800041944,294.07725999772083,175.77884200727567
3,0,0,0,0,0,0,39,131.77881599403918,180.24307501036674,328.19885000935756,172.49893699772656
1,0,0,0,0,0,0,8399,77.85547999083064,104.81231199810281,238.82294200302567,155.4235749936197
4,0,0,0,0,0,0,7,121.11485800414812,169.03490699769463,314.3215460004285,156.37289799633436
1,0,0,0,0,0,0,1511,112.28213699359912,154.69962600036524,292.76335101167206,147.6890110061504
7,0,0,0,1,0,1,17,130.8464569883654,181.44094200397376,353.61464000015985,172.13835100119468
4,0,0,0,0,0,0,1,63.352309007314034,83.89979199273512,161.08368900313508,77.04117700632196
32,0,0,0,6,0,1,1,126.89970899373293,180.96987799799535,445.905322994804,167.47026600933168
3,0,0,0,0,0,0,1484,65.15525598661043,95.27610000804998,272.85790799942333,88.34245099569671
8,0,0,0,0,0,0,2,121.93772100727074,167.54172599758022,328.1505949998973,158.7008989881724
3,0,0,0,0,0,0,1626,128.12919000862166,177.26624599890783,326.9199330097763,176.85946200799663
2,0,0,0,0,0,0,201,117.22998999175616,161.12140999757685,300.18864100566134,147.40214101038873
1,0,0,0,0,0,0,8533,101.4151999988826,137.53716200881172,276.3706719997572,155.32518200052436
8,0,0,0,1,0,1,1,126.29936401208397,173.28929599898402,344.1021449980326,159.41820800071582
9,0,0,0,1,0,1,25,335.4970220098039,92.37558901077136,487.04065500351135,174.79584101238288
13,0,0,0,2,0,1,1,65.08740400022361,82.62638800079003,180.90911200852133,77.59358099428937
6,0,0,0,0,0,0,26,121.38056199182756,172.0203830045648,315.0438960001338,151.06610000657383
14,0,0,0,3,0,1,9,405.7575829938287,395.432756995433,530.2219410077669,361.34640699310694
1,0,0,0,0,0,0,8533,51.986781996674836,68.96144899656065,140.63792598608416,121.60862800374161
5,0,0,0,0,0,0,48,128.034204011783,177.778675002628,331.48366599925794,165.96832701179665
3,0,0,0,0,0,0,1484,123.69885400403291,173.30534500069916,322.4304309987929,171.63809099292848
7,0,0,0,0,0,0,1,121.5662530012196,163.41439299867488,170.16699600208085,101.51568199216854
1,0,0,0,0,0,0,1901,106.92645399831235,146.83696199790575,284.48418001062237,153.60659699945245
86,0,0,0,15,0,1,1,135.87604099302553,180.26157798885833,653.8266369898338,173.82488799921703
3,0,0,0,0,0,0,342,118.66642899985891,166.27466700447258,260.19450499734376,76.83901699783746
21,0,0,0,1,0,1,142,625.3960269968957,709.4678840076085,492.1364710025955,347.95293099887203
22,0,0,0,3,0,1,2,518.616336004925,494.51542999304365,606.2462190020597,411.35005600517616
2,0,0,0,0,0,0,36,132.54721999692265,180.77120301313698,327.7848159923451,170.43869200279005
7,0,0,0,0,0,0,10,122.83166099223308,171.42984400561545,332.2773789986968,161.32655400724616
1,0,0,0,0,0,0,8399,79.12224599567708,108.03988800034858,243.60825899930205,158.95131300203502
6,0,0,0,0,0,0,1,130.75227200170048,179.78642000525724,339.8190449952381,168.2652000017697
92,0,0,0,17,0,1,1,128.37393299560063,170.93555199971888,686.2055379897356,159.95290700811893
3,0,0,0,0,0,0,1484,70.29393401171546,164.18967899517156,321.53910300985444,172.65290500654373
4,0,0,0,0,0,0,91,120.70557400875259,170.52811100438703,319.1928089945577,85.37319200695492
57,0,0,0,3,0,1,1,666.4607699931366,375.229263008805,368.52725499193184,325.98813700315077
1,0,0,0,0,0,0,8533,100.51313298754394,139.205920000677,258.15122500353027,81.02729301026557
7,0,0,0,0,0,0,107,126.9196369976271,170.49791700264905,330.41676800348796,161.93591299816035
3,0,0,0,1,0,1,1445,269.1781949979486,259.0054309985135,339.2524520022562,318.1991439923877
2,0,0,0,0,0,0,224,125.25406498753,177.19454200414475,323.7881740060402,165.4977269936353
1,0,0,0,0,0,0,1511,110.48904100607615,152.84582300228067,285.91050300747156,146.91132798907347
26,0,0,0,4,0,1,1,456.0689780046232,442.4675119953463,549.4924250087934,219.72499799448997
3,0,0,0,0,0,0,169,73.80327999999281,166.2915740016615,313.6802910012193,158.67481399618555
49,0,0,0,3,0,1,1,378.6152940010652,404.4327279989375,788.1792629923439,489.62336499243975
7,0,0,0,1,0,1,4,63.743004997377284,85.97906999057159,198.728667004616,157.5084659998538
3,0,0,0,0,0,0,290,118.43296499864664,163.12152000318747,306.97487900033593,154.37209699302912
3,0,0,0,0,0,0,15,119.7461289993953,160.85106300306506,304.0976269985549,148.0741559935268
13,0,0,0,2,0,1,4,386.93274700199254,384.8862860031659,516.745771994465,205.96022500831168
12,0,0,0,2,0,1,1,116.22941700625233,162.7857769926777,379.215868000756,75.30836798832752
5,0,0,0,0,0,0,3,126.25715699687134,182.23046700586565,325.10533099411987,161.77066598902456
4,0,0,0,1,0,1,118,367.75514400505926,205.54958400316536,558.644857010222,196.0009079921292
1,0,0,0,0,0,0,9230,52.77421099890489,68.84965399513021,197.18777200614568,151.57849800016265
2,0,0,0,0,0,0,3627,120.33527399762534,164.68331500072964,304.97526499675587,168.91746899636928
136,0,0,0,13,0,1,1,551.5601320075803,510.24306000908837,690.3850600065198,280.51867499016225
86,0,0,0,18,0,1,1,142.88765699893702,181.609669001773,690.0231469917344,167.62507500243373
1,0,0,0,0,0,0,3085,103.03225299867336,142.82351901056245,279.45025300141424,151.99079499871004
4,0,0,0,0,0,0,16,122.27288300346117,174.7835560090607,326.51871199777815,166.1565879912814
3,0,0,0,0,0,0,13,116.4258739881916,165.88868699909654,309.23407299269456,150.48010200553108
4,0,0,0,1,0,1,9,196.45776000106707,91.2336680048611,345.55051200732123,173.82481700042263
4,0,0,0,0,0,0,394,98.30961699481122,92.45316399028525,241.38308998954017,88.08208699338138
4,0,0,0,0,0,0,50,121.38492200756446,170.98610900575295,206.1810540035367,139.4332259951625
26,0,0,0,4,0,1,1,461.99594700010493,445.2190230076667,649.3107869900996,219.9300459906226
5,0,0,0,0,0,0,75,123.72385399066843,174.15849900862668,321.37028299621306,160.05830599169713
99,0,0,0,7,0,1,1,700.9230789990397,659.2241409962298,470.1662409934215,186.3698280067183
13,0,0,0,2,0,1,4,127.08994199056178,168.45074399316218,349.3753469956573,147.04315100971144
2,0,0,0,0,0,0,1320,63.25124499562662,167.12944400205743,305.09078899922315,157.22269999969285
3,0,0,0,0,0,0,1484,124.15161900571547,173.1452439998975,231.23177301022224,89.60113399371039
4,0,0,0,1,0,1,289,369.75028199958615,191.10498299414758,554.815431998577,184.06329599383753
1,0,0,0,0,0,0,8399,41.61031400144566,54.24604800646193,124.24016698787455,81.28943400515709
10,0,0,0,2,0,1,1,357.75099899910856,183.7396019982407,560.6032299983781,175.715883000521
1,0,0,0,0,0,0,9122,65.88539699441753,89.41251899523195,217.34034299151972,156.72886399261188
8,0,0,0,1,0,1,17,477.75948299386073,185.577320997254,591.4086970005883,176.25808299635537
1,0,0,0,0,0,0,8399,80.28873699367978,106.21163999894634,240.71388199809007,158.98452600231394
3,0,0,0,0,0,0,1484,123.81736100360285,173.14654598885681,321.7201079969527,170.62203800014686
10,0,0,0,1,0,1,3,69.08592699619476,81.64828400185797,172.18998199678026,76.36774600541685
24,0,0,0,1,0,1,2,526.0921080043772,617.1725870080991,478.0379419971723,332.20617299957667
3,0,0,0,0,0,0,42,129.67366400698666,184.81098099437077,334.7723280021455,168.31249100505374
2,0,0,0,0,0,0,129,67.45620799483731,88.68531200278085,166.74975100613665,85.82711899362039
4,0,0,0,0,0,0,400,120.11257199628744,166.66802599502262,314.77022799663246,155.02947100321762
2,0,0,0,0,0,0,3627,117.29223201109562,162.5981200049864,299.9218679906335,167.13814999093302
3,0,0,0,0,0,0,588,125.62126999546308,172.11863001284655,324.3276230059564,169.52345200115815
1,0,0,0,0,0,0,9230,54.33858200558461,69.75847200374119,202.1764009987237,151.3828719907906
9,0,0,0,0,0,0,2,128.87471201247536,180.88114098645747,347.6059289969271,169.77561201201752
2,0,0,0,0,0,0,4804,115.21307700604666,159.56277900841087,302.88603900407907,176.3647149928147
8,0,0,0,1,0,1,213,362.505302997306,435.06615499791224,472.2983849933371,374.4507410010556
31,0,0,0,4,0,1,1,637.0984849927481,600.9665519959526,722.2846879885765,450.43134200386703
5,0,0,0,1,0,1,4,125.52879100257996,171.91677399387117,332.5321169977542,160.32608298701234
3,0,0,0,0,0,0,472,126.19934001122601,176.71364000125322,324.8453850101214,164.8102339968318
3,0,0,0,0,0,0,521,117.44688900944311,161.12949399393983,304.4063660054235,150.0130269996589
5,0,0,0,0,0,0,1,130.0304199976381,179.59624200011604,336.3208520022454,168.61643100855872
15,0,0,0,1,0,1,35,225.21163600322325,260.66815899685025,355.485370993847,290.9695480047958
9,0,0,0,1,0,1,233,554.216420990997,630.2455149998423,612.3855049954727,510.57601399952546
3,0,0,0,0,0,0,588,124.53445899882354,178.10210899915546,320.172483989154,168.01020099956077
2,0,0,0,0,0,0,867,117.12974199326709,161.17198100255337,296.72839799604844,149.11713100445922
4,0,0,0,1,0,1,461,306.8603280116804,174.41833700286224,476.3399759976892,190.31296999310143
3,0,0,0,0,0,0,285,117.73055601224769,166.72279400518164,314.59930099663325,155.94535499985795
1,0,0,0,0,0,0,8533,97.06371198990382,135.55404500220902,273.57689100608695,155.5086449952796
3,0,0,0,0,0,0,111,120.83770599565469,169.2517720075557,313.2741680019535,152.80403700307943
1,0,0,0,0,0,0,9122,66.66863200371154,88.94268599397037,217.92239799106028,95.58277401083615
3,0,0,0,0,0,0,1484,124.26508900534827,172.68488901027013,320.1090010115877,168.3678129920736
110,0,0,0,5,0,1,1,789.2473440006142,732.8702600061661,664.2452090018196,277.9109820112353
5,0,0,0,1,0,1,19,129.07034400268458,182.24664399167523,285.0048320105998,151.38475298590492
2,0,0,0,0,0,0,4804,113.50000499805901,156.36310800618958,298.8540380029008,174.94512599660084
19,0,0,0,4,0,1,1,421.25235999992583,403.53777499694843,555.5645470012678,345.27962500578724
1,0,0,0,0,0,0,8533,51.735393004491925,67.87987799907569,251.432795994333,154.08056699379813
1,0,0,0,0,0,0,4295,108.52478700689971,151.34989999933168,288.2270999980392,150.35695600090548
4,0,0,0,0,0,0,20,114.3471200048225,163.8524320005672,301.4375269995071,146.74390100117307
45,0,0,0,8,0,1,1,128.77775701053906,179.15147200983483,500.99547099671327,166.08460100542288
2,0,0,0,0,0,0,3160,117.74603799858596,161.081603000639,298.8812599942321,152.48685800179373
60,0,0,0,4,0,1,1,525.3731690027053,288.25482398679014,382.2414519963786,109.2341320036212
74,0,0,0,3,0,1,1,346.0822479974013,575.2102639962686,542.1899569919333,266.42217198968865
4,0,0,0,0,0,0,200,127.31945600535255,179.2607079987647,333.38976399681997,171.55275600089226
13,0,0,0,2,0,1,4,408.0443780112546,388.545685011195,524.6971640008269,200.72889600123744
4,0,0,0,0,0,0,319,118.73777300934307,164.49090300011449,308.9879789913539,150.52285199635662
4,0,0,0,0,0,0,329,67.24975199904293,90.51972998713609,170.3647300018929,88.88419200957287
2,0,0,0,0,0,0,4475,105.18104198854417,146.84075399418361,279.4670870061964,169.76457499549724
1,0,0,0,0,0,0,1511,108.98618900682777,151.79941200767644,288.1667070032563,153.5771890048636
1,0,0,0,0,0,0,9122,67.34260599478148,89.45125200261828,234.1557269974146,182.83944700669963
147,0,0,0,26,0,1,1,138.09567100543063,181.0909019986866,924.6252320008352,183.20759900962003
6,0,0,0,1,0,1,10,136.8432190065505,181.71019598958082,356.3005189935211,170.6056830007583
5,0,0,0,1,0,1,12,122.62930700671859,184.75917300384026,344.24459699948784,159.18398299254477
8,0,0,0,1,0,1,1,462.12913100316655,182.53411899786443,547.6777510048123,172.64441899897065
24,0,0,0,4,0,1,1,65.92883198754862,131.78810899262317,394.0752999915276,164.5609230035916
3,0,0,0,0,0,0,650,130.62427699333057,171.3575860048877,307.79140201047994,153.6339659942314
9,0,0,0,0,0,0,1,120.3396659984719,173.74602000927553,330.58821700979024,156.01861799950711
1,0,0,0,0,0,0,8533,98.13891300291289,136.2730510008987,273.3906140056206,155.19876799953636
7,0,0,0,0,0,0,1,129.49743500212207,179.41826400056016,339.3427020055242,168.27776900026947
1,0,0,0,0,0,0,8533,98.33703000913374,135.41704601084348,274.4420200033346,154.99909000936896
10,0,0,0,2,0,1,61,446.8564400012838,238.89201800921,333.84864700201433,406.5488509950228
4,0,0,0,1,0,1,80,438.9165290049277,523.4113330079708,568.7418000015896,474.5031549973646
15,0,0,0,3,0,1,1,121.19134499516804,166.3647880050121,366.8242779967841,149.1619120060932
7,0,0,0,1,0,1,320,494.8907680081902,563.2201239932328,562.0492199959699,469.38367099210154
2,0,0,0,0,0,0,3532,111.29430400615092,154.15828900586348,291.8455699982587,169.62516598869115
49,0,0,0,3,0,1,1,207.1522299956996,204.4420629972592,398.1716019916348,247.15923599433154
7,0,0,0,1,0,1,17,134.092228996451,183.5670599975856,353.05571000208147,169.88788000890054
1,0,0,0,0,0,0,2186,108.44176600221545,150.89705798891373,288.640643004328,149.35512701049447
2,0,0,0,0,0,0,2326,125.02166100603063,172.37583801033907,314.34438200085424,170.33082600391936
1,0,0,0,0,0,0,849,58.76886998885311,79.13738700153772,151.0187079984462,75.15358200180344
24,0,0,0,4,0,1,1,389.4260689994553,375.7897169998614,601.6173300013179,210.58977299253456
13,0,0,0,2,0,1,5,547.1926030004397,542.6427549973596,634.55157399585,489.2914869997185
5,0,0,0,1,0,1,298,337.24377799080685,179.07108199142385,499.4787820032798,184.14468699484132
2,0,0,0,0,0,0,3627,117.17477400088683,164.66044599656016,299.7868499951437,151.8638359993929
2,0,0,0,0,0,0,4804,115.06933899363503,160.22162900480907,299.6922710008221,173.9359480125131
3,0,0,0,0,0,0,1484,123.37090300570708,174.1603219998069,323.1162279989803,172.3656030080747
4,0,0,0,0,0,0,408,128.18590000097174,183.88385500293225,225.1512850052677,131.20127699221484
1,0,0,0,0,0,0,9122,35.22077700472437,60.40750599640887,171.95299400191288,81.06295499601401
4,0,0,0,1,0,1,118,367.68606200348586,204.58133200008888,557.0006490015658,194.3251640041126
1,0,0,0,0,0,0,2186,110.30210299941245,151.1232959892368,287.9863790003583,147.1644810080761
3,0,0,0,0,0,0,607,124.8833979916526,176.58785500680096,327.3368619993562,169.87493900523987
5,0,0,0,0,0,0,12,118.95876099879388,164.4068189925747,307.81745100102853,146.0602309962269
6,0,0,0,0,0,0,1,66.87864699051715,91.54671400028747,172.9146490106359,85.44200198957697
41,0,0,0,7,0,1,1,474.57877900160383,456.26299500872847,682.0371490030084,222.5451610138407
5,0,0,0,0,0,0,45,123.15884299459867,169.9207950005075,326.49492600467056,158.8719719875371
6,0,0,0,1,0,1,7,342.63327800726984,194.02943199384026,566.5604919922771,188.09500899806153
2,0,0,0,0,0,0,76,121.2458299996797,166.53540800325572,308.97320399526507,151.6549549996853
13,0,0,0,2,0,1,8,554.6790369990049,530.214522004826,610.406512991176,473.19324099225923
4,0,0,0,0,0,0,17,120.92509500507731,169.00665700086392,323.97661900904495,156.82911800104193
1,0,0,0,0,0,0,9230,52.67155899491627,68.31158199929632,200.2967269945657,153.57357100583613
3,0,0,0,0,0,0,1070,125.82417599332985,175.75747299997602,324.7891849896405,168.56617300072685
3,0,0,0,0,0,0,1862,65.62371799373068,125.0582399952691,314.5001660013804,169.7881340078311
1,0,0,0,0,0,0,9230,53.91242699988652,70.2707750024274,141.95230400946457,78.64441099809483
1,0,0,0,0,0,0,9122,66.64368401106913,88.2279590005055,218.02959199703764,156.42295700672548
8,0,0,0,0,0,0,5,119.11982699530199,168.7537209945731,322.6718520018039,151.48442999634426
2,0,0,0,0,0,0,4804,113.16247998911422,157.39968699926976,296.1711940006353,176.1415029905038
5,0,0,0,1,0,1,138,124.61418900056742,170.9173700073734,331.10205399862025,160.06975999334827
3,0,0,0,0,0,0,1484,126.40320899663493,176.35120800696313,320.4832759947749,171.0062389902305
3,0,0,0,0,0,0,2044,107.27512098674197,172.6267909980379,317.3156129923882,170.08557400549762
10,0,0,0,0,0,0,1,123.65772201155778,168.14751300262287,333.4596619970398,156.16223799588624
8,0,0,0,1,0,1,62,431.94051799946465,195.57169299514499,563.3502760028932,188.04357599583454
3,0,0,0,0,0,0,277,128.78112199541647,181.7825360049028,327.4051589978626,171.6834730032133
2,0,0,0,0,0,0,96,119.02433799696155,162.11962400120683,301.01859400747344,146.59999299328774
2,0,0,0,0,0,0,4804,112.60535199835431,156.71100201143418,296.9833390088752,173.1145399971865
30,0,0,0,2,0,1,1,529.1494690027321,661.7805069981841,306.048667000141,138.18906400410924
23,0,0,0,4,0,1,1,221.58518098876812,213.46393899875693,334.37473699450493,374.50571099179797
42,0,0,0,3,0,1,1,601.6241180041106,564.5096579974052,615.6512879970251,388.26433100621216
1,0,0,0,0,0,0,4295,108.41022900422104,147.34567899722606,289.5909649960231,150.81115000066347
1,0,0,0,0,0,0,8533,99.33648699370679,137.53153299330734,272.00307499151677,154.2254569940269
3,0,0,0,0,0,0,342,120.43880199780688,166.91668999555986,307.82923600054346,149.0341150056338
2,0,0,0,0,0,0,3532,108.46707598830108,152.3243070114404,294.4903369934764,170.2223500033142
3,0,0,0,0,0,0,473,117.81354999402538,96.75389699987136,159.71775900106877,82.19831700262148
2,0,0,0,0,0,0,4804,59.38052700366825,106.51916499773506,295.20459700142965,173.6079249967588
1,0,0,0,0,0,0,9230,52.35196299327072,68.98578300024383,200.83231800526846,152.2879840049427
4,0,0,0,0,0,0,384,128.01977299386635,180.59902099776082,329.64274400728755,169.18092999549117
1,0,0,0,0,0,0,8533,51.39039800269529,68.85552700259723,138.76206798886415,80.60165999631863
3,0,0,0,0,0,0,521,118.12203699082602,161.9068080035504,305.4302499949699,149.3944410030963
4,0,0,0,1,0,1,461,304.2911819939036,172.59633100184146,458.70410300267395,187.21125800220761
2,0,0,0,0,0,0,3532,108.73089599772356,151.92737599136308,294.33492799580563,167.37863399612252
2,0,0,0,0,0,0,2666,99.04871699109208,138.5096370067913,276.6359880042728,158.68046099785715
6,0,0,0,0,0,0,3,135.36325200402644,185.73972300509922,346.9923530064989,174.5874190091854
4,0,0,0,0,0,0,84,120.1576300081797,163.37271399970632,241.73970600531902,77.45028099452611
3,0,0,0,1,0,1,1445,262.35436600109097,325.4107649991056,427.43997799698263,356.1407980014337
1,0,0,0,0,0,0,9122,65.26182300876826,86.87237299454864,220.65942599147093,155.39739800442476
2,0,0,0,0,0,0,1827,106.7377699946519,151.2498069932917,285.1474640046945,149.79146499536
2,0,0,0,0,0,0,966,99.38846099248622,167.14777699962724,304.8211610002909,157.8616459883051
7,0,0,0,0,0,0,4,121.06889399001375,143.05248099844903,323.0654420040082,153.04075300809927
3,0,0,0,0,0,0,1484,127.40760600718204,176.11395499261562,325.6887680036016,172.0901020016754
2,0,0,0,0,0,0,3627,115.01000099815428,162.83132499665953,303.1052769947564,168.37107700121123
3,0,0,0,0,0,0,368,120.58870900364127,167.91682899929583,315.7037320052041,157.02904500358272
36,0,0,0,8,0,1,1,69.42572399566416,90.19557999272365,239.1952339967247,82.54205899720546
2,0,0,0,0,0,0,1340,114.55323500558734,162.8788700036239,301.3411529973382,170.0824309955351
21,0,0,0,4,0,1,1,194.98708500759676,91.62349499820266,626.3073239970254,173.626335003064
3,0,0,0,0,0,0,7,122.33507999917492,164.35450600693002,306.65582200163044,147.12575300654862
1,0,0,0,0,0,0,9914,43.34252199623734,57.282743000541814,125.5694260034943,83.38670100783929
2,0,0,0,0,0,0,207,120.77359299291857,164.2464589967858,302.90702199272346,147.30682100343984
5,0,0,0,1,0,1,36,137.63226399896666,182.59696899622213,342.75145101128146,170.35435199795756
56,0,0,0,5,0,1,1,304.5411290077027,542.1080660016742,775.5275370000163,416.9428469904233
1,0,0,0,0,0,0,9122,57.0983299985528,87.98756399482954,218.30802399199456,156.70493899961002
3,0,0,0,0,0,0,34,125.17486700380687,176.02078799973242,323.6744689929765,165.1986200013198
1,0,0,0,0,0,0,3085,53.67554099939298,102.99672900873702,278.3769689995097,105.93676001008134
7,0,0,0,1,0,1,57,136.3332890032325,177.14998799783643,343.82264300074894,140.7801220047986
2,0,0,0,0,0,0,348,119.84505799773615,163.4930459986208,304.3720979912905,147.550798006705
29,0,0,0,3,0,1,1,130.58073600404896,171.48100599297322,409.25394899386447,157.5403940078104
3,0,0,0,0,0,0,5,65.2886820025742,172.01865300012287,256.06775999767706,78.85339399217628
32,0,0,0,2,0,1,1,793.6955540062627,755.6427289964631,576.2082940054825,403.47036899765953
80,0,0,0,4,0,1,1,525.8705369924428,293.96449799241964,784.5386510016397,401.3573580014054
5,0,0,0,0,0,0,195,69.0524099918548,91.49323900055606,319.4267439976102,171.0656469949754
7,0,0,0,0,0,0,2,121.96557300921995,171.61355300049763,327.3662989959121,157.68058098910842
5,0,0,0,1,0,1,21,130.47955199726857,172.7735919994302,189.8033380130073,80.71191700582858
11,0,0,0,1,0,1,178,547.5956129957922,619.7134629910579,581.8225300026825,469.07614399970043
2,0,0,0,0,0,0,4475,105.01969399047084,144.15436699346174,282.2806329932064,168.19471900817007
3,0,0,0,0,0,0,521,116.26519499986898,161.89489199314266,302.28171100316104,149.0292880043853
3,0,0,0,0,0,0,607,76.68764900881797,179.57592499442399,324.372820003191,169.1476559935836
1,0,0,0,0,0,0,9914,80.36048100620974,107.84914600662887,243.37902100523934,159.3855329992948
3,0,0,0,1,0,1,125,218.910245996085,453.444844999467,539.1880189999938,468.58844500093255
2,0,0,0,0,0,0,4475,103.64971299713943,72.49465299537405,144.6571970009245,88.47432301263325
61,0,0,0,5,0,1,1,802.686195995193,756.2360320007429,610.5044779978925,340.6176300049992
1,0,0,0,0,0,0,9122,67.45018500078004,87.20127800188493,219.92486499948427,157.89056799258105
6,0,0,0,0,0,0,1,60.9458560065832,154.37633699912112,314.4550739962142,149.62230299715884
12,0,0,0,0,0,0,1,123.39037800848018,173.5175719950348,344.9828690063441,157.971856999211
2,0,0,0,0,0,0,4475,94.28254699741956,72.89677701191977,144.97669399133883,85.1071790093556
1,0,0,0,0,0,0,9122,66.59216400294099,88.23997298895847,222.58898700238205,115.14577000343706
1,0,0,0,0,0,0,1901,104.98814001039136,148.66097999038175,279.55959300743416,147.62225600134116
4,0,0,0,0,0,0,5,117.51006600388791,165.05979000066873,309.9989460024517,150.9047220024513
3,0,0,0,0,0,0,368,61.78588300826959,83.9750450104475,161.94780499790795,82.17042899923399
6,0,0,0,1,0,1,3,367.7111440047156,183.63591401430313,577.8415069944458,177.438180995523
6,0,0,0,1,0,1,13,372.0760220021475,182.59416900400538,568.552140990505,173.67132801155094
4,0,0,0,0,0,0,16,126.40863801061641,177.05127400404308,325.3779520018725,165.10938599822111
2,0,0,0,0,0,0,4804,113.76669300079811,158.89686001173686,300.15267099952325,143.92256899736822
8,0,0,0,1,0,1,1,130.4475189972436,179.18134799401741,351.8428649986163,171.07369200675748
3,0,0,0,0,0,0,342,116.32335399917793,163.6326769948937,308.2638359919656,149.66511899547186
2,0,0,0,0,0,0,4804,114.23664999892935,160.245549006504,293.08294800284784,172.96819400507957
1,0,0,0,0,0,0,9230,53.15689901181031,68.71021100960206,199.7625250078272,150.96914100286085
4,0,0,0,0,0,0,408,120.84823299665004,168.16022399871144,318.7865689978935,158.3375500049442
5,0,0,0,0,0,0,59,119.44298999151215,162.86884299188387,311.6033029946266,144.69769899733365
58,0,0,0,10,0,1,1,64.69629598723259,98.35170299629681,534.4397510052659,152.67508001124952
1,0,0,0,0,0,0,9914,80.71589400060475,108.9182009891374,249.0908799954923,163.862307992531
42,0,0,0,2,0,1,1,471.05716800433584,466.4564760023495,529.6502849960234,389.11151100182906
5,0,0,0,1,0,1,2,130.558854987612,175.35958701046184,336.40899299643934,158.89707699534483
5,0,0,0,0,0,0,1,118.15125499560963,168.4929209877737,323.97763000335544,148.11394999560434
20,0,0,0,3,0,1,1,496.195744999568,465.95619300205726,644.1145110002253,446.81418799154926
5,0,0,0,0,0,0,4,120.03122699388769,171.54004900658038,320.93414801056497,156.0976530017797
2,0,0,0,0,0,0,216,127.15985099202953,152.88010299263988,243.79063399101142,76.2345440016361
10,0,0,0,2,0,1,7,216.6391719947569,386.6612569981953,492.858696001349,206.62262100086082
5,0,0,0,1,0,1,29,181.34347400336992,200.0833139900351,348.1648650049465,174.3686840054579
3,0,0,0,0,0,0,1070,131.59846600319725,181.05877499328926,329.6393780037761,159.11745199991856
3,0,0,0,0,0,0,521,114.32267200143542,159.57987899309956,302.08152398699895,150.6282889895374
7,0,0,0,1,0,1,1,129.5026780135231,171.51080099574756,340.56440099084284,157.06088099977933
1,0,0,0,0,0,0,8399,42.10512401186861,55.48387901217211,123.23662500421051,80.5897630052641
8,0,0,0,0,0,0,1,130.78334199963138,179.02496400347445,345.32863200001884,170.0268759886967
2,0,0,0,0,0,0,1827,56.21506200986914,91.3988079992123,290.03877799550537,149.10935299121775
37,0,0,0,3,0,1,1,486.25221599650104,614.661542000249,696.7427229974419,443.9870640053414
6,0,0,0,0,0,0,1,126.84970200643875,174.2559129925212,328.6746690137079,156.7497500072932
11,0,0,0,1,0,1,178,567.3127019981621,628.3893509971676,579.66003799811,474.94924800412264
1,0,0,0,0,0,0,9914,80.3503740025917,111.04523499670904,243.9407990023028,158.8207169988891
2,0,0,0,0,0,0,1827,110.68653900292702,115.28803300461732,276.50039800209925,148.77846899616998
1,0,0,0,0,0,0,9230,27.982337996945716,35.874783992767334,154.6095020021312,153.01511899451725
2,0,0,0,0,0,0,1827,108.27198800689075,149.469953001244,287.5765640055761,148.25730900338385
4,0,0,0,0,0,0,77,128.54334599978756,177.62121099804062,308.459371997742,167.860033994657
34,0,0,0,8,0,1,1,500.1769860100467,329.77290100825485,353.39102100988384,94.88819200487342
1,0,0,0,0,0,0,9230,53.77815199608449,68.79851099802181,200.24793599441182,153.7039619870484
57,0,0,0,3,0,1,1,663.668786000926,565.2810679894174,652.7212559885811,389.75568900059443
3,0,0,0,1,0,1,1479,332.41600600013044,401.3731119921431,528.4127990016714,453.0973359942436
1,0,0,0,0,0,0,8533,97.26860899536405,199.2615399940405,141.51193699217401,131.70818000799045
3,0,0,0,0,0,0,60,119.39250500290655,162.09576799883507,318.6841370043112,149.02362899738364
1,0,0,0,0,0,0,8533,99.49198699905537,137.00357799825724,269.08736101177055,154.01136000582483
1,0,0,0,0,0,0,8399,77.1849220036529,105.19300799933262,239.8788229911588,155.3463229938643
12,0,0,0,2,0,1,2,131.56093101133592,167.71493600390386,336.86598599888384,157.26681200612802
64,0,0,0,10,0,1,1,131.92661700304598,179.89053299243096,296.1268850049237,88.01505000155885
1,0,0,0,0,0,0,9230,53.81618200044613,69.61653100734111,197.81586599128786,151.05696298996918
2,0,0,0,0,0,0,1827,90.40548600023612,151.9096179981716,285.52610900078434,148.4204110020073
10,0,0,0,3,0,1,45,362.3927519947756,267.96141000522766,557.7700510038994,193.2817960041575
3,0,0,0,0,0,0,39,128.19848700019065,180.78513100044802,332.51731500786263,169.37163900001906
5,0,0,0,0,0,0,1,120.09031799971126,160.73210499598645,311.6387490008492,149.94386900798418
3,0,0,0,0,0,0,208,118.00130999472458,161.63580500870012,305.09199301013723,146.58838100149296
5,0,0,0,0,0,0,12,126.17499299813062,173.95000100077596,325.3482620057184,158.57706998940557
21,0,0,0,2,0,1,1,488.12647099839523,466.4506630069809,632.3538810102036,479.1464059962891
6,0,0,0,1,0,1,17,104.07223399670329,88.80592799687292,169.12952800339554,81.31210600549821
5,0,0,0,0,0,0,59,62.89470300544053,153.81836099550128,313.62350199196953,150.67278199421708
2,0,0,0,0,0,0,1320,117.30435900972225,167.71176298789214,299.6838319959352,154.90134600258898
13,0,0,0,0,0,0,1,63.377120008226484,85.91097399767023,168.81196499161888,77.03178199881222
6,0,0,0,0,0,0,5,118.05665999418125,163.16314200230408,310.97395200049505,147.79773700865917
3,0,0,0,0,0,0,331,115.8681849919958,162.490810995223,305.2837170107523,150.98212199518457
9,0,0,0,1,0,1,3,131.291458994383,179.56899100681767,339.4987129868241,160.1105390000157
3,0,0,0,0,0,0,331,119.6042480005417,167.50588100694586,304.29055099375546,150.33819898962975
3,0,0,0,0,0,0,1484,124.202442006208,174.7349840006791,324.59565000317525,170.61320200446062
2,0,0,0,0,0,0,2326,120.95983300241642,169.50819799967576,312.1669750107685,170.3468019986758
36,0,0,0,2,0,1,2,466.9210389984073,323.2549249951262,693.9297490025638,501.970474011614
7,0,0,0,0,0,0,1,66.2420479930006,88.42393799568526,315.3048249951098,160.2088020008523
6,0,0,0,0,0,0,1,118.72970800322946,88.69606099324301,225.81849699781742,165.32400700089056
4,0,0,0,0,0,0,200,66.58997999329586,90.1958499889588,172.14907999732532,87.58107799803838
97,0,0,0,8,0,1,1,548.6733229918173,520.9153100004187,846.6368059889646,342.62540300551336
3,0,0,0,0,0,0,23,128.27464200381655,177.5235109962523,324.46757500292733,164.38960400409997
7,0,0,0,0,0,0,2,119.93007699493319,163.04503800347447,315.4166040039854,146.6098039963981
4,0,0,0,0,0,0,16,126.55919000098947,181.69465998653322,335.268016991904,169.9954400100978
4,0,0,0,1,0,1,63,365.1288819964975,181.07436699210666,551.6092440084321,173.59900299925357
21,0,0,0,1,0,1,142,585.3312260005623,565.6036059954204,481.59113801375497,283.1279270030791
4,0,0,0,0,0,0,293,63.52151800820138,86.4921280008275,200.95091700204648,163.69334599585272
1,0,0,0,0,0,0,8533,99.23428601177875,136.09285400889348,272.31066300009843,155.42175399605185
3,0,0,0,0,0,0,1862,65.82485199032817,86.38477399654221,164.1995130048599,160.39628999715205
5,0,0,0,1,0,1,21,131.44952201400883,173.89938300766516,260.41614600399043,80.76588099356741
1,0,0,0,0,0,0,8533,97.12877600395586,137.86814600462094,272.0900529966457,154.20592301234137
1,0,0,0,0,0,0,8533,100.69168799964245,139.41406000230927,276.2467110005673,158.0903519934509
3,0,0,0,1,0,1,1479,340.18391800054815,406.834132008953,523.6983130016597,450.44973300537094
3,0,0,0,1,0,1,9,370.0192109972704,448.0272189975949,560.8852970035514,473.19269498984795
7,0,0,0,1,0,1,1,372.7042810060084,181.01784499594942,571.0735399916302,175.0389049993828
1,0,0,0,0,0,0,9230,54.63189799047541,69.92290100606624,199.87868999305647,153.2016560086049
2,0,0,0,0,0,0,3095,116.29134901158977,156.31921899330337,298.8029469997855,167.6025360065978
110,0,0,0,18,0,1,1,136.58615200256463,181.54370800766628,748.2932200073265,172.94855498766992
4,0,0,0,1,0,1,5,189.7974650055403,166.76739499962423,552.7957919985056,196.6708769905381
5,0,0,0,0,0,0,41,135.02779399277642,183.86226499569602,336.58845200261567,174.77058699296322
61,0,0,0,11,0,1,1,129.33761900058016,176.91560999082867,562.9027469985886,165.27927099377848
57,0,0,0,6,0,1,1,558.6449880065629,526.7686930019408,778.9766420028172,394.12735900259577
25,0,0,0,4,0,1,1,235.75742499087937,226.7826400056947,329.3885769962799,109.20752400124911
3,0,0,0,0,0,0,1070,125.62238000100479,177.81723001098726,325.21375200303737,169.55076198792085
3,0,0,0,0,0,0,123,125.69095600338187,176.8258469965076,330.1529500022298,166.2670240039006
19,0,0,0,2,0,1,5,614.258443005383,579.7736309905304,622.3479370091809,468.36870099650696
22,0,0,0,1,0,1,58,678.898267011391,869.8049780068686,551.6169059992535,413.2565959880594
3,0,0,0,0,0,0,1484,123.63172401092015,176.72750299971085,319.9893799901474,170.33837700728327
9,0,0,0,0,0,0,4,121.7827189975651,171.76141699019354,334.0106739924522,160.81582100014202
4,0,0,0,1,0,1,79,121.2109350017272,110.81912698864471,162.68284400575794,96.6002349887276
4,0,0,0,1,0,1,8,127.78942901059054,177.67340700083878,328.0919769895263,161.859909989289
6,0,0,0,0,0,0,24,127.00101999507751,172.96734800038394,327.75124700856395,160.48232500907034
1,0,0,0,0,0,0,9230,53.5552369983634,68.15153799834661,200.52797900279984,154.1747529990971
2,0,0,0,0,0,0,1340,117.69745299534407,161.31563800445292,302.66944800678175,168.9081459917361
5,0,0,0,0,0,0,3,130.25679600832518,176.29945299995597,301.23156899935566,168.92151700449176
45,0,0,0,9,0,1,1,387.06439700035844,353.3858290029457,717.0900920027634,190.0226630095858
3,0,0,0,0,0,0,1484,123.52623899641912,174.01316299219616,321.096868996392,170.69403000641614
2,0,0,0,0,0,0,1320,118.60673500632402,165.2445420040749,305.4123509937199,157.0108109881403
4,0,0,0,1,0,1,530,293.2992040005047,444.4180410064291,457.61780100292526,370.09370200394187
2,0,0,0,0,0,0,1121,124.86064399126917,174.3902949965559,224.76310199999716,87.65183298964985
7,0,0,0,1,0,1,19,192.0039149990771,131.55174998973962,582.1866740006953,173.19169800612144
5,0,0,0,0,0,0,3,128.15406400477514,185.1354810060002,335.2487639931496,169.54906399769243
4,0,0,0,1,0,1,80,437.7583500026958,411.8104170047445,489.13321300642565,473.1834000122035
4,0,0,0,1,0,1,633,359.0571370004909,195.42638899292797,549.6768759912811,196.88155100448057
1,0,0,0,0,0,0,8533,97.45491300418507,136.0375400108751,272.17842800018843,154.5964120014105
97,0,0,0,8,0,1,1,559.3918920058059,483.9320540049812,659.5302839996293,341.7248269979609
6,0,0,0,0,0,0,25,130.6261639983859,186.26235899864696,341.1351319955429,173.1320010003401
1,0,0,0,0,0,0,8533,99.74556800443679,135.46076700731646,273.77874800004065,153.9686449978035
28,0,0,0,3,0,1,1,307.5510589987971,237.60356899583712,353.1599819980329,227.116747002583
1,0,0,0,0,0,0,8399,81.03705800021999,109.87452400149778,244.8599560011644,158.8176060031401
4,0,0,0,0,0,0,29,115.86769198765978,165.77925099409185,305.35813300230075,146.99070500500966
4,0,0,0,1,0,1,3,367.05201701261103,191.30094299907796,562.3862259963062,183.787542002392
3,0,0,0,0,0,0,7,118.67493099998683,162.83411699987482,307.170058003976,148.42853999289218
2,0,0,0,0,0,0,4804,114.09097000432666,156.78252599900588,296.43332499836106,172.33081300219055
4,0,0,0,0,0,0,49,123.4287560073426,173.4914019907592,321.6752199950861,155.94415899249725
16,0,0,0,2,0,1,2,571.7804409941891,527.8868059976958,575.1394920080202,438.271517996327
23,0,0,0,2,0,1,1,106.3749590102816,183.87769199034665,402.5449610053329,171.69915800332092
5,0,0,0,0,0,0,4,133.75588700000662,185.34660199657083,338.35027100576553,171.17364399018697
1,0,0,0,0,0,0,8399,78.77923200430814,106.19169799610972,240.318052994553,157.00044500408694
3,0,0,0,0,0,0,608,116.44210800295696,154.18766799848527,155.9610230033286,79.23632800520863
3,0,0,0,0,0,0,246,121.9218379992526,169.7808179887943,320.90275999507867,169.86971600272227
5,0,0,0,1,0,1,51,403.8942839979427,213.91694400517736,481.02738898887765,185.90271400171332
2,0,0,0,0,0,0,2666,101.84372699586675,140.22421099070925,279.46618699934334,155.78460600227118
6,0,0,0,1,0,1,1,282.4697210016893,185.88134000310674,556.5259589930065,174.61379899759777
5,0,0,0,1,0,1,1,71.59169598890003,91.41955700761173,174.38108198984992,88.37750599195715
83,0,0,0,8,0,1,1,573.5569619864691,313.77420999342576,642.3213649977697,365.4495399969164
5,0,0,0,0,0,0,77,128.85623499460053,178.68372400698718,327.17209700786043,166.1309860064648
4,0,0,0,0,0,0,46,121.14285900315735,169.38080299587455,319.26178200228605,157.8818869893439
2,0,0,0,0,0,0,301,116.27921600302216,161.18663900124375,304.82700499123894,151.93626200198196
17,0,0,0,2,0,1,3,500.0832730002003,471.92458299105056,566.0884009994334,331.62900600291323
1,0,0,0,0,0,0,9230,53.46761501277797,69.27089599776082,196.57957000890747,150.28901300684083
3,0,0,0,0,0,0,135,131.70271800481714,180.51674599701073,331.8354030052433,169.31115501211025
5,0,0,0,0,0,0,48,122.20387900015339,170.04576299223118,322.7077750052558,80.32054798968602
6,0,0,0,1,0,1,1,330.7850720011629,93.31486299925018,339.19055700243916,173.41521799971815
1,0,0,0,0,0,0,9230,53.459875998669304,67.93485200614668,197.76934600668028,150.41191499039996
6,0,0,0,1,0,1,29,131.9763640058227,178.46270200971048,346.2552040000446,169.76075600541662
3,0,0,0,0,0,0,7,126.60061600035988,171.67297599371523,324.26787800795864,164.0805659990292
2,0,0,0,0,0,0,162,64.72811198909767,85.28832701267675,158.3305370004382,103.48441499809269
1,0,0,0,0,0,0,8533,98.17335000843741,138.75447699683718,273.9869499928318,153.63944899581838
4,0,0,0,1,0,1,3,367.1370040101465,191.77246499748435,557.843905990012,185.38038901169784
2,0,0,0,0,0,0,3532,111.97716700553428,152.1856140025193,296.70471599092707,168.25414799677674
1,0,0,0,0,0,0,9122,65.57175300258677,85.7429570023669,218.08304599835537,157.25275099975988
31,0,0,0,7,0,1,1,131.7115069978172,179.87720500968862,452.3147479922045,165.10438099794555
21,0,0,0,4,0,1,1,372.45035500382073,185.59267900127452,632.5423309899634,175.1328850077698
5,0,0,0,1,0,1,3,119.48264300008304,160.83906199492048,316.7573730024742,148.80437598912977
3,0,0,0,0,0,0,472,126.73878800706007,175.4881360102445,325.86453900148626,166.5118819946656
3,0,0,0,0,0,0,1484,124.57832299696747,178.0724039999768,320.51789000979625,171.25876501086168
11,0,0,0,0,0,0,1,121.07173199183308,166.9095510005718,330.53394900343847,148.54810199176427
1,0,0,0,0,0,0,9122,65.66644199483562,86.11990399367642,217.88152599765453,156.55154100386426
1,0,0,0,0,0,0,8533,99.05286099819932,134.85545599542093,271.2033679999877,157.27404999779537
4,0,0,0,0,0,0,24,118.60358000558335,163.92352199181914,310.6129320076434,149.1587950004032
3,0,0,0,0,0,0,650,115.8494690025691,168.38343699055258,304.53911299991887,153.41114200418815
4,0,0,0,1,0,1,295,401.86188399093226,479.4684529915685,555.1491500082193,464.526591997128
8,0,0,0,0,0,0,1,117.3443879961269,163.6642889934592,321.1880979943089,151.05207399756182
98,0,0,0,5,0,1,1,292.55325499980245,270.7411970040994,704.8111600015545,357.80371401051525
1,0,0,0,0,0,0,8533,98.88517399667762,138.86967000144068,275.4368089954369,156.18401000392623
20,0,0,0,6,0,1,1,356.7892739956733,183.6396610015072,328.6949489993276,96.61595099896658
12,0,0,0,1,0,1,64,335.3004350065021,267.92747899889946,452.59128700126894,492.61054999078624
5,0,0,0,0,0,0,78,119.73741700057872,165.7508259959286,313.8902659993619,151.18274399719667
1,0,0,0,0,0,0,8533,97.31091700086836,138.70038000459317,270.85687800718006,152.8569150104886
20,0,0,0,1,0,1,1,124.30904500070028,165.44940299354494,365.50359601096716,151.60078500048257
2,0,0,0,0,0,0,1320,62.354989000596106,85.83811900462024,154.39502301160246,80.3782430011779
1,0,0,0,0,0,0,8399,78.41973799804691,105.61036900617182,243.56147399521433,157.12062999955378
2,0,0,0,0,0,0,2666,100.36817900254391,139.67360100650694,279.60885399079416,159.65547699306626
8,0,0,0,2,0,1,2,121.36839900631458,167.46223700465634,339.92448200297076,151.04688200517558
3,0,0,0,0,0,0,1484,66.44177700218279,91.44539300177712,163.78488799091429,88.8484030001564
3,0,0,0,0,0,0,1070,132.07452700589783,183.22463700314984,332.912302998011,169.62620100821368
14,0,0,0,2,0,1,42,127.43118099751882,164.17987098975573,355.8155900100246,147.79517200076953
5,0,0,0,0,0,0,53,125.18076099513564,174.85884801135398,327.3486789985327,161.09983299975283
5,0,0,0,0,0,0,1,62.91191399213858,99.9272189947078,310.7984780072002,147.05198800947983
11,0,0,0,1,0,1,23,448.3491840073839,533.5359949967824,347.7786319999723,277.22505199199077
2,0,0,0,0,0,0,533,114.9141970090568,160.3658579988405,303.3535369904712,152.42427699558903
1,0,0,0,0,0,0,8399,79.65183499618433,106.02655200636946,202.26123399334028,79.99625899537932
6,0,0,0,1,0,1,77,450.0213889987208,527.468554006191,559.9861450027674,466.6162909998093
110,0,0,0,10,0,1,1,549.6446800098056,523.5273330035852,893.4490550018381,315.14123899978586
6,0,0,0,0,0,0,1,125.55456199334003,178.5535009985324,338.32297899061814,167.2005709988298
26,0,0,0,8,0,1,1,407.43642499728594,381.4870629867073,683.6664760048734,211.46450599189848
2,0,0,0,0,0,0,3160,116.9837500056019,165.79977399669588,306.75098299980164,156.43632999854162
23,0,0,0,4,0,1,1,458.73026599292643,452.0904489909299,349.45832699304447,330.8394249906996
43,0,0,0,5,0,1,1,438.5441519989399,427.15610800951254,734.0448269969784,401.41065799980424
35,0,0,0,6,0,1,1,372.3800330044469,189.61392500204965,563.2950970029924,88.2048740022583
3,0,0,0,0,0,0,1484,126.48653000360355,175.08997999539133,321.5571040054783,171.5484439919237
48,0,0,0,9,0,1,1,130.2538879972417,179.3044439982623,511.65447500534356,165.82857200410217
1,0,0,0,0,0,0,9230,54.52387400146108,69.48274899332318,199.710913002491,152.03425599611364
1,0,0,0,0,0,0,9122,67.12538498686627,89.94341200741474,218.46983401337638,158.39630499249324
38,0,0,0,9,0,1,1,126.43102199945133,179.45358500583097,392.0101880066795,86.7358389950823
2,0,0,0,0,0,0,1121,123.85972600895911,173.71856000681873,318.7650619947817,171.2451140047051
10,0,0,0,1,0,1,1,80.36191799328662,167.65802499139681,336.83837299759034,147.73271599551663
2,0,0,0,0,0,0,37,119.75057699601166,166.85867599153426,314.04150900198147,155.15177900670096
1,0,0,0,0,0,0,2186,111.09122099878732,152.64830899832305,288.4193909994792,151.87838301062584
1,0,0,0,0,0,0,8533,51.55558399565052,68.17732899799012,139.88485099980608,80.50530900072772
3,0,0,0,0,0,0,1862,122.86529599805363,170.15922300925013,317.0137440029066,170.59945200162474
6,0,0,0,1,0,1,1,130.14941799337976,173.25517599238083,335.3496140043717,152.77025000250433
10,0,0,0,2,0,1,5,332.82535600301344,216.29130400833674,539.2280579981161,335.41095099644735
2,0,0,0,0,0,0,4475,102.84611300448887,146.67841800837778,285.21969499706756,171.7300769960275
36,0,0,0,4,0,1,1,436.3706459989771,426.93082299956586,707.7257769997232,421.7075089982245
2,0,0,0,0,0,0,4475,104.59390300093219,146.45765599561855,207.20626099500805,86.86232300533447
1,0,0,0,0,0,0,1190,58.26008701114915,154.59753198956605,294.32917399390135,148.30621900910046
1,0,0,0,0,0,0,8533,53.26825799420476,69.61700599640608,139.6759409981314,78.51197899435647
10,0,0,0,2,0,1,1,125.51584799075499,175.0462470081402,352.5070100004086,158.89729499758687
2,0,0,0,0,0,0,348,113.48767700837925,158.76116399886087,300.2777719957521,148.2447790040169
1,0,0,0,0,0,0,2186,108.93655399559066,151.3370960019529,288.5555940010818,147.61770400218666
57,0,0,0,3,0,1,1,656.1672820098465,616.605981005705,651.25023300061,387.70335099252407
3,0,0,0,0,0,0,1484,128.73335399490315,176.22679700434674,324.06207600433845,171.77021098905243
4,0,0,0,0,0,0,186,126.64919000235386,172.3316510033328,321.5382740017958,123.94048299756832
1,0,0,0,0,0,0,9122,68.65744300012011,89.90092099702451,224.323059010203,160.65673499542754
1,0,0,0,0,0,0,8533,100.3630610066466,135.24543000676204,166.3483619922772,153.11458600626793
1,0,0,0,0,0,0,1901,105.19885701069143,145.69526199193206,282.74379299546126,145.98915399983525
3,0,0,0,1,0,1,1479,337.2910410107579,405.4671580088325,531.5774899936514,454.4478309981059
15,0,0,0,3,0,1,4,443.99300900113303,426.39657499967143,543.1381709931884,281.89705198747106
3,0,0,0,0,0,0,152,127.32792099996004,100.6596229999559,279.13276200706605,88.17271998850629
2,0,0,0,0,0,0,89,118.02094300219323,162.9730179993203,305.9547730081249,146.94210000743624
16,0,0,0,3,0,1,1,219.50572000059765,180.27443598839454,574.4601740007056,171.66567999811377
3,0,0,0,1,0,1,122,324.81094799004495,407.29937799915206,477.04314900329337,201.5658330055885
11,0,0,0,2,0,1,2,152.848912999616,188.20527600473724,321.3773850002326,86.53984000557102
28,0,0,0,3,0,1,1,493.6388029891532,467.9705040034605,625.6277359934757,438.7051589874318
1,0,0,0,0,0,0,9914,83.2018799992511,111.57872599142138,247.3210019961698,115.56220300553832
2,0,0,0,0,0,0,4475,105.30465099145658,146.02031699905638,281.6233329940587,168.82399401220027
2,0,0,0,0,0,0,3160,117.14894199394621,161.45351700834,302.30219099030364,154.38887001073454
1,0,0,0,0,0,0,8399,41.70660499949008,53.98929699731525,233.9555609942181,159.38941700733267
28,0,0,0,4,0,1,1,432.7385820070049,481.9295890047215,645.4388060083147,188.74233499809634
3,0,0,0,0,0,0,1484,65.35270799940918,89.03874599491246,164.59628799930215,118.31897200318053
8,0,0,0,0,0,0,1,116.06455298897345,162.54565000417642,236.8889589997707,75.45606199710164
2,0,0,0,0,0,0,4475,103.9303619909333,145.4280390025815,283.92444900237024,167.9678359942045
1,0,0,0,0,0,0,9914,80.57909901253879,108.47339099564124,244.57174200506415,162.6021080010105
2,0,0,0,0,0,0,360,114.93884499941487,161.0442859964678,301.4567650097888,151.71052698860876
32,0,0,0,4,0,1,1,131.33994401141535,171.50108799978625,432.11936998704914,157.86850100266747
24,0,0,0,4,0,1,1,460.4543099994771,444.13654699746985,639.9793519958621,219.10845099773724
6,0,0,0,1,0,1,77,441.49375200504437,522.1615509944968,560.5795390001731,464.55940400483087
16,0,0,0,2,0,1,1,114.28924299252685,178.29320699092932,381.7122929904144,168.2773499924224
35,0,0,0,5,0,1,1,634.0295209956821,593.7006619933527,705.7178120012395,107.3167450085748
31,0,0,0,4,0,1,1,645.2824080042774,610.5684689973714,617.151027006912,452.045629004715
5,0,0,0,1,0,1,25,122.6350879878737,169.46106500108726,234.3782009993447,82.39671199407894
1,0,0,0,0,0,0,9122,67.4976099980995,88.80801500345115,222.74214400385972,157.79272800136823
2,0,0,0,0,0,0,4804,114.07155799679458,155.54779800004326,298.05573099292815,175.3708439937327
3,0,0,0,1,0,1,9,188.88458400033414,279.19319800275844,549.5802710065618,465.60268799657933
38,0,0,0,2,0,1,13,658.9564579917351,407.5673729967093,504.5549460046459,399.52248700137716
21,0,0,0,4,0,1,1,141.0437640006421,182.32820300909225,320.86259599600453,169.94342500402126
3,0,0,0,0,0,0,100,118.54306800523773,164.26856099860743,178.74708100862335,84.33949699974619
9,0,0,0,0,0,0,1,130.06253298954107,181.32565599808004,344.29774701129645,169.6672120015137
4,0,0,0,0,0,0,81,130.96267500077374,179.28798799403012,335.1695530000143,169.6734269935405
1,0,0,0,0,0,0,8533,51.55433199252002,99.05092699045781,272.7871309907641,155.90629499638453
4,0,0,0,0,0,0,16,91.37877699686214,90.59509799408261,167.73045000445563,86.12582100613508
2,0,0,0,0,0,0,4804,111.26509500900283,157.90093199757393,295.14051899604965,172.4553179956274
39,0,0,0,8,0,1,1,137.05588699667715,187.21217999700457,492.13472500559874,175.6387920031557
6,0,0,0,1,0,1,1,116.56366300303489,162.63160700327717,320.3588180040242,115.34246600058395
9,0,0,0,0,0,0,1,120.31426599423867,166.78126499755308,325.21788199665025,150.6019539956469
5,0,0,0,1,0,1,76,130.0276920082979,179.83962599828374,343.91995701298583,176.19532500975765
8,0,0,0,1,0,1,6,113.49070099822711,165.87317899393383,329.29937199514825,161.73640599299688
1,0,0,0,0,0,0,9230,53.86513800476678,69.58260100509506,203.14300298923627,152.6896629948169
73,0,0,0,3,0,1,1,650.8549209975172,621.0759100067662,612.2788810025668,316.34097298956476
12,0,0,0,2,0,1,1,380.84366600378416,179.89181900338735,433.24844499875326,85.70596699428279
5,0,0,0,1,0,1,11,194.9532819999149,107.50854600337334,548.2158139930107,171.91714700311422
1,0,0,0,0,0,0,9230,53.85219000163488,69.79287700960413,113.9731360017322,78.19460800965317
5,0,0,0,0,0,0,1,121.31449500157032,164.08326500095427,311.3004129991168,148.82160900742747
270,0,0,0,54,0,1,1,368.0540600034874,180.8172590099275,1611.4256639993982,86.27337700454518
3,0,0,0,0,0,0,1484,122.1498129889369,172.72260200115852,322.3412289953558,171.9286449952051
22,0,0,0,3,0,1,2,519.1335339914076,502.6045270060422,602.2513409989187,383.9058650046354
1,0,0,0,0,0,0,9122,67.05502499244176,88.42665499832947,219.05658299510833,155.74223001021892
10,0,0,0,1,0,1,1,129.46455100609455,176.82840701309033,353.300169997965,140.6757600052515
4,0,0,0,0,0,0,16,117.50356199627277,166.26809899753425,311.762651996105,148.91933600301854
3,0,0,0,0,0,0,114,117.80182899383362,162.96591600985266,305.18474499695003,148.53412100637797
1,0,0,0,0,0,0,9230,53.872593998676166,69.82438499107957,201.93521099281497,151.27324899367522
2,0,0,0,0,0,0,3160,62.17323199962266,81.79823300451972,153.12176800216548,79.43244799389504
5,0,0,0,0,0,0,65,118.98159798874985,182.5491400086321,337.2930399928009,171.25287000089884
4,0,0,0,0,0,0,53,67.80567100213375,138.40245200844947,329.3642359931255,164.60358699259814
8,0,0,0,2,0,1,76,398.4065590047976,384.4641329924343,501.6560299991397,379.35058599396143
2,0,0,0,0,0,0,85,120.31331101024989,164.2491540114861,302.06048100080807,145.02509500016458
5,0,0,0,0,0,0,174,131.1494420078816,179.88075800531078,333.7035489967093,151.8192670046119
9,0,0,0,1,0,1,8,123.39689400687348,169.7744440025417,343.01907499320805,157.97824400942773
9,0,0,0,0,0,0,1,119.78768599510659,169.19744199549314,334.26783699542284,157.02543099178
11,0,0,0,1,0,1,178,504.3381359864725,628.4366540057817,583.0801460106159,479.07015499367844
2,0,0,0,0,0,0,4475,105.46976799378172,145.40256900363602,284.2394350009272,170.0265209947247
4,0,0,0,0,0,0,125,123.00387398863677,175.52149799303152,318.2987129985122,158.85085899208207
36,0,0,0,6,0,1,1,70.45433299208526,92.21890600747429,235.9248459979426,88.94876099657267
1,0,0,0,0,0,0,4295,106.46143300982658,148.5300969943637,288.35954899841454,152.36401099537034
6,0,0,0,1,0,1,71,134.81214000785258,178.5589780047303,336.3367540005129,166.43028700491413
1,0,0,0,0,0,0,274,113.08593000285327,156.84644000430126,289.78387199458666,145.15907800523564
3,0,0,0,1,0,1,1479,175.61935499543324,256.30188098875806,531.5473829978146,456.1858829983976
14,0,0,0,2,0,1,1,126.01712600735482,160.45415299595334,358.8931539998157,146.62431000033394
1,0,0,0,0,0,0,9230,53.690364002250135,68.84480999724474,199.25464800326154,156.57029299472924
1,0,0,0,0,0,0,2186,110.03950200392865,149.0444540104363,287.90973700233735,151.2268079968635
1,0,0,0,0,0,0,8533,98.04914299456868,135.29418900725432,273.63098099885974,156.6689059982309
29,0,0,0,2,0,1,2,696.7973869905109,661.4217640017159,628.0502939916914,457.3938289977377
14,0,0,0,2,0,1,9,517.7134719997412,295.04001200257335,537.9329509887611,275.32815899758134
3,0,0,0,0,0,0,1484,124.60318399826065,178.39691399422009,320.84570301230997,171.8190250103362
6,0,0,0,0,0,0,23,127.3636280093342,172.7397120121168,329.0950919908937,156.9595990004018
5,0,0,0,0,0,0,25,122.76952099637128,174.47945100138895,323.8609499967424,156.05900299851783
12,0,0,0,3,0,1,1,124.11377199168783,170.50001300231088,366.33977699966636,157.17314499488566
6,0,0,0,1,0,1,163,139.10926299286075,175.68917499738745,349.69603999343235,170.8183070004452
4,0,0,0,0,0,0,8,121.48271700425539,170.98611700930633,320.926992004388,157.64001000206918
1,0,0,0,0,0,0,9122,65.44537699664943,80.99550199403893,114.2937830009032,98.99915001005866
28,0,0,0,3,0,1,1,444.67646699922625,422.6166580046993,590.7598150079139,373.6172849894501
1,0,0,0,0,0,0,8399,41.127302989480086,53.857107006479055,201.28100900910795,164.95252499589697
3,0,0,0,0,0,0,527,118.71830400195904,172.5232680037152,318.69799499691,171.9581979996292
2,0,0,0,0,0,0,3095,112.99603400402702,164.95317898807116,298.8200660038274,168.22646799846552
1,0,0,0,0,0,0,606,114.48676600412,172.2080420004204,323.264720995212,152.07057900261134
2,0,0,0,0,0,0,1340,116.91381699347403,181.49239198828582,305.3721000032965,167.9037770081777
76,0,0,0,5,0,1,1,539.3197660014266,514.253635003115,817.9812809976283,394.5348100096453
1,0,0,0,0,0,0,2186,111.13175000355113,151.83229600370396,291.4159249921795,189.72779500472825
20,0,0,0,1,0,1,29,431.7794489907101,703.3324969961541,423.69481100467965,298.0599379952764
8,0,0,0,1,0,1,5,147.97293300216552,180.46670701005496,353.3045720105292,179.30873300065286
7,0,0,0,1,0,1,7,122.10613199567888,172.5279409874929,335.4592469986528,179.38230599975213
1,0,0,0,0,0,0,9230,53.5887809965061,74.47932600916829,210.18911999999546,162.62932500103489
102,0,0,0,17,0,1,1,145.7524630095577,179.69590399297886,772.8518639924005,171.65452800691128
1,0,0,0,0,0,0,9122,67.7607569959946,99.62705400539562,226.55171900987625,157.49115801008884
5,0,0,0,1,0,1,31,142.08500100357924,94.50493400800042,181.11593500361778,89.91794800385833
4,0,0,0,1,0,1,236,173.67759101034608,182.98997700912878,368.72811400098726,165.73343001073226
4,0,0,0,0,0,0,223,127.97306101128925,233.60807499557268,329.6147620130796,161.3000329962233
4,0,0,0,1,0,1,289,376.36547500733286,220.37364699644968,555.1857569953427,182.47747799614444
4,0,0,0,0,0,0,5,131.7332449980313,177.28880599315744,329.74521699361503,166.86616800143383
5,0,0,0,1,0,1,1,119.73623299854808,167.20764398633037,316.51647698890883,146.2534489983227
3,0,0,0,0,0,0,472,127.03201499243733,136.0400120029226,225.16540199285373,166.36520299653057
1,0,0,0,0,0,0,4295,106.32177299703471,147.6187460066285,181.11810699338093,121.53787798888516
3,0,0,0,0,0,0,588,128.3337649947498,173.34918800042942,325.1192780007841,171.04132199892774
16,0,0,0,2,0,1,4,377.8774429956684,185.504734996357,512.7331859985134,173.41524100629613
6,0,0,0,0,0,0,25,97.88656899763737,177.77639099222142,339.43946499493904,173.1225249968702
2,0,0,0,0,0,0,709,113.49901399808004,158.01019599894062,301.9603790016845,167.68361600406934
2,0,0,0,0,0,0,96,120.11643500591163,166.7326520109782,304.30787200748455,148.4170999901835
11,0,0,0,1,0,1,2,531.8281030049548,198.93841999873985,533.2227860053536,183.71879299229477
18,0,0,0,3,0,1,1,132.4255549989175,186.06581099447794,398.5258610046003,170.68865400506184
1,0,0,0,0,0,0,3085,102.97918001015205,143.55619400157593,276.3716259942157,151.6930380021222
10,0,0,0,1,0,1,1,123.70355099847075,171.88521099160425,348.260532002314,159.7337540006265
4,0,0,0,0,0,0,293,121.87715900654439,168.3289880020311,317.8014860022813,160.47448699828237
2,0,0,0,0,0,0,3627,120.51726299978327,166.898682989995,311.39894398802426,170.40934099350125
62,0,0,0,6,0,1,1,404.219780000858,366.5772099921014,716.4910080027767,394.2847440048354
4,0,0,0,0,0,0,384,129.01863199658692,180.86634199426044,332.6899359963136,168.4119770070538
1,0,0,0,0,0,0,8399,80.48424200387672,108.32732699054759,243.8211180124199,156.9144969980698
1,0,0,0,0,0,0,9122,65.65189101092983,87.64176300610416,221.039826006745,156.08951599278953
10,0,0,0,1,0,1,85,286.6734139970504,305.2273770008469,582.9172600060701,481.10607800481375
2,0,0,0,0,0,0,2326,123.02832800196484,172.7949640044244,278.82173999387305,173.32732300565112
1,0,0,0,0,0,0,8533,97.47953199257609,135.4699750081636,273.20040699851234,153.38919800706208
21,0,0,0,2,0,1,6,394.22266199835576,280.698697999469,633.6551150016021,471.2882849999005
7,0,0,0,0,0,0,1,125.4715889954241,171.96263499499764,328.7825400038855,156.9636089989217
22,0,0,0,3,0,1,2,210.23657500336412,193.55832399742212,311.2236659944756,103.64257000037469
2,0,0,0,0,0,0,3095,112.57804300112184,158.15013099927455,295.5054790072609,167.11378301260993
4,0,0,0,1,0,1,375,119.62808200041763,164.29640899877995,313.8351849920582,175.3792359959334
2,0,0,0,0,0,0,2666,99.62410700973123,140.6934859987814,278.16971599531826,159.34676698816475
3,0,0,0,0,0,0,2044,122.18722699617501,172.2027030045865,318.9654510060791,169.5602539984975
14,0,0,0,2,0,1,1,224.82881700852886,362.89531900547445,599.2640530021163,451.34640399191994
10,0,0,0,0,0,0,74,63.93202199251391,87.7157570066629,172.5543619977543,82.73852198908571
13,0,0,0,2,0,1,5,573.3315389952622,538.4700099966722,623.288317990955,485.54598199552856
2,0,0,0,0,0,0,1556,112.2459550097119,160.38019199913833,271.1628269898938,81.26833400456235
7,0,0,0,0,0,0,3,116.66084099852014,164.51434200280346,318.0987079977058,149.55466499668546
3,0,0,0,0,0,0,99,133.35417199414223,181.76798700005747,331.76991299842484,171.35117200086825
1,0,0,0,0,0,0,8399,79.94409500679467,108.98226698918734,244.02622600609902,157.67007898830343
7,0,0,0,1,0,1,9,129.0082540072035,170.7468800013885,341.5497560054064,156.7670719960006
3,0,0,0,0,0,0,1070,127.5180959928548,177.21042300399859,327.454469006625,171.5521909936797
3,0,0,0,0,0,0,258,64.65811398811638,112.61578100675251,320.67725001252256,168.702149996534
1,0,0,0,0,0,0,9914,79.59433400537819,108.50471300364006,243.75982199853752,161.104084996623
7,0,0,0,1,0,1,2,130.56081401009578,177.7366080059437,331.08616300160065,160.1464019913692
1,0,0,0,0,0,0,8533,52.307517995359376,69.89892400451936,142.03826599987224,80.21506801014766
3,0,0,0,0,0,0,1070,129.46094400831498,179.76103599357884,326.14028100215364,170.25053199904505
1,0,0,0,0,0,0,1901,106.3685939880088,149.85215400520246,287.7507250086637,148.35351900546812
6,0,0,0,0,0,0,11,130.14411900076084,182.99951200606301,343.65463399444707,171.78941200836562
3,0,0,0,0,0,0,489,64.79125599435065,85.06143301201519,161.1538900033338,82.80415998888202
8,0,0,0,0,0,0,3,135.81802399130538,191.38078200921882,353.7953250051942,174.49091300659347
24,0,0,0,1,0,1,28,782.5763620057842,867.8321019979194,533.6669569951482,254.16359900555108
16,0,0,0,3,0,1,1,574.8614890035242,535.0295190000907,638.6899579956662,454.3018789991038
1,0,0,0,0,0,0,9122,66.38313399162143,88.01188699726481,221.447623000131,124.58380399039015
6,0,0,0,0,0,0,1,127.1028280025348,176.96304499986582,332.3292470013257,141.09317099791951
1,0,0,0,0,0,0,8399,41.66123298637103,54.85624499851838,195.06737300253008,156.8442420102656
10,0,0,0,2,0,1,1,368.22149000363424,184.84313700173516,500.65254198852926,179.42106700502336
9,0,0,0,0,0,0,1,68.57009600207675,92.71645100670867,349.8386830033269,168.96995599381626
3,0,0,0,0,0,0,135,132.06442800583318,179.37778499617707,332.72041600139346,172.19454298901837
17,0,0,0,1,0,1,3,481.7967869894346,692.0085250021657,447.42345801205374,321.9873919879319
4,0,0,0,0,0,0,400,122.20677000004798,166.7347970069386,315.4152209899621,151.05959499487653
4,0,0,0,0,0,0,5,61.43972999416292,83.57991999946535,157.59604300546926,79.02913300495129
1,0,0,0,0,0,0,849,115.98274199059233,156.49159999156836,152.12030299881008,97.49258199008182
1,0,0,0,0,0,0,9122,66.53115298831835,89.95481400052086,222.83154100296088,156.82178101269528
2,0,0,0,0,0,0,1121,123.61353498999961,175.23900199739728,265.6681880034739,87.97397199668922
2,0,0,0,0,0,0,2326,70.58023099671118,101.17504300433211,312.09598600980826,171.86624999158084
50,0,0,0,3,0,1,1,736.4288349926937,691.380042990204,545.7533709995914,327.5952319963835
10,0,0,0,1,0,1,85,481.06133900000714,567.8401810000651,581.8801739951596,478.6413390102098
2,0,0,0,0,0,0,4804,113.77505499694962,158.23074099898804,296.61771799146663,173.09230999671854
1,0,0,0,0,0,0,9230,53.984710000804625,69.31808500667103,201.80987000640016,153.22594899043906
39,0,0,0,9,0,1,1,403.16444299241994,380.046833990491,733.5800590080908,212.83947200572584
16,0,0,0,3,0,1,1,362.78594500618055,184.34828700264916,573.5146040096879,175.46794799272902
2,0,0,0,0,0,0,1827,110.02147200633772,151.1463139904663,291.6593840054702,151.26577399496455
7,0,0,0,1,0,1,1,127.96585500473157,175.54801799997222,335.85076800954994,158.30274400650524
6,0,0,0,0,0,0,9,123.843471010332,172.02985798940063,326.6690099990228,104.9212189973332
1,0,0,0,0,0,0,9122,67.46305400156416,89.23570600745734,223.0551190004917,158.64559399778955
3,0,0,0,0,0,0,1070,128.19640700763557,178.74375698738731,324.86897699709516,168.5382579889847
1,0,0,0,0,0,0,9122,66.69743699603714,87.36895301262848,222.64319100941066,156.15337100462057
27,0,0,0,6,0,1,1,415.4683670058148,393.0048390029697,645.9862780029653,221.5357109962497
4,0,0,0,0,0,0,16,121.84688900015317,169.53376500168815,315.7887029956328,153.49555399734527
43,0,0,0,3,0,1,1,326.9811719947029,243.1731920078164,594.3998400034616,407.61595900403336
1,0,0,0,0,0,0,1901,105.04638600104954,145.01164999091998,284.54378999595065,147.56405299704056
2,0,0,0,0,0,0,156,75.16423000197392,166.27534700091928,304.19199299649335,115.99342498811893
10,0,0,0,0,0,0,1,118.47591200785246,164.8010309872916,327.04789300623816,147.69674799754284
3,0,0,0,0,0,0,527,102.79070898832288,167.26023399678525,317.5131519965362,172.6055860053748
2,0,0,0,0,0,0,1827,57.758137001655996,75.45612400281243,146.5498170000501,77.3846579977544
4,0,0,0,0,0,0,5,118.84838600235526,93.33124200929888,336.3208009977825,172.6349679956911
43,0,0,0,3,0,1,1,336.8410419934662,417.1317900036229,510.0608729990199,409.73610599758103
3,0,0,0,0,0,0,579,130.82577400200535,182.71827801072504,329.3713029997889,171.22044500138145
17,0,0,0,2,0,1,1,481.3010479992954,464.3664580071345,597.1824580046814,448.160618005204
2,0,0,0,0,0,0,3532,58.51923501177225,77.16517799417488,151.2053320038831,102.5797979964409
1,0,0,0,0,0,0,9230,54.19977899873629,70.21694698778447,201.7140389943961,153.98062000167556
21,0,0,0,3,0,1,1,441.41130699426867,540.4929830110632,542.5564960023621,100.6764369958546
15,0,0,0,3,0,1,1,371.26526299107354,179.72052400000393,600.0106210121885,175.03694198967423
1,0,0,0,0,0,0,9230,54.09144298755564,70.40229799167719,204.11426799546462,154.98356000171043
5,0,0,0,0,0,0,4,132.7083579963073,182.04333999892697,338.29627599334344,178.30609600059688
13,0,0,0,1,0,1,163,572.3378589900676,650.619726991863,579.0301609958988,488.7707690068055
2,0,0,0,0,0,0,3532,111.22463099309243,153.2086129882373,237.54468599508982,171.6803129966138
2,0,0,0,0,0,0,3160,117.83600499620661,165.36191399791278,319.6466539957328,168.17464800260495
7,0,0,0,0,0,0,4,120.89762999676168,171.7418420012109,353.60217400011607,156.55498100386467
1,0,0,0,0,0,0,9914,43.93279600481037,55.226195996510796,125.85576799756382,94.79076600109693
6,0,0,0,0,0,0,3,117.90701800782699,182.36726499162614,340.3673529974185,172.72174700337928
1,0,0,0,0,0,0,9914,80.65677499689627,109.77324499981478,242.23102700489108,158.72404299443588
9,0,0,0,0,0,0,4,131.18136700359173,180.83234698860906,350.2978939941386,169.6659389999695
53,0,0,0,11,0,1,1,68.35234099708032,86.4752969937399,274.6357639989583,82.06915699702222
18,0,0,0,1,0,1,18,605.4286750004394,645.7322750065941,606.7448950052494,459.93782799632754
3,0,0,0,0,0,0,1484,125.03462300810497,175.7852059963625,323.16133500717115,171.83747798844706
13,0,0,0,2,0,1,4,125.70420998963527,170.79096600355115,352.2815660107881,147.43283700954635
2,0,0,0,0,0,0,377,111.00558401085436,160.1346750103403,292.43413399672136,154.5140310045099
4,0,0,0,0,0,0,34,116.6499310056679,163.4348600055091,310.23156001174357,147.92543298972305
16,0,0,0,3,0,1,1,578.6298889870523,541.6761669912376,641.153286996996,335.60195499740075
3,0,0,0,0,0,0,1,117.64586200297344,164.45748299884144,250.39244300569408,143.04120199813042
14,0,0,0,2,0,1,9,634.4906049926067,600.3557610092685,698.0482829967514,550.4289620002965
80,0,0,0,16,0,1,1,64.41176199587062,82.3963689908851,465.2296049898723,150.27356600330677
13,0,0,0,2,0,1,1,126.60034399596043,169.8263910075184,362.5183459953405,156.96456099976785
1,0,0,0,0,0,0,8533,99.08472099050414,127.90259499161039,138.5899699962465,150.90271199005656
1,0,0,0,0,0,0,8399,41.65994499635417,54.674764003721066,125.39572300738655,79.76738900470082
74,0,0,0,3,0,1,1,634.9839800095651,614.6893839904806,544.5255160011584,268.93680400098674
1,0,0,0,0,0,0,8533,98.08529500151053,139.3056009983411,269.75519298866857,155.7729880005354
2,0,0,0,0,0,0,4475,104.28056900855154,145.373813007609,283.55206598644145,167.73308800475206
7,0,0,0,0,0,0,9,128.67550199734978,142.9669310018653,175.5145920033101,87.9977899894584
2,0,0,0,0,0,0,966,118.42316600086633,164.47699900891166,307.55653500091285,158.92914599680807
5,0,0,0,0,0,0,11,132.9200390027836,183.777556012501,339.5291119959438,169.88520399900153
5,0,0,0,0,0,0,32,64.46448300266638,149.95565099525265,319.9610630108509,154.29166599642485
7,0,0,0,2,0,1,2,383.6528149986407,386.4370980008971,569.556525995722,204.7954879963072
1,0,0,0,0,0,0,9914,81.09510700160172,110.39241999969818,243.98657800338697,160.81346999271773
1,0,0,0,0,0,0,8533,100.12291999009904,135.7554389978759,273.33948999876156,97.49128999828827
29,0,0,0,2,0,1,2,714.2421699973056,663.4824180073338,624.0974770043977,449.7837599919876
9,0,0,0,1,0,1,1,358.5872960102279,184.3187109916471,539.6861330082174,175.78452799352817
2,0,0,0,0,0,0,4804,114.63986699527595,159.43896300450433,299.7073940059636,174.9822230049176
2,0,0,0,0,0,0,3160,61.52498100709636,81.20758399309125,195.81680100236554,154.71520899154712
10,0,0,0,2,0,1,1,391.0262400022475,389.8189860046841,468.2307030016091,94.30489200167358
2,0,0,0,0,0,0,3627,118.43208300706465,168.32503299519885,302.3947260080604,165.80711399728898
83,0,0,0,15,0,1,1,128.68461100151762,174.61775700212456,646.9986150041223,164.27695599850267
5,0,0,0,0,0,0,1,116.71408600523137,163.24061898922082,313.0033519992139,147.19641199917533
9,0,0,0,2,0,1,1,242.76921300042886,189.57779799529817,551.7468109901529,174.2599209974287
5,0,0,0,0,0,0,29,118.46383499505464,161.71460000623483,311.6504560020985,149.30365000327583
8,0,0,0,0,0,0,197,68.37955900118686,91.71126599540003,170.4231659969082,134.28721200034488
4,0,0,0,0,0,0,53,127.67438200535253,175.6045280053513,327.3451639979612,164.56600799574517
10,0,0,0,0,0,0,1,121.30737300321925,172.62081599619705,336.51757999905385,158.72797199699562
3,0,0,0,0,0,0,22,117.47043300420046,163.78975899715442,307.27806499635335,150.7362819975242
2,0,0,0,0,0,0,4804,113.87148700305261,158.87930100143421,295.0850310007809,173.78273099893704
1,0,0,0,0,0,0,8399,80.15431299281772,108.09282200352754,239.68715200317092,157.84205099043902
2,0,0,0,0,0,0,2326,122.84775800071657,171.15587800799403,314.6218100009719,172.40454800776206
4,0,0,0,0,0,0,7,65.26982999639586,88.65137500106357,162.59893600363284,80.98876300209668
23,0,0,0,4,0,1,1,137.3541020002449,186.1162449931726,422.3340729949996,167.69948200089857
2,0,0,0,0,0,0,4804,112.99538100138307,160.4141739953775,300.9529470000416,175.72361700877082
1,0,0,0,0,0,0,1901,106.80838300322648,149.87418899545446,284.19419399870094,146.51487801165786
1,0,0,0,0,0,0,9914,81.14287300850265,110.18041500938125,208.1599590019323,83.73883001331706
1,0,0,0,0,0,0,8533,99.07229500822723,137.25224600057118,270.947832003003,155.7896420126781
57,0,0,0,3,0,1,1,658.9904180000303,616.3953169889282,568.976100999862,389.6986149920849
1,0,0,0,0,0,0,865,113.5261870076647,155.31041201029439,291.3258530024905,149.8474569962127
6,0,0,0,1,0,1,10,118.25397700886242,178.8603820023127,357.42208000738174,169.24291900068056
14,0,0,0,2,0,1,1,148.09650200186297,186.14302198693622,387.2976029961137,165.32837599515915
14,0,0,0,1,0,1,1,132.9316279880004,170.36964501312468,365.7522779976716,158.05241899215616
2,0,0,0,0,0,0,4804,59.53284898714628,80.4630759957945,162.8167970047798,132.3730029980652
33,0,0,0,5,0,1,1,367.1819110022625,155.3255639882991,491.47885300044436,137.24150600319263
5,0,0,0,1,0,1,4,125.83328298933338,170.6180569890421,312.5751359912101,157.38386400335003
5,0,0,0,0,0,0,26,133.4009900019737,186.21485598850995,340.8136560028652,173.25919000722934
2,0,0,0,0,0,0,3095,112.45799300377257,158.85811399493832,298.41238500375766,168.0602560081752
36,0,0,0,3,0,1,1,619.3893010058673,592.5700770021649,536.0576450038934,223.44236299977638
2,0,0,0,0,0,0,966,83.90171399514657,124.90717899345327,304.4542199932039,157.77081598935183
2,0,0,0,0,0,0,3160,115.45513800228946,162.3452039930271,302.7615559985861,157.86006100825034
5,0,0,0,0,0,0,1,116.10075399221387,121.98207399342209,161.93028799898457,96.39552899170667
1,0,0,0,0,0,0,9122,66.43109400465619,88.48206698894501,218.25572500529233,92.9632949992083
2,0,0,0,0,0,0,536,119.06718500540592,169.61725099827163,311.9802169967443,157.50684100203216
2,0,0,0,0,0,0,2666,99.72213700530119,137.08604899875354,276.3634209986776,160.12409099494107
4,0,0,0,0,0,0,319,118.41271599405445,163.07512200728524,196.48460899770726,76.74028199107852
35,0,0,0,3,0,1,1,516.6552820010111,625.8365600078832,652.9522710043238,488.83535800268874
3,0,0,0,0,0,0,1484,65.40944200241938,175.47017999459058,322.4479829950724,169.40832500404213
3,0,0,0,0,0,0,96,120.99572199804243,167.688679008279,314.25947601383086,158.62859100161586
19,0,0,0,2,0,1,1,127.09096800244879,166.23957200499717,369.92963899683673,149.1588189965114
16,0,0,0,3,0,1,1,69.59893200837541,88.71366300445516,193.55757199809887,81.71333400241565
2,0,0,0,0,0,0,4804,116.39300199749414,157.80733901192434,297.3893080052221,172.07933199824765
2,0,0,0,0,0,0,1556,115.11938499461394,160.6506480020471,297.67199099296704,160.66806500020903
20,0,0,0,2,0,1,1,550.9079350013053,567.8715850081062,487.1381970006041,184.65822799771558
3,0,0,0,1,0,1,1445,267.85022400144953,325.41793199197855,420.24736099119764,350.69677300634794
1,0,0,0,0,0,0,8533,97.69079099351075,136.1808910005493,269.17925900488626,154.67725299822632
1,0,0,0,0,0,0,9914,80.24000200384762,108.84116899978835,243.37322000064887,158.00191499874927
3,0,0,0,0,0,0,560,126.35042300098576,174.50082399591338,195.81267899775412,87.35393799724989
6,0,0,0,1,0,1,33,368.02113099838607,180.41074599022977,554.3420690082712,173.52194200793747
4,0,0,0,0,0,0,1,119.46751899085939,163.0811210052343,305.96229499496985,146.78385699517094
6,0,0,0,1,0,1,22,68.57845399645157,170.79193200333975,348.02211000351235,171.03132299962454
8,0,0,0,1,0,1,1,102.75795600318816,122.86040499748196,342.60377699683886,159.2900039977394
83,0,0,0,8,0,1,1,573.4350720013026,606.522442001733,852.1147229912458,360.28299399185926
5,0,0,0,0,0,0,105,101.66224499698728,167.97012600000016,315.83807300194167,150.33482799481135
3,0,0,0,0,0,0,455,120.3484470024705,169.23414800839964,314.12507699860726,158.3336049952777
1,0,0,0,0,0,0,1901,104.71197099832352,145.04057800513692,279.82197600067593,146.93276799516752
3,0,0,0,0,0,0,489,119.04840399802197,169.4360450055683,309.1515590058407,151.22789901215583
2,0,0,0,0,0,0,1340,62.34236199816223,83.21188999980222,155.69506300380453,156.45900799427181
2,0,0,0,0,0,0,1556,117.53390300145838,158.91476800607052,301.1601059988607,155.00842699839268
2,0,0,0,0,0,0,856,118.80789900897071,171.20197099575307,312.14580198866315,159.23508800915442
1,0,0,0,0,0,0,9122,65.8812400070019,86.5800520114135,219.0755040064687,141.7980330006685
1,0,0,0,0,0,0,4295,107.14399399876129,148.7993270129664,287.0576400018763,150.96042600634973
67,0,0,0,10,0,1,1,396.9992740021553,181.96956398605835,854.7451799968258,173.70772099820897
3,0,0,0,1,0,1,1445,179.83999599528033,170.13631299778353,431.06197100132704,354.73858899786137
8,0,0,0,0,0,0,1,127.29279800259974,176.38899300072808,338.6660519900033,163.35305898974184
26,0,0,0,4,0,1,1,125.81225100439042,168.47808299644385,407.96838598907925,149.18438298627734
6,0,0,0,0,0,0,23,121.55698100104928,168.678114991053,318.5668189980788,150.33390100870747
33,0,0,0,2,0,1,1,432.831147001707,540.0142850121483,590.1919689931674,378.1214359914884
1,0,0,0,0,0,0,9914,80.56873400346376,111.25193499901798,210.24313299858477,82.06642800359987
289,0,0,0,55,0,1,1,397.8750419919379,359.9389879964292,1425.9033420094056,192.5167169974884
7,0,0,0,1,0,1,1,354.9316130083753,184.46560300071724,568.1876000016928,173.35410800296813
7,0,0,0,0,0,0,1,118.94244700670242,163.05737900256645,226.18112100462895,76.6451439994853
29,0,0,0,6,0,1,1,406.82001000095624,334.31538999138866,604.5780779968482,327.00951099104714
1,0,0,0,0,0,0,9230,53.062178994878195,69.03081199561711,104.67206900648307,82.38558399898466
3,0,0,0,0,0,0,1626,129.6238320064731,178.6312289914349,327.89491399307735,173.6482169944793
1,0,0,0,0,0,0,303,112.54418898897711,155.72093600349035,293.96462500153575,144.66421899851412
1,0,0,0,0,0,0,2186,110.19654301344417,154.59127198846545,256.89131900435314,77.32113999372814
1,0,0,0,0,0,0,9122,35.54074000567198,62.4764270032756,220.46759899239987,156.37709500151686
1,0,0,0,0,0,0,9230,28.687206999165937,34.87985399260651,103.635542007396,77.54074200056493
23,0,0,0,2,0,1,3,329.54849999805447,594.2227370105684,556.7535200098064,403.38284299650695
1,0,0,0,0,0,0,9122,66.48640299681574,89.57225999620277,222.6389950083103,158.639621004113
5,0,0,0,1,0,1,101,129.96181698690634,171.43014499743003,333.4405140049057,158.4566819947213
6,0,0,0,0,0,0,2,125.73023699223995,175.04652400384657,332.48174100299366,162.61629899963737
73,0,0,0,15,0,1,1,130.98035599978175,177.2531699971296,633.8169850059785,165.59699199569877
37,0,0,0,3,0,1,2,577.4731999990763,547.4601449968759,680.0849290011683,440.63479101168923
4,0,0,0,0,0,0,491,130.01225200423505,179.96799999673385,334.51338499435224,171.66927899233997
5,0,0,0,0,0,0,5,133.22195899672806,183.41019299987238,340.35892100655474,170.04253600316588
9,0,0,0,1,0,1,14,257.1265020087594,100.85359300137497,290.98472600162495,129.85975100309588
11,0,0,0,1,0,1,1,131.70429899764713,172.21019600401632,358.27698701177724,158.8158610102255
38,0,0,0,2,0,1,13,645.3614339989144,611.1992460064357,509.744889990543,202.54063898755703
2,0,0,0,0,0,0,377,111.31078300240915,156.12645199871622,295.04671100585256,155.19524400588125
5,0,0,0,0,0,0,1,120.42119000398088,164.0414010034874,312.0092079916503,146.9408109987853
3,0,0,0,0,0,0,1070,128.20719101000577,179.15048499708064,326.6115439910209,168.80330399726517
11,0,0,0,1,0,1,1,129.15866999537684,178.7111159937922,357.11798501142766,165.37664200586732
2,0,0,0,0,0,0,3627,60.54849299835041,82.17425699695013,156.34513700206298,141.88151199778076
19,0,0,0,1,0,1,157,570.4273809969891,646.2253839999903,507.2448889986845,377.9867670091335
3,0,0,0,0,0,0,230,122.02351400628686,168.9587620057864,316.22838499606587,153.81157099909615
4,0,0,0,0,0,0,329,132.69012000819203,183.01043300016318,337.8439160005655,173.83827400044538
1,0,0,0,0,0,0,9122,66.83784400229342,89.15235399035737,219.62790099496488,156.21662899502553
102,0,0,0,5,0,1,1,648.0829829961294,439.74797800183296,354.0768039965769,109.9669770046603
7,0,0,0,1,0,1,4,390.90072199178394,208.67374300723895,617.0803220011294,189.58717498753686
10,0,0,0,0,0,0,1,122.24965600762516,173.35864101187326,341.238404987962,159.50048800732475
4,0,0,0,0,0,0,329,126.85523599793669,179.81428299390245,329.2353919969173,169.29743699438404
2,0,0,0,0,0,0,4475,54.38947299262509,73.29119999485556,147.0138379954733,114.55668001144659
2,0,0,0,0,0,0,4475,106.07952599821147,145.87996900081635,286.4574739942327,171.77735599398147
2,0,0,0,0,0,0,4475,105.38839000219014,145.50222300749738,286.0253190010553,169.02962399763055
17,0,0,0,2,0,1,10,481.1125519918278,469.235540003865,502.3526349978056,359.7764939913759
1,0,0,0,0,0,0,8533,69.6025910001481,67.94307498785201,139.48479600367136,78.81807901139837
3,0,0,0,0,0,0,9,123.81791800726205,169.5494140003575,313.71118800598197,150.19116099574603
31,0,0,0,6,0,1,1,363.1311359931715,185.60664998949505,639.6687500091502,176.46690299443435
19,0,0,0,3,0,1,1,129.77251599659212,180.99080299725756,398.7193869979819,168.86069701286033
5,0,0,0,1,0,1,276,130.4157220001798,166.4546850079205,330.2090740035055,172.74798000289593
1,0,0,0,0,0,0,4295,105.87383201345801,148.69261700368952,288.6123759963084,151.0597750020679
29,0,0,0,1,0,1,1,90.1380899886135,91.78229099779855,201.85174400103278,81.76277700113133
12,0,0,0,1,0,1,1,131.7097110004397,177.83531799796037,366.7590919940267,169.62208799668588
1,0,0,0,0,0,0,9230,54.151627991814166,68.38861299911514,198.28277500346303,151.85620800184552
5,0,0,0,0,0,0,46,80.4346369986888,110.54828400665428,323.5057799902279,162.46126699843444
21,0,0,0,5,0,1,1,393.2981190009741,388.40673500089906,570.278088998748,337.37194100103807
3,0,0,0,0,0,0,15,125.81386500096414,175.3540060017258,321.24610600294545,158.17876601067837
110,0,0,0,10,0,1,1,553.4004580113105,529.7238329949323,899.2093569977442,314.8524400021415
11,0,0,0,2,0,1,1,128.75495399930514,178.14614399685524,363.76191199815366,166.9776950002415
2,0,0,0,0,0,0,4804,114.24206699302886,157.39040200423915,295.4158670036122,131.2268900073832
3,0,0,0,0,0,0,433,120.62357399554458,169.21636401093565,316.8610760039883,160.37560200493317
2,0,0,0,0,0,0,2666,101.81293400819413,140.9943420003401,274.9063180090161,157.7692060091067
5,0,0,0,1,0,1,4,125.25096601166297,171.54957599996123,331.6679559939075,160.8259139902657
8,0,0,0,1,0,1,6,130.37382300535683,170.09611999674235,340.2401049970649,156.4768539974466
8,0,0,0,1,0,1,1,62.96855700202286,83.86975999746937,247.36791900068056,77.5754640053492
13,0,0,0,3,0,1,2,391.4614880050067,370.25888499920256,593.8155549956718,201.47622100193985
3,0,0,0,1,0,1,1479,334.9394880060572,400.2616299985675,520.9202410042053,458.0080120067578
8,0,0,0,1,0,1,17,475.4916289966786,184.43284000386484,583.0433930095751,178.3093599951826
30,0,0,0,3,0,1,1,248.95157098944765,233.59355999855325,622.5007359898882,203.25443999900017
4,0,0,0,0,0,0,123,122.14687099913135,169.3668299994897,313.1995940057095,153.10383900941815
1,0,0,0,0,0,0,865,110.07133500243071,128.52317199576646,289.7163200104842,149.62754600855988
9,0,0,0,0,0,0,82,74.50205700297374,173.4942350012716,336.1973709979793,161.45901200070512
14,0,0,0,1,0,1,1,65.69782299629878,86.2972409959184,256.10776399844326,157.85219898680225
3,0,0,0,0,0,0,1626,129.018196996185,179.00512399501167,326.2703359941952,173.13202799414285
9,0,0,0,1,0,1,210,64.96927300759126,163.18149300059304,330.5939879937796,153.36273799766786
3,0,0,0,0,0,0,1070,127.29556500562467,180.39748100272845,289.08644799957983,104.58540299441665
29,0,0,0,6,0,1,1,287.8824499930488,396.49665499746334,587.7723209996475,242.01122600061353
2,0,0,0,0,0,0,4475,103.38884800148662,146.4790509926388,280.2082579873968,168.75924399937503
3,0,0,0,0,0,0,1484,123.4230680129258,172.52154600282665,320.3223699965747,137.29901099577546
9,0,0,0,3,0,1,139,337.4770239897771,327.5075540004764,532.5465519999852,348.49438900710084
4,0,0,0,0,0,0,1,70.9175179945305,155.3847519971896,329.2666680063121,162.63611998874694
5,0,0,0,0,0,0,5,121.21373099216726,168.30864899384324,317.0046570012346,151.75068100506905
13,0,0,0,1,0,1,1,117.69049598660786,163.2187900104327,344.55890698882286,151.89225399808493
3,0,0,0,0,0,0,1484,126.92505400627851,174.76413398981094,319.60377999348566,170.59559299377725
3,0,0,0,0,0,0,331,62.164524002582766,130.74806600343436,301.88202900171746,149.85785700264387
3,0,0,0,0,0,0,1448,115.75705799623393,160.95940199738834,304.57709899928886,160.68232399993576
2,0,0,0,0,0,0,1340,115.81123400537763,162.45882099610753,307.03913199249655,168.67586900480092
3,0,0,0,0,0,0,588,122.61316800140776,174.8628369969083,325.5232429946773,168.6042269866448
2,0,0,0,0,0,0,1290,113.13574200903531,159.1529180004727,297.94884999864735,156.6110120038502
4,0,0,0,1,0,1,80,441.9132929906482,517.1589000092354,567.59925300139,467.19828400819097
1,0,0,0,0,0,0,4295,108.33840900158975,149.91897299478296,281.4087320002727,149.97692899487447
2,0,0,0,0,0,0,1607,118.13079401326831,158.56793399143498,297.43549499835353,155.84877799847163
1,0,0,0,0,0,0,1901,106.99406400090083,147.50649899360724,281.73601800517645,148.52453100320417
13,0,0,0,2,0,1,1,133.66491500346456,166.10343399224803,354.28206699725706,149.2476040002657
290,0,0,0,14,0,1,1,492.15371200989466,563.2659180118935,978.690142990672,272.8957969957264
3,0,0,0,0,0,0,1484,127.15917600144166,175.8275699976366,214.43117200396955,167.37194299639668
1,0,0,0,0,0,0,3085,104.25874599604867,81.06621999468189,142.70161800959613,80.25803801137954
1,0,0,0,0,0,0,9230,52.68450500443578,68.27238899131771,199.74901199748274,151.98252999107353
3,0,0,0,0,0,0,66,121.46157899405807,172.2952220006846,318.82480200147256,158.94070899230428
5,0,0,0,0,0,0,8,121.76134499895852,169.51280400098767,316.51436699030455,152.6979409973137
1,0,0,0,0,0,0,1901,104.85044799861498,151.95228999073151,281.57732999534346,146.82590700977016
22,0,0,0,3,0,1,2,400.02040400577243,384.2221810045885,595.1189949992113,206.79121901048347
59,0,0,0,5,0,1,1,429.3595539929811,356.25491199607495,768.4233170002699,420.47167199780233
5,0,0,0,0,0,0,17,121.88066399539821,170.2242900064448,321.94177799101453,158.11114499229006
6,0,0,0,0,0,0,5,127.50313599826768,177.74886199913453,335.6660080025904,165.5734649975784
68,0,0,0,14,0,1,1,146.39674499630928,185.34161399293225,618.5453340003733,171.75204999512061
1,0,0,0,0,0,0,8533,98.48319500451908,139.33197798905894,273.34178899764083,152.93920499971136
1,0,0,0,0,0,0,9122,66.19696300185751,86.86880799359642,220.08615800586995,157.73469099076465
4,0,0,0,0,0,0,248,131.56304399308283,181.8176200031303,331.4670389954699,173.55665200739168
6,0,0,0,0,0,0,68,120.95655899611302,173.11028600670397,322.44335699942894,156.26468799018767
71,0,0,0,6,0,1,1,410.3765670006396,366.33016999985557,766.8533870019019,369.91643399233
16,0,0,0,1,0,1,20,350.8537180023268,384.2322460113792,289.5533160044579,386.19201000256
1,0,0,0,0,0,0,865,112.23302299913485,155.07513300690334,293.10526700282935,149.95777899457607
5,0,0,0,1,0,1,56,368.99485599133186,135.63792599597946,287.9204859927995,92.10282300773542
4,0,0,0,0,0,0,1,119.96813100995496,115.31715901219286,309.1616009915015,149.56709899706766
2,0,0,0,0,0,0,4804,114.86635799519718,160.13675900467206,300.0869200041052,178.8488839956699
1,0,0,0,0,0,0,8399,78.81584299320821,105.83264799788594,240.17267901217565,155.57814999192487
2,0,0,0,0,0,0,3532,109.13396799878683,152.18079699843656,291.1077080061659,167.0389850041829
1,0,0,0,0,0,0,8533,99.20190699631348,137.25780700042378,273.75292299257126,155.86350399826188
3,0,0,0,0,0,0,107,125.28996000764892,176.5969490079442,329.0138550073607,169.04155899828766
10,0,0,0,2,0,1,2,122.36826299340464,166.13332499400713,344.54438599641435,150.0277220038697
14,0,0,0,1,0,1,36,638.1659979961114,722.1297109936131,532.5781619903864,417.54173299705144
3,0,0,0,0,0,0,1862,125.2303649962414,173.34737500641495,320.59387599292677,171.73383598856162
3,0,0,0,0,0,0,2044,126.44140698830597,172.83826100174338,315.1225690089632,174.38459899858572
5,0,0,0,0,0,0,59,118.70783299673349,166.64787899935618,316.0317319998285,150.10122901003342
4,0,0,0,1,0,1,74,191.61154598987196,140.16147099027876,569.268375998945,175.8211809938075
25,0,0,0,4,0,1,1,238.4993269952247,228.31103000498842,331.7783239908749,110.819834007998
3,0,0,0,0,0,0,1484,123.03628500376362,175.09416599932592,320.18788800633047,170.8169560006354
2,0,0,0,0,0,0,1998,108.76740000094287,150.67418200487737,292.68373899685685,175.30464199080598
2,0,0,0,0,0,0,3627,116.24139899504371,163.75488101039082,304.2475940019358,168.08617000060622
2,0,0,0,0,0,0,268,117.61290399590507,160.65911600890104,303.4781869937433,148.4955249907216
1,0,0,0,0,0,0,9914,79.69387499906588,109.6084369928576,242.48600500868633,159.3577970052138
3,0,0,0,1,0,1,10,367.1672210039105,446.03854000160936,566.6347600053996,482.7834039897425
3,0,0,0,0,0,0,1484,130.00053299765568,176.3331800029846,324.62305200169794,145.70626799832098
21,0,0,0,4,0,1,1,141.87633300025482,182.78617499163374,416.1764239979675,171.54697899241
9,0,0,0,3,0,1,139,329.4726079911925,325.89244200789835,514.5933349995175,341.5958380064694
2,0,0,0,0,0,0,1827,111.17010899761226,150.34127200488,288.87791599845514,148.87224200356286
5,0,0,0,0,0,0,174,134.3302390014287,179.68370999733452,334.03511700453237,170.06764700636268
9,0,0,0,2,0,1,61,374.3501900025876,353.57156199461315,560.0310790032381,159.8523050051881
3,0,0,0,0,0,0,35,69.62033599847928,93.74816599301994,199.1244259988889,170.0221990031423
5,0,0,0,0,0,0,18,123.87381300504785,172.5256389909191,327.1238360030111,160.0421710027149
25,0,0,0,2,0,1,1,310.471532997326,290.80263699870557,502.59232000098564,410.27896299783606
5,0,0,0,1,0,1,298,333.31225100846495,179.26775899832137,516.708117997041,187.26616499770898
5,0,0,0,0,0,0,8,120.89392400230281,168.78402199654374,277.4623639998026,77.46051500726026
1,0,0,0,0,0,0,2186,109.51087799912784,154.5637780072866,285.51677100767847,147.65883701329585
1,0,0,0,0,0,0,9122,67.77524700737558,89.56189700984396,221.8248580029467,155.8319290052168
4,0,0,0,1,0,1,455,366.90151000220794,185.6847460003337,558.4804840036668,182.88852299156133
6,0,0,0,0,0,0,1,118.14491498807911,164.62379800213967,317.9661100002704,147.78752300480846
29,0,0,0,2,0,1,1,625.348502988345,314.994090993423,477.31669699714985,188.75306801055558
17,0,0,0,3,0,1,1,135.4839859995991,186.1140660039382,399.42312298808247,169.48971099918708
3,0,0,0,0,0,0,1626,67.28630200086627,91.85076999710873,167.57743600464892,89.91618700383697
2,0,0,0,0,0,0,1827,108.32746200321708,149.57010198850185,289.0252689976478,151.17490199918393
1,0,0,0,0,0,0,9230,28.67526200134307,35.931545004132204,102.91116799635347,81.86664000095334
7,0,0,0,1,0,1,5,359.1046310029924,182.01656600285787,525.309329997981,172.11325200332794
1,0,0,0,0,0,0,2186,108.66383199754637,149.99294400331564,292.33889299212024,148.96426499763038
19,0,0,0,3,0,1,1,126.48005298979115,167.67949300992768,375.31043800117914,148.41986099781934
2,0,0,0,0,0,0,877,123.33856399345677,176.38980101037305,238.41944900050294,84.69649500329979
43,0,0,0,4,0,1,1,393.56268700794317,409.884325999883,690.7480209920323,393.3219049940817
2,0,0,0,0,0,0,877,126.19216200255323,175.68309100170154,323.3046029927209,168.0626739980653
6,0,0,0,0,0,0,1,62.68033500236925,84.93001699389424,263.4048769978108,147.80100299685728
5,0,0,0,1,0,1,101,131.2564910040237,169.07223299494945,334.2019400006393,158.16668099432718
3,0,0,0,0,0,0,602,72.51643000927288,90.30893599265255,170.13088100065943,88.05837501131464
4,0,0,0,0,0,0,33,130.49716499517672,183.6094390018843,332.07930700154975,169.69067699392326
4,0,0,0,0,0,0,1,126.9017540034838,173.98437799420208,321.55814400175586,153.86244299588725
2,0,0,0,0,0,0,360,116.0359019995667,159.8351059947163,301.07882000447717,147.97861999250017
56,0,0,0,13,0,1,1,86.57413099717814,162.29732098872773,449.2528709961334,76.91286399494857
1,0,0,0,0,0,0,9122,66.3325539935613,86.80798699788284,218.2291460048873,155.5408720014384
10,0,0,0,1,0,1,93,531.2569679954322,610.4305500048213,648.0221329984488,537.0120459992904
4,0,0,0,0,0,0,48,129.34293200669345,180.20979998982511,335.54899400041904,170.4939510091208
4,0,0,0,1,0,1,530,372.20820199581794,452.48531200923026,459.7461320081493,372.1788279945031
2,0,0,0,0,0,0,1340,102.84004799905233,162.9813280014787,305.3883069951553,168.34023100091144
7,0,0,0,1,0,1,1,64.95091800752562,85.40475899644662,171.04993399698287,150.22293200308923
18,0,0,0,1,0,1,1,121.2189529906027,168.64349899697118,365.674714994384,156.69740398880094
5,0,0,0,0,0,0,65,129.8628899967298,122.03134500305168,173.0425599962473,105.25661800056696
74,0,0,0,12,0,1,1,130.7881609973265,172.47796099400148,563.3100619888864,80.81044400751125
4,0,0,0,0,0,0,319,119.15505900105927,162.84383801394142,308.3533580065705,149.53098200203385
16,0,0,0,2,0,1,2,527.294735002215,510.27859099849593,585.6905300024664,447.0878400024958
1,0,0,0,0,0,0,9914,82.23284900304861,111.46008000650909,246.62398399959784,160.6848310038913
2,0,0,0,0,0,0,4804,59.49692700232845,79.18816000164952,152.55980000074487,90.13097199203912
3,0,0,0,0,0,0,1484,126.68835101067089,176.44481999741402,326.76543699926697,171.43459999351762
5,0,0,0,0,0,0,13,122.34286099555902,169.59584900178015,313.90903299325146,149.4493490026798
1,0,0,0,0,0,0,9122,35.55613300704863,44.70442299498245,113.39579299965408,110.85214800550602
5,0,0,0,1,0,1,4,365.8463239989942,189.1191859904211,559.6548520115903,145.4296050069388
6,0,0,0,0,0,0,1,124.94063199847005,171.6506910015596,326.73486799467355,156.36564399756026
26,0,0,0,2,0,1,1,648.8713279977674,610.0879840087146,612.5007319933502,452.1323609951651
4,0,0,0,1,0,1,3,140.26778499828652,191.01771600253414,338.8557790021878,178.2813769968925
6,0,0,0,0,0,0,21,125.08278200402856,171.51024199847598,166.4187150017824,100.78856300970074
2,0,0,0,0,0,0,224,128.66082999971695,180.38368999259546,325.47564699780196,167.04308699991088
2,0,0,0,0,0,0,1486,112.16741499083582,157.17066600336693,295.28204299276695,154.6906610019505
7,0,0,0,1,0,1,18,376.53716100612655,332.5213589996565,333.34899599140044,385.17745399440173
20,0,0,0,4,0,1,1,363.46870999841485,188.4769430034794,591.8097750109155,175.80122899380513
6,0,0,0,1,0,1,3,120.13505399227142,104.63961500499863,165.1576009899145,76.20277100068051
11,0,0,0,2,0,1,1,124.68898500083014,151.756976993056,341.5339620114537,160.93377000652254
5,0,0,0,0,0,0,13,120.10825800825842,142.55945099284872,158.66563400777522,76.73281700408552
1,0,0,0,0,0,0,8533,98.5684589977609,136.53088599676266,272.2849449928617,154.66434200061485
4,0,0,0,0,0,0,186,119.27861599542666,172.7222899935441,315.2166720101377,158.11918899999
2,0,0,0,0,0,0,3160,118.5346109996317,161.89022400067188,299.35071599902585,153.17200000572484
2,0,0,0,0,0,0,4804,113.22140900301747,157.29874999669846,267.5760489946697,91.63773700129241
11,0,0,0,1,0,1,160,609.8459729983006,641.9446779909777,663.4404650103534,554.2612779972842
9,0,0,0,1,0,1,2,119.06810500659049,168.25777800113428,328.3505120052723,150.38478499627672
1,0,0,0,0,0,0,2186,110.49220499990042,128.69900598889217,173.69167300057597,150.19695900264196
8,0,0,0,1,0,1,5,128.09331000607926,183.30661399522796,397.6621059991885,171.5113849932095
7,0,0,0,1,0,1,3,122.36615498841275,101.14616800274234,173.56602901418228,83.00217399664689
16,0,0,0,1,0,1,39,711.6886489966419,646.8336770049063,637.5248920085141,517.4203979986487
85,0,0,0,4,0,1,1,532.838098006323,542.3109859984834,592.9922549985349,332.4342220003018
3,0,0,0,0,0,0,588,123.88613900111523,172.46768801123835,324.92345799983013,170.69061700021848
5,0,0,0,1,0,1,31,132.6819599926239,186.03755200456362,346.9407329976093,172.46519098989666
5,0,0,0,1,0,1,2,364.45175799599383,184.37899299897254,558.6371100071119,172.2860669979127
8,0,0,0,1,0,1,2,127.0357400062494,176.2239999952726,348.853354997118,170.51006898691412
3,0,0,0,0,0,0,2044,122.32982799469028,174.38613799458835,312.9357610014267,168.5507580114063
21,0,0,0,3,0,1,1,70.95430299523287,90.09069000603631,205.18552100111265,87.11606300494168
2,0,0,0,0,0,0,3160,115.81867600034457,161.4559439913137,300.09820900158957,156.5581890026806
7,0,0,0,0,0,0,229,125.34825201146305,177.322338000522,329.15649900678545,188.29760499647819
1,0,0,0,0,0,0,8399,78.94733900320716,106.02437700435985,241.30598299962003,157.699068004149
4,0,0,0,1,0,1,9,374.38947201007977,183.34517598850653,561.228646998643,173.16138799651526
7,0,0,0,1,0,1,10,123.33092499466147,172.75963399151806,335.40510600141715,162.35958799370565
3,0,0,0,0,0,0,22,120.29384399647824,166.44290699332487,307.5524379964918,151.16694499738514
6,0,0,0,0,0,0,5,124.43829800758976,169.54463500587735,324.39890698879026,154.32527198572643
3,0,0,0,0,0,0,1070,126.05760400765575,175.49928299558815,307.92719598684926,87.92846399592236
40,0,0,0,6,0,1,1,71.9406970019918,184.6869319997495,482.8389290050836,175.50946801202372
3,0,0,0,0,0,0,1484,124.03472900041379,173.2364789932035,323.53591300488915,171.8802599934861
7,0,0,0,0,0,0,1,114.61040300491732,159.64692100533284,313.4185379894916,147.02383600524627
6,0,0,0,0,0,0,2,133.64676300261635,184.95966600312386,343.7751600140473,88.32255999732297
2,0,0,0,0,0,0,3532,109.43035999662243,152.66294199682306,195.7516550028231,86.36584600026254
1,0,0,0,0,0,0,9122,35.18821900070179,87.17064600205049,219.9061370047275,155.14050800993573
1,0,0,0,0,0,0,9230,28.920488999574445,35.32732100575231,102.88311800104566,78.01445199584123
8,0,0,0,0,0,0,1,129.9488869990455,181.94726901128888,344.9166719947243,168.3761619933648
23,0,0,0,3,0,1,1,635.8624849963235,538.6162630020408,719.7125170059735,502.32649300596677
56,0,0,0,3,0,1,1,316.8196769984206,535.3319300047588,676.9360790058272,355.10151999187656
16,0,0,0,4,0,1,1,397.33151500695385,275.9301619953476,544.596649997402,343.08117799810134
8,0,0,0,1,0,1,3,372.3048050014768,198.9348390052328,608.7437259993749,186.89683800039347
6,0,0,0,1,0,1,188,348.02003898948897,544.8505759995896,543.5689230071148,447.1746569906827
9,0,0,0,1,0,1,95,564.6323349938029,580.1626460015541,603.7836250034161,503.0247600079747
4,0,0,0,0,0,0,50,126.16410700138658,174.99964000307955,328.07610199961346,98.41974399751052
5,0,0,0,1,0,1,277,371.1805369966896,186.50425800296944,561.1125669965986,179.63658599182963
1,0,0,0,0,0,0,8533,98.00300298957154,137.9850079974858,270.7926009898074,153.68108000257052
2,0,0,0,0,0,0,4804,113.52190899197012,157.26438000274356,299.5256790018175,174.6447210025508
5,0,0,0,0,0,0,18,64.34446899220347,84.31105499039404,290.6741910119308,146.54583198716864
2,0,0,0,0,0,0,4475,54.07659999036696,73.65136500447989,144.96030900045298,85.94119299959857
1,0,0,0,0,0,0,8533,99.76685199944768,135.4559040046297,277.49342999595683,154.31766399706248
1,0,0,0,0,0,0,8399,79.18154798971955,105.71464600798208,242.98359800013714,157.416848000139
4,0,0,0,0,0,0,132,129.42512301378883,184.88091600011103,341.5153219975764,175.41804499342106
1,0,0,0,0,0,0,303,113.13239501032513,158.54574099648744,292.5456689990824,144.3268330040155
2,0,0,0,0,0,0,348,117.8894879994914,159.8216159909498,301.0206880135229,147.9065460007405
2,0,0,0,0,0,0,3627,115.23885000497103,159.78540400101338,305.5392659880454,168.71198599983472
2,0,0,0,0,0,0,1998,81.00217599712778,154.63434399862308,290.1231809955789,171.01303799427114
3,0,0,0,1,0,1,13,196.15129700105172,460.1827879960183,620.1629790011793,536.3676879933337
1,0,0,0,0,0,0,8399,78.29619500262197,107.03040000225883,243.14682000840548,155.95234600186814
13,0,0,0,4,0,1,25,195.79763399087824,180.31199999677483,306.11495599441696,101.58825499820523
45,0,0,0,3,0,1,1,662.8055019973544,622.6087790128076,614.7124970011646,383.602215006249
5,0,0,0,0,0,0,26,132.3275089962408,184.11492399172857,342.70852799818385,172.82138198788743
15,0,0,0,0,0,0,1,122.19958900823258,171.41518100106623,349.51419600110967,156.62144000816625
4,0,0,0,0,0,0,528,66.17063900921494,87.2254699934274,164.4192829990061,83.4610710007837
5,0,0,0,0,0,0,14,127.62414600001648,179.2676820041379,338.3364189940039,130.13342600606848
7,0,0,0,1,0,1,4,121.22454099880997,169.7891410003649,333.4143419924658,154.72371700161602
3,0,0,0,0,0,0,1448,116.55217099178117,162.7818289998686,307.3459949955577,160.7675260020187
5,0,0,0,0,0,0,50,121.05755400261842,165.9946699946886,313.02190200949553,151.77587600192055
1,0,0,0,0,0,0,9230,28.97020400268957,35.744905995670706,103.56042800412979,77.52385298954323
4,0,0,0,0,0,0,223,120.76941899431404,174.6443400043063,320.7339530054014,144.65285999176558
3,0,0,0,0,0,0,1484,123.26761100848671,177.95747400668915,328.06071400409564,172.87789001420606
1,0,0,0,0,0,0,9230,54.03356399619952,69.75975300883874,200.9789389994694,152.71450800355524
6,0,0,0,2,0,1,316,309.28106600185856,311.0586319962749,482.8779319941532,353.3533959998749
122,0,0,0,23,0,1,1,368.14359699201304,186.82150599488523,1023.2977400009986,175.3417079889914
2,0,0,0,0,0,0,3160,116.09636999492068,162.77664099470712,298.00302399962675,154.02893999998923
2,0,0,0,0,0,0,4804,58.125052994000725,125.55851499200799,297.40768899500836,176.5843409957597
7,0,0,0,0,0,0,7,64.18395599757787,86.1288610030897,279.4904350012075,156.93934899172746
2,0,0,0,0,0,0,4804,113.82702499395236,156.5384130080929,296.5698690095451,174.47776500193868
5,0,0,0,1,0,1,51,403.309318004176,198.19276800262742,408.78967600292526,95.08698299759999
21,0,0,0,1,0,1,64,761.8964420107659,854.3692350067431,387.2246700047981,337.7366159984376
1,0,0,0,0,0,0,606,111.62264300219249,155.25679099664558,293.92780299531296,148.65353899949696
1,0,0,0,0,0,0,8533,100.8411509974394,137.93651000014506,272.81407499685884,127.15473600837868
4,0,0,0,0,0,0,293,120.66728400532156,168.59570900851395,317.47449199610855,160.58574100316036
3,0,0,0,0,0,0,521,114.42815999907907,159.2491329938639,304.6568410063628,124.53723599901423
1,0,0,0,0,0,0,8533,70.37157900049351,67.82447200384922,140.1890650013229,81.73761299985927
5,0,0,0,0,0,0,4,127.70078500034288,175.94074600492604,294.4602979987394,85.07255000586156
4,0,0,0,1,0,1,408,125.8802030060906,174.76870599784888,328.4496950072935,166.39025100448634
2,0,0,0,0,0,0,1121,66.8598760094028,135.274959000526,326.04042599268723,172.14640000020154
10,0,0,0,1,0,1,85,531.8416090012761,614.7740570013411,575.622182994266,477.35453900531866
1,0,0,0,0,0,0,2186,109.16874499525875,150.99670199560933,288.42335399531294,149.0755370032275
2,0,0,0,0,0,0,966,115.21763799828477,127.6272700051777,158.09654899931047,81.01335800893139
3,0,0,0,0,0,0,455,124.07436600187793,169.89361601008568,317.8930679860059,160.3611790051218
8,0,0,0,1,0,1,2,62.42040899815038,145.79402399249375,325.2637679979671,146.55862101062667
1,0,0,0,0,0,0,9122,35.44297500047833,44.68682799779344,114.33742199733388,82.48374999675434
9,0,0,0,1,0,1,1,139.1012590029277,186.0073720017681,361.9818469887832,172.04620099801105
6,0,0,0,0,0,0,1,126.80619799357373,178.49250898871105,334.76907400472555,164.73032599606086
5,0,0,0,0,0,0,65,134.15603199973702,182.96985600318294,343.57241800171323,173.16644098900724
2,0,0,0,0,0,0,3160,61.30957898858469,87.6634460000787,303.2315159944119,156.8696760077728
10,0,0,0,1,0,1,85,481.1398269957863,558.8098590087611,584.6447420044569,481.03714299213607
20,0,0,0,3,0,1,1,385.96017299278174,357.91201499523595,621.4648250024766,194.1255599958822
3,0,0,0,0,0,0,28,128.76688000687864,186.60776999604423,331.60344799398445,168.75109999091364
6,0,0,0,0,0,0,2,119.19389199465513,165.79844799707644,317.6903949934058,148.6420760047622
3,0,0,0,0,0,0,1626,127.4940020084614,179.7444510011701,325.8448950073216,169.7824229922844
1,0,0,0,0,0,0,9230,52.85162500513252,68.65283500519581,199.34133300557733,152.11651599383913
3,0,0,0,0,0,0,1862,66.16192699584644,87.1197270025732,164.34549099358264,89.11630499642342
16,0,0,0,2,0,1,5,127.3610810021637,166.24661000969354,366.074738005409,146.96046500466764
28,0,0,0,2,0,1,7,444.79899399448186,319.695761994808,328.10724299633875,375.81234599929303
12,0,0,0,1,0,1,64,580.527482990874,720.6759889959358,619.4893630017759,509.39049299631733
3,0,0,0,0,0,0,20,124.18174800404813,172.02255901065655,318.12260899459943,156.37776999210473
38,0,0,0,2,0,1,13,627.5697730015963,601.6042270057369,583.0366620066343,302.37246199976653
5,0,0,0,0,0,0,4,121.20822299038991,163.84206200018525,311.4981240069028,144.88564599014353
2,0,0,0,0,0,0,1486,61.69210499501787,79.31777399790008,172.72789400885813,152.29060999990907
1,0,0,0,0,0,0,8533,100.10072200384457,137.92915501107927,273.54033300071023,153.763866997906
2,0,0,0,0,0,0,3627,106.47850700479466,81.38221398985479,157.08631899906322,87.03567599877715
2,0,0,0,0,0,0,856,122.99015499593224,170.5395550088724,309.1319450031733,154.05975699832197
6,0,0,0,1,0,1,7,123.25748399598524,164.58767499716487,325.7045540085528,152.8503820009064
5,0,0,0,0,0,0,104,123.02184700092766,174.63422899891157,324.9702079920098,160.67967399430927
5,0,0,0,0,0,0,4,120.86628799443133,171.13993800012395,318.6844980082242,160.80057799990755
13,0,0,0,1,0,1,163,553.6080099991523,625.9050900116563,581.5355659869965,468.30471900466364
1,0,0,0,0,0,0,9230,52.68969300959725,68.01269800052978,199.97832299850415,153.2737109955633
5,0,0,0,0,0,0,46,124.30393000249751,172.09564700897317,326.29592399462126,163.04171200317796
2,0,0,0,0,0,0,1607,59.222333002253436,79.7685330035165,155.1725350000197,83.1293560040649
10,0,0,0,2,0,1,1,355.97847199824173,185.81275899487082,564.1530150023755,176.28705500101205
9,0,0,0,2,0,1,61,373.990763007896,352.1917059988482,572.8276690060738,193.3807989989873
1,0,0,0,0,0,0,9914,82.76457099418622,111.75682798784692,248.3540679968428,161.43760799604934
12,0,0,0,1,0,1,1,128.0753699975321,113.7676759972237,177.4884289916372,81.84388199879322
1,0,0,0,0,0,0,4295,107.47515800176188,149.00095399934798,284.70856200146955,149.5807320025051
3,0,0,0,0,0,0,560,72.50495199696161,176.84518899477553,324.1028080083197,169.18544500367716
2,0,0,0,0,0,0,3532,109.05792900302913,151.2041189998854,291.9795900088502,168.3219190017553
13,0,0,0,2,0,1,54,122.15514200215694,163.38372499740217,350.592830000096,150.50714899552986
2,0,0,0,0,0,0,49,65.04980099271052,87.23285200539976,159.38289700716268,79.59481301077176
25,0,0,0,6,0,1,1,308.68344999908004,127.94012999802362,589.356675001909,175.8334320038557
7,0,0,0,0,0,0,1,130.3035080054542,180.81143099698238,341.8563710001763,170.56996999599505
29,0,0,0,3,0,1,1,133.10765200003516,174.09081700316165,409.4270530040376,158.29018800286576
8,0,0,0,1,0,1,1,369.26209001103416,184.919090999756,565.4961290128995,173.70677601138595
7,0,0,0,2,0,1,180,334.9358010018477,324.22020300873555,500.3804379957728,194.72975100507028
6,0,0,0,1,0,1,6,134.9080099898856,188.60951300302986,357.80421800154727,172.65471200516913
9,0,0,0,1,0,1,4,66.14051100041252,86.70030599751044,173.68965200148523,82.2575039928779
2,0,0,0,0,0,0,1556,111.24455300159752,155.46414999698754,296.6864610061748,158.5779500019271
2,0,0,0,0,0,0,3532,109.46192999836057,153.37602999352384,295.7771869987482,149.65793500596192
6,0,0,0,0,0,0,24,118.48790200019721,162.36351800034754,315.4676499980269,150.123226994765
5,0,0,0,0,0,0,26,135.24643299751915,181.96619898662902,341.00014899740927,176.07408300682437
4,0,0,0,0,0,0,46,126.49907000013627,176.75978800980374,329.0280190121848,166.0227990068961
1,0,0,0,0,0,0,9122,67.7902650058968,89.18009500484914,224.07157499401364,158.12540100887418
4,0,0,0,0,0,0,491,67.46536800346803,92.69064399995841,172.35937299847137,136.82370800233912
4,0,0,0,0,0,0,310,91.11589800158981,170.35425700305495,318.53149700327776,157.97674900386482
3,0,0,0,0,0,0,1070,125.85835599747952,179.67941099777818,325.4396339907544,168.26373200456146
4,0,0,0,0,0,0,329,129.0313990029972,178.88352599402424,334.0039189934032,170.19578600593377
7,0,0,0,0,0,0,4,123.13168701075483,168.60636799538042,325.6986939959461,154.44524999475107
1,0,0,0,0,0,0,1190,112.45269500068389,154.13146100763697,290.6753099960042,150.69143900473136
2,0,0,0,0,0,0,1340,115.63204698904883,162.1867689973442,300.71206200227607,165.86107699549757
3,0,0,0,0,0,0,347,72.5174589897506,138.01508300821297,168.45683399878908,116.63206500816159
6,0,0,0,0,0,0,1,134.2222050006967,183.4412440075539,346.3804360071663,176.12141800054815
10,0,0,0,1,0,1,1,353.349247990991,180.2348350029206,544.4362650014227,178.7349299993366
7,0,0,0,2,0,1,159,83.39708499261178,166.89430399856064,346.6178139933618,173.9227439975366
13,0,0,0,2,0,1,1,456.36036100040656,446.03040198853705,598.9995790005196,454.38697199278977
12,0,0,0,1,0,1,1,312.4688520038035,179.10644100629725,380.0291340012336,88.15229700121563
4,0,0,0,0,0,0,293,118.77221599570476,172.3699790018145,316.8334749934729,159.57012900616974
3,0,0,0,0,0,0,489,122.58754199137911,172.41394000302535,311.56453500443604,153.0294789990876
23,0,0,0,3,0,1,1,494.782555004349,482.0861829939531,555.2787060005357,214.45095700619277
3,0,0,0,0,0,0,342,117.07664199639112,162.02873400470708,309.2089650017442,151.35880500019994
2,0,0,0,0,0,0,894,114.43261300155427,159.29086199321318,302.90658499870915,172.05818499496672
26,0,0,0,2,0,1,1,347.683316009352,557.3024699988309,495.51450299622957,527.4698809953406
4,0,0,0,0,0,0,105,119.67404499591794,166.78942799626384,311.37032799597364,150.47809699899517
3,0,0,0,1,0,1,1445,269.7761379968142,332.5146080023842,371.0388470062753,254.37274199794047
23,0,0,0,7,0,1,1,396.761042997241,373.7206819932908,459.31709800788667,203.62415100680664
2,0,0,0,0,0,0,3532,112.03082499559969,155.53660099976696,293.38949600060005,168.03325300861616
5,0,0,0,0,0,0,1,97.48118999414146,166.46641000988893,316.332902002614,147.73239199712407
7,0,0,0,0,0,0,229,128.81290500808973,177.96940500556957,335.4356610070681,185.96597498981282
7,0,0,0,1,0,1,1,121.46529500023462,168.8666639965959,330.72594700206537,152.1247009950457
4,0,0,0,1,0,1,11,370.0942279974697,184.53643898828886,553.210914004012,98.07921899482608
2,0,0,0,0,0,0,867,114.2000029940391,81.8093350098934,261.4339080028003,150.643721994129
3,0,0,0,1,0,1,1479,252.24068500392605,405.6239199999254,519.2356390034547,447.19406399235595
1,0,0,0,0,0,0,8533,97.38392500730697,137.02357199508697,273.02416099701077,155.19008100091014
1,0,0,0,0,0,0,9914,42.67391400935594,55.13327399967238,125.14084699796513,81.23783899645787
3,0,0,0,0,0,0,1484,126.18305199430324,175.71554500318598,322.37661199178547,169.62809801043477
3,0,0,0,0,0,0,1862,126.03345001116395,172.28383300243877,317.8919429919915,168.5105329961516
12,0,0,0,2,0,1,1,388.3053530007601,360.40121999394614,578.0741960043088,189.85407100990415
7,0,0,0,1,0,1,266,287.96702400723007,325.5185129964957,565.8139749866677,468.47454700036906
10,0,0,0,2,0,1,23,410.31560000556055,399.604960999568,452.0705010072561,204.6278760099085
1,0,0,0,0,0,0,3085,103.19849899678957,141.35540601273533,279.65991500241216,151.29676600918174
12,0,0,0,1,0,1,72,589.5143050001934,459.2477539990796,513.7429339956725,481.40970000531524
3,0,0,0,0,0,0,685,124.56865700369235,180.05093799729366,324.95478600321803,171.65104000014253
3,0,0,0,0,0,0,1448,114.3641920061782,160.73451800912153,302.3887049930636,159.19491001113784
1,0,0,0,0,0,0,8533,100.51316898898222,137.42277800338343,276.52837899222504,155.95711600326467
226,0,0,0,42,0,1,1,140.1475270104129,185.13931099732872,1254.12607700855,171.52151999471243
1,0,0,0,0,0,0,9230,52.91947699151933,68.66193900350481,117.2118969989242,153.20772099948954
12,0,0,0,0,0,0,1,93.49895699415356,83.84108099562582,289.17744899808895,150.45336999173742
18,0,0,0,5,0,1,1,70.34127898805309,134.39368399849627,411.73586499644443,168.97624600096606
1,0,0,0,0,0,0,9122,66.52925800881349,88.11738599615637,220.42607999173924,157.64594600477722
37,0,0,0,7,0,1,1,321.5024300006917,196.83951798651833,366.7929359944537,101.55068800668232
50,0,0,0,10,0,1,1,130.34411099215504,176.85725999763235,526.1727219913155,165.02112499438226
1,0,0,0,0,0,0,9122,36.42597900761757,44.93866900156718,114.36834100459237,81.53182700334582
1,0,0,0,0,0,0,872,112.28667999967001,156.5741209924454,296.1747529916465,146.68706100201234
4,0,0,0,1,0,1,3,370.34824599686544,188.00907500553876,546.3362480077194,179.51198799710255
35,0,0,0,6,0,1,1,408.87893199396785,395.6388969963882,616.7772150074597,218.07912399526685
1,0,0,0,0,0,0,849,114.94861300161574,162.7473600092344,297.73100100283045,146.5525279927533
3,0,0,0,0,0,0,467,126.47814200317953,180.3764040087117,323.5771939944243,169.43232700577937
2,0,0,0,0,0,0,4804,114.75443599920254,158.25563999533188,296.9739129912341,113.60592400887981
1,0,0,0,0,0,0,9230,28.333245005342178,36.67084100015927,102.10173299128655,77.9287600016687
2,0,0,0,0,0,0,1121,67.32285200268961,89.12529899680521,255.40767700294964,168.6869709956227
5,0,0,0,1,0,1,4,369.2803640005877,187.94876099855173,551.7654300056165,176.6321710019838
1,0,0,0,0,0,0,8533,98.11439999612048,136.96215499658138,272.1966120006982,151.94187698944006
1,0,0,0,0,0,0,9914,81.62991500284988,110.59915600344539,245.75206900772173,158.94314700562973
1,0,0,0,0,0,0,4295,109.32054699514993,147.6308470009826,283.5416550078662,150.34460001334082
17,0,0,0,2,0,1,1,559.7668699920177,528.5097349988064,559.3647969944868,411.77121200598776
6,0,0,0,0,0,0,2,123.98156900599133,166.80764399643522,316.09010200190824,149.51725098944735
4,0,0,0,1,0,1,530,371.37434899341315,451.9494400010444,457.768804000807,373.6845520033967
2,0,0,0,0,0,0,3160,61.42226100200787,82.57383399177343,205.7504050026182,153.9860979974037
4,0,0,0,0,0,0,319,61.224495992064476,84.02419299818575,159.13883999746758,78.34919801098295
2,0,0,0,0,0,0,3532,110.64196900406387,154.81682600511704,294.232603002456,168.25940301350784
6,0,0,0,0,0,0,103,133.66219300951343,190.37028700404335,345.49391400651075,177.34011101129
12,0,0,0,2,0,1,1,359.7511269908864,186.22420699102804,554.7397390037077,173.88655900140293
1,0,0,0,0,0,0,8533,98.40986199560575,135.44929900672287,272.2196679969784,154.26308500173036
2,0,0,0,0,0,0,1320,118.79717400006484,164.24004000145942,307.52720500458963,157.25839301012456
2,0,0,0,0,0,0,4804,113.64324399619363,158.41808999539353,299.1611239995109,175.5500120052602
3,0,0,0,1,0,1,174,368.441136990441,449.2430990067078,528.7433689954923,460.7051070051966
5,0,0,0,1,0,1,4,68.53675699676387,89.6652939991327,171.88761199940927,82.04260800266638
2,0,0,0,0,0,0,224,125.47809499665163,178.1808439991437,324.7031820064876,164.48118300468195
1,0,0,0,0,0,0,9122,66.80646199674811,88.5743300023023,223.61186100170016,159.11227100878023
3,0,0,0,0,0,0,42,67.454127012752,89.80924000206869,166.12597499624826,84.35203701083083
2,0,0,0,0,0,0,3532,109.68414999661036,153.88575301039964,292.84505000396166,166.21328800101765
7,0,0,0,1,0,1,3,384.5984020008473,182.42054800793994,566.8475510028657,174.10784799722023
7,0,0,0,2,0,1,159,128.71373300731648,165.65456399985123,343.19127300113905,173.4425930044381
4,0,0,0,1,0,1,122,132.4518490000628,184.30705400533043,333.34751399524976,170.8282909967238
13,0,0,0,2,0,1,54,123.86776099447161,163.5134240059415,352.97717299545184,151.05955601029564
2,0,0,0,0,0,0,4804,59.14109799778089,79.6753059985349,151.29312498902436,88.1179650023114
4,0,0,0,0,0,0,491,131.22705699061044,181.58344298717566,331.1825860000681,169.4242929952452
1,0,0,0,0,0,0,8533,99.93836999638006,137.97680201241747,275.5168340081582,155.50364900263958
2,0,0,0,0,0,0,4804,58.39663500955794,79.30923000094481,151.230925010168,88.17325900599826
3,0,0,0,0,0,0,2044,123.34251000720542,173.28417098906357,316.4638320013182,172.46221398818307
1,0,0,0,0,0,0,1901,105.8632630010834,146.84638600738253,281.98556300776545,144.5159939903533
4,0,0,0,1,0,1,405,128.75515800260473,182.4863939982606,332.48499999172054,173.44945899094455
2,0,0,0,0,0,0,3160,120.45188000774942,164.9182500113966,304.41617700853385,154.79368300293572
1,0,0,0,0,0,0,9914,80.95010800752789,110.18233599315863,244.93238399736583,159.87128800770734
57,0,0,0,4,0,1,1,471.0281540028518,456.8045890046051,754.6560850023525,414.87988601147663
84,0,0,0,5,0,1,1,634.628158994019,594.7683259873884,698.3408009982668,248.96091599657666
2,0,0,0,0,0,0,368,122.7997329988284,172.53280700242613,258.25262200669385,154.45441601332277
29,0,0,0,2,0,1,1,688.7799249961972,639.2243209993467,356.29135501221754,194.7692389949225
1,0,0,0,0,0,0,2186,109.12994999671355,149.53516400419176,287.33809699770063,121.04396299400833
7,0,0,0,0,0,0,12,122.50015999597963,179.99156800215133,329.47838900145143,157.7053429937223
4,0,0,0,1,0,1,461,314.5883460092591,178.0737590015633,467.33507300086785,189.15138799638953
1,0,0,0,0,0,0,8533,98.13667100388557,139.98384200385772,222.92047100199852,154.19180000026245
2,0,0,0,0,0,0,129,128.9776829944458,176.3267439964693,322.8644190094201,165.18529799941462
5,0,0,0,0,0,0,84,129.53482099692337,182.27089899301063,338.1832739978563,169.1582500061486
1,0,0,0,0,0,0,9914,79.79371400142554,109.54330299864523,244.21779399563093,159.17954299948178
2,0,0,0,0,0,0,1556,112.55023800185882,159.97442899970338,297.7870390022872,128.644135009381
3,0,0,0,0,0,0,21,69.05545799236279,92.91214500262868,171.40843899687752,112.43720600032248
3,0,0,0,0,0,0,1070,129.69466800859664,179.23883399635088,327.03731099900324,135.4220439970959
5,0,0,0,0,0,0,105,119.39877500117291,163.10693899868056,313.57912099338137,150.59957299672533
1,0,0,0,0,0,0,8399,78.95234400348272,107.79232399363536,239.71157699998002,157.47825399739668
11,0,0,0,1,0,1,2,122.88640299811959,171.76882100466173,344.0200399927562,79.65366999269463
3,0,0,0,0,0,0,114,121.65552099759225,167.7918469940778,304.3220709951129,147.7097680035513
1,0,0,0,0,0,0,8399,78.38851600536145,106.31642299995292,239.78020700451452,154.83298199251294
1,0,0,0,0,0,0,8399,79.52121799462475,105.89995099871885,241.95413499546703,148.1089430017164
2,0,0,0,0,0,0,1827,108.41308700037189,148.68450800713617,286.33469800115563,148.0409710056847
2,0,0,0,0,0,0,966,117.55495901161339,164.2829350021202,303.30169599619694,156.45530499750748
1,0,0,0,0,0,0,9914,42.67454099317547,74.95881700015161,203.67370299936738,158.60619000159204
21,0,0,0,4,0,1,1,76.33344900386874,111.30437000247184,419.19437200704124,164.7743319917936
5,0,0,0,0,0,0,2,103.40049100341275,84.13988100073766,159.28756399080157,74.30614599434193
9,0,0,0,1,0,1,12,514.5829100074479,605.8366070064949,543.2383179868339,438.68950800970197
3,0,0,0,0,0,0,1448,108.13204600708559,127.10394099121913,301.1817320075352,83.75050898757763
1,0,0,0,0,0,0,8533,96.37975798978005,135.84081699082162,271.04358799988404,156.23364799830597
3,0,0,0,0,0,0,197,124.93340899527539,172.5017389981076,321.4907410001615,169.21761199773755
5,0,0,0,1,0,1,138,121.51351099601015,172.42487000476103,328.53836900903843,159.99991100397892
1,0,0,0,0,0,0,9230,53.18018700927496,67.3464139981661,197.63537000108045,148.9700329984771
3,0,0,0,0,0,0,1862,64.58514300175011,86.50538700749166,160.64056800678372,87.22191001288593
1,0,0,0,0,0,0,1901,103.41795800195541,148.1099390075542,278.82491300988477,145.1102059945697
26,0,0,0,4,0,1,1,125.82250099512748,160.34869498980697,405.31581900722813,147.85430299525615
1,0,0,0,0,0,0,8533,99.52115900523495,137.6823340106057,271.5699889959069,154.87615200981963
2,0,0,0,0,0,0,3627,114.81900500075426,164.2947600048501,305.7286179973744,168.2952029950684
6,0,0,0,1,0,1,22,130.0713170057861,183.78333299187943,346.5725979913259,167.8318120102631
1,0,0,0,0,0,0,8533,97.43466900545172,135.46949200099334,207.6673940027831,79.72928100207355
1,0,0,0,0,0,0,4295,108.11553300300147,147.6178360026097,288.8144630123861,152.28138699603733
12,0,0,0,0,0,0,2,108.74903600779362,175.20825799147133,278.8050579983974,83.11043299909215
1,0,0,0,0,0,0,9230,54.084110000985675,70.2538900077343,202.4008890002733,151.1611939931754
3,0,0,0,0,0,0,1448,59.78096599574201,80.72962299047504,179.8756560019683,158.24262000387534
13,0,0,0,2,0,1,1,125.79980699229054,161.835456994595,356.5677549922839,145.20834099675994
1,0,0,0,0,0,0,9914,80.93146899773274,110.6278020015452,244.4451229966944,159.8490070027765
10,0,0,0,1,0,1,85,485.2931640052702,559.3481329997303,585.3009490092518,478.5413600038737
1,0,0,0,0,0,0,4295,105.77190000913106,147.39252100116573,285.6952080037445,149.91836999251973
30,0,0,0,7,0,1,1,69.8855639930116,149.0806310030166,329.6071109944023,79.65248200343922
11,0,0,0,2,0,1,7,127.23055099195335,169.14145699411165,298.53578099573497,147.7877389988862
1,0,0,0,0,0,0,8399,78.8258889951976,107.99692499858793,237.9347219975898,155.63984599430114
2,0,0,0,0,0,0,3532,111.09872900124174,152.35476299130823,296.8063930020435,167.43623799993657
3,0,0,0,0,0,0,1484,127.30391099466942,152.41240701288916,277.17364199634176,171.99120701116044
1,0,0,0,0,0,0,8533,99.98063600505702,135.11007200577296,270.12947300681844,153.8860580039909
1,0,0,0,0,0,0,1901,105.08359200321138,147.43550300772768,283.0374089971883,150.02701700723264
2,0,0,0,0,0,0,347,60.633040993707255,81.38619900273625,224.21998900244944,164.10245600854978
6,0,0,0,0,0,0,36,106.17150999314617,85.48442300525494,165.72826499759685,81.4597179996781
23,0,0,0,4,0,1,1,453.46627599792555,442.1155199961504,637.6170970033854,398.05970298766624
2,0,0,0,0,0,0,274,117.66535601054784,160.50116199767217,302.10485101270024,147.63442600087728
4,0,0,0,1,0,1,35,62.50590398849454,83.55316599772777,162.6159940060461,77.63469399651513
3,0,0,0,0,0,0,1626,132.0167600060813,183.37011299445294,331.4366830018116,174.870546994498
7,0,0,0,1,0,1,83,425.18019099952653,507.2967789892573,608.8504840008682,511.176121988683
1,0,0,0,0,0,0,9122,65.93610500567593,88.26239198970143,220.0481750041945,158.26269700482953
11,0,0,0,2,0,1,1,133.73273599427193,184.4777069927659,367.6928049972048,172.46916198928375
6,0,0,0,1,0,1,142,128.51009699807037,171.49029798747506,335.20586499071214,158.3838869992178
1,0,0,0,0,0,0,8399,78.99439200991765,102.53068299789447,122.58172800648026,80.53817300242372
6,0,0,0,1,0,1,188,450.2000360080274,549.0045559999999,546.7970469908323,452.11439099512063
56,0,0,0,7,0,1,1,622.9188930010423,586.1464659974445,724.9322669958929,357.3214909993112
7,0,0,0,0,0,0,1,127.9165759915486,179.04654900485184,336.51677300804295,166.59952100599185
6,0,0,0,2,0,1,316,310.4554919991642,313.6849160073325,484.1821930021979,213.1689080124488
3,0,0,0,0,0,0,41,126.24443300592247,172.21481299202424,318.6413390067173,157.05441099999007
3,0,0,0,0,0,0,1862,125.3679369983729,173.0961510038469,322.5429269950837,172.41951999312732
9,0,0,0,0,0,0,172,128.9889469917398,180.19528800505213,339.9393930012593,188.98958500358276
2,0,0,0,0,0,0,1827,107.92303099879064,150.07460500055458,286.83232999173924,117.14752000989392
13,0,0,0,2,0,1,1,458.9974590053316,353.74202400271315,524.9263820005581,458.26198199938517
2,0,0,0,0,0,0,1827,111.94596500718035,151.58828000130598,288.2971890066983,150.4887399933068
6,0,0,0,0,0,0,4,67.9029049933888,91.27032400283497,227.5906120048603,171.33282400027383
7,0,0,0,1,0,1,15,119.65383699862286,169.49131499859504,312.6652279897826,77.1264889917802
2,0,0,0,0,0,0,1486,58.81111200142186,129.24568000016734,235.93055200763047,78.87012799619697
1,0,0,0,0,0,0,9230,53.64640400512144,69.49994400201831,199.67740200809203,152.21757000836078
3,0,0,0,0,0,0,2044,125.56432500423398,175.02776000765152,293.79995599447284,150.53267299663275
3,0,0,0,0,0,0,1070,130.61527800164185,179.5568870002171,188.55394900310785,87.75451598921791
20,0,0,0,3,0,1,1,474.03022900107317,462.14799299195874,612.5495299929753,407.0925059932051
5,0,0,0,0,0,0,46,122.82707499980461,178.76402899855748,323.23695201193914,159.76321299967822
2,0,0,0,0,0,0,4475,103.61871799977962,145.00025199959055,280.2911290054908,168.24552699108608
5,0,0,0,0,0,0,52,133.63197800936177,186.48694299918134,343.5726609895937,171.69545199431013
19,0,0,0,2,0,1,1,458.04377499734983,393.13496100658085,600.006360997213,204.4209510058863
12,0,0,0,1,0,1,1,374.4826460024342,186.4722879981855,581.6096589987865,176.50333099300042
11,0,0,0,2,0,1,7,123.32754900853615,166.90066999581177,325.37882299220655,76.75369000935461
1,0,0,0,0,0,0,9230,53.44983299437445,69.37113500316627,199.28414199966937,149.63075300329365
3,0,0,0,1,0,1,1445,269.0601110080024,330.3035460121464,422.2596289910143,349.8090159991989
13,0,0,0,2,0,1,43,196.91414199769497,100.11692201078404,405.1457159948768,179.55837900808547
57,0,0,0,3,0,1,1,567.5410800031386,623.007193004014,662.6454179931898,389.42352701269556
3,0,0,0,0,0,0,527,119.28556300699711,169.54562700993847,316.22664000315126,172.9788280063076
2,0,0,0,0,0,0,856,121.55568100570235,169.94345899729524,310.00566099828575,156.35984200343955
7,0,0,0,0,0,0,2,97.08781199879013,171.99873499339446,215.1337849936681,83.34942899818998
36,0,0,0,9,0,1,1,117.69167400780134,162.65724699769635,458.950473999721,144.86893500725273
3,0,0,0,0,0,0,1862,124.44294198940042,170.9858779940987,320.1682979997713,171.20574100408703
4,0,0,0,1,0,1,289,360.5171730014263,186.69556399981957,552.0040409901412,123.05192499479745
6,0,0,0,0,0,0,1,128.52813900099136,180.3585320012644,341.1593140044715,171.03763300110586
3,0,0,0,0,0,0,588,128.22129900450818,176.4422039996134,320.6393010041211,169.59331100224517
6,0,0,0,1,0,1,6,129.90550899121445,180.92841100587975,347.5788359937724,122.7386169921374
12,0,0,0,1,0,1,64,460.51596499455627,418.4498129907297,539.3990739976289,421.24038698966615
58,0,0,0,11,0,1,1,73.09449500462506,95.65491300600115,559.4468299968867,172.74097198969685
20,0,0,0,1,0,1,1,377.0122230052948,186.29351099662017,516.0233570059063,89.24854701035656
4,0,0,0,1,0,1,461,255.59059099759907,88.05841598950792,350.140709997504,187.59246499394067
9,0,0,0,1,0,1,1,114.74698000529315,177.6697829918703,348.76762799103744,164.2640990030486
1,0,0,0,0,0,0,9122,52.71931301103905,44.690914000966586,113.65418499917723,80.01950400648639
1,0,0,0,0,0,0,2186,109.62576199381147,149.69895999820437,289.63810300047044,149.06335300474893
5,0,0,0,1,0,1,51,402.0325960009359,215.56087900535204,486.3310380023904,188.548656005878
4,0,0,0,0,0,0,15,117.73316199833062,161.8508380051935,307.39436199655756,148.33008899586275
3,0,0,0,0,0,0,1448,107.34625099576078,81.0412360006012,157.5231930037262,81.52262400835752
9,0,0,0,0,0,0,1,123.64090599294286,175.10554200271145,335.6637690012576,158.55468300287612
2,0,0,0,0,0,0,4475,104.85413800051901,145.22754000790883,281.32611299224664,167.83772000053432
21,0,0,0,5,0,1,1,395.4096610104898,369.12777200632263,551.9035050092498,198.8761219981825
15,0,0,0,3,0,1,1,372.3115489992779,181.94648399366997,598.4974019957008,171.03455199685413
3,0,0,0,0,0,0,1484,123.21335999877192,175.0146760023199,324.60455600812566,170.65912000543904
2,0,0,0,0,0,0,3095,116.13445199327543,156.91544399305712,183.23980299464893,124.78448399633635
4,0,0,0,0,0,0,329,66.03434598946478,124.3325389950769,296.4431480068015,88.11848200275563
8,0,0,0,0,0,0,3,121.3702990062302,174.2142760049319,321.27417500305455,152.9536060115788
30,0,0,0,8,0,1,1,131.05636399996,180.07954698987305,463.1839229987236,169.51677699398715
2,0,0,0,0,0,0,3627,115.20880300668068,163.49736400297843,306.6070530039724,168.62089700589422
4,0,0,0,1,0,1,530,313.03381799079943,389.37987099052407,363.33477300649974,374.0040769916959
2,0,0,0,0,0,0,81,116.8790439987788,165.8215209899936,304.08370500663295,147.01284299371764
2,0,0,0,0,0,0,877,65.8251279965043,86.93666399631184,169.42271300649736,165.196662012022
2,0,0,0,0,0,0,4804,113.01852599717677,157.4800999951549,294.5196779910475,174.35822200786788
2,0,0,0,0,0,0,1556,110.76163200777955,156.57957500661723,297.39103600149974,156.84426500229165
2,0,0,0,0,0,0,3627,117.06245299137663,108.71392200351693,156.21870900213253,84.67557199764997
286,0,0,0,54,0,1,1,389.00730399473105,356.90951500146184,1709.7255720000248,194.24800999695435
3,0,0,0,0,0,0,433,121.64610500622075,167.67020999395754,310.44458999531344,157.6990359899355
36,0,0,0,1,0,1,1,152.61179700610228,184.7865029994864,420.2048760053003,168.87870999926236
1,0,0,0,0,0,0,8533,51.78168100246694,69.22061799559742,215.0193859997671,79.58804500231054
7,0,0,0,0,0,0,7,116.67524100630544,162.92923700530082,320.12286099779885,149.3533920001937
11,0,0,0,1,0,1,1,131.83454099635128,182.67847500101198,361.4552270009881,170.37710500881076
2,0,0,0,0,0,0,136,117.71943001076579,162.65810999902897,302.1618060010951,146.49036299670115
6,0,0,0,0,0,0,41,64.27070000790991,87.99621899379417,325.94400699599646,84.05480699730106
3,0,0,0,0,0,0,1862,123.71261100634001,173.52747400582302,321.0884959989926,170.10669999581296
2,0,0,0,0,0,0,348,117.3682149965316,163.4367980004754,298.93575099413283,147.63151499209926
1,0,0,0,0,0,0,303,59.21816099726129,81.04405300400686,261.8266680074157,146.9376419991022
1,0,0,0,0,0,0,1901,105.96528899623081,145.84545099933166,282.2153589950176,147.78953799395822
5,0,0,0,1,0,1,2,68.67589999455959,88.41454300272744,293.6422769998899,160.420176005573
7,0,0,0,0,0,0,4,125.32099700183608,171.43388799740933,300.0971430010395,151.98110400524456
7,0,0,0,0,0,0,1,119.48010099877138,164.20189299969934,315.62602099438664,147.12592099385802
53,0,0,0,4,0,1,1,554.8007330071414,533.5057420015801,694.7923699917737,388.48273300391156
1,0,0,0,0,0,0,8533,98.44196299673058,138.7244850047864,270.94263800245244,81.15821699902881
1,0,0,0,0,0,0,8399,78.92603700747713,106.84162599500269,241.99354600568768,155.20972599915694
1,0,0,0,0,0,0,9122,68.21041100192815,89.55513400724158,222.39422499842476,158.0060569976922
1,0,0,0,0,0,0,9230,53.62790799699724,68.83453000045847,199.99717999598943,149.83447499980684
23,0,0,0,4,0,1,1,67.319554000278,89.03344800637569,208.4984070097562,85.86490200832486
3,0,0,0,0,0,0,97,128.08491400210187,152.83761400496587,330.4246729967417,169.74550099985208
3,0,0,0,0,0,0,208,118.3273890055716,163.97429099015426,305.8333540102467,148.35822199529503
13,0,0,0,2,0,1,12,396.6125630104216,212.08960200601723,504.2914439982269,452.32464000582695
57,0,0,0,4,0,1,1,468.99664199736435,452.4758159968769,755.7047239970416,421.03200900601223
13,0,0,0,0,0,0,1,119.02948300121352,163.28901100496296,306.25796801177785,78.01372899848502
3,0,0,0,0,0,0,18,128.84457799373195,181.10417199204676,330.133798008319,167.8244420036208
16,0,0,0,1,0,1,46,675.765688996762,598.2626000040909,588.5536980058532,471.21731800143607
1,0,0,0,0,0,0,8399,79.2377600009786,107.93479401036166,245.04607600101735,156.58318799978588
2,0,0,0,0,0,0,1290,62.14788000215776,83.679152012337,297.11840400705114,157.26741700200364
3,0,0,0,1,0,1,594,364.64189500838984,437.49735299206804,546.0932059941115,462.7423159981845
2,0,0,0,0,0,0,1340,62.9111870075576,82.59291399735957,156.86352101329248,86.1414179962594
3,0,0,0,0,0,0,1626,131.61106999905314,182.94226299622096,328.9005149999866,173.49320799985435
8,0,0,0,0,0,0,1,117.8792139980942,165.62843599240296,320.8135200111428,150.2471670100931
1,0,0,0,0,0,0,9122,67.80093400448095,89.86416998959612,225.11757900065277,98.22082999744453
4,0,0,0,0,0,0,329,79.03778098989278,181.92836000525858,333.2442499959143,169.38193500391208
5,0,0,0,0,0,0,65,130.1332029979676,183.78544600273017,337.7343759930227,92.88293198915198
3,0,0,0,0,0,0,521,114.63181200088002,161.69120000267867,301.12838100467343,150.34859800653066
1,0,0,0,0,0,0,9122,66.12378200225066,86.83855900017079,218.86864500993397,157.80954899673816
10,0,0,0,1,0,1,1,64.95136200101115,167.0628740102984,288.66178198950365,147.29230500233825
4,0,0,0,1,0,1,86,396.3657160056755,207.52336000441574,579.2816479952307,199.617959005991
5,0,0,0,0,0,0,1,126.26331399951596,176.0853279993171,329.07281299412716,166.4328850019956
2,0,0,0,0,0,0,1607,112.197569993441,159.59252200264018,298.22837399842683,156.6965660022106
7,0,0,0,1,0,1,1,228.22016800637357,119.48337199282832,297.766571995453,88.09810900129378
1,0,0,0,0,0,0,9122,66.22253099340014,87.99553499557078,220.7970510062296,157.0142120035598
5,0,0,0,0,0,0,18,119.05078699055593,164.90381100447848,236.9711589999497,77.57975699496455
1,0,0,0,0,0,0,9230,54.056257009506226,68.77981200523209,196.555640999577,148.90069200191647
8,0,0,0,1,0,1,2,117.64597200090066,163.17092500685249,329.32503600022756,151.78670699242502
3,0,0,0,0,0,0,331,115.89670198736712,161.13713399681728,303.23160700208973,150.25026600051206
21,0,0,0,3,0,1,2,396.3631909864489,381.60541700199246,583.3833910000976,209.9610190052772
15,0,0,0,2,0,1,1,414.15689200221095,410.4995700035943,624.6685219957726,486.74757398839574
1,0,0,0,0,0,0,9914,81.5796780079836,110.90963899914641,244.5799410052132,161.17412500898354
5,0,0,0,1,0,1,92,128.74602701049298,180.858753999928,343.1091359962011,170.16294600034598
3,0,0,0,0,0,0,42,129.68280800851062,180.30801900022198,333.77153699984774,170.3964629996335
106,0,0,0,5,0,1,1,568.9288690045942,532.1385240094969,825.1518090110039,369.1205309878569
1,0,0,0,0,0,0,9914,80.88175200100522,108.08255001029465,243.8310610014014,160.72164601064287
18,0,0,0,1,0,1,1,121.5969229961047,172.88623000786174,359.9533929955214,155.00406200590078
1,0,0,0,0,0,0,8533,98.30440700170584,135.08516699948814,270.2044870093232,155.8579889970133
3,0,0,0,0,0,0,192,122.23461200483143,166.89778699947055,314.36234900320414,159.29615100321826
3,0,0,0,0,0,0,1448,116.389425995294,163.95219700643793,301.9265129987616,160.3343729948392
11,0,0,0,2,0,1,1,321.02181800291874,90.57940600905567,299.7003499913262,85.48082200286444
7,0,0,0,1,0,1,1,119.72814200271387,171.78534300182946,337.7807409997331,161.33302699017804
1,0,0,0,0,0,0,8399,78.76714300073218,106.40282499662135,237.58640099549666,155.0591120030731
2,0,0,0,0,0,0,1340,118.17224600235932,162.72023299825378,307.15688000782393,169.4590889965184
1,0,0,0,0,0,0,1190,112.34778199286666,154.47777199733537,219.85432200017385,100.03493299882393
1,0,0,0,0,0,0,8399,78.246040007798,67.44469999102876,137.15529299224727,156.9595839973772
2,0,0,0,0,0,0,4475,105.60572000395041,145.41038799507078,283.29425599076785,169.9672270042356
3,0,0,0,0,0,0,23,122.27017398981843,172.9117210052209,320.88587900216226,159.57367200462613
1,0,0,0,0,0,0,3085,54.95237000286579,73.37548199575394,143.32765599829145,130.86316800036002
5,0,0,0,0,0,0,12,117.84848201205023,145.6865780055523,160.07166799681727,102.8011919988785
3,0,0,0,0,0,0,18,117.51318599272054,164.39224600617308,311.0661329992581,152.1920509985648
7,0,0,0,0,0,0,6,88.96795100008603,189.9373540072702,353.14202899462543,173.42058700160123
4,0,0,0,0,0,0,49,125.2985839964822,171.12194700166583,318.3540510071907,154.56545900087804
4,0,0,0,0,0,0,53,131.15648699749727,183.34468100511003,335.44560900190845,170.92460399726406
4,0,0,0,1,0,1,530,369.343252008548,446.442130007199,459.2202750063734,368.08082900824957
17,0,0,0,1,0,1,2,394.31532500020694,182.50236399762798,607.3774670076091,172.9365850042086
8,0,0,0,1,0,1,66,401.6825599974254,339.7026299935533,332.2173390042735,298.2053229934536
5,0,0,0,1,0,1,21,129.90435000392608,171.70768699725159,329.24508200085256,155.28513299068436
287,0,0,0,13,0,1,1,466.0711780015845,710.6589220056776,1515.3262520034332,289.05780299101025
45,0,0,0,3,0,1,1,669.0334470040398,632.379217990092,625.2658080047695,380.3503699891735
3,0,0,0,0,0,0,1484,126.65931700030342,177.4330740008736,323.4310960106086,171.91136699693743
4,0,0,0,0,0,0,5,116.62175299716182,162.1761510032229,307.34332000429276,148.6194409953896
3,0,0,0,1,0,1,1445,270.45934899069835,327.10899198718835,420.50366100738756,349.7831260028761
29,0,0,0,2,0,1,2,475.0429389969213,487.92271499405615,524.2021909944015,229.93077299906872
1,0,0,0,0,0,0,9122,66.24256799113937,87.66442800697405,221.09137200459372,152.23071399668697
1,0,0,0,0,0,0,9122,66.19594601215795,88.39990900014527,218.6513990018284,155.47141300339717
3,0,0,0,0,0,0,608,118.08492100681178,166.40596999786794,306.5040549990954,150.94759500061627
2,0,0,0,0,0,0,2666,101.95410200685728,141.18143598898314,282.1479470003396,159.52827798901126
3,0,0,0,0,0,0,489,64.11602400476113,84.14646099845413,160.48601699003484,78.89362900459673
2,0,0,0,0,0,0,4804,110.49751400423702,155.63973000098485,298.3165920013562,174.2154140083585
3,0,0,0,0,0,0,39,127.07293700077571,179.4442280079238,326.43628399819136,167.97464599949308
2,0,0,0,0,0,0,4804,111.83751600037795,155.24465999624226,294.9792280123802,173.37193099956494
2,0,0,0,0,0,0,35,120.64882500271779,168.6202059936477,313.84055300441105,149.8877830017591
10,0,0,0,1,0,1,2,88.02720099629369,181.80350100737996,358.0649950017687,169.32623999309726
5,0,0,0,0,0,0,3,129.64957200165372,183.49076600861736,338.03693899244536,170.77923798933625
1,0,0,0,0,0,0,9230,54.33596600778401,70.27087800088339,204.19998400029726,152.09964399400633
2,0,0,0,0,0,0,4804,111.65401899779681,158.83910800039303,297.95445199124515,160.8484460011823
1,0,0,0,0,0,0,9230,52.97069001244381,69.41127699974459,196.95670600049198,116.14712100708857
3,0,0,0,0,0,0,1484,93.17215699411463,174.89818800822832,320.221464993665,169.55875600979198
13,0,0,0,2,0,1,54,124.80339300236665,162.69706599996425,265.3744350100169,76.57155499327928
5,0,0,0,0,0,0,4,122.42371700995136,175.3225040010875,253.70939999993425,157.50315399782266
5,0,0,0,1,0,1,11,213.97393599909265,183.466809001402,467.71353999793064,87.9769619932631
4,0,0,0,0,0,0,323,88.23524300532881,178.61201099003665,331.83343599375803,170.99533599684946
1,0,0,0,0,0,0,8399,80.48791700275615,108.31356000562664,243.9713200001279,156.02284300257452
31,0,0,0,4,0,1,1,561.8298159970436,529.9872909963597,586.0627060028492,398.747254992486
3,0,0,0,0,0,0,342,119.16191599448211,163.59857299539726,306.35999600053765,147.98996500030626
8,0,0,0,2,0,1,1,372.2723969985964,186.07659298868384,574.1429629997583,175.27449800400063
6,0,0,0,0,0,0,2,130.1340439968044,188.8921939971624,243.11046200455166,86.74707901082002
2,0,0,0,0,0,0,1827,107.82607199507765,148.60090998990927,289.8912980017485,149.45928700035438
52,0,0,0,9,0,1,1,435.13513599464204,459.83050600625575,723.2788880064618,237.1355760114966
45,0,0,0,7,0,1,1,359.4057709997287,184.91874099709094,688.4933850087691,178.93277300754562
34,0,0,0,8,0,1,1,133.5265540110413,178.7829880049685,469.10803799983114,111.61545300274156
3,0,0,0,0,0,0,410,66.77294100518338,100.82578199217096,324.9544060090557,168.79625400179066
82,0,0,0,10,0,1,1,388.91052299004514,386.94537700212095,875.009958006558,158.73258200008422
3,0,0,0,0,0,0,368,118.18154099455569,169.2189790046541,313.36397099948954,157.3963789996924
42,0,0,0,8,0,1,1,202.63616301235743,323.5329739982262,604.6507110004313,189.81941799574997
30,0,0,0,2,0,1,1,688.7126310029998,658.5958820069209,551.91396799637,383.29589599743485
2,0,0,0,0,0,0,4804,111.17901399848051,156.38634700735565,298.27278399898205,175.92464199697133
3,0,0,0,0,0,0,34,66.86753699614201,89.57087399903685,165.13333900365978,85.50725399982184
4,0,0,0,1,0,1,79,119.04897299245931,167.95750000164844,316.14086699846666,152.3079040052835
2,0,0,0,0,0,0,3532,110.8720829943195,153.63618900300935,291.37874400475994,168.6418559984304
6,0,0,0,1,0,1,1,288.80556199874263,137.77425199805293,559.0363800001796,174.67483899963554
5,0,0,0,0,0,0,155,131.9865889963694,175.5973319959594,171.80671499227174,86.80611099407542
1,0,0,0,0,0,0,1511,109.64372199669015,153.5316389927175,288.7525140104117,149.1259160102345
4,0,0,0,0,0,0,123,133.592359998147,185.79419500019867,338.9003589982167,171.08242800168227
1,0,0,0,0,0,0,1511,109.83811999903992,96.0018319892697,146.3741250045132,74.80289798695594
4,0,0,0,1,0,1,27,367.65801699948497,185.51672100147698,545.8933570043882,176.55395800829865
12,0,0,0,2,0,1,4,66.16919199586846,148.50369399937335,346.98113599733915,144.6874320099596
2,0,0,0,0,0,0,4804,112.5998319912469,158.57644099742174,297.3182319983607,173.30449700239114
53,0,0,0,6,0,1,1,488.9047320029931,455.6893879926065,676.4326809934573,157.07043001020793
2,0,0,0,0,0,0,2326,122.79669599956833,169.70901199965738,279.4326400035061,88.32911400531884
2,0,0,0,0,0,0,1827,107.72216100303922,152.45157000026666,285.75150700635277,149.03575800417457
1,0,0,0,0,0,0,9122,35.760535989538766,44.94038900884334,115.85684100282378,81.08344899665099
3,0,0,0,0,0,0,42,131.24112100922503,182.46693100081757,336.5202999993926,172.4996949924389
7,0,0,0,1,0,1,1,129.99565500649624,171.44498399284203,336.8096019985387,154.79393099667504
4,0,0,0,1,0,1,461,304.2205039964756,173.67050399479922,431.7052340047667,95.1256169937551
3,0,0,0,0,0,0,1484,123.63468699913938,174.58074299793225,319.82340100512374,172.30375100916717
2,0,0,0,0,0,0,1340,117.0736900094198,159.68356998928357,301.07614600274246,167.0815749967005
2,0,0,0,0,0,0,371,122.5225920061348,177.07126699679065,318.49827099358663,162.762993000797
25,0,0,0,8,0,1,3,413.3521220064722,395.9717390098376,680.2046359953238,226.79776900622528
1,0,0,0,0,0,0,8533,98.20986799604725,136.1526520049665,272.67115699942224,155.80724099709187
1,0,0,0,0,0,0,9122,35.98491699085571,69.02966900088359,219.3817359948298,157.24843699717894
105,0,0,0,19,0,1,1,130.82989600661676,173.84702200070024,665.454387999489,158.1893980037421
2,0,0,0,0,0,0,35,119.26120199495926,173.20663399004843,311.31806199846324,154.95513500354718
2,0,0,0,0,0,0,3532,69.09566899412312,77.52286200411618,150.09697199275251,86.2824599898886
1,0,0,0,0,0,0,8399,78.51499599928502,105.6780500075547,238.12485601229127,156.86570100660902
2,0,0,0,0,0,0,3095,60.85784800234251,102.17717800696846,296.4819929911755,169.30636299366597
2,0,0,0,0,0,0,4475,104.30348299269099,142.86753100168426,284.0647179982625,170.53240200039
4,0,0,0,0,0,0,384,129.0132919966709,179.63570400024764,336.4391070062993,171.22138899867423
5,0,0,0,1,0,1,4,123.92520099820103,171.63720000826288,224.9486020009499,157.9312719986774
4,0,0,0,0,0,0,17,122.37948999973014,171.96361999958754,317.5467739929445,156.81898900948
2,0,0,0,0,0,0,3532,113.14546500216238,153.58923700114246,295.64910000772215,172.82009999325965
1,0,0,0,0,0,0,9122,67.42819600913208,88.37594100623392,224.80586700839922,156.43065200129058
2,0,0,0,0,0,0,1998,110.78116401040461,154.1930319945095,300.81432400038466,171.49538999365177
6,0,0,0,0,0,0,12,119.5084329956444,165.7333790062694,247.34653999621514,76.51104799879249
8,0,0,0,0,0,0,1,122.09569200058468,168.4577080013696,330.26992599479854,156.75773299881257
3,0,0,0,0,0,0,42,134.896210001898,182.87143400812056,333.9395759976469,168.6008129909169
2,0,0,0,0,0,0,348,119.98363099701237,161.98655900370795,301.48341599851847,148.50260299863294
2,0,0,0,0,0,0,1556,127.4796109937597,158.64635600883048,298.7100210011704,156.19693700864445
2,0,0,0,0,0,0,3532,113.19036500935908,151.59838400722947,294.3318400066346,168.29489399970043
2,0,0,0,0,0,0,2666,100.39743599190842,138.39499099412933,194.35774300654884,80.4794769937871
13,0,0,0,2,0,1,1,371.6041300067445,181.2403700023424,506.371230003424,173.2202999992296
2,0,0,0,0,0,0,4804,114.23669398936909,159.29430800315458,298.5371429967927,175.73715499020182
45,0,0,0,4,0,1,1,309.2082240036689,391.68417600740213,694.3648950109491,410.4194319952512
1,0,0,0,0,0,0,8533,100.53908999543637,137.39000201167073,276.5744139906019,156.16191599110607
5,0,0,0,0,0,0,4,129.17107599787414,181.09903000004124,339.892896998208,170.26949499268085
22,0,0,0,5,0,1,1,483.8182039966341,453.0589559872169,476.0520670097321,188.4544030035613
2,0,0,0,0,0,0,4804,114.23852000734769,157.42367401253432,294.9250720121199,176.4976359991124
1,0,0,0,0,0,0,8533,101.26608700375073,135.6714109861059,273.1719950097613,153.77096500014886
3,0,0,0,0,0,0,588,65.74411899782717,145.99314500810578,326.41793599759694,169.18295600044075
3,0,0,0,0,0,0,208,117.63351199624594,160.74668199871667,250.03661899245344,74.41912700596731
1,0,0,0,0,0,0,8399,79.04660399071872,106.54947398870718,239.4943319959566,156.9837510032812
3,0,0,0,0,0,0,42,65.69622800452635,89.57390999421477,167.76082299475092,85.96757199848071
2,0,0,0,0,0,0,3160,117.2507800074527,162.69533599552233,300.25589000433683,155.48549199593253
15,0,0,0,2,0,1,1,128.06586299848277,178.05220899754204,376.2623939983314,170.80445800093003
41,0,0,0,8,0,1,1,129.86370899307076,171.42239300301298,480.03337100089993,157.35826799937058
2,0,0,0,0,0,0,4804,114.71055400033947,156.5614009887213,296.47555500559974,175.70784999406897
42,0,0,0,7,0,1,1,120.03348699363414,184.68481200397946,490.1797400088981,172.76465600298252
3,0,0,0,0,0,0,277,131.16321900452022,180.37808600638527,331.5530419931747,171.95236899715383
3,0,0,0,0,0,0,12,60.011515000951476,81.74508999218233,245.61616200662684,148.16480899753515
17,0,0,0,4,0,1,2,394.36751400353387,390.5918410018785,555.3771660052007,342.0702340081334
99,0,0,0,19,0,1,1,134.90782500593923,183.21114999707788,734.8300230078166,173.99016399576794
50,0,0,0,4,0,1,1,730.6814159965143,757.2202890005428,458.98428600048646,176.28842798876576
2,0,0,0,0,0,0,2666,101.48451800341718,136.82337998761795,275.3484160057269,156.8027800094569
1,0,0,0,0,0,0,8533,98.20338399731554,135.6901690014638,272.77851599501446,156.1033390025841
2,0,0,0,0,0,0,4804,112.40035999799147,157.64956900966354,292.5569950020872,104.63495399744716
8,0,0,0,1,0,1,1,375.62768600764684,184.68670900620054,482.9106889956165,138.52918799966574
5,0,0,0,0,0,0,2,129.26067700027488,184.43238201143686,334.6093950094655,171.7838590120664
8,0,0,0,1,0,1,1,87.47179000056349,86.9125629978953,335.18886800447945,160.3644550050376
7,0,0,0,1,0,1,2,127.5554580060998,172.24303301190957,342.6549750001868,160.180175997084
6,0,0,0,1,0,1,1,135.7714330079034,184.69257300603203,348.69706600147765,169.72909300238825
12,0,0,0,3,0,1,1,120.96308299805969,169.51531599625014,363.01756399916485,156.84720600256696
1,0,0,0,0,0,0,9122,65.87755899818148,87.44464999472257,219.64771699276753,157.43571800703648
2,0,0,0,0,0,0,1320,118.0347659974359,169.35932899650652,305.5638649966568,157.71510000922717
5,0,0,0,0,0,0,17,132.10544700268656,189.76211099652573,178.5240980098024,90.48749500652775
1,0,0,0,0,0,0,4295,108.00604498945177,149.95368600648362,211.57498500542715,78.31193000311032
3,0,0,0,1,0,1,1445,139.4990959961433,259.43771698803175,426.91315500997007,319.102577996091
15,0,0,0,3,0,1,5,378.591917004087,375.8714600116946,553.0337810050696,188.8202120026108
3,0,0,0,0,0,0,521,118.90297300124075,162.68384100112598,305.58108299737796,149.34631700452883
4,0,0,0,0,0,0,78,132.71767098922282,181.8957610084908,334.8255309974775,143.2509040023433
2,0,0,0,0,0,0,3532,109.50198999489658,153.38905800308567,291.70430499652866,169.66323800443206
4,0,0,0,0,0,0,319,72.24365600268357,82.55416400788818,157.14239500812255,76.98587499908172
6,0,0,0,0,0,0,1,63.379626008099876,152.41558599518612,314.4806110067293,149.47618600854184
9,0,0,0,1,0,1,1,121.67973900795914,167.65289499016944,341.16884200193454,157.02248600427993
2,0,0,0,0,0,0,1320,118.74073700164445,166.90615999686997,304.30114999762736,154.1950819955673
2,0,0,0,0,0,0,4804,116.51238000195008,156.5372750046663,297.4001609982224,172.96969798917416
74,0,0,0,8,0,1,1,284.9352519988315,509.64208200457506,826.6035780106904,353.19033300038427
66,0,0,0,4,0,1,1,725.6552230101079,691.3457970076706,790.818138004397,472.86545200040564
8,0,0,0,2,0,1,9,414.93703599553555,405.3100839955732,516.0110470023938,391.80793600098696
3,0,0,0,0,0,0,521,117.62122900108807,161.36673699656967,306.23201600974426,149.0007329994114
4,0,0,0,1,0,1,375,119.38183900201693,164.92530300456565,317.39105099404696,176.94768200453836
2,0,0,0,0,0,0,3160,118.46954000066034,165.90259500662796,306.1133390001487,156.02268600196112
2,0,0,0,0,0,0,281,116.9056780054234,159.2563909944147,297.0338349987287,145.9847880032612
4,0,0,0,1,0,1,295,315.3165809926577,499.89468199783005,522.0140739984345,433.83665099099744
5,0,0,0,1,0,1,18,194.84495899814647,93.6047479917761,543.2668990106322,173.6803730018437
1,0,0,0,0,0,0,4295,106.8514399958076,146.80139200936537,286.26245399937034,85.88336300454102
6,0,0,0,0,0,0,15,118.62933800148312,165.06195199326612,317.19953499850817,151.0892939986661
23,0,0,0,2,0,1,3,682.0416179980384,645.3466620005202,665.8059799956391,500.59834799321834
1,0,0,0,0,0,0,9230,54.08458600868471,69.43498100736178,201.37309799611103,152.38813200267032
4,0,0,0,0,0,0,164,119.88290800945833,171.66269299923442,318.1537039927207,159.59963500790764
7,0,0,0,0,0,0,11,128.41409498651046,184.67749599949457,347.15008600323927,170.77616600727197
2,0,0,0,0,0,0,1556,59.72890699922573,78.58262899389956,205.68161900155246,159.27937599190045
3,0,0,0,1,0,1,125,222.4093449913198,257.2495509957662,372.72506799490657,465.2908319985727
2,0,0,0,0,0,0,1556,114.86073999549262,160.5463359883288,297.2289060126059,158.996339989244
52,0,0,0,3,0,1,1,451.25844700669404,445.8381360018393,737.3563750006724,452.58266500604805
22,0,0,0,2,0,1,1,131.33323099464178,180.64911100373138,402.70861200406216,172.38162300782278
3,0,0,0,0,0,0,1484,123.7534709944157,178.04644600255415,318.01544201152865,171.63870799413417
3,0,0,0,0,0,0,650,118.89800199423917,164.43048301152885,304.7237629943993,151.64815400203224
5,0,0,0,1,0,1,2,377.4028980114963,183.62651199277025,560.9617280133534,171.5334219916258
6,0,0,0,0,0,0,3,120.29270100174472,169.82571400876623,326.4519969961839,156.33327700197697
74,0,0,0,8,0,1,1,287.8452660079347,270.4169520002324,428.34668699651957,179.15019700012635
48,0,0,0,11,0,1,1,125.8756600000197,164.79661100311205,521.061749997898,147.73741899989545
3,0,0,0,0,0,0,1484,124.9138720013434,173.8566610001726,321.60936400759965,97.7523059991654
7,0,0,0,1,0,1,4,396.65113600494806,206.71276100620162,544.0804989921162,165.50746400025673
1,0,0,0,0,0,0,8533,51.237146006315015,67.93408299563453,139.2998590017669,79.54007400257979
26,0,0,0,5,0,1,1,365.13198699685745,184.58288800320588,617.583316998207,177.9537469992647
6,0,0,0,0,0,0,125,121.06539300293662,173.98492300708313,324.6623779996298,163.71417698974255
29,0,0,0,5,0,1,1,148.33509500022046,180.52484501095023,455.0851399981184,169.5016010053223
3,0,0,0,0,0,0,286,121.6722090030089,173.28495399851818,316.65279499429744,156.3278999965405
2,0,0,0,0,0,0,4475,107.30536600749474,146.61043700471055,285.71815400209744,170.52761498780455
7,0,0,0,1,0,1,12,130.77381800394505,172.60145100590307,282.10401799879037,168.97539798810612
3,0,0,0,0,0,0,246,65.86736299504992,88.5553069965681,163.2370000006631,88.12374999979511
15,0,0,0,2,0,1,2,384.9019369954476,352.5475959904725,589.1031820065109,189.97533299261704
6,0,0,0,1,0,1,1,118.94707199826371,163.6071419925429,315.5152739927871,144.6325850120047
7,0,0,0,2,0,1,113,330.3444299963303,173.3572590019321,514.8888460098533,180.21049100207165
3,0,0,0,0,0,0,7,123.67177401029039,168.38266501144972,314.1192399925785,151.34851199400146
3,0,0,0,0,0,0,1862,122.22584499977529,171.42455399152823,321.84620799671393,170.5145579908276
29,0,0,0,2,0,1,1,666.7199000075925,598.5779079928761,532.1809119923273,188.74516400683206
2,0,0,0,0,0,0,3627,60.896388997207396,82.11926999501884,155.47167499607895,86.83755999663845
3,0,0,0,0,0,0,1626,131.47717001265846,181.13649199949577,332.47064500756096,174.30663699633442
7,0,0,0,1,0,1,6,130.27360099658836,181.4133150037378,344.71884300000966,169.36272000020836
5,0,0,0,1,0,1,405,423.936221995973,499.6264329965925,530.8342889911728,436.1967129952973
2,0,0,0,0,0,0,360,115.02980699879117,163.22392399888486,300.5495839897776,149.0428899996914
3,0,0,0,0,0,0,368,120.79916198854335,168.76045100798365,312.64297300367616,157.58466800616588
3,0,0,0,0,0,0,14,121.1321449954994,92.79770500143059,258.2341960078338,154.03922900441103
1,0,0,0,0,0,0,8533,51.27054400509223,68.13305200194009,139.57446099084336,78.76218999444973
12,0,0,0,3,0,1,5,442.80215600156225,453.277288004756,394.5654459967045,388.77891401352827
4,0,0,0,1,0,1,61,128.61815800715704,178.10123598610517,324.61161600076593,160.46325200295541
2,0,0,0,0,0,0,3160,118.97096999746282,160.5030360078672,299.956493996433,154.64666100160684
9,0,0,0,1,0,1,2,121.08341600105632,165.71186599321663,336.6916639934061,153.1453690113267
1,0,0,0,0,0,0,9914,43.81662300147582,55.40731600194704,125.70790499739815,81.5317899978254
1,0,0,0,0,0,0,9230,52.97092400724068,67.35406701045576,197.6361499982886,151.2378479965264
1,0,0,0,0,0,0,9914,82.12825200462248,111.08160299772862,243.71005500142928,159.6563339990098
7,0,0,0,0,0,0,2,129.26773600338493,179.72967099922244,337.7466230012942,167.28309101017658
3,0,0,0,0,0,0,473,123.01790299534332,168.7733529979596,241.2685899907956,81.823049011291
38,0,0,0,9,0,1,1,116.35821100207977,159.18004199920688,462.29752199724317,145.4225729976315
4,0,0,0,0,0,0,5,61.72157500986941,82.06859699566849,239.29764599597547,148.0636129999766
3,0,0,0,0,0,0,1626,129.397800003062,177.60638700565323,326.59613399300724,170.82372300501447
14,0,0,0,2,0,1,1,126.07288200524636,161.79301700321957,358.76450801151805,148.4084540134063
11,0,0,0,2,0,1,1,75.07995200285222,90.40498599642888,184.83573499543127,86.23740999610163
2,0,0,0,0,0,0,1827,110.15896599565167,152.49304998724256,286.0767520032823,149.48703200207092
36,0,0,0,7,0,1,1,396.7697030020645,395.0531489972491,739.7620179981459,234.91851201106329
3,0,0,0,0,0,0,3,121.63243899703957,169.27427999326028,311.61340499238577,150.66724400094245
2,0,0,0,0,0,0,536,123.07013999088667,166.73254400666337,311.154691997217,157.47972100507468
74,0,0,0,8,0,1,1,556.2261720042443,524.4243479974102,827.6217419916065,352.5683210027637
18,0,0,0,4,0,1,1,504.6090669929981,479.8448189976625,556.3667120004538,95.75454499281477
2,0,0,0,0,0,0,72,117.04229399038013,161.936139993486,303.61189199902583,146.09156901133247
22,0,0,0,4,0,1,1,126.70164799783379,176.47507699439302,409.86625698860735,166.97364499850664
2,0,0,0,0,0,0,4475,107.3398729931796,147.10353600094095,157.12329899542965,106.33456500363536
5,0,0,0,0,0,0,3,116.47939099930227,169.07278400321957,311.30695799947716,151.57379599986598
7,0,0,0,0,0,0,229,128.84698501147795,175.47387900413014,290.0508400052786,177.96831000305247
3,0,0,0,0,0,0,1626,96.739990010974,182.4335129931569,332.0893370109843,173.81300800479949
36,0,0,0,7,0,1,1,204.15730799140874,320.16419900173787,580.8126490010181,188.73149999126326
2,0,0,0,0,0,0,3532,111.53585500142071,149.7619889996713,151.69614501064643,86.71365099144168
3,0,0,0,0,0,0,25,127.97959400631953,182.06079500669148,324.39299099496566,164.82380300294608
36,0,0,0,3,0,1,1,605.829801002983,568.017436991795,569.0348960051779,155.06178099894896
1,0,0,0,0,0,0,9122,66.34093199681956,86.71324900933541,220.4787450027652,156.59530799894128
5,0,0,0,1,0,1,277,372.2822010022355,184.871852005017,530.9203840006376,178.66227100603282
4,0,0,0,1,0,1,461,304.97330000798684,174.8671869863756,464.23067299474496,187.25913600064814
1,0,0,0,0,0,0,2186,109.74818401155062,150.37317099631764,290.40237099980004,149.5451919909101
4,0,0,0,0,0,0,123,118.50430599588435,166.7224900011206,314.9839309917297,152.08861899736803
32,0,0,0,3,0,1,2,573.5634770098841,493.4631329961121,640.9871609939728,443.14115299494006
3,0,0,0,0,0,0,588,124.24619699595496,174.54381499555893,322.5082319986541,170.44159599754494
2,0,0,0,0,0,0,452,112.47178100165911,176.75371299264953,321.3968490017578,165.25059800187591
6,0,0,0,0,0,0,14,98.53525899234228,179.82996499631554,339.0082510013599,169.2636469961144
11,0,0,0,1,0,1,1,119.71224599983543,164.49500800808892,334.88776699232403,149.68599200074095
1,0,0,0,0,0,0,9122,66.38224500056822,86.68269700137898,220.24618100840598,159.3836630054284
3,0,0,0,0,0,0,527,122.0070260023931,170.80132699629758,231.74545299843885,170.3722789970925
32,0,0,0,7,0,1,1,242.5053869956173,231.81617101363372,379.03613600065,171.87330800516065
1,0,0,0,0,0,0,8399,78.70243699289858,107.27036400930956,239.8193050030386,155.13552499760408
5,0,0,0,1,0,1,4,123.6681430018507,163.16757700406015,321.3609649974387,149.67922399227973
2,0,0,0,0,0,0,1556,111.6440350015182,157.3534130002372,302.7171159919817,157.66217299096752
1,0,0,0,0,0,0,9122,66.59220700385049,89.39138500136323,220.83095500420313,159.60394399007782
1,0,0,0,0,0,0,8399,78.07393700932153,106.3959530001739,238.45185099344235,156.25706099672243
10,0,0,0,1,0,1,15,123.5812989907572,161.98714700294659,336.9356159964809,116.12845699710306
3,0,0,0,0,0,0,1484,124.44181299360935,174.53291499987245,321.65869600430597,173.0599549919134
90,0,0,0,4,0,1,1,704.7775169921806,726.1286720022326,732.4334659933811,367.7646010037279
2,0,0,0,0,0,0,3160,62.480380991473794,111.15366099693347,276.7677170049865,153.79510998900514
7,0,0,0,0,0,0,229,126.63886799418833,179.5429019985022,329.9203099886654,183.4949279873399
3,0,0,0,0,0,0,2044,120.75867799285334,169.88885999307968,316.00092600274365,169.9818979977863
2,0,0,0,0,0,0,1607,112.57000199111644,156.51262098981533,300.32931599998847,159.9292970058741
3,0,0,0,0,0,0,410,125.4355690034572,179.5992700062925,326.5793600003235,167.94744700018782
1,0,0,0,0,0,0,8533,99.0364489989588,135.85716699890327,272.25943699886557,155.2506669977447
4,0,0,0,1,0,1,118,368.7186970055336,205.56134599610232,548.5903009976028,193.71588599460665
2,0,0,0,0,0,0,1320,63.20544799382333,84.26896600576583,202.7558219997445,158.6105129972566
54,0,0,0,13,0,1,1,133.46768499468453,180.41536799864843,561.9837200065376,166.87960700073745
6,0,0,0,2,0,1,316,312.47693799377885,269.15422998717986,257.34595098765567,183.86201500834431
1,0,0,0,0,0,0,3085,101.1473549879156,142.23251200746745,274.5425629982492,148.52519799023867
1,0,0,0,0,0,0,9230,53.65963299118448,67.6284489891259,200.02364800893702,154.1586380044464
93,0,0,0,16,0,1,1,192.85268199746497,91.7117880017031,849.3599469948094,172.32057300861925
3,0,0,0,0,0,0,13,125.25122800434474,177.30776499956846,324.87330900039524,157.5591139990138
1,0,0,0,0,0,0,9914,80.4336989967851,110.21614300261717,243.7523760017939,161.24685399699956
2,0,0,0,0,0,0,1827,111.16011600825004,151.0733750037616,288.31684798933566,151.06300500337966
7,0,0,0,0,0,0,1,66.79358799010515,87.66948799893726,316.4696159947198,162.7758789982181
12,0,0,0,2,0,1,55,367.1894729923224,184.79432599269785,513.4592649992555,180.905144996359
5,0,0,0,0,0,0,1,123.6761130130617,127.60604200593662,215.08240900584497,80.90631000231951
5,0,0,0,1,0,1,1,117.225399997551,160.30544199747965,317.1825629979139,144.95237301161978
2,0,0,0,0,0,0,72,118.77905600704253,161.30318999057636,303.20886500703637,147.00216600613203
2,0,0,0,0,0,0,1607,116.3711900007911,142.8027419897262,287.45162500126753,157.90493499662261
289,0,0,0,55,0,1,1,311.1471629963489,357.6391149981646,1725.922455007094,192.83385999733582
4,0,0,0,0,0,0,248,67.82842701068148,91.53558799880557,169.52129600394983,86.64854399103206
3,0,0,0,1,0,1,16,368.3522899955278,231.44032500567846,479.0228509955341,459.7226299956674
3,0,0,0,0,0,0,1484,124.97939600143582,175.59211800107732,322.5384459947236,170.26213200006168
1,0,0,0,0,0,0,9914,81.54991699848324,111.46811200887896,249.56587799533736,159.82244900078513
15,0,0,0,2,0,1,1,127.6124760042876,176.87457898864523,374.88571100402623,166.74620199773926
3,0,0,0,0,0,0,521,59.80594600259792,81.32232799835037,154.59823299897835,139.24598599260207
3,0,0,0,0,0,0,1626,128.29846701060887,180.8600980002666,266.6133960010484,89.4316699996125
5,0,0,0,0,0,0,6,117.58468400512356,166.50852099701297,309.88137899839785,145.1643710024655
4,0,0,0,0,0,0,5,116.87888999585994,162.60114299075212,312.0268670027144,152.3080180049874
4,0,0,0,1,0,1,534,311.15857099939603,176.8481529870769,485.7966230047168,193.4821319882758
13,0,0,0,2,0,1,1,459.2795799981104,445.9924900002079,604.967260005651,451.4302400057204
281,0,0,0,58,0,1,1,332.31436600908637,388.7551030056784,1628.6817460058955,108.64697300712578
15,0,0,0,3,0,1,1,132.09548800659832,175.57275299623143,374.91786100144964,156.0265490115853
6,0,0,0,1,0,1,44,121.68306300009135,166.00723400188144,326.6016529960325,150.27981001185253
7,0,0,0,1,0,1,6,129.77451299957465,124.6972340013599,179.46790299902204,88.5282380040735
2,0,0,0,0,0,0,4804,59.877930994844064,79.60407900100108,276.5560600091703,173.00902599527035
9,0,0,0,2,0,1,1,117.92442799196579,166.62126999290194,340.18923999974504,149.2816079990007
136,0,0,0,13,0,1,1,557.903010994778,537.0197220036061,1000.4348160000518,281.55652100394946
2,0,0,0,0,0,0,3532,57.2318449994782,79.9239799962379,165.72257300140336,168.92515298968647
1,0,0,0,0,0,0,8533,99.19132800132502,138.1787499994971,176.33397999452427,79.22262200736441
9,0,0,0,1,0,1,15,129.65275000897236,182.6916260033613,360.1813949935604,180.292481003562
12,0,0,0,1,0,1,23,447.2016049985541,531.590120997862,617.1317319967784,505.5922460014699
8,0,0,0,1,0,1,66,402.20973700343166,472.2125779953785,646.1122290056664,545.9918969863793
2,0,0,0,0,0,0,1340,115.78237400681246,161.09959699679166,302.5965440028813,166.89524899993557
19,0,0,0,2,0,1,1,416.3931539951591,483.8037239969708,606.134874993586,452.44896499207243
2,0,0,0,0,0,0,1340,117.99070799315814,161.0074460040778,305.03085399686825,169.92417200526688
5,0,0,0,0,0,0,51,68.28627899813,91.3059790036641,173.6075459921267,87.20773800450843
1,0,0,0,0,0,0,9914,81.24213900009636,109.50656500062905,243.56741800147574,159.9656159960432
1,0,0,0,0,0,0,9230,53.84254398813937,69.18308399326634,195.93739799165633,151.3469079945935
3,0,0,0,0,0,0,1484,124.71509599708952,175.45965299359523,322.89534200390335,172.37300200213213
35,0,0,0,3,0,1,1,603.3118859922979,627.6570030022413,649.7534060035832,426.1340550001478
2,0,0,0,0,0,0,4804,114.67895399255212,157.85666600277182,301.9567390001612,175.45585399784613
3,0,0,0,0,0,0,1484,65.79563999548554,88.27241699327715,315.17781599541195,170.97078800725285
43,0,0,0,4,0,1,1,574.4917730044108,541.8144739960553,703.8475290028146,414.8845810123021
7,0,0,0,1,0,1,2,375.0334919895977,183.29158599954098,565.8703389926814,174.7099029889796
3,0,0,0,0,0,0,1862,123.04700100503396,171.4308710070327,316.2547599931713,167.89312999753747
2,0,0,0,0,0,0,1827,110.82893999991938,151.38666599523276,288.01977199327666,148.9461239980301
1,0,0,0,0,0,0,9914,82.27063200320117,108.39655699965078,242.4840210005641,93.01196500018705
3,0,0,0,0,0,0,1448,113.62728899985086,161.02353599853814,302.57674799941014,158.8209059991641
3,0,0,0,0,0,0,1862,124.10973198711872,175.22668800665997,315.9174129978055,172.56596400693525
4,0,0,0,0,0,0,123,63.976888995966874,87.02786700450815,158.95163599634543,77.9954150057165
1,0,0,0,0,0,0,3085,104.25488800683524,144.2405589914415,281.322413997259,150.53220000118017
5,0,0,0,0,0,0,6,123.4560120064998,168.08452700206544,317.7990700060036,152.39978099998552
1,0,0,0,0,0,0,87,117.55613799323328,162.14413600391708,297.6943630055757,146.93589799571782
7,0,0,0,1,0,1,3,129.63593899621628,173.12272799608763,339.7768779977923,157.17187900736462
10,0,0,0,1,0,1,85,250.3058769943891,282.70666900789365,465.95323500514496,435.39312698703725
5,0,0,0,0,0,0,54,133.66331200813875,185.45679999806453,343.48757000407204,172.9710819927277
58,0,0,0,11,0,1,1,135.85385099577252,185.35099999280646,567.2399070026586,176.39475299802143
1,0,0,0,0,0,0,8533,51.098550989991054,68.11390700750053,140.25173700065352,78.70420400286093
3,0,0,0,0,0,0,521,61.49470999662299,109.65314399800263,299.2460539971944,148.7071029987419
1,0,0,0,0,0,0,9230,53.90470199927222,68.92162500298582,196.84282799426,149.7876250068657
4,0,0,0,1,0,1,408,124.85192199528683,173.58507300377823,321.80581300053746,163.14445200259797
4,0,0,0,0,0,0,102,122.43120701168664,171.20866700133774,320.9654230013257,159.76226900238544
4,0,0,0,1,0,1,530,356.47917599999346,436.31915700098034,469.17217299051117,380.7728829997359
1,0,0,0,0,0,0,9230,29.80795400799252,35.48839301220141,103.47962900414132,107.65256400918588
5,0,0,0,0,0,0,1,122.9986599937547,173.1090260000201,331.1788019927917,163.58295100508258
3,0,0,0,0,0,0,21,127.75074799719732,177.0883160061203,326.28297799965367,164.99958600616083
3,0,0,0,0,0,0,208,117.64608000521548,162.00472599302884,305.35732800490223,148.28592099365778
3,0,0,0,0,0,0,111,122.94928000483196,170.10715100332163,309.9219650030136,150.61273500032257
2,0,0,0,0,0,0,3160,61.28321299911477,81.47919501061551,153.86761700210627,78.58814900100697
2,0,0,0,0,0,0,4804,116.64454200945329,161.86935300356708,294.4157959864242,171.4907760033384
3,0,0,0,0,0,0,37,117.72904399549589,165.0041870016139,308.0490779975662,148.8671660044929
9,0,0,0,2,0,1,1,367.57436400512233,186.9179589994019,542.9251979949186,175.4719419986941
5,0,0,0,0,0,0,21,124.48902300093323,175.5304270045599,330.17944799212273,165.94146999705117
5,0,0,0,0,0,0,1,125.75900400406681,168.5259939986281,170.15871999319643,85.6117740040645
34,0,0,0,6,0,1,1,153.58418600226287,189.96605099528097,468.297644998529,168.45948199625127
2,0,0,0,0,0,0,4804,112.33908799476922,157.5143840018427,298.57763000472914,173.26820899324957
4,0,0,0,0,0,0,491,129.6652970049763,180.9358980099205,334.5527150086127,172.34585700498428
3,0,0,0,0,0,0,1484,124.65757799509447,175.29233600362204,321.0219640022842,89.18610199179966
3,0,0,0,0,0,0,579,89.0046929998789,179.51961899234448,328.8155540067237,170.13310801121406
1,0,0,0,0,0,0,9122,66.73232300090604,89.55443200829905,219.766484995489,156.7434320022585
1,0,0,0,0,0,0,9122,66.50683500629384,86.90113099873997,220.30107500904705,133.10806499794126
2,0,0,0,0,0,0,3627,115.89697799354326,167.46936400886625,302.3441880068276,167.79645399947185
40,0,0,0,6,0,1,1,72.64167499670293,94.92017699813005,399.42962799977977,175.1292429980822
3,0,0,0,0,0,0,84,119.28176500077825,167.07535399473272,314.7219539969228,156.762892002007
3,0,0,0,0,0,0,521,115.26573500304949,160.55595299985725,304.058341003838,151.1874749994604
4,0,0,0,0,0,0,2,66.09782799205277,137.02125300187618,233.1897379917791,85.85634200426284
3,0,0,0,1,0,1,180,361.48110900830943,438.49584099370986,544.3792900041444,458.92919799371157
2,0,0,0,0,0,0,75,119.08920999849215,163.0402180016972,305.5426799983252,148.79335500882007
9,0,0,0,2,0,1,2,62.69614900520537,95.72127599676605,340.79728899814654,152.1892519958783
5,0,0,0,0,0,0,82,131.8614590127254,181.06013900251128,337.7381619939115,172.23660000308882
3,0,0,0,0,0,0,32,129.9375029921066,183.54687599639874,333.1441480113426,170.39622200536542
5,0,0,0,1,0,1,136,122.45245900703594,168.54628099827096,167.6148219994502,87.99102400371339
3,0,0,0,0,0,0,13,120.56909099919721,175.37289299070835,319.91463199665304,156.62833000533283
1,0,0,0,0,0,0,9230,54.0463999932399,69.27015900146216,202.34763401094824,153.17148000758607
10,0,0,0,0,0,0,1,66.10866299888585,95.81636999791954,341.854364000028,159.27256000577472
1,0,0,0,0,0,0,9122,66.96665901108645,88.8497539999662,218.03231700323522,156.42453399777878
2,0,0,0,0,0,0,2666,98.01659399818163,137.6487689994974,276.91704299650155,157.1002300042892
6,0,0,0,0,0,0,20,65.61387100373395,87.09453599294648,165.34741700161248,81.57909000874497
16,0,0,0,2,0,1,1,134.3947279965505,182.01451501226984,378.25092700950336,167.6400790020125
23,0,0,0,3,0,1,1,496.29641899082344,480.3999989962904,648.2048309990205,435.2846139954636
2,0,0,0,0,0,0,3532,111.75462399842218,155.8213600073941,296.15001199999824,167.8213810082525
6,0,0,0,2,0,1,316,310.35508000059053,229.64223600865807,459.21268498932477,354.1680320049636
1,0,0,0,0,0,0,9230,52.854389999993145,67.93774399557151,199.32317599887028,150.8654729987029
5,0,0,0,1,0,1,2,372.2065769979963,183.2866259937873,335.9388559911167,87.8033439948922
1,0,0,0,0,0,0,9914,42.51461400417611,56.63202099094633,212.37922600994352,160.89037200435996
6,0,0,0,1,0,1,3,118.18956799106672,163.34436999750324,321.3791879970813,147.83993500168435
5,0,0,0,1,0,1,490,392.05916700302623,469.3282549997093,488.48828799964394,399.9333399988245
6,0,0,0,1,0,1,1,372.6638660009485,177.73358899285085,517.9522649996215,87.84876800200436
2,0,0,0,0,0,0,2666,100.42927900212817,138.57080599700566,277.6069769897731,156.9095830054721
3,0,0,0,0,0,0,331,115.81823899177834,162.503031999222,306.4850259979721,148.35671399487182
5,0,0,0,1,0,1,16,63.07150700013153,83.23356600885745,226.48205400037114,146.56249599647708
9,0,0,0,1,0,1,7,122.7236510021612,168.64203399745747,342.4084599973867,156.74985000805464
19,0,0,0,2,0,1,7,381.04158799978904,495.9339209890459,583.2244570046896,434.95166099455673
5,0,0,0,0,0,0,37,118.38703000103123,163.411827001255,309.01651999738533,146.7055800021626
2,0,0,0,0,0,0,2666,103.17676099657547,140.35609101119917,278.11982900311705,155.79799900297076
6,0,0,0,1,0,1,6,132.48849600495305,182.04137799330056,344.3791739991866,167.20280899608042
6,0,0,0,0,0,0,8,65.10447399341501,85.70824201160576,168.17731800256297,82.24538400827441
36,0,0,0,6,0,1,1,123.93963600334246,162.45835399604402,446.62034399516415,147.78902399120852
7,0,0,0,1,0,1,1,117.75397999736015,167.5372270110529,337.4762369930977,138.63442199362908
1,0,0,0,0,0,0,9122,66.91122399934102,88.09955700417049,221.3976420025574,157.0965580031043
2,0,0,0,0,0,0,2666,99.16260901081841,140.45343900215812,273.65741100220475,158.96420201170258
3,0,0,0,0,0,0,22,119.24745900614653,167.58175000722986,306.81184500281233,151.0884290037211
2,0,0,0,0,0,0,533,114.26280399609823,160.36942599748727,299.33182398963254,149.47103499434888
6,0,0,0,0,0,0,1,73.14589800080284,161.44531201280188,159.91580899572,75.36220300244167
1,0,0,0,0,0,0,9230,28.425120006431825,35.23271200538147,179.96487399796024,152.22866900148802
2,0,0,0,0,0,0,709,110.22442700050306,153.37654399627354,295.65654799807817,165.73541499383282
8,0,0,0,0,0,0,4,121.59277600585483,174.87553399405442,332.849330996396,137.26159601355903
3,0,0,0,0,0,0,472,78.255144006107,168.39962100493722,316.3075330085121,167.86958499869797
2,0,0,0,0,0,0,1827,107.75175300659612,148.38689300813712,287.159290004638,148.71545899950434
2,0,0,0,0,0,0,92,115.46441300015431,141.5244649979286,217.08126598969102,146.2801540037617
9,0,0,0,2,0,1,1,63.1581290072063,83.76629700069316,174.670854001306,77.13066099677235
3,0,0,0,0,0,0,55,124.55073599994648,171.31098300160374,318.90382400888484,153.69333999115042
11,0,0,0,1,0,1,5,122.86986499384511,161.0824549861718,339.33330500440206,146.32542700564954
36,0,0,0,9,0,1,1,141.99124999868218,186.6219910007203,482.9346490005264,170.98914399684872
16,0,0,0,2,0,1,1,120.82412300514989,166.22146000736393,356.6011060029268,151.2690490053501
3,0,0,0,0,0,0,13,119.59170999762136,164.62551800941583,268.67718101129867,133.86288899346255
12,0,0,0,4,0,1,95,345.48956700018607,337.48654900409747,541.5363499923842,327.45788199827075
5,0,0,0,1,0,1,67,119.29613100073766,165.7995529967593,322.4233049986651,152.1858659980353
3,0,0,0,0,0,0,1070,68.11669500893913,111.97991900553461,329.8323549970519,169.81789300916716
16,0,0,0,2,0,1,5,127.10639099532273,171.129905997077,221.31341499334667,75.54007699945942
2,0,0,0,0,0,0,1827,108.47808200924192,148.572766003781,286.55849100323394,149.64231800695416
4,0,0,0,1,0,1,8,369.2079710017424,185.22318299801555,551.6024519893108,179.12320399773307
10,0,0,0,2,0,1,1,392.1956609992776,385.62938799441326,540.9546830051113,94.8953379993327
4,0,0,0,1,0,1,461,301.8138110055588,169.0323270013323,468.8444430066738,188.2907170074759
9,0,0,0,1,0,1,1,125.19680600962602,171.43195398966782,343.8903390051564,156.31198800110724
9,0,0,0,0,0,0,1,119.32633799733594,172.70581200136803,330.3901170002064,155.5251980025787
14,0,0,0,3,0,1,1,123.09353100135922,165.4574520071037,360.17059300502297,152.21239000675268
1,0,0,0,0,0,0,9122,67.33675400028005,89.75006299442612,219.37751400400884,80.60672000283375
2,0,0,0,0,0,0,3160,116.21566000394523,161.47890500724316,302.7797550021205,154.25159300502855
2,0,0,0,0,0,0,3095,59.988035005517304,131.17508300638292,297.155093998299,166.0899449925637
5,0,0,0,1,0,1,298,331.2186599941924,177.32396599603817,505.9902050124947,184.522843992454
2,0,0,0,0,0,0,3160,115.04366100416519,165.29545999947004,299.33045798679814,153.2775059895357
6,0,0,0,0,0,0,2,117.18364999978803,163.25610100466292,316.2344309967011,149.19948599708732
5,0,0,0,0,0,0,18,61.42524701135699,81.76697499584407,159.11807799420785,142.90589399752207
2,0,0,0,0,0,0,3160,116.49683500581887,164.94397500355262,297.59678299888037,153.6105109989876
4,0,0,0,0,0,0,323,131.7402599961497,185.44926100003067,340.64263199979905,175.38511200109497
2,0,0,0,0,0,0,1340,114.98286300047766,160.58729898941237,193.9308169967262,87.25916099501774
2,0,0,0,0,0,0,4804,66.63623300846666,104.4199949974427,297.9624360013986,171.92673499812372
168,0,0,0,10,0,1,1,542.2211990080541,364.0769969933899,865.0863279908663,238.5417659970699
9,0,0,0,2,0,1,21,373.48141698748805,349.3333060032455,541.4246989967069,94.83607299625874
3,0,0,0,0,0,0,803,117.73202600306831,169.6161750005558,312.5110480032163,157.61264399043284
1,0,0,0,0,0,0,8533,100.18506699998397,138.27895499707665,275.83523700013757,155.7734070083825
7,0,0,0,0,0,0,107,122.91504700260703,174.86450300202705,330.23798900831025,160.69880199211184
5,0,0,0,0,0,0,133,129.85373999981675,182.9219130013371,336.00802900036797,170.19399101263843
21,0,0,0,4,0,1,1,129.36898499901872,124.4618180062389,204.97197199438233,84.42142300191335
1,0,0,0,0,0,0,8399,78.41124400147237,107.29974100831896,240.31433700292837,156.73359000356868
14,0,0,0,2,0,1,32,288.8808520074235,94.92715600936208,462.73779500916135,179.61308399389964
2,0,0,0,0,0,0,3095,112.72845100029372,157.10214400314726,298.35217900108546,166.0630849946756
5,0,0,0,0,0,0,105,118.45308500051033,168.27017899777275,316.3728200015612,151.48196699738037
1,0,0,0,0,0,0,9122,66.0516890056897,87.94764999765903,218.72112900018692,155.34701199794654
10,0,0,0,2,0,1,7,328.0466720025288,374.1146079992177,491.6667790093925,373.688861989649
3,0,0,0,0,0,0,2044,124.26323500403669,173.6190380033804,320.1309090072755,170.15904300205875
1,0,0,0,0,0,0,8399,79.40438600780908,108.87484200065956,225.07188099552877,144.79723300610203
4,0,0,0,0,0,0,248,136.093056993559,183.67814799421467,335.38789399608504,169.24628900596872
16,0,0,0,1,0,1,52,543.2101949991193,623.7025640002685,535.773496987531,414.014641995891
28,0,0,0,3,0,1,1,633.4589580073953,597.1926549973432,710.5176569893956,482.9548299894668
20,0,0,0,3,0,1,1,482.14486600772943,333.5718580055982,516.0399479937041,189.84893600281794
4,0,0,0,0,0,0,53,130.44767000246793,180.55899899627548,331.8444600008661,165.18275800626725
4,0,0,0,0,0,0,93,119.95177700009663,166.26935898966622,314.4751979998546,153.86404799937736
2,0,0,0,0,0,0,1121,65.51512899750378,87.86456400412135,195.76315600716043,170.7965300010983
3,0,0,0,0,0,0,650,74.56203999754507,163.0005600018194,308.0078970087925,152.00813898991328
4,0,0,0,1,0,1,63,370.85488499724306,181.65326899907086,496.29308699513786,177.15843398764264
6,0,0,0,1,0,1,3,117.823774999124,165.52497299562674,320.74868299241643,146.41048699559178
16,0,0,0,3,0,1,1,68.39547300478444,86.59335398988333,248.0321629991522,154.6070649928879
3,0,0,0,0,0,0,1070,127.35335799516179,168.7705970107345,166.04775199084543,151.83284599334002
3,0,0,0,0,0,0,184,125.95001701265574,174.32442799326964,262.6724170113448,161.36899999401066
1,0,0,0,0,0,0,9914,81.99512898863759,108.64437899726909,245.85496498912107,160.07167000498157
4,0,0,0,0,0,0,323,130.95435600553174,139.00406200264115,239.58014301024377,174.86765600915533
2,0,0,0,0,0,0,3627,117.80966899823397,160.2361569966888,303.4215009975014,168.25436700310092
2,0,0,0,0,0,0,1340,117.15982599707786,163.25404799135868,248.0311499966774,169.09838900028262
1,0,0,0,0,0,0,8399,79.68809899466578,108.95737199462019,237.75743100850377,154.65756299090572
4,0,0,0,1,0,1,375,68.79736100381706,82.18068499991205,208.27534100681078,174.56440700334497
1,0,0,0,0,0,0,8399,74.4474649982294,54.536393989110366,196.72243601235095,157.01419299875852
3,0,0,0,0,0,0,1484,123.21980499837082,173.1401519937208,321.64634599757846,170.13047299406026
15,0,0,0,1,0,1,80,539.2691189917969,792.2427140001673,663.4710950020235,541.7383769963635
21,0,0,0,3,0,1,1,493.25781999505125,305.0627359916689,328.0015160125913,112.6089379977202
1,0,0,0,0,0,0,849,115.59522699099034,159.99997699691448,296.4808590040775,115.97886499657761
4,0,0,0,0,0,0,408,119.4922129943734,169.69499000697397,320.0978219974786,158.3937979885377
2,0,0,0,0,0,0,3627,118.70797000301536,162.85742000036407,304.8728080029832,169.66412799956743
1,0,0,0,0,0,0,9122,66.39489899680484,88.70293899963144,225.4583750036545,158.3237110025948
3,0,0,0,0,0,0,588,124.2690329963807,174.88314100774005,325.08205399790313,168.83541700372007
3,0,0,0,0,0,0,18,67.495138006052,91.73977299360558,169.45358700468205,87.58396100893151
108,0,0,0,18,0,1,1,389.111206997768,356.1612079938641,961.0076090029906,190.84573700092733
1,0,0,0,0,0,0,9122,66.82113200076856,89.0938759985147,222.22078699269332,157.10021299310029
1,0,0,0,0,0,0,9122,66.48688200220931,86.97117200063076,221.04244799993467,159.4661770068342
8,0,0,0,1,0,1,5,129.0406319894828,180.9855009923922,356.1018990003504,171.65690301044378
8,0,0,0,0,0,0,2,75.14153599913698,89.65804500621744,169.57229899708182,83.76439299900085
4,0,0,0,0,0,0,319,121.04738100606482,164.54455700295512,310.327351995511,151.25007499591447
6,0,0,0,1,0,1,4,367.837136000162,184.19513999833725,556.8927749991417,178.2537879917072
3,0,0,0,0,0,0,1862,126.68317600036971,174.77928899461403,320.4551819944754,170.91341500054114
3,0,0,0,0,0,0,1862,82.6428789878264,87.17214698845055,162.6531910005724,88.77545400173403
9,0,0,0,2,0,1,21,375.58731499302667,326.68657299655024,523.4344959899317,191.38527600443922
3,0,0,0,0,0,0,368,120.38049200782552,169.42584300704766,317.3142339946935,157.96245299861766
1,0,0,0,0,0,0,8533,100.3302830067696,138.700144001632,232.55970400350634,78.62970299902372
3,0,0,0,0,0,0,1448,117.3933669924736,164.57862699462567,304.15019899373874,159.5114349911455
3,0,0,0,0,0,0,521,115.50328400335275,161.61975500290282,305.5493339925306,149.63701300439425
1,0,0,0,0,0,0,9122,35.36301199346781,44.53794000437483,115.16828800085932,80.59514200431295
4,0,0,0,1,0,1,80,430.20839399832767,513.8968539977213,561.661722997087,474.61234898946714
1,0,0,0,0,0,0,9914,81.74358098767698,74.44566099729855,124.35893899237271,82.05402600287925
6,0,0,0,1,0,1,1,366.68909700529184,182.2590770025272,558.6928300035652,176.92709900438786
5,0,0,0,0,0,0,9,119.19961799867451,181.37241499789525,337.6721439999528,168.03883499233052
3,0,0,0,0,0,0,152,130.6575740018161,180.04143399593886,327.72983799804933,170.69314800028224
42,0,0,0,7,0,1,1,130.60918200062588,174.42802200093865,487.26007901132107,164.6152070024982
4,0,0,0,0,0,0,528,121.8979339901125,170.2827580011217,314.164053008426,82.40441999805626
34,0,0,0,2,0,1,1,684.3669389927527,643.9666259975638,562.2987960086903,383.260597998742
3,0,0,0,0,0,0,1484,123.40494300588034,173.66778101131786,319.40853100968525,170.78170699824113
1,0,0,0,0,0,0,8533,52.22327199589927,69.13488400459755,140.14398799918126,79.26374900853261
2,0,0,0,0,0,0,4475,104.81836499820929,143.9981020084815,282.52116400108207,169.95430800307076
1,0,0,0,0,0,0,8399,78.73817399377003,107.79313801322132,242.9397319938289,156.70098799455445
10,0,0,0,0,0,0,1,131.1330800090218,182.08047399821226,351.1271229945123,171.11960699548945
1,0,0,0,0,0,0,9230,28.449304998503067,36.81006999977399,103.82845999265555,77.48937098949682
19,0,0,0,1,0,1,157,572.1519910002826,655.605966996518,506.496325993794,376.4518209936796
1,0,0,0,0,0,0,8399,78.39024999702815,105.28708399215247,240.32311199698597,156.23485601099674
5,0,0,0,1,0,1,1,126.76993600325659,170.08095000346657,330.1067599968519,158.35457200591918
1,0,0,0,0,0,0,8533,99.51331200136337,136.92458400328178,274.2716909997398,157.8854079998564
1,0,0,0,0,0,0,9122,66.610361012863,88.81486399332061,218.8690780021716,94.20840100210626
6,0,0,0,1,0,1,3,70.36775299638975,86.27867000177503,172.93837999750394,125.06885000038892
4,0,0,0,0,0,0,1,122.45124099717941,170.18969501077663,317.56242900155485,155.33695300109684
116,0,0,0,9,0,1,1,536.4044349989854,539.8483850003686,831.5888789948076,305.17471399798524
1,0,0,0,0,0,0,9122,35.7304000062868,44.9355760065373,115.47143200004939,119.28899500344414
3,0,0,0,0,0,0,1862,123.7271790014347,172.9340570018394,320.9375269943848,91.69230700354092
7,0,0,0,0,0,0,1,126.32789199415129,174.12035299639683,336.09772099589463,159.80958599539008
3,0,0,0,0,0,0,40,119.31966300471686,165.4597409942653,256.7800060060108,135.25839400244877
1,0,0,0,0,0,0,9122,66.89207600720692,48.43216500012204,174.80029999569524,156.85730599216186
3,0,0,0,0,0,0,1484,73.50717100780457,164.0589849994285,168.0912570009241,90.02683000289835
3,0,0,0,0,0,0,588,124.66660699283239,173.6619419971248,320.61617900035344,167.77112500858493
113,0,0,0,11,0,1,1,556.4094579895027,528.8278569933027,928.7931519938866,305.54856300295796
4,0,0,0,0,0,0,78,125.46696100616828,173.22425098973326,321.71584900061134,158.96368399262428
3,0,0,0,1,0,1,1479,337.5748200051021,403.2885560009163,519.3837740080198,422.3658210103167
1,0,0,0,0,0,0,8533,100.24340800009668,136.15242698870134,273.19045799958985,154.09988700412214
1,0,0,0,0,0,0,9122,66.95993800531141,88.9585949917091,220.03457200480625,156.8589329981478
3,0,0,0,0,0,0,42,130.5910459923325,181.07549799606204,334.17547499993816,169.43763000017498
2,0,0,0,0,0,0,1998,108.02366599091329,150.93001700006425,291.4126309915446,171.28478799713776
2,0,0,0,0,0,0,4475,105.26148899225518,144.17986400076188,282.19065300072543,168.4850179881323
2,0,0,0,0,0,0,533,115.34572900563944,162.02080898801796,284.61525999591686,76.85793700511567
26,0,0,0,1,0,1,15,801.4831350010354,888.6736429994926,503.5923490067944,355.6561209989013
1,0,0,0,0,0,0,8399,78.67744199756999,106.52291700534988,240.51476999011356,155.1764289906714
73,0,0,0,15,0,1,1,87.62445700995158,178.01995598711073,629.036646001623,168.43396799231414
2,0,0,0,0,0,0,3627,116.32689699763432,162.86755799956154,300.3700109984493,165.83297499164473
3,0,0,0,0,0,0,1448,60.08493099943735,121.87021700083278,304.5094550034264,135.94892500259448
19,0,0,0,1,0,1,157,609.3702009966364,603.8860630069394,500.2663959894562,423.0968820047565
1,0,0,0,0,0,0,4295,105.89279599662405,149.1727649990935,305.02188600075897,102.15098298795056
6,0,0,0,0,0,0,4,82.63785700546578,88.38428600574844,319.76252800086513,155.93320300104097
111,0,0,0,5,0,1,1,436.5977880079299,305.3237550047925,681.354348998866,222.8528900013771
3,0,0,0,0,0,0,96,119.22700800641906,163.9019290014403,305.2879360038787,148.0602910014568
9,0,0,0,2,0,1,1,116.32145800103899,161.15964300115593,339.242887988803,145.29837301233783
27,0,0,0,5,0,1,2,69.09565000387374,85.97601299697999,337.47193100862205,158.2688060007058
3,0,0,0,1,0,1,1445,263.8879790029023,324.6418869966874,420.74100200261455,354.46775901073124
8,0,0,0,1,0,1,3,122.64986599620897,168.613178000669,336.9600360019831,154.98330400441773
1,0,0,0,0,0,0,9122,67.08408700069413,87.86479699483607,223.4211739996681,158.34520799398888
7,0,0,0,0,0,0,1,68.13932399381883,89.71427399956156,173.01217299245764,87.08099799696356
1,0,0,0,0,0,0,8399,78.46754099591635,105.79303599661216,241.23318899364676,158.4584329975769
7,0,0,0,1,0,1,57,131.37693599855993,180.08817298687063,339.9412540020421,166.5172210050514
1,0,0,0,0,0,0,8399,79.11148700804915,106.40589200193062,239.0419639996253,156.04658499069046
5,0,0,0,1,0,1,27,123.17888099642005,172.2704830026487,326.357238998753,156.57044200634118
1,0,0,0,0,0,0,8533,98.11129899753723,137.30102000408806,273.43385299900547,156.51585400337353
3,0,0,0,0,0,0,1484,126.3126229896443,175.8681700011948,326.6365930030588,170.35184499400202
6,0,0,0,0,0,0,23,62.9945789987687,82.5882720091613,186.41879899951164,151.50135799194686
1,0,0,0,0,0,0,8399,79.16074700187892,108.17304800730199,241.84727000829298,155.41009600565303
5,0,0,0,0,0,0,34,126.74146999779623,170.60248399502598,323.80444699083455,157.16091101057827
3,0,0,0,0,0,0,344,123.11315700935666,170.83785199793056,313.86375799775124,153.39876800135244
7,0,0,0,0,0,0,1,116.38799399952404,159.8926040023798,315.76662699808367,147.48011600750033
21,0,0,0,2,0,1,1,494.9444189987844,271.53051299683284,327.58027700765524,280.20073199877515
5,0,0,0,0,0,0,4,122.68212300841697,173.38714000652544,328.40842100267764,158.20472700579558
4,0,0,0,0,0,0,16,128.48138400295284,177.09411100076977,332.2903700027382,167.0461100002285
6,0,0,0,2,0,1,316,310.73371598904487,315.88699399435427,424.82062899216544,306.93601501116063
1,0,0,0,0,0,0,9122,35.40487799909897,45.26564999832772,112.74673299340066,80.47950200852938
1,0,0,0,0,0,0,8533,99.24141499504913,140.09760699991602,273.41313699434977,154.7458780114539
36,0,0,0,2,0,1,2,561.892113997601,528.7715239974204,614.0726769954199,421.34339500626083
6,0,0,0,1,0,1,3,129.47932399401907,169.26948199397884,333.6614410072798,157.0162080024602
2,0,0,0,0,0,0,4804,59.013403006247245,79.50245500251185,193.4393460105639,178.10083500808105
2,0,0,0,0,0,0,371,124.33371499355417,158.00241300894413,163.7032559956424,83.5585809982149
6,0,0,0,0,0,0,1,132.61697899724822,180.71981599496212,344.2588689940749,169.38853901228867
3,0,0,0,0,0,0,588,125.05377900379244,174.67560499790125,324.96575301047415,170.7565260003321
5,0,0,0,1,0,1,2,372.14641099853907,180.5224849958904,553.5869730083505,173.75968299165834
6,0,0,0,1,0,1,3,130.94118698791135,184.30950200126972,342.1462620026432,167.12729301070794
5,0,0,0,0,0,0,78,63.50193000980653,83.03322001302149,160.08450300432742,78.11280200257897
3,0,0,0,0,0,0,602,128.29572599730454,179.66386101034004,329.1662669944344,169.45676399336662
8,0,0,0,2,0,1,2,119.76783999125473,164.60912699403707,337.59616599127185,150.14834600151516
12,0,0,0,1,0,1,1,118.92122100107372,162.66682400600985,340.8328520017676,147.5933379988419
3,0,0,0,0,0,0,472,64.85702599457,88.34976100479253,166.29370998998638,84.25789400644135
3,0,0,0,0,0,0,169,117.91565499152057,168.9040499913972,314.42485700245015,159.25442399748135
18,0,0,0,2,0,1,2,558.070316008525,535.6972180015873,637.4750990071334,479.38701800012495
80,0,0,0,4,0,1,1,522.7695150097134,497.9031480033882,789.7181209991686,399.88672199251596
11,0,0,0,2,0,1,4,491.1849810014246,473.30728299857583,543.6235700035468,414.4932399940444
3,0,0,0,0,0,0,456,122.64150301052723,173.60790399834514,309.09946499741636,156.0662370029604
2,0,0,0,0,0,0,129,125.14390199794434,180.46817800495774,319.2850589985028,163.96655100106727
4,0,0,0,0,0,0,102,65.39143300324213,85.07846799329855,163.03837999294046,82.09295199776534
7,0,0,0,0,0,0,2,118.16706300305668,161.58070099481847,317.5156149955001,130.29465499857906
2,0,0,0,0,0,0,3095,110.83466200216208,154.5765349874273,296.48726400046144,166.86535099870525
2,0,0,0,0,0,0,377,112.12259199237451,156.7265219928231,294.57400999672245,155.227429990191
2,0,0,0,0,0,0,966,60.76146100531332,82.00847099942621,156.4279760059435,80.26506299211178
4,0,0,0,0,0,0,394,130.3592740005115,183.1723210052587,336.18039700377267,171.28877699724399
3,0,0,0,0,0,0,114,120.60429499251768,163.44533099618275,304.7236860002158,146.6811959980987
3,0,0,0,0,0,0,1484,125.1640429982217,177.382583002327,323.4151600045152,171.45065200747922
5,0,0,0,0,0,0,8,125.43542899948079,172.97866799344774,326.1300529993605,158.58176701294724
5,0,0,0,0,0,0,84,128.43030699878,183.91594300919678,334.0235039941035,168.40187800698914
14,0,0,0,3,0,1,9,416.4384820032865,394.61195800686255,531.775852010469,266.4197059930302
1,0,0,0,0,0,0,865,58.37441800395027,77.91509399248753,199.74115600052755,75.71909700345714
6,0,0,0,0,0,0,12,131.14093600597698,178.21399199601728,337.61172599042766,169.5542050001677
5,0,0,0,0,0,0,2,119.26716000016313,163.38888699829113,312.82842200016603,148.74580899777357
1,0,0,0,0,0,0,8399,42.09400799300056,56.58733000745997,125.12768700253218,80.50412101147231
1,0,0,0,0,0,0,2186,112.19189700204879,154.02726198954042,292.76379400107544,151.81654700427316
5,0,0,0,1,0,1,51,399.2195110040484,210.37089799938258,491.50207098864485,189.42283700744156
3,0,0,0,0,0,0,23,121.15733500104398,169.5512059959583,314.40372799988836,153.79151700471994
2,0,0,0,0,0,0,1607,114.15862498688512,160.89000200736336,296.0175649932353,158.8115010090405
3,0,0,0,0,0,0,22,118.70038299821317,163.98264600138646,309.34781399264466,152.75854201172478
6,0,0,0,0,0,0,1,127.95367499347776,173.8167709991103,330.64207900315523,157.5589999993099
2,0,0,0,0,0,0,3627,115.9480420028558,163.38015299697872,306.0124879993964,167.85924100258853
5,0,0,0,0,0,0,22,122.80614800693002,167.63919600634836,318.0861619912321,153.34269100276288
1,0,0,0,0,0,0,1901,106.07178100326564,148.34577099827584,285.585302990512,144.01482000539545
3,0,0,0,0,0,0,433,119.52383599418681,169.24565599765629,310.2519679960096,158.96714400150813
6,0,0,0,0,0,0,15,79.3856710079126,83.51686000241898,163.24672001064755,76.59705400874373
2,0,0,0,0,0,0,1827,107.80209398944862,149.6272860094905,287.70103299757466,150.97616199636832
57,0,0,0,3,0,1,1,651.9710040010978,618.1093549967045,652.2024380101357,385.66733899642713
2,0,0,0,0,0,0,1827,109.76875200867653,151.20939401094802,286.9731690007029,148.11736998672131
1,0,0,0,0,0,0,8399,78.6090400069952,108.15258999355137,243.3806420012843,156.88845700060483
2,0,0,0,0,0,0,3532,57.763774995692074,77.77255200198852,197.47674401151016,167.14826998941135
6,0,0,0,1,0,1,3,119.3552340118913,164.6392380062025,321.7288649902912,146.5991099976236
1,0,0,0,0,0,0,9122,66.20675099838991,87.70958599052392,219.74054600286763,157.36963199742604
75,0,0,0,14,0,1,1,75.51025900465902,91.5089800109854,317.08229599462356,88.15225098805968
134,0,0,0,7,0,1,1,290.40938899561297,268.59498900012113,923.8092500017956,352.5888610020047
3,0,0,0,0,0,0,433,118.46728700038511,166.26805999840144,314.4131969893351,160.35488300258294
1,0,0,0,0,0,0,9914,80.21635199838784,112.08867300592829,247.22321199078579,161.70058801071718
85,0,0,0,4,0,1,1,566.1004889989272,530.3558640007395,753.3123999892268,374.21442499908153
147,0,0,0,9,0,1,1,774.9776080017909,722.8099289932288,765.1685500022722,131.11099498928525
3,0,0,0,0,0,0,521,115.21759199968074,160.39006700157188,302.6853750052396,151.32644100231119
2,0,0,0,0,0,0,966,60.895660004462115,81.55544000328518,281.9973139994545,158.5648449981818
1,0,0,0,0,0,0,4295,107.94625499693211,149.40060699882451,286.87436900509056,151.1198020016309
6,0,0,0,2,0,1,316,310.95006100076716,314.84939400979783,486.4356470061466,353.3609070000239
1,0,0,0,0,0,0,8399,79.65040700219106,107.71601200394798,243.2538930006558,156.0362060117768
4,0,0,0,0,0,0,49,129.578327992931,184.14059199858457,331.07991199358366,167.37933199328836
1,0,0,0,0,0,0,1511,57.822039001621306,77.77255401015282,148.1833880097838,76.18821700452827
32,0,0,0,4,0,1,1,131.63246199837886,171.99924599844962,424.1054910089588,155.45942200697027
3,0,0,0,0,0,0,21,132.06137699307874,182.70060799841303,335.1691020070575,171.87078000279143
5,0,0,0,1,0,1,1,73.47382100124378,159.5919699902879,317.3249359970214,144.8368359997403
1,0,0,0,0,0,0,9122,65.95261899929028,87.02614200592507,223.54317900317255,157.70646400051191
4,0,0,0,0,0,0,329,127.11370500619523,117.5327419914538,168.93442498985678,88.27684100833721
1,0,0,0,0,0,0,8533,99.92245899047703,109.39699599111918,274.1427319997456,154.07939699070994
14,0,0,0,1,0,1,124,681.1384969914798,758.2600020105019,668.8510070089251,551.502355010598
12,0,0,0,2,0,1,6,130.80488400009926,115.34088100597728,350.8500570023898,158.51134900003672
3,0,0,0,0,0,0,521,113.90163599571679,164.50678399996832,301.9711849919986,147.61041601013858
6,0,0,0,0,0,0,3,122.57290800334886,169.32350400020368,321.9551660004072,152.89267100160941
5,0,0,0,0,0,0,78,120.10200099030044,165.85974500048906,319.5245259994408,153.05421300581656
6,0,0,0,0,0,0,68,122.24705101107247,170.53032299736515,327.840437006671,158.8626910088351
17,0,0,0,2,0,1,8,485.77175199170597,472.3566460015718,626.9449399987934,364.8448099993402
2,0,0,0,0,0,0,4804,113.30596799962223,160.3447779925773,298.86180300673004,172.64521401375532
7,0,0,0,1,0,1,4,204.31446000293363,104.71040199627168,325.33436399535276,188.88794400845654
3,0,0,0,0,0,0,331,116.8394080013968,163.9867660123855,309.70086899469607,151.47719100059476
2,0,0,0,0,0,0,1340,115.11597399658058,161.80138199706562,299.8641620069975,168.81604799709748
2,0,0,0,0,0,0,1340,115.97450399131048,161.7851249902742,304.593353997916,168.33677599788643
2,0,0,0,0,0,0,4475,105.88318599911872,144.65500600636005,284.56362200086005,168.4640260064043
3,0,0,0,0,0,0,24,64.72131499322131,84.66062699153554,158.59023499069735,77.24789700296242
1,0,0,0,0,0,0,9122,65.88048599951435,87.49336701293942,223.90112100401893,158.08463201392442
15,0,0,0,1,0,1,1,371.8432690075133,184.37591000110842,584.0613320033299,176.94382699846756
8,0,0,0,1,0,1,1,132.5679069996113,182.98718199366704,355.641051006387,169.31138999643736
10,0,0,0,2,0,1,1,125.71780900179874,173.1620880018454,352.58156299823895,157.10266299720388
5,0,0,0,0,0,0,105,118.34291800914798,167.88469499442726,311.9171010039281,148.15899000677746
4,0,0,0,1,0,1,633,350.1180320017738,101.65856900857762,339.7808229929069,195.79629300278611
9,0,0,0,0,0,0,1,122.09884599724319,168.47144499479327,336.1280099925352,157.9078860086156
7,0,0,0,0,0,0,15,116.83518900827039,166.61601098894607,322.5260400067782,150.5356380075682
49,0,0,0,3,0,1,1,634.7232230036752,508.9792470098473,636.5282129991101,386.51756799663417
5,0,0,0,1,0,1,31,136.47545900312252,188.03622499399353,349.004496994894,172.18875100661535
44,0,0,0,3,0,1,1,580.5489719932666,542.8466580051463,657.3403070069617,420.13331199996173
6,0,0,0,1,0,1,1,369.9309079966042,180.79973399289884,560.1322319998872,171.55428900150582
2,0,0,0,0,0,0,3532,112.58887599979062,155.83376699942164,292.28530199907254,170.7657959923381
1,0,0,0,0,0,0,1511,110.60416699911002,155.16138800012413,292.0013239927357,148.56602299551014
1,0,0,0,0,0,0,8533,97.63732999272179,136.86632900498807,235.67584999545943,89.54768099647481
2,0,0,0,0,0,0,1556,113.62476900103502,159.1112790047191,303.69494200567715,154.36520699586254
2,0,0,0,0,0,0,1998,110.78917900158558,153.90683698933572,290.97971999726724,171.63281800458208
5,0,0,0,1,0,1,2,373.5969080007635,179.86988299526274,557.0932049886324,172.16155999631155
5,0,0,0,0,0,0,94,119.57727200933732,167.22545900847763,317.8842390043428,152.97722799004987
1,0,0,0,0,0,0,8399,78.23800199548714,107.61656300746836,238.77347698726226,143.35355299408548
37,0,0,0,2,0,1,1,301.58449900045525,283.99940599047113,501.83345998812,430.13668499770574
6,0,0,0,0,0,0,11,64.57217900606338,163.97012300149072,324.96119699499104,143.85939699423034
3,0,0,0,0,0,0,15,59.93987699912395,82.79738399141934,285.7379939960083,145.13430499937385
1,0,0,0,0,0,0,8399,79.9242659995798,108.05061800056137,241.69656200683676,161.47413599537686
1,0,0,0,0,0,0,9230,28.373948007356375,36.46040400781203,137.30931999452878,152.03940401261207
1,0,0,0,0,0,0,87,117.18743199890014,105.89407299994491,279.97184300329536,146.7298499919707
2,0,0,0,0,0,0,43,115.80792999302503,164.449212999898,304.000782998628,112.36753899720497
6,0,0,0,1,0,1,188,461.300797003787,542.8286560054403,424.2653909896035,445.78718800039496
3,0,0,0,0,0,0,472,126.9079409976257,177.49343998730183,325.47941801021807,167.595460996381
8,0,0,0,1,0,1,16,110.52972999459598,86.26934299536515,167.74840900325216,144.72056800150312
12,0,0,0,1,0,1,64,396.31316500890534,573.4329669940053,533.7308690068312,423.26284700538963
4,0,0,0,0,0,0,78,81.16549800615758,165.63659900566563,311.40573500306346,149.98260499851312
1,0,0,0,0,0,0,1901,108.7945059989579,149.62925099825952,287.6537800038932,146.82782501040492
8,0,0,0,1,0,1,2,123.47823999880347,171.1984799912898,338.9922009955626,156.78634800133295
7,0,0,0,1,0,1,266,455.664216002333,286.3589439948555,293.4182160097407,241.91595999582205
4,0,0,0,0,0,0,383,122.48829800228123,172.77625598944724,324.4491109944647,178.08279699238483
3,0,0,0,0,0,0,1484,126.23037000594195,175.53893101285212,322.29765599186067,173.86751400772482
7,0,0,0,0,0,0,2,131.2811099924147,180.5573279998498,341.76674600166734,168.58668900385965
1,0,0,0,0,0,0,1901,106.53816700505558,148.82294400013052,287.2908710123738,148.7288900098065
1,0,0,0,0,0,0,8533,51.506228002836,69.2081940069329,139.20513399352785,79.40099699771963
2,0,0,0,0,0,0,3160,118.47454898816068,163.60286000417545,306.1405350017594,156.10291399934795
27,0,0,0,2,0,1,2,406.5996370045468,410.3088550036773,710.2012780087534,525.1696310006082
2,0,0,0,0,0,0,72,118.98271599784493,164.66077498625964,305.82643099478446,149.17192798748147
2,0,0,0,0,0,0,2666,103.08943600102793,140.63021300535183,262.3317559919087,79.90794499346521
3,0,0,0,0,0,0,455,63.34117399819661,85.46410201233812,214.2926459928276,161.4342899993062
3,0,0,0,0,0,0,10,127.67688199528493,177.58045499795116,327.99833599710837,165.18781600461807
2,0,0,0,0,0,0,1827,111.3454250007635,151.63813799154013,288.2718430046225,149.68607199261896
1,0,0,0,0,0,0,8533,51.01917000138201,69.20145900221542,138.55843800411094,79.00016900384799
13,0,0,0,1,0,1,4,447.8855119959917,192.36274300783407,482.00777800229844,184.33226901106536
8,0,0,0,1,0,1,116,513.1771529995603,597.7540079911705,602.1311779913958,501.578650000738
45,0,0,0,3,0,1,1,657.0209170022281,621.8138650001492,612.9829699930269,377.1881919965381
1,0,0,0,0,0,0,9122,35.5256089969771,45.44813600659836,113.54391499480698,79.70066800771747
6,0,0,0,0,0,0,1,118.87876999389846,168.26645900437143,314.1229309985647,148.67778700136114
18,0,0,0,2,0,1,2,550.8799939998426,519.4869620027021,582.3761850042501,438.80185300076846
14,0,0,0,1,0,1,1,123.64573800005019,171.2834700010717,356.4550939918263,157.6520729868207
6,0,0,0,0,0,0,18,121.72227998962626,168.7946890015155,324.8527639952954,155.1761079899734
2,0,0,0,0,0,0,371,123.57055400207173,176.16957798600197,322.2198020084761,164.38907600240782
19,0,0,0,3,0,1,1,378.49731399910524,379.2881590052275,530.3179589973297,189.77351300418377
1,0,0,0,0,0,0,8399,79.4076500023948,107.50128199288156,240.83522699947935,157.5002399913501
2,0,0,0,0,0,0,3160,117.81388899544254,165.31731600116473,303.9347949961666,156.31903999019414
4,0,0,0,0,0,0,384,127.41515200468712,179.0575670020189,329.88385199860204,169.9512350023724
1,0,0,0,0,0,0,9122,66.3191280036699,88.42017500137445,219.9318850034615,157.70370999234729
2,0,0,0,0,0,0,4804,113.8029689900577,158.08472799835727,295.1835189887788,172.60843901021872
4,0,0,0,0,0,0,343,98.67336899333168,84.13122099591419,196.93166299839504,153.1094439997105
2,0,0,0,0,0,0,4475,104.83259698958136,145.04066499648616,283.6017169902334,170.5712100083474
5,0,0,0,1,0,1,490,398.4429700067267,474.32001199922524,467.82665100181475,400.6507620069897
20,0,0,0,3,0,1,1,126.7659289878793,166.99582799628843,380.3599359962391,143.9726039970992
3,0,0,0,1,0,1,151,189.5164719899185,277.8870750044007,554.6687610039953,403.73550800723024
8,0,0,0,0,0,0,1,117.93720499554183,163.27352001098916,321.44578600127716,149.0808589878725
36,0,0,0,6,0,1,1,124.75669400009792,162.72149499855004,447.14006199501455,146.93316399643663
2,0,0,0,0,0,0,3532,109.6545070031425,154.76077400671784,292.20106700086035,166.0066629992798
1,0,0,0,0,0,0,9230,28.612103007617407,35.873803004506044,102.73948599933647,77.39124100771733
4,0,0,0,0,0,0,5,120.59552999562584,166.11228499095887,308.6401540058432,146.07369599980302
1,0,0,0,0,0,0,8399,79.53606499359012,107.40839899517596,242.49228699773084,157.2939149918966
5,0,0,0,0,0,0,5,133.95911900443025,181.11520999809727,337.5317789905239,170.90707299939822
26,0,0,0,5,0,1,1,361.79611599072814,183.22620500111952,615.5536940059392,175.41999400418717
130,0,0,0,25,0,1,1,210.2389020001283,194.03920200420544,852.0645910029998,210.04042300046422
5,0,0,0,0,0,0,15,68.25993298843969,90.94229999755044,172.49393298698124,128.00693900499027
3,0,0,0,1,0,1,39,409.4617679947987,492.117458008579,550.1897310023196,383.73157900059596
4,0,0,0,0,0,0,528,119.19029599812347,169.56650499196257,318.2913939963328,162.18283399939537
1,0,0,0,0,0,0,8533,100.20211200753693,136.44304499030113,271.04678300383966,155.45257899793796
5,0,0,0,0,0,0,59,121.30430700199213,166.4460829924792,314.01093100430444,152.72803900006693
8,0,0,0,1,0,1,4,126.86919500993099,172.75787401013076,311.9899220037041,85.63076501013711
2,0,0,0,0,0,0,2666,99.26837300008629,139.86553699942306,280.9614389989292,158.67260500090197
1,0,0,0,0,0,0,9230,56.544121995102614,69.92012499540579,197.11404599365778,149.9981660017511
3,0,0,0,0,0,0,1484,125.44238100235816,179.52616800903343,319.5488019991899,170.7545709941769
3,0,0,0,0,0,0,1484,125.59971000882797,174.67386300268117,253.7635769986082,112.4178239988396
2,0,0,0,0,0,0,4475,120.4027009953279,145.65468799264636,281.2384069984546,170.30159900605213
4,0,0,0,0,0,0,103,118.53158299345523,162.55830400041305,277.94414600066375,75.94429299933836
1,0,0,0,0,0,0,8533,98.14253900549375,136.9233389996225,277.6380769937532,155.37587300059386
7,0,0,0,1,0,1,15,118.82022199279163,166.60280400537886,328.90960699296556,150.88076698884834
33,0,0,0,0,0,0,1,66.31080999795813,86.71548300480936,374.5115969941253,162.14733000379056
6,0,0,0,0,0,0,11,130.20015000074636,179.927924007643,340.6772849994013,169.94974699628074
12,0,0,0,3,0,1,2,397.24317099899054,392.967375999433,526.0592949925922,360.2242709894199
1,0,0,0,0,0,0,9914,82.38788999733515,111.50762499892153,248.4604519995628,160.60801201092545
5,0,0,0,0,0,0,4,122.89224700361956,172.40425800264347,319.8145759961335,156.6858360019978
3,0,0,0,0,0,0,2044,121.1591469909763,168.71888299647253,316.7068929906236,170.489751995774
3,0,0,0,0,0,0,1070,126.77624399657361,176.69889000535477,326.872589008417,171.17647599661723
11,0,0,0,0,0,0,1,129.75357599498238,173.21714699210133,179.92767399118748,88.20460199785884
1,0,0,0,0,0,0,9914,42.52258699852973,55.65495399059728,125.53228299657349,82.0110459899297
4,0,0,0,0,0,0,15,122.71157000213861,172.4014859937597,317.5589199963724,154.3358740018448
28,0,0,0,5,0,1,1,140.45111200539395,183.77889800467528,439.8791449930286,172.37463800120167
37,0,0,0,6,0,1,1,202.4130000063451,182.13390299933963,652.963416010607,180.1349460001802
1,0,0,0,0,0,0,9122,65.51637199299876,88.42847100459039,219.72291599377058,155.92326200567186
2,0,0,0,0,0,0,3160,119.29083800350782,165.22419899411034,302.04601399600506,154.10146799695212
2,0,0,0,0,0,0,3627,116.68236900004558,163.38077299587894,303.963237995049,169.6657770080492
2,0,0,0,0,0,0,1320,118.89052699552849,164.91169099754188,303.2887830049731,155.4402170004323
7,0,0,0,0,0,0,2,61.757525996654294,130.54837100207806,315.7681849988876,148.1286070047645
31,0,0,0,5,0,1,1,70.12181800382677,91.60531299130525,236.43440399609972,172.9063730017515
1,0,0,0,0,0,0,8399,78.67818399972748,106.89051399822347,244.6479689970147,156.4854589960305
3,0,0,0,0,0,0,472,127.45496499701403,179.269917003694,326.92942400171887,166.988067998318
19,0,0,0,2,0,1,5,566.7423549894011,530.901564998203,611.2874450045638,464.9866940017091
1,0,0,0,0,0,0,8533,98.1093019945547,135.03652199869975,273.4496829943964,153.78031699219719
17,0,0,0,1,0,1,42,666.8276089912979,740.4883700073697,364.88014399947133,233.56693700770847
7,0,0,0,0,0,0,1,127.4527099885745,185.903331002919,339.2133949964773,166.64569699787535
1,0,0,0,0,0,0,9914,42.5359109940473,55.92993200116325,126.67355700978078,81.0438710032031
3,0,0,0,0,0,0,35,118.57703200075775,167.0284099964192,311.0781539871823,152.8318560012849
19,0,0,0,1,0,1,157,570.4815500066616,650.1673110033153,508.3872350078309,379.65108299977146
1,0,0,0,0,0,0,8399,80.5045190063538,107.91867799707688,244.73986799421255,158.42306599370204
2,0,0,0,0,0,0,36,131.07909199607093,181.60748500667978,331.68882998870686,169.81869599840138
2,0,0,0,0,0,0,28,120.85406799451448,166.01064300630242,310.0102790049277,152.00140899105463
3,0,0,0,0,0,0,35,127.97419499838725,112.59057700226549,168.08620899973903,87.57848798995838
7,0,0,0,2,0,1,82,389.0217180014588,382.5153419893468,498.28079900180455,381.98514700343367
1,0,0,0,0,0,0,8399,78.77034699777141,106.29073900054209,237.27294900163542,154.43101200798992
8,0,0,0,0,0,0,127,89.19083600630984,178.97180900035892,338.21920900663827,170.80644999805372
5,0,0,0,1,0,1,405,424.72073499811813,496.7544219980482,395.73527399625164,227.84755799511913
3,0,0,0,0,0,0,521,115.74935000680853,161.10774599655997,304.4422020029742,152.34905200486537
2,0,0,0,0,0,0,4475,103.7706709903432,143.78196600591764,284.1435209993506,171.36656200455036
1,0,0,0,0,0,0,9914,82.9456789942924,111.1150109936716,248.0625250027515,160.3126709960634
2,0,0,0,0,0,0,4475,108.12231800809968,148.8597919960739,287.03919899999164,168.96690300200135
4,0,0,0,0,0,0,329,129.64066499262117,178.65794200042728,204.673896994791,88.01002400286961
3,0,0,0,0,0,0,331,62.318479001987725,80.87818899366539,206.26860599440988,149.81228699616622
2,0,0,0,0,0,0,4475,103.26802999770734,141.9883719936479,281.64594700501766,166.31538601359352
4,0,0,0,1,0,1,61,127.94651900185272,173.92844599089585,270.98389800812583,82.35410900670104
10,0,0,0,1,0,1,1,116.9758960022591,169.2420699982904,351.0457570082508,158.13507400162052
13,0,0,0,2,0,1,1,134.38048500393052,186.8116700061364,381.15156299318187,177.0992529927753
3,0,0,0,0,0,0,1484,66.46397600707132,88.49710700451396,308.8543589983601,171.61827698873822
2,0,0,0,0,0,0,2666,54.65273899608292,69.98959500924684,143.2060229999479,82.17420800065156
26,0,0,0,1,0,1,19,655.2749690017663,731.9088060030481,402.92118200159166,244.77632700290997
7,0,0,0,0,0,0,16,127.10313699790277,173.30731100810226,328.7581110052997,158.96434300520923
63,0,0,0,2,0,1,1,799.1079259954859,731.9050170044648,515.5819009960396,272.1467849914916
17,0,0,0,2,0,1,1,147.84073100599926,186.8169490044238,374.4039919984061,171.4807690004818
1,0,0,0,0,0,0,8533,99.18707500037272,138.62462199176662,271.34949699393474,154.39706000324804
22,0,0,0,4,0,1,1,479.2226489953464,460.5447659996571,599.2362890101504,376.3655020011356
36,0,0,0,6,0,1,1,375.41515300108586,158.8630269980058,311.50802300544456,87.59366800950374
1,0,0,0,0,0,0,274,113.69516799459234,155.1428719976684,293.1687800009968,147.19116200285498
4,0,0,0,0,0,0,17,127.1476119873114,177.14212999271695,327.80657400144264,164.61751599854324
8,0,0,0,0,0,0,1,126.75689699244685,179.48336400149856,343.7321749952389,168.45268300676253
14,0,0,0,0,0,0,1,120.76149399217684,165.62395700020716,281.6563700034749,76.13011899229605
3,0,0,0,0,0,0,521,114.12701199878938,163.12729500350542,301.31374100164976,148.91554501082283
3,0,0,0,0,0,0,560,83.02406599977985,164.8575389990583,325.3969990037149,168.3639279945055
51,0,0,0,3,0,1,1,727.6135169959161,686.1134769860655,788.9121040061582,501.7112109926529
3,0,0,0,0,0,0,344,64.66602299769875,86.54547299374826,160.85472000122536,79.32699799130205
4,0,0,0,1,0,1,27,363.2456749910489,186.25439899915364,553.7649239995517,178.22588300623465
4,0,0,0,1,0,1,7,130.54636398737784,181.24140398867894,329.43618499848526,165.21790600381792
8,0,0,0,2,0,1,2,128.5285699996166,173.82154100050684,343.62228799727745,158.19463500520214
1,0,0,0,0,0,0,9914,42.74362100113649,55.43068201222923,125.34583099477459,82.15693199599627
11,0,0,0,2,0,1,1,132.10425000579562,182.04192399571184,371.8628049973631,171.81592200358864
1,0,0,0,0,0,0,9122,66.54671300202608,87.59637799812481,222.54324299865402,157.65863900014665
17,0,0,0,3,0,1,1,455.2104829926975,450.74305299203843,611.9321519945515,420.5338280007709
4,0,0,0,0,0,0,44,119.43225900176913,164.4598400016548,308.75651200767606,147.67059800215065
3,0,0,0,0,0,0,4,123.55090999335516,174.74229900108185,176.56751099275425,80.25368499511387
1,0,0,0,0,0,0,1901,55.54150399984792,74.5468700042693,189.95421899307985,148.00607599318027
12,0,0,0,2,0,1,1,138.9929519937141,181.96577001072,367.3205649974989,167.4019399943063
5,0,0,0,1,0,1,19,118.2113139948342,165.94029999396298,263.7755039904732,77.19841299694963
20,0,0,0,3,0,1,1,122.07335900166072,174.12411600525957,383.5497700056294,157.90718399512116
2,0,0,0,0,0,0,4804,59.214116001385264,79.57707901368849,151.2149399932241,92.82072300266009
4,0,0,0,0,0,0,8,122.38513700140174,171.3113349978812,320.5963209911715,157.45435099233873
37,0,0,0,3,0,1,2,575.1063150091795,537.4064390052808,688.3516060042894,436.42387200088706
6,0,0,0,0,0,0,14,123.03642099141143,171.39662099361885,330.0453410047339,158.7227999989409
2,0,0,0,0,0,0,614,123.95634599670302,175.1467450085329,321.1057360022096,165.1204189984128
4,0,0,0,1,0,1,408,127.34945199918002,174.6819739928469,324.49045800603926,165.1234610035317
38,0,0,0,2,0,1,13,631.1559659952763,599.8618540033931,589.1095870028948,316.3779589958722
1,0,0,0,0,0,0,8533,98.16172299906611,139.06319499074016,265.3768400050467,79.16933100204915
1,0,0,0,0,0,0,8533,97.83782699378207,136.8826959951548,270.8119549934054,153.9228759938851
2,0,0,0,0,0,0,1827,109.36614499951247,95.12345500115771,281.81170100288,151.52338799089193
1,0,0,0,0,0,0,2186,109.08979798841756,151.70173399383202,289.1575129906414,149.05517701117788
11,0,0,0,1,0,1,1,70.28824300505221,90.11898099561222,312.2244980040705,169.16560799290892
4,0,0,0,1,0,1,71,372.83696701342706,183.20164999749977,553.1105010013562,172.74711999925785
9,0,0,0,1,0,1,233,544.1953460103832,542.6790440105833,483.4504650061717,493.3305449958425
3,0,0,0,0,0,0,472,125.18522099708207,176.21543900168035,324.3091830081539,165.1675780012738
4,0,0,0,0,0,0,7,124.30082699574996,171.90582799958065,319.94609801040497,158.37767500488553
1,0,0,0,0,0,0,1901,105.48267100239173,145.17754600092303,284.27080599067267,148.15432399336714
6,0,0,0,1,0,1,1,194.23696299782023,94.01325500220992,293.770926000434,87.23520200874191
9,0,0,0,1,0,1,210,119.59537399525288,165.62196699669585,333.30575200670864,152.86260799621232
2,0,0,0,0,0,0,3160,116.32133201055694,164.29142699053045,298.08756499551237,152.9270190076204
2,0,0,0,0,0,0,3532,109.59641999215819,155.98920099728275,290.99786600272637,169.55597800551914
2,0,0,0,0,0,0,3627,115.15677400166169,160.26570698886644,304.10073800885584,169.14270000415854
71,0,0,0,6,0,1,1,547.6359570020577,524.7828919964377,768.2335790013894,364.2944329913007
2,0,0,0,0,0,0,10,126.22519399155863,178.93315599940252,325.1313999935519,163.7902789952932
51,0,0,0,13,0,1,1,72.76701700175181,93.32815599918831,283.1987199897412,106.88571499485988
1,0,0,0,0,0,0,9122,66.08685999526642,88.47705800144468,139.84067700221203,140.05991999874823
5,0,0,0,1,0,1,46,122.46078500174917,169.28540299704764,324.00449700071476,155.12401700834744
11,0,0,0,0,0,0,3,124.03205200098455,173.54708998755086,337.6606210076716,156.0169509903062
25,0,0,0,3,0,1,1,448.2155489968136,440.570802995353,595.9475970012136,391.7273999977624
2,0,0,0,0,0,0,3532,111.99090800073463,154.04175700678024,293.3575259958161,146.7345159908291
3,0,0,0,0,0,0,3,119.00840399903245,166.05486499611288,310.9750959993107,150.7831199996872
15,0,0,0,2,0,1,13,470.02581700508017,308.4008299920242,284.6645259996876,321.9171610107878
10,0,0,0,1,0,1,2,117.32646000746172,162.27702600008342,332.95236399862915,147.57991301303264
6,0,0,0,1,0,1,29,133.04445199901238,180.47334099537693,346.32391699415166,155.66958699491806
3,0,0,0,0,0,0,1626,127.60986499779392,179.87713099864777,328.44070901046507,174.60143798962235
2,0,0,0,0,0,0,1320,61.646456000744365,84.9008649965981,242.41083300148603,157.0085480052512
11,0,0,0,1,0,1,1,132.20747900777496,182.99103000026662,367.23980799433775,173.80913000670262
1,0,0,0,0,0,0,9914,80.37210199108813,107.61015399475582,248.42253600945696,162.9629139933968
3,0,0,0,0,0,0,169,120.06976701377425,168.42722200090066,310.34004800312687,161.12954399432056
12,0,0,0,2,0,1,1,133.48910698550753,183.16349400265608,353.5000760020921,174.7082119982224
13,0,0,0,1,0,1,11,592.8653980081435,669.8081310023554,527.7287890057778,407.7164750051452
7,0,0,0,1,0,1,3,127.55291898793075,170.5732020054711,340.59556300053373,157.66602600342594
1,0,0,0,0,0,0,8533,97.83011299441569,139.54992400249466,276.2944589921972,155.43229400645941
2,0,0,0,0,0,0,2326,122.98843399912585,173.63806899811607,317.316088010557,173.099347986863
36,0,0,0,2,0,1,2,561.0158560011769,533.2012910075719,610.3249829902779,425.33194400311913
42,0,0,0,2,0,1,3,347.414944000775,326.93891000235453,212.15543399739545,96.48456799914129
15,0,0,0,3,0,1,1,374.01378600043245,184.7010460041929,604.5597980119055,173.22553100530058
3,0,0,0,0,0,0,368,121.26869999337941,169.8124600079609,316.41385798866395,157.01458799594548
2,0,0,0,0,0,0,286,66.83489699207712,89.51504199649207,164.80672000034247,85.32806800212711
2,0,0,0,0,0,0,4475,104.35757000232115,145.27766699029598,284.5527830068022,171.19754799932707
3,0,0,0,0,0,0,40,121.88939200132154,168.97963600058574,310.69290700543206,151.4879480091622
8,0,0,0,1,0,1,1,376.93718800437637,181.0784870031057,587.6332699990598,173.35050599649549
55,0,0,0,13,0,1,1,365.02336799458135,187.3480830108747,755.7892490003724,173.95492098876275
3,0,0,0,0,0,0,681,126.95670100220013,175.78086000867188,325.3661449998617,169.50926699792035
1,0,0,0,0,0,0,8399,80.07628499763086,106.5709219983546,240.69897300796583,155.8094810025068
3,0,0,0,1,0,1,1445,270.91579799889587,325.7459279993782,421.4698860014323,350.5739620013628
125,0,0,0,22,0,1,1,73.66780200391077,93.49529299652204,421.608449993073,89.10801699676085
3,0,0,0,0,0,0,1484,126.09700800385326,172.0087410067208,318.3018129930133,170.24931599735282
10,0,0,0,2,0,1,1,125.82251800631639,175.7450300065102,351.89817399077583,159.3464000034146
2,0,0,0,0,0,0,286,125.6892339879414,177.10905699641444,322.6880269940011,166.30467800132465
26,0,0,0,5,0,1,1,482.33056800381746,454.8259659932228,642.3773769929539,371.0908130015014
7,0,0,0,0,0,0,2,128.06960199668538,181.04071800189558,345.24889099702705,169.95826100173872
3,0,0,0,0,0,0,433,63.8825650094077,84.18772200820968,159.44520800258033,136.19802400353365
5,0,0,0,1,0,1,21,129.24865800596308,175.84215900569689,333.78388499841094,157.04440498666372
5,0,0,0,0,0,0,3,128.82375600747764,181.58748900168575,242.17783499625511,88.22774999134708
14,0,0,0,1,0,1,1,131.03790699096862,182.0653839968145,368.44960499729495,172.57093600346707
2,0,0,0,0,0,0,3160,116.57637300959323,163.5511050117202,301.124110003002,156.00686900143046
2,0,0,0,0,0,0,33,62.29255699145142,81.7788119893521,155.3552630066406,77.65074599592481
2,0,0,0,0,0,0,3095,114.76028501056135,160.39316200476605,301.5823599998839,167.4135049979668
20,0,0,0,1,0,1,72,764.1216939955484,847.1114269923419,600.8010730001843,461.4846929907799
3,0,0,0,0,0,0,154,126.3037510070717,172.1959739952581,323.1481650000205,167.72976200445555
2,0,0,0,0,0,0,1607,114.42119200364687,159.92877799726557,302.352783997776,158.57022900308948
15,0,0,0,2,0,1,1,64.70676801109221,86.24171299743466,186.8173770053545,80.78731301066
44,0,0,0,1,0,1,1,129.27995799691416,178.66227601189166,448.41868299408816,161.05425999558065
1,0,0,0,0,0,0,9122,67.73751100990921,89.06988799571991,220.6450119992951,157.28122799191624
22,0,0,0,4,0,1,1,491.079642000841,394.07049100555014,320.64336200710386,159.64221299509518
3,0,0,0,0,0,0,14,71.2197999964701,161.84065901325084,304.80434399214573,147.6751080044778
4,0,0,0,1,0,1,375,120.29212999914307,163.85143699881155,315.6037440057844,175.88780300866347
10,0,0,0,2,0,1,4,369.8532400012482,183.30850701022428,508.2336110062897,176.16264200478327
9,0,0,0,1,0,1,1,121.40966800507158,173.59186400426552,346.30524199747015,160.0881149934139
22,0,0,0,7,0,1,9,407.51206400454976,385.9595489921048,655.6395229999907,232.45355300605297
2,0,0,0,0,0,0,36,131.50448798842262,181.83688500721473,330.53609100170434,170.6243340013316
7,0,0,0,0,0,0,1,125.23878700449131,171.24712099030148,328.1346700096037,158.26090300106443
3,0,0,0,1,0,1,6,369.5411869994132,449.7596659930423,546.8865160073619,465.0234899891075
10,0,0,0,1,0,1,85,514.9041260010563,598.5503999982029,561.6785219899612,456.7787489941111
5,0,0,0,0,0,0,1,78.78945999254938,90.25352699973155,272.42277799814474,163.82745500595775
5,0,0,0,0,0,0,3,68.64643600420095,96.83274599956349,188.5382809996372,172.4017009983072
2,0,0,0,0,0,0,4475,103.72993799683172,146.29413600778207,284.72546000557486,169.48039799171966
2,0,0,0,0,0,0,966,112.32219000521582,130.35591000516433,290.8392989920685,80.54835400253069
8,0,0,0,0,0,0,1,128.68004199117422,156.8011279887287,250.90628500038292,168.50563600019086
6,0,0,0,1,0,1,142,104.26984800142236,87.25945300830062,245.35347400524188,158.3383739925921
2,0,0,0,0,0,0,4475,55.507227007183246,73.16531099786516,144.76598100736737,87.09566300967708
2,0,0,0,0,0,0,4804,113.61611100437585,157.9480729997158,300.89359200792387,177.21356300171465
1,0,0,0,0,0,0,9230,54.123980007716455,70.97295499988832,201.11351099330932,152.07830700092018
3,0,0,0,0,0,0,1070,126.23576101032086,178.612413990777,329.9822109984234,171.69179700431414
5,0,0,0,1,0,1,2,368.1751020048978,180.706161991111,556.8003249936737,172.50470900034998
2,0,0,0,0,0,0,1320,119.02646800444927,166.9167899963213,305.2451229887083,157.82206600124482
4,0,0,0,0,0,0,408,68.91949199780356,92.25983200303745,170.44087300018873,88.25161500135437
9,0,0,0,2,0,1,9,371.14129299880005,184.58221499167848,584.7777559974929,176.66319898853544
3,0,0,0,1,0,1,1479,300.1664680050453,400.99175200157333,517.4493169906782,443.61018600466195
1,0,0,0,0,0,0,8399,79.17720099794678,107.44316800264642,244.93839299248066,157.79738500714302
1,0,0,0,0,0,0,9230,53.580589999910444,69.72743599908426,198.73226901108865,151.62972299731337
5,0,0,0,1,0,1,405,415.0894219928887,484.5556590007618,527.4317519942997,440.5136579880491
6,0,0,0,1,0,1,188,465.2001990034478,549.5956459926674,545.5051379976794,244.91641399799846
2,0,0,0,0,0,0,1320,64.47946099797264,130.2127119997749,302.1594460005872,155.69122199667618
3,0,0,0,0,0,0,286,120.94162500579841,172.58603499794845,316.30185899848584,155.66159499576315
1,0,0,0,0,0,0,1511,109.01870699308347,152.7653250086587,288.41992501111235,147.82248799747322
5,0,0,0,0,0,0,50,132.35999099561013,180.15036400174722,336.38047700515017,169.49383199971635
11,0,0,0,2,0,1,7,124.08178200712427,169.35458699299488,346.343657001853,147.1726210002089
1,0,0,0,0,0,0,8399,78.99991300655529,106.76485000294633,242.0393009961117,155.17352399183437
1,0,0,0,0,0,0,8533,51.35394100216217,74.71534000069369,271.99825199204497,155.34775200649165
5,0,0,0,1,0,1,36,140.13800300017465,182.9622719960753,314.4216829969082,150.94165499613155
2,0,0,0,0,0,0,1827,108.8489079993451,152.56510500330478,287.4089940014528,147.78930800093804
4,0,0,0,1,0,1,71,295.0654839951312,91.65531200414989,321.2009190028766,174.04509599145968
24,0,0,0,2,0,1,11,575.3579630109016,547.1718780027004,626.4215589908417,465.25796900095884
1,0,0,0,0,0,0,9122,66.67232399922796,86.50635300728027,222.2409540117951,158.51059499254916
2,0,0,0,0,0,0,1340,115.436051011784,163.29904900339898,301.724707998801,155.605847001425
5,0,0,0,0,0,0,46,120.68182199436706,170.28263499378227,324.1894499951741,158.89566398982424
1,0,0,0,0,0,0,8533,97.37947699613869,136.25508300901856,272.63511999626644,100.62648200255353
2,0,0,0,0,0,0,2666,104.37194599944633,142.25695400091354,278.7422060064273,159.94519500236493
1,0,0,0,0,0,0,1901,54.75517999730073,74.22090899490286,173.8681480055675,147.8510360029759
2,0,0,0,0,0,0,85,117.76782000379171,169.6683930058498,301.28405000141356,146.84756800124887
3,0,0,0,0,0,0,527,123.46907799656037,171.05207200802397,314.21318899083417,173.691311996663
12,0,0,0,2,0,1,1,130.93251900863834,167.94259600283112,317.6912600029027,80.9566759999143
4,0,0,0,0,0,0,215,78.25416800915264,111.72952700871974,253.90060400241055,156.60082999966107
12,0,0,0,1,0,1,1,116.06160600786097,179.2889190110145,358.3811710122973,165.99647999100853
3,0,0,0,0,0,0,472,125.73659999179654,94.51176799484529,260.88396899285726,165.32729200844187
3,0,0,0,0,0,0,116,121.61232600919902,170.6288429995766,316.13501100218855,167.6283590059029
2,0,0,0,0,0,0,4475,105.51227600080892,144.63190399692394,194.07849499839358,130.03104999370407
4,0,0,0,1,0,1,41,372.09730499307625,184.3720999895595,551.8564649973996,172.2954760043649
1,0,0,0,0,0,0,9230,53.8532250066055,70.11241299915127,201.9230849982705,151.4837510039797
2,0,0,0,0,0,0,966,117.08922500838526,162.36203000880778,304.29087299853563,155.3992770059267
5,0,0,0,1,0,1,1,361.43945100775454,186.75158600672148,556.9540720025543,175.8849839970935
2,0,0,0,0,0,0,966,61.58584500371944,82.11374400707427,156.48195099493023,97.45770499284845
101,0,0,0,5,0,1,1,548.735668999143,613.488906994462,699.2185330018401,311.3748269970529
2,0,0,0,0,0,0,856,118.2690179994097,167.20314799749758,307.3143179935869,155.80134600168094
118,0,0,0,23,0,1,1,70.3839289926691,91.40072000445798,753.297137998743,171.25337400648277
6,0,0,0,1,0,1,3,107.48232300102245,143.16230500116944,334.8282009974355,158.36893999949098
3,0,0,0,0,0,0,521,116.90968699986115,163.31038300995715,241.30638600036036,149.47690699773375
37,0,0,0,3,0,1,1,569.3215780047467,533.4913620026782,577.9333859973121,434.6613020024961
4,0,0,0,0,0,0,27,125.90625599841587,174.62664299819153,323.62660599756055,154.41858999838587
1,0,0,0,0,0,0,1901,107.52408800181001,134.8714540072251,147.94337000057567,75.88477000535931
2,0,0,0,0,0,0,877,125.54668298980687,182.7781629981473,317.7395800012164,163.94524999486748
2,0,0,0,0,0,0,4475,103.18409600586165,145.4588619963033,280.6163749919506,168.04589700768702
3,0,0,0,0,0,0,9,123.3205049938988,171.93698401388247,310.0289339927258,149.51309299794957
2,0,0,0,0,0,0,7,116.81618800503202,164.13234900392126,301.60625399730634,148.2649060053518
2,0,0,0,0,0,0,4804,114.40566601231694,157.0143580029253,297.4027210002532,174.33354099921416
3,0,0,0,0,0,0,368,64.78562699339818,85.03231599752326,163.57735100609716,83.0001690046629
4,0,0,0,1,0,1,132,228.24543999740854,155.86704399902374,578.4526500065112,181.64736799371894
11,0,0,0,2,0,1,7,124.80455399781931,164.93764199549332,343.7141780013917,148.6505409993697
3,0,0,0,0,0,0,1862,121.29757100774441,170.3052380034933,317.82701100746635,171.71501900884323
2,0,0,0,0,0,0,2326,121.77792799775489,167.75870299898088,312.9901770007564,172.70282399840653
12,0,0,0,0,0,0,1,97.40372799569741,85.30674000212457,174.9341090035159,138.9077299972996
6,0,0,0,1,0,1,18,120.20403800124768,172.11477299861144,333.0407620087499,157.19448099844158
4,0,0,0,0,0,0,383,122.58387000474613,171.9796670076903,180.04160300188232,149.57481999590527
3,0,0,0,0,0,0,602,129.96520000160672,180.68618699908257,217.76499699626584,88.400737993652
47,0,0,0,3,0,1,1,568.793757003732,621.8307710078079,591.5288550022524,212.50341000268236
4,0,0,0,0,0,0,384,126.48502401134465,179.43391200969927,333.2522489945404,172.80292000214104
4,0,0,0,0,0,0,383,120.66404499637429,168.6421789927408,316.63018999097403,177.80283000320196
3,0,0,0,0,0,0,472,126.42991299799178,173.85044100228697,323.2969289965695,168.13573300896678
8,0,0,0,1,0,1,1,131.00842499989085,180.45460700523108,352.31519099033903,167.37930399540346
2,0,0,0,0,0,0,3627,118.09479200746864,165.00339000776876,306.40426100580953,166.40622800332494
4,0,0,0,1,0,1,184,125.39593600376975,169.92431500693783,285.83163701114245,175.893637991976
1,0,0,0,0,0,0,9122,66.81075799860992,89.05692200642079,222.45187898806762,158.62271199875977
4,0,0,0,0,0,0,4,122.80917099269573,168.10683500079904,291.8963839911157,77.62577800895087
10,0,0,0,0,0,0,1,132.1937809989322,183.26091099879704,353.32534000917803,109.59125100634992
14,0,0,0,3,0,1,11,270.3040990018053,233.2906230003573,305.7680390047608,330.95848199445754
4,0,0,0,1,0,1,118,365.5711239989614,205.26794099714607,554.5198260078905,196.34793500881642
35,0,0,0,4,0,1,1,443.31682899792213,438.5391869873274,748.2471859984798,455.6396499974653
1,0,0,0,0,0,0,9122,35.54736799560487,80.04873900790699,222.40794499521144,159.01597699848935
2,0,0,0,0,0,0,2666,76.21939700038638,71.65694200375583,270.5934459954733,156.9416319980519
35,0,0,0,3,0,1,1,665.9804139926564,626.2314019986661,650.9400269860635,427.3434539936716
6,0,0,0,1,0,1,2,369.99206501059234,181.80945799394976,542.350905991043,86.05624901247211
61,0,0,0,12,0,1,1,124.97006000194233,126.34323300153483,589.5625989942346,167.09716600598767
11,0,0,0,2,0,1,1,386.64233799499925,181.1678460071562,582.7471559896367,172.9748829966411
29,0,0,0,2,0,1,1,612.6528109889477,315.225123995333,375.7293039961951,230.45730000012554
98,0,0,0,7,0,1,1,583.9097279967973,558.8225450046593,877.1239649940981,372.946185991168
22,0,0,0,4,0,1,1,374.88109299738426,182.40115899243392,636.8874979962129,173.7154250004096
5,0,0,0,0,0,0,6,130.3782929899171,181.08964400016703,338.2021569996141,169.2652729980182
57,0,0,0,11,0,1,1,132.41475701215677,179.8509600048419,551.9608270114986,168.7328500120202
3,0,0,0,0,0,0,1484,124.4848189962795,139.38482600497082,229.45385400089435,170.99172800953966
5,0,0,0,0,0,0,5,130.28993700572755,186.0437730065314,336.67637400503736,171.06977298681159
2,0,0,0,0,0,0,2666,53.09839200344868,69.39830401097424,142.023006992531,83.93613000225741
8,0,0,0,1,0,1,2,130.76035300036892,206.8204050010536,338.88138899055775,156.73955199599732
9,0,0,0,0,0,0,1,122.43019101151731,170.97349000687245,283.3987600024557,82.28709299874026
3,0,0,0,0,0,0,1862,124.0218629973242,171.9188740098616,316.6401899943594,172.022143000504
8,0,0,0,2,0,1,146,337.8888589941198,326.5729639970232,520.291990993428,193.2337550097145
3,0,0,0,0,0,0,169,118.997205994674,167.0016249991022,313.1792950007366,160.69986400543712
12,0,0,0,1,0,1,39,541.6259729972808,200.95439501164947,563.9776489988435,93.74219000164885
2,0,0,0,0,0,0,1556,58.68923700472806,79.16663700598292,249.22168000193778,155.98547999979928
19,0,0,0,4,0,1,1,130.8303359983256,180.45594499562867,403.628143001697,162.4879199953284
4,0,0,0,0,0,0,50,125.39920199196786,181.03792799229268,323.229679997894,163.99958900001366
2,0,0,0,0,0,0,4804,114.21686899848282,157.22788800485432,295.17710000800434,172.5292460032506
5,0,0,0,0,0,0,195,130.1507869939087,179.59046000032686,336.3392429891974,173.19371498888358
3,0,0,0,0,0,0,1484,124.65696599974763,174.4127669953741,321.99401600519195,169.77379500167444
5,0,0,0,1,0,1,23,128.38365700736176,173.86994100525044,331.0496540070744,157.5903839984676
40,0,0,0,7,0,1,1,126.23710100888275,162.77965500194114,462.7574750047643,147.02909799234476
1,0,0,0,0,0,0,3085,53.40019799768925,118.00370500714052,278.4131310036173,150.73169000970665
1,0,0,0,0,0,0,8533,98.1149339932017,136.08452999324072,273.1043759995373,157.0843329973286
4,0,0,0,0,0,0,39,62.750623997999355,83.89762400474865,158.27400400303304,76.53024599130731
6,0,0,0,1,0,1,65,399.85969199915417,94.72298999025952,460.61733800161164,176.5616350021446
2,0,0,0,0,0,0,3160,118.28874200000428,163.73001999454573,256.5905530063901,78.35772700491361
2,0,0,0,0,0,0,1340,115.12171498907264,162.84404600446578,306.54738399607595,168.22013699857052
2,0,0,0,0,0,0,709,114.51174799003638,159.12570200453047,302.49767200439237,166.84198399889283
8,0,0,0,0,0,0,1,120.15950299974065,168.70257099799346,205.82954000565223,77.01166400511283
6,0,0,0,0,0,0,68,119.27469000511337,169.35614000249188,324.9602769938065,128.83223401149735
2,0,0,0,0,0,0,360,115.73689999931958,159.7478420007974,298.185025996645,147.9186079959618
4,0,0,0,0,0,0,528,65.4637690022355,149.21250600309577,316.47304599755444,160.74008999567013
2,0,0,0,0,0,0,224,126.15299099707045,173.13116299919784,318.02346200856846,166.45070700906217
31,0,0,0,1,0,1,1,125.00387799809687,170.23878000327386,402.45988400420174,160.04568499920424
1,0,0,0,0,0,0,8533,51.150835992302746,132.94150900037494,268.7884490005672,154.799086987623
5,0,0,0,1,0,1,19,120.35145999107044,165.04469099163543,317.4998260074062,151.65846000309102
1,0,0,0,0,0,0,8399,79.99814000504557,107.9483110079309,243.13473899383098,157.39650999603327
2,0,0,0,0,0,0,3532,109.13182300282642,153.1402389955474,294.36976100259926,168.265471002087
1,0,0,0,0,0,0,9914,80.46646999719087,64.98160198680125,125.74713501089718,80.780128002516
3,0,0,0,0,0,0,12,68.16342299862299,90.92013900226448,251.87130000267643,165.80409700691234
5,0,0,0,1,0,1,10,135.30834300036076,188.72964500042144,353.5873270011507,178.67823400592897
1,0,0,0,0,0,0,8533,100.5179809872061,137.61684199562296,276.45415799634065,155.4804659972433
5,0,0,0,0,0,0,104,122.22341699816752,174.24652598856483,326.5265410009306,160.70294298697263
1,0,0,0,0,0,0,9914,42.50188400328625,55.29972600925248,201.57814399863128,123.62219201168045
13,0,0,0,2,0,1,1,117.2353170113638,166.30086100485642,349.25566299352795,147.20829299767502
20,0,0,0,3,0,1,1,478.8952799863182,464.60477499931585,615.2176839968888,413.89325199997984
2,0,0,0,0,0,0,3532,111.67649499839172,156.40898900164757,150.6200669973623,87.20328699564561
2,0,0,0,0,0,0,2326,123.26726100582164,169.65218201221433,316.3722199969925,169.89826200006064
1,0,0,0,0,0,0,8533,50.874665001174435,68.42442000925075,260.30821600579657,154.63772999646608
4,0,0,0,1,0,1,7,131.31916099519003,179.114266007673,329.8111009935383,163.1422739883419
8,0,0,0,1,0,1,62,453.1659570056945,197.17188199865632,549.9535839917371,184.4709650031291
2,0,0,0,0,0,0,1340,117.7348330093082,161.68851300608367,221.4228240045486,85.35781300452072
3,0,0,0,0,0,0,467,68.57822499296162,124.2436720058322,328.6741910123965,170.1606940041529
2,0,0,0,0,0,0,3532,105.44282199407462,130.8475820114836,296.5584490011679,170.70518700347748
2,0,0,0,0,0,0,3532,59.0781020000577,77.35070699709468,149.73669599567074,85.15297900885344
3,0,0,0,0,0,0,63,122.70024399913382,174.08062699541915,318.56903999869246,156.05151100317016
7,0,0,0,0,0,0,1,123.24620201252401,175.60482800763566,325.3357390058227,153.37286199792288
4,0,0,0,0,0,0,2,127.04309400578495,175.34040300233755,327.056251000613,165.4059329885058
7,0,0,0,1,0,1,266,486.1282990023028,562.9589710006258,566.9483380042948,461.7190589924576
2,0,0,0,0,0,0,3532,58.55396599508822,77.75625500653405,184.4135599967558,167.48211601225194
19,0,0,0,2,0,1,1,559.8200550011825,536.6585660085548,701.1779800086515,204.3400569964433
13,0,0,0,3,0,1,6,125.82481499703135,168.4614680125378,276.54594100022223,77.58477800234687
9,0,0,0,1,0,1,25,372.1757710009115,184.27124700974673,379.83864299894776,174.80342999624554
3,0,0,0,0,0,0,111,118.65902300633024,167.1329820092069,313.72931398800574,154.13028599868994
3,0,0,0,0,0,0,521,116.29578498832416,161.32429000572301,301.6529609885765,149.79751499777194
1,0,0,0,0,0,0,8533,97.9290690011112,136.37173100141808,271.21659999829717,153.1765769905178
4,0,0,0,0,0,0,117,68.24625399895012,93.27358199516311,171.66757299855817,126.74057400727179
11,0,0,0,1,0,1,59,414.1890089958906,496.3045170006808,684.1227010008879,572.3774510115618
21,0,0,0,2,0,1,5,748.7549640063662,702.137598011177,675.5699369969079,521.3241319870576
3,0,0,0,0,0,0,521,117.94274100975599,162.1629809960723,305.43183999543544,150.6460880045779
3,0,0,0,0,0,0,22,117.43512398970779,164.4509809993906,309.8933279979974,152.72988000651821
3,0,0,0,0,0,0,489,126.21143499563914,171.68140500143636,182.51276398950722,79.46215299307369
1,0,0,0,0,0,0,9122,66.02117100555915,87.98588300123811,217.33543000300415,155.70383200247306
1,0,0,0,0,0,0,8533,51.51923999073915,70.67469500179868,140.7423939963337,79.48527300322894
1,0,0,0,0,0,0,9230,55.22679799469188,70.53059199824929,203.5338270070497,152.2311919979984
1,0,0,0,0,0,0,9230,53.522560992860235,69.1903909901157,199.401288991794,152.42231800220907
2,0,0,0,0,0,0,1998,110.31922399706673,151.14405100757722,291.58529901178554,145.37623099749908
4,0,0,0,0,0,0,1,125.3061110037379,176.00069499167148,315.97590900491923,154.62488899356686
4,0,0,0,0,0,0,103,94.79625700623728,90.6941630091751,171.7185099987546,164.14739500032738
70,0,0,0,13,0,1,1,133.07691999943927,181.58034300722647,607.7711340039968,172.30533900146838
2,0,0,0,0,0,0,3532,111.77153799508233,153.03498499270063,293.3156700019026,168.8776999944821
117,0,0,0,9,0,1,1,638.5873789986363,596.2768760073232,675.1749209943227,158.18006900371984
25,0,0,0,5,0,1,1,124.64707499020733,180.4897020047065,428.54843199893367,166.459757994744
1,0,0,0,0,0,0,9914,42.694425996160135,98.82325300714001,245.57342598563991,163.04835799383
10,0,0,0,3,0,1,34,355.62887899868656,182.0197439956246,548.5436970047886,176.94096599007025
1,0,0,0,0,0,0,8399,42.14087199943606,55.197994006448425,217.64365000126418,157.17047700309195
7,0,0,0,2,0,1,82,390.32091198896524,386.4066780079156,499.6478599932743,388.55776900891215
4,0,0,0,0,0,0,310,64.21681700157933,85.00864599773195,163.9281999960076,81.36290000402369
35,0,0,0,3,0,1,1,549.1958229977172,527.5834099884378,681.643340998562,441.6854360024445
2,0,0,0,0,0,0,1290,113.64433901326265,160.59022099943832,298.09825800475664,157.6895619946299
6,0,0,0,0,0,0,2,117.5613550003618,164.09160700277425,316.47142898873426,146.75362101115752
8,0,0,0,1,0,1,1,129.99690599099267,180.2808970096521,351.5636340016499,168.40914799831808
5,0,0,0,1,0,1,405,419.2718209960731,429.25049099721946,536.4621750049992,442.2104400000535
11,0,0,0,1,0,1,1,122.95656801143195,169.73453700484242,339.73545901244506,148.69214200007264
7,0,0,0,0,0,0,1,122.90675300755538,171.32503299217205,327.15934699808713,156.67072399810422
3,0,0,0,0,0,0,368,121.29585399816278,166.670177000924,314.61223399674054,160.06794599525165
7,0,0,0,0,0,0,1,116.26917499233969,160.9343050076859,317.2791889955988,145.41499700862914
30,0,0,0,3,0,1,1,464.19470600085333,450.7068260136293,681.1532139981864,202.6740130095277
14,0,0,0,2,0,1,1,421.4592160133179,181.7688459996134,542.7955890045268,174.2725740041351
3,0,0,0,1,0,1,594,364.4592199998442,438.10990899510216,547.0927839924116,465.02668199536856
2,0,0,0,0,0,0,3627,117.49007299658842,165.75900500174612,160.47282300132792,86.22113199089654
3,0,0,0,0,0,0,1484,66.32965299650095,89.40058699226938,298.8722550071543,171.43366899108514
4,0,0,0,1,0,1,8,128.05037399812136,179.6279390109703,328.4932149981614,164.69536699878518
1,0,0,0,0,0,0,8533,98.04313399945386,134.99993899313267,272.8563159907935,154.592645005323
1,0,0,0,0,0,0,9230,52.36108299868647,68.23259699740447,198.88277399877552,150.49217200430576
69,0,0,0,3,0,1,1,356.3310900062788,334.17177299270406,535.4653399990639,282.96264800883364
23,0,0,0,4,0,1,1,128.0820469983155,172.75001599045936,405.9026589966379,165.65761000674684
2,0,0,0,0,0,0,281,116.26830000022892,159.7017269959906,300.0494659936521,149.44110599753913
32,0,0,0,2,0,1,4,777.2264960076427,732.1559489937499,692.1502390032401,401.6742920066463
3,0,0,0,0,0,0,455,118.39833699923474,107.16301600041334,204.5787399983965,160.77869798755273
1,0,0,0,0,0,0,9914,81.23264800815377,111.89213300531264,242.7812929963693,159.0160189953167
6,0,0,0,1,0,1,2,197.1215800003847,92.13114299927838,506.44397299038246,171.6891160031082
6,0,0,0,1,0,1,7,121.60226100240834,168.06875199836213,324.46712799719535,150.9961249976186
32,0,0,0,4,0,1,1,130.87503900169395,170.9765139967203,424.62949900073,158.81612300290726
27,0,0,0,5,0,1,2,129.561421010294,169.65518599317875,426.1812080076197,157.39326699986123
3,0,0,0,0,0,0,472,128.6434319918044,181.4032859983854,328.33943399600685,168.0042299994966
12,0,0,0,2,0,1,4,408.2137999939732,381.74261299718637,515.2390079892939,199.0175319951959
2,0,0,0,0,0,0,3532,108.31605600833427,134.84756799880415,149.18728699558415,85.38347399735358
3,0,0,0,0,0,0,489,119.96660100703593,170.16222899837885,321.0308679990703,154.8459440091392
9,0,0,0,3,0,1,139,333.2915919891093,328.4395310038235,528.9637359965127,341.33397400728427
7,0,0,0,0,0,0,1,130.65463599923532,187.327619001735,343.60466999351047,171.86191299697384
68,0,0,0,10,0,1,1,465.3201059991261,446.19045600120444,818.1995329941856,233.42098599823657
4,0,0,0,0,0,0,1,117.78513999888673,165.19800500827841,311.41148500319105,149.17966700159013
1,0,0,0,0,0,0,2186,58.00910301331896,76.11238599929493,147.64478300639894,76.77381599205546
6,0,0,0,1,0,1,64,347.39487699698657,175.17621000297368,518.4647739952197,179.02010900434107
27,0,0,0,2,0,1,9,243.54744800075423,234.18247800145764,507.4814860126935,480.4779359983513
5,0,0,0,0,0,0,1,116.92830000538379,160.7075670035556,310.8918050129432,147.75246499630157
3,0,0,0,0,0,0,489,120.0442720000865,169.04478099604603,317.50029399699997,153.4274730074685
4,0,0,0,0,0,0,84,119.83029999828432,166.37650100165047,310.3168460074812,150.3027650032891
6,0,0,0,1,0,1,163,139.56658499955665,174.6959349984536,324.2765040049562,87.94055499311071
12,0,0,0,1,0,1,2,359.06590201193467,188.7071119999746,554.7526730078971,178.321227998822
1,0,0,0,0,0,0,8533,99.76030499092303,139.32699398719706,275.8639150124509,155.20552199450321
29,0,0,0,2,0,1,1,664.4633579999208,506.0111620114185,398.8789379945956,191.22582899581175
6,0,0,0,0,0,0,1,129.585374990711,183.87393100420013,344.2724649939919,170.26744000031613
8,0,0,0,0,0,0,1,66.02580400067382,88.74227100750431,172.51027000020258,82.13549100037199
2,0,0,0,0,0,0,33,121.153495987528,165.05948999838438,304.58748000091873,148.37592199910432
1,0,0,0,0,0,0,9230,53.93332599487621,69.12014400586486,200.8988900051918,153.7427229923196
7,0,0,0,0,0,0,4,118.78438301209826,164.86860098666511,325.00931998947635,101.48735299299005
6,0,0,0,1,0,1,13,373.5702950070845,181.77059500885662,563.5316180123482,172.80077500618063
1,0,0,0,0,0,0,8533,51.9107980071567,70.1609599927906,212.07576399319805,156.5498599957209
1,0,0,0,0,0,0,303,112.74288799904753,158.12887500214856,292.973023999366,144.89794299879577
1,0,0,0,0,0,0,8533,100.67947300558444,138.26212398998905,273.98025400179904,155.12348100310192
14,0,0,0,3,0,1,11,411.2342770094983,454.3403840070823,585.2449810045073,404.1658119967906
1,0,0,0,0,0,0,8399,80.02832999045495,106.9708709983388,242.5136779929744,156.60874798777513
8,0,0,0,2,0,1,8,435.4967340041185,419.12323200085666,510.7212000002619,132.31964499573223
7,0,0,0,0,0,0,10,120.9089199983282,162.34159099985845,318.20048300141934,148.97489499708172
4,0,0,0,0,0,0,8,127.85645500116516,177.19320999458432,326.6892849933356,163.56313400319777
1,0,0,0,0,0,0,9122,65.71227998938411,87.79315499123186,196.02904199564364,156.54092299519107
1,0,0,0,0,0,0,8533,98.62423301092349,139.73464000446256,235.14931900717784,155.54397799132857
14,0,0,0,3,0,1,9,408.1138879992068,387.2369169985177,416.29419699893333,222.21715199702885
155,0,0,0,9,0,1,1,651.8231379886856,611.6793949913699,814.9394180072704,135.75778299127705
1,0,0,0,0,0,0,8399,78.43847700860351,107.5478370039491,238.51611599093303,154.5147349970648
3,0,0,0,0,0,0,1862,121.63620899082161,172.51534100796562,317.4529699899722,171.22950599878095
3,0,0,0,0,0,0,70,94.36732598987874,90.4806530015776,165.95849298755638,84.43919400451705
3,0,0,0,0,0,0,70,115.64500899112318,162.40698400360998,306.0051649954403,148.46847699664067
2,0,0,0,0,0,0,4475,103.60291598772164,143.65388899750542,285.06931201263797,170.52653299469966
1,0,0,0,0,0,0,8399,44.02919100539293,105.70179599744733,237.44334500224795,157.04954600369092
2,0,0,0,0,0,0,4804,112.84690200409386,157.83951099729165,293.04112899990287,176.73812599969096
19,0,0,0,4,0,1,1,292.936144003761,396.1989630042808,564.0978960000211,350.9286820044508
6,0,0,0,1,0,1,65,396.19534800294787,187.40811399766244,555.9235830005491,87.04558899626136
10,0,0,0,2,0,1,1,111.22873501153663,186.61428200721275,372.09716100187507,177.7642469969578
1,0,0,0,0,0,0,1901,55.18856400158256,74.20571100374218,143.86238899896853,88.50604599865619
1,0,0,0,0,0,0,9914,80.6171349977376,107.90957800054457,242.06482600129675,160.90416799124796
4,0,0,0,0,0,0,310,119.90708799567074,168.57064499345142,317.243399011204,158.5281860025134
1,0,0,0,0,0,0,8533,98.93923699564766,137.03899399843067,275.18286398844793,155.16111699980684
3,0,0,0,0,0,0,23,127.23927199840546,180.56991598859895,324.6380280033918,166.58724399167113
2,0,0,0,0,0,0,21,116.51896398689132,164.194201992359,298.9047939918237,145.3181550023146
2,0,0,0,0,0,0,80,118.83703900093678,163.03967899875715,279.1946039942559,148.81376099947374
3,0,0,0,0,0,0,162,118.3368630008772,165.5742840084713,310.3654830047162,148.78461600164883
3,0,0,0,0,0,0,208,117.57549300091341,106.44763200252783,157.9461130022537,76.46176799607929
5,0,0,0,1,0,1,2,310.5918700020993,184.84088699915446,559.0841379889753,174.43114399793558
5,0,0,0,1,0,1,6,367.2602669976186,178.95122899790294,527.8496949904365,171.28774200682528
4,0,0,0,0,0,0,125,123.14940999203827,170.7012789993314,240.67191299400292,103.14130000188015
2,0,0,0,0,0,0,3095,111.86446899955627,157.27370799868368,298.31876199750695,102.01432098983787
1,0,0,0,0,0,0,2186,108.36124900379218,151.69166399573442,287.3367040010635,149.62365399696864
3,0,0,0,0,0,0,41,119.80173300253227,170.96528399270028,315.7667369960109,156.1478090006858
4,0,0,0,0,0,0,2,116.62790000264067,162.7136960014468,309.65674700564705,148.9215640031034
1,0,0,0,0,0,0,8399,41.47946801094804,54.86683000344783,123.49847098812461,81.41090300341602
56,0,0,0,3,0,1,1,566.8793119984912,528.7569900101516,665.6275839923183,392.07962500222493
2,0,0,0,0,0,0,170,126.02173798950389,178.66995099757332,320.941596000921,168.01374198985286
10,0,0,0,2,0,1,4,304.42693299846724,182.69456199777778,579.390807004529,173.06784699030686
2,0,0,0,0,0,0,3095,111.04229700868018,156.84513599262573,295.30908199376427,136.51791300799232
3,0,0,0,0,0,0,9,126.55303000065032,175.11822200322058,325.1338679983746,166.5554719947977
8,0,0,0,1,0,1,1,128.66605899762362,181.5819979965454,353.0380129959667,166.80526800337248
1,0,0,0,0,0,0,8533,99.06041499925777,102.24173600727227,174.79562299558893,153.65975700842682
5,0,0,0,0,0,0,7,123.3661259902874,172.6210429915227,323.706636991119,160.5503780010622
4,0,0,0,0,0,0,2,126.51677899702918,183.52006400527898,335.1321910013212,168.43792400322855
7,0,0,0,0,0,0,1,67.1954569988884,88.85547300451435,173.79565599549096,86.5789980016416
7,0,0,0,0,0,0,1,86.284593999153,166.25674099486787,320.91373699950054,150.85052099311724
2,0,0,0,0,0,0,3627,114.9003519967664,163.83841499919072,302.0109909994062,165.94862399506383
5,0,0,0,1,0,1,25,121.25740500050597,168.00677399442066,327.6371590036433,156.80514799896628
6,0,0,0,0,0,0,20,130.92780599254183,184.7674839955289,273.482767996029,87.7088669949444
2,0,0,0,0,0,0,3160,116.12671600596514,164.07218600215856,296.36764200404286,152.64093299629167
4,0,0,0,0,0,0,65,129.5005889987806,179.5281939994311,335.357928997837,169.88023700832855
1,0,0,0,0,0,0,9122,66.31812200066634,86.28227400186006,218.05079099431168,155.7101399957901
9,0,0,0,0,0,0,2,124.62402498931624,172.42379700473975,333.47164299630094,156.6754090017639
1,0,0,0,0,0,0,9914,42.36071101331618,78.01004100474529,242.2794750018511,163.38019400427584
5,0,0,0,1,0,1,154,124.91105499793775,169.71591601031832,326.32485700014513,158.7414550012909
3,0,0,0,0,0,0,472,124.42877900321037,176.10016999242362,327.61023500643205,165.69689800962806
4,0,0,0,0,0,0,319,115.88759400183335,164.03122899646405,310.3901230060728,152.34520800004248
6,0,0,0,1,0,1,6,130.61265999567695,181.7274329951033,349.4764410133939,168.9057390030939
7,0,0,0,0,0,0,1,120.44497400347609,172.05841199029237,322.5968410115456,150.62514200690202
1,0,0,0,0,0,0,303,112.8624840057455,154.91908900730778,291.23182701005135,145.66222499706782
4,0,0,0,0,0,0,491,128.55420500272885,178.3313799969619,332.76784399640746,171.75785898871254
3,0,0,0,0,0,0,3,71.51503599015996,82.62077400286216,157.07314098835923,75.84448000125121
5,0,0,0,0,0,0,48,123.59791299968492,170.76697100128513,320.52113000827376,151.27894800389186
8,0,0,0,1,0,1,1,122.97418799425941,173.43400898971595,344.4862030009972,161.03989898692816
5,0,0,0,1,0,1,4,67.03771099273581,86.61797599052079,169.03867101063952,81.90440099861007
2,0,0,0,0,0,0,452,124.01438399683684,174.16554399824236,315.08673199277837,165.7016230019508
3,0,0,0,0,0,0,10,117.02013900503516,163.91877000569366,284.6564549981849,109.54762900655624
32,0,0,0,3,0,1,1,278.22592000302393,317.7463820029516,681.3281459908467,435.52526099665556
2,0,0,0,0,0,0,4475,103.15684600209352,144.51566500065383,254.86461698892526,169.0449289890239
5,0,0,0,1,0,1,62,137.44519199826755,184.39931799366605,341.23443100543227,172.94894698716234
6,0,0,0,1,0,1,163,140.15773800201714,175.0820500019472,342.90399600286037,169.3531460041413
222,0,0,0,42,0,1,1,377.4797910009511,188.57754299824592,1449.9827819963684,177.4832360097207
6,0,0,0,1,0,1,6,132.08163200761192,185.0040899880696,345.9597280016169,170.51125199941453
265,0,0,0,51,0,1,1,327.77680600702297,392.81440200284123,1212.2931890044129,132.9627899976913
20,0,0,0,3,0,1,2,398.4570570028154,388.6443930095993,459.9529970000731,463.99463100533467
126,0,0,0,7,0,1,1,397.1876060095383,405.6241259968374,977.1408149972558,370.15956999675836
22,0,0,0,2,0,1,1,129.59923599555623,180.08477900002617,397.8910250007175,164.22861099999864
2,0,0,0,0,0,0,325,118.53778301156126,128.61977399734315,289.5847000036156,80.14316200569738
2,0,0,0,0,0,0,4475,105.95107699919026,146.0693219996756,283.7743860000046,168.43073299969546
6,0,0,0,1,0,1,163,140.0493330002064,173.047479998786,345.9454420080874,171.5884389996063
1,0,0,0,0,0,0,8399,79.37183100148104,106.51948300073855,242.29179900430609,155.1920440106187
2,0,0,0,0,0,0,485,60.45605399413034,97.03082199848723,303.933629009407,148.72583400574513
3,0,0,0,0,0,0,433,118.22349099384155,94.22845000517555,159.09239801112562,109.26157100766432
1,0,0,0,0,0,0,9122,66.37039399356581,86.37942300993018,218.5964740056079,153.57286200742237
23,0,0,0,4,0,1,1,372.1668630023487,184.91693399846554,580.1539380045142,86.99894399615005
2,0,0,0,0,0,0,1340,84.92653199937195,162.13245800463483,304.7813120065257,166.73618700588122
8,0,0,0,1,0,1,3,129.98155000968836,173.86928999621887,321.41559399315156,158.96941800019704
10,0,0,0,2,0,1,7,371.78264500107616,369.696721987566,493.84333100169897,373.99761300184764
3,0,0,0,0,0,0,588,126.8836880044546,175.42606199276634,325.2395519957645,171.69783099961933
5,0,0,0,1,0,1,28,69.38758199976292,89.887722991989,177.83512199821416,87.36039999348577
4,0,0,0,0,0,0,29,118.6193129979074,161.53294101241045,309.09716700261924,148.24296000006143
3,0,0,0,0,0,0,2044,74.3979330000002,171.0494180006208,317.3094750090968,167.98810700129252
3,0,0,0,0,0,0,7,116.55622599937487,164.64116299175657,306.81365499913227,147.63557899277657
21,0,0,0,3,0,1,1,129.12112500634976,184.55612199613824,404.8925179959042,169.80897900066338
6,0,0,0,0,0,0,4,119.63292901054956,168.2925740024075,171.4444779936457,77.24400100414641
5,0,0,0,1,0,1,46,121.17483498877846,168.56580799503718,316.48567199590616,151.89531398937106
1,0,0,0,0,0,0,9230,52.76115999731701,68.37642200116534,200.04171499749646,152.7449769928353
1,0,0,0,0,0,0,9122,35.85227200528607,45.10399300488643,113.38780500227585,81.22861299489159
3,0,0,0,0,0,0,521,113.80565800936893,163.08081800525542,299.73470499680843,148.7347049987875
2,0,0,0,0,0,0,1607,92.63777598971501,159.3191569991177,297.6085039990721,156.48724298807792
10,0,0,0,1,0,1,1,127.52169898885768,175.1617499976419,354.49385100218933,164.9810939998133
4,0,0,0,0,0,0,5,125.15702100063208,175.5247330002021,324.5827520004241,160.37042799871415
6,0,0,0,1,0,1,32,128.17338600871153,170.0625730009051,361.5425879979739,124.6298689948162
3,0,0,0,0,0,0,410,68.70089800213464,92.73378799844068,241.0381280060392,171.27961400547065
5,0,0,0,0,0,0,2,120.07731500489172,167.23008600820322,316.54118800361175,149.1485639999155
3,0,0,0,0,0,0,39,128.0276839970611,179.3956839974271,330.86692399228923,169.34380000748206
6,0,0,0,0,0,0,4,170.4448759992374,91.78691101260483,310.31089498719666,167.70523799641524
6,0,0,0,1,0,1,44,63.21517199103255,83.32688099471852,165.03541301062796,121.76878099853639
10,0,0,0,2,0,1,1,396.3566599995829,389.7292330075288,597.887998999795,95.14434498851188
30,0,0,0,2,0,1,1,600.4507449979428,557.356866003829,546.1564290017122,424.6784159913659
1,0,0,0,0,0,0,9122,66.90067899762653,88.00437099125702,221.88056400045753,158.1841919978615
6,0,0,0,1,0,1,3,126.67301400506403,169.17537200788502,330.66688700637314,153.45370399882086
15,0,0,0,2,0,1,3,66.07005999831017,84.78073500737082,183.33149001409765,75.40597399929538
2,0,0,0,0,0,0,3627,118.20971500128508,164.31668899895158,303.0091520049609,168.5598839976592
1,0,0,0,0,0,0,1511,108.16202599380631,151.78762000869028,289.6619679959258,148.06218100420665
3,0,0,0,0,0,0,1626,131.40281300002243,183.726071001729,330.2696430037031,175.62918200565036
44,0,0,0,7,0,1,1,126.47287399158813,178.21736200130545,491.42977700103074,161.33408599125687
143,0,0,0,27,0,1,1,364.7350350074703,184.98656500014476,1077.0695499959402,92.98814000794664
15,0,0,0,0,0,0,5,138.4632720000809,200.9438009990845,390.3786070004571,192.88385698746424
7,0,0,0,1,0,1,58,309.1189279948594,176.7567369970493,565.555642999243,178.4707629994955
3,0,0,0,0,0,0,337,120.66030899586622,113.96412999602035,174.34036299528088,153.07795000262558
4,0,0,0,1,0,1,375,119.77589600428473,164.80689300806262,314.84171201009303,91.61265900183935
986,0,0,0,192,0,1,1,181.17664000601508,190.5555659905076,4215.608130005421,138.1172879919177
49,0,0,0,3,0,1,1,641.8931749940384,608.1708109995816,624.0946409961907,388.57875000394415
2,0,0,0,0,0,0,129,126.91685601021163,179.2558180022752,319.25195700023323,163.55709701019805
5,0,0,0,0,0,0,8,68.62309700227343,90.67624199087732,173.69415100256447,88.97092599363532
94,0,0,0,5,0,1,1,475.7197360013379,396.4814600039972,607.5699740031268,364.063269997132
10,0,0,0,1,0,1,107,123.47958199097775,165.17241900146473,336.04674199887086,149.6962050005095
3,0,0,0,0,0,0,1484,127.41711399576161,176.89384298864752,324.6469320001779,173.14326800988056
30,0,0,0,4,0,1,1,401.4917519962182,386.2860759982141,585.6180400005542,341.2659939931473
6,0,0,0,2,0,1,2,388.7582309980644,382.2464409895474,568.2384140091017,413.74676700797863
1,0,0,0,0,0,0,8399,41.583154001273215,54.39653099165298,145.2870549983345,161.21536800346803
30,0,0,0,2,0,1,4,448.36745600332506,616.6000179946423,483.58117599855177,325.6101099977968
1,0,0,0,0,0,0,8533,98.67689100792632,136.19444600772113,274.7189840010833,88.27849199587945
9,0,0,0,1,0,1,1,131.57768300152384,185.48974899749737,353.6002640030347,168.04251699068118
1,0,0,0,0,0,0,9230,52.88007699709851,68.49248601065483,197.93101398681756,149.59807400009595
3,0,0,0,0,0,0,1862,124.69528699875809,172.92467899096664,315.95385901164263,169.17409299639985
7,0,0,0,0,0,0,1,117.81305899785366,159.0862110024318,317.4013620009646,146.7851709894603
1,0,0,0,0,0,0,8533,51.71005400188733,68.80442600231618,139.87892199656926,79.28121300938074
2,0,0,0,0,0,0,4475,106.96179600199685,147.0202440104913,283.8378340093186,170.1917149912333
2,0,0,0,0,0,0,966,117.97639400174376,164.57647999050096,304.0162290126318,156.00840000843164
13,0,0,0,2,0,1,5,569.2762719991151,536.2239289970603,633.9899710001191,485.21136700583156
2,0,0,0,0,0,0,1607,111.56518099596724,161.10577499784995,296.81209099362604,156.72159199311864
3,0,0,0,1,0,1,330,340.7011369999964,237.25509899668396,551.1226520029595,483.69667200313415
8,0,0,0,1,0,1,22,130.2764199936064,172.5566139939474,345.1535799977137,157.46458699868526
6,0,0,0,1,0,1,2,371.68740401102696,180.89781700109597,563.2806409994373,174.0220140054589
2,0,0,0,0,0,0,4804,112.77442000573501,158.49104600783903,298.6512269999366,173.60424700018484
1,0,0,0,0,0,0,8399,79.5197560073575,108.37757099943701,243.67689499922562,158.59630799968727
62,0,0,0,5,0,1,1,434.2591949971393,456.6755400010152,723.9353449986083,375.8361079962924
9,0,0,0,0,0,0,1,128.27419899986126,179.51185900892597,347.52649599977303,168.86308700486552
8,0,0,0,2,0,1,61,202.48634400195442,197.70771700132173,285.9545090032043,195.09809999726713
1,0,0,0,0,0,0,9914,81.25337300589308,110.13534500671085,245.66476400650572,162.12690499378368
8,0,0,0,0,0,0,1,124.30091200803872,173.29614999471232,331.3784779893467,158.27068200451322
2,0,0,0,0,0,0,4804,115.48590401071124,159.6609870030079,302.7624359965557,172.9820680047851
2,0,0,0,0,0,0,4804,115.29975300072692,160.45876700081863,298.950832002447,176.51380199822597
9,0,0,0,0,0,0,172,132.08043300255667,184.19139500474557,343.720183998812,189.03831599163823
29,0,0,0,5,0,1,1,127.01344300876372,104.4184610072989,214.23046200652607,75.46524400822818
3,0,0,0,0,0,0,489,121.94613300380297,167.56905100191943,315.4775709990645,154.140094993636
2,0,0,0,0,0,0,867,116.33349100884516,161.28841499448754,246.8057000078261,79.81895899865776
9,0,0,0,1,0,1,1,127.89094200707041,178.67364500125404,350.1457219972508,165.38092200062238
8,0,0,0,1,0,1,29,372.8066299954662,184.49131899978966,564.8787260142853,172.81837700284086
10,0,0,0,2,0,1,23,401.497376995394,393.96713599853683,508.8171890092781,340.62041000288446
6,0,0,0,1,0,1,3,68.34931700723246,87.39987699664198,222.526347002713,158.27012099907734
1,0,0,0,0,0,0,9914,82.51460100291297,111.46494800050277,247.64349799079355,160.03550599270966
5,0,0,0,1,0,1,276,130.2962390036555,168.94983699603472,331.1593740072567,174.43564999848604
5,0,0,0,1,0,1,154,128.01799799490254,171.48113700386602,324.99857401126064,158.02419700776227
2,0,0,0,0,0,0,4804,59.191644002567045,79.3158810120076,150.0415860064095,88.26605499780271
3,0,0,0,1,0,1,0,218.87301400420256,387.4461609957507,570.6699230067898,484.61001900432166
51,0,0,0,2,0,1,2,655.310186004499,609.3515200045658,489.9769130133791,280.2785550011322
5,0,0,0,0,0,0,2,115.96989599638619,164.6807479992276,219.53090200258885,76.8459319951944
3,0,0,0,0,0,0,354,117.61147200013511,159.37419699912425,301.21485199197195,149.3206979939714
2,0,0,0,0,0,0,4804,115.72032200638205,159.27185700275004,297.2239119990263,175.3724699956365
3,0,0,0,0,0,0,1484,122.78744200011715,171.97032600233797,318.09875401086174,170.99435400450602
11,0,0,0,1,0,1,1,87.28021400747821,85.91828199860174,328.3713929995429,158.6932469945168
1,0,0,0,0,0,0,8399,41.67458400479518,55.17117999261245,122.16903601074591,80.7290860102512
32,0,0,0,4,0,1,1,129.9131959967781,173.6707789968932,426.15830899740104,157.6340239989804
12,0,0,0,1,0,1,1,118.76390200632159,164.4863469991833,336.87963600095827,146.2034199939808
1,0,0,0,0,0,0,9230,53.46665400429629,69.67573599831667,196.98521499230992,151.5293609991204
11,0,0,0,1,0,1,2,124.47824100672733,173.71794900100213,348.00447200541385,158.85084599722177
34,0,0,0,3,0,1,1,423.89437899691984,415.72652298782486,659.6400720009115,424.4855940050911
9,0,0,0,0,0,0,66,139.06487400527112,194.37222900160123,363.57874699751846,185.16573200759012
2,0,0,0,0,0,0,1827,81.06769000005443,77.20054600213189,145.32418899761979,127.28678398707416
5,0,0,0,1,0,1,234,128.8164150028024,144.84508500027005,315.3264610009501,160.27682900312357
7,0,0,0,1,0,1,4,127.50768299156334,178.3010130020557,349.30927700770553,168.16151900275145
9,0,0,0,0,0,0,1,62.78039900644217,84.62853298988193,165.02563600079156,76.46804300020449
12,0,0,0,0,0,0,1,122.06385500030592,172.67535199061967,346.4909979957156,162.08237200044096
1,0,0,0,0,0,0,9230,52.96817699854728,68.21032300649676,198.77627899404615,151.70078600931447
4,0,0,0,0,0,0,69,120.03138399450108,166.92098199564498,315.0939280021703,151.78624400869012
20,0,0,0,4,0,1,1,125.83074600843247,180.9955560020171,400.0750870036427,167.85708800307475
2,0,0,0,0,0,0,3160,118.01700000069104,163.78437499224674,301.9040859944653,154.69264599960297
3,0,0,0,0,0,0,208,116.72695599554572,163.87606800708454,304.4404440006474,147.2879219945753
3,0,0,0,0,0,0,1484,65.83347299601883,87.67465899290983,162.70314100256655,87.18285399663728
3,0,0,0,0,0,0,2044,122.987381007988,174.0809789916966,320.55868399038445,172.36675499589182
8,0,0,0,1,0,1,110,394.48656199965626,472.8262069984339,604.6932299941545,503.7778739933856
1,0,0,0,0,0,0,9122,66.36708498990629,87.70017400092911,219.9740229989402,158.22119600488804
1,0,0,0,0,0,0,9122,66.11282200901769,88.35718300542794,216.989458000171,158.0076809914317
3,0,0,0,0,0,0,1484,66.43401199835353,87.77519200521056,163.37655899405945,87.44570100679994
5,0,0,0,1,0,1,89,391.8891390057979,182.36233000061475,574.4980529998429,176.6110780008603
2,0,0,0,0,0,0,4475,105.27752200141549,143.8384929933818,281.85839400975965,169.6550130000105
3,0,0,0,0,0,0,63,124.28379399352707,170.47139498754404,319.8590840038378,159.03962300217245
4,0,0,0,1,0,1,408,125.54076399828773,176.26398500578944,324.5916930027306,165.1606680097757
13,0,0,0,1,0,1,1,125.44425899977796,174.67249499168247,234.92453299695626,91.8673059932189
28,0,0,0,3,0,1,1,370.98213500576094,181.84105701220687,639.7951459948672,175.54820100485813
4,0,0,0,0,0,0,329,68.94884900248144,90.67326900549233,266.43078999768477,171.1019290087279
3,0,0,0,0,0,0,285,119.25837799208239,169.25102099776268,317.8881240019109,116.26949800120201
9,0,0,0,3,0,1,139,329.6704439999303,325.35743100743275,533.6801539961016,349.6981639909791
7,0,0,0,1,0,1,4,69.43401400349103,89.57708701200318,214.10703100264072,168.91337900597136
5,0,0,0,1,0,1,21,130.57518600544427,172.2856429987587,329.14948600227945,158.18589000264183
2,0,0,0,0,0,0,348,116.45067000063136,108.01314900163561,170.38296100508887,147.87381399946753
1,0,0,0,0,0,0,8399,79.74905299488455,108.94984900369309,243.23546599771362,152.3874389968114
1,0,0,0,0,0,0,8399,41.56537500966806,55.5346820037812,206.43029600614682,156.089071999304
8,0,0,0,0,0,0,2,129.9268410075456,174.80368100223131,335.0098449882353,161.56375900027342
39,0,0,0,7,0,1,1,70.22528299421538,167.6362110010814,479.2185859987512,170.42081699764822
5,0,0,0,1,0,1,1,384.3398290046025,186.97806699492503,551.5172540035564,176.18993199721444
120,0,0,0,25,0,1,1,391.8020700075431,353.2799380045617,1041.5923839900643,192.2364549973281
45,0,0,0,2,0,1,1,633.9073779963655,560.2724909986136,463.96515499509405,221.6293149976991
22,0,0,0,5,0,1,1,133.0863430048339,183.04538799566217,425.16991001321,169.9969180044718
1,0,0,0,0,0,0,9122,38.499861999298446,88.55929000128526,216.48313099285588,157.62646800430957
43,0,0,0,3,0,1,1,506.1010429926682,481.1067010014085,669.3187569908332,407.89659800066147
4,0,0,0,0,0,0,83,63.28526699508075,83.32385499670636,158.70236699993256,76.70586300082505
3,0,0,0,0,0,0,1484,126.5468210040126,173.57064700627234,320.0359420006862,170.59369399794377
57,0,0,0,7,0,1,1,463.5482010053238,448.0025869997917,762.0936940074898,236.63429501175415
1,0,0,0,0,0,0,4295,105.99217300477903,150.4137269948842,281.0803489992395,148.43567801290192
1,0,0,0,0,0,0,8399,80.29403899854515,107.15938000066672,240.0643970031524,156.25962299236562
2,0,0,0,0,0,0,237,66.07529000029899,86.15791999909561,163.921784987906,86.04360300523695
3,0,0,0,0,0,0,86,129.1977009968832,182.4426019884413,334.37541099556256,174.81339500227477
27,0,0,0,4,0,1,1,135.54246700368822,187.88111399044283,439.17866800620686,173.7467749917414
3,0,0,0,0,0,0,210,124.60158599424176,179.98110299231485,322.8379849897465,168.29664600663818
14,0,0,0,1,0,1,19,579.9874880030984,663.1682329898467,558.149054995738,328.32343300106004
1,0,0,0,0,0,0,303,112.823504008702,156.62450599484146,295.4943369986722,149.138363005477
22,0,0,0,0,0,0,1,121.2509110046085,171.29152599954978,368.86544700246304,157.51370300131384
3,0,0,0,0,0,0,803,61.63457200455014,83.75075799995102,275.03206400433555,161.44716599956155
2,0,0,0,0,0,0,3095,58.49572199804243,78.60409100248944,150.98254299664404,84.78205600113142
36,0,0,0,2,0,1,1,499.04952199722175,684.9044449918438,654.5739200082608,466.9402279978385
7,0,0,0,0,0,0,1,126.53142100316472,178.51584000163712,333.0018450069474,160.73179899831302
1,0,0,0,0,0,0,8533,97.58739499375224,137.20135799667332,275.09073600231204,156.1517110094428
4,0,0,0,0,0,0,491,132.116300999769,182.94924299698323,335.4930640052771,170.84064899245277
5,0,0,0,1,0,1,405,416.93033200863283,492.9755060002208,397.14228799857665,227.3950840026373
2,0,0,0,0,0,0,154,118.14884201157838,162.60825899371412,304.1526680026436,149.65529799519572
4,0,0,0,0,0,0,248,111.22595598862972,185.20079999871086,339.4493209925713,171.0902180057019
12,0,0,0,0,0,0,1,126.88217899994925,171.97529500117525,344.57755999756046,98.29698200337589
4,0,0,0,1,0,1,461,305.17766100820154,160.91573699668515,378.92701898817904,188.98705900937784
3,0,0,0,0,0,0,1484,83.15213999594562,128.82029700267594,302.45324099087156,171.5165969944792
8,0,0,0,1,0,1,3,397.55255699856207,201.5649530076189,530.9484430035809,94.66217800218146
29,0,0,0,3,0,1,1,541.9241249910556,516.0978850035463,651.8850259890314,211.44352400733624
43,0,0,0,3,0,1,1,507.6651739946101,476.1081850010669,661.5929840045283,408.14640499593224
1,0,0,0,0,0,0,4295,99.74256600253284,147.20565899915528,287.2029179998208,89.61531300155912
6,0,0,0,0,0,0,10,124.51080500613898,172.94407699955627,328.93940100620966,161.7514670069795
2,0,0,0,0,0,0,237,65.2482349978527,131.505022989586,316.2168340058997,167.46759600937366
1,0,0,0,0,0,0,9230,28.670440005953424,36.24725500412751,163.65256000426598,152.1562009875197
5,0,0,0,1,0,1,490,395.3265499876579,472.7316049975343,486.42205899523105,397.27297599893063
6,0,0,0,1,0,1,28,371.940272001666,183.78689599921927,560.2190700010397,178.84957999922335
3,0,0,0,0,0,0,42,126.79313699482009,148.86983099859208,165.50320701207966,100.32816999591887
1,0,0,0,0,0,0,8533,99.94088800158352,136.28371099184733,274.95889300189447,154.82801898906473
45,0,0,0,7,0,1,1,78.17200000863522,163.80809099064209,364.9743899877649,85.13558798586018
3,0,0,0,0,0,0,1862,121.6388479952002,174.83826199895702,316.21453700063284,172.2348740004236
4,0,0,0,0,0,0,215,125.67684600071516,178.04339299618732,321.57231798919383,157.10697100439575
2,0,0,0,0,0,0,4804,112.24426700209733,156.17138099332806,295.3812680061674,173.8701400026912
4,0,0,0,0,0,0,105,121.10913600190543,127.33467899670359,313.22734800050966,150.86339799745474
2,0,0,0,0,0,0,1827,110.20221700891852,113.832552000531,151.0123449988896,77.84301499486901
1,0,0,0,0,0,0,9914,43.30480100179557,57.27213600766845,142.34361400303897,162.1163899981184
2,0,0,0,0,0,0,3160,116.80957199132536,162.2165309963748,187.32286599697545,79.1372620005859
72,0,0,0,7,0,1,1,630.0435720040696,594.725771996309,832.6458989904495,384.21082000422757
6,0,0,0,2,0,1,316,310.0222609937191,314.7949910053285,495.3281380003318,355.9690250112908
2,0,0,0,0,0,0,2666,100.77535000164062,137.6227820001077,276.1289960035356,158.4590120037319
18,0,0,0,2,0,1,1,130.11891499627382,170.5879700020887,369.79220499051735,158.7207389966352
29,0,0,0,6,0,1,1,412.78919199248776,397.22891100973357,594.0313480095938,324.93751699803397
1,0,0,0,0,0,0,8399,43.24318500584923,55.344403997878544,123.72129199502524,81.2825159955537
3,0,0,0,0,0,0,1484,126.72386900521815,176.75411299569532,323.59089799865615,171.84549999365117
14,0,0,0,2,0,1,7,336.1723929992877,293.0945739935851,626.2968849914614,447.3361959971953
5,0,0,0,1,0,1,93,464.5942869974533,553.0857879930409,527.5401499966392,436.18289100413676
1,0,0,0,0,0,0,9230,52.9917590029072,67.90062200161628,197.5520569976652,150.54839600634295
1,0,0,0,0,0,0,4295,109.25837799732108,148.7750939995749,287.0375519996742,148.27341098862235
6,0,0,0,1,0,1,6,86.41074098704848,92.25638798670843,175.42943899752572,87.22817599482369
4,0,0,0,0,0,0,89,119.22616699303035,169.27323100389913,311.7457780026598,152.51165299559943
7,0,0,0,0,0,0,5,122.59587799781002,170.780635002302,331.5899570006877,137.78428800287656
6,0,0,0,1,0,1,71,129.3281240068609,173.53960798936896,342.22422700258903,167.28865400364157
3,0,0,0,0,0,0,579,130.6850729888538,181.21268899994902,331.5186800027732,169.33414500090294
3,0,0,0,0,0,0,803,60.99286500830203,83.04206900356803,158.7118780007586,80.93213899701368
12,0,0,0,0,0,0,1,120.79696900036652,168.80863900587428,333.67649698629975,151.80536000116263
12,0,0,0,1,0,1,23,608.4367169969482,684.5719989942154,512.6490099937655,400.6539010006236
1,0,0,0,0,0,0,9230,54.881917996681295,69.73680900409818,202.5729879969731,154.0438770025503
5,0,0,0,1,0,1,234,129.17350699717645,173.52798499632627,328.3051809994504,120.94969900499564
4,0,0,0,0,0,0,491,128.4858449944295,180.63559599977452,333.0481909943046,171.20952499681152
4,0,0,0,0,0,0,125,126.05621600232553,180.35326000244822,334.16456398845185,168.7743770016823
1,0,0,0,0,0,0,9230,53.45409800065681,71.02720800321549,201.5696279995609,150.6900219974341
24,0,0,0,4,0,1,1,68.45105798856821,85.2317579992814,303.6306020076154,157.38285100087523
99,0,0,0,18,0,1,1,373.76992800273,188.08991198602598,675.0739470007829,89.01061900542118
3,0,0,0,0,0,0,521,114.37306100560818,161.06083699560259,300.0854080019053,149.86740599852055
2,0,0,0,0,0,0,3160,116.46577800274827,163.85925000940915,306.4239850064041,154.31289200205356
1,0,0,0,0,0,0,8399,78.76098300039303,107.31906999717467,241.24280900286976,156.9839250005316
3,0,0,0,0,0,0,588,126.2484520120779,176.44050701346714,326.7130669992184,170.13004700129386
14,0,0,0,1,0,1,1,102.22936500213109,177.64084499503952,360.74409099819604,161.39562299940735
3,0,0,0,0,0,0,7,120.35105800896417,165.76925000117626,304.27126098948065,145.48816801107023
2,0,0,0,0,0,0,59,64.48149398784153,93.60072200070135,162.92575100669637,85.76420700410381
6,0,0,0,0,0,0,3,121.88716999662574,170.74405698804185,326.5222210029606,158.9245340001071
1,0,0,0,0,0,0,8399,79.05129200662486,55.96983800933231,123.1115920090815,79.46704399364535
44,0,0,0,4,0,1,1,569.37245100562,530.6083410105202,725.268270005472,422.1341200027382
6,0,0,0,1,0,1,188,460.0739339948632,541.0736939957133,552.252565001254,458.47883200622164
7,0,0,0,0,0,0,2,125.96187200688291,171.73342499881983,329.9378030060325,157.06325200153515
10,0,0,0,1,0,1,1,145.82411099399906,182.23736599611584,345.91878700302914,168.6439879995305
4,0,0,0,0,0,0,248,130.45606500236318,181.27832299796864,332.209693006007,172.36573800619226
2,0,0,0,0,0,0,3627,115.24660298891831,161.43673700571526,307.3489030066412,169.05348098953255
2,0,0,0,0,0,0,3532,111.74073799338657,151.70209799543954,294.29089299810585,167.48333899886347
8,0,0,0,0,0,0,3,64.54522300919052,170.2393209998263,325.33000101102516,153.8225260010222
2,0,0,0,0,0,0,2666,99.99216999858618,137.68453600641806,234.87228900194168,153.92821199202444
4,0,0,0,0,0,0,3,118.74640600581188,107.9755349928746,300.2033049997408,149.74682001047768
5,0,0,0,0,0,0,101,122.40059900796041,170.3647689864738,280.55906199733727,80.8143110043602
3,0,0,0,0,0,0,521,117.41724998864811,162.92646199872252,305.4177360027097,138.95535698975436
3,0,0,0,0,0,0,433,124.20575199939776,169.15294899081346,317.4959790048888,160.41928199410904
44,0,0,0,4,0,1,1,562.433619008516,536.0991429915885,737.2878429887351,427.18325699388515
3,0,0,0,1,0,1,1479,263.7150329974247,343.4432970097987,455.28759800072294,444.2211189889349
3,0,0,0,0,0,0,8,91.25417399627622,86.09020100266207,246.4188970043324,147.77080100611784
3,0,0,0,0,0,0,60,120.79512800846715,163.07133699592669,306.72626799787395,146.7318140057614
3,0,0,0,0,0,0,114,118.40350399143063,162.28709000279196,309.20697101100814,146.66534001298714
4,0,0,0,1,0,1,289,370.8222540008137,193.10921400028747,490.6917460029945,148.33558500686195
1,0,0,0,0,0,0,9230,53.634216004866175,69.02527500642464,200.1358230045298,152.4872120062355
32,0,0,0,1,0,1,1,125.59821699687745,175.57217700232286,409.9032590020215,162.72795699478593
201,0,0,0,13,0,1,1,530.3179930051556,387.6663480041316,679.7200519940816,232.56936999678146
2,0,0,0,0,0,0,4804,113.17585800134111,159.86638198955916,294.94612199778203,170.86918999848422
34,0,0,0,7,0,1,1,404.3390750011895,450.70097999996506,671.5527570049744,340.25300800567493
4,0,0,0,1,0,1,5,68.50892399961594,91.63464399171062,245.3301509958692,165.18444300163537
9,0,0,0,2,0,1,75,392.80809700721875,387.2893630032195,505.2386979950825,382.75046400667634
2,0,0,0,0,0,0,867,114.96935600007419,160.07615500711836,301.84228299185634,150.92267900763545
8,0,0,0,0,0,0,1,132.10527300543617,182.90958199941088,343.7152280093869,171.69081899919547
19,0,0,0,2,0,1,5,602.8083529963624,548.1264550035121,639.109139010543,485.79076401074417
1,0,0,0,0,0,0,9230,53.29837099998258,36.389467990375124,102.59232300450094,126.01836200337857
5,0,0,0,0,0,0,79,118.71506100578699,163.35086499748286,325.0469630002044,77.69383100094274
4,0,0,0,1,0,1,27,373.03823699767236,189.8555610096082,552.38938399998,181.20711299707182
1,0,0,0,0,0,0,1511,110.02679000375792,155.4788119974546,293.11713301285636,146.28217100107577
10,0,0,0,1,0,1,1,121.6543969931081,174.45722500269767,343.0227740027476,156.2045899918303
5,0,0,0,0,0,0,18,118.77941200509667,166.4482380001573,315.4084959969623,146.71479299431667
19,0,0,0,2,0,1,6,312.7485470031388,378.0418620008277,479.75265501008835,102.05945199413691
1,0,0,0,0,0,0,9122,65.29484900238458,86.85237899771892,220.5039550026413,159.02766700310167
3,0,0,0,0,0,0,342,104.11884600762278,82.3450430034427,307.8375000040978,150.22145799594
2,0,0,0,0,0,0,1827,107.4531190097332,149.96098799747415,247.5909960048739,136.5278059965931
5,0,0,0,1,0,1,53,376.0308609926142,181.88020600064192,543.2700740057044,177.35390001325868
3,0,0,0,0,0,0,1484,124.02794600347988,172.8592510044109,249.80373299331404,88.16327700333204
6,0,0,0,1,0,1,65,394.4547360006254,181.65100099577103,583.9108819927787,115.70037699129898
1,0,0,0,0,0,0,9122,66.86493099550717,89.21564000775106,220.89713301102165,158.5901670041494
5,0,0,0,1,0,1,80,71.01804699050263,144.95241300028283,335.4834990022937,166.62290900421795
3,0,0,0,0,0,0,1448,75.21019699925091,81.78473499719985,169.75087800528854,82.4029409996001
5,0,0,0,1,0,1,4,128.67139000445604,175.88024599535856,329.4737980031641,157.88156099733897
4,0,0,0,0,0,0,293,118.88216699298937,153.94843799003866,313.1328650051728,161.85016599774826
64,0,0,0,5,0,1,1,628.5878990020137,589.4499599962728,738.8382500066655,227.89318999275565
9,0,0,0,0,0,0,1,137.0464810024714,189.7964800009504,361.4131619979162,182.01012999634258
14,0,0,0,2,0,1,1,423.8853060087422,186.0755119996611,542.688030996942,173.42046300473157
3,0,0,0,0,0,0,685,66.32146899937652,89.7707980038831,225.9958680078853,171.61155099165626
5,0,0,0,1,0,1,5,433.8186039967695,202.35128699277993,570.6945490092039,190.60829700902104
1,0,0,0,0,0,0,9914,81.00882900180295,111.35406600078568,245.6583400053205,161.59372800029814
4,0,0,0,1,0,1,461,307.0417440030724,173.67404801188968,466.27116900344845,188.57399499393068
2,0,0,0,0,0,0,136,119.78224499034695,162.42839800543152,303.7848180101719,144.46670400502626
27,0,0,0,2,0,1,2,693.9466879994143,384.271490998799,367.9177030135179,281.1674039985519
4,0,0,0,1,0,1,20,435.50148099893704,211.55608800472692,553.6936080025043,198.53603100636974
6,0,0,0,0,0,0,6,127.10473300830927,182.09670898795594,331.4864810090512,168.14288600289728
33,0,0,0,1,0,1,1,151.4709170005517,181.62400199798867,414.6234869986074,167.4612850038102
3,0,0,0,0,0,0,588,125.18467601330485,173.85039500368293,325.36534999962896,169.93637599807698
18,0,0,0,2,0,1,1,130.08767100109253,174.76915700535756,372.01452399312984,158.66632500546984
4,0,0,0,0,0,0,20,127.13005299156066,175.71728301118128,181.4427199860802,84.81079999182839
4,0,0,0,0,0,0,200,68.0827290052548,90.87971299595665,243.15785900398623,168.5167929972522
36,0,0,0,8,0,1,1,407.16348100977484,396.5472530107945,627.3559690016555,307.8756259928923
8,0,0,0,0,0,0,1,119.59983699489385,166.41815600451082,326.5631380054401,155.46094300225377
5,0,0,0,1,0,1,25,125.58088400692213,169.31163100525737,328.6901660030708,156.82820600341074
3,0,0,0,1,0,1,1445,272.7865369961364,328.07506500103045,421.1398360057501,350.3000259952387
3,0,0,0,0,0,0,1484,123.84580601064954,175.8975530101452,259.1713389992947,169.389652000973
3,0,0,0,1,0,1,180,362.63386299833655,439.10835700808093,556.9758210040163,282.6096530043287
5,0,0,0,1,0,1,36,74.93072000215761,92.2244630055502,250.03718100197148,172.60180099401623
1,0,0,0,0,0,0,9122,66.27233600011095,86.7851660004817,219.23357700870838,158.96966299624182
3,0,0,0,0,0,0,169,123.22211099672131,171.34717300359625,316.06860300234985,157.68501700949855
4,0,0,0,0,0,0,293,63.08922200696543,84.98336099728476,285.3037519962527,162.28804900310934
9,0,0,0,1,0,1,3,122.80409300001338,172.2126739914529,340.53022299485747,157.10463300638366
2,0,0,0,0,0,0,1556,116.37161299586296,156.96639000088908,299.025120009901,158.06771701318212
3,0,0,0,0,0,0,685,92.38348099461291,91.71880499343388,242.32908900012262,172.97307899571024
9,0,0,0,2,0,1,75,409.7458029864356,388.2785820023855,339.6920160012087,199.06943800742738
11,0,0,0,1,0,1,2,118.24403000355233,167.0836720004445,338.2282230013516,149.26377100346144
1,0,0,0,0,0,0,8399,79.65241700003389,109.1863600013312,207.9588570049964,105.21377899567597
1,0,0,0,0,0,0,8533,97.72642300231382,139.0770260040881,260.8721339929616,138.61864700447768
1,0,0,0,0,0,0,872,110.34343700157478,156.1017880012514,292.53081999195274,146.96028000616934
5,0,0,0,0,0,0,19,66.53187600022648,87.73108500463422,317.6156529953005,155.91660200152546
52,0,0,0,6,0,1,1,490.9635840012925,468.23561200289987,628.263243008405,352.04904500278644
13,0,0,0,4,0,1,9,383.55946500087157,354.5161259971792,599.2541300074663,191.95513500017114
1,0,0,0,0,0,0,872,111.69617199630011,154.98385899991263,270.7868459983729,147.15384799637832
4,0,0,0,0,0,0,1,64.79118099377956,84.88158498948906,163.29554800176993,80.41987499746028
1,0,0,0,0,0,0,8399,79.52992100035772,108.89235000649933,241.67776700051036,156.55786699790042
11,0,0,0,1,0,1,178,561.6657950013177,645.2198170009069,584.0120270004263,477.09459299221635
10,0,0,0,1,0,1,107,65.05703199945856,82.12155698856805,171.76158299844246,76.72432500112336
7,0,0,0,1,0,1,3,122.29441499221139,167.77453900431283,326.72513301076833,153.29433699662331
2,0,0,0,0,0,0,1556,112.3537459934596,156.25527399242856,299.0991650003707,157.87811900372617
3,0,0,0,0,0,0,1,124.74246499186847,172.81084100250155,318.0074949923437,158.14487900934182
3,0,0,0,0,0,0,473,118.5446550080087,168.78925199853256,315.55858498904854,159.4875110022258
24,0,0,0,1,0,1,1,684.3177620030474,764.6169990039198,453.6751230043592,305.6276490096934
1,0,0,0,0,0,0,9230,53.25505499786232,69.05433000065386,201.06094700167887,151.37320899521
7,0,0,0,0,0,0,3,118.3037129958393,162.66354500839952,318.43834099709056,102.05003699229565
5,0,0,0,0,0,0,25,101.2088449933799,159.7293719969457,309.5155899936799,149.53012199839577
7,0,0,0,1,0,1,1,65.28548699861858,86.21502699679695,201.40159700531512,155.91399298864417
25,0,0,0,5,0,1,1,368.7064929981716,188.58937598997727,622.9585279943421,96.62267100065947
7,0,0,0,0,0,0,1,121.13713199505582,171.63744100253098,328.19404201291036,156.6446509968955
39,0,0,0,7,0,1,1,77.0732719975058,181.1706060107099,484.10411398799624,173.0587519996334
32,0,0,0,2,0,1,1,611.035356996581,600.8738939999603,645.8045139879687,500.842453999212
1,0,0,0,0,0,0,1901,55.44946499867365,75.43301901023369,183.08395901112817,148.3174320019316
2,0,0,0,0,0,0,3627,105.14002499985509,165.42418699827977,303.5775600001216,167.25208799471147
2,0,0,0,0,0,0,1827,108.83699198893737,148.88531400356442,193.3545929932734,75.6115850090282
7,0,0,0,0,0,0,3,124.02743399434257,170.88813400187064,327.8723770054057,158.85441499995068
4,0,0,0,0,0,0,293,119.37173799378797,172.46253999473993,315.8056200045394,160.21324699977413
11,0,0,0,1,0,1,1,121.70417299785186,163.35285099921748,337.0114429999376,150.86849800718483
9,0,0,0,0,0,0,3,123.24650099617429,171.23691299639177,338.30992999719456,161.12785700534005
2,0,0,0,0,0,0,1827,108.15975100558717,150.98730800673366,286.6554089996498,147.23667199723423
5,0,0,0,0,0,0,25,63.75381399993785,83.59306999773253,162.11365199706051,77.4167130002752
1,0,0,0,0,0,0,1901,105.79050199885387,149.77825499954633,280.01344299991615,148.4607199963648
3,0,0,0,1,0,1,9,392.63993900385685,453.1960029999027,423.7501180032268,460.4696969909128
1,0,0,0,0,0,0,9122,65.24014800379518,86.15449900389649,220.01730000192765,158.89034401334357
68,0,0,0,4,0,1,1,789.8572260019137,749.117165003554,733.0160900019109,408.5675060050562
3,0,0,0,0,0,0,1070,128.36683199566323,178.89099998865277,326.71882200520486,168.69414701068308
2,0,0,0,0,0,0,1607,113.6936719994992,160.55996899376623,303.26548300217837,158.6827080027433
3,0,0,0,0,0,0,2044,64.70342200191226,86.81155199883506,177.40501099615358,172.92639300285373
2,0,0,0,0,0,0,347,116.52529500133824,164.15155200229492,303.2222229958279,164.18144799536094
4,0,0,0,0,0,0,77,127.55565100815147,181.93984299432486,247.9553970042616,91.86565899290144
1,0,0,0,0,0,0,8399,80.99072700133547,108.73445200559217,245.26157000218518,157.28409499570262
3,0,0,0,0,0,0,114,118.74404099944513,165.42936000041664,304.9233420024393,108.15641201043036
8,0,0,0,2,0,1,4,189.48036499205045,95.92369799793232,375.1507309934823,179.73648800398223
21,0,0,0,2,0,1,1,570.5217720096698,181.09966401243582,517.6244230096927,175.88210200483445
3,0,0,0,0,0,0,1484,110.04358099307865,147.09310200123582,324.0213940007379,171.84808499587234
5,0,0,0,1,0,1,2,262.38328000181355,94.55260599497706,291.74439400958363,127.14501901064068
13,0,0,0,2,0,1,1,455.7172120112227,356.8221040040953,578.7212930008536,339.8309439944569
6,0,0,0,1,0,1,142,131.85585899918806,171.04509500495624,314.3003930017585,158.8105029950384
16,0,0,0,2,0,1,1,435.69408600160386,429.6018190070754,600.3477899939753,192.64349399600178
65,0,0,0,13,0,1,1,386.81344500218984,351.5949409920722,814.4040850020247,192.63432500883937
68,0,0,0,7,0,1,1,673.8174790079938,629.7015890013427,745.1963419880485,254.1888720006682
6,0,0,0,1,0,1,163,141.7917170037981,155.75754700694233,186.43684199196286,170.67074800434057
106,0,0,0,5,0,1,1,565.9000200103037,527.3486029909691,816.2966469972162,363.82292601047084
1,0,0,0,0,0,0,9230,54.4219800067367,70.30943300924264,201.70844600943383,152.96076399681624
1,0,0,0,0,0,0,9122,67.39442099933513,89.62282400170807,219.4982520013582,158.9824039983796
5,0,0,0,1,0,1,1,371.0723239928484,183.71105099504348,531.0469959949842,176.0556670051301
5,0,0,0,0,0,0,9,130.64044699422084,181.09453200304415,338.39291000913363,171.97807801130693
4,0,0,0,0,0,0,50,127.37299299624283,174.35482698783744,328.1459330028156,166.89214900543448
12,0,0,0,1,0,1,1,131.16380300198216,173.02025300159585,277.63431800121907,80.32233000267297
1,0,0,0,0,0,0,8533,99.32081800070591,134.9740389996441,275.832660991,155.2843870013021
2,0,0,0,0,0,0,4804,114.02235299465246,158.72393299650867,299.028575012926,174.63739099912345
3,0,0,0,0,0,0,527,122.43539399059955,172.87707100331318,310.75752100150567,90.05370500381105
16,0,0,0,2,0,1,1,226.1674769979436,297.1956149995094,599.7522020043107,192.09993600088637
14,0,0,0,0,0,0,69,142.9949200100964,204.7715299995616,385.06413699360564,195.04371799121145
2,0,0,0,0,0,0,4804,58.51919201086275,78.92857199476566,277.5594840059057,174.69484999310225
3,0,0,0,0,0,0,342,62.25804900168441,82.55596000526566,156.62407099443953,76.49108600162435
1,0,0,0,0,0,0,8533,101.72071198758204,136.38796099985484,274.3501969962381,157.12514900951646
2,0,0,0,0,0,0,3160,116.88105900248047,164.495335004176,298.7384560110513,151.64958400418982
25,0,0,0,1,0,1,48,729.9576500081457,848.6070519866189,525.4058710124809,377.6773999998113
3,0,0,0,0,0,0,13,120.96921699412633,121.57379600103013,253.8889370043762,149.69652199943084
4,0,0,0,0,0,0,215,64.78722501196899,169.28070900030434,214.39939500123728,86.35513699846342
39,0,0,0,5,0,1,1,322.5200919987401,467.3722669976996,634.8783700086642,337.291574003757
3,0,0,0,0,0,0,1862,122.1105250006076,170.53550499258563,319.81450199964456,170.5005599942524
30,0,0,0,3,0,1,1,575.6815920030931,542.8028360038297,679.7552010102663,453.5544359969208
5,0,0,0,0,0,0,3,134.61612899845932,182.29984500794671,337.9926229972625,170.42704300547484
3,0,0,0,1,0,1,9,366.0054640058661,443.8285479991464,530.4213959898334,243.92004898982123
6,0,0,0,1,0,1,15,123.0068969889544,166.69784800615162,327.5401280116057,151.92423098778818
4,0,0,0,0,0,0,394,128.72579900431447,109.65214100724552,169.8901380004827,88.75748400168959
1,0,0,0,0,0,0,1901,106.55695499735884,148.620972991921,282.12835600425024,146.58405698719434
3,0,0,0,1,0,1,330,391.54368099116255,467.27492500212975,568.1644630094524,481.6794719954487
3,0,0,0,0,0,0,1448,118.29875499824993,163.3155449962942,305.79890399530996,160.33309600607026
5,0,0,0,0,0,0,15,119.51512200175785,169.7428939951351,315.31387800350785,152.22929599985946
6,0,0,0,0,0,0,10,118.66815199027769,164.29838200565428,314.13030400290154,149.20504900510423
4,0,0,0,1,0,1,71,370.46340899541974,180.73667598946486,525.691533999634,88.16457400098443
3,0,0,0,0,0,0,154,65.61236799461767,85.83557300153188,178.1570949970046,164.0704229939729
1,0,0,0,0,0,0,8533,98.9560020097997,137.7455110050505,273.75289899646305,155.24151000136044
2,0,0,0,0,0,0,1827,109.80890999780968,150.73273700545542,288.3640700019896,148.83861898852047
5,0,0,0,0,0,0,4,119.26087600295432,163.61591099121142,313.09759498981293,148.6396130057983
4,0,0,0,1,0,1,408,66.41892300103791,88.30458999727853,167.6982069911901,84.66756499547046
2,0,0,0,0,0,0,4475,107.29217799962498,148.06382400274742,282.35013999801595,169.21146999811754
10,0,0,0,1,0,1,1,133.50077900395263,187.79325298964977,332.7016929979436,90.40357999037951
2,0,0,0,0,0,0,536,117.153598999721,165.61996898963116,306.5918139909627,156.75679600099102
7,0,0,0,0,0,0,1,122.24943500768859,168.61644299933687,328.4721949894447,158.07082199899014
3,0,0,0,1,0,1,17,365.32901000464335,441.5239899972221,558.7243400077568,473.82179299893323
11,0,0,0,1,0,1,5,124.85233700135723,160.6449320097454,340.8393639983842,146.36389999941457
1,0,0,0,0,0,0,3085,101.92679800093174,142.70480499544647,283.0266700038919,150.41479100182187
11,0,0,0,1,0,1,1,124.67698099499103,175.3580140066333,357.5252820010064,162.02847300155554
52,0,0,0,6,0,1,1,487.9431089939317,469.43045599618927,749.8002630018163,239.64798598899506
3,0,0,0,0,0,0,579,68.13533799140714,92.44383699842729,169.44391699507833,167.08168998593464
11,0,0,0,2,0,1,7,126.06742499337997,166.11209999246057,210.2735369990114,76.59935500123538
1,0,0,0,0,0,0,9230,55.02693601010833,69.93043900001794,204.24787201045547,152.9976070014527
1,0,0,0,0,0,0,8533,51.42697699193377,120.86297100177035,275.6350199924782,156.18358299252577
45,0,0,0,2,0,1,1,743.629727003281,699.9244879989419,527.5392250041477,327.2278520016698
2,0,0,0,0,0,0,452,124.93496300885454,175.9885450010188,321.3961280125659,166.35986900655553
1,0,0,0,0,0,0,8533,98.65078100119717,136.08387700514868,270.10904300550465,153.12333600013517
20,0,0,0,5,0,1,1,148.81200199306477,180.75620800664183,420.9971929958556,168.63595400354825
13,0,0,0,2,0,1,1,69.58818400744349,86.62503599771298,269.4826539955102,156.9063200004166
1,0,0,0,0,0,0,865,113.06447300012223,156.34151200356428,295.32411599939223,148.17606599535793
127,0,0,0,11,0,1,1,459.7269759979099,443.7908179970691,873.6754260025918,312.0457690092735
2,0,0,0,0,0,0,281,113.58794700936414,159.7282529983204,301.2511889974121,147.430278986576
5,0,0,0,0,0,0,49,131.47565300459974,182.4793310079258,340.44204000383615,173.06893900968134
112,0,0,0,22,0,1,1,420.3889100026572,395.53196499764454,1015.1089620048879,227.99147000478115
5,0,0,0,0,0,0,11,125.6235720065888,174.82341499999166,322.8249450039584,156.1598469997989
45,0,0,0,9,0,1,1,202.0158800005447,180.37084498791955,371.97901601030026,96.27739600546192
6,0,0,0,1,0,1,132,382.3055860120803,461.9365059916163,589.1215779993217,493.5716079926351
2,0,0,0,0,0,0,4804,113.48359899420757,159.69603099802043,301.10147000232246,175.17139899428003
1,0,0,0,0,0,0,9914,81.04495999577921,111.17772999568842,248.2970999990357,161.35784500511363
3,0,0,0,0,0,0,1862,124.22873600735329,151.26612500171177,161.4156540017575,95.94816699973308
3,0,0,0,0,0,0,345,127.37954399199225,152.97710300364997,326.51930100109894,169.9606100009987
3,0,0,0,0,0,0,1484,65.38686699059326,154.79178899840917,322.20815899199806,170.39914800261613
12,0,0,0,0,0,0,1,128.82041600823868,179.59332099417225,353.84338899166323,169.11559099389706
2,0,0,0,0,0,0,4804,116.17400799877942,160.42512298736256,297.8636570041999,175.22431899851654
6,0,0,0,1,0,1,6,370.4008009954123,185.915396999917,574.7711079893634,178.39682298654225
3,0,0,0,0,0,0,560,67.7180960046826,121.1149459995795,327.3758869909216,158.62452999863308
29,0,0,0,2,0,1,1,666.8267369968817,621.6281189990696,623.2820459990762,450.6313250021776
1,0,0,0,0,0,0,4295,107.58583099232055,148.69619300588965,256.24709800467826,76.56369899632409
1,0,0,0,0,0,0,9122,67.84766601049341,88.31148200260941,219.70559800683986,158.58642000239342
3,0,0,0,0,0,0,192,119.17974399693776,171.0878000012599,316.28982099937275,156.75603500858415
4,0,0,0,0,0,0,49,62.878696000552736,82.07278700137977,156.2367680016905,75.44231398787815
6,0,0,0,0,0,0,1,120.29600000823848,163.18696200323757,315.8031720086001,148.25882599689066
4,0,0,0,0,0,0,118,132.37686800130177,184.08671500219498,335.8421929879114,171.61187500460073
19,0,0,0,4,0,1,1,276.56591500272043,268.8651720091002,551.1317290074658,309.11848800315056
21,0,0,0,5,0,1,1,395.85564300068654,370.44213600165676,639.1904219926801,200.3777679929044
1,0,0,0,0,0,0,9122,35.13233100238722,44.95233700436074,189.75275300908834,156.01787700143177
1,0,0,0,0,0,0,9122,34.743146010441706,44.55559999041725,113.23281099612359,80.61811300285626
2,0,0,0,0,0,0,274,118.74662899936084,160.94708499440458,299.62074098875746,146.484477998456
10,0,0,0,2,0,1,1,138.5041790053947,179.82478300109506,362.89588701038156,168.09247399214655
15,0,0,0,2,0,1,3,122.6833330001682,166.36035199917387,359.63405200163834,146.12467000551987
3,0,0,0,0,0,0,205,65.83538401173428,125.03677800123114,318.65037301031407,156.78565499547403
35,0,0,0,2,0,1,1,636.1729339987505,518.1600810028613,313.442116996157,220.65576200839132
6,0,0,0,0,0,0,4,123.36385500384495,172.51752500305884,333.09759400435723,160.75569100212306
5,0,0,0,0,0,0,17,123.28507700294722,172.65768900688272,323.5920690058265,156.89390699844807
1,0,0,0,0,0,0,9122,35.189729009289294,44.62346299260389,114.79651000990998,132.3724649992073
14,0,0,0,3,0,1,5,484.5307799987495,460.5196980119217,605.4956930020126,304.1030370077351
29,0,0,0,2,0,1,1,665.2713310031686,619.2787159961881,534.7420599864563,191.56829800340347
11,0,0,0,1,0,1,23,608.4752379974816,682.0367350010201,505.2117820014246,351.5333380055381
4,0,0,0,1,0,1,530,377.1073600073578,456.1533829983091,461.2104889965849,255.66036300733685
4,0,0,0,0,0,0,164,122.1340509946458,171.43939901143312,318.69240700325463,158.12899298907723
5,0,0,0,1,0,1,195,117.82838600629475,162.14486300304998,317.7341080008773,97.54571500525344
1,0,0,0,0,0,0,8533,98.29685800650623,136.62486401153728,271.04709899867885,154.27163400454447
2,0,0,0,0,0,0,3095,113.99285501101986,154.98295600991696,299.5489230088424,101.47660400252789
3,0,0,0,0,0,0,1484,124.02474599366542,178.66151599446312,326.16306700219866,173.1858029961586
46,0,0,0,3,0,1,1,658.7009280046914,620.9845480043441,594.563760998426,215.54786000342574
3,0,0,0,0,0,0,1484,65.6270959880203,89.72336699662264,298.8652789936168,172.85672298748977
3,0,0,0,0,0,0,433,119.8191820003558,169.86480199557263,314.6896440011915,158.52585900574923
12,0,0,0,1,0,1,1,65.47822400170844,129.09740599570796,347.2874500002945,156.69532598985825
11,0,0,0,2,0,1,4,409.2312549910275,363.00424199725967,455.93984000151977,101.45740999723785
1,0,0,0,0,0,0,8533,98.84096599125769,134.08308100770228,271.8128099950263,155.53228100179695
2,0,0,0,0,0,0,4475,104.76127000583801,144.61237700015772,283.2646340102656,167.87690500495955
3,0,0,0,0,0,0,14,120.30343200603966,165.0515479996102,310.626067002886,149.55996599746868
28,0,0,0,3,0,1,1,468.51793899259064,457.2164629935287,668.0778739973903,214.85995699185878
4,0,0,0,0,0,0,32,124.16863600083161,169.53460199874826,316.7552929953672,152.8856040094979
1,0,0,0,0,0,0,8399,79.63121899229009,106.40606899687555,242.83943300542887,157.45327800686937
6,0,0,0,1,0,1,16,68.68422399566043,87.96756000083406,173.54979200172238,85.74972199858166
4,0,0,0,1,0,1,71,195.64051399356686,155.79768099996727,548.75230199832,172.43261999101378
3,0,0,0,0,0,0,210,67.81910300196614,146.76119199430104,328.51860199298244,166.52101500949357
74,0,0,0,4,0,1,1,659.1003380017355,618.4090780006954,707.5269260094501,374.86537799122743
2,0,0,0,0,0,0,4804,58.37940900528338,78.6229090008419,149.99052000348456,89.14603499579243
2,0,0,0,0,0,0,2666,99.6256660000654,139.83310099865776,277.52959200006444,158.88219999033026
18,0,0,0,2,0,1,1,538.9055300038308,513.3591860067099,620.1642389933113,204.33904099627398
1,0,0,0,0,0,0,8399,78.02353199804202,106.86465000617318,241.89487400872167,155.8012959867483
1,0,0,0,0,0,0,8533,98.41485500510316,136.55335300427396,275.32182399590965,154.9463499977719
10,0,0,0,1,0,1,1,126.23554399760906,180.80457899486646,349.244818004081,166.48471599910408
6,0,0,0,1,0,1,7,121.68600800214335,164.48406099516433,323.9041409979109,156.14242099400144
1,0,0,0,0,0,0,8399,79.39167100994382,86.60064201103523,124.87636800506152,81.31808899634052
6,0,0,0,1,0,1,3,129.5934569934616,180.24745100410655,345.8961790020112,170.6730160076404
5,0,0,0,0,0,0,48,125.3324359859107,168.33101499651093,320.9400990017457,155.015091993846
1,0,0,0,0,0,0,8533,51.32844600302633,68.74772399896756,219.07835600723047,155.91083599429112
8,0,0,0,1,0,1,1,130.8960189926438,171.71398100617807,338.73149400460534,158.10639801202342
2,0,0,0,0,0,0,1827,110.12157700315583,152.0795720134629,292.7428940020036,150.7055580004817
3,0,0,0,0,0,0,208,119.71480400825385,163.64228300517425,307.06236300466117,148.42203100852203
2,0,0,0,0,0,0,1556,74.34882900270168,79.34786399709992,155.0853549997555,79.42291100334842
1,0,0,0,0,0,0,1901,108.24402399885003,148.69517998886295,284.44855399720836,148.3316409867257
160,0,0,0,30,0,1,1,393.6096920078853,357.60414799733553,1195.4419089888688,193.58284601185005
3,0,0,0,0,0,0,1070,129.36696599354036,180.15326099703088,330.15941600024235,169.62505999254063
2,0,0,0,0,0,0,3160,62.64913399354555,81.19185999385081,159.0104239876382,79.44213699374814
6,0,0,0,1,0,1,9,431.10751900530886,194.02913100202568,562.2754170035478,188.16926499130204
2,0,0,0,0,0,0,325,118.84127699886449,168.36654400685802,312.7030960022239,155.26716200110968
2,0,0,0,0,0,0,274,118.91850600659382,161.4922930020839,302.63047899643425,147.71434699650854
1,0,0,0,0,0,0,9914,44.88667599798646,110.05785400629975,246.35453600785695,162.87414099497255
29,0,0,0,2,0,1,1,670.0589680112898,627.7200600015931,360.5086979951011,234.90657198999543
1,0,0,0,0,0,0,9122,67.30388601135928,88.93044199794531,221.3841390039306,160.612958992715
1,0,0,0,0,0,0,9230,52.98306299664546,68.45053800498135,198.6911090061767,153.08944099524524
6,0,0,0,1,0,1,188,289.18152999540325,543.1333199958317,558.9305460016476,471.58124900306575
134,0,0,0,7,0,1,1,559.486805999768,535.3685629961547,946.7254830087768,358.9014239987591
4,0,0,0,0,0,0,384,147.39670700510032,183.93641799048055,332.5793789990712,181.76530400523916
71,0,0,0,6,0,1,1,550.8622160123195,526.3815670041367,761.8709539965494,398.9483530021971
3,0,0,0,0,0,0,1484,138.54860900028143,184.42279000009876,327.46288800262846,190.19342299725395
19,0,0,0,4,0,1,1,373.796312007471,385.6865510024363,628.550337991328,426.5132449945668
43,0,0,0,9,0,1,1,129.41078501171432,180.85834999510553,517.2936160088284,177.5049739953829
3,0,0,0,1,0,1,1479,338.579032002599,417.8281229978893,527.8153300023405,425.9518479957478
8,0,0,0,1,0,1,5,133.07218199770432,185.4265639994992,368.5610520042246,172.356747003505
57,0,0,0,6,0,1,1,577.5208519917214,537.4985420057783,799.7962619992904,406.46089300571475
1,0,0,0,0,0,0,9230,53.63161501009017,77.23172999976669,200.00554800208192,152.69251700374298
3,0,0,0,0,0,0,467,139.1311460029101,143.20417899580207,247.29965098958928,172.17696899024304
5,0,0,0,0,0,0,37,100.15531499811914,90.9162759926403,172.8042699978687,87.7514199964935
10,0,0,0,0,0,0,1,126.59991100372281,176.76553700584918,340.2454379975097,159.06418600934558
1,0,0,0,0,0,0,8533,98.740811998141,136.39720200444572,275.0137690018164,153.13402299943846
4,0,0,0,1,0,1,405,131.40487700002268,183.91515700204764,333.02751400333364,173.4997790044872
4,0,0,0,0,0,0,15,121.22348099364899,169.5128090068465,319.291810010327,156.7155959928641
8,0,0,0,1,0,1,1,118.4522260009544,163.05359901161864,330.35805300460197,150.48904799914453
53,0,0,0,7,0,1,1,432.8934569930425,428.5571859945776,756.1143790080678,355.7910379895475
2,0,0,0,0,0,0,856,119.83064700325485,167.86891699302942,308.95778301055543,159.30413598835003
4,0,0,0,0,0,0,383,122.76906899933238,169.8609440063592,318.16389500454534,177.98239599505905
16,0,0,0,2,0,1,1,545.5844810057897,496.7064009979367,588.0149180011358,445.05544799903873
1,0,0,0,0,0,0,9914,81.05239899305161,108.98452800756786,243.11630299780518,157.30749598878901
6,0,0,0,0,0,0,4,124.18713000079151,174.55584499111865,333.3152740087826,159.62918700824957
2,0,0,0,0,0,0,96,116.18067399831489,161.6442139929859,301.6857559996424,150.90888499980792
4,0,0,0,0,0,0,1,118.57328700716607,161.93658400152344,308.6263909935951,149.03884899104014
1,0,0,0,0,0,0,9122,66.3990519969957,87.81796699622646,219.64341100829188,156.85327000392135
1,0,0,0,0,0,0,9230,53.924940002616495,68.98348400136456,197.5107969919918,150.09768400341272
62,0,0,0,5,0,1,1,400.184635000187,401.91622999554966,787.0527789928019,398.06227800727356
34,0,0,0,5,0,1,1,327.8652820008574,301.2812610104447,395.13976000307593,150.58293199399486
3,0,0,0,0,0,0,205,123.11652200878598,169.78929699689616,316.9846720120404,157.19246699882206
2,0,0,0,0,0,0,3532,108.88256400357932,154.7238950006431,291.00467199168634,165.74231399863493
1,0,0,0,0,0,0,9914,81.06100300210528,109.08956600178499,246.52725999476388,158.87673900579102
4,0,0,0,0,0,0,323,128.1123400112847,179.58292699768208,333.41077200020663,171.0197850043187
2,0,0,0,0,0,0,108,100.30522200395353,82.93823500571307,154.89727500244044,74.07682899793144
5,0,0,0,1,0,1,298,335.45110700652003,178.73486199823674,498.94804699579254,181.77907800418325
2,0,0,0,0,0,0,3160,116.92243498691823,164.02103600557894,304.22724099480547,156.41243700520135
2,0,0,0,0,0,0,536,117.79753999144305,168.43433200847358,306.2670110084582,155.2953950013034
1,0,0,0,0,0,0,8533,104.93717899953481,140.4169799934607,275.90162500564475,157.3095519997878
1,0,0,0,0,0,0,9914,42.31535299913958,56.56621999514755,125.51704300858546,153.71570001298096
10,0,0,0,1,0,1,1,133.19298699207138,179.17181499069557,245.1684639963787,141.5392589988187
1,0,0,0,0,0,0,9122,66.10614999954123,88.4670530067524,220.3546800010372,158.6671370023396
4,0,0,0,0,0,0,126,130.2720270032296,181.59512600686867,219.49672400660347,169.2353970138356
2,0,0,0,0,0,0,3532,108.71404300269205,151.68362300028093,292.31614799937233,166.5725610073423
6,0,0,0,1,0,1,18,103.16723200958222,85.77464800328016,170.36050000751857,80.63435500662308
12,0,0,0,2,0,1,1,119.86424498900305,168.23537500749808,351.19564799242653,149.2285200074548
1,0,0,0,0,0,0,9122,65.56961499154568,86.71656300430186,220.94775400182698,157.13397500803694
10,0,0,0,0,0,0,1,128.75265900220256,177.67535100574605,323.41369199275505,105.90434800542425
14,0,0,0,2,0,1,1,133.06283199926838,185.08063700573985,381.8387209903449,172.07884800154716
13,0,0,0,1,0,1,1,123.47342300927266,171.5541510056937,352.99365999526344,157.2838470019633
7,0,0,0,2,0,1,1,368.9696360088419,374.16319600015413,507.59948999620974,94.07479599758517
10,0,0,0,1,0,1,4,66.10625899338629,88.3222249976825,332.9617179988418,159.96725601144135
5,0,0,0,0,0,0,18,117.10155098990072,164.16508100519422,311.48120800207835,147.8031739970902
16,0,0,0,2,0,1,1,519.8872909968486,503.8058229984017,584.6667389996583,444.6592130116187
3,0,0,0,0,0,0,286,84.02466800180264,113.53335600870196,319.21402100124396,157.61833199940156
2,0,0,0,0,0,0,4804,113.62577199179213,159.93535300367512,295.4680310067488,171.81781299586874
3,0,0,0,0,0,0,521,117.63317600707524,161.75152600044385,304.09601899737027,149.91538799949922
11,0,0,0,1,0,1,1,63.36063200433273,82.1802580030635,318.2303729990963,84.0959349879995
1,0,0,0,0,0,0,9122,44.89543799718376,87.99858400016092,223.0493990064133,157.86526100418996
4,0,0,0,0,0,0,383,122.02412899932824,170.01564800739288,280.2900209935615,175.38195199449547
6,0,0,0,1,0,1,1,377.6160729903495,178.36895400250796,559.2224249994615,173.22313399927225
2,0,0,0,0,0,0,4804,113.58089200803079,157.24469900305849,297.93645699101035,174.09072100417688
5,0,0,0,1,0,1,2,129.84635100292508,171.84776600333862,329.7637100040447,157.52743699704297
29,0,0,0,2,0,1,3,746.4691430068342,702.3039409978082,622.7485220006201,532.4431829940295
7,0,0,0,1,0,1,2,134.3164239951875,184.225602002698,358.6833629960893,114.14428400166798
2,0,0,0,0,0,0,3627,115.85539899533615,164.0547470015008,201.09099699766375,166.90621299494524
1,0,0,0,0,0,0,9230,53.085829989868216,68.68308699631598,198.7581279972801,151.7859900050098
2,0,0,0,0,0,0,1607,113.61314399982803,157.78926100756507,300.56648299796507,160.03943099349272
2,0,0,0,0,0,0,4804,111.28347300109453,155.1670859917067,297.8607460099738,174.55011900165118
5,0,0,0,0,0,0,1,121.55920300574508,165.64765700604767,316.41638300789054,151.8555709917564
10,0,0,0,2,0,1,7,442.02034900081344,371.24069599667564,588.8660359923961,456.12626400543377
7,0,0,0,1,0,1,59,77.39221400697716,181.34208901028614,348.74607001256663,169.95779999706428
2,0,0,0,0,0,0,3532,83.76376899832394,113.02834500384051,295.9601190086687,168.28856999927666
3,0,0,0,0,0,0,32,131.97019799554255,182.64379099127837,327.8751689940691,169.95273300562985
19,0,0,0,1,0,1,157,527.7803070057416,575.9841880062595,259.768517993507,191.22784299543127
7,0,0,0,0,0,0,3,128.64357000216842,180.84159899444785,340.21898500213865,166.41188198991586
4,0,0,0,0,0,0,17,129.28793000173755,177.471458009677,330.58370600338094,165.22312100278214
2,0,0,0,0,0,0,877,124.55577299988363,175.78098899684846,322.07820400071796,167.3654720070772
1,0,0,0,0,0,0,9230,53.625344997271895,68.55591599014588,202.38667000376154,151.83705800154712
21,0,0,0,7,0,1,30,373.6861079960363,357.7786670066416,627.5870020035654,310.9390839963453
3,0,0,0,0,0,0,4,60.86373099242337,83.91334899351932,155.40687400789466,106.65411299851257
1,0,0,0,0,0,0,8533,98.9815670036478,137.56234699394554,273.73426299891435,154.3260670005111
69,0,0,0,4,0,1,1,547.5992470019264,594.4259060051991,334.96088300307747,266.0037470050156
2,0,0,0,0,0,0,1340,117.91545699816197,163.50634800619446,213.11857999535277,85.64521399966907
17,0,0,0,2,0,1,3,450.0192549894564,512.1148579928558,619.8758039972745,475.82403098931536
12,0,0,0,2,0,1,5,452.22716899297666,438.59135900856927,560.1020989997778,421.1955329956254
13,0,0,0,2,0,1,1,135.46747500367928,185.69943100737873,382.2314319986617,121.03887400007807
5,0,0,0,1,0,1,21,131.73635299608577,174.25355699378997,303.47105699183885,115.13265399844386
6,0,0,0,0,0,0,7,122.41158800316043,168.6215359950438,324.6773519931594,155.97902300942224
6,0,0,0,1,0,1,9,117.93019100150559,121.54083399218507,325.1452149997931,150.47578199300915
1,0,0,0,0,0,0,8399,42.111167989787646,97.05621500324924,184.7096030105604,80.63648801180534
9,0,0,0,1,0,1,1,121.7644249991281,170.9267430123873,339.58034399256576,157.63942000921816
3,0,0,0,0,0,0,7,105.12940298940521,164.77915800351184,204.7364369936986,75.92885399935767
3,0,0,0,0,0,0,35,129.48972498998046,185.56622200412676,309.85549099568743,170.68228300195187
3,0,0,0,0,0,0,1,118.98375100281555,163.04383099486586,304.6071600110736,148.1967169966083
3,0,0,0,0,0,0,43,124.22428000718355,171.0298940015491,316.77430000854656,80.21616699988954
6,0,0,0,0,0,0,5,120.1665319968015,167.76318500342313,318.61386699893046,151.54999399965163
3,0,0,0,0,0,0,831,104.60315000091214,85.27265800512396,296.1773510032799,170.5937549995724
3,0,0,0,0,0,0,2044,121.75817300158087,170.50237600051332,316.2692009937018,167.08523000124842
13,0,0,0,2,0,1,5,572.204989992315,533.6574109969661,621.4844089990947,369.8863710014848
2,0,0,0,0,0,0,1556,109.46173500269651,158.1302480044542,300.624390001758,158.91964999900665
1,0,0,0,0,0,0,9230,52.86263501329813,68.7036120070843,198.0934979947051,151.14119299687445
41,0,0,0,5,0,1,1,130.74379299359862,119.35241099854466,253.7103539943928,156.33571799844503
1,0,0,0,0,0,0,1901,106.17373599961866,146.74971099884715,285.5877340043662,147.3861289996421
11,0,0,0,1,0,1,160,609.0917499968782,697.3200169886695,659.8533689975739,415.53965699858963
3,0,0,0,0,0,0,246,121.2077149975812,173.56724900309928,218.96860499691684,87.5285670044832
6,0,0,0,1,0,1,1,137.70057800866198,188.63841700658668,351.17285000160336,171.55189499317203
8,0,0,0,1,0,1,4,126.72113499138504,174.93641200417187,339.48757300095167,158.72363701055292
3,0,0,0,0,0,0,100,120.08672500087414,85.13048000168055,270.877819013549,149.8090940003749
2,0,0,0,0,0,0,1340,113.26595600985456,161.60944299190305,303.2058730022982,167.0766290044412
3,0,0,0,0,0,0,588,121.88891900586896,173.5409249959048,318.7267869943753,167.52500100119505
6,0,0,0,0,0,0,1,131.99251500191167,182.68463600543328,343.05926600063685,173.36462100502104
5,0,0,0,0,0,0,3,119.98367299383972,168.42239600373432,324.799003006774,156.64773200114723
11,0,0,0,1,0,1,2,116.3177669950528,166.2945409916574,338.01064499130007,148.14191599725746
1,0,0,0,0,0,0,8533,98.29025699582417,136.9376209913753,269.99877899652347,153.93209298781585
6,0,0,0,0,0,0,1,120.36155900568701,170.3448789921822,313.0041969998274,146.93231601268053
5,0,0,0,1,0,1,5,230.54676299216226,103.71016499993857,296.03922298701946,96.34137499961071
8,0,0,0,0,0,0,3,122.23773000005167,166.55265499139205,326.4587349985959,156.57112300687004
4,0,0,0,0,0,0,126,132.31977699615527,179.69545599771664,334.0942810027627,171.23793800419662
4,0,0,0,0,0,0,337,127.91318599192891,180.706608996843,334.3169699946884,170.83795300277416
16,0,0,0,4,0,1,1,125.27416698867455,174.5186129992362,380.5652720038779,156.53896100411657
1,0,0,0,0,0,0,8399,79.57106700632721,107.69355698721483,241.61093799921218,156.99311401112936
3,0,0,0,0,0,0,1448,117.88557399995625,162.52827599237207,307.3274779890198,159.68054300174117
10,0,0,0,1,0,1,1,130.0494799943408,135.34133300709073,208.4772200032603,167.85787099797744
1,0,0,0,0,0,0,9230,52.45593200379517,67.39902299887035,196.9662389892619,150.59821101021953
1,0,0,0,0,0,0,9230,52.41850399761461,66.93810499564279,196.837729003164,155.8997289976105
2,0,0,0,0,0,0,536,62.88756801222917,116.38406501151621,310.1333619997604,155.33398400293663
5,0,0,0,1,0,1,7,431.09368899604306,207.1175869932631,499.85087900131475,180.34770899976138
2,0,0,0,0,0,0,4804,86.33170400571544,79.98951600166038,152.64624799601734,89.42616199783515
5,0,0,0,1,0,1,1,370.5519520008238,177.84589200164191,545.4153409955325,172.06266200810205
3,0,0,0,0,0,0,489,120.05541400867514,169.1615849995287,240.84977500024252,79.6922790032113
3,0,0,0,0,0,0,1002,124.0709319972666,171.0656320065027,316.44888999289833,174.7697370010428
1,0,0,0,0,0,0,4295,109.26488200493623,151.63363599276636,285.0234720099252,107.19297100149561
3,0,0,0,1,0,1,1445,263.55526100087445,326.32320700213313,427.1571870049229,365.7308600086253
3,0,0,0,0,0,0,521,115.38847599877045,165.5882049963111,300.65335099061485,131.82425999548286
5,0,0,0,1,0,1,41,125.82830799510702,174.75692799780518,338.3280069974717,167.12070499488618
2,0,0,0,0,0,0,348,115.34437800582964,162.29143500095233,299.74319400207605,148.14852600102313
2,0,0,0,0,0,0,3627,72.51124898903072,160.410234995652,302.6596489944495,168.9568040019367
6,0,0,0,0,0,0,1,123.23272500361782,170.4274829971837,327.0604169956641,154.67477099446114
3,0,0,0,0,0,0,472,65.89208298828453,121.16054000216536,196.6248000098858,166.93139800918289
3,0,0,0,0,0,0,1484,123.86732100276276,172.84514399943873,295.9929750068113,171.95124299905729
4,0,0,0,0,0,0,28,118.89839399373159,167.98517500865273,247.157513993443,79.20647101127543
3,0,0,0,0,0,0,368,118.56766499113292,170.18655099673197,208.36759799567517,80.83669400366489
1,0,0,0,0,0,0,9122,65.63883200578857,88.73579699138645,218.69869000511244,156.4595280069625
5,0,0,0,1,0,1,40,371.73332800739445,182.61691299267113,552.6883700076723,173.52751598809846
2,0,0,0,0,0,0,966,118.7926169950515,163.9238800125895,306.7184519895818,155.73570800188463
2,0,0,0,0,0,0,536,117.88628500653431,166.78354000032414,311.8479089898756,156.72008199908305
1,0,0,0,0,0,0,9122,53.907537992927246,87.71065299515612,222.96253498643637,158.58838100393768
6,0,0,0,0,0,0,6,126.32296400261112,175.4835030005779,333.11971300281584,165.8315759996185
5,0,0,0,1,0,1,234,81.44055500451941,85.79944500525016,170.82316800951958,82.54636800847948
8,0,0,0,1,0,1,24,290.54535800241865,179.8414320073789,432.18109000008553,177.8216090024216
1,0,0,0,0,0,0,9230,29.01379000104498,35.948071992606856,103.50690899940673,78.5801599995466
26,0,0,0,3,0,1,1,389.74181898811366,380.3540250082733,599.8421310068807,347.98238599614706
2,0,0,0,0,0,0,3532,110.15005099761765,151.3617149903439,293.6787299986463,168.0587869923329
6,0,0,0,1,0,1,1,133.588361000875,184.62063500192016,350.7652039988898,174.88397200941108
3,0,0,0,0,0,0,344,119.954730005702,167.43534999841359,313.14209300035145,151.92079900589306
10,0,0,0,2,0,1,2,131.55543198809028,173.63461200147867,361.6079350031214,156.81085000687744
3,0,0,0,0,0,0,35,69.39926100312732,90.34174200496636,170.02930800663307,89.22798201092519
1,0,0,0,0,0,0,9914,81.29560900852084,111.45496300014202,242.54146798921283,160.04214600252453
1,0,0,0,0,0,0,9122,66.23593800759409,88.70617600041442,217.51254401169717,156.19345600134693
11,0,0,0,2,0,1,7,125.27958799910266,166.93132600630634,344.49957401375286,148.48634600639343
57,0,0,0,2,0,1,1,662.2934720071498,618.5717790067429,490.10066300979815,260.29603301140014
5,0,0,0,0,0,0,16,120.8645489969058,163.2512580108596,315.18394900194835,149.93073900404852
21,0,0,0,1,0,1,142,627.6154420047533,703.4785169962561,477.46149500017054,343.73345600033645
14,0,0,0,2,0,1,1,378.2570460025454,371.35647700051777,504.4973650074098,190.63900198671035
2,0,0,0,0,0,0,2666,98.80499499558937,139.22403700416908,277.47664600610733,160.7130679913098
3,0,0,0,0,0,0,1484,64.779592998093,87.83519199641887,166.37569399608765,89.6829449920915
10,0,0,0,0,0,0,1,121.31053100165445,173.594004008919,333.1421750044683,155.03438499581534
2,0,0,0,0,0,0,1556,112.8376289998414,157.2765500022797,301.3630329951411,156.88507400045637
34,0,0,0,3,0,1,1,679.041661991505,465.76674400421325,490.31705399102066,515.0550529942848
3,0,0,0,0,0,0,43,123.44698800006881,174.86945500422735,314.81813799473457,156.93704699515365
4,0,0,0,0,0,0,383,120.36600000283215,169.74461999780033,317.7766110020457,177.80733700783458
8,0,0,0,1,0,1,66,438.4232279990101,519.56205200986,611.969183999463,513.4107240010053
4,0,0,0,0,0,0,123,68.153093001456,88.52522600500379,291.08271999575663,168.56202900817152
31,0,0,0,7,0,1,1,388.3352150005521,354.78698699444067,679.9964849924436,189.05678699957207
6,0,0,0,0,0,0,2,119.8449020012049,165.25438299868256,319.33533599658404,151.31532501254696
5,0,0,0,0,0,0,13,123.69126900739502,168.87060999579262,320.4249850095948,156.5548420039704
3,0,0,0,0,0,0,22,119.63245600054506,165.49493400088977,314.86821100406814,154.78224800608587
1,0,0,0,0,0,0,9914,81.96435199351981,112.99840299761854,268.259753996972,161.75230900989845
4,0,0,0,0,0,0,65,124.05185600800905,170.14760299935006,209.67223000479862,161.3638809940312
6,0,0,0,0,0,0,16,131.76615600241348,173.63375700369943,233.99950900056865,159.8575969983358
4,0,0,0,0,0,0,7,118.83850800222717,189.38540598901454,322.33692400041036,157.3090570018394
11,0,0,0,0,0,0,1,127.69766899873503,170.5064370034961,336.07516100164503,152.2612359985942
98,0,0,0,7,0,1,1,588.1934430071851,559.4750480086077,874.7986649977975,375.20948000019416
48,0,0,0,7,0,1,1,399.77155199449044,229.9723189935321,380.0174460047856,185.5698239960475
4,0,0,0,1,0,1,34,118.09783799981233,166.04479700617958,316.86461200297344,147.76573100243695
1,0,0,0,0,0,0,8533,98.39225100586191,137.4319330061553,274.17253800376784,154.4435729883844
3,0,0,0,0,0,0,23,121.54571599967312,166.0575330024585,312.91392899584025,152.52440999029204
4,0,0,0,0,0,0,121,125.5513109936146,172.4614099948667,322.38026600680314,140.13322099344805
1,0,0,0,0,0,0,8533,99.52894200978335,137.16298699728213,273.29833099793177,154.3902959965635
43,0,0,0,4,0,1,1,587.8003630059538,544.1438519919757,701.01470600639,414.1060409892816
101,0,0,0,5,0,1,1,677.8915210015839,609.2134179925779,608.0357229948277,234.64564299501944
6,0,0,0,0,0,0,271,65.03949100442696,88.03218399407342,273.3487470104592,181.63446598919109
70,0,0,0,3,0,1,1,559.6189479983877,610.721637000097,658.9683569909539,364.90516700723674
2,0,0,0,0,0,0,1827,109.71318399242591,152.92806600336917,236.78201300208457,77.7319949993398
4,0,0,0,0,0,0,62,131.00497001141775,181.92476099648047,336.5775520069292,167.923389992211
2,0,0,0,0,0,0,4804,112.62793499918189,156.4511169999605,298.90264000277966,176.32244298874866
5,0,0,0,1,0,1,298,334.88277200376615,180.7975109986728,512.6344299933407,182.37996799871325
26,0,0,0,2,0,1,1,568.6694220057689,486.24861700227484,325.51686599617824,429.1930370090995
3,0,0,0,0,0,0,1484,125.39697100874037,175.68688599567395,324.60987400554586,171.0802969901124
6,0,0,0,1,0,1,57,129.36712300870568,166.4951650018338,331.40028500929475,157.12487600103486
3,0,0,0,0,0,0,467,128.11620099819265,176.4016079978319,324.2394249973586,171.2432060012361
1,0,0,0,0,0,0,8399,42.32556000351906,55.472188993007876,124.24614500196185,81.19855998666026
2,0,0,0,0,0,0,1121,65.75216799683403,89.48445900750812,286.5067600068869,171.67609400348738
2,0,0,0,0,0,0,2326,123.69563299580477,172.22103399399202,318.62668599933386,174.48341300769243
7,0,0,0,1,0,1,1,126.66531599825248,168.39275500387885,335.66628000698984,155.737193999812
2,0,0,0,0,0,0,36,132.51954400038812,179.77127600170206,326.7073960014386,170.00017099780962
2,0,0,0,0,0,0,2666,54.137857994646765,71.11228199210018,241.6151850047754,159.7345609916374
18,0,0,0,2,0,1,1,434.66875300509855,420.59274099301547,622.4145680025686,464.8839019937441
1,0,0,0,0,0,0,8399,79.26239499647636,108.43054699944332,239.9416769912932,157.42967299593147
132,0,0,0,10,0,1,1,519.089734996669,495.844446006231,944.2118880106136,304.81169698759913
3,0,0,0,0,0,0,1448,117.11065600684378,160.3423320048023,308.01672900270205,159.09078498953022
3,0,0,0,0,0,0,1626,132.65946599130984,182.15648499608506,329.43669499945827,173.325121999369
35,0,0,0,6,0,1,1,281.8118430004688,353.70892100036144,556.1283240094781,96.77653999824543
3,0,0,0,0,0,0,455,118.90606400265824,171.90547699283343,312.28754699986894,157.19735500169918
44,0,0,0,3,0,1,1,641.1164720047964,427.9133920063032,516.2491609953577,359.8450270073954
1,0,0,0,0,0,0,9122,66.82012899545953,87.90878899162635,222.32090299075935,158.04755299177486
5,0,0,0,0,0,0,17,119.16639099945314,164.76002900162712,316.1788879951928,150.44255199609324
29,0,0,0,3,0,1,1,130.60995799605735,171.56925299786963,409.50460100430064,157.72389399353415
49,0,0,0,3,0,1,1,351.01863300951663,211.1718399974052,534.87682598643,485.84796898649074
7,0,0,0,0,0,0,1,124.50700999761466,172.52814999665134,343.7618879979709,159.5017759973416
2,0,0,0,0,0,0,1556,111.94236499432009,160.2726330020232,324.09102100064047,157.60736000083853
6,0,0,0,0,0,0,14,131.3732699927641,184.12703200010583,375.78888300049584,172.51024999131914
2,0,0,0,0,0,0,1340,114.36612199759111,160.76966900436673,345.367036992684,169.4162970088655
12,0,0,0,2,0,1,1,207.2861839988036,206.40135499706957,463.1739140022546,190.9656190109672
2,0,0,0,0,0,0,4475,109.80642700451426,153.98485100013204,288.3420399884926,171.44118998839986
237,0,0,0,11,0,1,1,609.8097970098024,563.4829290065682,1159.2374979954911,121.88453199632932
35,0,0,0,3,0,1,1,670.7093059958424,620.5722789891297,655.3390329936519,426.2931480043335
4,0,0,0,0,0,0,8,135.2431169943884,206.20921299268957,320.20741899032146,155.90698400046676
12,0,0,0,1,0,1,72,576.3893740077037,657.2779859998263,593.4656200115569,470.8967939950526
2,0,0,0,0,0,0,4475,55.185761986649595,72.998239993467,144.79508700605948,85.78111900715157
4,0,0,0,1,0,1,66,120.38218199450057,166.13654400862288,318.70226899627596,149.74936099315528
1,0,0,0,0,0,0,1901,106.20752700197045,147.76247000554577,285.7846819970291,125.25693199131638
3,0,0,0,0,0,0,803,118.74006599828135,168.07853899081238,312.2564799996326,158.11824500269722
2,0,0,0,0,0,0,3160,120.9551969950553,165.52102701098192,304.9252539931331,157.2368499910226
1,0,0,0,0,0,0,9230,53.004665998741984,68.8989509944804,197.2105559980264,150.37975400628056
4,0,0,0,0,0,0,2,62.13356999796815,125.99712300288957,156.55640199838672,75.00719500239938
2,0,0,0,0,0,0,286,125.95494701236021,177.4450130033074,322.3799120023614,166.24761999992188
2,0,0,0,0,0,0,1827,109.58478300017305,149.0667189937085,286.35230200598016,149.9659649998648
1,0,0,0,0,0,0,1901,55.449159001000226,73.71918500575703,146.35728900611866,74.88035400456283
19,0,0,0,4,0,1,1,359.33118099637795,173.84496799786575,540.7935650000582,175.96158800006378
4,0,0,0,1,0,1,8,129.08596399938688,177.68365300435107,330.9620910004014,166.05429699120577
2,0,0,0,0,0,0,122,122.54537800617982,166.63500199501868,309.05747100769076,152.92215900262818
2,0,0,0,0,0,0,2666,52.38323999219574,69.4155560049694,141.95910999842454,79.23532200220507
4,0,0,0,0,0,0,77,128.92014799581375,170.9456009994028,322.9950759996427,157.3904590040911
3,0,0,0,0,0,0,344,118.50827500165906,169.29721699852962,311.2144249898847,150.67886900214944
2,0,0,0,0,0,0,8,117.41061999055091,164.07808299118187,304.3703010043828,146.77365000534337
2,0,0,0,0,0,0,4804,114.88540600112174,157.5759859988466,296.9624919933267,173.3816000050865
4,0,0,0,1,0,1,122,86.13398499437608,91.10635099932551,266.9490869884612,171.6777169931447
183,0,0,0,13,0,1,1,679.7343079961138,636.8993560026865,951.5808869909961,233.38901399984024
2,0,0,0,0,0,0,1607,113.99153099046089,122.89492700074334,154.7398529946804,82.66839499992784
3,0,0,0,0,0,0,99,130.13743799820077,181.9275820016628,336.4402320003137,171.56788799911737
12,0,0,0,1,0,1,56,416.9828149897512,494.3436199973803,681.766310997773,459.30797199252993
5,0,0,0,0,0,0,50,104.57249199680518,166.450895005255,314.9773449986242,120.1706279971404
5,0,0,0,0,0,0,48,123.23495300370269,169.20937900431454,323.27260200690944,152.75923399894964
32,0,0,0,3,0,1,1,534.1087889974006,513.7797790084733,680.9526200086111,441.3984429993434
7,0,0,0,0,0,0,1,62.560246005887166,83.23184300388675,162.7714320056839,75.31802500307094
1,0,0,0,0,0,0,1901,106.93040200567339,148.11461699719075,281.23815699655097,147.32130100310314
5,0,0,0,1,0,1,277,371.4002720080316,186.36831399635412,554.9331469956087,178.58511800295673
6,0,0,0,1,0,1,71,128.5653730010381,168.47419600526337,333.402203003061,157.53410100296605
1,0,0,0,0,0,0,8533,99.86806400411297,139.40994199947454,276.24018299684394,155.4257069947198
4,0,0,0,1,0,1,408,67.18729899148457,88.62902798864525,169.65098299260717,137.77660799678415
3,0,0,0,1,0,1,1445,269.5920179976383,325.4777370020747,424.8038789955899,235.72851999779232
5,0,0,0,1,0,1,2,375.72676500712987,183.03132899745833,558.1909149914281,145.63477599585894
46,0,0,0,2,0,1,1,586.8704599997727,560.4625140113058,553.1792910041986,347.36172399425413
2,0,0,0,0,0,0,3627,114.89431500376668,162.78717400564346,301.59760398964863,168.62884399597533
2,0,0,0,0,0,0,1486,118.48062099306844,162.4180220096605,302.6092309883097,154.80537799885496
16,0,0,0,1,0,1,1,122.16660000558477,167.6960259937914,359.55030900368,155.75726100360043
3,0,0,0,0,0,0,1448,61.210674000903964,82.31409499421716,156.76689600513782,83.58056700672023
3,0,0,0,0,0,0,18,119.87881899403874,163.25912199681625,309.6180719876429,147.82237699546386
1,0,0,0,0,0,0,8399,80.25078799983021,107.82166900753509,242.36134901002515,155.19865399983246
4,0,0,0,0,0,0,8,124.10316000750754,175.13268800394144,326.5933960065013,166.76777999964543
12,0,0,0,3,0,1,4,70.63442000071518,91.03174200572539,194.9762180011021,89.27868399769068
127,0,0,0,9,0,1,1,660.8335100027034,450.2914869954111,762.7104830025928,274.5432219962822
29,0,0,0,2,0,1,1,670.1025869988371,619.6395639999537,531.4820909989066,188.4711240127217
2,0,0,0,0,0,0,3627,120.98505400354043,164.26462700474076,302.82307299785316,170.64135799591895
2,0,0,0,0,0,0,2666,98.1584249966545,138.27616701018997,275.08397499332204,159.2457680089865
23,0,0,0,4,0,1,1,456.6865929955384,440.94077601039317,496.2668410007609,225.43130499252584
4,0,0,0,0,0,0,49,129.33205800072756,181.94793100701645,337.1780890010996,177.99101199489087
2,0,0,0,0,0,0,2666,99.84905199962668,143.4731780027505,279.2056489997776,163.449829997262
48,0,0,0,6,0,1,1,638.7507430044934,597.5539680075599,726.0220850002952,405.5319119943306
8,0,0,0,1,0,1,1,463.53751300193835,183.22202199487947,555.8966529933969,174.57744899729732
4,0,0,0,0,0,0,528,120.84981199586764,175.07960100192577,321.6555109975161,164.69029600557406
3,0,0,0,0,0,0,1484,129.6021439920878,186.49804500455502,325.3545929910615,186.0324599983869
7,0,0,0,0,0,0,5,119.63756300974637,161.66394100582693,326.3316990050953,158.7552809942281
13,0,0,0,3,0,1,1,122.30146599176805,167.60427299595904,376.181779007311,185.76461699558422
5,0,0,0,1,0,1,2,415.29278599773534,193.7534059979953,574.8634810006479,191.95066099928226
5,0,0,0,0,0,0,69,134.23629700264428,184.59202199301217,373.4972180100158,180.81331299617887
2,0,0,0,0,0,0,3095,113.88436499692034,213.40437800972722,331.28727599978447,168.28472600900568
8,0,0,0,0,0,0,1,141.9445089995861,205.0852259999374,166.48339800303802,78.1286999990698
14,0,0,0,2,0,1,1,445.5693830095697,448.4733139979653,708.2889510056702,540.1807479938725
2,0,0,0,0,0,0,3095,119.62559098901693,165.7894529926125,303.71027400542516,167.32749399670865
1,0,0,0,0,0,0,8399,84.07961000921205,107.22305400122423,243.7975300126709,156.60203699371777
3,0,0,0,1,0,1,1445,269.14358101203106,340.0389720045496,437.90795499808155,352.47870700550266
8,0,0,0,1,0,1,110,429.1766410024138,482.18051200092304,626.0327409981983,503.1770960049471
1,0,0,0,0,0,0,1901,105.33355000370648,147.53273800306488,216.30721900146455,75.25765399623197
10,0,0,0,1,0,1,1,118.74724800873082,167.97701000177767,336.6663609922398,150.75691700621974
3,0,0,0,0,0,0,650,64.99798900040332,82.77682799962349,205.5524159950437,151.34311899601016
2,0,0,0,0,0,0,4804,113.67935399175622,158.11962900625076,296.34004799299873,172.86723099823575
1,0,0,0,0,0,0,9230,29.064280999591574,35.17435801040847,103.43743799603544,76.63076900644228
1,0,0,0,0,0,0,849,113.84597099095117,157.89472599863075,299.7786169871688,148.7003049987834
1,0,0,0,0,0,0,8533,98.95425000286195,137.33388199761976,277.61798500432633,157.03094498894643
5,0,0,0,1,0,1,138,122.32055800268427,169.84490500180982,327.4572700029239,161.12654699827544
4,0,0,0,0,0,0,84,119.11269399570301,162.0791290042689,309.0992350043962,149.76316899992526
2,0,0,0,0,0,0,877,125.21809899772052,177.44575200777035,316.2419830041472,165.71020300034434
32,0,0,0,3,0,1,1,564.20154600346,506.72511200536974,654.4219970091945,222.8029000107199
3,0,0,0,0,0,0,270,116.69907599571161,161.61596598976757,305.20424200221896,148.51764499326237
4,0,0,0,0,0,0,147,130.90067300072405,184.43322699749842,333.38121899578255,173.006989993155
2,0,0,0,0,0,0,4804,112.96241299714893,156.40083501057234,297.0631089992821,174.20072200184222
2,0,0,0,0,0,0,3160,115.99256099725608,159.67539900157135,300.02900400722865,155.4481719940668
2,0,0,0,0,0,0,36,85.51824900496285,177.80276699340902,327.4349959974643,170.63218099065125
1,0,0,0,0,0,0,8399,78.80931699764915,107.01259798952378,239.38741198799107,160.00299000006635
1,0,0,0,0,0,0,8399,78.44896899769083,106.20317800203338,238.82958000467625,157.01547400385607
12,0,0,0,2,0,1,1,120.99158699857071,165.5183289985871,350.0610409973888,149.54463500180282
1,0,0,0,0,0,0,2186,110.14892099774443,154.67588699539192,287.9160520096775,152.1311280084774
1,0,0,0,0,0,0,9914,71.80083500861656,56.14249200152699,219.82310099701863,164.008552004816
6,0,0,0,1,0,1,65,250.73319100192748,92.22589699493255,303.03347000153735,87.76327599480283
1,0,0,0,0,0,0,9122,35.9380330046406,44.479517004219815,114.45552100485656,101.61194800457451
4,0,0,0,0,0,0,123,125.86247200670186,169.8650079924846,319.66496699897107,154.4456460105721
12,0,0,0,1,0,1,1,128.26382300409023,178.86642400117125,343.8021800102433,159.42564500437584
2,0,0,0,0,0,0,4804,115.25883399008308,158.79679199133534,298.5356139979558,174.52673699881416
29,0,0,0,5,0,1,1,148.1301839958178,176.5976440074155,449.54397300898563,169.4349630124634
2,0,0,0,0,0,0,1340,115.16339000081643,161.34587899432518,303.99053198925685,167.9317859961884
14,0,0,0,3,0,1,5,477.736802000436,457.76048600964714,592.9420820029918,411.61874499812257
2,0,0,0,0,0,0,3627,119.26241900073364,165.45425599906594,307.3360929993214,171.3264900026843
47,0,0,0,8,0,1,1,380.8520720049273,193.86968300386798,372.83643800765276,156.27868899900932
6,0,0,0,1,0,1,57,131.13635500485543,171.21831599797588,338.8102799945045,158.04116100480314
16,0,0,0,2,0,1,1,123.87777799449395,174.72095400444232,367.0698399946559,156.40326900756918
1,0,0,0,0,0,0,8399,42.45710700342897,54.44969299423974,126.7644420004217,81.1237199959578
9,0,0,0,1,0,1,1,128.2610019989079,177.89068899583071,352.0026549958857,165.8711539930664
1,0,0,0,0,0,0,148,115.82696800178383,162.75276101077907,298.78444799396675,150.43046500068158
1,0,0,0,0,0,0,9914,82.54916999430861,111.14443400583696,246.29464899771847,162.32109798875172
6,0,0,0,0,0,0,6,130.47845600522123,180.56409199198242,341.6351880005095,170.12098099803552
5,0,0,0,0,0,0,37,129.1033680026885,177.94661900552455,335.09354799753055,178.049555994221
1,0,0,0,0,0,0,274,59.351361996959895,78.22883500193711,159.6150280092843,94.18463699694257
1,0,0,0,0,0,0,9122,66.58850199892186,89.07189599995036,220.09441300178878,156.90940199419856
1,0,0,0,0,0,0,8399,78.95245299732778,106.98465998575557,240.95307000970934,154.06420099316165
2,0,0,0,0,0,0,1827,108.86916099116206,150.78696799173485,288.0319549876731,148.67552999930922
1,0,0,0,0,0,0,8533,100.16215799259953,135.37143400753848,273.71223000227474,154.9738039902877
4,0,0,0,0,0,0,408,119.86591899767518,171.22385499533266,314.58300798840355,160.2369249885669
2,0,0,0,0,0,0,73,120.36612399970181,168.8318490050733,312.78163100068923,156.20418099570088
3,0,0,0,0,0,0,489,124.13744999503251,169.04140799306333,286.44113399786875,79.44906200282276
24,0,0,0,2,0,1,1,734.2011900036596,690.4013930034125,374.5742489991244,327.0616579975467
42,0,0,0,3,0,1,1,598.5234920080984,563.2041890057735,615.5850389914121,385.45474100101274
3,0,0,0,0,0,0,527,121.0952880064724,168.9552229945548,311.73177099844906,171.80833099700976
36,0,0,0,4,0,1,1,491.61996600741986,468.35745200223755,694.7200669965241,419.554996988154
1,0,0,0,0,0,0,9914,43.044178004493006,56.466663008905016,194.48490999639034,160.21358499710914
1,0,0,0,0,0,0,8533,98.21450000163168,136.42438199894968,274.4644550111843,156.52897600375582
4,0,0,0,0,0,0,81,128.47412200062536,180.343615997117,327.9770500084851,167.67285999958403
7,0,0,0,0,0,0,2,122.46518999745604,169.81850600859616,267.2194079932524,81.23953299946152
3,0,0,0,0,0,0,32,130.54008899780456,179.08958200132474,330.17911699425895,169.18683600670192
2,0,0,0,0,0,0,4804,111.52351000055205,157.19978899869602,301.5597780031385,175.77173400786705
3,0,0,0,0,0,0,1862,121.71446900174487,173.88391400163528,317.9611769883195,172.18335099460091
17,0,0,0,3,0,1,1,277.97539900348056,336.0797590139555,505.4134110105224,393.6484800069593
1,0,0,0,0,0,0,9230,45.62341500422917,36.24187099921983,102.66494199458975,141.0205669963034
2,0,0,0,0,0,0,1827,108.23083799914457,152.66762199462391,287.1305470034713,149.42191500449553
3,0,0,0,0,0,0,39,131.9226830091793,181.54967500595376,333.0649319977965,167.73202699550893
6,0,0,0,0,0,0,4,119.7212760016555,169.59727100038435,324.90951800718904,157.567108006333
7,0,0,0,0,0,0,2,65.19835900689941,85.90712700970471,171.87125199416187,82.27293600793928
7,0,0,0,0,0,0,1,123.73503799608443,172.3121069953777,332.95928499137517,161.2235700013116
9,0,0,0,0,0,0,1,119.94531900563743,169.86980600631796,329.10892699146643,157.06912100722548
1,0,0,0,0,0,0,1901,55.8400059962878,73.76750699768309,146.12691300862934,77.29696900059935
3,0,0,0,0,0,0,1448,115.3128599980846,160.65872900071554,302.39870899822563,158.6298610054655
2,0,0,0,0,0,0,33,116.93938401003834,165.1688020065194,304.73987600998953,148.1286119960714
2,0,0,0,0,0,0,1320,119.0445109969005,165.59636499732733,306.9564810139127,158.9444800047204
42,0,0,0,3,0,1,1,457.4510050006211,564.2662730097072,617.0690419967286,383.52897101140115
5,0,0,0,1,0,1,5,435.1282600109698,201.659970000037,571.7158140032552,188.86752201069612
4,0,0,0,0,0,0,528,63.29884100705385,85.84114100085571,165.93349300092086,85.4310160066234
3,0,0,0,0,0,0,1070,126.82502600364387,178.76081400027033,324.7767419961747,170.49694299930707
2,0,0,0,0,0,0,3160,118.6350599891739,162.4681280081859,297.7385400008643,149.78705999965314
29,0,0,0,5,0,1,1,378.5815029987134,188.511541011394,578.440571000101,175.53040001075715
5,0,0,0,0,0,0,11,65.01178799953777,85.4263139917748,165.60910700354725,82.38551700196695
31,0,0,0,3,0,1,1,564.2017950012814,524.6058500051731,678.1877109897323,201.2851259933086
2,0,0,0,0,0,0,2666,101.68677699402906,140.8410980075132,279.1862140002195,158.7849720090162
2,0,0,0,0,0,0,2666,100.06583899667021,138.9915900072083,278.29383400967345,158.5039890051121
1,0,0,0,0,0,0,9230,53.31664600817021,68.97954099986237,199.72545499331318,154.24300500308163
4,0,0,0,0,0,0,1,123.17583899130113,174.2784730013227,320.8722410054179,156.06977199786343
16,0,0,0,1,0,1,53,654.9277029989753,741.8136099877302,576.631723990431,456.93451300030574
3,0,0,0,0,0,0,1484,124.59873899933882,175.70649400295224,321.24066799588036,170.4997659981018
8,0,0,0,1,0,1,2,121.01906500174664,168.39103400707245,338.98150800087024,158.45796999929007
3,0,0,0,0,0,0,1070,129.86719999753404,181.3840520044323,328.09145298961084,170.8807030081516
54,0,0,0,13,0,1,1,420.2654989931034,397.08818700455595,743.3503270003712,112.87983699003235
4,0,0,0,1,0,1,375,119.46509999688715,164.41173199564219,315.5024369916646,176.70743900816888
41,0,0,0,8,0,1,1,388.86043000093196,194.92412499675993,559.5713750080904,96.62010800093412
31,0,0,0,4,0,1,1,550.7539669924881,519.3822989967884,633.9458180009387,396.6189549973933
23,0,0,0,3,0,1,1,273.32773999660276,477.75913700752426,630.3293420060072,211.43614400352817
4,0,0,0,0,0,0,102,134.1027049929835,187.07469600485638,339.5416770072188,168.6319839936914
2,0,0,0,0,0,0,3627,62.15853001049254,83.0325279966928,156.3220310054021,165.42722999292891
6,0,0,0,1,0,1,383,248.90126200625673,426.30763999477495,520.9636000072351,425.26585300220177
1,0,0,0,0,0,0,1511,110.86066400457639,124.99563000164926,147.2519210074097,80.81378199858591
2,0,0,0,0,0,0,274,115.2886049967492,159.8588899942115,300.47155999636743,159.51612900244072
59,0,0,0,11,0,1,1,126.21665801270865,175.60530299670063,570.5671899922891,173.64616499980912
5,0,0,0,1,0,1,4,364.3079760076944,188.2043369987514,554.4401000079233,178.62231501203496
32,0,0,0,3,0,1,1,535.945299998275,516.2483640015125,670.204764988739,476.22585999488365
6,0,0,0,1,0,1,15,122.95284600986633,166.60675501043443,326.2211230030516,152.6134669984458
3,0,0,0,0,0,0,1862,123.25204600347206,172.15267999563366,328.46556999720633,170.38668900204357
240,0,0,0,45,0,1,1,406.8676449969644,343.58192200306803,1493.1635889952304,104.75569900881965
1,0,0,0,0,0,0,3085,53.995463997125626,130.0446289969841,277.37552901089657,149.13945698936004
7,0,0,0,0,0,0,3,149.9792420072481,166.43546900013462,317.2427130048163,150.57411800080445
15,0,0,0,3,0,1,1,142.65791000798345,175.80154100141954,391.4323200006038,168.06508699664846
10,0,0,0,1,0,1,107,122.3470100085251,161.33328300202265,334.2839849938173,150.1501430029748
4,0,0,0,0,0,0,35,79.12209199275821,87.42909300781321,163.72417499951553,82.09722299943678
7,0,0,0,0,0,0,2,126.5957720024744,167.4567610025406,326.5454500069609,153.60590199998114
5,0,0,0,0,0,0,72,63.13021200185176,82.5238929974148,310.70185800490435,148.99516500008758
2,0,0,0,0,0,0,1827,108.94431298947893,153.0945900012739,286.7445459996816,147.22594698832836
9,0,0,0,0,0,0,1,125.0009100040188,168.34497200034093,333.83734899689443,160.65066600276623
12,0,0,0,1,0,1,1,130.8657769986894,182.45162400125992,365.50152400741354,168.90656600298826
1,0,0,0,0,0,0,9122,66.33310799952596,47.658109993790276,114.43770900950767,80.41095800581388
84,0,0,0,5,0,1,1,625.2632950054249,424.3901080044452,701.8670300021768,336.43095700244885
3,0,0,0,0,0,0,169,119.83309499919415,168.66155501338653,314.9772159958957,159.20943199307658
2,0,0,0,0,0,0,90,60.24726999748964,82.91515801101923,290.77237099409103,148.64043600391597
4,0,0,0,0,0,0,65,130.1216809952166,183.5286459972849,337.4177899968345,171.70365199854132
4,0,0,0,0,0,0,52,122.29512399062514,168.9062229997944,316.7465529986657,85.81128700461704
1,0,0,0,0,0,0,2186,108.39960500015877,154.49302599881776,286.28471500996966,150.13782800815534
2,0,0,0,0,0,0,4804,59.345752000808716,79.94872899143957,179.07897300028708,171.92735300341155
6,0,0,0,0,0,0,2,120.68342299608048,162.84131900465582,258.1475129991304,76.9010609947145
8,0,0,0,0,0,0,2,118.38355699728709,167.23112799809314,319.7725200006971,151.07894399261568
7,0,0,0,1,0,1,2,132.11231600143947,184.51920099323615,354.8415379918879,168.64451600122266
8,0,0,0,0,0,0,1,131.49022500147112,182.55406500247773,347.91909699561074,169.06245501013473
2,0,0,0,0,0,0,3095,108.65552100585774,157.82795000995975,296.4545949944295,165.30079799122177
1,0,0,0,0,0,0,8533,98.20721100550145,135.78368099115323,273.8754530000733,153.64629900432192
1,0,0,0,0,0,0,2186,108.25971499434672,150.56247099710163,287.31262299697846,114.45193500549067
12,0,0,0,2,0,1,10,467.53212000476196,449.18782298918813,542.6114889996825,414.2299740051385
3,0,0,0,0,0,0,588,123.37647199456114,175.52038400026504,322.63586900080554,166.48821599665098
6,0,0,0,1,0,1,65,205.85265998670366,93.26611799770035,321.19950800552033,170.22942600306123
1,0,0,0,0,0,0,9914,80.67831299558748,108.91904700838495,244.1397450020304,160.3375710110413
3,0,0,0,0,0,0,527,121.30115799664054,170.41573900496587,313.1536400032928,173.29226499714423
3,0,0,0,1,0,1,330,390.4542710079113,467.4757209868403,578.0036420037504,484.59515000286046
4,0,0,0,1,0,1,408,65.49584399908781,87.82525100104976,312.43104800523724,164.97886199795175
5,0,0,0,1,0,1,1,117.41290900681634,166.7735100054415,324.01275700249244,151.105101002031
7,0,0,0,1,0,1,7,119.84955999650992,162.35824101022445,327.7712590061128,148.24887400027364
3,0,0,0,0,0,0,1484,123.05720699077938,173.07688998698723,321.41655999294017,172.5676150090294
8,0,0,0,2,0,1,55,126.30818400066346,172.38748300587758,351.5930260036839,209.42052600730676
15,0,0,0,2,0,1,1,70.22145000519231,86.62803100014571,258.02983199537266,157.7129389916081
8,0,0,0,2,0,1,76,393.09900799707975,388.36604201060254,504.81510399549734,376.27126699953806
2,0,0,0,0,0,0,1607,111.20611200749408,79.71378600632306,199.34853000449948,157.44300100777764
4,0,0,0,0,0,0,394,128.3425160072511,182.1865730016725,232.9688229947351,145.85419499780983
1,0,0,0,0,0,0,9122,34.84558300988283,73.14887500251643,148.04685600392986,80.70588599366602
4,0,0,0,0,0,0,77,122.43198299256619,169.95531399152242,320.54647301265504,159.19011599908117
7,0,0,0,1,0,1,2,116.8651449988829,162.9258100001607,326.47324599383865,148.22124000056647
8,0,0,0,0,0,0,1,122.15460301376879,170.35478599427734,329.902351993951,145.0943620002363
4,0,0,0,0,0,0,1,125.79709499550518,171.86863500683103,318.5106180026196,156.0239550017286
3,0,0,0,0,0,0,527,119.89737900148612,171.53509000490885,313.92013099684846,170.5719439923996
12,0,0,0,2,0,1,4,127.45754299976397,166.28729399235453,349.12304700992536,147.33907900517806
3,0,0,0,0,0,0,531,125.01722999149933,175.50357899744995,321.54322499991395,168.32431199145503
7,0,0,0,1,0,1,1,66.41615800617728,85.85146300902124,219.37820900348015,158.37365400511771
3,0,0,0,0,0,0,70,115.20170400035568,162.37663700303528,306.9561279990012,118.0797499982873
3,0,0,0,0,0,0,70,117.73537400586065,163.45482500037178,305.72851598844863,147.20141800353304
1,0,0,0,0,0,0,1901,55.01270999957342,73.16055599949323,258.75262000772636,146.26103099726606
2,0,0,0,0,0,0,3627,113.81335400801618,162.419967004098,302.27207401185296,165.31323800154496
1,0,0,0,0,0,0,2186,108.62179500691127,151.2384460074827,289.3797029973939,150.49109800020233
2,0,0,0,0,0,0,988,113.24297900137026,161.8648420117097,296.8768029968487,150.5130029981956
4,0,0,0,1,0,1,35,121.81393199716695,169.31995999766514,319.2533219989855,152.80383999925107
1,0,0,0,0,0,0,4295,106.17520500090905,150.6742839992512,288.43156999209896,151.89231699332595
5,0,0,0,0,0,0,2,119.63421900873072,165.2309100027196,317.6363959937589,152.16785699885804
3,0,0,0,0,0,0,1484,123.49974899552763,174.3551959953038,322.09695599158294,172.92981999344192
23,0,0,0,4,0,1,1,196.45599700743333,97.10265199828427,330.5709740088787,85.83833000739105
2,0,0,0,0,0,0,3532,110.21815199637786,153.3241590077523,298.8960520015098,126.54695400851779
23,0,0,0,2,0,1,5,550.027092001983,526.1425679927925,637.9502880008658,470.44865500356536
3,0,0,0,0,0,0,560,123.03559899737593,178.28176300099585,319.8041279974859,170.41632799373474
3,0,0,0,0,0,0,368,118.42509498819709,166.16536601213738,314.0801020053914,158.167408008012
4,0,0,0,0,0,0,26,62.44592300208751,123.88835899764672,196.3471340131946,77.34260200231802
5,0,0,0,0,0,0,22,122.93366900121327,168.52178699627984,317.7373799990164,151.96504699997604
2,0,0,0,0,0,0,55,120.02311401010957,164.04901100031566,300.66471100144554,146.21608800371177
3,0,0,0,0,0,0,5,123.46852099290118,169.33894899557345,312.94972699834034,151.56216800096445
9,0,0,0,1,0,1,5,71.11623900709674,85.35648901306558,312.6817259908421,152.10856500198133
7,0,0,0,1,0,1,1,122.54872499033809,170.25097299483605,334.5926030015107,157.34922100091353
4,0,0,0,1,0,1,132,391.78326399996877,187.37277199397795,575.4666389984777,183.5194209998008
5,0,0,0,1,0,1,298,335.93688199471217,178.41750200022943,503.4124779922422,183.75524200382642
12,0,0,0,0,0,0,1,123.50811599753797,173.0284999939613,338.0912110005738,157.8124259976903
5,0,0,0,0,0,0,31,64.06118800805416,85.88492999842856,295.369462997769,157.20127199892886
1,0,0,0,0,0,0,9230,42.41223899589386,36.36082500452176,136.25553601013962,152.5933769880794
12,0,0,0,1,0,1,1,128.53954399179202,181.9974469981389,251.51018900214694,171.91554099554196
2,0,0,0,0,0,0,2326,64.21493500238284,173.56029400252737,304.5142390037654,126.2292309984332
1,0,0,0,0,0,0,9230,53.991292996215634,69.80816199211404,198.2663780072471,151.4296780078439
1,0,0,0,0,0,0,8533,96.97421699820552,135.15620699035935,273.95949700439814,153.12196999730077
7,0,0,0,0,0,0,2,122.1638580027502,164.6980090008583,321.6043080028612,147.68588800507132
15,0,0,0,3,0,1,1,129.7563359985361,174.97265800193418,369.52084899530746,154.75551001145504
2,0,0,0,0,0,0,2666,99.01927900500596,138.72258299670648,276.41821299039293,159.2171399970539
1,0,0,0,0,0,0,9230,53.66018800123129,70.49506000475958,200.4582230001688,155.4544689861359
26,0,0,0,3,0,1,1,535.4955609946046,508.46903200726956,640.5300659971545,428.43992900452577
5,0,0,0,0,0,0,1,128.38703399756923,179.14578299678396,336.2503120006295,167.8443600103492
5,0,0,0,1,0,1,2,374.2393659922527,184.22014900716022,560.6777220091317,173.56194500462152
2,0,0,0,0,0,0,1827,60.51727100566495,76.1488010030007,148.44706699659582,77.17106799827889
13,0,0,0,3,0,1,11,254.13810899772216,435.8738550072303,579.6221450000303,300.31665999558754
1,0,0,0,0,0,0,9914,81.01066498784348,110.64525399706326,242.7460559993051,159.05446901160758
4,0,0,0,0,0,0,481,126.28050700004678,181.8761979957344,333.1464749935549,172.37501199997496
5,0,0,0,1,0,1,37,135.42997000331525,177.51166700327303,174.5425039989641,89.87501900992356
2,0,0,0,0,0,0,28,125.72476800414734,173.2631430058973,323.0432669952279,164.56697200192139
9,0,0,0,2,0,1,2,393.573135996121,274.8587090027286,595.848996003042,172.20527700555976
1,0,0,0,0,0,0,8533,100.1088049961254,137.67466599529143,241.70875699201133,128.51568500627764
4,0,0,0,0,0,0,200,123.99287000880577,172.17887900187634,286.5979390044231,80.3702769917436
12,0,0,0,1,0,1,149,345.15684700454585,388.629241992021,653.2489590026671,538.1125809944933
2,0,0,0,0,0,0,1290,108.38126299495343,156.99803100142162,294.8323290038388,157.87758900842164
1,0,0,0,0,0,0,8533,101.06838500360027,137.79083998815622,276.77106199553236,154.2449599946849
3,0,0,0,0,0,0,257,65.28268699184991,86.08050100156106,162.85938999499194,87.65713300090283
1,0,0,0,0,0,0,3085,78.75953298935201,143.83751900459174,278.1615639978554,150.81464700051583
29,0,0,0,6,0,1,1,130.03797200508416,171.03617500106338,432.4190479965182,153.5185940010706
5,0,0,0,0,0,0,22,115.39054800232407,162.18431200832129,313.1952660041861,149.74099799292162
2,0,0,0,0,0,0,1827,108.40358700079378,153.3673270023428,284.69013499852736,146.54348700423725
8,0,0,0,0,0,0,1,131.73668400850147,181.85667300713249,345.29811500397045,167.17742299078964
1,0,0,0,0,0,0,9122,35.90635699220002,45.37619699840434,113.24462099582888,131.6224530019099
3,0,0,0,0,0,0,58,120.07368300692178,168.03506799624301,288.7051619909471,80.22697400883771
3,0,0,0,0,0,0,18,132.73177300288808,180.3833529993426,331.01445199281443,170.0164270005189
3,0,0,0,0,0,0,1448,114.21856499509886,160.4152020008769,305.1258639898151,170.5606390023604
12,0,0,0,1,0,1,1,131.1114779964555,94.94670500862412,232.03049899893813,120.61231899133418
8,0,0,0,1,0,1,3,123.05064400425181,175.63823900127318,339.4584659981774,156.49823799321894
4,0,0,0,0,0,0,48,115.39323399483692,95.27958200487774,317.51159799750894,155.1555510086473
71,0,0,0,6,0,1,1,549.0626890095882,531.9817310082726,639.8473389999708,305.6107430020347
3,0,0,0,0,0,0,1626,127.26821200340055,180.017939012032,329.9619659956079,175.58524599007796
5,0,0,0,0,0,0,4,115.53494801046327,164.2795939987991,314.3936720007332,148.45503299147822
1,0,0,0,0,0,0,261,115.07981301110703,159.46111900848337,300.08406199340243,145.8712769963313
35,0,0,0,3,0,1,1,550.579225004185,529.0143960010028,687.4709609983256,440.8890769991558
2,0,0,0,0,0,0,78,120.6954270019196,146.02285900036804,160.36667799926363,79.37160799338017
3,0,0,0,0,0,0,1484,125.64942800963763,175.82583100011107,322.2987339977408,170.51938000076916
1,0,0,0,0,0,0,8399,78.88128900958691,106.02817000471987,241.03325100440998,156.74402700096834
7,0,0,0,0,0,0,3,118.66726700100116,168.49817299225833,318.5558840050362,147.7345610037446
2,0,0,0,0,0,0,2666,99.46286800550297,136.72978400427382,277.4109070014674,159.86214599979576
14,0,0,0,3,0,1,9,409.5111269998597,394.92958699702285,531.4860799990129,361.11682999762706
2,0,0,0,0,0,0,4804,114.46667699783575,159.26118100469466,299.0449670032831,174.50380499940366
6,0,0,0,2,0,1,316,308.7752779974835,313.57740200473927,490.64557600650005,363.2247850036947
23,0,0,0,7,0,1,1,210.95951300230809,213.69133700500242,659.9998899910133,209.4040570082143
5,0,0,0,0,0,0,1,121.70659701223485,174.897000004421,324.9295089917723,161.2154899921734
9,0,0,0,0,0,0,1,133.06492799893022,181.1313359939959,351.4830689964583,172.46171299484558
4,0,0,0,0,0,0,8,120.95700700592715,166.16098499798682,307.9522479965817,146.25703300407622
7,0,0,0,1,0,1,57,133.48156999563798,176.0822179930983,344.94546199857723,166.05126998911146
5,0,0,0,1,0,1,58,376.49915300426073,184.79754800500814,305.3787730023032,94.37582700047642
27,0,0,0,2,0,1,1,508.0300130066462,475.7716640015133,612.7657789911609,438.99918800161686
4,0,0,0,0,0,0,105,117.88624300970696,163.90836700156797,211.72210499935318,97.021194989793
11,0,0,0,2,0,1,7,125.15022399020381,166.45908700593282,344.32949700567406,148.27877099742182
4,0,0,0,1,0,1,9,369.4634580024285,144.39190400298685,386.214382990147,197.38437299383804
2,0,0,0,0,0,0,3532,109.56050700042397,153.8320859981468,295.4214729979867,168.57516299933195
113,0,0,0,6,0,1,1,325.5711460078601,307.3758059908869,845.2588619984454,373.88122800621204
2,0,0,0,0,0,0,3532,109.35347300255671,151.78718499373645,293.14003100444097,168.9511489967117
5,0,0,0,1,0,1,1,368.29993400897365,182.80420600785874,553.9972279948415,175.00011800439097
35,0,0,0,3,0,1,1,554.1627089987742,529.9284670036286,367.3404209985165,227.46373500558548
32,0,0,0,5,0,1,1,534.9097359867301,500.39497499528807,683.6627479933668,331.0619999974733
3,0,0,0,0,0,0,472,125.83775700477418,179.1694559942698,323.9378720027162,168.03929299931042
1,0,0,0,0,0,0,9914,80.07278500008397,107.87501900631469,242.68607700651046,161.1588270025095
1,0,0,0,0,0,0,9230,53.59981600486208,68.84800700936466,196.72477000858635,153.09142500336748
2,0,0,0,0,0,0,3532,108.1099449947942,151.57278200786095,287.18687398941256,164.6697380056139
1,0,0,0,0,0,0,9122,65.60452599660493,87.80646399827674,220.53968699765392,156.7343369970331
10,0,0,0,0,0,0,2,120.92921399744228,164.528640001663,329.22068898915313,149.72235599998385
5,0,0,0,0,0,0,12,117.31886200141162,160.19412899913732,258.8454419892514,77.03715800016653
35,0,0,0,2,0,1,2,418.8934749981854,427.1599689964205,647.1844490006333,463.05618800397497
1,0,0,0,0,0,0,9122,35.76407399668824,45.36344000371173,115.06751699198503,82.79547900019679
1,0,0,0,0,0,0,8399,78.88861300307326,108.53318800218403,239.3724400026258,157.67787999357097
7,0,0,0,0,0,0,1,121.03408400435,169.04297399742063,327.44625200575683,159.57233200606424
5,0,0,0,0,0,0,69,122.89030099054798,173.11155899369624,324.65232799586374,157.3099779925542
2,0,0,0,0,0,0,536,120.3554579988122,168.35271099989768,312.0151680050185,155.46434199495707
11,0,0,0,1,0,1,5,126.53986198711209,160.92908699647523,338.4178190026432,147.8156489902176
3,0,0,0,0,0,0,560,84.20314099930692,174.37888401036616,192.10608300636522,88.02655199542642
1,0,0,0,0,0,0,8399,78.89035799598787,106.54718399746343,241.30288799642585,157.87003099103458
8,0,0,0,2,0,1,76,404.75937598966993,387.39327699295245,507.28017700021155,379.94339599390514
19,0,0,0,3,0,1,1,512.7181199932238,340.4554759908933,519.2229690001113,146.46112998889294
3,0,0,0,0,0,0,1484,125.50115199701395,177.56938700040337,325.9935459936969,172.9467989935074
3,0,0,0,0,0,0,521,116.12192999746185,159.4450289994711,279.2887999967206,151.32834999531042
4,0,0,0,1,0,1,7,89.38116999343038,124.9959879933158,329.2868249991443,163.6622170044575
2,0,0,0,0,0,0,3627,91.13260099547915,160.4174159874674,305.41512499621604,169.29442099353764
7,0,0,0,1,0,1,15,66.05501999729313,88.50287499080878,173.16395899979398,83.34572799503803
3,0,0,0,0,0,0,368,122.56882200017571,171.40888200083282,316.4555489929626,156.7594329972053
10,0,0,0,2,0,1,23,410.23278700595256,392.235437000636,465.08445900690276,377.6550010079518
43,0,0,0,5,0,1,1,432.5380399968708,425.86376098915935,732.8644509980222,402.95436199812684
4,0,0,0,0,0,0,285,127.9679639992537,178.35628699685913,336.0088940098649,172.56181000266224
2,0,0,0,0,0,0,3627,60.04594199475832,87.63239700056147,305.71487300039735,167.89380500267725
4,0,0,0,0,0,0,343,120.45852800656576,165.70365500228945,315.08685399603564,95.39191500516608
1,0,0,0,0,0,0,9122,67.52591900294647,89.32739599549677,222.08682600467,158.2382540073013
6,0,0,0,1,0,1,32,124.51464099285658,165.04913198878057,328.34233799076173,151.84340201085433
20,0,0,0,5,0,1,1,398.7632450007368,327.50938800745644,370.93841200112365,331.5460529993288
8,0,0,0,1,0,1,3,393.903025003965,173.48050799046177,615.794304991141,187.5282020046143
5,0,0,0,1,0,1,36,69.17439799872227,93.04645798692945,177.51146100636106,90.19705999526195
6,0,0,0,1,0,1,245,188.3459089876851,114.36320700158831,524.0946950070793,186.2038639956154
7,0,0,0,1,0,1,83,493.7585629959358,577.2840550052933,557.1281419979641,454.8086830036482
6,0,0,0,1,0,1,65,390.6455700052902,185.76368399953935,574.4116769928951,174.83832300058566
4,0,0,0,0,0,0,208,126.10030701034702,177.1798419940751,327.8389039915055,165.78857699641958
2,0,0,0,0,0,0,4475,105.80192701308988,145.40070100338198,284.38171999005135,168.51921699708328
5,0,0,0,0,0,0,67,120.76567899202928,165.23587300616782,312.6575630012667,152.6080629992066
2,0,0,0,0,0,0,4804,116.19888799032196,159.7108610003488,303.3967399969697,177.38230599206872
2,0,0,0,0,0,0,856,63.676069999928586,84.84583800600376,157.51172800082713,79.60972600267269
7,0,0,0,0,0,0,3,64.32124899583869,87.99217699561268,327.57970299280714,152.3964310035808
10,0,0,0,2,0,1,1,367.9712619923521,185.3494629904162,567.7967560040997,177.90660499304067
1,0,0,0,0,0,0,3085,101.6734059958253,144.0837870031828,277.06692399806343,149.54537599987816
1,0,0,0,0,0,0,3085,53.852450000704266,71.94598400383256,142.96948999981396,100.05253400595393
8,0,0,0,0,0,0,1,121.28781499632169,166.31997599324677,249.65094099752605,77.45707499270793
3,0,0,0,0,0,0,1626,131.31279000663199,180.51347500295378,329.68975500261877,173.5110489971703
19,0,0,0,1,0,1,157,588.0574700131547,670.8998550020624,510.2254119992722,375.79855100193527
1,0,0,0,0,0,0,8533,71.8964940024307,120.81762800517026,140.95837601053063,79.62372199108358
4,0,0,0,1,0,1,530,362.73936500947457,437.90550000267103,462.8501109982608,380.19299300503917
1,0,0,0,0,0,0,1511,110.43299100128934,151.63786699122284,288.40251799556427,150.8238469978096
4,0,0,0,0,0,0,69,127.59605600149371,178.7783540057717,330.4500999947777,172.3260810103966
1,0,0,0,0,0,0,8399,80.42828799807467,109.298862007563,244.64532799902372,159.03869399335235
43,0,0,0,3,0,1,1,404.23703800479416,264.5266059989808,365.9406390070217,342.79277799942065
19,0,0,0,2,0,1,1,133.73147700622212,173.05918500642292,376.4893670013407,158.7001540028723
7,0,0,0,1,0,1,266,490.5292809999082,567.1005000040168,571.2772739934735,319.4468689907808
1,0,0,0,0,0,0,1901,105.57301000517327,145.99055299186148,281.28963499329984,149.0541730017867
2,0,0,0,0,0,0,1121,124.55201000557281,173.51684700406622,295.58748500130605,173.76966000301763
29,0,0,0,2,0,1,1,674.9281040101778,624.8069680004846,538.2956040120916,190.09791099233553
1,0,0,0,0,0,0,9230,55.271999997785315,68.8353739969898,200.12178098841105,152.10658800788224
4,0,0,0,0,0,0,323,88.20975200796966,91.2783919920912,308.3287189947441,169.96848699636757
6,0,0,0,2,0,1,316,310.4713860084303,317.6774280000245,487.20056300226133,354.5787199982442
22,0,0,0,1,0,1,12,705.4864140081918,786.1750110023422,542.8902210114757,399.5287669968093
4,0,0,0,0,0,0,62,66.86846200318541,116.8842949991813,329.75930999964476,177.1229529986158
2,0,0,0,0,0,0,3160,118.14430999220349,161.87955900386441,301.78415100090206,154.3229259987129
2,0,0,0,0,0,0,3627,115.76781200710684,162.26848799851723,300.99611000332516,110.87350999878254
7,0,0,0,2,0,1,82,390.94799300073646,384.54290200024843,503.0262789950939,385.48173000162933
1,0,0,0,0,0,0,9122,46.33738499251194,45.11941199598368,140.70800600165967,155.6101689930074
33,0,0,0,5,0,1,1,634.100106995902,594.7780840069754,765.3915459959535,401.31594201375265
9,0,0,0,3,0,1,139,176.31654199794866,166.5328410017537,422.484334994806,340.568148996681
7,0,0,0,1,0,1,2,130.31764900370035,180.59511001047213,349.815239009331,167.3346179886721
4,0,0,0,0,0,0,394,128.7251460016705,179.95104398869444,334.9877180007752,172.75553800573107
3,0,0,0,0,0,0,455,63.54788500175346,85.22252399416175,254.97325199830811,158.46490098920185
4,0,0,0,0,0,0,394,126.9972509908257,178.74562200449873,329.47450800566,124.01711200072896
2,0,0,0,0,0,0,1121,124.13574699894525,174.80035401240457,321.35405000008177,169.55521900672466
7,0,0,0,1,0,1,2,132.13901800918393,183.21368300530594,352.0181119965855,169.58629399596248
2,0,0,0,0,0,0,709,111.80011299438775,157.88163100660313,299.18046899547335,163.41021900007036
1,0,0,0,0,0,0,9122,67.02448800206184,88.31447998818476,217.6916739990702,155.26265501102898
1,0,0,0,0,0,0,9122,67.50765099423006,90.10748199943919,223.93541800556704,157.17890700034332
2,0,0,0,0,0,0,33,62.500771004124545,82.1603099902859,155.28219599218573,76.5385129925562
1,0,0,0,0,0,0,8533,97.96721900056582,137.95653900888283,275.32777399756014,155.39910100051202
2,0,0,0,0,0,0,894,112.54317700513639,157.08981300122105,301.14901199704036,172.00440699525643
4,0,0,0,0,0,0,165,121.30509001144674,167.36009699525312,313.6379100033082,153.46353199856821
3,0,0,0,0,0,0,208,61.90072000026703,81.59532900026534,205.78629699593876,150.0727620004909
4,0,0,0,0,0,0,77,123.03824900300242,171.61877700709738,321.5014539891854,158.1231279997155
37,0,0,0,7,0,1,1,243.72759599646088,181.10785199678503,662.2832310094964,176.37244099751115
49,0,0,0,3,0,1,1,406.72254000674,406.06535600090865,779.099840001436,486.79501499282196
1,0,0,0,0,0,0,1511,111.74874000425916,154.0143540041754,291.10677501012105,146.61450200947002
6,0,0,0,0,0,0,8,128.05284900241531,184.17962901003193,338.42119699693285,168.0260280118091
2,0,0,0,0,0,0,377,110.11184701055754,155.51732400490437,294.23121600120794,156.5758159995312
6,0,0,0,1,0,1,18,66.24097400344908,86.80592899327166,183.46397898858413,155.7478769973386
1,0,0,0,0,0,0,8399,79.79586599685717,108.10178199608345,205.00241400441155,82.44688999548089
2,0,0,0,0,0,0,1827,108.22066699620336,150.30845000001136,287.3166009958368,149.2691739986185
1,0,0,0,0,0,0,9122,66.68341600743588,87.86624200001825,220.990380999865,157.05399400030728
3,0,0,0,0,0,0,685,125.95632299780846,176.8151380092604,325.8735190029256,172.8849559876835
10,0,0,0,1,0,1,93,568.7169489974622,438.12418599554803,495.68053700204473,488.4261580009479
2,0,0,0,0,0,0,96,119.94190099358093,165.3607639891561,306.59938999451697,87.95602299505845
2,0,0,0,0,0,0,2326,122.88718100171536,172.97504500311334,317.710530012846,173.9341369975591
1,0,0,0,0,0,0,9230,53.35469399869908,67.50590399315115,200.27112000389025,150.08266700897366
127,0,0,0,15,0,1,1,434.6513229975244,417.62830800144,970.4199740081094,258.24301900865976
4,0,0,0,0,0,0,102,63.661023988970555,87.44107600068673,164.93103899119888,121.19899300159886
2,0,0,0,0,0,0,4804,112.53546200168785,158.5460560017964,296.67100400547497,93.09609800402541
10,0,0,0,1,0,1,107,123.1197300076019,164.26427800615784,333.6660860077245,149.5477860007668
9,0,0,0,2,0,1,2,120.66363600024488,161.44879600324202,342.41874200233724,149.4405569974333
4,0,0,0,0,0,0,44,118.6508949904237,96.2374369992176,160.6291960051749,77.28072900499683
2,0,0,0,0,0,0,894,115.39567200816236,160.59205000055954,299.25465100677684,169.91242799849715
28,0,0,0,5,0,1,1,140.75759499974083,104.29604700766504,415.99956899881363,170.5769730033353
3,0,0,0,0,0,0,1070,112.58373101009056,178.63038599898573,327.3279159911908,171.55728800571524
7,0,0,0,0,0,0,2,117.85341300128493,162.7010230004089,314.6274030004861,145.14010600396432
4,0,0,0,1,0,1,35,120.00985001213849,166.63644199434202,322.46850899537094,152.23246300593019
4,0,0,0,0,0,0,5,61.65283900918439,83.11777000199072,162.4253279878758,78.05637500132434
42,0,0,0,3,0,1,1,539.905590005219,566.8011410016334,624.4381300057285,386.5156840038253
32,0,0,0,6,0,1,1,410.9206080029253,395.8942839963129,603.3246869919822,230.03360599977896
20,0,0,0,1,0,1,28,726.4278520015068,747.5192560086725,600.7223730121041,471.072952990653
1,0,0,0,0,0,0,8533,52.04919999232516,68.53282499650959,195.20684499002527,155.23282100912184
2,0,0,0,0,0,0,3627,114.8170610103989,161.50568700686563,305.99369198898785,167.76832100003958
4,0,0,0,1,0,1,71,369.1044739971403,185.1353050005855,549.4781500019599,173.65950701059774
4,0,0,0,0,0,0,41,116.23691300337669,165.8932210120838,313.22496199572925,147.5662739976542
28,0,0,0,2,0,1,7,671.8025229929481,634.5610650023445,533.2170350011438,371.49789900286123
3,0,0,0,0,0,0,285,121.09435199818108,167.99841000465676,314.95603699295316,127.57218799379189
2,0,0,0,0,0,0,129,124.79961500503123,153.663734003203,320.08541200775653,164.00668500864413
9,0,0,0,0,0,0,1,99.49023899389431,168.65196400613058,333.53063999675214,159.97140599938575
7,0,0,0,1,0,1,24,201.73107800655998,92.11891899758484,275.49141499912366,172.21478999999817
1,0,0,0,0,0,0,9230,53.5782549995929,69.72765899263322,198.1997229886474,149.74066500144545
3,0,0,0,0,0,0,1448,117.37768699822482,135.93037400278263,332.85144800902344,158.355200997903
9,0,0,0,1,0,1,1,139.16108100966085,181.58403498819098,352.6206280075712,152.95020199846476
2,0,0,0,0,0,0,35,117.49258400232065,167.48849699797574,311.40932301059365,154.74013499624562
3,0,0,0,0,0,0,1862,122.73437199473847,176.1644739890471,274.1311580030015,133.25851698755287
3,0,0,0,0,0,0,560,78.62750699860044,176.52959199040197,323.8154770078836,156.70739101187792
1,0,0,0,0,0,0,1511,110.68808399431873,154.0164409962017,272.0054399978835,74.63205300155096
2,0,0,0,0,0,0,96,116.52779200812802,160.61639299732633,302.3519150010543,147.16565399430692
1,0,0,0,0,0,0,9914,80.47885999258142,108.62576999352314,245.889730998897,159.47568300180137
10,0,0,0,1,0,1,1,68.34676500875503,90.92608701030258,181.2121870025294,127.90946499444544
3,0,0,0,0,0,0,34,68.12658000853844,165.58383298979606,328.84981999814045,164.5272630121326
102,0,0,0,19,0,1,1,411.95958699972834,392.8591380099533,898.4221339924261,229.61825400125235
1,0,0,0,0,0,0,1901,104.96556900034193,147.96240800933447,203.274233994307,75.90727700153366
3,0,0,0,0,0,0,1862,123.79785500525031,171.87270100112073,319.53232700470835,169.41030300222337
2,0,0,0,0,0,0,614,122.31898799655028,173.19224000675604,313.6882520047948,165.73254100512713
2,0,0,0,0,0,0,3532,110.21367000648752,151.1771940131439,293.1165430054534,168.9934070018353
1,0,0,0,0,0,0,9230,54.50847999600228,56.21670398977585,152.47969400661532,152.2326999984216
104,0,0,0,22,0,1,1,247.90139199467376,183.4586929908255,970.8059770055115,173.6507939931471
31,0,0,0,4,0,1,1,629.206260011415,601.1598059994867,729.0542739938246,457.9533350042766
2,0,0,0,0,0,0,35,124.26163400232326,170.7775110116927,314.5832330046687,154.26382400619332
2,0,0,0,0,0,0,183,115.23953000141773,164.49955900316127,305.52820999582764,149.34014600294176
6,0,0,0,0,0,0,4,123.0105690046912,177.04042200057302,330.3476849978324,162.8860189957777
8,0,0,0,0,0,0,73,137.14613699994516,174.25025599368382,181.17723500472493,94.36981000180822
3,0,0,0,0,0,0,1484,65.90823199076112,88.13688899681438,225.72304400091525,171.64267899352126
9,0,0,0,2,0,1,75,388.4045309969224,381.5123840031447,505.93615500838496,379.12614799279254
4,0,0,0,0,0,0,16,63.136791010037996,87.01398699486163,163.62843800743576,80.74124799168203
4,0,0,0,1,0,1,295,350.50484200473875,319.90672899701167,550.4892300086794,456.58744299726095
7,0,0,0,1,0,1,3,131.78625000000466,171.78957699798048,340.11421300238,157.80012200411875
8,0,0,0,0,0,0,2,131.94865800323896,184.079565005959,277.7740440069465,109.63553100009449
9,0,0,0,0,0,0,1,121.27782800234854,166.58855399873573,327.7895309875021,152.2106329939561
12,0,0,0,2,0,1,1,273.0824449972715,360.5288520047907,579.7708370082546,189.82386899006087
1,0,0,0,0,0,0,9914,81.7885090073105,109.50056799629238,244.60783500398975,160.68332600116264
3,0,0,0,0,0,0,368,120.30540699197445,167.65878000296652,316.4142639870988,156.82489601022098
7,0,0,0,1,0,1,1,122.61331299669109,172.40362500888295,334.6627470018575,156.80534299463034
1,0,0,0,0,0,0,865,111.80952200083993,155.3568100061966,295.06069200579077,148.2206210057484
1,0,0,0,0,0,0,8533,98.36156800156459,136.57309699920006,252.1278269996401,80.46473699505441
1,0,0,0,0,0,0,9914,80.44055300706532,108.98925400397275,246.46512800245546,159.7711140057072
44,0,0,0,8,0,1,1,72.0869840006344,94.26756399625447,263.17818798997905,170.02225099713542
3,0,0,0,1,0,1,1479,333.4463630017126,401.52965000015683,516.1131369968643,412.6618329901248
6,0,0,0,0,0,0,8,126.34378399525303,175.8089770009974,326.2061669956893,154.31278200412635
44,0,0,0,8,0,1,1,132.39175800117664,184.21908500022255,503.0200149922166,171.91317900142167
20,0,0,0,2,0,1,1,641.7935570061672,524.1518419934437,489.8551889928058,427.3298990010517
11,0,0,0,2,0,1,1,129.2015020007966,168.94429999229033,358.2869439997012,157.8948539972771
5,0,0,0,0,0,0,88,111.69473399058916,85.9041929943487,163.9250910084229,81.11381999333389
2,0,0,0,0,0,0,4804,112.37551599333528,160.68651199748274,295.53320599370636,174.4825109926751
2,0,0,0,0,0,0,1827,107.48508099641185,149.51775400550105,287.393864011392,148.99391400103923
2,0,0,0,0,0,0,1607,111.63234399282373,158.46261999104172,299.2484339920338,158.19106900016777
3,0,0,0,0,0,0,152,126.64409399440046,180.7010050106328,329.6409830072662,169.9533729988616
28,0,0,0,6,0,1,1,356.0794340010034,187.44204098766204,630.3752090025228,173.832736996701
2,0,0,0,0,0,0,3532,58.621596996090375,76.8450949981343,168.34278000169434,168.24060700309929
2,0,0,0,0,0,0,2666,101.75680099928286,140.05095000902656,279.9881910032127,162.64704000786878
34,0,0,0,1,0,1,1,150.15063098690007,181.15722299262416,436.93218599946704,167.9564539954299
1,0,0,0,0,0,0,9122,71.45722200220916,88.41655000287574,222.81345500960015,159.18215400597546
8,0,0,0,2,0,1,11,371.11186400579754,180.84124001325108,575.678026987589,176.3363939971896
3,0,0,0,0,0,0,685,127.4535230040783,181.47951700666454,330.6027299986454,175.93038199993316
4,0,0,0,0,0,0,13,122.1385660028318,166.8800469924463,313.62255399290007,154.17704400897492
1,0,0,0,0,0,0,8533,97.7407710015541,135.2294459939003,273.92982100718655,170.5644079920603
3,0,0,0,0,0,0,521,115.93087199435104,160.6464659998892,325.0722590018995,151.43706700473558
6,0,0,0,1,0,1,2,128.4502039925428,181.65502700139768,364.75568400055636,179.01366400474217
8,0,0,0,2,0,1,76,371.86931700853165,386.1713980004424,523.6177930055419,422.63376200571656
2,0,0,0,0,0,0,4804,117.76384800032247,174.60095399292186,324.21173200418707,176.95463499694597
6,0,0,0,1,0,1,41,133.32880499365274,211.17439100635238,347.56384399952367,171.66666399862152
5,0,0,0,0,0,0,3,131.40130099782255,182.64666201139335,342.02277001168113,175.72482499235775
21,0,0,0,4,0,1,1,159.25554500427097,183.73054900439456,452.52365099440794,191.6063389944611
142,0,0,0,25,0,1,1,397.34032900014427,376.4109570038272,1238.8992740015965,205.058111998369
1,0,0,0,0,0,0,1511,113.48223900131416,157.87662799993996,295.2316220034845,171.88886299845763
3,0,0,0,1,0,1,1445,416.8075850029709,336.96317399153486,429.58741101028863,358.34623900882434
5,0,0,0,1,0,1,298,374.41921498975717,184.56630600849167,545.0504480104428,186.69087199668866
51,0,0,0,3,0,1,1,781.8370190070709,784.7584830014966,814.1092220030259,507.6111630041851
2,0,0,0,0,0,0,3532,110.92132699559443,154.32809198682662,297.59846201341134,167.19681699760258
2,0,0,0,0,0,0,4804,116.33361899293959,161.33947200432885,303.58387100568507,175.4755690053571
1,0,0,0,0,0,0,9122,66.9431239948608,96.23178599576931,223.90203601389658,159.986658996786
2,0,0,0,0,0,0,966,150.56847700907383,178.73131899978034,305.71069299185183,158.86783199675847
11,0,0,0,0,0,0,1,133.79572100529913,191.5634799952386,371.18568499863613,172.41842299699783
2,0,0,0,0,0,0,3095,116.07517399534117,161.63372799928766,298.625808005454,168.00940300163347
1,0,0,0,0,0,0,1901,104.8516659939196,148.9767210005084,283.1876340060262,145.4288159875432
5,0,0,0,0,0,0,13,123.11495799804106,171.43900301016401,327.62422900123056,159.34437701071147
9,0,0,0,1,0,1,95,545.8275939890882,643.1537809985457,586.4583770016907,444.76604100782424
2,0,0,0,0,0,0,3627,116.59344300278462,162.92860900284722,306.78538100619335,171.9223440013593
2,0,0,0,0,0,0,4804,113.60548700031359,158.51269700215198,302.2042689990485,175.88266399980057
18,0,0,0,4,0,1,1,393.8574940111721,357.0959100034088,622.49466200592,193.8086430018302
151,0,0,0,12,0,1,1,764.2670749919489,680.7217150053475,947.4457150063245,265.3423199953977
8,0,0,0,1,0,1,3,124.42377500701696,173.84259500249755,338.9146320114378,159.65651599981356
3,0,0,0,0,0,0,521,115.78301500412636,162.1412109961966,305.79727300209925,151.31576400017366
30,0,0,0,3,0,1,1,617.5671009987127,581.9992259930586,736.2678529898403,504.2841770045925
11,0,0,0,0,0,0,6,139.28237700019963,194.95054098661058,372.89667899312917,186.4682419982273
5,0,0,0,0,0,0,4,133.62071799929254,184.54187401221134,341.7191600019578,173.94747798971366
4,0,0,0,0,0,0,200,132.38871599605773,180.96282899205107,334.6237350051524,170.4105960088782
6,0,0,0,1,0,1,1,118.56785199779551,162.44089900283143,326.71784299600404,147.8388300020015
3,0,0,0,1,0,1,1445,273.905806010589,329.86444799462333,433.3198899985291,362.5209000019822
5,0,0,0,0,0,0,3,129.64542501140386,181.46871699718758,335.3154249925865,168.73705098987557
2,0,0,0,0,0,0,3095,113.33818999992218,158.46819498983677,301.7390299937688,168.77774101158138
7,0,0,0,1,0,1,4,131.63828100368846,177.0886540034553,344.33748600713443,156.8024360021809
12,0,0,0,2,0,1,1,123.30449098953977,166.53432299790438,348.7872800033074,152.34107899595983
3,0,0,0,0,0,0,345,130.75008599844296,189.96862399217207,332.7977139997529,169.8863329947926
5,0,0,0,0,0,0,3,135.2097689959919,185.2301450126106,339.9795040022582,173.81404899060726
2,0,0,0,0,0,0,877,125.8063090062933,176.15033400943503,323.3627440058626,168.70758599543478
29,0,0,0,2,0,1,1,671.7819930054247,623.9078600046923,536.1972540122224,190.5198640015442
10,0,0,0,1,0,1,1,127.39857200358529,172.13266500039026,350.1802679966204,158.21505899657495
3,0,0,0,0,0,0,521,118.26227500569075,165.8770609938074,303.44272099318914,148.85231800144538
11,0,0,0,2,0,1,4,411.5873849950731,392.1258759946795,530.5598949926207,206.0738480067812
5,0,0,0,0,0,0,31,128.91282499185763,179.26247499417514,333.323680999456,166.81082198920194
1,0,0,0,0,0,0,865,111.3427209929796,154.3202759930864,296.1332920094719,147.7492450067075
2,0,0,0,0,0,0,4804,114.55831800412852,157.01888900366612,296.62033599743154,171.5338309877552
2,0,0,0,0,0,0,894,113.93015300564002,160.18539499782491,305.5947629909497,173.9664869965054
6,0,0,0,1,0,1,71,132.29099499585573,179.72869500226807,339.0744329954032,166.03027599921916
5,0,0,0,0,0,0,59,117.54128900065552,166.33616399485618,314.909799999441,152.1693789982237
3,0,0,0,0,0,0,2044,121.33291599457152,169.72584399627522,318.7629340100102,170.4523209918989
1,0,0,0,0,0,0,9914,82.42345800681505,109.55361000378616,249.1233999899123,160.2219930064166
5,0,0,0,0,0,0,31,141.66311200824566,192.35286201001145,316.1249190015951,149.4395740010077
15,0,0,0,2,0,1,6,381.0686349897878,353.99170899472665,588.383951006108,190.53399001131766
179,0,0,0,15,0,1,1,651.4177209901391,620.9932510100771,1196.4451940002618,266.91011000366416
1,0,0,0,0,0,0,606,114.66547900636215,160.94113199505955,297.8381169959903,150.55452099477407
10,0,0,0,3,0,1,34,359.91257200657856,187.81694299832452,486.6473480069544,149.1594600083772
2,0,0,0,0,0,0,60,121.09288200736046,162.96396200777963,307.02163800015114,150.27239998744335
4,0,0,0,0,0,0,65,131.75701499858405,184.44377000560053,335.1195189898135,171.97518699686043
4,0,0,0,1,0,1,461,303.9560920005897,173.4180179919349,476.95122699951753,191.49378000292927
2,0,0,0,0,0,0,1827,110.50403800618369,152.5936349935364,291.8412110011559,150.95459800795652
7,0,0,0,0,0,0,1,118.86876000789925,166.2292510009138,318.8884200062603,148.50779200787656
2,0,0,0,0,0,0,4475,91.0360470006708,116.71247899357695,250.45095800305717,150.42108899797313
2,0,0,0,0,0,0,3627,120.29057400650345,167.10444400087,308.5659889911767,170.67557299742475
8,0,0,0,0,0,0,3,124.56151901278645,172.57454599894118,337.488218996441,160.13317699253093
2,0,0,0,0,0,0,3627,115.92098999244627,161.70525499910582,306.68694199994206,170.49789700831752
5,0,0,0,0,0,0,8,119.73314099304844,169.55484700156376,320.2842069877079,152.91610300482716
17,0,0,0,3,0,1,1,464.05137999681756,449.6671770029934,622.6886310032569,425.22170099255163
3,0,0,0,0,0,0,342,106.34184900845867,147.4185520055471,297.6027600088855,148.49167100328486
2,0,0,0,0,0,0,2326,120.67800099612214,173.90473699197173,315.1535560027696,172.6709250069689
8,0,0,0,0,0,0,1,123.78236599033698,174.60893699899316,336.5266030014027,162.4788740009535
4,0,0,0,0,0,0,18,133.3353499940131,184.10334299551323,333.6490959918592,168.91008900711313
2,0,0,0,0,0,0,33,121.26855801034253,166.55671999615151,305.9982939885231,151.29465200880077
2,0,0,0,0,0,0,3627,120.12408400187269,163.70667899900582,307.5411890022224,167.17854999296833
4,0,0,0,0,0,0,126,130.82283799303696,181.14868500560988,337.1790880046319,172.65904501255136
12,0,0,0,1,0,1,2,131.16270799946506,182.01798199152108,367.81207600142807,170.87045499647502
3,0,0,0,0,0,0,14,121.00222799926996,166.98027799429838,311.38974899658933,150.1370680052787
28,0,0,0,1,0,1,40,779.6152600058122,863.7503479985753,471.58170701004565,313.82301000121515
2,0,0,0,0,0,0,2666,100.67847599566448,139.6283689973643,278.6283400055254,157.72150600969326
230,0,0,0,15,0,1,1,750.1567790022818,707.6336519967299,1139.99333200627,245.08510300074704
2,0,0,0,0,0,0,2326,122.03848001081496,172.59377500158735,314.71303600119427,170.94233000534587
7,0,0,0,1,0,1,5,133.05485199089162,176.35106600937434,347.57935600646306,166.82256099011283
9,0,0,0,2,0,1,75,404.132240000763,395.2430179924704,507.62537799892016,383.1541749968892
3,0,0,0,0,0,0,472,128.51195799885318,178.53144800756127,327.0355959975859,166.0554200061597
5,0,0,0,1,0,1,31,134.48053700267337,187.93257599463686,350.43183199013583,172.37412800022867
12,0,0,0,2,0,1,1,129.9145060038427,174.06255200330634,360.45741599809844,155.33022399176843
2,0,0,0,0,0,0,4475,104.53947000496555,145.36456800124142,284.3169889965793,167.8316939942306
1,0,0,0,0,0,0,1901,107.35356500663329,146.2252700002864,284.51717100688256,121.53043900616467
1,0,0,0,0,0,0,9122,67.70544601022266,88.47761699871626,235.39870699460153,158.5905649990309
1,0,0,0,0,0,0,8533,97.45486101019196,136.34965498931706,275.44287200726103,153.65048599778675
3,0,0,0,0,0,0,286,122.46940001205076,168.97875900031067,328.28524700016715,153.5506539948983
8,0,0,0,0,0,0,1,124.83844099915586,173.45632999786176,330.9605049871607,158.7193449959159
7,0,0,0,0,0,0,1,128.67564299085643,182.39228799939156,337.08010001282673,166.07283800840378
1,0,0,0,0,0,0,9122,36.32616800314281,45.01021500618663,113.81614200945478,80.74963300896343
5,0,0,0,0,0,0,195,130.73605099634733,183.82060299336445,340.6939239939675,171.08635399199557
21,0,0,0,4,0,1,1,139.18925399775617,187.22048599738628,418.29354500805493,170.94661299779546
1,0,0,0,0,0,0,1901,105.94693399616517,147.41724600025918,282.3909179860493,147.58034099941142
2,0,0,0,0,0,0,2666,99.47905098670162,139.23797199095134,279.6479230019031,159.0744029963389
1,0,0,0,0,0,0,1901,106.98309600411449,147.12649599823635,284.17400098987855,147.20232199761085
2,0,0,0,0,0,0,2666,101.52342400397174,139.58826099405997,276.6295619949233,158.69822500098962
16,0,0,0,2,0,1,1,131.65515899891034,171.2784040137194,379.56844600557815,156.4784999936819
12,0,0,0,2,0,1,1,129.5431809994625,170.6090780062368,360.86173899821006,155.96895800263155
3,0,0,0,0,0,0,602,125.61154700233601,175.53123299148865,326.6350269987015,168.78474601253401
10,0,0,0,0,0,0,1,112.53178599872626,87.22776500508189,173.6490170005709,144.32864599802997
1,0,0,0,0,0,0,9914,81.9838309980696,137.95878298697062,248.00730700371787,160.02695199858863
4,0,0,0,0,0,0,62,130.76688500586897,177.9161419981392,326.5769809950143,177.82820400316268
4,0,0,0,0,0,0,58,130.60565399064217,177.09278900292702,332.4558780004736,176.39649999910034
12,0,0,0,2,0,1,1,133.17298000038136,172.30593599379063,356.9206339889206,155.18010599771515
2,0,0,0,0,0,0,33,118.57265200524125,162.82519399828743,179.37583300226834,76.7205290030688
26,0,0,0,4,0,1,1,389.5881369971903,285.8490720100235,372.98511499830056,219.13113199116196
11,0,0,0,1,0,1,1,121.0042700113263,163.36803000012878,334.5253899897216,147.6919520064257
1,0,0,0,0,0,0,8533,97.58045600028709,135.58285700855777,269.4546920101857,152.88036299170926
3,0,0,0,0,0,0,455,119.0366310038371,102.34545200364664,163.01462800765876,112.60608299926389
2,0,0,0,0,0,0,4804,115.08247200981714,159.49860199179966,277.70202700048685,91.21768100885674
1,0,0,0,0,0,0,9230,53.3192380098626,70.01099199987948,199.58792100078426,106.83988999517169
4,0,0,0,0,0,0,481,126.40530399221461,178.5883379925508,332.02984600211494,171.80859899963252
6,0,0,0,0,0,0,23,121.33375300618354,166.60872999636922,319.07318299636245,150.43060900643468
3,0,0,0,0,0,0,10,124.19190400396474,174.03435600863304,326.3785500021186,165.06862500682473
12,0,0,0,1,0,1,1,363.15812400425784,180.56929699378088,551.3155890075723,171.8867609888548
3,0,0,0,1,0,1,1479,340.7619649951812,404.77237800951116,525.9800909989281,333.0616080056643
12,0,0,0,0,0,0,1,132.9870560002746,184.24995300301816,356.41256099916063,170.9629950055387
3,0,0,0,0,0,0,1484,125.19223199342377,174.8395610047737,323.810671994579,171.9188309944002
13,0,0,0,1,0,1,146,650.3016439964995,726.8840269971406,682.4319250008557,566.5844009927241
6,0,0,0,1,0,1,2,131.82775600580499,174.27666400908493,333.32919199892785,157.56367599533405
7,0,0,0,0,0,0,2,126.58294099674094,177.20745399128646,221.3578639930347,83.22815800784156
452,0,0,0,83,0,1,1,149.56091799831484,188.4533679985907,1766.3992430025246,177.100975997746
20,0,0,0,3,0,1,2,394.9719649972394,381.59605699183885,584.5310389995575,186.6923659981694
8,0,0,0,0,0,0,7,134.49016500089783,187.09440898965113,325.9314059978351,144.17132300150115
8,0,0,0,0,0,0,1,122.2382900014054,173.73542899440508,334.14225600427017,159.80839499388821
2,0,0,0,0,0,0,4475,54.87024299509358,99.43878199555911,280.9222289943136,169.0347640105756
4,0,0,0,1,0,1,461,301.14552899613045,172.75800900824834,463.3635560021503,187.11001399788074
11,0,0,0,2,0,1,7,65.97482100187335,85.10791599110235,176.63338599959388,76.51178700325545
1,0,0,0,0,0,0,8533,99.30273100326303,135.580101996311,273.57345398922917,152.37644501030445
48,0,0,0,7,0,1,1,499.29058499401435,272.0052959921304,645.7006999989972,349.9631760059856
5,0,0,0,0,0,0,2,92.51249801309314,161.26975099905394,310.5927970027551,148.72850899701007
70,0,0,0,14,0,1,1,391.5807949961163,360.264440998435,825.0841030094307,193.09991200861987
1,0,0,0,0,0,0,9122,65.65283599775285,87.36956299981102,218.45714199298527,157.0801189955091
7,0,0,0,0,0,0,13,135.71303299977444,186.9835410034284,349.6134129964048,178.3165189990541
1,0,0,0,0,0,0,3085,55.307905000518076,74.23514900438022,144.6381290006684,122.69307200040203
2,0,0,0,0,0,0,3160,117.0013599912636,162.820379002369,302.3472860077163,156.5768379950896
1,0,0,0,0,0,0,303,110.79435299325269,158.57281899661757,293.4653709962731,143.521778009017
4,0,0,0,0,0,0,18,64.83283599663991,86.85107399651315,162.9772669984959,81.95066200278234
3,0,0,0,0,0,0,230,121.37844000244513,166.63528900244273,310.1505869999528,150.75895100017078
1,0,0,0,0,0,0,2186,108.64866200427059,151.03281100164168,290.8828049985459,149.3884499941487
4,0,0,0,0,0,0,75,121.26225800602697,175.25931900308933,324.8715010122396,158.28919400519226
3,0,0,0,0,0,0,30,125.29243700555526,174.02640900400002,319.6248479944188,119.50833498849533
1,0,0,0,0,0,0,9914,43.22382500686217,56.33306699746754,143.8378430029843,157.52490599697921
2,0,0,0,0,0,0,4804,112.35858401050791,157.47574300621636,300.99221400450915,174.5834350003861
4,0,0,0,0,0,0,293,121.55790699762292,170.88577699905727,319.6693129866617,160.2329259912949
1,0,0,0,0,0,0,8399,78.35510300355963,106.26290000800509,238.32221899647266,154.10095700644888
41,0,0,0,3,0,1,1,502.9920140077593,487.030661010067,683.805795997614,213.81752600427717
1,0,0,0,0,0,0,9122,66.88529200619087,88.20806098810863,220.76123200531583,159.51350999239367
6,0,0,0,1,0,1,40,449.4026680040406,186.63134599046316,543.9812629920198,175.37355799868237
3,0,0,0,0,0,0,588,125.43514798744582,174.39925399958156,323.5387860040646,170.4355760011822
2,0,0,0,0,0,0,2666,99.33020500466228,131.20714800606947,143.06791999842972,79.82698299747426
2,0,0,0,0,0,0,1827,108.85766299907118,150.91486100573093,288.64000299654435,149.3539680086542
3,0,0,0,0,0,0,1484,126.25669701083098,176.75044199859258,326.03317899338435,172.84607401234098
31,0,0,0,7,0,1,1,131.22194100287743,177.46923099912237,457.8355929988902,165.90296500362456
7,0,0,0,1,0,1,1,123.63732900121249,170.13466999924276,333.5329039982753,156.51321499899495
19,0,0,0,3,0,1,1,138.2345229940256,179.96310199669097,389.5610639883671,168.41194000153337
2,0,0,0,0,0,0,3095,113.45241499657277,159.14048498962075,294.6986580063822,166.0367369913729
59,0,0,0,7,0,1,1,243.61914400651585,273.3839989959961,729.8247410071781,236.95731100451667
3,0,0,0,0,0,0,521,114.72610000055283,160.65745599917136,303.58664100640453,150.1547039952129
1,0,0,0,0,0,0,8399,82.25067700550426,109.91441700025462,246.18211900815368,158.1837190024089
136,0,0,0,24,0,1,1,404.0265819930937,369.4379289954668,1086.7679469956784,201.634119002847
13,0,0,0,2,0,1,1,383.0139160127146,386.98485199711286,616.7781740077771,473.1037889869185
5,0,0,0,0,0,0,1,118.1667190103326,161.95083399361465,312.67639200086705,148.08001399796922
1,0,0,0,0,0,0,9230,54.15936200006399,69.38081300177146,202.8580240003066,154.42351100500673
2,0,0,0,0,0,0,867,116.87914699723478,164.18901599536184,299.35749000287615,146.63212301093154
1,0,0,0,0,0,0,4295,106.93991900188848,146.45598799688742,283.12956300214864,151.05491600115784
4,0,0,0,0,0,0,384,92.99193900369573,93.77852699253708,289.5785350119695,168.86254100245424
10,0,0,0,1,0,1,186,299.21828099759296,336.42555300320964,519.3941679899581,536.0784939985024
6,0,0,0,1,0,1,13,377.3861949885031,181.26915699394885,564.3237219919683,173.6466639995342
7,0,0,0,1,0,1,1,129.01660198986065,172.1285679959692,321.46329699025955,155.20502800063696
63,0,0,0,13,0,1,1,382.99428499885835,275.0589140050579,446.84539298759773,192.6128719933331
2,0,0,0,0,0,0,4804,114.63162099244073,157.2093010036042,294.81828499410767,172.82894099480473
8,0,0,0,2,0,1,11,375.6981759943301,167.14800499903504,298.55504698934965,86.44185701268725
8,0,0,0,0,0,0,1,129.79018499027006,184.93317399406806,342.1000710077351,172.06225500558503
8,0,0,0,0,0,0,1,124.60711899620946,171.27511999569833,331.8542869965313,162.18667299835943
3,0,0,0,0,0,0,285,120.08873299055267,167.74066699144896,316.90635000995826,158.60437400988303
2,0,0,0,0,0,0,348,116.13986500015017,162.70224399340805,302.9993700038176,148.36208800261375
7,0,0,0,1,0,1,1,127.29005799337756,167.4860780040035,335.7844159909291,153.76370400190353
1,0,0,0,0,0,0,8533,98.48327700456139,138.28088701120578,272.6930810022168,157.45759900892153
7,0,0,0,1,0,1,4,122.91913499939255,171.2055639945902,336.8749570072396,154.74240100593306
14,0,0,0,1,0,1,1,130.36618698970415,181.54004999087192,368.6382369924104,171.36740099522285
6,0,0,0,0,0,0,2,118.63473799894564,162.64103799767327,314.87443699734285,150.3847159910947
8,0,0,0,1,0,1,1,127.92087299749255,110.57824498857372,175.28258000675123,81.71099700848572
1,0,0,0,0,0,0,303,111.45512299844995,155.62831499846652,292.128525004955,144.6542199992109
1,0,0,0,0,0,0,9914,81.25941699836403,109.3846180010587,242.91728499520104,159.90549098933116
394,0,0,0,18,0,1,1,687.8774109936785,653.7326980032958,1693.0829330085544,224.5589829981327
1,0,0,0,0,0,0,8533,77.67411199165508,69.11446400044952,140.5813540040981,79.25138399878051
116,0,0,0,9,0,1,1,706.6657110117376,658.1522859924007,829.8514549969696,314.00187699182425
44,0,0,0,3,0,1,1,236.64816298696678,225.30295999604277,592.4209439981496,473.0322179966606
1,0,0,0,0,0,0,2186,91.4712350058835,150.94071500061546,263.678457995411,76.32199001091067
1,0,0,0,0,0,0,9914,81.0320719901938,119.77542199019808,247.06807899929117,159.48954799387138
6,0,0,0,1,0,1,2,374.2899560020305,184.56559600599576,618.8705609965837,183.61037499562372
15,0,0,0,3,0,1,1,128.2797349995235,177.5603999994928,402.7932549943216,164.84027600381523
11,0,0,0,2,0,1,5,369.9576669896487,185.7115590100875,510.7573810091708,177.28496799827553
1,0,0,0,0,0,0,8399,80.42063198809046,111.81561498960946,241.0068759927526,154.6928210009355
1,0,0,0,0,0,0,1901,109.01753600046504,145.42459000949748,281.75596399523783,148.38188300200272
1,0,0,0,0,0,0,3085,103.4562580025522,140.73099799861666,276.9156730064424,149.97563500946853
4,0,0,0,0,0,0,2,118.04780599777587,110.8222199982265,198.9735829993151,147.30725799745414
5,0,0,0,1,0,1,123,124.26001099811401,171.9993590086233,330.6459289888153,175.77084799995646
3,0,0,0,0,0,0,1626,67.91510598850437,93.37249999225605,286.1809310124954,175.35194499942008
1,0,0,0,0,0,0,9230,54.05775300459936,70.3711420064792,199.6637390111573,151.87221199448686
46,0,0,0,3,0,1,1,657.7549780049594,669.5633100025589,588.9385890041012,216.0114759899443
7,0,0,0,0,0,0,3,124.77982399286702,173.64897800143808,329.0054269891698,158.5426660021767
3,0,0,0,0,0,0,58,119.32669399539009,172.23121899587568,315.6804129976081,157.44314600306097
1,0,0,0,0,0,0,8533,97.50957100186497,135.9785499953432,271.7486449982971,154.34502699645236
3,0,0,0,0,0,0,1070,125.92580298951361,177.64901100599673,325.3377719956916,168.56490100326482
3,0,0,0,0,0,0,1862,124.80378500185907,176.0409080015961,320.33291600237135,173.83730299479794
26,0,0,0,5,0,1,1,131.64465999579988,184.7220720082987,428.61002699646633,170.33716299920343
2,0,0,0,0,0,0,856,119.76672400487587,167.32320901064668,306.1375449906336,156.24992399534676
4,0,0,0,1,0,1,7,191.65207400510553,226.61306300142314,259.9330599914538,306.88090599142015
1,0,0,0,0,0,0,8533,98.21944699797314,136.02637199801393,276.99639499769546,155.57069100032095
5,0,0,0,0,0,0,3,62.63251299969852,150.573067003279,204.9551489908481,74.54424299066886
4,0,0,0,0,0,0,22,131.16068000090308,182.48282400600147,334.5852299971739,166.5465639962349
3,0,0,0,0,0,0,588,124.55495799076743,175.08394799369853,323.735942991334,167.60493800393306
18,0,0,0,2,0,1,1,130.8704640105134,177.14792999322526,368.3665470016422,157.50306499830913
99,0,0,0,9,0,1,1,655.1356859999942,611.2452399975155,673.1493900006171,202.4428240110865
3,0,0,0,0,0,0,246,122.15286798891611,169.60082500008866,322.13609300379176,167.96182800317183
6,0,0,0,1,0,1,9,436.6622140078107,195.1893600053154,567.6963750011055,186.68669600447174
3,0,0,0,0,0,0,1,67.39564400049858,87.92567301134113,263.475104002282,155.52433200355154
1,0,0,0,0,0,0,9122,66.23601399769541,88.49588601151481,217.53172199532855,155.65935100312345
26,0,0,0,2,0,1,1,629.5599619916175,587.2736899909796,700.8893459860701,496.854537006584
4,0,0,0,1,0,1,405,68.26364100561477,91.53411000443157,170.5617919942597,138.39454999833833
3,0,0,0,0,0,0,602,127.76555500749964,181.22203499660827,332.8218999959063,170.7772189984098
6,0,0,0,1,0,1,15,123.64491300832015,165.88535999471787,325.1193469914142,152.27790300559718
1,0,0,0,0,0,0,2186,109.15417700016405,150.48384400142822,246.0054660041351,88.94004300236702
28,0,0,0,2,0,1,1,658.714532997692,634.6078659989871,539.0772059909068,401.86706100939773
3,0,0,0,0,0,0,342,116.19784199865535,161.23140600393526,230.72176899586339,148.67768601106945
13,0,0,0,2,0,1,3,538.8587689958513,503.08928899175953,581.9395580037963,243.1054290063912
19,0,0,0,2,0,1,5,571.8984959967202,543.6764179903548,611.3331450033002,464.81327299261466
1,0,0,0,0,0,0,8399,80.80837900342885,109.7869359946344,202.89729099022225,80.42624501104001
3,0,0,0,0,0,0,114,117.6921400037827,162.06515299563762,306.3839570095297,148.95281200006139
1,0,0,0,0,0,0,8533,99.1013059974648,137.53595300659072,276.2699330050964,153.58881300198846
5,0,0,0,0,0,0,28,120.65837399859447,96.62645099160727,297.9122499964433,157.55165100563318
4,0,0,0,0,0,0,78,125.47959199582692,174.5784489903599,315.7588750036666,158.3338519994868
5,0,0,0,0,0,0,2,85.04461600387003,91.9848350022221,173.6388160061324,129.41004800086375
4,0,0,0,0,0,0,384,129.58888499997556,183.28605599526782,338.284391007619,170.98461599380244
15,0,0,0,4,0,1,1,360.275234997971,183.91348300792743,572.1324649930466,173.94891000003554
1,0,0,0,0,0,0,9914,81.57928500440903,110.73218999081291,243.8200750038959,162.664132003556
4,0,0,0,1,0,1,71,371.14407899207436,180.20455200166907,555.904038992594,174.9121449975064
1,0,0,0,0,0,0,8533,100.76194300199859,137.2134879929945,275.7164329959778,151.8868389975978
2,0,0,0,0,0,0,452,65.08636700164061,88.03638799872715,164.84733299876098,86.47428400581703
4,0,0,0,1,0,1,63,367.19138199987356,180.285278998781,549.0887290070532,173.72734400851186
20,0,0,0,2,0,1,1,134.4288809923455,188.7393549986882,401.36216599785257,177.9582989984192
1,0,0,0,0,0,0,9914,80.9831229998963,111.39256700698752,243.49642600282095,156.96418199513573
127,0,0,0,14,0,1,1,630.9902549983235,504.14144300157204,799.344558006851,139.46850900538266
7,0,0,0,0,0,0,3,121.15148900193162,169.19231000065338,325.93093800824136,156.03774100600276
4,0,0,0,1,0,1,530,294.94480100402143,453.7771979958052,459.55247498932295,373.27047101280186
18,0,0,0,3,0,1,1,126.12188700586557,168.24588899908122,375.42720399505924,147.575864000828
5,0,0,0,0,0,0,12,121.50570501398761,169.59535800560843,324.97711799805984,158.93379600311164
302,0,0,0,57,0,1,1,141.19869000569452,179.48022700147703,1557.6187990081962,167.57029999280348
1,0,0,0,0,0,0,9122,65.72629400761798,87.79840999341104,220.05818899197038,156.77583999058697
3,0,0,0,0,0,0,560,94.91701300430577,89.86121301131789,167.34511499817017,87.3299350059824
3,0,0,0,0,0,0,7,125.55226999393199,176.23856299906038,327.86503501120023,164.3771060043946
6,0,0,0,1,0,1,55,141.1697559960885,175.01579700910952,350.58493199176155,168.02241699770093
1,0,0,0,0,0,0,8399,41.9850970065454,55.926647008163854,125.68496599851642,80.68428900151048
4,0,0,0,1,0,1,74,369.1165180061944,182.88563498936128,576.6214130126173,175.10259000118822
3,0,0,0,0,0,0,517,132.06615099625196,184.05880698992405,329.1606370039517,170.5372249998618
10,0,0,0,2,0,1,7,371.2545489979675,268.5587960004341,501.4028680016054,379.9187460099347
7,0,0,0,2,0,1,113,329.99309299339075,174.15980799705721,351.91809000389185,91.15167800337076
3,0,0,0,0,0,0,473,119.61316601082217,168.25173200049903,315.87882099847775,156.96687500167172
6,0,0,0,1,0,1,28,126.15911099419463,172.67228700802661,336.3537120021647,159.49964099854697
6,0,0,0,2,0,1,316,314.159348999965,318.30731299123727,496.1585860000923,363.972681996529
17,0,0,0,2,0,1,1,481.13407401251607,377.09858499874827,305.32644600316416,226.58500100078527
32,0,0,0,2,0,1,2,149.74679100851063,192.922958987765,421.7014149908209,170.26617999363225
4,0,0,0,0,0,0,91,125.78987098822836,172.43334000522736,259.40908600750845,80.98282800347079
13,0,0,0,1,0,1,14,574.1836899978807,650.2375429990934,546.5011519991094,423.693895994802
2,0,0,0,0,0,0,3160,61.07700100983493,138.43382500635926,302.8506260016002,153.7487909954507
17,0,0,0,3,0,1,2,389.27995099220425,381.40313400072046,563.6344439990353,359.2920429946389
7,0,0,0,0,0,0,1,121.76110099244397,175.5176400038181,331.55239700863604,157.8384080057731
26,0,0,0,2,0,1,1,625.6054279947421,583.5157580004307,572.8233129921136,461.46464699995704
12,0,0,0,2,0,1,1,387.63448198733386,354.26425699552055,578.2765559997642,191.53035600902513
21,0,0,0,3,0,1,1,391.3933139992878,379.4357449951349,590.7960049953545,352.19456200138666
2,0,0,0,0,0,0,3532,73.84167300187983,77.28226599283516,151.60323100280948,86.76953299436718
3,0,0,0,0,0,0,1484,125.44289900688455,174.11710698797833,321.7598769988399,170.80918099964038
8,0,0,0,0,0,0,1,63.85835100081749,82.59797999926377,298.1664050021209,152.00264200393576
2,0,0,0,0,0,0,3532,110.2676370064728,152.57112300605513,293.4107250039233,169.0757449978264
2,0,0,0,0,0,0,1340,116.21016499702819,162.31195798900444,304.93942799512297,170.7247550075408
5,0,0,0,0,0,0,197,132.27229700714815,176.97473600856028,331.9720620056614,171.88412199902814
20,0,0,0,3,0,1,2,343.93105799972545,413.93001600226853,678.718512004707,454.90859300480224
4,0,0,0,1,0,1,461,311.0149939893745,170.58124000323005,247.55428898788523,116.99437399511226
5,0,0,0,1,0,1,40,131.77206199907232,183.20934000075795,339.90068500861526,168.62168700026814
3,0,0,0,0,0,0,277,129.10676600586157,179.2313699988881,320.10568799159955,89.28021899191663
244,0,0,0,16,0,1,1,745.7349269971019,670.7594559993595,715.6544089957606,229.17615300684702
18,0,0,0,2,0,1,1,449.6567040041555,440.23366399051156,600.0980190001428,203.56841599277686
1,0,0,0,0,0,0,261,59.8501960048452,82.162093007355,150.5101610091515,75.61468800122384
1,0,0,0,0,0,0,1901,106.54206099570729,145.81908700347412,287.0931009965716,146.97611700103153
2,0,0,0,0,0,0,4804,115.4982750013005,158.00962199864443,295.2784090011846,171.3943179929629
1,0,0,0,0,0,0,3085,101.6918609966524,141.72082299774047,278.5861699958332,148.92414699716028
2,0,0,0,0,0,0,856,122.92344099842012,171.04102700250223,313.76263398851734,157.05912100384012
47,0,0,0,3,0,1,1,815.6279499962693,769.6825720049674,504.5616949937539,299.3991840048693
2,0,0,0,0,0,0,3532,59.195305992034264,77.52927900583018,150.59617299993988,85.01453099597711
6,0,0,0,0,0,0,1,127.66384299902711,179.70673499803524,337.4593470070977,167.85519500263035
1,0,0,0,0,0,0,8533,83.20590799849015,135.13696599693503,271.76206999865826,156.30696000880562
5,0,0,0,1,0,1,27,64.83484299678821,86.44897400517948,167.67227300442755,80.95372599200346
4,0,0,0,0,0,0,310,118.83048199524637,170.92753600445576,316.654476991971,155.70747799938545
3,0,0,0,0,0,0,331,115.53134200221393,162.04988799290732,307.54890099342447,149.80360100162216
10,0,0,0,2,0,1,1,384.1962459991919,178.19572800362948,571.6127079940634,172.64782400161494
2,0,0,0,0,0,0,1340,116.69637699378654,162.90909399685916,306.9549429928884,168.6901380016934
9,0,0,0,1,0,1,18,117.19842199818231,163.55829100939445,297.28821200842503,76.38042498729192
15,0,0,0,2,0,1,2,466.7855680017965,468.8767189945793,551.24794600124,408.2426300010411
1,0,0,0,0,0,0,8399,54.146192996995524,107.77495399815962,240.15159699774813,155.58276200317778
2,0,0,0,0,0,0,1121,127.03701900318265,175.7520969986217,317.2500049986411,169.3984050070867
16,0,0,0,4,0,1,1,398.30174601229373,391.7908029980026,542.4293459946057,339.4022220018087
6,0,0,0,1,0,1,15,123.706817990751,164.69257400603965,327.5097080040723,151.9189050013665
3,0,0,0,0,0,0,286,123.13382000138517,173.07233999599703,317.44272499054205,154.93036500993185
6,0,0,0,0,0,0,3,126.77038900437765,176.0223299934296,334.26033199066296,164.72620698914398
4,0,0,0,1,0,1,27,193.78031700034626,95.79887500149198,291.7533099971479,90.14256799127907
3,0,0,0,0,0,0,1626,131.39766298991162,183.5460040019825,328.6552950012265,173.73298000893556
1,0,0,0,0,0,0,3085,103.02792899892665,143.96144199417904,277.6644679979654,146.24766800261568
2,0,0,0,0,0,0,4475,105.57841300033033,144.90497000224423,276.44992400018964,167.3161280050408
2,0,0,0,0,0,0,2666,98.84872299153358,135.40256601118017,140.92747399990913,81.08379501209129
2,0,0,0,0,0,0,4804,113.60433300433215,158.39487800258212,300.7942090043798,176.6731899988372
1,0,0,0,0,0,0,9122,35.053567989962175,75.79237800382543,197.1082230011234,157.39005700743292
54,0,0,0,3,0,1,1,794.8864720092388,752.687511005206,582.1786779997637,392.7083750022575
1,0,0,0,0,0,0,865,112.23909100226592,153.13994800089858,289.1375150065869,145.2880080032628
3,0,0,0,0,0,0,1070,127.37776199355721,180.13022799277678,327.2100610047346,167.9391940124333
3,0,0,0,0,0,0,602,66.20237400056794,89.97265400830656,166.5190430067014,87.19537200522609
6,0,0,0,0,0,0,41,122.0272969949292,171.77025400451384,331.151657999726,160.49545900023077
1,0,0,0,0,0,0,9122,66.05642799695488,86.75275499990676,218.12667799531482,157.36311100772582
1,0,0,0,0,0,0,9230,54.23892800172325,69.6312969957944,202.11478500277735,151.49474899226334
1,0,0,0,0,0,0,9914,82.13615900604054,108.69363699748646,245.66486998810433,160.92018500785343
35,0,0,0,2,0,1,2,665.4875980020734,619.6349889942212,522.0737790077692,202.63896801043302
2,0,0,0,0,0,0,1827,56.38069698761683,75.8752830006415,146.66674500040244,76.06622700404841
11,0,0,0,1,0,1,1,369.5312790077878,178.18351100140717,571.3167399953818,174.0527139918413
2,0,0,0,0,0,0,3095,111.38083800324239,159.33424601098523,281.2005699961446,86.72614599345252
2,0,0,0,0,0,0,3160,115.99194700829685,160.6149830040522,301.1901999998372,130.67093401332386
6,0,0,0,0,0,0,3,128.2933780021267,171.73180500685703,323.9102590014227,158.93130599579308
3,0,0,0,0,0,0,155,128.5406709939707,156.33202499884646,328.3297910093097,171.5898849943187
4,0,0,0,0,0,0,319,118.06716800492723,160.8674390008673,306.50114599848166,150.7543090119725
7,0,0,0,1,0,1,41,128.62411300011445,176.65097799908835,340.9492040082114,161.1934980028309
1,0,0,0,0,0,0,8533,98.19716401398182,136.06618100311607,270.9990289877169,155.87174899701495
3,0,0,0,0,0,0,521,115.47525800415315,163.7243139994098,297.17458000232,148.8002440019045
42,0,0,0,8,0,1,1,337.3661340010585,279.416779987514,369.6565590071259,95.33619599824306
1,0,0,0,0,0,0,9230,52.72250800044276,68.23461499880068,199.58236199454404,152.38223000778817
2,0,0,0,0,0,0,856,118.77764599921647,167.0999609923456,307.01855599181727,154.26313200441655
3,0,0,0,0,0,0,588,122.39634500292595,171.92108200106304,323.45748899388127,170.27089500334114
1,0,0,0,0,0,0,1901,55.23109500063583,75.4716209921753,145.9374529949855,75.49157399625983
2,0,0,0,0,0,0,4475,106.74640799697954,145.43679199414328,284.15879800741095,169.14914699736983
6,0,0,0,1,0,1,1,136.70903000456747,186.0112339927582,351.8158200022299,168.96578400337603
2,0,0,0,0,0,0,1827,108.91891698702239,151.89826999267098,291.05600698676426,149.18473199941218
4,0,0,0,0,0,0,181,130.51076300325803,187.84571099968161,339.2232240003068,171.8278710031882
36,0,0,0,2,0,1,2,560.484029003419,533.9822359965183,617.6751169987256,424.69756699574646
11,0,0,0,2,0,1,7,124.26865599991288,164.74638901127037,362.1661600045627,144.26629300578497
1,0,0,0,0,0,0,9230,53.722761003882624,80.16255100665148,199.1371479962254,153.04628098965622
1,0,0,0,0,0,0,2186,111.60042000119574,153.89714900811668,289.2568429961102,151.06314199510962
125,0,0,0,26,0,1,1,71.95367499662098,89.93484399979934,695.3543970012106,167.13271899789106
2,0,0,0,0,0,0,4804,114.96909199922811,143.95831800356973,206.3278740097303,174.37060100201052
5,0,0,0,1,0,1,298,339.55467100895476,184.63061199872755,497.5842379935784,183.4563500015065
3,0,0,0,0,0,0,285,62.881738995201886,84.9731970083667,161.18869199999608,82.54634898912627
15,0,0,0,3,0,1,4,444.9232789920643,272.7984419907443,463.4143209987087,380.5882059969008
4,0,0,0,0,0,0,1,118.37940299301408,162.71339300146792,309.0367149998201,148.65682099480182
1,0,0,0,0,0,0,9914,42.10914799477905,55.41451700264588,126.2607610115083,83.02367599389981
9,0,0,0,0,0,0,1,120.2162939880509,172.27048499626108,331.7934380029328,158.6927540047327
2,0,0,0,0,0,0,4475,54.7466560092289,72.32449600996915,144.60000999679323,87.87891401152592
33,0,0,0,2,0,1,1,619.7638329904294,579.5749999961117,543.4327020047931,361.6465309896739
48,0,0,0,6,0,1,1,591.430072003277,563.7555840075947,763.4309790009866,402.1702609898057
5,0,0,0,0,0,0,4,131.23044100939296,182.58406400855165,332.9822739906376,168.9199819957139
3,0,0,0,0,0,0,1484,123.68627099203877,174.1516780020902,322.2978539997712,171.97507798846345
5,0,0,0,1,0,1,234,66.65533100022003,87.27101000840776,171.53045399754774,82.92388198606204
5,0,0,0,0,0,0,195,130.3605970024364,183.0925840040436,334.4096590008121,170.3111840033671
6,0,0,0,0,0,0,5,110.17960699973628,163.17341598914936,315.1548229943728,146.8017540028086
112,0,0,0,10,0,1,1,439.978609996615,430.43397800647654,953.08299199678,321.8899679923197
5,0,0,0,1,0,1,16,122.68872000277042,166.75607100478373,318.3458069979679,94.7356879914878
7,0,0,0,1,0,1,1,128.76259599579498,169.65343699848745,338.0007889936678,156.75111699965782
3,0,0,0,0,0,0,18,69.40210699394811,92.73677600140218,192.96600100642536,170.28678899805527
17,0,0,0,2,0,1,2,621.8541319976794,577.350364997983,580.6620259972988,440.08353700337466
12,0,0,0,1,0,1,2,126.82657201366965,161.79972799727693,344.43688999454025,144.62741099123377
7,0,0,0,1,0,1,83,505.500076993485,588.033951993566,550.7880590012064,450.9133319952525
11,0,0,0,2,0,1,2,150.85286099929363,167.51492099137977,253.0578419973608,168.84230700088665
2,0,0,0,0,0,0,709,112.58079099934548,158.366030009347,300.0610000017332,166.34586099826265
102,0,0,0,4,0,1,1,559.2530930007342,477.224098998704,625.21132400434,216.33168100379407
3,0,0,0,0,0,0,1070,107.95457700442057,89.9092930048937,261.29692800168414,168.40908100130036
2,0,0,0,0,0,0,3095,113.55197700322606,157.86891400057357,299.7643609996885,168.18250600772444
6,0,0,0,1,0,1,32,89.10275499511044,124.21070400159806,323.5946959903231,148.94426400132943
2,0,0,0,0,0,0,3160,116.76924100902397,163.49760799494106,304.15948800509796,155.75614100089297
52,0,0,0,2,0,1,2,701.3544630026445,662.1224889968289,616.7808519967366,389.06835298985243
1,0,0,0,0,0,0,8399,78.2712630025344,106.7475470044883,240.60861898760777,156.1695639975369
4,0,0,0,0,0,0,65,69.21770199551247,91.48491200176068,173.17254100635182,90.70061199599877
2,0,0,0,0,0,0,21,117.51030600862578,162.82376099843532,301.8918699963251,148.00651399127673
5,0,0,0,1,0,1,51,398.38445899658836,156.47017599258106,398.97172299970407,188.40706399350893
2,0,0,0,0,0,0,2326,120.48130400944501,173.46206799265929,312.7594339894131,193.0374049989041
1,0,0,0,0,0,0,8533,99.34706200147048,135.91511199774686,271.6643430030672,155.3030060022138
4,0,0,0,0,0,0,528,122.45219999749679,170.83976199501194,321.8894400051795,161.8409850052558
2,0,0,0,0,0,0,3532,110.32269299903419,151.3050369976554,295.5802880023839,169.10956799983978
2,0,0,0,0,0,0,3160,117.29856200690847,160.40140799304936,296.91982400254346,153.91565700701904
4,0,0,0,0,0,0,408,128.42782100779004,179.23560600320343,290.3389330022037,113.93003599368967
1,0,0,0,0,0,0,8399,79.0331369935302,107.81836400565226,242.55743699904997,159.21669099770952
1,0,0,0,0,0,0,9914,80.84648499789182,111.20407198905014,246.45526200765744,128.2516659994144
5,0,0,0,0,0,0,15,122.60979000711814,168.35432800871786,337.7671600028407,151.24012999876868
74,0,0,0,4,0,1,1,633.1739540037233,601.8718339910265,732.2319350059843,403.6434650042793
6,0,0,0,0,0,0,15,129.2911490018014,186.24496000120416,231.28811400965787,96.5989050018834
2,0,0,0,0,0,0,4804,114.55440199642908,159.86000599514227,298.86825299763586,175.71401700843126
6,0,0,0,2,0,1,316,313.0832180031575,317.2509930009255,505.5350640031975,354.3924210098339
3,0,0,0,0,0,0,1626,129.99843500438146,179.4607170013478,255.08757100033108,88.46041600918397
18,0,0,0,2,0,1,1,372.8043100127252,480.8146780123934,623.5523279901827,469.38805500394665
20,0,0,0,4,0,1,1,423.54807700030506,315.9343360021012,364.2703800142044,342.00462300213985
1,0,0,0,0,0,0,9230,29.323823997401632,35.87043800507672,101.80702600337099,77.09442899795249
15,0,0,0,2,0,1,1,131.72280800063163,145.43396698718425,349.99680299370084,166.56296599830966
3,0,0,0,0,0,0,256,120.93395399278961,172.12233199097682,311.5082690055715,158.8180279941298
3,0,0,0,0,0,0,70,126.70381501084194,172.6335389976157,321.46383401413914,173.0099799897289
32,0,0,0,3,0,1,1,277.30773099756334,391.4607699989574,674.3781560071511,439.4213430059608
1,0,0,0,0,0,0,1901,104.94897500029765,146.72055099799763,283.9051279879641,148.378275000141
17,0,0,0,2,0,1,2,554.1070909966948,530.0349569879472,574.2050940025365,432.6142119971337
76,0,0,0,5,0,1,1,552.981971995905,508.22927099943627,807.101700003841,391.6406409989577
3,0,0,0,0,0,0,368,63.5412709962111,84.07806100149173,249.6681839984376,156.23854399018455
3,0,0,0,0,0,0,208,61.486539998441,83.42749899020419,161.07660200214013,77.64284400036559
6,0,0,0,0,0,0,1,129.62897600664292,182.34599599963985,335.88547600083984,169.44946399598848
1,0,0,0,0,0,0,8399,78.76930400379933,106.40933600370772,241.3377040065825,157.22522299620323
2,0,0,0,0,0,0,4804,114.15938100253697,158.38867001002654,296.4134439971531,170.72624499269295
2,0,0,0,0,0,0,237,122.2338240040699,175.03618300543167,312.36617000831757,167.12098600692116
7,0,0,0,1,0,1,4,131.08394799928647,179.6952469885582,349.8751139995875,168.93814700597432
1,0,0,0,0,0,0,9122,65.98249399394263,87.71497999259736,220.1966650027316,158.03325800516177
6,0,0,0,0,0,0,19,121.55338900629431,168.60420399461873,326.1932940076804,157.590358008747
15,0,0,0,3,0,1,1,143.5849679983221,95.92334799526725,355.2632920036558,169.68633799115196
5,0,0,0,0,0,0,2,122.12958101008553,171.069643998635,323.0917340115411,157.5018489966169
13,0,0,0,1,0,1,67,653.4024029970169,535.5215990130091,344.47837399784476,283.24289599549957
3,0,0,0,0,0,0,1862,125.0205590040423,173.90973899455275,317.0837569923606,170.8116060035536
2,0,0,0,0,0,0,3160,115.6336550047854,162.66065300442278,302.3570280056447,155.8674260013504
3,0,0,0,0,0,0,1484,126.94158199883532,177.74649799684994,318.35850900097284,172.907883010339
3,0,0,0,0,0,0,831,119.13292600365821,165.04956800781656,314.881812009844,170.43795999779832
7,0,0,0,1,0,1,2,132.4084009975195,184.84763700689655,354.1612840053858,168.76573099580128
2,0,0,0,0,0,0,274,117.42427399440203,161.76291400915943,303.03300100786146,148.639203995117
7,0,0,0,1,0,1,3,77.47897900117096,92.77240899973549,183.72121200081892,86.54648599622305
1,0,0,0,0,0,0,9122,67.10328900953755,88.34416700119618,222.09457200369798,158.31768099451438
1,0,0,0,0,0,0,9230,28.680796996923164,37.549209999269806,102.56938799284399,78.23966900468804
3,0,0,0,0,0,0,111,118.67226600588765,171.0290010087192,308.84312400303315,150.5685239972081
26,0,0,0,3,0,1,1,397.778312995797,380.1445739954943,609.248890003073,325.4515409935266
3,0,0,0,0,0,0,1862,124.7541010088753,173.78860000462737,314.3140860047424,169.1766580042895
2,0,0,0,0,0,0,1827,107.36450199328829,149.6391849941574,254.26934300048742,76.69809799699578
3,0,0,0,0,0,0,516,128.33163001050707,178.34101799235214,329.20425399788655,170.58870600885712
5,0,0,0,0,0,0,72,120.73474600038026,164.83344399603084,317.059920009342,151.39891300350428
15,0,0,0,2,0,1,1,544.417921002605,521.2109059939394,562.6106849958887,317.3987210029736
9,0,0,0,0,0,0,2,100.14240800228436,173.9675449935021,333.75683800841216,160.19139399577398
42,0,0,0,3,0,1,1,612.0318650064291,576.1864590022014,455.5362000101013,388.177442990127
6,0,0,0,0,0,0,271,125.21499600552488,175.2379610115895,329.3863939907169,185.0126490026014
2,0,0,0,0,0,0,533,115.70395599119365,160.6671610061312,301.3629750057589,150.91113098606002
18,0,0,0,2,0,1,1,70.52023299911525,88.90709200932179,193.77806200645864,83.22912600124255
1,0,0,0,0,0,0,606,112.33625600289088,155.47202801099047,293.8309430028312,147.4514010042185
3,0,0,0,1,0,1,594,361.02135499822907,442.0744249946438,545.4296800016891,465.86717398895416
4,0,0,0,0,0,0,383,122.8635099978419,174.84007000166457,315.262966993032,179.00342200300656
3,0,0,0,0,0,0,169,119.33446400507819,166.36916200513951,235.88007800572086,81.1298680055188
9,0,0,0,1,0,1,1,120.96365200704895,168.9180329994997,340.4979619954247,156.9344450108474
1,0,0,0,0,0,0,9230,28.676654997980222,36.222171009285375,103.92973899433855,117.27836298814509
3,0,0,0,0,0,0,337,117.5311260012677,165.3752670099493,308.2305260031717,153.16957600589376
5,0,0,0,1,0,1,28,130.8202939981129,161.63540999696124,177.7609510027105,88.91105499060359
5,0,0,0,1,0,1,42,132.19977999688126,185.11015799595043,346.3522430101875,171.55438399640843
3,0,0,0,0,0,0,473,120.46114000258967,169.3762479990255,312.6009630068438,160.0159069930669
3,0,0,0,0,0,0,1448,115.14457799785305,162.66021299816202,307.43538799288217,159.57945999980439
4,0,0,0,0,0,0,10,122.32718199084047,170.08571000769734,322.94742499652784,159.77395199297462
24,0,0,0,0,0,0,1,125.4239549889462,171.43430600117426,202.81784699182026,82.37231000384782
4,0,0,0,1,0,1,118,364.753853995353,205.0486210064264,547.481229994446,153.34262800752185
2,0,0,0,0,0,0,76,70.68843100569211,168.3441880013561,311.0760210111039,153.3694630052196
5,0,0,0,0,0,0,4,133.98104900261387,184.79161799768917,313.93945099262055,87.37763600947801
24,0,0,0,3,0,1,1,346.61461001087446,94.69840899691917,626.8738119979389,175.65965100948233
3,0,0,0,0,0,0,1,125.63037101062946,171.08385400206316,317.3851750034373,153.6399010074092
6,0,0,0,0,0,0,8,136.03026400960516,185.4586690024007,347.2134510084288,176.15280499740038
2,0,0,0,0,0,0,1827,108.22255699895322,151.6487879998749,289.43200400681235,149.33312499488238
5,0,0,0,1,0,1,1,64.08528999600094,143.02643400151283,325.66450399463065,153.29876501346007
87,0,0,0,18,0,1,1,393.20865900663193,355.87746900273487,890.794929000549,189.97622400638647
3,0,0,0,0,0,0,73,62.079084003926255,81.35575900087133,203.06738899671473,86.88617999723647
74,0,0,0,3,0,1,1,661.3894799957052,619.1284149972489,550.4434129979927,271.1222529906081
9,0,0,0,2,0,1,2,368.978418991901,180.16822599747684,575.4278399981558,173.76018001232296
3,0,0,0,0,0,0,158,124.52994199702516,171.8905229936354,315.525740996236,173.4676439955365
1,0,0,0,0,0,0,8399,41.67259400128387,54.63868299557362,241.50920199463144,159.32514000451192
7,0,0,0,0,0,0,1,118.0803199968068,164.90921399963554,319.6789370122133,149.79574001336005
2,0,0,0,0,0,0,4475,105.26708399993367,143.75263299734797,282.58326300419867,168.1907659949502
5,0,0,0,0,0,0,147,68.10107099590823,90.54641299007926,173.1262980028987,138.475578991347
5,0,0,0,1,0,1,21,130.78317799954675,175.940018001711,331.63768200029153,155.13008600100875
8,0,0,0,0,0,0,4,128.42222799372394,178.2214010017924,345.5300299974624,168.2877359999111
1,0,0,0,0,0,0,2186,108.56343801424373,150.74229599849787,289.52556700096466,149.7182739985874
11,0,0,0,1,0,1,1,119.3360949982889,164.61172299750615,315.15427300473675,151.54459900804795
2,0,0,0,0,0,0,4804,113.30038199957926,157.77399799844716,295.5309719982324,174.53991300135385
3,0,0,0,0,0,0,135,130.84737600001972,106.69398801110219,238.37861900392454,172.2846550110262
1,0,0,0,0,0,0,8533,59.17810100072529,139.14845100953244,274.30926299712155,153.22302401182242
3,0,0,0,0,0,0,42,131.31225098914,184.2825060011819,285.40567599702626,170.7034190039849
4,0,0,0,0,0,0,1,118.27901100332383,161.73727699788287,308.3274400123628,149.6664510050323
3,0,0,0,0,0,0,2044,121.76400099997409,173.36493299808353,314.31766400055494,170.6209440017119
1,0,0,0,0,0,0,8533,100.51525599556044,137.9950989939971,271.17284199630376,154.03298899764195
1,0,0,0,0,0,0,8399,79.98954800132196,107.29350800102111,241.86829300015233,157.29892000672407
109,0,0,0,5,0,1,1,588.3674840006279,556.1870940000517,792.187319995719,349.6825079928385
13,0,0,0,0,0,0,1,132.8223180025816,184.67878000228666,358.53043700626586,170.29216299124528
2,0,0,0,0,0,0,4804,114.39740500645712,158.08917199319694,295.25184800149873,173.83411499031354
3,0,0,0,0,0,0,13,122.49866299680434,164.8426220053807,307.0528690004721,150.6454899936216
13,0,0,0,1,0,1,1,504.30176900408696,197.8830640000524,602.0762879925314,185.2493470069021
2,0,0,0,0,0,0,3532,109.66355400159955,151.66104600939434,294.22825599613134,168.8457480049692
1,0,0,0,0,0,0,2186,57.00135299412068,76.947215013206,148.3450470113894,77.46197600499727
13,0,0,0,2,0,1,11,294.7505780030042,233.2697929959977,320.69261399738025,451.6899320005905
10,0,0,0,2,0,1,1,337.681076998706,180.73929300589953,593.9311479887692,175.56225899897981
58,0,0,0,9,0,1,1,142.89823500439525,181.98285599646624,398.3296880032867,165.32812199147884
4,0,0,0,0,0,0,323,125.81834000593517,182.58608900941908,333.43861500907224,172.260063001886
3,0,0,0,0,0,0,527,119.21896699641366,168.67700200236868,319.5493310049642,176.98824498802423
11,0,0,0,0,0,0,1,123.07961699843872,96.74420800001826,177.55371499515604,158.02330800215714
4,0,0,0,0,0,0,51,119.11543100723065,168.89771999558434,313.97436300176196,151.19679899362382
4,0,0,0,0,0,0,528,122.45318001077976,173.56429700157605,321.55548098671716,161.21526699862443
6,0,0,0,1,0,1,1,332.71424399572425,147.37519399204757,562.0655189995887,171.9640840019565
2,0,0,0,0,0,0,63,115.74962300073821,163.97197599872015,305.3974369977368,147.290957000223
1,0,0,0,0,0,0,9122,66.26945298921783,88.05819798726588,221.72780500841327,157.06136099470314
4,0,0,0,1,0,1,1,368.6034719867166,185.08828099584207,547.2343739966163,174.26779901143163
1,0,0,0,0,0,0,9914,82.88554499449674,110.23256799671799,248.1689109990839,161.12189200066496
3,0,0,0,0,0,0,13,120.96144299721345,163.9931879908545,309.30337299651,150.36000301188324
1,0,0,0,0,0,0,8533,100.05047799495514,137.43407400033902,276.63115899486,154.4042850000551
5,0,0,0,0,0,0,26,99.14016800757963,93.37630700611044,175.4349520051619,160.54337601235602
131,0,0,0,28,0,1,1,285.32484600145835,198.86018600664102,970.0664120027795,119.45765600830782
20,0,0,0,2,0,1,1,481.7952680023154,484.78346099727787,615.1112020015717,136.9701880030334
1,0,0,0,0,0,0,3085,102.72191801050212,142.05817300535273,280.92219900281634,152.07404499233235
3,0,0,0,0,0,0,588,124.47323100059293,172.9545600101119,323.1669169908855,174.12498699559364
1,0,0,0,0,0,0,148,117.55922400334384,161.78595699602738,299.469859994133,145.49414199427702
20,0,0,0,1,0,1,11,623.2314760127338,710.7244590006303,569.6183380059665,379.3435599945951
4,0,0,0,0,0,0,171,107.51733499637339,182.70543598919176,335.0119469978381,169.89763898891397
6,0,0,0,0,0,0,4,67.98282200179528,130.7252019905718,338.8741190137807,170.0976160063874
16,0,0,0,5,0,1,27,380.2835680107819,233.0156440002611,342.2631310095312,113.57840499840677
8,0,0,0,1,0,1,14,490.231058007339,203.6977519892389,562.2969539981568,185.61297799169552
7,0,0,0,0,0,0,2,127.45618999178987,174.6591060073115,325.79580300080124,152.37962300307117
3,0,0,0,0,0,0,1448,113.1789790088078,161.71952200238593,303.32457899930887,160.19675999996252
14,0,0,0,2,0,1,2,379.55203199817333,385.39015500282403,617.7619600057369,204.6934899990447
82,0,0,0,3,0,1,1,699.3841479998082,651.4293100044597,628.0505890026689,210.42441300232895
5,0,0,0,1,0,1,138,125.91296699247323,172.1827029978158,331.41681501001585,158.76598900649697
7,0,0,0,0,0,0,1,127.70973099395633,173.01288800081238,332.49891801096965,158.7498559965752
50,0,0,0,4,0,1,1,655.6919209979242,756.3522640120937,596.0010220005643,351.07372399943415
18,0,0,0,5,0,1,1,188.22479000664316,94.01673098909669,312.9467319959076,89.27148798829876
11,0,0,0,2,0,1,1,147.56354900600854,188.31352599954698,359.91697999997996,168.23103500064462
2,0,0,0,0,0,0,1827,107.29717600042932,148.8327599945478,289.60707600344904,150.45321799698286
3,0,0,0,0,0,0,1484,125.26067900762428,177.09999698854517,321.7480629973579,175.08568899938837
1,0,0,0,0,0,0,9122,65.89271799020935,87.89005898870528,121.44679800258018,80.2999129955424
5,0,0,0,0,0,0,2,119.28006100060884,164.41625398874748,309.23651400371455,150.28849599184468
8,0,0,0,0,0,0,1,122.7822759974515,170.93674599891528,331.8325420113979,157.65108200139366
1,0,0,0,0,0,0,9122,67.54906500282232,88.29949199571274,222.83382099703886,157.9783859924646
3,0,0,0,0,0,0,1448,114.1241299919784,159.80775299249217,305.3530059987679,160.55705299368128
3,0,0,0,0,0,0,1070,125.91201601026114,177.3909210023703,326.12937899830285,169.90116199303884
27,0,0,0,5,0,1,2,132.04485199821647,171.64691699144896,426.7451570049161,156.99048899114132
5,0,0,0,0,0,0,312,64.98063099570572,152.51401100249495,322.44081899989396,178.57717801234685
2,0,0,0,0,0,0,1827,109.06664699723478,150.373987009516,289.0843150089495,149.72193900030106
3,0,0,0,0,0,0,1,122.37456999719143,172.95653000473976,312.53070100501645,152.61091499996837
11,0,0,0,1,0,1,178,547.9346950014587,552.0087640034035,386.5413929888746,241.09950300771743
3,0,0,0,0,0,0,579,126.6746829933254,180.14702400250826,328.7217269971734,167.56882499612402
1,0,0,0,0,0,0,8399,78.91978300176561,106.92931700032204,241.1993679997977,156.2290860019857
3,0,0,0,0,0,0,608,62.590047004050575,83.94240599591285,157.22399999503978,78.44067401310895
12,0,0,0,2,0,1,4,412.70083899144083,387.87012100510765,516.887253994355,199.5006169890985
1,0,0,0,0,0,0,9914,82.37634199031163,110.93614100536797,243.61412599682808,157.97127000405453
155,0,0,0,33,0,1,1,272.0142170001054,187.30768299428746,1173.6000060045626,175.54917398956604
1,0,0,0,0,0,0,9122,65.61934300407302,86.89966800739057,219.7327389876591,156.3258410023991
3,0,0,0,0,0,0,286,121.3513190014055,170.62589000852313,315.2891439967789,156.1609869968379
6,0,0,0,1,0,1,3,121.43464900145773,161.9079420052003,324.99913599167485,148.46384899283294
6,0,0,0,1,0,1,65,395.61270900594536,182.0133569999598,574.5520859927638,173.64253599953372
12,0,0,0,2,0,1,3,326.1493879981572,458.5984800069127,589.6652440133039,199.33889400272164
14,0,0,0,0,0,0,1,131.3013329927344,186.56422600906808,364.39889200846665,173.1265069975052
11,0,0,0,1,0,1,1,118.24856999737676,162.36753900011536,334.80281599622685,149.75584200874437
1,0,0,0,0,0,0,9914,42.20776999136433,55.30098899907898,125.6264999974519,83.37792499514762
7,0,0,0,0,0,0,4,120.13717800437007,174.16258799494244,320.81197199295275,154.31713499128819
3,0,0,0,0,0,0,527,119.40526100806892,170.23211099149194,312.7178559952881,171.63954299758188
6,0,0,0,0,0,0,3,91.5135799878044,90.02229198813438,173.04337800305802,88.02211399597581
6,0,0,0,1,0,1,10,132.91667599696666,183.6933299928205,350.07046299870126,171.9924799981527
2,0,0,0,0,0,0,100,121.24629100435413,166.16957398946397,312.2012030071346,158.43747899634764
1,0,0,0,0,0,0,8399,79.89919900137465,106.38400100287981,239.4191019993741,154.19072099030018
5,0,0,0,0,0,0,82,133.81149499036837,183.9569050061982,255.838835000759,87.03944100125227
1,0,0,0,0,0,0,8533,98.78623401164077,136.7676899972139,272.0947510097176,156.30496099765878
18,0,0,0,3,0,1,2,126.61810900317505,164.36577199783642,379.04239000636153,149.02902299945708
1,0,0,0,0,0,0,8533,98.5952780029038,138.1985849875491,270.623146003345,151.89783299865667
1,0,0,0,0,0,0,9914,81.64488100737799,110.86999300459865,245.96927998936735,160.27023700007703
5,0,0,0,0,0,0,19,119.07328499364667,165.5502079956932,314.6595699945465,148.08475300378632
1,0,0,0,0,0,0,3085,101.9306929956656,140.63411101233214,277.50676999858115,149.05975500005297
3,0,0,0,0,0,0,521,116.15701499977149,160.59634998964611,303.67419398680795,151.15773300931323
5,0,0,0,0,0,0,9,122.68187600420788,170.98297900520265,320.7404169952497,156.2658260081662
6,0,0,0,1,0,1,3,119.5401699951617,162.4597949994495,322.0739969983697,147.3394200002076
24,0,0,0,4,0,1,1,190.42409100802615,91.92498998891097,327.5048200011952,88.39585199893918
3,0,0,0,0,0,0,16,119.16388699319214,163.84179001033772,307.38332199689467,147.4024890048895
1,0,0,0,0,0,0,9122,66.19038099597674,88.70535199821461,223.32688899768982,157.39088800910395
63,0,0,0,5,0,1,1,470.1435169990873,546.1786030064104,712.80146400386,327.28632500220556
1,0,0,0,0,0,0,8399,78.14496300125029,106.42833198653534,244.18784699810203,158.46558100020047
2,0,0,0,0,0,0,224,127.4003190046642,176.0038770007668,318.80382999952417,117.58902500150725
3,0,0,0,0,0,0,1626,119.76211599539965,90.42832200066186,165.64736700092908,167.84677699615713
4,0,0,0,0,0,0,384,126.18603200826328,178.13222100085113,300.2526909986045,121.47639400791377
6,0,0,0,0,0,0,4,85.09828899696004,169.66512901126407,300.8114979893435,159.45204900344834
3,0,0,0,0,0,0,205,122.32374299492221,174.73896700539626,313.93423400004394,153.17055699415505
2,0,0,0,0,0,0,3160,117.73057699610945,81.00117598951329,152.97610699781217,79.38150998961646
3,0,0,0,0,0,0,29,130.60191499243956,185.82212000910658,333.7358620046871,169.46663601265755
5,0,0,0,0,0,0,17,124.33086801320314,171.1154410004383,322.6781970006414,157.67200800473802
98,0,0,0,7,0,1,1,580.2559129951987,547.5386839971179,875.7030910055619,375.3519929887261
6,0,0,0,0,0,0,1,120.90628300211392,170.74938399309758,320.4749319993425,153.90364899940323
2,0,0,0,0,0,0,4804,58.920456998748705,79.2216539994115,151.88671699434053,89.05569699709304
6,0,0,0,1,0,1,3,133.92776100954507,180.47044999548234,347.4865129974205,169.58329899352975
6,0,0,0,1,0,1,8,119.96937700314447,164.66387700347695,324.3098459934117,149.3736049887957
3,0,0,0,0,0,0,803,119.53303399786819,169.48377499647904,308.8786079897545,158.68473699083552
3,0,0,0,0,0,0,1484,128.36882600095123,174.7891279956093,165.1158029999351,128.61213700671215
4,0,0,0,0,0,0,481,129.18161500419956,179.64495900378097,332.8411600086838,172.02895400987472
3,0,0,0,0,0,0,1448,75.80088399117813,161.18071699747816,303.13862599723507,161.19224499561824
3,0,0,0,1,0,1,1445,268.20843199675437,329.2189890053123,377.4885979946703,349.84312299638987
3,0,0,0,0,0,0,205,123.53782399441116,173.55583499011118,312.24864500109106,153.74640800291672
11,0,0,0,1,0,1,178,550.9705239965115,609.1060159960762,300.4124199942453,243.73936498886906
33,0,0,0,6,0,1,1,133.4940710075898,184.1329150047386,470.35492899885867,167.3197829950368
1,0,0,0,0,0,0,9122,66.24011299572885,86.09232200251427,219.28102799574845,155.64519599138293
8,0,0,0,0,0,0,1,116.95774599502329,162.05544299737085,319.73963900236413,142.72734000405762
5,0,0,0,1,0,1,1,129.25764800456818,171.59247600648087,330.50943599664606,154.58309200766962
16,0,0,0,1,0,1,53,621.9589349930175,704.0926390036475,593.7116159911966,472.52337700047065
3,0,0,0,0,0,0,1484,123.20678899413906,174.29895199893508,322.1919110073941,170.61123299936298
14,0,0,0,2,0,1,1,149.2597259930335,191.33338298706803,369.8733230121434,142.81490999564994
1,0,0,0,0,0,0,8533,98.67802000371739,136.40812499215826,274.291257999721,109.21041600522585
1,0,0,0,0,0,0,8533,98.64824599935673,136.43913800478913,275.87630999914836,154.69293799833395
8,0,0,0,0,0,0,5,129.74032400234137,182.10499700217042,349.5378040097421,172.11771100119222
3,0,0,0,0,0,0,1484,124.85581300279591,175.27943500317633,324.191524006892,173.2475729950238
6,0,0,0,0,0,0,103,72.3285309941275,96.30290599307045,177.88314800418448,91.66185700451024
6,0,0,0,0,0,0,4,122.0477720053168,165.63543099618983,320.7214540016139,151.0492319939658
8,0,0,0,1,0,1,2,119.68373200215865,167.3350049968576,250.04378201265354,151.73615599633195
10,0,0,0,2,0,1,10,197.71909499831963,293.02832498797216,561.0082749917638,187.97731598897371
5,0,0,0,0,0,0,15,131.57179400150198,182.53240099875256,341.45657099725213,171.28645699995104
6,0,0,0,1,0,1,132,309.7754109912785,469.0920190041652,598.2227200001944,498.75946799875237
3,0,0,0,0,0,0,208,82.36072199360933,139.62869100214448,307.13578600261826,149.269561006804
41,0,0,0,3,0,1,1,465.8367109950632,500.31805399339646,709.3798190035159,456.318503987859
32,0,0,0,8,0,1,1,368.14096200396307,373.2855889975326,678.5519010009011,202.58645901049022
4,0,0,0,0,0,0,323,129.5002599945292,181.4332869980717,333.6258920026012,170.62447099306155
7,0,0,0,1,0,1,5,359.7959259932395,180.24583399528638,530.5003359972034,173.55380998924375
28,0,0,0,3,0,1,1,362.22333600744605,242.2035329946084,342.20833401195705,227.4423009948805
3,0,0,0,0,0,0,521,114.65838000003714,163.68439600046258,301.1197559972061,149.43814800062682
4,0,0,0,0,0,0,81,131.62587000988424,185.4907179949805,333.695744004217,175.63770699780434
1,0,0,0,0,0,0,3085,101.74370699678548,141.67621100204997,278.3208420005394,214.37419700669125
2,0,0,0,0,0,0,3627,114.2093950038543,162.07975799625274,305.9014679893153,170.56808399502188
2,0,0,0,0,0,0,3160,116.578622997622,162.75056000449695,295.4727769974852,156.49419798864983
1,0,0,0,0,0,0,4295,106.15975900145713,147.4239149974892,282.1988270006841,152.84413100744132
6,0,0,0,1,0,1,188,456.65359499980696,539.8032329976559,554.1567879990907,413.0694610066712
9,0,0,0,1,0,1,1,135.95508800062817,178.66919499647338,352.2534249932505,166.65300000749994
1,0,0,0,0,0,0,1190,113.88765700394288,156.90481298952363,297.60836499917787,147.75240900053177
52,0,0,0,6,0,1,1,253.4418569994159,278.1683850043919,384.07031500537414,244.92919399926905
3,0,0,0,0,0,0,277,127.3059779923642,179.1085050062975,329.81796900276095,173.8585860002786
19,0,0,0,3,0,1,1,134.81571699958295,183.84691599931102,399.1563279996626,174.44247199455276
10,0,0,0,1,0,1,2,133.88595699507277,128.8562599947909,178.4276270045666,81.45863900426775
4,0,0,0,1,0,1,461,303.8105019950308,173.23019700415898,477.5506400037557,189.45455900393426
2,0,0,0,0,0,0,3,126.82410300476477,175.67710400908254,325.9118819987634,166.89298801065888
5,0,0,0,1,0,1,18,377.9086610011291,182.67154300701804,551.5911760012386,172.96770299435593
2,0,0,0,0,0,0,3627,60.81553800322581,84.20381300675217,155.04181399592198,86.34412899846211
1,0,0,0,0,0,0,9230,53.52432398649398,69.73747799929697,197.06955600122456,152.2628599923337
2,0,0,0,0,0,0,1607,115.04976099240594,158.47639700223226,304.10394599311985,156.9724009896163
3,0,0,0,0,0,0,176,130.04114700015634,180.30541700136382,329.16250900598243,166.17862999555655
3,0,0,0,0,0,0,4,127.1878910047235,175.5989150115056,325.99941799708176,164.58113900444005
2,0,0,0,0,0,0,376,117.4385250051273,161.71365798800252,302.13775699667167,151.06971599743702
16,0,0,0,2,0,1,1,125.48718499601819,161.8639880034607,360.2598950092215,145.88310501130763
21,0,0,0,1,0,1,142,627.0130409975536,708.9961849997053,481.97093199996743,343.2565059920307
2,0,0,0,0,0,0,3532,111.26085399882868,152.42870600195602,291.4404290058883,166.25435100286268
11,0,0,0,1,0,1,178,558.4927489981055,636.2984869920183,578.3946029987419,400.2591710013803
6,0,0,0,1,0,1,1,122.31631099712104,170.02097300428431,309.7279850044288,156.7075759958243
1,0,0,0,0,0,0,9122,66.90084000001661,88.62087099987548,220.6670919986209,157.27046600659378
2,0,0,0,0,0,0,4475,102.90087800240144,144.87256899883505,284.0263079997385,168.53367199655622
22,0,0,0,4,0,1,1,128.42145099421032,176.9426530081546,406.26072500890587,164.30251799465623
15,0,0,0,3,0,1,5,205.40052899741568,194.61365000461228,327.6074509922182,357.3164370027371
8,0,0,0,1,0,1,5,68.68719100020826,90.9556840051664,180.89019300532527,87.60840899776667
14,0,0,0,1,0,1,124,679.5069790096022,752.259012995637,698.6449240066577,577.7496619994054
11,0,0,0,0,0,0,1,128.39347899716813,177.28568699385505,348.5260970046511,165.53440000279807
2,0,0,0,0,0,0,36,131.61137299903203,184.59203299426008,327.9838550079148,171.0295800003223
5,0,0,0,1,0,1,124,71.90420299593825,89.5585399994161,173.47986799723003,85.72110898967367
2,0,0,0,0,0,0,3160,117.9918060079217,164.38123599800747,302.7009579964215,155.33668000716716
1,0,0,0,0,0,0,1511,107.94199899828527,152.63696399051696,288.5796320042573,148.4163279965287
2,0,0,0,0,0,0,3095,112.91222400905099,158.18638198834378,300.0101090001408,167.05915500642732
4,0,0,0,0,0,0,6,123.28995099232998,169.06096499587875,314.8652240051888,154.6522830030881
1,0,0,0,0,0,0,9122,66.55291600327473,87.08121899690013,220.28322600817773,157.1611139952438
21,0,0,0,1,0,1,142,628.6241950001568,717.0667549944483,475.7165760092903,344.27555299771484
9,0,0,0,0,0,0,82,122.93370498809963,173.95243899954949,336.5522880048957,164.4401969970204
4,0,0,0,0,0,0,181,70.41058900358621,92.86122099729255,320.9949809970567,173.36243500176352
3,0,0,0,0,0,0,1070,68.04159599414561,114.68779399001505,167.35760700248647,87.68290700390935
28,0,0,0,5,0,1,1,378.3776409982238,187.73616499674972,580.2576730056899,176.46698899625335
1,0,0,0,0,0,0,2186,109.96214499755297,137.89980299770832,258.1949149898719,148.29405100317672
1,0,0,0,0,0,0,1901,104.6227059996454,147.8301240131259,282.7489990013419,146.4283249952132
2,0,0,0,0,0,0,3627,117.89668598794378,162.93090200633742,304.99852799403016,169.32189599901903
65,0,0,0,6,0,1,1,603.7339989998145,570.0731719989562,696.9511490024161,209.54733599501196
2,0,0,0,0,0,0,4475,105.90557800605893,146.57834598619957,283.0492869979935,166.73833200184163
2,0,0,0,0,0,0,3160,117.31477599823847,164.34926599322353,302.5716120027937,155.27164099330548
4,0,0,0,0,0,0,45,117.76986400946043,161.86394900432788,309.2780849983683,145.47052700072527
3,0,0,0,0,0,0,70,125.96462501096539,89.1515779949259,311.3554059964372,168.29303100530524
2,0,0,0,0,0,0,1486,114.35416300082579,158.38635800173506,298.81213601038326,152.35307499824557
13,0,0,0,2,0,1,8,495.44642299588304,261.5406529948814,513.3121469989419,389.42064699949697
3,0,0,0,1,0,1,1479,288.0881680030143,400.5098500056192,280.57653199357446,300.68467700039037
2,0,0,0,0,0,0,4475,103.57350099366158,143.50750399171375,285.3123609966133,170.51958999945782
5,0,0,0,1,0,1,2,316.9667829934042,160.71556899987627,562.9752919921884,174.19679499289487
1,0,0,0,0,0,0,9230,28.594632996828295,36.74928400141653,101.7844449961558,77.17234900337644
3,0,0,0,0,0,0,527,122.08924000151455,171.38145200442523,313.6574469972402,171.6176679910859
6,0,0,0,1,0,1,1,369.9738569994224,184.85988800239284,569.5104320038809,175.39805499836802
2,0,0,0,0,0,0,1827,107.4735019938089,149.71181099826936,288.8536929967813,116.15478400199208
3,0,0,0,0,0,0,342,117.82131699146703,163.1380960025126,307.2229650133522,149.8107070074184
27,0,0,0,2,0,1,2,411.4957179990597,324.6427800040692,682.0241759996861,527.7755070128478
1,0,0,0,0,0,0,9914,81.98760599771049,111.26695400162134,247.6369420037372,160.34513201157097
2,0,0,0,0,0,0,224,66.84066700108815,96.26615799788851,194.82621998758987,83.91869800107088
11,0,0,0,1,0,1,1,127.60020000860095,174.37196700484492,352.88833400409203,161.31577199848834
2,0,0,0,0,0,0,709,112.09954701189417,155.56808399560396,301.42109098960645,166.4995400060434
26,0,0,0,3,0,1,1,377.7084549947176,184.8779959982494,633.0954059958458,174.30033200071193
2,0,0,0,0,0,0,3095,113.74275699199643,159.41057799500413,211.90903200476896,84.88698399742134
14,0,0,0,3,0,1,1,278.1785929983016,181.45163099688943,598.3041440049419,173.84349199710414
7,0,0,0,1,0,1,3,120.04435699782334,166.2660239962861,330.76485799392685,100.56536999763921
11,0,0,0,2,0,1,7,65.15065600979142,131.7366589937592,346.3393460115185,147.667883997201
2,0,0,0,0,0,0,49,120.09167201176751,168.38501799793448,307.5967039912939,149.95534799527377
13,0,0,0,4,0,1,25,306.3659690087661,344.800150996889,581.8914249975933,204.47432401124388
1,0,0,0,0,0,0,9230,53.298369006370194,68.24131900793873,198.072710991255,155.15160000359174
9,0,0,0,0,0,0,172,130.0237279938301,180.64859398873523,252.2785609908169,168.6740250006551
2,0,0,0,0,0,0,3532,58.47304599592462,115.54479699407239,291.41170700313523,173.0190880043665
1,0,0,0,0,0,0,8533,100.62945999379735,137.74209600524046,278.2527879899135,155.90905499993823
2,0,0,0,0,0,0,1340,60.47556300472934,87.82201001304202,310.8896339981584,171.68545599270146
3,0,0,0,0,0,0,2044,125.39454799843952,86.69163100421429,161.49670899903867,87.17566599079873
33,0,0,0,5,0,1,1,442.4907600041479,436.25894299475476,734.3749900028342,232.07328299758956
8,0,0,0,1,0,1,1,132.20857898704708,182.4708080093842,353.14001100778114,171.1016860062955
1,0,0,0,0,0,0,8399,81.97575900703669,108.60176901041996,247.81301600160077,157.8454019909259
10,0,0,0,1,0,1,3,123.95341999945231,168.00215699186083,342.67987198836636,156.26190599869005
159,0,0,0,7,0,1,1,449.90323499951046,438.82555500022136,1049.0529319940833,373.621175007429
14,0,0,0,2,0,1,42,102.48032301024068,161.33457999967504,357.04319400247186,149.04947399918456
9,0,0,0,2,0,1,75,412.270657994668,391.75240900658537,518.2709189975867,384.3164259887999
8,0,0,0,1,0,1,17,482.86750800616574,123.74633298895787,412.7182630036259,175.161188992206
12,0,0,0,2,0,1,20,398.7243260053219,331.22300800459925,293.24305400950834,193.93758400110528
3,0,0,0,0,0,0,1448,113.71708200022113,160.7302799966419,304.8151789989788,161.508306991891
13,0,0,0,1,0,1,1,125.99453100119717,172.22524799581151,356.5312550053932,158.4882489987649
43,0,0,0,3,0,1,1,304.8820450057974,243.87129800743423,621.0125189973041,408.8584080018336
3,0,0,0,0,0,0,184,123.28647301183082,169.83220000111032,316.9306570052868,159.49082699080463
13,0,0,0,2,0,1,4,124.96873700001743,164.2264050024096,352.1039369952632,147.37588200659957
3,0,0,0,0,0,0,107,135.11706699500792,187.25726500269957,283.90907900757156,90.76581700355746
4,0,0,0,0,0,0,14,68.62209300743416,89.99823899648618,207.97182600654196,163.62084499269258
6,0,0,0,0,0,0,9,122.79399800172541,169.37780899752397,326.36716299748514,157.60206799313892
2,0,0,0,0,0,0,128,118.26108899549581,163.3860980073223,304.1521639970597,148.73660099692643
2,0,0,0,0,0,0,1556,59.76068000018131,80.23361199593637,155.09167400887236,81.33117300167214
18,0,0,0,2,0,1,2,557.4850249977317,526.6091239900561,585.3504089900525,437.94418399920687
3,0,0,0,0,0,0,1448,116.03852899861522,161.22120000363793,306.8546249996871,160.32180399633944
1,0,0,0,0,0,0,9914,80.45410699560307,108.0044450063724,242.72179500258062,163.16769499098882
2,0,0,0,0,0,0,4804,112.36039199866354,155.58736200910062,294.421999991755,175.80503900535405
2,0,0,0,0,0,0,3627,116.76869400253054,164.20312300033402,300.3443799971137,166.60421898995992
28,0,0,0,1,0,1,1,123.70820199430455,169.90890901070088,395.4422070091823,158.4057239961112
42,0,0,0,3,0,1,1,601.0741489881184,572.0676950004417,624.1969920083648,391.5436520037474
2,0,0,0,0,0,0,877,122.81785201048478,173.61488300957717,184.2269510088954,85.1788059953833
5,0,0,0,1,0,1,2,362.526170007186,185.01168499642517,546.0695340007078,170.87384300248232
2,0,0,0,0,0,0,360,114.85002900008112,162.27271599927917,305.87526501039974,148.8014420028776
44,0,0,0,4,0,1,1,564.0723010001238,532.3976509971544,733.7537929997779,420.8095990034053
2,0,0,0,0,0,0,2666,100.22885999933351,140.49775099556427,273.59246899141,156.2347690050956
7,0,0,0,1,0,1,5,362.8220520040486,180.22209299670067,286.9394489971455,88.20943199680187
2,0,0,0,0,0,0,4804,112.81710799084976,157.2720929980278,297.5972049898701,172.07865499949548
3,0,0,0,0,0,0,1862,69.78579300630372,171.92418000195175,316.3919859944144,171.2809339951491
2,0,0,0,0,0,0,4475,105.90007400605828,145.44359598949086,282.9450549907051,171.8522510054754
205,0,0,0,41,0,1,1,135.6769669946516,174.03238100814633,1157.5242999970214,160.0972269952763
7,0,0,0,1,0,1,1,62.80476199754048,81.747018994065,166.10704199410975,76.58596499823034
3,0,0,0,0,0,0,13,124.72951800737064,175.6574070022907,322.63215800048783,164.73557699646335
1,0,0,0,0,0,0,8399,79.0787360019749,106.52007099997718,239.42280899791513,156.37317800428718
4,0,0,0,0,0,0,52,120.70209000376053,169.6165250032209,318.49780199991073,152.17385199503042
3,0,0,0,1,0,1,594,367.60435499309096,440.669600997353,544.9362170038512,473.59313699416816
2,0,0,0,0,0,0,894,58.8948100048583,80.3545859962469,156.90085200185422,89.8394430114422
69,0,0,0,3,0,1,1,475.0982190016657,658.0843340052525,557.0093220012495,287.3524659953546
3,0,0,0,0,0,0,23,121.02285800210666,173.56264300178736,317.5107209972339,156.694831995992
6,0,0,0,0,0,0,6,123.06523098959588,171.87277199991513,323.5100730089471,159.82130299380515
3,0,0,0,0,0,0,1862,122.51538400596473,170.8268020011019,316.2082799972268,106.24758098856546
2,0,0,0,0,0,0,867,60.76894499710761,82.82996200432535,216.3936110009672,153.1318769993959
50,0,0,0,4,0,1,1,129.9915370036615,171.67266500473488,479.2447399959201,158.5522520035738
7,0,0,0,1,0,1,3,128.5092220059596,173.56125501100905,340.3960379946511,157.03847599797882
9,0,0,0,0,0,0,4,129.71277300675865,181.1388740024995,352.87732000870164,169.49303599540144
2,0,0,0,0,0,0,536,61.701789003564045,82.5913290027529,159.086516010575,81.45171499927528
1,0,0,0,0,0,0,9230,53.03940598969348,69.77598999219481,198.84877200820483,153.0344290076755
25,0,0,0,5,0,1,1,469.15033500408754,455.8092149964068,636.4948630071012,366.4959090092452
2,0,0,0,0,0,0,1290,112.3682750039734,157.98618701228406,295.94527000153903,156.85319500335027
3,0,0,0,0,0,0,208,115.81892700633034,163.21801001322456,308.2294920022832,148.57394600403495
3,0,0,0,0,0,0,1484,124.74706298962701,175.98866300249938,319.9371750088176,171.36665199359413
18,0,0,0,3,0,1,1,126.41901899769437,167.3029730009148,374.9304149969248,146.6023859975394
5,0,0,0,1,0,1,4,373.651173998951,185.78184800571762,548.1853740056977,89.62624399282504
6,0,0,0,0,0,0,5,122.98645899863914,169.46335800457746,320.7022629940184,152.48367001186125
14,0,0,0,1,0,1,52,568.2315140002174,644.8436909995507,413.91339601250365,386.4225779980188
10,0,0,0,2,0,1,2,434.53784099256154,226.36128799058497,525.6382090010447,191.96946000738535
11,0,0,0,1,0,1,1,70.3652369993506,86.5903780068038,181.1790390056558,80.31721800216474
2,0,0,0,0,0,0,2666,102.38139200373553,141.1967969906982,279.2877239990048,158.4106480004266
19,0,0,0,2,0,1,1,542.4758309964091,507.9225279914681,630.8469859941397,102.0965190109564
3,0,0,0,0,0,0,12,127.59084400022402,179.53281899099238,323.1233199912822,165.2833629923407
1,0,0,0,0,0,0,8533,51.959835007437505,68.30387399531901,139.43700300296769,80.7063760003075
2,0,0,0,0,0,0,1556,113.19272499531507,157.59687300305814,300.6994119932642,157.32811999623664
1,0,0,0,0,0,0,8399,79.49915700010024,107.61977700167336,242.82572299125604,155.86075399187393
3,0,0,0,0,0,0,205,125.93604301218875,172.2712770133512,317.28665399714373,157.5067490048241
3,0,0,0,1,0,1,1445,269.0875770058483,334.3218160007382,420.8417439949699,182.0952949929051
13,0,0,0,1,0,1,1,125.21870399359614,173.29965300450567,355.71415300364606,157.35195399611257
13,0,0,0,2,0,1,5,508.10801799525507,537.1523209905718,634.3553390033776,486.0518510104157
2,0,0,0,0,0,0,4804,58.750245996634476,79.40946699818596,223.57932799786795,170.9501009900123
2,0,0,0,0,0,0,533,116.5052879950963,159.38571900187526,300.213482012623,150.48594200925436
2,0,0,0,0,0,0,281,115.33199399127625,162.99778000393417,303.40554199938197,148.85977799713146
16,0,0,0,2,0,1,1,525.0991899956716,497.4576660024468,593.8442990009207,445.5029939999804
4,0,0,0,0,0,0,383,119.75479700777214,89.61604299838655,211.0358709905995,179.73143399285618
6,0,0,0,1,0,1,71,106.6590419941349,175.08355699828826,337.92657899903134,165.11637100484222
1,0,0,0,0,0,0,8399,41.78971999499481,55.56052799511235,124.15415100986138,82.4446290062042
7,0,0,0,0,0,0,1,127.20802400144748,175.24900499847718,331.17422700161114,161.12506699573714
5,0,0,0,1,0,1,298,337.4855279980693,178.6759569949936,499.3399730010424,175.05214200355113
24,0,0,0,2,0,1,1,690.5770390003454,652.6128170080483,719.3616869917605,546.0149639984593
1,0,0,0,0,0,0,8533,108.80778600403573,137.82835700840224,277.0816800039029,154.96331999020185
2,0,0,0,0,0,0,3532,108.69171499507502,154.0117190015735,290.62633600551635,166.38611198868603
1,0,0,0,0,0,0,8399,42.90925800160039,58.59724199399352,218.03679000004195,157.72613699664362
29,0,0,0,1,0,1,99,634.0157619997626,741.4411259960616,417.43895900435746,254.6414870012086
12,0,0,0,2,0,1,1,359.5595179940574,381.9357339962153,519.9736289941939,190.7236849947367
4,0,0,0,1,0,1,375,62.145902003976516,119.6704559988575,269.02348500152584,174.98126901045907
38,0,0,0,6,0,1,1,131.42943700950127,179.78216100891586,469.54273799201474,169.92782801389694
3,0,0,0,0,0,0,1070,127.89891500142403,179.74693900032435,301.27594400255475,168.11918299936224
1,0,0,0,0,0,0,9914,81.17635900271125,108.5918120079441,245.81098099588417,158.86767399206292
6,0,0,0,0,0,0,95,130.72859800013248,149.82325398887042,172.68211500777397,87.32833700196352
1,0,0,0,0,0,0,8533,97.51581499585882,135.2059049968375,272.2555310028838,154.94571400631685
2,0,0,0,0,0,0,1340,60.16340899805073,82.49375599552877,154.91824499622453,86.27551300742198
3,0,0,0,0,0,0,1484,123.45828801335301,174.39841899613384,317.3957630060613,170.33323900250252
4,0,0,0,0,0,0,383,123.3840779896127,172.9537729988806,321.7979449982522,173.82663299213164
1,0,0,0,0,0,0,9122,65.2165580104338,87.07736000360455,219.2503999976907,157.9879780038027
21,0,0,0,1,0,1,142,621.1054559971672,467.5958379957592,477.3068989888998,340.40061199630145
1,0,0,0,0,0,0,8399,78.4158589958679,105.53787399840076,238.66331500175875,156.6393029934261
1,0,0,0,0,0,0,9122,66.00569399597589,86.89172299636994,190.44633700104896,88.04804799729027
3,0,0,0,0,0,0,342,116.01035100466106,163.35077599796932,307.5661030015908,150.93996599898674
3,0,0,0,0,0,0,521,114.27830799948424,160.98984399286564,299.6422819996951,149.28587799659
13,0,0,0,2,0,1,54,123.58723999932408,160.60315999493469,350.4267590033123,149.49960200465284
1,0,0,0,0,0,0,9230,53.02387100527994,69.0473199938424,195.63204700534698,151.39982498658355
2,0,0,0,0,0,0,4475,102.81200699682813,144.33254300092813,281.92308300640434,167.21562200109474
6,0,0,0,0,0,0,20,106.6510630043922,181.3637380109867,340.079709989368,167.266157004633
2,0,0,0,0,0,0,186,116.51633300061803,162.23839900339954,302.6887989981333,146.8303500005277
19,0,0,0,1,0,1,76,739.7302579920506,832.0529830089072,608.8373120001052,479.8566309909802
1,0,0,0,0,0,0,9914,80.51310299197212,108.37618999357801,243.24393800634425,160.27465599472634
1,0,0,0,0,0,0,9122,65.31295999593567,86.60743200744037,220.76410199224483,157.1981409942964
3,0,0,0,0,0,0,1002,120.85830001160502,169.1464230098063,310.9630209946772,174.28539899992757
8,0,0,0,0,0,0,1,130.06585001130588,180.5283599969698,344.20376499474514,170.4004339990206
4,0,0,0,0,0,0,77,122.79917500563897,172.36548199434765,321.2941389938351,160.99352200399153
2,0,0,0,0,0,0,693,113.77074400661513,160.77115100051742,299.42147100518923,151.87638299539685
7,0,0,0,1,0,1,2,71.1241160024656,93.64328499941621,271.08589599083643,173.7676610064227
25,0,0,0,4,0,1,1,239.58961899916176,232.31392899469938,523.5947990004206,220.10755499650259
5,0,0,0,1,0,1,1,130.43492900033016,174.688551996951,329.01833299547434,153.359283998725
1,0,0,0,0,0,0,3085,101.69364599278197,142.8442819888005,278.2141850038897,148.39000599749852
3,0,0,0,0,0,0,1626,130.5312269978458,181.98852699424606,332.5948790006805,178.35929099237546
5,0,0,0,0,0,0,1,119.0915449988097,161.23043499828782,309.8225139983697,147.30510099616367
3,0,0,0,0,0,0,32,130.885112012038,182.56242800271139,334.05372900597285,169.62473499006592
2,0,0,0,0,0,0,1556,113.28775298898108,158.18444298929535,300.692563992925,155.92208100133575
9,0,0,0,1,0,1,3,121.87262100633234,167.48561100394,330.86917000764515,148.8843130064197
1,0,0,0,0,0,0,9122,67.01701199926902,87.93857300770469,222.26616000989452,156.28817600372713
9,0,0,0,0,0,0,1,124.09100000513718,173.42206700413954,268.0994199909037,80.97457498661242
2,0,0,0,0,0,0,2666,101.49153698876034,141.19045100233052,279.9478300003102,160.05472400865983
7,0,0,0,0,0,0,2,132.3143479967257,182.4147410079604,339.1322509996826,167.14998599491082
2,0,0,0,0,0,0,274,113.81285300012678,160.30559099453967,301.43057100940496,146.71459700912237
10,0,0,0,2,0,1,7,293.1736429891316,371.17493800178636,457.01899599225726,378.2868230046006
1,0,0,0,0,0,0,8533,51.580592000391334,69.38376701145899,138.67505700909533,79.18920200609136
5,0,0,0,1,0,1,10,284.84892200503964,94.42291400046088,500.6489689985756,179.17784200108144
4,0,0,0,1,0,1,15,124.33993999729864,168.70951700548176,321.5278340067016,153.97105499869213
35,0,0,0,3,0,1,1,406.4030670124339,318.4255980013404,662.0821959950263,472.1688319987152
3,0,0,0,0,0,0,106,122.08741299400572,165.5102299991995,256.94310599646997,93.33042099024169
3,0,0,0,1,0,1,1445,267.5950400007423,327.0841199991992,428.3705129928421,355.56265398918185
1,0,0,0,0,0,0,9230,53.80446200433653,69.52710599580314,198.06354900356382,152.14840300905053
2,0,0,0,0,0,0,348,61.23725698853377,143.19086499745026,190.37122000008821,148.71392300119624
7,0,0,0,0,0,0,1,129.19955200050026,180.02241100475658,343.08611300366465,168.63205000117887
1,0,0,0,0,0,0,2186,108.51369200099725,152.48232599697076,288.41627499787137,148.0380370048806
16,0,0,0,3,0,1,1,131.89684500684962,173.77750000741798,378.73553299868945,154.49960700061638
1,0,0,0,0,0,0,8533,98.66186699946411,137.92067300528288,273.97663998999633,153.88115101086441
2,0,0,0,0,0,0,1340,60.756596009014174,80.67808698979206,155.76874600083102,86.51304399245419
1,0,0,0,0,0,0,8399,80.2136319980491,106.95865300658625,242.85075000079814,157.06551099719945
8,0,0,0,1,0,1,9,134.61845999700017,187.4725590023445,360.2047419990413,175.87367100350093
6,0,0,0,0,0,0,4,121.9168129900936,174.98995999631006,320.8946070080856,80.27294899511617
4,0,0,0,1,0,1,99,138.49464400846045,190.75626799894962,339.4658569886815,177.44770999706816
37,0,0,0,8,0,1,1,337.4390469980426,179.9573180032894,668.2396249962039,190.89038200036157
1,0,0,0,0,0,0,1901,105.00607300491538,104.49066499131732,152.53284100617748,146.32219799386803
1,0,0,0,0,0,0,8399,45.24804999527987,106.31903399189468,240.58136499661487,156.86787701270077
3,0,0,0,0,0,0,521,115.37445599969942,161.05443199921865,303.9322800032096,149.6180019894382
4,0,0,0,0,0,0,22,133.20715200097766,183.4880350070307,339.07802699832246,169.53269099758472
6,0,0,0,0,0,0,5,61.10539400833659,81.708340003388,161.43787000328302,73.26644800195936
13,0,0,0,1,0,1,146,659.3546020012582,744.1346459963825,656.9564170058584,608.0186879989924
14,0,0,0,3,0,1,1,132.20440900477115,168.8012049999088,371.4526149997255,157.09652000805363
10,0,0,0,2,0,1,27,389.22079499752726,385.9873650071677,552.0565259939758,382.70754599943757
1,0,0,0,0,0,0,8533,96.65336900798138,134.17283601302188,273.2247800013283,155.3943290055031
7,0,0,0,1,0,1,1,136.8588349869242,187.25981199531816,355.5466630059527,170.319176002522
8,0,0,0,1,0,1,1,129.42981500236783,177.6334059977671,347.00848899956327,164.94925499137025
10,0,0,0,0,0,0,1,127.27487400115933,175.75987700547557,342.017492002924,166.66975698899478
1,0,0,0,0,0,0,8533,101.41079701134004,139.08413599710912,277.48155100562144,155.5002980021527
1,0,0,0,0,0,0,8399,78.38655200612266,105.13565500150435,239.51216098794248,155.4471439885674
4,0,0,0,0,0,0,260,127.80261400621384,178.10152200399898,331.112714993651,170.00358099176083
1,0,0,0,0,0,0,9122,66.71561699477024,87.91683299932629,216.83970899903215,155.17537400592119
1,0,0,0,0,0,0,8533,97.64266799902543,135.6182129966328,272.87195400276687,154.50891399814282
10,0,0,0,2,0,1,17,229.14000200398732,216.4174849895062,277.9273589985678,390.49669599626213
3,0,0,0,0,0,0,70,116.76920800528023,162.58934000506997,304.7498899977654,147.69115499802865
4,0,0,0,0,0,0,8,124.30345300526824,170.0893579982221,320.9705089975614,155.80329700605944
7,0,0,0,1,0,1,10,123.34562800242566,169.48011099884752,336.54119398852345,158.24876799888443
12,0,0,0,0,0,0,1,121.99034399236552,170.14801999903284,342.67067500331905,159.32374699332286
6,0,0,0,0,0,0,1,122.77420399186667,107.9672140040202,165.72586599795613,81.17358699382748
41,0,0,0,2,0,1,1,522.7850710070925,500.1749910006765,588.8653979927767,391.0910470003728
1,0,0,0,0,0,0,8399,79.70558300439734,108.30538200389128,242.58557098801248,157.81367900490295
46,0,0,0,9,0,1,1,156.15072500077076,186.66709600074682,531.3965460081818,170.02995000802912
1,0,0,0,0,0,0,9230,53.89799899421632,69.90496000798885,204.45814399863593,156.5494899987243
4,0,0,0,1,0,1,375,123.153103995719,164.61222499492578,318.67152100312524,177.6138530112803
13,0,0,0,1,0,1,163,316.15590599540155,397.1965539967641,592.4439929949585,476.44901199964806
1,0,0,0,0,0,0,8533,99.8644140054239,138.19322500785347,276.23620799568016,157.35996200237423
18,0,0,0,4,0,1,1,134.42087901057675,182.9265900014434,406.65233999607153,170.1018689927878
3,0,0,0,0,0,0,501,131.0381109942682,181.9541580043733,332.10626999789383,177.08991200197488
1,0,0,0,0,0,0,9230,53.77554000006057,69.13029299175832,198.2079680019524,150.8794410037808
47,0,0,0,3,0,1,1,600.2319490071386,391.83269199565984,255.47432899475098,150.18364100251347
5,0,0,0,0,0,0,21,118.56774000625592,168.36805699858814,318.8188680069288,151.61484500276856
1,0,0,0,0,0,0,3085,103.26433299633209,141.78910800546873,280.2248700027121,149.72456300165504
3,0,0,0,1,0,1,83,242.60748599772342,388.5917619918473,551.3147349993233,465.50797700183466
36,0,0,0,2,0,1,1,726.6675229911925,682.8230520040961,653.0674340028781,466.8783520028228
100,0,0,0,9,0,1,1,276.98536300158594,500.44758299191017,904.5084789977409,337.3911600065185
2,0,0,0,0,0,0,3627,59.693415998481214,80.77465899987146,156.2894039961975,86.26838700729422
34,0,0,0,2,0,1,1,695.7087769987993,651.1610509915045,526.287811997463,205.36821499990765
27,0,0,0,4,0,1,1,637.5163549964782,590.3033239883371,744.7005409921985,474.1632759978529
2,0,0,0,0,0,0,1320,61.14982899453025,82.48563400411513,155.78523599833716,79.9315390031552
1,0,0,0,0,0,0,9122,66.81733799632639,86.58005799225066,220.51363000355195,157.6267010095762
7,0,0,0,0,0,0,7,134.03555899276398,187.67123599536717,345.57415600284,178.51223399338778
12,0,0,0,1,0,1,1,123.8597129995469,175.11796900362242,350.3284720063675,156.83875299873762
9,0,0,0,0,0,0,1,116.9162320002215,163.57900900766253,323.55397299397737,148.2072600047104
3,0,0,0,0,0,0,1862,122.35997999960091,172.3867029941175,313.7366590090096,170.98361800890416
2,0,0,0,0,0,0,1556,112.3579880077159,157.22619800362736,299.6866979956394,158.87663200555835
22,0,0,0,1,0,1,12,706.7314669984626,793.4275799925672,547.9393729910953,404.1777800011914
1,0,0,0,0,0,0,9122,67.52274700556882,89.03472500969656,218.21507198910695,156.13506000954658
4,0,0,0,1,0,1,455,192.9360100039048,95.01062300114427,288.44055099762045,92.03806599543896
3,0,0,0,0,0,0,1448,114.31032299879007,163.81661700143013,301.42254500242416,159.72195500216912
2,0,0,0,0,0,0,87,123.51020099595189,173.36990300100297,311.0617479978828,155.5073089984944
4,0,0,0,1,0,1,61,126.55643299513031,174.8657389980508,323.96144200174604,161.23172298830468
44,0,0,0,2,0,1,19,637.3654449998867,607.19683500065,612.7388150052866,405.304703002912
4,0,0,0,0,0,0,337,126.61086200387217,178.93589100276586,335.5670160090085,170.22119100147393
7,0,0,0,0,0,0,2,121.44158699084073,170.29763900791295,327.79222501267213,158.44071299943607
3,0,0,0,0,0,0,527,63.41501799761318,131.74191500002053,314.63699400774203,171.79650999605656
2,0,0,0,0,0,0,44,67.0016219955869,89.44697400147561,313.1024929898558,104.67447200790048
2,0,0,0,0,0,0,274,115.61127900495194,162.38875000271946,274.6685250021983,149.41940100106876
2,0,0,0,0,0,0,1556,113.54135499277618,158.71414099819958,303.44042800425086,157.7862910053227
4,0,0,0,1,0,1,295,402.8592390095582,481.6278299986152,559.9754599970765,464.23202600271907
9,0,0,0,2,0,1,3,89.01818600133993,93.2583789981436,297.96589400211815,166.5869440039387
3,0,0,0,1,0,1,594,367.14176599343773,446.5039450005861,555.178999013151,473.11806300422177
1,0,0,0,0,0,0,8533,97.7521749882726,137.22810801118612,271.7817200027639,155.48123900953215
3,0,0,0,0,0,0,803,62.08711500221398,83.64971900300588,159.31445600290317,103.18794299382716
7,0,0,0,1,0,1,6,78.93685600720346,138.2219939987408,354.6311079990119,166.8206280010054
4,0,0,0,1,0,1,71,374.68808999983594,182.0559639891144,555.4165780049516,173.33608798799105
6,0,0,0,0,0,0,1,132.87939901056234,183.21408999327105,344.2745039938018,170.48275099659804
8,0,0,0,1,0,1,1,130.47870800073724,174.98153500491753,349.1327869996894,156.9490859983489
2,0,0,0,0,0,0,237,121.73358899599407,169.42916200787295,318.4311500081094,165.41633200540673
7,0,0,0,0,0,0,7,126.47296900104266,169.78358800406568,328.35326399072073,157.27594299823977
299,0,0,0,58,0,1,1,130.19724198966287,143.7854590039933,1413.2493759971112,170.81771299126558
2,0,0,0,0,0,0,1340,115.69615599000826,158.93123600108083,305.3239169967128,168.98632599622943
42,0,0,0,3,0,1,1,609.3630409886828,371.4929569978267,392.3037210042821,389.7570459957933
2,0,0,0,0,0,0,2666,98.72351499507204,138.70622200192884,184.44052399718203,81.71706399298273
1,0,0,0,0,0,0,606,114.26438999478705,156.97541399276815,295.944800003781,147.2647040063748
4,0,0,0,1,0,1,461,304.869157000212,173.2698249979876,476.8540709919762,189.19295999512542
3,0,0,0,0,0,0,1484,125.9374920045957,176.88576500222553,322.94652800192125,172.0837580069201
11,0,0,0,1,0,1,178,554.3089760030853,641.2420060078148,579.3777499930002,468.96385299623944
21,0,0,0,4,0,1,1,72.70095800049603,94.75481699337251,212.8898439987097,93.18524099944625
2,0,0,0,0,0,0,1827,110.65022200637031,148.92899700498674,288.6234440084081,150.53078898927197
12,0,0,0,2,0,1,3,213.127249997342,355.07888199936133,574.7883820004063,191.76332099596038
3,0,0,0,1,0,1,1479,334.0764250024222,399.4570439972449,521.8137110059615,312.10345499857794
11,0,0,0,1,0,1,2,134.84156799677294,181.6824449924752,363.9438040117966,170.92325699923094
3,0,0,0,0,0,0,1626,127.70759798877407,182.66063800547272,327.79149399721064,172.54484300792683
14,0,0,0,1,0,1,1,123.28154999704566,167.78934600006323,265.87132399436086,79.69217299250886
6,0,0,0,0,0,0,1,61.95914398995228,120.62981700000819,311.681627004873,145.347601006506
22,0,0,0,1,0,1,1,123.73651799862273,170.02445200341754,378.2873290037969,156.36659199662972
1,0,0,0,0,0,0,9122,66.18559100024868,87.88372301205527,218.54522099602036,157.7959690039279
5,0,0,0,1,0,1,1,139.20243800384924,180.01546700543258,344.1935869923327,168.75621199142188
2,0,0,0,0,0,0,1320,117.30519699631259,164.7326310048811,302.2517140052514,156.99279599357396
8,0,0,0,1,0,1,300,479.57329399650916,587.9360069957329,570.6526970025152,479.92820100625977
22,0,0,0,1,0,1,1,142.18131599773187,205.32955299131572,423.33583800063934,194.05825500143692
5,0,0,0,1,0,1,298,341.8379180075135,179.7344049991807,430.1758770016022,133.96872500015888
3,0,0,0,0,0,0,521,119.06083000940271,163.3658429927891,306.65614300232846,151.418569002999
90,0,0,0,16,0,1,1,139.40019300207496,184.1006080067018,691.7637190053938,171.84427600295749
12,0,0,0,2,0,1,1,397.05885099829175,381.5486840030644,518.8796129950788,189.60824199893977
54,0,0,0,3,0,1,1,804.1210600058548,757.8436990006594,489.0257700026268,396.0399240022525
1,0,0,0,0,0,0,3085,103.29424700466916,142.97677500871941,278.49835400411393,148.22038800048176
32,0,0,0,7,0,1,1,357.9965050012106,121.23576299927663,553.3079269953305,178.32905499381013
28,0,0,0,2,0,1,7,344.5695050031645,562.0035360043403,364.24439199618064,370.0447300070664
10,0,0,0,2,0,1,4,382.48725699668285,351.1710480088368,580.9713649941841,193.23527000960894
14,0,0,0,2,0,1,42,124.51941600011196,163.85228399303742,358.1979209993733,149.9695359962061
6,0,0,0,0,0,0,4,123.72354000399355,169.18671999883372,253.82065201119985,83.6224550002953
6,0,0,0,1,0,1,5,143.36971400189213,178.26962401159108,349.06336199492216,172.5664839905221
3,0,0,0,0,0,0,1626,129.6256369969342,181.38058499607723,332.38635600719135,174.28499000379816
2,0,0,0,0,0,0,3532,110.8126040053321,154.3278829922201,290.4870200000005,167.34597699542064
1,0,0,0,0,0,0,8533,98.08095901098568,136.13571898895316,271.56555200053845,154.36440201301593
3,0,0,0,0,0,0,2044,122.59000400081277,175.32758100423962,323.12184300099034,173.93730499316007
2,0,0,0,0,0,0,3160,116.56269298691768,162.5386280065868,302.82629499561153,154.95667500363197
12,0,0,0,1,0,1,64,559.0188079950167,642.2954890003894,527.5730739958817,420.58304899546783
5,0,0,0,0,0,0,2,71.15398200403433,83.9174659922719,159.0402439906029,75.16443901113234
2,0,0,0,0,0,0,1827,109.84751798969228,151.71213800203986,289.76592399703804,150.3326969977934
3,0,0,0,0,0,0,1,122.08188099612016,169.39903200545814,313.63789401075337,151.43831699970178
1,0,0,0,0,0,0,9914,82.99135699053295,111.65518200141378,248.0297000001883,161.92994399170857
21,0,0,0,2,0,1,5,385.9422310051741,469.3036980024772,484.3483529984951,525.6343790097162
2,0,0,0,0,0,0,224,68.1435330043314,89.76743400853593,195.86975501442794,85.36876300058793
4,0,0,0,0,0,0,125,122.31948800035752,169.0925029979553,320.0802399951499,157.20525399956387
2,0,0,0,0,0,0,33,121.69019899738487,105.68053000315558,305.67505599174183,151.63574300822802
244,0,0,0,16,0,1,1,802.189473004546,753.00592900021,1098.5792970022885,235.06876800092869
1,0,0,0,0,0,0,9914,42.319134998251684,97.8703689906979,244.0078369982075,159.92927900515497
15,0,0,0,3,0,1,5,392.69181501003914,376.879226998426,584.6784879977349,353.8009860058082
4,0,0,0,0,0,0,9,124.60439000278711,174.57089399977122,327.47948200267274,165.39756600104738
2,0,0,0,0,0,0,1827,58.83277599059511,80.07444700342603,285.1380439969944,148.89909198973328
2,0,0,0,0,0,0,966,118.04655499872752,164.6226739976555,310.9091669903137,159.45623299921863
5,0,0,0,1,0,1,2,202.43169901368674,92.4663219921058,294.9015260091983,98.59618000336923
1,0,0,0,0,0,0,8399,79.45593500335235,107.53623099299148,240.51269200572278,155.92178000952117
17,0,0,0,2,0,1,2,332.01347300200723,331.69925400579814,519.520611007465,340.117323998129
9,0,0,0,1,0,1,1,121.80184200406075,169.80171301111113,341.570728996885,157.64213999500498
5,0,0,0,1,0,1,2,378.9672519924352,179.19457799871452,553.2378110074205,173.35995299799833
2,0,0,0,0,0,0,1827,108.85716498887632,152.3280010005692,266.741578001529,77.2925299970666
3,0,0,0,0,0,0,263,121.29870199714787,176.27038698992692,286.4485530008096,155.86528000130784
7,0,0,0,0,0,0,4,122.36037400725763,167.8394230111735,323.7964220024878,155.69257499009836
143,0,0,0,10,0,1,1,755.9808189980686,716.5613940014737,563.5113779862877,286.3310429966077
60,0,0,0,11,0,1,1,129.7226520109689,177.58068100374658,561.7740299931029,166.24826900078915
3,0,0,0,0,0,0,1484,125.31063800270204,173.25653799343854,322.9289230075665,176.2350270000752
3,0,0,0,0,0,0,32,68.26227600686252,90.76785999059211,170.62823400192428,87.73411600850523
1,0,0,0,0,0,0,2186,111.56254200614057,152.57008199114352,288.5622610046994,149.99511299538426
4,0,0,0,0,0,0,366,128.8009670097381,181.8118850060273,335.24916200258303,171.43220000434667
2,0,0,0,0,0,0,237,122.43674400087912,172.7383420075057,314.8274790000869,162.88481700757984
2,0,0,0,0,0,0,1320,61.26101299014408,83.45984801417217,158.28708199842367,151.16291400045156
5,0,0,0,1,0,1,4,128.38809299864806,171.69931999524124,267.4962040036917,80.54161700420082
1,0,0,0,0,0,0,1901,104.78138198959641,145.55098800337873,282.98120900581125,109.68947800574824
3,0,0,0,0,0,0,1484,123.3168650069274,174.41336299816612,326.3755490042968,172.702035997645
2,0,0,0,0,0,0,1827,110.73874098656233,154.52306800580118,292.24809299921617,151.99695600313134
1,0,0,0,0,0,0,9230,28.720578004140407,35.104647002299316,164.16941498755477,76.89644899801351
2,0,0,0,0,0,0,3532,110.9400010027457,151.15184499882162,293.36006499943323,168.4889799944358
11,0,0,0,2,0,1,33,368.9289610047126,373.4635649889242,494.74714799725916,372.57229899114463
3,0,0,0,0,0,0,70,108.68681299325544,172.5983649957925,319.6135470061563,169.5185610005865
7,0,0,0,0,0,0,1,126.63117100601085,168.7890419998439,329.69402300659567,160.02647001005244
3,0,0,0,0,0,0,2,62.05890800629277,83.5121770069236,157.2750420018565,136.47396099986508
2,0,0,0,0,0,0,72,116.84314599551726,163.6758259992348,307.01828000019304,145.4432460013777
9,0,0,0,1,0,1,229,517.0982240088051,603.2849170005647,572.3486719944049,481.72998600057326
3,0,0,0,0,0,0,588,128.84454999584705,176.23539701162372,225.7044199941447,88.61842199985404
3,0,0,0,1,0,1,1479,338.365806004731,408.16388100211043,521.1385199945653,449.23029899655376
5,0,0,0,1,0,1,12,372.79705799301155,185.7676109939348,553.2450159953441,172.09535899746697
3,0,0,0,0,0,0,410,127.46596599754412,178.03872999502346,329.09224199829623,171.0278760001529
6,0,0,0,0,0,0,1,119.07351900299545,132.51043499622028,161.68432400445454,75.16697300889064
1,0,0,0,0,0,0,9122,66.88214499445166,88.89641400310211,222.6944209978683,156.79586099577136
3,0,0,0,0,0,0,1862,65.90452400268987,86.92885699565522,265.91526600532234,172.74276100215502
2,0,0,0,0,0,0,4475,103.67427299206611,143.74574199609924,282.1494430099847,168.96271600853652
3,0,0,0,0,0,0,158,122.00555999879725,168.0909089918714,315.0612669996917,174.70676198718138
1,0,0,0,0,0,0,2186,109.47069800749887,151.16213299916126,291.79073800332844,148.9276409993181
8,0,0,0,1,0,1,110,273.48301399615593,444.1362979996484,604.0069989976473,367.97131900675595
1,0,0,0,0,0,0,3085,102.78053500223905,143.21529198787175,279.61196000978816,149.43609799956903
6,0,0,0,0,0,0,41,74.6872669988079,182.9546999942977,264.18176299193874,87.79073000187054
1,0,0,0,0,0,0,8533,100.79616599250585,137.62179799959995,272.197761994903,156.14734300470445
3,0,0,0,0,0,0,410,128.91994800884277,178.1250399944838,327.12653299677186,169.9736870068591
2,0,0,0,0,0,0,867,117.32867099635769,162.98427199944854,300.49024301115423,152.0317230024375
1,0,0,0,0,0,0,872,111.8042250018334,154.8318519926397,290.3633859968977,146.876743005123
5,0,0,0,0,0,0,2,119.78536499373149,137.75691398768686,159.56035899580456,77.08554599958006
10,0,0,0,2,0,1,10,129.00896300561726,181.0297280026134,368.35670300934,170.60235899407417
28,0,0,0,3,0,1,1,486.35827300313395,462.4224440049147,659.6743279951625,203.9119310065871
4,0,0,0,0,0,0,4,65.24119799723849,110.57307598821353,320.3090500028338,156.77435699035414
1,0,0,0,0,0,0,9230,28.744373004883528,35.51200499350671,103.38561900425702,102.57881700817961
1,0,0,0,0,0,0,8533,99.71033400506712,137.87565600068774,272.7872070099693,155.71373999409843
3,0,0,0,0,0,0,1002,119.81803200615104,153.56510000128765,277.0545430103084,89.31332599604502
3,0,0,0,0,0,0,35,120.86584699864034,168.80687601224054,311.4884759997949,151.95188799407333
1,0,0,0,0,0,0,9122,35.01241499907337,45.01044598873705,113.29900300188456,79.33359200251289
5,0,0,0,0,0,0,53,128.25683799746912,171.71104800945614,325.36797199281864,160.30560700164642
4,0,0,0,0,0,0,383,64.04052399739157,95.19941099279094,322.13275000685826,177.97194099694025
3,0,0,0,0,0,0,588,125.06442199810408,175.20911099563818,320.7338219945086,169.60675599693786
6,0,0,0,1,0,1,132,466.4276260009501,539.0587570000207,525.2527239936171,426.6687540075509
3,0,0,0,0,0,0,473,118.7973280029837,166.78647800290491,312.8766619920498,156.63188499456737
4,0,0,0,1,0,1,80,431.34154900326394,505.48227899707854,552.9058820102364,463.59962300630286
9,0,0,0,2,0,1,6,493.3136619947618,466.09102201182395,529.3736050080042,406.7264909972437
2,0,0,0,0,0,0,3627,62.49005699646659,81.1982960003661,156.52992099057883,99.6296329976758
5,0,0,0,1,0,1,89,392.8153839951847,181.19161999493372,579.2828140110942,177.38960499991663
5,0,0,0,0,0,0,48,122.10715800756589,171.11476400168613,321.1039640009403,158.66166200430598
4,0,0,0,0,0,0,310,63.133602001471445,155.54045500175562,316.916889991262,158.06392900412902
1,0,0,0,0,0,0,8533,98.38122098881286,136.9383650016971,272.01004199741874,154.1850570065435
3,0,0,0,0,0,0,1862,122.29636499250773,172.53229499328882,320.9174829971744,171.69336299411952
3,0,0,0,0,0,0,1484,124.0498050028691,132.13195800199173,246.3719450024655,170.05755499121733
1,0,0,0,0,0,0,4295,55.554538004798815,74.56524200097192,147.94155400886666,95.22417599509936
21,0,0,0,0,0,0,2,143.64272300736047,202.90009399468545,412.08322999591473,196.7203679960221
1,0,0,0,0,0,0,8399,79.31707499665208,106.42556300444994,242.73185699712485,158.49244401033502
33,0,0,0,5,0,1,1,379.10086500050966,356.16738098906353,540.8621840033447,96.39951300050598
3,0,0,0,0,0,0,1448,112.89531500369776,159.22755700012203,304.2414520023158,161.97150299558416
3,0,0,0,0,0,0,527,119.0377519960748,170.41930800769478,317.27029899775516,172.30792899499647
3,0,0,0,1,0,1,1445,269.6488719957415,264.1798539989395,422.8795409871964,351.48375599237625
4,0,0,0,0,0,0,343,62.80522000452038,84.58925299055409,160.77991400379688,79.14016899303533
4,0,0,0,0,0,0,319,116.93378600466531,164.20322599879,308.5365000006277,149.93232498818543
1,0,0,0,0,0,0,9122,66.58317901019473,86.24793199123815,219.90302100311965,158.8109739968786
1,0,0,0,0,0,0,8533,100.31993400480133,138.73294499353506,269.6338440000545,153.3077040076023
1,0,0,0,0,0,0,8399,80.29536499816459,109.12048100726679,225.18798100645654,99.59835100744385
13,0,0,0,2,0,1,1,124.63737399957608,173.60036900208797,358.7835630023619,158.09681499376893
2,0,0,0,0,0,0,1827,109.67945099400822,150.25094999873545,288.88199500215705,151.5584129956551
35,0,0,0,6,0,1,1,381.98263599770144,352.9014919913607,681.1776379909134,193.13966800109483
6,0,0,0,1,0,1,65,391.8129219964612,180.0915839994559,528.8724849961,137.31272899894975
3,0,0,0,0,0,0,527,120.09824499546085,169.18323999561835,311.168957996415,172.3685229953844
2,0,0,0,0,0,0,1827,107.88913098804187,149.48324400756974,290.51757098932285,148.5376369964797
4,0,0,0,0,0,0,68,122.02371400780976,170.7655460049864,317.5486649997765,158.24525700008962
12,0,0,0,2,0,1,1,252.37651201314293,94.87072499177884,416.4146510011051,176.41531499975827
11,0,0,0,0,0,0,1,120.3230779938167,164.1211789974477,332.79062899237033,149.71057799994014
29,0,0,0,5,0,1,1,67.04201899992768,81.60937399952672,212.80923500307836,116.24751098861452
1,0,0,0,0,0,0,9122,67.08196100953501,61.514763001468964,112.91337400325574,80.8240710030077
7,0,0,0,1,0,1,320,471.5725209971424,559.042364009656,526.6749080037698,403.67641900957096
3,0,0,0,0,0,0,285,118.91991599986795,168.9286299952073,309.63252700166777,156.24953400401864
1,0,0,0,0,0,0,8399,78.6760139890248,107.04784801055212,239.9176519975299,157.85879499162547
1,0,0,0,0,0,0,9914,81.21914300136268,111.75426600675564,248.22418700205162,162.50298400700558
1,0,0,0,0,0,0,8399,42.16138200717978,55.08767400169745,147.96572100021876,80.72806600830518
18,0,0,0,3,0,1,1,374.08524700731505,372.47899700014386,527.2335180052323,188.45148300169967
11,0,0,0,2,0,1,1,372.9906209919136,180.56368200632278,582.1085960051278,171.91791099321563
4,0,0,0,1,0,1,94,371.35078400024213,200.15742399846204,552.6377509959275,191.0430610005278
5,0,0,0,1,0,1,1,129.35422999726143,175.70407700259238,329.2146070016315,153.9226909953868
2,0,0,0,0,0,0,3095,111.77637599757873,157.0922579994658,224.02440800215118,109.36956999648828
3,0,0,0,0,0,0,1484,65.31536899274215,87.7863320056349,310.5079829983879,172.85426100715995
30,0,0,0,6,0,1,1,104.86900800606236,171.05282199918292,434.89114799012896,157.68309400300495
2,0,0,0,0,0,0,1827,72.1103160030907,94.02338300424162,306.4650759915821,76.33033300226089
3,0,0,0,0,0,0,473,117.53505500382744,165.0448450091062,296.4746009965893,159.87610300362576
4,0,0,0,0,0,0,408,118.58789699908812,168.27055800240487,314.72520499664824,104.3672579980921
4,0,0,0,0,0,0,102,125.39376299537253,170.7781090080971,325.3415500075789,160.14958800224122
1,0,0,0,0,0,0,8533,97.78693800035398,111.90185300074518,220.91248699871358,154.2379790043924
15,0,0,0,2,0,1,3,124.67740799183957,161.1121780006215,358.40753400407266,147.06141999340616
7,0,0,0,1,0,1,1,366.5535690088291,181.27920999540947,535.9853419940919,174.28800099878572
1,0,0,0,0,0,0,9230,52.883714000927284,68.12008199631236,196.99687699903734,153.45663599146064
49,0,0,0,3,0,1,1,405.2898939989973,411.3910349988146,775.6046280119335,381.55445200391114
2,0,0,0,0,0,0,4804,112.17585499980487,159.04572200088296,297.3156329971971,175.08005099080037
2,0,0,0,0,0,0,3095,112.11876300512813,154.65149699593894,294.411520997528,167.08075199858285
2,0,0,0,0,0,0,3627,73.86581299942918,163.60737600189168,302.9896010120865,168.8010780053446
3,0,0,0,0,0,0,1862,123.57416200393345,173.67617700074334,320.2775710087735,172.0160740078427
3,0,0,0,0,0,0,1484,124.03136100328993,172.42139899462927,320.6196289975196,172.25956699985545
2,0,0,0,0,0,0,1556,111.83335298846941,157.90483599994332,299.08182099461555,156.90934199665207
2,0,0,0,0,0,0,2326,120.40982200414874,169.88270700676367,312.15401498775464,169.15228401194327
2,0,0,0,0,0,0,2326,124.02647199633066,172.97820700332522,315.06920100946445,170.80266799894162
1,0,0,0,0,0,0,9122,66.15434799459763,88.42023799661547,224.04396599449683,158.9178029971663
3,0,0,0,0,0,0,473,119.37950999708846,167.88056699442677,196.63790000777226,80.84026500000618
2,0,0,0,0,0,0,4804,114.60005799017381,158.75338000478223,294.2748380010016,174.9588430102449
4,0,0,0,0,0,0,319,117.29480400390457,162.45902099763043,309.24008900183253,150.03466099733487
16,0,0,0,4,0,1,5,374.6954830130562,190.01660599315073,542.2231599950464,345.35987400158774
3,0,0,0,0,0,0,154,123.70420699880924,171.8381240061717,321.7517949960893,166.48442999576218
21,0,0,0,2,0,1,1,226.92472599737812,232.44592901028227,659.3046479974873,487.1746510034427
26,0,0,0,4,0,1,1,458.87663000030443,442.98646300740074,572.534220002126,219.30794000218157
6,0,0,0,0,0,0,23,121.15408600948285,166.18894900602754,316.2504289939534,150.18789799069054
19,0,0,0,5,0,1,2,391.7785709927557,360.5148269998608,474.22258800361305,94.71548399596941
2,0,0,0,0,0,0,4804,113.648632002878,158.67558600439224,294.251354993321,172.29600899736397
31,0,0,0,4,0,1,1,257.4575170001481,192.5842219934566,417.73089999333024,333.4484429942677
2,0,0,0,0,0,0,2666,101.0843950061826,139.58549899689388,279.1919149894966,159.5318670006236
5,0,0,0,0,0,0,5,121.6283520043362,169.58117199828848,325.56001099874265,158.23384499526583
6,0,0,0,0,0,0,1,128.69489898730535,183.31374200352002,341.9543630006956,171.45042699121404
5,0,0,0,1,0,1,234,130.77355499262922,170.91582500142977,333.91221199417487,159.89145899948198
2,0,0,0,0,0,0,2666,52.88429401116446,101.4573550055502,278.5944010101957,159.6022349986015
4,0,0,0,1,0,1,8,129.54157599597238,178.20169701008126,330.00677000381984,164.2406610044418
2,0,0,0,0,0,0,33,118.60132300353143,165.16498099372257,301.8979969929205,148.43426599691156
1,0,0,0,0,0,0,1901,105.8789860107936,145.96911700209603,284.8492630000692,148.42380200570915
6,0,0,0,0,0,0,10,126.9916919991374,180.5693100031931,333.1992769963108,167.47932700673118
26,0,0,0,2,0,1,1,622.4704080086667,554.6024960058276,678.3881949959323,521.9050000014249
21,0,0,0,3,0,1,1,472.23516400845256,453.41438699688297,587.4491809954634,393.4918120066868
2,0,0,0,0,0,0,281,116.48448099731468,160.71845400438178,299.6932029927848,149.50453401252162
14,0,0,0,3,0,1,9,214.6748090017354,214.20488398871385,275.6561770074768,184.85684099141508
4,0,0,0,0,0,0,29,118.50125600176398,166.20278000482358,310.0682149961358,146.61695099493954
5,0,0,0,0,0,0,195,109.63759900187142,181.5062519890489,339.2401909950422,171.7815750016598
2,0,0,0,0,0,0,2326,120.85671001113951,172.24055800761562,311.5751500008628,171.2204849900445
6,0,0,0,1,0,1,8,69.21486699138768,86.55767299933359,173.43397699005436,81.17141800175887
10,0,0,0,0,0,0,1,118.55294700944796,162.7170519932406,328.55538399599027,149.5776020019548
2,0,0,0,0,0,0,693,113.58797400316689,161.69412899762392,295.82894100167323,151.6101020097267
5,0,0,0,1,0,1,2,372.9168579884572,179.4012379978085,552.9496960079996,172.77792099048384
1,0,0,0,0,0,0,8399,80.09123800729867,107.91141899244394,242.3996610014001,157.02148700074758
13,0,0,0,1,0,1,1,132.15770899842028,185.05580500641372,372.49363999580964,175.40802000439726
4,0,0,0,0,0,0,34,62.817048994475044,82.30672399804462,157.9317040013848,74.88616098999046
1,0,0,0,0,0,0,8533,99.2369829909876,137.48180099355523,269.81465599965304,154.9592460069107
112,0,0,0,10,0,1,1,458.6444209999172,566.5621780062793,972.3554490046808,334.2731609882321
3,0,0,0,0,0,0,650,117.36836899945047,113.2497110083932,156.8707219994394,77.08086899947375
1,0,0,0,0,0,0,9122,49.197689004358836,90.00703699712176,224.69908600032795,158.5899950005114
3,0,0,0,0,0,0,1626,129.13535800180398,180.36752998887096,328.38804500352126,172.00466099893674
6,0,0,0,1,0,1,3,130.88992600387428,179.83032899792306,346.8409939960111,148.76871000160463
14,0,0,0,3,0,1,9,409.98901599959936,393.1369990023086,526.8082989932736,360.7245809980668
7,0,0,0,0,0,0,1,65.53658600023482,86.39389899326488,268.0150989908725,156.9850759988185
4,0,0,0,0,0,0,528,120.64577599812765,171.74573299416807,315.8981010055868,160.18252100911923
143,0,0,0,28,0,1,1,405.0881110015325,185.12572599865962,1064.367469996796,172.08141900482588
10,0,0,0,3,0,1,34,356.29475199675653,186.4517590001924,300.2938040008303,91.82214899919927
4,0,0,0,0,0,0,248,133.51271400460973,181.91723299969453,337.4460790073499,175.55402898869943
57,0,0,0,7,0,1,1,390.52358899789397,186.9362400029786,785.8797180088004,175.54326099343598
5,0,0,0,0,0,0,4,118.05302799621131,161.8709860049421,308.57329499849584,146.1316510103643
6,0,0,0,0,0,0,4,117.94613899837714,161.2751629872946,311.890801996924,145.97571699414402
5,0,0,0,1,0,1,1,62.65659500786569,85.50375100458041,167.09309699945152,79.3793850025395
2,0,0,0,0,0,0,186,119.18096500448883,162.50599100021645,239.54789200797677,148.3523680071812
2,0,0,0,0,0,0,877,123.95061799907126,174.6750599995721,322.87118199747056,165.39384800125845
2,0,0,0,0,0,0,156,117.87998200452421,96.48722200654447,155.29556000547018,78.24117100972217
3,0,0,0,0,0,0,1626,128.34191400907002,182.28365099639632,326.40559900028165,175.3135269973427
9,0,0,0,0,0,0,66,138.18120599898975,195.95944399770815,359.8000579950167,184.02782999328338
39,0,0,0,5,0,1,1,524.9131690070499,517.7401949913474,656.5015719970688,220.49831799813546
3,0,0,0,0,0,0,472,124.49458699848037,176.21140599658247,326.4263739984017,167.03658399637789
5,0,0,0,1,0,1,56,368.5454920050688,194.49558599444572,333.51523900637403,130.54435300000478
6,0,0,0,0,0,0,103,134.8327169980621,191.81097000546288,345.87077400647104,176.79989399039187
1,0,0,0,0,0,0,8533,99.49403700011317,134.4296310126083,167.80757399101276,154.5098470087396
2,0,0,0,0,0,0,709,113.0614909925498,157.15319399896543,222.40903299825732,88.64273600920569
1,0,0,0,0,0,0,9122,66.79896599962376,88.66616799787153,222.96547501173336,157.39124300307594
7,0,0,0,2,0,1,159,130.93641899467912,165.93434099922888,345.57655300886836,174.35807500442024
2,0,0,0,0,0,0,1121,127.57806900481228,175.49320000398438,321.9477870006813,170.92341399984434
3,0,0,0,0,0,0,1862,120.97527099831495,173.0957809922984,320.29945000249427,169.99750900140498
6,0,0,0,1,0,1,71,71.94117300969083,89.87158499076031,243.25233900162857,167.1742550097406
6,0,0,0,0,0,0,1,119.10961399553344,165.02873299759813,314.17742199846543,142.48673699330539
32,0,0,0,3,0,1,1,572.554262005724,532.7612909895834,682.7244640007848,449.7441709972918
7,0,0,0,2,0,1,180,307.3612019943539,322.7424260112457,508.7925179977901,198.14877700991929
11,0,0,0,0,0,0,1,132.389960999717,185.5932699982077,256.0155859973747,87.59944900521077
7,0,0,0,1,0,1,3,381.87392699182965,183.03485799697228,561.2324669928057,175.16353599785361
5,0,0,0,1,0,1,298,173.93111900310032,92.21018600510433,322.22509299754165,185.098067013314
4,0,0,0,1,0,1,408,126.26943401119206,174.69848800101317,322.70924499607645,164.65519698977005
1,0,0,0,0,0,0,9122,35.60242000094149,44.363605993567035,113.20930199872237,80.80883500224445
72,0,0,0,3,0,1,1,650.4500300070504,615.530831986689,509.9464369995985,243.7546220025979
2,0,0,0,0,0,0,348,116.87483100104146,160.80035899358336,303.13572799786925,149.3796239956282
2,0,0,0,0,0,0,3532,108.5873699921649,151.48298699932639,290.62283200619277,168.6062209919328
2,0,0,0,0,0,0,2,117.83304800337646,161.75564999866765,302.9144359898055,145.96861400059424
2,0,0,0,0,0,0,4804,114.30855699290987,160.1761549973162,224.2850089969579,88.4897249925416
2,0,0,0,0,0,0,867,114.90029099513777,82.75768399471417,247.6211110042641,150.02478299720678
3,0,0,0,0,0,0,1484,125.68224199640099,175.4617650003638,323.11997799843084,171.18455900344998
3,0,0,0,0,0,0,1070,66.98465799854603,150.13659099349752,324.7001980053028,168.88354800175875
1,0,0,0,0,0,0,8399,41.82454600231722,55.777092013158835,126.02700600109529,80.13529599702451
4,0,0,0,0,0,0,323,128.60533301136456,182.9615730093792,334.12753099401016,170.93420200399123
4,0,0,0,0,0,0,44,129.49588500487152,179.28394199407194,336.99241900467314,173.05620700062718
2,0,0,0,0,0,0,3532,109.79127300379332,152.38061800482683,293.15469099674374,167.02100000111386
2,0,0,0,0,0,0,2666,100.10547899582889,138.83426600659732,276.7303900036495,158.2119210070232
8,0,0,0,2,0,1,3,393.3907199971145,382.6557170104934,599.6267779992195,187.78470600955188
2,0,0,0,0,0,0,3160,117.20078400685452,163.8640010060044,300.13546400005,153.0818330065813
6,0,0,0,1,0,1,5,129.62050100031774,118.55936099891551,172.2158810007386,82.38683799572755
2,0,0,0,0,0,0,722,123.74347099103034,174.83842000365257,319.9016139988089,171.3431340031093
3,0,0,0,0,0,0,1002,121.62183500186075,170.92389501340222,317.39438499789685,177.88646300323308
116,0,0,0,6,0,1,1,792.325174988946,715.8543929981533,698.3327820053091,373.2637750072172
5,0,0,0,0,0,0,9,124.12755501281936,170.78623099951074,320.3279649897013,157.82106599363033
47,0,0,0,2,0,1,1,771.0025529959239,733.8525199884316,458.07905800757,185.38594199344516
15,0,0,0,3,0,1,1,64.23970399191603,82.41789300518576,227.507545001572,151.45975099585485
1,0,0,0,0,0,0,3085,101.72669000166934,141.44288199895527,278.1923069996992,151.24280299642123
2,0,0,0,0,0,0,4804,112.98105100286193,155.42952499527019,294.9354799930006,171.8891679920489
3,0,0,0,0,0,0,560,124.5224220037926,177.1343650034396,324.53914599318523,171.00381199270487
10,0,0,0,1,0,1,107,123.60269599594176,162.09372501180042,336.75498999946285,154.1315219947137
1,0,0,0,0,0,0,1511,56.451337004546076,75.65034499566536,192.79192500107456,147.50159799586982
16,0,0,0,3,0,1,1,247.22532099985983,423.71400199772324,549.8847529961495,379.4596880034078
6,0,0,0,1,0,1,18,123.42519400408491,168.94418600713834,334.1686909989221,157.5177530030487
11,0,0,0,1,0,1,23,446.38900698919315,526.584171995637,632.9735460021766,525.7580210018205
6,0,0,0,0,0,0,4,130.48067700583488,182.02505999943241,344.9459520052187,172.08049500186462
7,0,0,0,1,0,1,28,131.37943900073878,182.45773400121834,358.0523999989964,176.36784000205807
1,0,0,0,0,0,0,1901,105.03377599525265,149.6602429979248,284.1759720031405,144.833964004647
6,0,0,0,0,0,0,271,91.77490299043711,89.62738700211048,167.38625599828083,93.55834100279026
3,0,0,0,0,0,0,1862,66.04457700450439,160.7581550051691,316.32639600138646,169.99557099188678
3,0,0,0,0,0,0,1002,119.35887800063938,169.10089198790956,315.3425909986254,176.98802299855743
1,0,0,0,0,0,0,9914,80.42920300795231,108.83120400831103,244.29791800503153,158.93678899738006
1,0,0,0,0,0,0,9122,66.75353700120468,88.49096599442419,217.87310199579224,156.83190600248054
7,0,0,0,0,0,0,2,129.9554869910935,180.98750000353903,343.63192098680884,139.71658700029366
3,0,0,0,0,0,0,1484,65.95340499188751,89.82511800422799,166.54233900771942,112.86942799051758
2,0,0,0,0,0,0,536,116.65707800420932,163.69292899616994,306.13996399915777,153.30004700808786
3,0,0,0,0,0,0,588,122.4204739992274,175.88789999717847,319.620150999981,168.7383059907006
1,0,0,0,0,0,0,9230,52.69038300320972,68.38414300000295,199.24765400355682,151.37260299525224
4,0,0,0,0,0,0,384,128.84992601175327,183.00046000513248,331.937408001977,170.4679880058393
5,0,0,0,0,0,0,46,64.59415999415796,86.45963900198694,165.94354499829933,81.9605739961844
8,0,0,0,0,0,0,1,121.33625301066786,168.76729999785312,330.6577909970656,156.96650900645182
5,0,0,0,1,0,1,31,133.97106699994765,186.73883299925365,347.5994320033351,171.59220601024572
3,0,0,0,0,0,0,331,117.7352890081238,164.66720998869278,309.16210100986063,150.07115999469534
10,0,0,0,1,0,1,107,63.397033998626284,81.23924900428392,215.7900409947615,149.1111909999745
10,0,0,0,3,0,1,45,359.57910200522747,335.9532119939104,556.2455449980916,191.9600069959415
6,0,0,0,1,0,1,10,143.4373709926149,183.93037100031506,347.8081089997431,167.4214619997656
2,0,0,0,0,0,0,877,123.71305900160223,175.47902499791235,316.0197569959564,169.6979099942837
4,0,0,0,1,0,1,408,124.13018099323381,174.049503999413,324.2142560047796,136.3527960056672
3,0,0,0,0,0,0,86,134.11132199689746,185.1230320025934,336.36812200711574,172.57315099413972
6,0,0,0,1,0,1,95,123.86265600798652,169.8913449945394,332.7789089962607,158.1882409955142
106,0,0,0,5,0,1,1,564.520956002525,536.16128199792,650.63788399857,184.69436399755068
2,0,0,0,0,0,0,2326,119.95011199906003,168.6361619940726,313.29137401189655,171.8291380093433
2,0,0,0,0,0,0,4804,112.90331299824174,158.18854699318763,294.8492840077961,175.08877199725248
47,0,0,0,10,0,1,1,129.59551499807276,177.42973800341133,516.2367559969425,165.4810570034897
1,0,0,0,0,0,0,8533,97.99458799534477,136.07108300493564,271.2936640018597,155.99741500045639
2,0,0,0,0,0,0,186,93.83918400271796,110.36924200016074,153.63230100774672,74.36911400873214
4,0,0,0,1,0,1,236,125.02708699321374,172.7904489962384,319.8499570135027,164.4914110074751
2,0,0,0,0,0,0,1340,115.30077600036748,159.56880399608053,301.44245400151704,165.15146200254094
24,0,0,0,2,0,1,1,598.2366609969176,347.46048200759105,730.0016709923511,546.9919220049633
7,0,0,0,0,0,0,7,69.47576400125399,94.01013000751846,181.33283899805974,90.59961000457406
1,0,0,0,0,0,0,9122,65.5970430088928,87.23327900224831,217.46209400589578,156.7891779995989
12,0,0,0,1,0,1,39,549.1902369976742,199.05170799756888,600.7743230002234,184.50147699331865
8,0,0,0,1,0,1,3,121.44708700361662,169.00273600185756,336.4952519914368,157.08762701251544
6,0,0,0,0,0,0,15,118.49982201238163,163.18001500621904,315.61588899057824,152.7476769988425
8,0,0,0,0,0,0,1,119.51040501298849,164.69296300783753,321.36137699126266,150.0727230013581
4,0,0,0,1,0,1,99,136.00716200016905,186.36709000566043,337.41988000110723,177.61142599920277
10,0,0,0,2,0,1,61,447.87692099635024,425.8549999940442,378.1645820126869,211.89199399668723
1,0,0,0,0,0,0,9230,52.86095499468502,68.06294599664398,196.96505898900796,84.94676700502168
1,0,0,0,0,0,0,8399,80.13175698579289,106.49657400790602,239.59980500512756,157.53927300102077
9,0,0,0,2,0,1,1,138.38342000963166,178.14473700127564,357.3551549925469,169.18845899635926
26,0,0,0,5,0,1,1,397.68192599876784,376.93944899365306,651.8263689940795,199.0853900060756
5,0,0,0,1,0,1,138,123.66986699635163,169.38209399813786,330.14895700034685,159.3550110119395
4,0,0,0,1,0,1,8,127.50884299748577,174.37732800317463,174.81903900625184,83.81789199484047
2,0,0,0,0,0,0,53,122.84291299874894,130.44602099398617,257.82671601336915,152.81335399777163
4,0,0,0,0,0,0,103,130.30444299511146,179.94900299527217,336.1867950006854,168.54822500317823
1,0,0,0,0,0,0,8533,98.38466600922402,135.2995130000636,271.0568929906003,155.75185700436123
5,0,0,0,1,0,1,19,130.73646799603011,179.53020399727393,345.35379300359637,147.41544400749262
3,0,0,0,0,0,0,285,107.34994101221673,169.88462599692866,314.53199200041126,156.06413999921642
2,0,0,0,0,0,0,1340,113.49066799448337,159.29420999600552,301.1214469879633,168.46417399938218
5,0,0,0,0,0,0,2,117.7697989915032,166.3235450105276,311.28176000493113,145.8903860038845
12,0,0,0,0,0,0,1,64.4090489950031,89.29826499661431,172.23496799124405,80.48401899577584
8,0,0,0,0,0,0,1,121.13280199992005,169.68709199863952,324.5840759918792,153.2824960013386
11,0,0,0,1,0,1,1,72.31925899395719,156.1085899884347,353.35525099071674,165.50538699084427
69,0,0,0,12,0,1,1,137.13722799730022,135.7757810037583,519.5164519973332,170.02295899146702
3,0,0,0,0,0,0,527,119.46934099250939,167.18482699070591,313.9971749915276,94.66104200691916
5,0,0,0,0,0,0,84,128.07873899873812,179.77190201054327,335.0207620096626,169.97592800180428
10,0,0,0,0,0,0,3,123.17882299248595,170.76635200646706,330.9252160106553,157.05773499212228
3,0,0,0,0,0,0,1484,126.0706479952205,174.22418099886272,326.1915549956029,169.81626400956884
10,0,0,0,1,0,1,1,119.81170700164512,163.6942120094318,334.6622609969927,149.5372669887729
1,0,0,0,0,0,0,9914,80.58957799221389,87.79003100062255,218.36610499303788,160.42533799191006
8,0,0,0,0,0,0,1,122.00214600306936,172.27907899359707,333.39059200079646,158.77432200068142
3,0,0,0,1,0,1,1445,264.71213198965415,324.8097719915677,428.238087988575,353.2953670073766
9,0,0,0,0,0,0,1,79.48963000671938,176.36489700817037,338.3427020016825,165.57868100062478
58,0,0,0,12,0,1,1,127.84835400816519,175.53339499863796,365.4697840102017,140.39779599988833
2,0,0,0,0,0,0,1827,108.49544800294098,152.48086799692828,286.38264699839056,97.77926500828471
5,0,0,0,1,0,1,1,122.60428600711748,168.06538299715612,329.2484199919272,156.54064499540254
4,0,0,0,0,0,0,337,128.57400400389452,130.4153430100996,336.83864600607194,171.57698899973184
2,0,0,0,0,0,0,140,119.16079599177465,170.98424899450038,305.9660930011887,151.9143960031215
1,0,0,0,0,0,0,1901,105.88292700413149,145.28422299190424,282.7704259980237,146.56865999859292
1,0,0,0,0,0,0,9914,81.49375100038014,110.58764799963683,244.77662499703,159.71191800781526
3,0,0,0,0,0,0,184,123.01297800149769,169.46140400250442,318.74381098896265,160.33910799887963
3,0,0,0,0,0,0,192,64.37137699685991,97.98312898783479,312.98333100858144,81.90625900169834
7,0,0,0,0,0,0,1,118.31227199581917,166.03957800543867,316.9466989929788,148.62549099780153
1,0,0,0,0,0,0,8399,79.82547399296891,106.92489599750843,242.0324730046559,157.83290199760813
1,0,0,0,0,0,0,606,110.56884600839112,155.1792879909044,294.3590450013289,147.3604220082052
8,0,0,0,1,0,1,1,123.53497400181368,172.6563010015525,339.6262150054099,160.5239049968077
1,0,0,0,0,0,0,8533,98.59914699336514,137.5677949981764,276.32366500620265,154.83975200913846
2,0,0,0,0,0,0,4804,59.294072998454794,78.80041700263973,263.3082789980108,175.9472160047153
3,0,0,0,0,0,0,39,130.02807401062455,179.1234130068915,330.095090001123,168.63814899988938
7,0,0,0,1,0,1,3,380.05841700942256,184.5423980121268,566.6736639977898,175.5921860021772
19,0,0,0,2,0,1,3,444.45679600175936,418.0516789929243,512.5435749941971,529.7439779969864
1,0,0,0,0,0,0,1901,104.85594700730871,147.6042019930901,287.30236399860587,147.84035499906167
7,0,0,0,0,0,0,1,64.63232000533026,86.66533100767992,304.12331099796575,158.56651699868962
2,0,0,0,0,0,0,156,121.57477799337357,162.83566599304322,303.15705300017726,147.68990299489815
5,0,0,0,1,0,1,298,309.39451899030246,106.5356679901015,501.74850299663376,183.12959700415377
1,0,0,0,0,0,0,1901,106.76789699937217,148.47978399484418,287.76191899669357,146.85258700046688
2,0,0,0,0,0,0,1320,118.21881801006384,167.06361099204514,301.1717400077032,156.61321798688732
2,0,0,0,0,0,0,3627,115.71383399132174,162.49326700926758,304.0590720047476,168.80740500346292
1,0,0,0,0,0,0,8533,98.3456859976286,137.15120901179034,276.00250601244625,154.21502100070938
3,0,0,0,0,0,0,602,125.49882600433193,177.8838970058132,331.18292900326196,169.13843899965286
5,0,0,0,1,0,1,24,369.2366719915299,191.05576899892185,553.245811999659,186.29294401034713
1,0,0,0,0,0,0,8533,98.78870399552397,135.03478199709207,273.86890500201844,119.49728899344336
3,0,0,0,0,0,0,1484,124.74882400420029,174.10015300265513,319.0033150021918,172.37270700570662
16,0,0,0,1,0,1,21,415.2900510089239,312.3503339884337,621.1292929947376,506.1080530140316
2,0,0,0,0,0,0,693,113.6917080002604,161.89005499472842,296.73464699590113,152.59419399080798
1,0,0,0,0,0,0,9230,54.04223999357782,69.36279800720513,199.13502199051436,152.1276540006511
3,0,0,0,0,0,0,473,120.0763789966004,169.23045300063677,313.64021700574085,155.46234299836215
9,0,0,0,1,0,1,233,421.9734350044746,391.55708100588527,355.474388008588,378.01433699496556
5,0,0,0,0,0,0,75,123.96345500019379,172.65054599556606,326.2629810051294,163.44743101217318
3,0,0,0,0,0,0,101,123.383742000442,171.5790599992033,319.79674399190117,157.87850799097214
4,0,0,0,1,0,1,176,134.27238499571104,185.55506299890112,335.5432560056215,180.2826930070296
66,0,0,0,4,0,1,1,379.38997300807387,485.1898689958034,837.8115789964795,382.65837500512134
3,0,0,0,0,0,0,1070,125.63056399812922,182.4271519872127,329.5226000045659,169.48419698746875
3,0,0,0,0,0,0,1484,67.48445700213779,172.07912499725353,322.5772040023003,168.7676220026333
6,0,0,0,2,0,1,316,313.1622939981753,311.8963849992724,489.0606260014465,289.65141299704555
2,0,0,0,0,0,0,1486,59.738583004218526,81.35954500176013,190.99641000502743,151.90614700259175
15,0,0,0,2,0,1,2,296.924869006034,351.04026400949806,591.2950450001517,191.6441010107519
78,0,0,0,13,0,1,1,133.6246519931592,186.47100200178102,630.3759480069857,174.20899399439804
2,0,0,0,0,0,0,1998,109.36171699722763,151.591615009238,293.75690399319865,175.08983699372038
2,0,0,0,0,0,0,867,116.64482099877205,85.02027200302109,196.14612699660938,150.63213600660674
2,0,0,0,0,0,0,1556,113.3355810015928,159.46845499274787,300.6136879994301,157.27969599538483
4,0,0,0,0,0,0,84,61.324227004661225,83.06056400761008,160.1886749995174,75.40347499889322
5,0,0,0,1,0,1,1,104.94279500562698,174.0314170019701,328.86672001041006,155.8644400065532
1,0,0,0,0,0,0,9122,35.034672007896006,45.126937999157235,134.86837199889123,157.39769100036938
3,0,0,0,0,0,0,681,125.66532699565869,178.57685798662715,328.26399299665354,169.71455300517846
115,0,0,0,6,0,1,1,779.5816139987437,758.7247039919021,608.1111200037412,141.0438800085103
9,0,0,0,1,0,1,1,128.4274179924978,172.7491000056034,345.09464500297327,160.16762099752668
2,0,0,0,0,0,0,3095,112.73783899378031,156.20372899866197,298.01013199903537,141.43650500045624
2,0,0,0,0,0,0,73,123.1687219988089,98.1696800008649,161.91171400714666,80.3302040003473
7,0,0,0,1,0,1,4,374.1700410027988,184.9099590035621,567.4373529909644,174.31696499988902
14,0,0,0,0,0,0,4,120.23432800197043,165.91158900700975,342.1169629873475,150.73322001262568
3,0,0,0,1,0,1,1479,334.46546700724866,407.8876759886043,519.9731390021043,445.0475499907043
7,0,0,0,1,0,1,3,67.00806799926795,88.07273700949736,199.30080900667235,155.72865099238697
8,0,0,0,1,0,1,300,502.42037199495826,585.8480399911059,581.5605289972154,486.55182600487024
9,0,0,0,2,0,1,9,374.38168900553137,185.0653279980179,412.8774010023335,132.65794100880157
10,0,0,0,2,0,1,17,434.4838859979063,419.45397399831563,545.9833869972499,413.42334100045264
7,0,0,0,0,0,0,6,82.06857299956027,114.0659049997339,329.17868200456724,157.19126698968466
7,0,0,0,0,0,0,1,122.61736000073142,168.5730129975127,326.2150369992014,155.84941000270192
14,0,0,0,1,0,1,1,96.77690301032271,83.6003729928052,178.51076999795623,78.04644000134431
98,0,0,0,7,0,1,1,556.0903649893589,553.7621999974363,877.8568410052685,376.2137060111854
9,0,0,0,2,0,1,9,375.77596699702553,183.39559799642302,583.0341349937953,174.92093000328168
4,0,0,0,1,0,1,290,129.46939399989787,182.32009900384583,333.1803789915284,115.60226400615647
5,0,0,0,0,0,0,106,122.48276200261898,169.40243099816144,322.48678398900665,144.11202000337653
12,0,0,0,2,0,1,17,505.454957994516,488.66917299164925,587.2270709951408,449.26033000228927
1,0,0,0,0,0,0,8533,99.832049003453,136.38603000435978,272.95812701049726,156.20569098973647
97,0,0,0,8,0,1,1,509.02696199773345,392.85053199273534,865.3669490013272,341.04579100676347
3,0,0,0,0,0,0,1626,66.88666000263765,90.0865529984003,167.2112219966948,88.46948901191354
232,0,0,0,12,0,1,1,550.0751130020944,375.6103639898356,1184.4037449918687,293.7431570026092
8,0,0,0,1,0,1,110,396.72440600406844,477.8523200075142,615.4042900016066,509.1696509916801
11,0,0,0,1,0,1,1,63.96327099355403,82.87735299381893,173.47104799409863,78.67539100698195
7,0,0,0,1,0,1,7,122.04827299865428,166.6640179901151,329.58962400152814,149.9477030010894
4,0,0,0,1,0,1,455,374.4352630019421,190.0728530017659,557.8407320135739,184.607210001559
2,0,0,0,0,0,0,72,122.97610100358725,163.76135000609793,268.97227999870665,150.6991820060648
19,0,0,0,4,0,1,1,413.2760079955915,383.5944440070307,284.39920699747745,175.10244000004604
1,0,0,0,0,0,0,9122,67.96862700139172,88.46434800943825,221.91564500099048,157.3134930076776
19,0,0,0,2,0,1,3,615.1321320066927,578.1980399915483,699.2988030106062,533.7216070038266
3,0,0,0,1,0,1,1445,270.56270200409926,327.26872999046464,424.78661000495777,351.56200799974613
47,0,0,0,8,0,1,1,396.057619000203,374.7581909992732,730.695502992603,200.48611699894536
29,0,0,0,2,0,1,1,485.15329899964854,627.2035389993107,631.3555939996149,454.595937000704
3,0,0,0,0,0,0,342,61.72104699362535,83.31590400484856,156.1202580051031,76.09153199882712
21,0,0,0,5,0,1,1,134.3326269998215,180.7687190012075,421.38972600514535,167.24943999724928
3,0,0,0,0,0,0,1448,114.12320801173337,160.97456798888743,304.59302199597005,161.16088400303852
6,0,0,0,1,0,1,17,131.7703600070672,176.05013400316238,335.98184799484443,155.82070300297346
2,0,0,0,0,0,0,4475,55.08222500793636,73.68290799786337,145.09885500592645,86.9717819878133
7,0,0,0,1,0,1,144,495.9543260047212,578.3246770006372,559.6063169941772,464.80563200020697
16,0,0,0,1,0,1,1,134.8693799955072,189.7292780049611,383.6242660036078,176.31730998982675
34,0,0,0,9,0,1,1,126.71251699794084,179.4569909980055,472.4324439885095,165.43128200282808
11,0,0,0,0,0,0,1,131.29141001263633,183.104445997742,354.8366479953984,168.74453199852724
7,0,0,0,0,0,0,1,130.76802699652035,184.88067999714985,342.35654200892895,169.87587700714357
1,0,0,0,0,0,0,44,60.843955987365916,82.77261001057923,153.60642899759114,87.90476300055161
3,0,0,0,0,0,0,489,119.69559099816252,168.76809200039133,313.191604000167,153.71675799542572
1,0,0,0,0,0,0,9122,66.5508759993827,88.03142599936109,218.96368499437813,157.7875189977931
3,0,0,0,1,0,1,1445,267.01385399792343,327.09953300945926,430.9004740061937,362.2552909946535
1,0,0,0,0,0,0,9914,81.63140701071825,107.99717099871486,245.2827469969634,159.53115400043316
3,0,0,0,0,0,0,5,118.9004140032921,167.04953099542763,305.8693310013041,147.8409429983003
4,0,0,0,0,0,0,408,122.88174500281457,168.1705490045715,318.31440501264296,159.24526400340255
26,0,0,0,8,0,1,1,278.09011199860834,194.37236699741334,354.201259004185,103.7724219931988
2,0,0,0,0,0,0,3160,116.96898398804478,165.36041100334842,301.970787011669,152.9172610025853
8,0,0,0,0,0,0,4,129.67917199421208,184.1097870055819,347.5268650072394,170.5567799945129
1,0,0,0,0,0,0,9230,53.033934003906325,67.46562299667858,198.67610500659794,151.76849099225365
1,0,0,0,0,0,0,8533,98.09436398791149,134.55481200071517,272.48256000166293,158.73786799784284
1,0,0,0,0,0,0,8399,78.93915200838819,106.25062799954321,239.96142100077122,155.5008569994243
4,0,0,0,0,0,0,51,117.39284999202937,164.54814799362794,310.13812700985,149.14416200190317
2,0,0,0,0,0,0,3,67.38574200426228,90.5280400038464,319.77668599574827,163.19810900313314
5,0,0,0,1,0,1,2,373.120680989814,92.27661599288695,298.4331040061079,89.42841399402823
68,0,0,0,4,0,1,1,799.0709529985907,751.8114090053132,684.1057590063429,375.10265299351886
3,0,0,0,0,0,0,208,118.14325700106565,164.17262000322808,303.95126600342337,148.02552400215063
6,0,0,0,1,0,1,77,455.61350299976766,540.6442719977349,560.6112599925837,471.7947820026893
1,0,0,0,0,0,0,303,114.26137198577635,155.98422799666878,296.82856299041305,146.14906899805646
4,0,0,0,0,0,0,7,124.7727890004171,176.85374899883755,331.4578179997625,164.98224600218236
1,0,0,0,0,0,0,9230,54.69030200038105,69.28715499816462,202.42384998709895,153.928094994626
5,0,0,0,0,0,0,4,127.09772400557995,179.07268799899612,333.83579598739743,170.22583400830626
2,0,0,0,0,0,0,3532,110.08706499706022,160.21958999044728,292.99772798549384,172.87973400379997
7,0,0,0,0,0,0,1,73.25262599624693,93.53646000090521,218.41368099558167,173.78495099546853
11,0,0,0,2,0,1,7,126.60986099217553,168.68812098982744,237.79034600011073,76.11592499597464
3,0,0,0,0,0,0,685,126.42172299092636,179.22165799245704,286.89275999204256,171.55891400761902
2,0,0,0,0,0,0,3627,60.80182299774606,82.08528399700299,240.92246299551334,167.24222799530253
1,0,0,0,0,0,0,9122,66.41466899600346,88.55345100164413,221.798533006222,161.7196590086678
4,0,0,0,1,0,1,405,132.6390300091589,180.07369099359494,332.18265800678637,172.95070098771248
11,0,0,0,0,0,0,1,125.26977100060321,169.48508498899173,338.4987580066081,159.6598640026059
4,0,0,0,0,0,0,16,66.90505601000041,88.74661500158254,308.87970799813047,166.5649780043168
6,0,0,0,2,0,1,316,311.5292450092966,312.44158900517505,488.9468589972239,352.7834419946885
3,0,0,0,0,0,0,1070,129.25146199995652,178.03999400348403,328.23045800614636,168.73939300421625
24,0,0,0,4,0,1,1,363.92412199347746,449.4027999899117,642.8990169952158,220.28317500371486
19,0,0,0,2,0,1,1,448.800405007205,443.6418830009643,603.4510460012825,204.66543899965473
6,0,0,0,1,0,1,77,294.15536200394854,271.71167099731974,291.2628399935784,243.31117200199515
1,0,0,0,0,0,0,8399,80.96987799217459,107.83401000662707,240.6244480080204,156.9150580035057
2,0,0,0,0,0,0,8,121.7150269949343,164.2962570040254,307.0778510009404,149.2407970072236
43,0,0,0,4,0,1,1,461.96763499756344,442.37439600692596,700.0838539970573,396.3956460065674
5,0,0,0,0,0,0,72,117.31230501027312,165.37451300246175,191.25107399304397,77.48260200605728
7,0,0,0,1,0,1,1,142.38527900306508,185.21126599807758,340.22801199171226,169.24099400057457
5,0,0,0,1,0,1,2,368.0939949990716,178.2394110050518,555.168267004774,172.44988700258546
10,0,0,0,2,0,1,33,66.04611799411941,95.35068499098998,348.77171299012844,151.40700999472756
3,0,0,0,0,0,0,1448,113.87283400108572,160.82079500483815,299.89266200573184,156.5586649958277
1,0,0,0,0,0,0,8533,53.454726992640644,99.705360000371,272.87450700532645,156.28749100142159
2,0,0,0,0,0,0,4475,107.05835500266403,144.87866598938126,285.2646149985958,170.6590289977612
4,0,0,0,0,0,0,52,125.76134200207889,171.3117049948778,314.01024499791674,151.11025799706113
1,0,0,0,0,0,0,8399,78.5756230034167,104.9890140129719,180.8679910027422,81.34549998794682
1,0,0,0,0,0,0,9122,65.44093100819737,85.698966999189,221.05004399782047,158.102362009231
3,0,0,0,0,0,0,345,129.944593005348,179.2947639914928,329.35277999786194,169.7291070013307
1,0,0,0,0,0,0,9230,53.95200500788633,69.02178000018466,117.71464800403919,121.1039940098999
71,0,0,0,6,0,1,1,552.0085419993848,307.10340100631583,497.6757480035303,276.8615020031575
3,0,0,0,0,0,0,521,114.15257600310724,163.12668900354765,302.2409239929402,148.2760109938681
3,0,0,0,0,0,0,1484,65.77864299470093,175.9151050064247,324.69128200318664,173.96238699438982
17,0,0,0,2,0,1,1,676.6892040031962,632.3268889973406,715.0855729996692,564.965645011398
3,0,0,0,0,0,0,1626,127.41289999394212,184.36392799776513,328.35827699454967,176.92891600017902
2,0,0,0,0,0,0,78,116.63294899335597,164.98675600450952,301.61827300617006,145.01625500270166
4,0,0,0,0,0,0,326,128.98706299893092,179.45501899521332,333.5908469889546,170.69379999884404
1,0,0,0,0,0,0,8533,97.86903100030031,138.14370401087217,274.2576070013456,158.62318199651781
23,0,0,0,7,0,1,1,404.5529859868111,386.58701500389725,664.9266669992357,219.4507359963609
7,0,0,0,0,0,0,17,129.34444501297548,181.44690799817909,264.30936899851076,162.58537299290765
6,0,0,0,0,0,0,20,121.7199230013648,168.17229600565042,256.2375069974223,81.19946600345429
3,0,0,0,0,0,0,1484,111.63182799646165,87.29142000083812,311.791768996045,171.40481699607335
4,0,0,0,0,0,0,50,124.41427000158001,173.47092200361658,320.15864200366195,156.3688950118376
2,0,0,0,0,0,0,3627,59.87979999918025,80.96960900002159,154.23887901124544,86.89855599368457
28,0,0,0,1,0,1,12,692.057542008115,775.4479159921175,374.23179000325035,133.45201400807127
30,0,0,0,2,0,1,1,692.202186997747,651.0221549979178,586.6484470025171,420.54877599002793
704,0,0,0,141,0,1,1,145.5132639966905,175.61468199710362,3235.6722969998373,167.4457790068118
3,0,0,0,0,0,0,184,122.64427199261263,171.65103100705892,313.55576901114546,156.08613699441776
14,0,0,0,0,0,0,1,128.6935720127076,176.83226200460922,356.974727998022,171.33116199693177
13,0,0,0,3,0,1,4,155.6144609930925,188.66572399565484,398.21957699314225,169.386180001311
15,0,0,0,1,0,1,80,380.2529310050886,612.4240500066662,666.5928040019935,374.8450970015256
7,0,0,0,0,0,0,2,122.20526199962478,174.22245399211533,329.5673000102397,157.79633799684234
8,0,0,0,0,0,0,1,116.80481799703557,151.3895690004574,332.34343500225805,158.69847500289325
1,0,0,0,0,0,0,9122,67.12559900188353,87.97291500377469,223.4859339951072,156.77893901010975
102,0,0,0,18,0,1,1,134.7625920025166,181.40143500932027,735.4152129992144,171.78607400273904
3,0,0,0,0,0,0,55,126.98838399956003,173.04807099571917,317.8232069913065,153.61063199816272
452,0,0,0,83,0,1,1,149.09559198713396,187.4038730020402,1459.8265270033153,92.49930399528239
2,0,0,0,0,0,0,2666,98.29141799127683,138.91834601236042,273.4981579997111,156.15003199491184
6,0,0,0,1,0,1,5,142.63981400290504,179.45080700155813,349.095194003894,125.80804199387785
1,0,0,0,0,0,0,9914,82.63551400159486,111.13407599623315,206.53081199270673,81.40704900142737
66,0,0,0,9,0,1,1,106.14930499286857,181.84216000372544,576.4545120036928,169.1788030002499
7,0,0,0,1,0,1,1,121.57259800005704,167.3013060062658,207.00963100534864,79.73697100533172
3,0,0,0,0,0,0,270,117.27647099178284,163.18911299458705,305.8508630056167,149.0449140110286
1,0,0,0,0,0,0,9122,65.4188839980634,86.15180899505503,219.65718000137713,117.49475300894119
2,0,0,0,0,0,0,4804,113.6465129966382,154.61404201050755,295.7792899978813,173.42590999032836
3,0,0,0,0,0,0,1626,107.79154399642721,177.03416099539027,322.0199179922929,170.97999900579453
1,0,0,0,0,0,0,9230,53.19866701029241,68.19966800685506,197.5879370002076,152.20997300639283
1,0,0,0,0,0,0,8399,41.55147999699693,53.86863699823152,124.77456498891115,90.82058900094125
1,0,0,0,0,0,0,8399,78.1165049993433,107.27356300048996,242.17487900750712,156.0315529932268
2,0,0,0,0,0,0,3532,84.26109800348058,76.70811499701813,150.16239599208347,86.36759499495383
2,0,0,0,0,0,0,1607,116.73220900411252,158.16629500477575,301.9959710072726,161.00704300333746
1,0,0,0,0,0,0,849,113.33945899968967,160.0784769980237,294.1850589995738,146.51041899924167
38,0,0,0,2,0,1,13,632.2036430065054,500.9758240048541,591.2453960045241,396.18163400155026
13,0,0,0,3,0,1,11,397.19619999232236,387.31119300064165,525.8596049970947,367.2525420115562
4,0,0,0,1,0,1,71,370.47875800635666,179.08185999840498,555.821941990871,106.75711199291982
1,0,0,0,0,0,0,3085,102.0903989992803,143.58346599328797,274.3250040075509,147.42719299101736
12,0,0,0,1,0,1,1,130.54044199816417,179.2389870097395,347.32533201167826,159.61645399511326
2,0,0,0,0,0,0,2666,99.6824989997549,137.7470790030202,277.55916900059674,158.97474199300632
2,0,0,0,0,0,0,4804,89.01857100136112,156.56549800769426,155.08138500445057,122.0434309943812
14,0,0,0,2,0,1,9,621.5613120002672,589.2659460077994,622.37903100322,383.8028130121529
1,0,0,0,0,0,0,8533,93.02494600706268,137.38948799436912,268.9784980029799,151.92255900183227
3,0,0,0,0,0,0,1,119.06502400233876,161.82956600096077,305.3969890024746,145.73526100139134
2,0,0,0,0,0,0,4804,113.15674800425768,155.53254800033756,298.83888400217984,172.47221899742726
1,0,0,0,0,0,0,8399,42.13283500575926,54.040489994804375,122.57096699613612,78.58574000420049
2,0,0,0,0,0,0,4475,106.04691899789032,146.3380729983328,282.03020700311754,169.10410500713624
3,0,0,0,0,0,0,1626,127.92144599370658,181.9335489999503,331.9817489973502,173.40959199646022
4,0,0,0,0,0,0,384,127.59416300104931,180.8182460081298,332.37321200431325,169.7486789926188
1,0,0,0,0,0,0,9122,35.04865101422183,44.610463999561034,112.02291899826378,117.31437500566244
4,0,0,0,1,0,1,461,304.3565890111495,173.08412099373527,467.1285250078654,188.70993400923908
1,0,0,0,0,0,0,8533,99.29808600281831,136.97660800244194,269.9016219994519,83.03596900077537
3,0,0,0,0,0,0,169,119.13061198720243,167.37765999278054,310.67276099929586,159.0950499958126
1,0,0,0,0,0,0,8399,79.32178500050213,106.58727900590748,238.97554699215107,155.97161199548282
1,0,0,0,0,0,0,8533,99.47653600829653,135.29607199598104,232.94147399428766,81.54922699031886
1,0,0,0,0,0,0,9230,28.551347990287468,35.86356699815951,103.35099899384659,77.71959999809042
3,0,0,0,0,0,0,285,71.37276598950848,136.79089599463623,312.48615199001506,159.2415369959781
5,0,0,0,1,0,1,2,367.7436740108533,180.66687999817077,555.2450590039371,172.93033299210947
4,0,0,0,1,0,1,375,120.64632499823347,165.01262001111172,313.92125999263953,173.45669900532812
1,0,0,0,0,0,0,9914,82.96447699831333,111.90388600516599,248.69843499618582,160.95856699394062
4,0,0,0,0,0,0,52,95.41355200053658,171.29892800585367,316.47557399992365,152.3104040097678
2,0,0,0,0,0,0,1340,117.56122099177446,162.33035699406173,303.75669299974106,170.40664498927072
9,0,0,0,1,0,1,2,128.71610801084898,178.68108200491406,352.2744100046111,166.614354995545
1,0,0,0,0,0,0,3085,101.48949400172569,103.63728599622846,142.81006700184662,76.5554839890683
1,0,0,0,0,0,0,1511,57.29938400327228,76.87273899500724,210.5512650014134,147.5659940042533
1,0,0,0,0,0,0,1511,109.35315101232845,152.4032140005147,286.6792510030791,149.1698910103878
1,0,0,0,0,0,0,1901,104.76618701068219,148.69302399165463,282.7274099981878,148.9966560038738
3,0,0,0,1,0,1,1445,266.82984399667475,327.3631150077563,425.2647009998327,344.03644599660765
7,0,0,0,0,0,0,1,128.721906003193,180.97689500427805,344.6019100083504,171.23023699969053
32,0,0,0,3,0,1,1,542.0857549906941,505.55895100114867,673.7540979956975,436.64949999947567
7,0,0,0,1,0,1,1,130.1215239946032,169.39142199407797,332.8119570069248,158.95122800429817
11,0,0,0,2,0,1,1,142.81794799899217,180.0095409998903,363.1729530025041,166.73373899539
15,0,0,0,2,0,1,1,487.5269100011792,469.340490992181,591.9500259915367,205.64180599467363
16,0,0,0,1,0,1,1,127.91506698704325,176.25328600115608,372.9380709992256,165.68470699712634
5,0,0,0,0,0,0,17,121.44110799999908,170.068507999531,327.3423479986377,157.64499601209536
2,0,0,0,0,0,0,4804,58.88669400883373,80.02198599569965,154.43018000223674,147.76646099926438
26,0,0,0,5,0,1,1,190.42583501141053,105.61281901027542,513.1137520074844,178.5115350066917
2,0,0,0,0,0,0,100,120.86500100849662,138.94452300155535,184.1087650100235,156.04210300080013
10,0,0,0,1,0,1,1,133.07220400020014,184.44550401181914,320.73977901018225,88.10743900539819
4,0,0,0,0,0,0,91,120.92628100072034,152.06835100252647,248.9886929979548,159.49674499279354
5,0,0,0,1,0,1,11,140.38224500836805,183.92144299286883,347.04378800233826,173.25847000756767
2,0,0,0,0,0,0,3532,58.067468999070115,77.54843699513003,151.62078899447806,86.89854700060096
3,0,0,0,0,0,0,331,115.32996199093759,165.91085599793587,304.102617999888,150.50835801230278
4,0,0,0,1,0,1,405,131.57331600086764,183.04067800636403,336.7745439900318,171.99076800898183
8,0,0,0,1,0,1,1,434.7371780022513,151.15432599850465,294.39900199940894,89.14766099769622
14,0,0,0,2,0,1,9,128.66031599696726,175.79826099972706,371.6355560027296,165.15788600372616
1,0,0,0,0,0,0,9122,54.9639179953374,89.67049799684901,223.80773599434178,158.8867609971203
2,0,0,0,0,0,0,154,61.32534900098108,80.79299901146442,153.88456999789923,74.32931900257245
13,0,0,0,3,0,1,11,367.8716610011179,394.24780999252107,538.8074520014925,369.22775200218894
1,0,0,0,0,0,0,2186,109.39675799454562,152.38142300222535,286.6066599963233,149.3790620006621
7,0,0,0,1,0,1,83,388.8983630022267,469.7504230134655,635.6895049975719,538.5085500020068
3,0,0,0,0,0,0,29,129.45662200218067,178.70678000326734,330.89658500102814,167.83102000772487
93,0,0,0,6,0,1,1,582.2310390067287,547.7734140004031,792.3673190089175,353.3223790000193
3,0,0,0,0,0,0,1448,59.40447199100163,80.5149849911686,199.02639400970656,159.7259300033329
3,0,0,0,0,0,0,277,132.2294910060009,182.1817929885583,329.8947769944789,173.02758299047127
44,0,0,0,3,0,1,1,580.7359019963769,543.9691569918068,653.1454459909583,410.01931599748787
28,0,0,0,3,0,1,1,434.5753189991228,424.7857479931554,378.72727600915823,316.79195900505874
2,0,0,0,0,0,0,3627,117.27092399087269,162.41424898908008,305.9595340018859,171.56619399611373
3,0,0,0,0,0,0,1862,123.42150900803972,172.07013900042512,284.3929369992111,171.90689200651832
7,0,0,0,1,0,1,1,370.229609994567,185.31920200621244,575.1061579940142,178.01653999777045
4,0,0,0,0,0,0,200,113.32517499977257,90.3995330008911,171.1328789970139,88.01885000139009
4,0,0,0,0,0,0,384,127.97347699233796,180.5783839954529,332.57356700778473,86.89349499763921
1,0,0,0,0,0,0,9230,54.382557995268144,69.61506498919334,202.94455799739808,152.27823400346097
4,0,0,0,0,0,0,248,105.70545399968978,184.68345400469843,331.62882199394517,172.11774199677166
6,0,0,0,0,0,0,125,123.79503100237343,169.4509230001131,325.33998900908045,160.8190560073126
4,0,0,0,0,0,0,1,62.93683798867278,82.37530299811624,253.78769199596718,137.01423500606325
3,0,0,0,0,0,0,2,126.5676449984312,177.60533900582232,326.22827700106427,164.59503200894687
2,0,0,0,0,0,0,3532,67.84796601277776,154.7641570068663,293.1971890066052,164.97346699179616
22,0,0,0,3,0,1,2,395.2353549975669,379.38944800407626,604.5852739916882,103.91611700470094
2,0,0,0,0,0,0,2666,101.69876398867927,140.26381299481727,274.51106801163405,157.8399360005278
2,0,0,0,0,0,0,275,116.87700200127438,163.55781299353112,304.21571400074754,149.11536300496664
32,0,0,0,3,0,1,1,727.4236350058345,679.6501180069754,757.16126000043,503.71120699855965
4,0,0,0,0,0,0,2,121.6949880035827,163.1818750029197,301.2021280010231,76.11633399210405
1,0,0,0,0,0,0,8533,98.10403500159737,134.9771559907822,273.6780179984635,154.95632198872045
1,0,0,0,0,0,0,8399,79.26097999734338,108.53148699970916,241.00875300064217,156.34727000724524
9,0,0,0,2,0,1,21,195.9854339947924,256.84064500092063,554.4584109884454,191.62971200421453
2,0,0,0,0,0,0,4804,59.19701399398036,80.14481001009699,153.50819200102706,89.2225310089998
3,0,0,0,0,0,0,5,121.02130199491512,172.83157800557092,312.96612799633294,152.19708799850196
8,0,0,0,0,0,0,1,121.25439499504864,170.61775299953297,326.12193800741807,155.16602298885118
4,0,0,0,1,0,1,8,129.3754940124927,178.091358000529,330.04329800314736,166.51626300881617
44,0,0,0,3,0,1,1,672.1403839910636,617.6892219955334,580.2303099917481,361.1091530037811
77,0,0,0,13,0,1,1,126.8027250043815,183.75431999447756,640.0638149934821,168.80722499627154
10,0,0,0,2,0,1,46,505.55325200548396,470.76650298549794,589.7976010019192,453.7168929964537
1,0,0,0,0,0,0,865,111.95790000783745,153.9157189981779,294.8521669895854,147.54162699682638
36,0,0,0,2,0,1,3,585.9396529995138,549.7232829948189,621.7672299972037,405.1439750037389
3,0,0,0,0,0,0,1484,122.49532800342422,172.2652150056092,322.29029199515935,171.62047600140795
10,0,0,0,1,0,1,1,132.14994300506078,175.44323799666017,246.5470019960776,101.32290799811017
4,0,0,0,0,0,0,250,120.85796399333049,172.53232399525587,322.6239359937608,158.75258699816186
2,0,0,0,0,0,0,3627,114.97153701202478,162.73738400195725,302.530945991748,167.9662999958964
3,0,0,0,0,0,0,1484,122.93746600334998,172.77122700761538,321.77507199230604,173.39442799857352
6,0,0,0,1,0,1,132,202.14692200534046,286.58860600262415,448.370319994865,259.5898129948182
4,0,0,0,0,0,0,221,106.00407799938694,181.03783200785983,330.4850050044479,173.71032999653835
15,0,0,0,2,0,1,6,379.85565200506244,352.42868000932503,585.4848110029707,189.75194399536122
5,0,0,0,0,0,0,1,122.69853700126987,171.21863999636844,326.2385410052957,161.22349700890481
3,0,0,0,0,0,0,49,117.76087699399795,167.6049130037427,304.2776579968631,146.16374199977145
1,0,0,0,0,0,0,9914,80.71137599472422,108.99512200558092,245.58694100414868,161.48136601259466
2,0,0,0,0,0,0,1556,112.01821400027256,155.84793200832792,298.1078899902059,158.06991900899448
6,0,0,0,0,0,0,271,82.1307779988274,88.16212799865752,194.0068770054495,181.65779698756523
3,0,0,0,0,0,0,267,117.21952699008398,163.20735799672548,306.64478000835516,149.25297499576118
20,0,0,0,3,0,1,1,131.10387801134493,151.3158420129912,206.01836900459602,155.14803200494498
3,0,0,0,0,0,0,517,128.96278899279423,161.45216798759066,170.93684700375888,89.2087679967517
4,0,0,0,0,0,0,189,130.9694399969885,180.1350900059333,334.7318290034309,168.5745619906811
5,0,0,0,1,0,1,2,370.65096299920697,178.49887399643194,557.7603460114915,173.46115098916925
3,0,0,0,0,0,0,608,119.63190499227494,166.89331099041738,308.36152299889363,154.0280420013005
3,0,0,0,0,0,0,455,117.99790400255006,171.3409270014381,311.4213770022616,159.53640999214258
2,0,0,0,0,0,0,4804,112.67228100041393,156.4132210041862,295.36503400595393,174.8153749940684
3,0,0,0,0,0,0,2,119.89248899044469,164.37877299904358,307.308051007567,139.39924899023026
2,0,0,0,0,0,0,78,116.51394799991976,163.09983299288433,229.9407090031309,74.93929300107993
7,0,0,0,0,0,0,3,66.01399299688637,86.34951600106433,230.35439499653876,159.33095800573938
10,0,0,0,2,0,1,1,147.51540799625218,188.43062299129087,355.72277000756003,146.181322998018
3,0,0,0,0,0,0,1484,125.35626199678518,174.49783500342164,323.69275399832986,171.28745598893147
3,0,0,0,0,0,0,26,115.96444000315387,164.63688500516582,301.66402099712286,146.21576698846184
3,0,0,0,0,0,0,1484,123.02412500139326,174.06546699930914,322.98498900490813,137.20396799908485
5,0,0,0,0,0,0,8,127.1557090076385,178.9448130002711,336.2843789946055,169.70560599293094
1,0,0,0,0,0,0,3085,54.864101999555714,72.84675400296692,244.55012699763756,150.95078000740614
7,0,0,0,2,0,1,159,134.10893100081012,169.21146599634085,345.40306399867404,175.74921798950527
1,0,0,0,0,0,0,8533,52.379022003151476,69.28822200279683,199.54610700369813,117.84739200084005
3,0,0,0,0,0,0,5,121.050996996928,169.38570600177627,312.95127599150874,152.80369100219104
56,0,0,0,7,0,1,1,467.49881299911067,453.62184099212755,735.3195340110688,343.2793490064796
5,0,0,0,1,0,1,405,423.59116300940514,503.3308819984086,353.69137598900124,252.37739100703038
5,0,0,0,0,0,0,195,79.41441799630411,181.13031098619103,341.36734101048205,173.389813004178
6,0,0,0,0,0,0,8,132.20043100591283,189.20348299434409,337.6126479997765,169.3192170059774
1,0,0,0,0,0,0,8533,101.15579199919011,138.8335859955987,275.75440201326273,155.17852200719062
3,0,0,0,0,0,0,588,123.40171000687405,173.36781800258905,323.44060100149363,170.3474840032868
5,0,0,0,1,0,1,62,363.855275005335,440.00217999564484,486.82495299726725,396.28937099769246
13,0,0,0,1,0,1,1,126.07793799543288,171.08483899210114,353.7783380015753,153.43591100827325
8,0,0,0,1,0,1,2,118.41072999231983,161.87561300466768,178.7936149921734,75.00068900117185
9,0,0,0,1,0,1,14,369.7549040080048,100.07139599474613,335.0292230024934,185.42899200110696
32,0,0,0,4,0,1,1,584.4935310014989,555.2875240100548,700.2271689998452,429.05502900248393
2,0,0,0,0,0,0,44,129.2551530059427,178.8402429956477,321.32526399800554,166.84312700817827
2,0,0,0,0,0,0,100,64.29921700328123,85.67844500066712,161.07745699991938,81.73552500375081
2,0,0,0,0,0,0,1556,115.12849500286393,160.1044270064449,302.1942640043562,157.757799999672
4,0,0,0,0,0,0,323,132.59417899826076,185.08882100286428,338.3731030044146,176.50007399788592
3,0,0,0,0,0,0,1626,129.01061000593472,181.6861080005765,327.276983007323,172.48414299683645
32,0,0,0,3,0,1,1,546.440995996818,535.9940390044358,686.2248560064472,456.25613699667156
43,0,0,0,3,0,1,1,408.52169299614616,501.53335399227217,714.5204469998134,448.36453199968673
2,0,0,0,0,0,0,348,60.33750899950974,81.53986900288146,155.94325399433728,76.19808099116199
1,0,0,0,0,0,0,9914,84.24919100070838,111.1908820021199,250.75370499689598,160.72121099568903
3,0,0,0,0,0,0,1448,114.9553949944675,162.2009929997148,309.02178899850696,162.2743449988775
2,0,0,0,0,0,0,2666,100.91499600093812,138.4780230000615,279.3026360013755,158.1693079933757
8,0,0,0,0,0,0,1,62.70684499759227,82.51260999531951,165.79318699950818,76.3014960102737
23,0,0,0,4,0,1,1,391.4760240004398,379.2526750039542,602.720187001978,209.3582899979083
41,0,0,0,7,0,1,1,362.69893299322575,183.5499470034847,684.1892700031167,178.54859901126474
1,0,0,0,0,0,0,9122,66.46200599789154,87.48825200018473,220.96823499305174,156.19757000240497
6,0,0,0,1,0,1,33,292.72750500240363,91.97516099084169,296.07567099446896,177.9755129973637
2,0,0,0,0,0,0,1607,113.61241200938821,157.29286600253545,303.3253499888815,157.01877399988007
1,0,0,0,0,0,0,1901,105.07425900141243,145.77404998999555,285.1659610023489,148.7145979917841
38,0,0,0,6,0,1,1,508.49844799085986,483.63338400668,704.5629100030055,367.8302850021282
9,0,0,0,2,0,1,1,371.2893969932338,178.66311100078747,573.0105949915014,171.00597999524325
11,0,0,0,2,0,1,10,361.7135410022456,181.97083100676537,551.5747280005598,176.04444199241698
75,0,0,0,14,0,1,1,390.35334199434146,223.2547889871057,834.612944003311,190.61961499392055
5,0,0,0,1,0,1,46,122.86279500403907,165.1684259995818,322.33329200244043,151.48321799642872
1,0,0,0,0,0,0,303,112.95741199865006,91.83249299530871,276.79208500194363,143.65667800302617
2,0,0,0,0,0,0,3095,111.3895529997535,158.75051300099585,296.2861400010297,167.47749201022089
10,0,0,0,1,0,1,3,132.77714300784282,182.02484901121352,341.64169600990135,157.38994999264833
6,0,0,0,1,0,1,188,461.790015004226,480.7430389919318,303.07757400441915,239.53727600746788
30,0,0,0,2,0,1,4,634.4429690070683,450.4751729982672,485.25755599257536,323.55415500933304
2,0,0,0,0,0,0,2326,122.2819359973073,156.5421650011558,304.9219300010009,173.99674199987203
8,0,0,0,1,0,1,2,121.3571080006659,168.2781029958278,338.328038007603,155.29079499538057
3,0,0,0,0,0,0,2044,122.3315989918774,176.2400669977069,314.7236160002649,174.37943900586106
1,0,0,0,0,0,0,9230,53.1612659979146,68.6737469950458,196.6789159923792,148.92312299343757
21,0,0,0,0,0,0,2,143.43726199876983,202.51781299884897,408.06612400047015,196.76262499706354
2,0,0,0,0,0,0,1827,108.07348199887201,124.05904599290807,147.74480200139806,92.33558799314778
8,0,0,0,1,0,1,2,131.99892301054206,180.01589899358805,353.8769669976318,172.11670099641196
1,0,0,0,0,0,0,9914,79.14919299946632,110.38868299510796,244.03252599586267,108.72190499503631
1,0,0,0,0,0,0,8533,52.360562011017464,88.87851600593422,272.97428899328224,157.2604850080097
16,0,0,0,2,0,1,1,217.799243007903,341.4738229912473,624.3113969976548,479.8777750111185
3,0,0,0,0,0,0,267,115.52046700671781,166.46854700229596,303.7925109965727,148.9411009970354
14,0,0,0,2,0,1,3,127.59761899360456,162.03754498565104,357.37164999591187,144.92335199611261
2,0,0,0,0,0,0,4475,104.76398600440007,146.10195100249257,288.19467600260396,169.35075299988966
4,0,0,0,0,0,0,323,130.26834098855034,182.64102000102866,333.88591100811027,171.09924500982743
5,0,0,0,0,0,0,5,67.7252510067774,172.2169719869271,325.4156439943472,160.16821599623654
5,0,0,0,1,0,1,29,130.55445699137636,182.86495801294222,346.60048999649007,171.94185400148854
1,0,0,0,0,0,0,9122,67.77483399491757,89.9351420084713,203.66747899970505,93.34538200346287
2,0,0,0,0,0,0,28,127.51973600825295,177.86639399128035,327.32776198827196,165.9697180002695
3,0,0,0,0,0,0,20,121.20428300113417,172.01036198821384,319.1351929999655,156.09640399634372
6,0,0,0,1,0,1,4,64.86308899184223,85.89503201073967,171.78998299641535,135.61225299781654
3,0,0,0,1,0,1,1445,268.25385200208984,321.81542000034824,221.85984801035374,181.12760200165212
11,0,0,0,2,0,1,12,411.2913659919286,392.9574440116994,516.8760609958554,380.53872699674685
10,0,0,0,1,0,1,1,376.2929030053783,184.41502899804618,579.4548650010256,174.82043900236022
1,0,0,0,0,0,0,9914,82.12441799696535,109.22549200768117,246.57283500710037,158.76272899913602
13,0,0,0,3,0,1,11,281.40649799024686,308.525931002805,584.4817500037607,399.43449800193775
9,0,0,0,0,0,0,4,68.81614899612032,89.85821201349609,176.24488299770746,93.1495019904105
29,0,0,0,2,0,1,2,699.8217830114299,666.1941869970178,619.1831849864684,454.13688400003593
3,0,0,0,0,0,0,1484,123.35214400081895,174.19675600831397,325.28881198959425,104.41887899651192
38,0,0,0,2,0,1,13,653.9317339920672,619.0089110023109,597.9892209870741,402.68364099028986
99,0,0,0,7,0,1,1,509.0438180050114,577.8848079935415,777.5452889909502,327.82167600817047
1,0,0,0,0,0,0,9122,66.179669011035,87.24073600023985,221.05133699369617,158.90460299851838
4,0,0,0,0,0,0,200,132.81131800613366,178.53699199622497,329.6092829987174,170.36143600125797
17,0,0,0,3,0,1,1,365.98547000903636,185.60754200734664,579.0700700017624,177.95160198875237
2,0,0,0,0,0,0,3160,120.57767400983721,166.72295299940743,303.697220995673,154.80496000964195
19,0,0,0,1,0,1,1,126.13633499131538,171.9496299920138,372.4523910059361,157.94377999554854
3,0,0,0,0,0,0,111,123.74016600369941,167.3771129862871,313.6513659992488,155.70220300287474
1,0,0,0,0,0,0,1901,105.95916800957639,147.18002898734994,283.251596003538,149.3285689939512
21,0,0,0,1,0,1,142,632.5666790071409,707.6116579992231,477.60454699164256,342.50635700300336
5,0,0,0,1,0,1,9,135.81227100803517,179.46897599904332,338.6215140053537,162.93330599728506
4,0,0,0,1,0,1,5,364.6265819988912,202.47053299681284,510.9324920049403,98.87796800467186
1,0,0,0,0,0,0,9914,80.55263299320359,110.07652799889911,245.62474399863277,160.2336159994593
1,0,0,0,0,0,0,9914,79.89629899384454,111.13542300881818,243.5384550044546,158.9869600138627
2,0,0,0,0,0,0,377,111.89145800017286,156.82996599934995,248.35231300676242,80.68959700176492
9,0,0,0,0,0,0,1,120.75202399864793,163.4566170105245,325.1774360105628,148.9071979885921
1,0,0,0,0,0,0,8533,96.18287300691009,133.88989899249282,273.3048669906566,152.87278199684806
4,0,0,0,0,0,0,8,124.95420100458432,170.59333599172533,295.8210739889182,158.92523400543723
14,0,0,0,3,0,1,1,125.98378499387763,171.31460199016146,375.48361999506596,158.82049899664707
4,0,0,0,0,0,0,19,130.7951010094257,182.1243919985136,333.8805960083846,173.1922309991205
2,0,0,0,0,0,0,4475,56.313095992663875,73.1872219912475,147.69220900780056,89.40459899895359
2,0,0,0,0,0,0,72,62.26298199908342,144.89242600393482,301.92294699372724,147.24974399723578
44,0,0,0,3,0,1,1,584.6635579946451,543.6617490049684,653.2706279976992,410.2038600103697
231,0,0,0,23,0,1,1,321.54166699911,293.10690400598105,1329.3965870107058,225.08814999309834
1,0,0,0,0,0,0,9230,52.8053500020178,67.89890099025797,174.17233999003656,77.06949699786492
2,0,0,0,0,0,0,3532,110.53620200254954,153.05043800617568,292.4616679956671,167.24796500056982
1,0,0,0,0,0,0,9914,81.92895099637099,111.73850500199478,245.26901199715212,158.56783599883784
17,0,0,0,3,0,1,1,285.2798649983015,445.393742993474,394.4114279875066,342.57444900867995
12,0,0,0,1,0,1,1,132.38597101008054,177.72692198923323,361.48104500898626,169.83967600390315
11,0,0,0,2,0,1,9,148.36113099590875,184.83643099898472,203.00490499357693,159.7683989966754
4,0,0,0,1,0,1,530,371.61574499623384,449.3096969963517,452.9036939929938,192.1227629936766
2,0,0,0,0,0,0,127,117.60925000999123,163.40316900459584,298.213718997431,146.82272299251053
1,0,0,0,0,0,0,8399,79.20574200397823,105.97055200196337,240.9290619980311,158.19318599824328
3,0,0,0,0,0,0,1484,125.20140799460933,176.24078399967402,256.3364280067617,87.87111401034053
5,0,0,0,1,0,1,2,129.11000498570502,174.3333930062363,334.4109890022082,158.28063400113024
2,0,0,0,0,0,0,1486,112.04229999566451,160.55749299994204,300.11842399835587,152.56846600095741
17,0,0,0,4,0,1,1,365.9308360074647,186.0595519974595,588.7018869980238,178.48761499044485
7,0,0,0,1,0,1,1,122.05896299565211,169.79965301288757,335.9827120002592,156.88464700360782
5,0,0,0,0,0,0,3,123.78877500304952,174.00852200808004,228.8911060022656,85.03081700473558
3,0,0,0,0,0,0,527,65.02271299541462,105.11193799902685,311.1797599995043,171.99510800128337
6,0,0,0,0,0,0,2,128.94678198790643,174.71329199906904,334.2024500016123,165.61599800479598
6,0,0,0,1,0,1,32,64.22159100475255,86.39495300303679,167.7456199977314,79.17461000033654
1,0,0,0,0,0,0,8399,80.83320800506044,107.84707398852333,244.08513300295454,158.6501080018934
2,0,0,0,0,0,0,100,121.55923600948881,168.94510100246407,313.10998399567325,155.5021289968863
3,0,0,0,0,0,0,19,125.24264300009236,173.4640620124992,315.0248379970435,157.0398220064817
39,0,0,0,2,0,1,2,650.4271580051864,618.7527599977329,414.222980994964,236.30076700646896
1,0,0,0,0,0,0,4295,107.30591899482533,150.71390800585505,284.51968599983957,150.87290499650408
5,0,0,0,1,0,1,2,129.89002499671187,171.12618999090046,336.0083440056769,159.67281500343233
1,0,0,0,0,0,0,9914,81.5486490027979,111.40431799867656,205.31334599945694,84.00312400772236
6,0,0,0,1,0,1,42,348.17960500367917,177.13762899802532,514.2411090055248,175.5274629977066
3,0,0,0,0,0,0,1484,124.87424100982025,172.8364029986551,322.30650799465366,170.51142500713468
13,0,0,0,2,0,1,1,456.3833020074526,428.26701699232217,373.8649000006262,452.0609159953892
2,0,0,0,0,0,0,3532,110.72876599791925,153.35866800160147,232.15377899759915,86.02400300151203
3,0,0,0,0,0,0,1070,128.27061999996658,181.57436400360893,332.90898900304455,169.95342199516017
10,0,0,0,1,0,1,1,123.35185499978252,170.76328500115778,341.79107898671646,153.83606200339273
1,0,0,0,0,0,0,8533,99.34546700969804,138.27444199705496,275.5010270047933,154.1458489955403
1,0,0,0,0,0,0,9230,53.685089995269664,47.117704001720995,164.60594999080058,150.837788998615
4,0,0,0,0,0,0,3,65.5168139928719,167.59947199898306,320.9088850126136,156.64595700218342
3,0,0,0,0,0,0,588,122.65544199908618,172.9797449952457,323.81472999986727,171.00992299674544
7,0,0,0,0,0,0,1,68.21743900945876,94.9479309929302,176.31435100338422,166.9470290071331
57,0,0,0,3,0,1,1,659.2192359967157,617.3994279961335,657.4966369953472,204.24832799471915
5,0,0,0,1,0,1,27,125.2967080072267,173.88898100762162,329.1472409910057,156.06154699344188
43,0,0,0,6,0,1,1,450.2772159903543,180.19103600818198,709.3050739931641,173.63256600219756
7,0,0,0,1,0,1,320,473.893248999957,548.505553000723,452.0231269998476,239.7679729911033
12,0,0,0,3,0,1,4,71.09114799823146,91.48040000582114,321.4255800121464,173.1947819935158
4,0,0,0,0,0,0,248,132.23209300485905,182.40763699577656,335.6971539906226,172.31108200212475
1,0,0,0,0,0,0,9230,53.917144003207795,68.24835999577772,197.4607250012923,153.21982800378464
18,0,0,0,2,0,1,7,544.6432739990996,507.8751179971732,643.1862190074753,483.2529289997183
145,0,0,0,9,0,1,1,512.4835720052943,600.1678879983956,972.7656139875762,238.83698899589945
2,0,0,0,0,0,0,3095,69.83759799913969,87.37203700002283,189.3420020060148,85.08240499941166
3,0,0,0,0,0,0,650,62.30717898870353,110.66359300457407,307.86191500374116,153.6647150060162
4,0,0,0,0,0,0,186,125.17790599667933,170.79547100001946,322.71970000874717,158.47372799180448
2,0,0,0,0,0,0,90,118.49521900876425,161.5106750105042,301.47774700890295,147.79020800779108
62,0,0,0,5,0,1,1,547.1728099946631,523.0287220038008,720.594312006142,375.73096599953715
10,0,0,0,1,0,1,5,428.6606100067729,152.76148400153033,557.071180010098,176.58887599827722
4,0,0,0,0,0,0,1,117.12078399432357,162.95267299574334,308.8239969947608,146.4115609996952
3,0,0,0,0,0,0,23,116.28038399794605,162.9177019931376,307.13116099650506,145.74529600213282
3,0,0,0,1,0,1,1479,338.12286899774335,405.8768810064066,519.971304005594,445.45560200640466
3,0,0,0,0,0,0,208,61.709300003713,81.90896100131795,278.3702789893141,148.06642899930011
2,0,0,0,0,0,0,49,64.45987099141348,83.1009640096454,158.56958700169344,77.66841600823682
1,0,0,0,0,0,0,865,111.54681199695915,156.8236250022892,294.6578649862204,148.10733500053175
111,0,0,0,18,0,1,1,130.4551900102524,142.64159799495246,572.6244810066419,168.07473899098113
1,0,0,0,0,0,0,8399,79.15294100530446,109.59657200146466,245.21384699619375,157.23149199038744
1,0,0,0,0,0,0,3085,102.73306400631554,142.24182099860627,280.40370999951847,151.6691360011464
1,0,0,0,0,0,0,256,117.51591599022504,163.78682399226818,258.66063599823974,99.27081000932958
1,0,0,0,0,0,0,3085,53.7660709960619,116.06749700149521,163.4336940041976,149.4765919924248
2,0,0,0,0,0,0,3627,115.11674599023536,161.77790000801906,302.99054499482736,167.10240200336557
24,0,0,0,1,0,1,28,700.3939100104617,875.9712730097817,543.9388480008347,376.82020899956115
2,0,0,0,0,0,0,1,118.1932629988296,161.79914500389714,300.3193850017851,145.59122099308297
2,0,0,0,0,0,0,4804,71.01617800071836,125.09126200166065,299.3944579939125,175.4317939921748
1,0,0,0,0,0,0,9230,53.41182400297839,68.48102400545031,199.83944500563666,152.5659619946964
2,0,0,0,0,0,0,3160,118.50983600015752,163.2573719980428,225.74143300880678,85.45752499776427
14,0,0,0,2,0,1,1,126.11148299765773,164.24549899238627,359.052014988265,145.3422010090435
3,0,0,0,1,0,1,1479,339.5418250001967,407.4959549907362,318.11055800062604,231.50594800245017
1,0,0,0,0,0,0,9914,81.10672599286772,110.81520600419026,245.779847013182,159.31632899446413
33,0,0,0,6,0,1,1,426.0506790014915,417.82113899535034,687.9043679946335,363.769431001856
3,0,0,0,0,0,0,116,121.22271700354759,168.93262999656145,311.9833599921549,167.1590420010034
23,0,0,0,2,0,1,3,571.5039470087504,602.9615809966344,554.4919710082468,404.50331100146286
3,0,0,0,0,0,0,9,127.16101799742319,182.036104000872,332.099114995799,169.7329080052441
5,0,0,0,0,0,0,6,128.7993500009179,179.70434000017121,337.9101750033442,171.47304100217298
71,0,0,0,6,0,1,1,422.8401090076659,446.9162859895732,759.6806270012166,366.37187500309665
8,0,0,0,2,0,1,146,321.14775900845416,327.0443639921723,532.4610399984522,164.92826800094917
2,0,0,0,0,0,0,1121,66.329344001133,88.22518298984505,188.94706200808287,173.081742002978
7,0,0,0,0,0,0,1,119.19042500085197,191.27913599368185,278.8253869948676,152.0313979999628
1,0,0,0,0,0,0,8533,100.05412899772637,136.5428450080799,275.4526189964963,153.81466200051364
2,0,0,0,0,0,0,325,118.13235700537916,169.27508800290525,308.20130999200046,154.65952600061428
10,0,0,0,1,0,1,1,126.96947700169403,182.417185002123,358.49872799008153,169.4613690051483
20,0,0,0,3,0,1,1,71.72465499024838,121.24854199646506,393.09271599631757,156.58576499845367
4,0,0,0,1,0,1,27,350.8197250048397,94.16236099787056,551.8139490013709,178.83750100736506
52,0,0,0,3,0,1,1,687.5509170058649,735.7329290098278,548.3637139986968,315.17667599837296
2,0,0,0,0,0,0,867,115.04678000346757,160.21153000474442,299.2908029991668,151.04941799654625
2,0,0,0,0,0,0,1556,112.69833400729112,162.0368149888236,299.40877899935003,158.49738199904095
2,0,0,0,0,0,0,4804,112.98276099842042,155.58565400715452,296.485232989653,173.7280119996285
52,0,0,0,3,0,1,1,414.6849079988897,271.6011669981526,525.9900959936203,214.9093149928376
2,0,0,0,0,0,0,1827,108.44981900299899,151.4146799891023,292.0024469931377,150.06041000015102
39,0,0,0,3,0,1,1,514.356041996507,487.4266199913109,675.8018219989026,420.5749100074172
131,0,0,0,8,0,1,1,454.1753980010981,243.77972600632347,642.1145909989718,181.48292299883906
2,0,0,0,0,0,0,4475,104.04837400710676,104.63357999105938,247.92120901111048,168.19745699467603
1,0,0,0,0,0,0,9914,80.607144991518,108.68196100636851,242.57824099913705,159.15268199751154
1,0,0,0,0,0,0,9122,65.84439899597783,88.03810899553355,219.95357199921273,159.37726400443353
5,0,0,0,1,0,1,490,397.3349940060871,477.0206399989547,487.0522770070238,397.3888119944604
3,0,0,0,0,0,0,2044,123.74997799634002,175.50214499351569,318.2285899965791,172.36773599870503
3,0,0,0,0,0,0,467,126.14505300007295,125.93133898917586,170.56379199493676,102.45363500143867
4,0,0,0,0,0,0,7,121.99536900152452,168.71341700607445,320.542611007113,158.361607012921
1,0,0,0,0,0,0,8533,99.7901329974411,119.91473300440703,139.81075599440373,109.64995800168253
3,0,0,0,0,0,0,527,122.77527300466318,169.27853600645903,312.1236450097058,172.2520240000449
3,0,0,0,0,0,0,1484,127.35918699763715,175.79357500653714,318.9613569993526,171.6142880031839
3,0,0,0,0,0,0,18,82.70940299553331,90.7209500001045,169.16822099301498,86.42940199933946
3,0,0,0,0,0,0,1484,127.17139099549968,177.05096300051082,322.0579570042901,173.63701500289608
1,0,0,0,0,0,0,849,65.53050701040775,158.86177000356838,295.84836900176015,145.46948099450674
22,0,0,0,3,0,1,1,128.82666100631468,162.0549920044141,386.4037730090786,149.066751007922
120,0,0,0,7,0,1,1,640.3517069993541,598.1588010035921,883.224600009271,350.2256119973026
4,0,0,0,1,0,1,289,366.1529520031763,190.39912799780723,547.7322730002925,183.39240999193862
3,0,0,0,0,0,0,60,62.733040991588496,83.31229200121015,157.41074699326418,75.51927900931332
8,0,0,0,1,0,1,1,385.26041599106975,181.63499700312968,548.1403989979299,145.63602999260183
58,0,0,0,3,0,1,1,640.4143319959985,589.089839006192,618.3294770016801,213.27673499763478
7,0,0,0,1,0,1,4,404.9388460116461,189.7294140071608,546.4377640018938,172.65690900967456
2,0,0,0,0,0,0,72,118.38511499809101,167.89470298681408,304.2136610019952,148.8121529982891
1,0,0,0,0,0,0,9230,28.011661997879855,35.67361499881372,168.1329739949433,150.51962500729132
3,0,0,0,0,0,0,1862,121.81302499084268,170.262982006534,320.057375007309,171.8860700057121
3,0,0,0,0,0,0,472,66.53371400898322,89.00405900203623,168.1996179977432,85.12844699725974
18,0,0,0,0,0,0,1,127.72531399969012,176.36848300753627,366.29266099771485,164.23293699335773
3,0,0,0,0,0,0,489,122.83238899544813,169.24115699657705,314.19828500656877,152.68920599191915
1,0,0,0,0,0,0,9914,42.51331200066488,56.084260999341495,127.34063500829507,82.27535599144176
5,0,0,0,0,0,0,31,118.35893600073177,163.2487949973438,310.29248199774884,147.83734299999196
2,0,0,0,0,0,0,452,64.64940099976957,87.342612008797,167.93210999458097,84.26165299897548
12,0,0,0,1,0,1,1,130.93615100660827,169.87953399075195,347.08245600631926,157.06138200766873
50,0,0,0,12,0,1,1,360.0195229955716,184.64567299815826,741.1588029935956,172.64854100358207
2,0,0,0,0,0,0,693,117.8132189961616,156.9263520068489,300.68155500339344,149.66787400771864
2,0,0,0,0,0,0,1320,117.97762200876605,165.43418100627605,304.5643469959032,156.58050100319088
5,0,0,0,1,0,1,4,365.9310600050958,182.92274499253836,553.5580769937951,178.1762109894771
293,0,0,0,14,0,1,1,454.15719199809246,450.16475100419484,1459.3630080053117,272.25922200887
20,0,0,0,3,0,1,1,366.76050898677204,183.45181399490684,586.8501770019066,177.83713700191583
15,0,0,0,3,0,1,2,391.52903799549676,371.71219500305597,606.1192669876618,126.64642400341108
73,0,0,0,5,0,1,1,506.46873298683204,486.02360900258645,778.4987290069694,376.8911480001407
1,0,0,0,0,0,0,1901,55.54635199951008,93.69534399593249,285.80803200020455,146.69260100345127
8,0,0,0,1,0,1,1,129.24217600084376,182.92995399679057,351.4741409890121,172.45666100643575
2,0,0,0,0,0,0,3095,60.352650994900614,79.23432199459057,154.6887659933418,87.65691799635533
18,0,0,0,5,0,1,1,136.13106599950697,179.27721700107213,407.1434479992604,167.45691999676637
3,0,0,0,0,0,0,560,127.12975600152276,174.62106099992525,322.3806419991888,167.34820800775196
5,0,0,0,0,0,0,1,126.42046000109985,180.19337599980645,336.29691699752584,167.2601320024114
3,0,0,0,0,0,0,267,115.6349910015706,161.49108498939313,305.83715401007794,150.98139698966406
2,0,0,0,0,0,0,186,116.96730500261765,160.0505849928595,300.470217000111,146.91537800536025
4,0,0,0,1,0,1,27,362.8005100035807,184.10290000610985,552.6751610013889,177.7327440067893
2,0,0,0,0,0,0,3627,62.149691992090084,81.1772960005328,156.20072798628826,87.39731600508094
1,0,0,0,0,0,0,9230,54.04667499533389,68.3388610050315,201.29333500517532,155.4148130089743
11,0,0,0,2,0,1,1,129.67631900392007,172.8802959987661,355.7199799979571,155.54464900924359
1,0,0,0,0,0,0,8533,98.54676100076176,135.22054300119635,274.15159200609196,154.5710319915088
3,0,0,0,0,0,0,588,124.5745289925253,174.33000399614684,325.79365000128746,169.5310360082658
28,0,0,0,2,0,1,1,386.11293998837937,499.1292380000232,598.5964809951838,243.8481350109214
4,0,0,0,0,0,0,12,123.3299209998222,172.03140500350855,324.07323199731763,158.8945529947523
5,0,0,0,1,0,1,101,129.94961799995508,173.7896460108459,330.20488799957093,155.75333600281738
2,0,0,0,0,0,0,2666,53.62165899714455,88.06695400562603,280.99159500561655,160.88663699338213
11,0,0,0,1,0,1,1,123.02821899356786,169.38178600685205,346.94921800110023,156.71663600369357
1,0,0,0,0,0,0,9914,82.32583399512805,112.68495999684092,243.02570598956663,159.43984600016847
3,0,0,0,0,0,0,10,67.226696992293,89.86754500074312,168.02524599188473,85.28338100586552
1,0,0,0,0,0,0,9122,67.08526299917139,89.10664000723045,221.02089099644218,158.38916499342304
2,0,0,0,0,0,0,3532,110.33629000303335,151.84212500753347,295.62249800073914,166.50492099870462
1,0,0,0,0,0,0,8399,41.470402997219935,54.517526004929096,124.82376200205181,80.61117499892134
5,0,0,0,1,0,1,10,122.07628399482928,173.22305700508878,330.8963129966287,158.8962910027476
8,0,0,0,1,0,1,3,391.64773699303623,198.87518099858426,611.848676999216,189.74723300198093
2,0,0,0,0,0,0,129,124.48734800273087,178.736736997962,325.53702300356235,164.9538209894672
9,0,0,0,1,0,1,1,118.98666599881835,168.88983800890855,330.86369099328294,121.38601699552964
3,0,0,0,0,0,0,51,119.73283599945717,172.73257199849468,320.4509190109093,161.71475299051963
5,0,0,0,0,0,0,3,126.96578299801331,169.43320499558467,319.2517669958761,156.3479550095508
8,0,0,0,0,0,0,6,69.73852500959765,97.37013399717398,180.66554199322127,88.7936610088218
11,0,0,0,1,0,1,1,72.62226501188707,167.86962500191294,350.5107520031743,155.29724399675615
28,0,0,0,3,0,1,1,488.263993000146,472.4057429993991,626.4032850012882,437.51290898944717
6,0,0,0,1,0,1,82,374.000921001425,184.1131580004003,570.135816000402,175.49874499673024
1,0,0,0,0,0,0,4295,109.1927360103,129.58215200342238,237.01564299699385,151.90435100521427
41,0,0,0,7,0,1,1,129.7022419894347,178.19479800527915,481.1416580050718,157.74441299436148
1,0,0,0,0,0,0,9914,80.93251900572795,110.61412699928042,241.05202899954747,158.26879898668267
1,0,0,0,0,0,0,9122,66.02508499054238,86.78044899716042,218.06449700670782,124.48587999097072
5,0,0,0,1,0,1,89,389.5271500077797,183.89044700597879,320.4070099891396,175.09565899672452
7,0,0,0,0,0,0,2,86.50251000653952,174.47200199239887,328.0617849959526,155.68444700329565
82,0,0,0,4,0,1,1,639.2322930041701,606.099852011539,738.4001500031445,380.4209749941947
3,0,0,0,0,0,0,521,60.317363997455686,81.32628400926478,158.239461001358,76.60858900635503
1,0,0,0,0,0,0,8399,78.4866059984779,106.59487701195758,242.5287319929339,156.54259800794534
3,0,0,0,0,0,0,1626,127.1340550010791,179.13530398800503,329.0705919935135,172.07345500355586
1,0,0,0,0,0,0,9914,81.60866300750058,109.48794499563519,244.02028399345,117.10536299506202
3,0,0,0,0,0,0,21,112.34920501010492,181.58952498924918,322.3342050041538,165.09205799957272
15,0,0,0,3,0,1,1,130.66941501165275,174.9894789973041,374.69938800495584,156.7431589937769
3,0,0,0,0,0,0,12,119.08666300587356,162.0260909985518,305.6599080009619,149.5912469981704
3,0,0,0,0,0,0,803,117.37787899619434,166.95175900531467,176.5306830056943,81.61399800155777
49,0,0,0,9,0,1,1,394.98600200749934,461.9958819966996,715.3196349972859,315.8295940083917
1,0,0,0,0,0,0,9230,29.177686999901198,44.71085900149774,203.07576800405513,154.47807699092664
11,0,0,0,1,0,1,1,62.47571299900301,160.60307899897452,336.2149589956971,148.07542899507098
13,0,0,0,2,0,1,54,65.00152300577611,82.15582699631341,181.12869399192277,111.49117299646605
11,0,0,0,0,0,0,1,129.0598720079288,182.86010599695146,321.77719500032254,87.87097800814081
4,0,0,0,0,0,0,54,118.43175400281325,160.48545300145634,308.156154002063,150.26871100417338
3,0,0,0,0,0,0,473,122.08347600244451,169.02300500078127,315.47032699745614,159.31702598754782
1,0,0,0,0,0,0,9122,66.26059400150552,88.66962099273223,219.29090000048745,157.0027889974881
12,0,0,0,2,0,1,1,119.58965299709234,166.9674139993731,236.33397700905334,76.99735299684107
217,0,0,0,15,0,1,1,632.7246669970918,620.1717460062355,1215.318804999697,259.82463799300604
5,0,0,0,0,0,0,9,126.82844599476084,179.97441301122308,334.58885399159044,170.56711099576205
2,0,0,0,0,0,0,4804,60.717016996932216,79.42224200814962,153.73717399779707,88.26361999672372
3,0,0,0,0,0,0,455,67.66370400146116,168.37085399311036,318.2744730002014,160.08097000303678
2,0,0,0,0,0,0,47,119.27671000012197,162.75318199768662,298.35155500040855,146.1482329905266
2,0,0,0,0,0,0,4475,102.76130899728741,144.3177570035914,282.86902800027747,170.39062100229785
3,0,0,0,0,0,0,588,126.57321299775504,173.35179400106426,323.92575600533746,172.21182498906273
3,0,0,0,1,0,1,1479,339.91298300679773,402.21886899962556,517.7531910012476,444.9076519958908
3,0,0,0,0,0,0,2044,65.45686000026762,86.64337999653071,163.87140200822614,88.38457199453842
5,0,0,0,1,0,1,138,123.34119201113936,172.08254800061695,330.2434670040384,159.28214900486637
3,0,0,0,0,0,0,433,120.94290099048521,167.54325199872255,313.74880400835536,157.50496099644806
45,0,0,0,3,0,1,1,661.7928479972761,630.0121480016969,614.7371789993485,380.85353300266434
8,0,0,0,1,0,1,300,509.16629399580415,586.4081879990408,570.311949995812,472.7808699972229
1,0,0,0,0,0,0,1901,104.85868499381468,148.27387900731992,280.5526690062834,145.951807993697
2,0,0,0,0,0,0,3095,114.42702500789892,157.94959300546907,294.07810299017,167.51027099962812
2,0,0,0,0,0,0,347,62.86010300391354,83.69092500652187,159.54553899064194,85.64859699981753
2,0,0,0,0,0,0,268,114.10256000817753,163.094989999081,303.16976900212467,149.2167060059728
1,0,0,0,0,0,0,9914,80.52107600087766,110.84544299228583,243.9287349989172,160.69972899276763
6,0,0,0,1,0,1,1,129.70291799865663,172.63899500539992,333.2713339914335,155.07322999474127
2,0,0,0,0,0,0,4804,113.90286500682123,156.17380999901798,294.4114999991143,170.7705669978168
38,0,0,0,4,0,1,1,388.8127370009897,391.17132998944726,562.1029019966954,307.42418799491134
10,0,0,0,0,0,0,1,129.57224799902178,181.8246699986048,352.2414530016249,171.43049399601296
3,0,0,0,0,0,0,128,120.53741099953186,103.43665099935606,157.42816199781373,78.13954500306863
4,0,0,0,0,0,0,86,129.4152180053061,182.30906399548985,337.0804349979153,169.4594069995219
1,0,0,0,0,0,0,8533,68.47525300690904,138.00386899674777,274.91626299161,155.24419701250736
3,0,0,0,0,0,0,354,96.6701230063336,144.87660600570962,306.2186230090447,154.15316598955542
3,0,0,0,0,0,0,1448,115.22836799849756,163.64231500483584,301.6450010036351,160.3463460050989
6,0,0,0,0,0,0,2,118.46405600954313,162.93445600604173,316.28727199858986,154.90528200461995
1,0,0,0,0,0,0,1901,105.33463300089352,146.68028299638536,286.66581999277696,146.6998579999199
3,0,0,0,0,0,0,51,122.70643201190978,197.05067099130247,319.732591000502,158.88609700778034
6,0,0,0,0,0,0,4,131.4131570106838,184.36878199281637,340.48685600282624,170.34674000751693
26,0,0,0,5,0,1,1,363.3232260035584,188.36947200179566,629.6384909946937,173.56335200020112
3,0,0,0,0,0,0,681,127.75598300504498,174.86849600390997,325.6211430125404,168.87474899704102
3,0,0,0,0,0,0,1626,130.9729529893957,183.0030419951072,330.10332999401726,173.96626899426337
4,0,0,0,0,0,0,310,123.87148599373177,171.7650389909977,321.9790360017214,160.48868800862692
2,0,0,0,0,0,0,1607,115.04614999284968,162.20643201086204,302.59137399843894,158.1600770005025
1,0,0,0,0,0,0,9230,47.77092000585981,36.73861599236261,104.65095800464042,78.24544500908814
9,0,0,0,1,0,1,14,251.11591699533165,100.88032799831126,342.5736130011501,155.19054300966673
3,0,0,0,1,0,1,1445,194.3567249982152,328.43939200392924,428.7736389960628,355.6671929982258
1,0,0,0,0,0,0,2186,108.90174300584476,153.17151400086004,291.02256399346516,152.49921999929938
1,0,0,0,0,0,0,1190,112.5119589996757,156.45576699171215,294.2577830108348,147.3540480074007
2,0,0,0,0,0,0,8,119.48472599033266,164.25522600184195,309.2444429930765,147.89558900520205
2,0,0,0,0,0,0,1340,115.38700399978552,163.1590209872229,299.8481550021097,131.4438359986525
3,0,0,0,0,0,0,256,123.27265299973078,171.75842600408942,318.80712299607694,157.3169629991753
3,0,0,0,0,0,0,342,61.628597002709284,111.66016200149897,304.1732589917956,149.46687400515657
2,0,0,0,0,0,0,1827,56.78057899058331,76.3220189983258,145.9548150014598,76.0907249932643
5,0,0,0,1,0,1,405,416.125859002932,344.0691540017724,461.9043190032244,431.358033005381
1,0,0,0,0,0,0,9914,81.48761899792589,111.51236899604555,247.27044899191242,159.80583299824502
1,0,0,0,0,0,0,8533,51.526609997381456,69.76450300135184,139.7677479981212,80.92595200287178
3,0,0,0,0,0,0,1002,120.61989199719392,169.5230229961453,318.0318350059679,175.6046630034689
6,0,0,0,0,0,0,19,122.41480000375304,169.67065900098532,322.1427779935766,151.5208679920761
15,0,0,0,1,0,1,1,123.6056009947788,173.4478659927845,359.91158000251744,156.13445699273143
11,0,0,0,2,0,1,2,343.7693070009118,355.3291430143872,572.0610830030637,189.40399200073443
3,0,0,0,0,0,0,472,65.47961900650989,88.66082401073072,166.59035701013636,84.67740000924096
28,0,0,0,2,0,1,7,668.89779799385,628.295179005363,532.9521450039465,373.56352400092874
14,0,0,0,1,0,1,52,443.3074019907508,521.5044210053748,585.9225559979677,465.23499400063884
3,0,0,0,0,0,0,1862,98.79868700227235,176.36766099894885,321.9673899875488,113.79413600661792
6,0,0,0,1,0,1,17,124.31619899871293,171.05812700174283,336.3692080019973,159.2644259944791
7,0,0,0,0,0,0,3,121.07213799026795,171.83579699485563,329.8002679948695,159.18856700591277
22,0,0,0,3,0,1,1,498.19104200287256,480.10950499156024,686.0466090001864,204.82280499709304
1,0,0,0,0,0,0,9914,81.53766300529242,110.21620799147058,246.1454050062457,159.2464720015414
1,0,0,0,0,0,0,606,58.187210001051426,80.98004999919794,286.6503410041332,145.36410200526007
3,0,0,0,0,0,0,162,119.40249799226876,163.8342219957849,308.3621789992321,147.29742499184795
10,0,0,0,1,0,1,107,123.9994880015729,156.6873849951662,172.63355499017052,78.44615800422616
26,0,0,0,4,0,1,1,612.8227640001569,560.8413010049844,371.9841590063879,424.6874789969297
4,0,0,0,0,0,0,26,122.34012599219568,163.97395900276024,309.913607998169,146.01111199590378
5,0,0,0,0,0,0,24,64.94079800904728,87.99194698804058,168.31791000731755,81.7933840007754
12,0,0,0,0,0,0,1,116.91322000115179,163.41610001109075,332.6126520114485,148.10819600825198
7,0,0,0,1,0,1,34,491.8537850026041,541.0761079983786,520.9835580026265,429.98902199906297
9,0,0,0,1,0,1,14,487.61283700878266,196.25850900774822,561.3044519996038,183.58447999344207
5,0,0,0,1,0,1,298,337.28653700381983,177.64519598858897,502.0902609976474,182.05058299645316
5,0,0,0,1,0,1,138,126.99034799879882,173.36243399768136,334.15797700581606,159.94992799824104
3,0,0,0,0,0,0,13,118.39294999663252,166.25460700015537,309.7265810065437,150.23965100408532
20,0,0,0,2,0,1,1,525.6123059953097,488.3179299940821,613.3343739929842,190.70170099439565
5,0,0,0,0,0,0,41,68.26733700290788,94.8623470030725,315.24727698706556,171.35126399807632
3,0,0,0,0,0,0,205,125.94849399465602,172.4200269964058,316.48357199446764,132.92371599527542
3,0,0,0,0,0,0,368,118.90477700217161,168.49845000251662,198.8996069994755,89.30187400255818
44,0,0,0,4,0,1,1,553.9336679939879,530.5622770101763,714.9022450030316,416.4718440006254
3,0,0,0,0,0,0,1484,123.41900898900349,172.14161300216801,320.6090359890368,171.0030169924721
3,0,0,0,0,0,0,1484,123.21461300598457,171.5837790106889,297.1975660038879,171.4627439941978
3,0,0,0,0,0,0,2044,122.58818099508062,171.53871899063233,319.19552000181284,95.81867000088096
1,0,0,0,0,0,0,8399,41.50808100530412,54.340282003977336,143.58946699940134,155.20686999661848
5,0,0,0,0,0,0,59,120.47743899165653,168.46168499614578,316.11354599590413,150.99373599514365
51,0,0,0,13,0,1,1,416.61872100667097,393.823604012141,790.9762100025546,227.5150439963909
7,0,0,0,0,0,0,1,131.78750600491185,179.80099200212862,341.68614700320177,169.50707400974352
1,0,0,0,0,0,0,1190,109.90511199634057,156.32154699414968,291.37242800788954,147.19953200255986
4,0,0,0,0,0,0,200,66.99435200425796,90.3891859925352,169.31649699108675,87.34807699511293
8,0,0,0,0,0,0,2,121.42199400113896,169.09500901238061,275.8455660077743,81.7759740020847
2,0,0,0,0,0,0,988,114.18434299412183,160.09192400088068,299.6365209983196,154.4597350002732
2,0,0,0,0,0,0,894,113.63515499397181,103.76626200741157,156.33584799070377,88.3645349967992
2,0,0,0,0,0,0,1607,115.44014800165314,158.38882500247564,302.16052700416185,154.6965380111942
4,0,0,0,1,0,1,99,137.28301700029988,192.4296249926556,341.9258850044571,178.33492199133616
21,0,0,0,1,0,1,142,442.8597259975504,670.9902209986467,479.1669560072478,341.48623699729796
3,0,0,0,0,0,0,1448,113.2680930022616,161.5178990032291,284.17011800047476,82.96892000362277
3,0,0,0,0,0,0,602,127.18846800271422,178.56590999872424,328.8701670098817,167.57500600942876
1,0,0,0,0,0,0,1901,106.45190499781165,147.6456340024015,285.18636799708474,147.01043600507546
3,0,0,0,0,0,0,2,119.3054530012887,165.94548099965323,311.5814409975428,150.84684199246112
10,0,0,0,1,0,1,85,478.48815500037745,558.4372089942917,584.9941960041178,477.83229299238883
9,0,0,0,1,0,1,14,488.47751700668596,197.98555700981524,364.45951300265733,93.09428998676594
10,0,0,0,1,0,1,85,544.6118749969173,622.2231040010229,526.777477003634,423.9055340003688
11,0,0,0,2,0,1,1,396.95280500745866,380.79202199878637,452.2182229993632,189.80310000188183
62,0,0,0,12,0,1,1,69.26009699236602,130.8320849930169,574.1596220032079,159.01753200159874
1,0,0,0,0,0,0,9914,82.71726199018303,111.54923999856692,247.90070499875583,159.7442819911521
10,0,0,0,0,0,0,1,69.73843999730889,168.60597499180585,353.7121490080608,170.5433710012585
12,0,0,0,1,0,1,9,491.9576779939234,569.6302959986497,604.516135994345,435.5850479914807
52,0,0,0,3,0,1,1,506.1610090051545,463.43262899608817,344.6491120121209,360.9038610011339
2,0,0,0,0,0,0,536,117.32703700545244,167.3848999926122,308.9067219989374,156.29904899105895
5,0,0,0,1,0,1,490,412.0470650086645,484.88973500207067,345.5190179956844,371.7040279880166
3,0,0,0,1,0,1,1445,273.23699300177395,330.1074999908451,432.256750005763,428.219845998683
34,0,0,0,8,0,1,1,67.96623599075247,87.1528749994468,238.45991300186142,81.08348400855903
3,0,0,0,0,0,0,256,121.41778699879069,171.154978001141,316.48932700045407,157.37002401147038
2,0,0,0,0,0,0,2666,98.64093401120044,135.90595999266952,276.45106900308747,160.14313300547656
3,0,0,0,0,0,0,472,126.88019499182701,176.05821300821844,326.5878050005995,169.66294300800655
25,0,0,0,5,0,1,3,390.1691339997342,366.7339899984654,631.9902609975543,164.47319799044635
2,0,0,0,0,0,0,3627,115.98159999994095,163.4156190120848,305.147302991827,139.7552839916898
27,0,0,0,6,0,1,1,125.69111499760766,173.73764301009942,431.03062400768977,158.13841299677733
1,0,0,0,0,0,0,9122,67.05114401120227,89.20638500421774,202.0214360090904,81.28676700289361
2,0,0,0,0,0,0,3532,112.25229800038505,125.62459699984174,293.0513820028864,167.48483500850853
3,0,0,0,0,0,0,256,120.85951201152056,169.02547299105208,315.53666800027713,158.51827499864157
2,0,0,0,0,0,0,23,62.669273000210524,81.35305900941603,153.22506200755015,75.72346599772573
13,0,0,0,2,0,1,54,65.10703699314035,110.71922100381926,351.8919580092188,149.0976880013477
10,0,0,0,2,0,1,2,130.89003000641242,168.58743599732406,355.8010519918753,154.9920889956411
5,0,0,0,1,0,1,89,280.8547360036755,160.7131969940383,579.9013320065569,174.32406099396758
84,0,0,0,6,0,1,1,697.3005369945895,661.4272750011878,730.7514260028256,339.0245299960952
6,0,0,0,0,0,0,3,131.58582399773877,183.9055809978163,343.43865199480206,171.0639109951444
8,0,0,0,2,0,1,2,127.1891860087635,171.46968000452034,340.2931839955272,157.42859699821565
2,0,0,0,0,0,0,4475,98.39489799924195,72.90356799785513,144.5140639989404,87.58485098951496
59,0,0,0,5,0,1,1,704.6011299971724,595.8623839978827,771.2270409974735,416.22648599150125
1,0,0,0,0,0,0,4295,56.14521300594788,75.18488199275453,255.50228600332048,152.06269299960695
22,0,0,0,2,0,1,2,711.4149690023623,679.8467919870745,506.1564549978357,364.0710009931354
2,0,0,0,0,0,0,3532,108.91885099408682,150.3367390105268,293.26011799275875,167.83753200434148
3,0,0,0,0,0,0,347,126.01503499899991,175.50499699427746,324.85407700005453,167.88379498757422
31,0,0,0,3,0,1,1,604.4558720022906,567.5210470071761,482.17740400286857,221.60705200803932
2,0,0,0,0,0,0,3532,112.96754398790654,154.26146300160326,262.26723899890203,123.12503000430297
4,0,0,0,0,0,0,528,121.27827999938745,172.8281940013403,321.9164209876908,160.87002400308847
8,0,0,0,0,0,0,1,129.13341099920217,185.98506800481118,347.8066029929323,171.58082500100136
5,0,0,0,0,0,0,17,133.31654299690854,183.4833519969834,341.6741330001969,172.76088999642525
1,0,0,0,0,0,0,9914,80.81251999828964,107.44419999537058,244.21703899861313,157.81319100642577
7,0,0,0,1,0,1,1,64.98215399915352,85.78738301002886,172.51096598920412,82.01136700517964
19,0,0,0,3,0,1,1,144.1015799937304,175.73103599715978,399.8259939980926,166.54046899930108
3,0,0,0,0,0,0,1484,125.90023899974767,176.47849000059068,323.3713939989684,173.15137998957653
5,0,0,0,0,0,0,121,131.1034579994157,186.61350599722937,338.8342440011911,173.4433910023654
2,0,0,0,0,0,0,4475,54.37179800355807,72.8306280070683,144.31983200483955,86.06786601012573
12,0,0,0,2,0,1,1,148.77828799944837,176.88184599683154,381.3715809956193,167.0962200005306
1,0,0,0,0,0,0,8399,78.87180900434032,107.64736200508196,239.2603059997782,155.25120400707237
23,0,0,0,5,0,1,1,339.5193710020976,298.5064999957103,640.8669980010018,201.91516399790999
3,0,0,0,0,0,0,1484,124.74723800551146,175.38296298880596,324.4154079875443,173.57487599656451
4,0,0,0,0,0,0,62,133.56520699744578,180.1632449933095,334.4266109925229,169.71836599987
1,0,0,0,0,0,0,9914,42.64427800080739,56.793116993503645,124.4424010073999,82.06892300222535
3,0,0,0,0,0,0,489,121.16104399319738,168.07672900904436,312.0991820032941,153.18702800141182
2,0,0,0,0,0,0,1998,110.57833800441585,151.37902200513054,291.23846199945547,170.8284350024769
15,0,0,0,1,0,1,62,615.2085619978607,696.8264259921852,614.6432269888464,397.4711250048131
2,0,0,0,0,0,0,4475,106.12184699857607,146.8150290020276,281.3667330046883,170.27563699230086
1,0,0,0,0,0,0,8399,80.32663399353623,108.74529300781433,242.78702099400107,157.05848300422076
11,0,0,0,0,0,0,1,65.376059996197,86.16399099992123,246.9020749995252,154.32179599883966
4,0,0,0,0,0,0,248,129.0855060069589,181.103097012965,330.4394580045482,169.98237300140318
98,0,0,0,5,0,1,1,546.9327860046178,534.479359004763,779.7066909988644,356.7498640040867
5,0,0,0,1,0,1,3,125.45376000343822,174.8418710049009,339.2048549867468,165.25189799722284
5,0,0,0,0,0,0,3,68.2458169903839,92.07078599138185,173.40653800056316,87.69895699515473
3,0,0,0,0,0,0,1484,125.13146801211406,175.03158599720336,320.3626770118717,170.71512599068228
2,0,0,0,0,0,0,4804,112.19707599957474,156.8212309939554,296.6593299934175,173.9434019982582
7,0,0,0,0,0,0,3,130.63861800765153,179.53150400717277,344.19439900375437,168.95241900056135
1,0,0,0,0,0,0,4295,106.08514799969271,150.24522799649276,254.43325800006278,76.66472799610347
30,0,0,0,4,0,1,1,391.4148259937065,389.93501900404226,486.56556599598844,238.22381999343634
4,0,0,0,1,0,1,405,131.75565798883326,184.94043400278315,331.3973129988881,173.45397900498938
3,0,0,0,0,0,0,99,128.74586699763313,182.51898400194477,338.2718699867837,171.1354839935666
3,0,0,0,0,0,0,803,117.06302699167281,166.34300599980634,311.4612069912255,158.25660299742594
5,0,0,0,1,0,1,2,124.62961199344136,177.015217996086,317.36048799939454,145.64286499808077
5,0,0,0,0,0,0,5,125.95740098913666,175.78986000444274,331.4357080089394,165.58025100675877
2,0,0,0,0,0,0,4804,59.57700600265525,79.42980299412739,151.7923339997651,89.23182099533733
3,0,0,0,0,0,0,1448,60.38491000072099,103.73976299888454,306.3339399959659,160.22672000690363
1,0,0,0,0,0,0,8533,99.9308329919586,137.87386899639387,274.3469529959839,153.6014180019265
1,0,0,0,0,0,0,8399,80.93076800287236,108.53089499869384,244.59919400396757,105.95920900232159
2,0,0,0,0,0,0,2666,103.80609199637547,140.80486301099882,281.42550599295646,160.58168000017758
1,0,0,0,0,0,0,8533,100.53880799387116,135.36217399814632,271.4229639968835,155.59242099698167
2,0,0,0,0,0,0,2666,53.07008299860172,70.65179500204977,220.10748599132057,160.32769798766822
2,0,0,0,0,0,0,709,59.16094800340943,79.64256299601402,156.93712698703166,87.25025699823163
23,0,0,0,4,0,1,1,357.7400049980497,183.1005869898945,612.055674995645,179.83439899398945
4,0,0,0,1,0,1,77,124.33082099596504,167.66108300362248,322.7622580016032,153.9861580095021
14,0,0,0,3,0,1,4,130.2338669920573,174.51149299449753,373.38588600687217,156.00965300109237
6,0,0,0,1,0,1,3,111.56366800423712,170.45575300289784,337.18758598843124,122.57945700548589
3,0,0,0,0,0,0,22,63.23773899930529,84.14833599817939,261.3630089908838,127.17534699186217
3,0,0,0,0,0,0,119,123.15594298706856,171.248200989794,315.6903499912005,156.88330499688163
3,0,0,0,0,0,0,155,131.71389998751692,181.44123400270473,333.2060300017474,103.08370999700855
13,0,0,0,2,0,1,18,576.6837960109115,538.286141003482,652.9569000122137,508.5135410045041
5,0,0,0,0,0,0,36,63.965558001655154,87.05180398828816,262.9260899993824,159.2341990035493
31,0,0,0,2,0,1,1,633.2186450017616,604.7430699982215,518.9011920010671,354.19304700917564
3,0,0,0,0,0,0,12,126.57244100410026,176.89076901297085,326.54431799892336,164.68440201424528
2,0,0,0,0,0,0,3627,116.21579799975734,159.0245140105253,299.0453439997509,163.77603700675536
2,0,0,0,0,0,0,2666,53.71836500125937,70.81707200268283,230.63174801063724,158.91932099475525
150,0,0,0,10,0,1,1,785.0569610018283,739.7425219969591,833.0892049998511,268.8841909985058
155,0,0,0,30,0,1,1,390.2968199981842,383.8988709903788,1200.4066160006914,219.73267699650023
11,0,0,0,0,0,0,1,122.74816900026053,111.32754500431474,203.17849499406293,80.53031899908092
23,0,0,0,4,0,1,1,417.50841999601107,413.4894210001221,442.37362300918903,393.34178499120753
3,0,0,0,0,0,0,10,128.88746400130913,176.88668800110463,272.8421929932665,168.23364500305615
1,0,0,0,0,0,0,4295,106.19572999712545,146.67749601358082,281.8973770044977,150.28435000567697
3,0,0,0,0,0,0,602,129.17517799360212,179.04803399869706,325.99636699887924,170.5065660062246
2,0,0,0,0,0,0,4804,59.720673991250806,79.16653099528048,153.24571800010744,89.18510600051377
3,0,0,0,0,0,0,20,121.70050700660795,172.99343799822964,317.1603669907199,154.3070179905044
9,0,0,0,0,0,0,1,119.21492101100739,166.29791900049895,327.3618630046258,148.6977169988677
2,0,0,0,0,0,0,536,119.27752100746147,166.73165300744586,308.8370699988445,153.2903289917158
3,0,0,0,0,0,0,43,123.84985599783249,172.42821599938907,315.0946400128305,153.84314500261098
1,0,0,0,0,0,0,9122,67.93642899719998,88.85833199019544,224.08723400440067,157.52720599994063
6,0,0,0,0,0,0,3,134.76627199270297,185.1052119891392,350.1886239973828,176.72550000133924
7,0,0,0,0,0,0,37,124.89873499725945,173.08242998842616,328.9814750023652,161.05689300457016
2,0,0,0,0,0,0,4804,113.66233199078124,157.36310099600814,295.6540700106416,176.36946198763326
3,0,0,0,0,0,0,1484,127.26030600606464,178.51812900335062,325.25219199305866,171.38442798750475
4,0,0,0,1,0,1,530,346.06039999925997,304.15248799545225,465.3198669984704,371.0375259979628
5,0,0,0,1,0,1,80,132.44559599843342,179.48400699242484,334.7123730054591,168.20998099865392
5,0,0,0,0,0,0,3,127.23133400140796,176.68695500469767,330.6040099996608,162.99110499676317
58,0,0,0,3,0,1,1,653.7648929952411,614.4069799920544,626.9668710010592,213.66943800239824
13,0,0,0,2,0,1,1,360.24352500680834,357.72539100435097,557.6468240033137,154.90758999658283
14,0,0,0,4,0,1,14,151.2946700095199,184.33357299363706,403.8015299884137,171.53433299972676
47,0,0,0,3,0,1,1,344.5915850024903,313.9056310028536,325.98547798988875,105.69646599469706
31,0,0,0,2,0,1,4,797.8347869939171,768.5241849976592,527.4461749941111,366.41893499472644
1,0,0,0,0,0,0,9914,80.93683599145152,109.83289600699209,245.3344899986405,160.85059801116586
1,0,0,0,0,0,0,8533,99.24001200124621,136.8769929977134,269.74218199029565,152.0197210047627
1,0,0,0,0,0,0,9230,33.19588099839166,68.50661100179423,198.79044700064696,152.09915100422222
1,0,0,0,0,0,0,8533,98.85817399481311,135.44034300139174,271.24313499371056,153.7973700033035
12,0,0,0,1,0,1,3,126.05502699443605,162.1570759889437,348.3699089993024,146.2949370034039
3,0,0,0,1,0,1,1479,336.3570290093776,400.6476170034148,401.2110540061258,338.6465270014014
3,0,0,0,0,0,0,2,123.90764900192153,167.93689400947187,313.337842002511,151.30950899037998
31,0,0,0,5,0,1,1,430.1731690065935,308.1877810036531,357.5471530057257,209.51062301173806
3,0,0,0,0,0,0,489,123.05804800416809,169.26470999896992,314.00238900096156,152.5399149977602
1,0,0,0,0,0,0,9122,66.65820599300787,89.04212700144853,218.3785950037418,155.7832190010231
8,0,0,0,2,0,1,14,428.4552879980765,415.5102530057775,526.1412979889428,402.59575100208167
3,0,0,0,0,0,0,588,124.62552099896129,172.07950200827327,323.88491299934685,169.52262200356927
2,0,0,0,0,0,0,988,112.65991299296729,162.79531399777625,281.2857940007234,76.37358199281152
3,0,0,0,0,0,0,1070,126.1795079917647,176.55417700007092,329.543208994437,169.64767999888863
1,0,0,0,0,0,0,1511,109.48190499038901,153.7526480096858,290.4251729923999,147.21973400446586
3,0,0,0,0,0,0,1484,126.66318999254145,173.868029989535,326.6081350011518,172.07367801165674
3,0,0,0,0,0,0,184,120.86118900333531,174.70876000879798,316.42649600689765,158.40254299109802
61,0,0,0,8,0,1,1,475.8015580009669,450.4292399942642,727.5334049918456,322.5769050040981
3,0,0,0,1,0,1,1445,140.81958000315353,168.13093698874582,225.16794099647086,182.17962900234852
8,0,0,0,0,0,0,1,128.26550399768166,178.8018260122044,343.2671429909533,167.90027300885413
10,0,0,0,0,0,0,1,132.52958199882414,182.53889799234457,353.54603998712264,171.4051900053164
10,0,0,0,0,0,0,1,133.88940000731964,188.79937600286212,331.3622719870182,91.47132700309157
36,0,0,0,4,0,1,1,227.5386060064193,284.12307699909434,710.1400169922272,421.02814398822375
5,0,0,0,1,0,1,2,372.33924100291915,185.10200399032328,563.1918750004843,172.53949299629312
3,0,0,0,0,0,0,1484,124.75938799616415,176.6871879954124,326.6718380036764,172.17864499252755
7,0,0,0,1,0,1,1,365.102752999519,178.7733700039098,555.0899889931316,173.26089499692898
1,0,0,0,0,0,0,8533,98.20467499957886,136.02024099964183,267.7767340064747,153.93013099674135
1,0,0,0,0,0,0,9230,52.373749000253156,69.0456570009701,198.1581180007197,152.0680719986558
6,0,0,0,0,0,0,5,120.92167900118511,105.89388100197539,337.3324409913039,169.64514199935365
3,0,0,0,0,0,0,560,65.34015499346424,87.5039789971197,164.984301009099,86.56411500123795
5,0,0,0,1,0,1,27,120.59821300499607,172.64405399328098,325.9449499892071,153.46312400652096
3,0,0,0,0,0,0,230,119.46533099398948,169.63712700817268,314.1316330002155,152.96481500263326
8,0,0,0,1,0,1,1,128.26872199366335,182.39556399930734,353.4952140034875,167.73629099770915
1,0,0,0,0,0,0,9122,66.92554800247308,89.09226099785883,221.8869460048154,157.91182698740158
24,0,0,0,2,0,1,1,690.7920429948717,654.2260930000339,705.3681849938584,537.5205989985261
5,0,0,0,1,0,1,12,65.21426000108477,86.71874400170054,170.27319301269017,84.89013700454962
3,0,0,0,0,0,0,286,124.008054001024,170.27348399278708,318.96019499981776,156.40678998897783
30,0,0,0,4,0,1,1,124.18852500559296,162.5842570065288,414.6298179985024,146.19289300753735
6,0,0,0,1,0,1,1,363.91363499569707,182.84488399513066,521.5421180037083,177.09073399601039
7,0,0,0,0,0,0,1,121.1261709977407,168.5299800010398,324.0004039980704,155.81175799889024
7,0,0,0,1,0,1,2,132.7533200092148,160.3482799982885,182.61990199971478,87.08876499440521
1,0,0,0,0,0,0,9122,66.54327700380236,86.93543299159501,219.98703700955957,156.09812599723227
1,0,0,0,0,0,0,8533,99.45214600884356,137.89343800453935,271.24585199635476,153.32828300597612
2,0,0,0,0,0,0,3627,116.85628599661868,161.3836249889573,307.09539201052394,168.22680499171838
7,0,0,0,1,0,1,9,67.50029599061236,127.0045799901709,344.8188949987525,165.27321400644723
1,0,0,0,0,0,0,256,114.84300100710243,159.88360199844465,298.5647280002013,147.25122199160978
3,0,0,0,1,0,1,1445,266.05471900256816,323.56566200905945,425.41285199695267,363.29982899769675
2,0,0,0,0,0,0,1556,59.152089001145214,79.7189500008244,153.03921099985018,79.99664099770598
12,0,0,0,0,0,0,1,124.98969399894122,172.43868199875578,345.97765101352707,128.5864379897248
1,0,0,0,0,0,0,1901,105.94570200191811,148.08298498974182,282.7678339963313,144.8861270037014
1,0,0,0,0,0,0,9914,42.376618992420845,56.518469005823135,124.27439099701587,81.8030880036531
1,0,0,0,0,0,0,9230,54.85928800771944,69.86905699886847,201.8374970066361,153.60673099348787
3,0,0,0,0,0,0,2044,124.46395499864593,171.25964399019722,315.9152309963247,171.6331799980253
6,0,0,0,1,0,1,34,358.59425700618885,177.30756099626888,520.6073220033431,172.55940700124484
4,0,0,0,0,0,0,13,121.05118700128514,162.96439099824056,310.46717400022317,150.6530129991006
12,0,0,0,2,0,1,1,120.18679399625398,165.6708910013549,347.4376160011161,150.64581000478938
7,0,0,0,1,0,1,20,135.54741701227613,179.3674100044882,347.39205200457945,166.41485500440467
2,0,0,0,0,0,0,1340,116.15569300192874,162.0200309989741,302.1893819968682,169.67912900145166
8,0,0,0,0,0,0,2,70.68153300497215,92.46045899635646,178.50386300415266,88.01676899020094
11,0,0,0,1,0,1,1,119.59719200967811,162.30022799572907,336.54794401081745,147.23048800078686
1,0,0,0,0,0,0,9122,66.22988899471238,88.1176940019941,223.05624300497584,158.47443099482916
6,0,0,0,1,0,1,2,366.14580899185967,179.42402200424112,551.9144830032019,172.70001200085972
2,0,0,0,0,0,0,1827,108.3477119973395,135.7051520026289,147.09722400584724,91.00856899749488
3,0,0,0,0,0,0,18,119.93662199529354,164.1368419950595,310.03832299029455,151.22983799665235
10,0,0,0,0,0,0,1,130.16560100368224,183.38115699589252,354.9517119972734,171.1949329910567
10,0,0,0,0,0,0,1,123.55197699798737,171.80038100923412,263.5412679956062,156.69410399277695
12,0,0,0,3,0,1,1,65.41706599819008,87.41369799827226,359.18139200657606,158.82927500933874
2,0,0,0,0,0,0,3160,115.50114399869926,165.30948798754252,297.81573300715536,153.90123501128983
56,0,0,0,3,0,1,1,561.7366450023837,531.2974080006825,639.4529630051693,399.79666301223915
7,0,0,0,1,0,1,46,123.62129599205218,172.8577259927988,340.6623290065909,162.55173599347472
22,0,0,0,4,0,1,1,64.51193400425836,139.91139900463168,406.0722069989424,157.30966000410262
19,0,0,0,4,0,1,1,358.42807999870274,184.27504299324937,599.1897159983637,178.9749689924065
5,0,0,0,1,0,1,25,124.34381200000644,172.66879600356333,286.29362500214484,80.56511598988436
2,0,0,0,0,0,0,371,124.7348199976841,178.57440099760424,316.42912900133524,166.0769430018263
5,0,0,0,1,0,1,7,69.44767000095453,93.161841010442,178.3852180087706,88.64759000425693
4,0,0,0,0,0,0,1,129.4384170032572,177.79169899586122,328.9630200015381,163.92412899585906
2,0,0,0,0,0,0,1340,114.95394000667147,161.9507700088434,302.79927198716905,165.72812499362044
5,0,0,0,0,0,0,75,126.32629899599124,174.22837000049185,324.8346959881019,157.4620579922339
2,0,0,0,0,0,0,1827,107.1114809892606,151.05223099817522,286.2121299986029,147.81658099673223
57,0,0,0,2,0,1,1,462.54350199887995,618.3484360080911,491.69997198623605,264.1188749985304
1,0,0,0,0,0,0,9914,82.67329599766526,110.76219299866352,241.15844300831668,159.12608199869283
68,0,0,0,4,0,1,1,648.2179320009891,612.902501001372,796.2764010007959,438.26617099693976
3,0,0,0,0,0,0,472,123.97105299169198,178.63794199365657,327.6829499955056,162.5486480043037
2,0,0,0,0,0,0,4804,112.1215910097817,157.0612350042211,295.70053599309176,161.15352899942081
54,0,0,0,3,0,1,1,319.6053249994293,537.8625039884355,622.5125430064509,365.6152280018432
11,0,0,0,2,0,1,6,473.2367420074297,443.6500919982791,541.7891059914837,411.0047829890391
5,0,0,0,0,0,0,59,120.34299099468626,163.781644005212,312.8137129970128,150.7819480029866
13,0,0,0,1,0,1,1,262.51639299152885,91.29538299748674,358.50262599706184,170.5834760068683
5,0,0,0,1,0,1,22,131.60899600188714,174.28129298787098,263.9928270073142,81.03953298996203
6,0,0,0,1,0,1,29,131.1735039926134,181.91119200491812,347.5183489936171,169.78067900345195
70,0,0,0,3,0,1,1,664.8486460035201,630.016543000238,592.5152600102592,316.9780400057789
7,0,0,0,0,0,0,10,65.83272400894202,166.45597999740858,322.0318380044773,151.1833640106488
2,0,0,0,0,0,0,13,63.67656998918392,82.20199200150091,154.8502810037462,75.91549400240183
3,0,0,0,0,0,0,2044,121.31594899983611,171.14696300996002,319.40002299961634,171.8661369959591
12,0,0,0,3,0,1,4,131.7658619955182,184.27579700073693,385.70180199167226,171.31312700803392
7,0,0,0,1,0,1,1,367.2794669982977,180.98476200248115,572.216431988636,176.06225299823564
5,0,0,0,0,0,0,312,121.46092299371958,173.6136559920851,323.68059300642926,180.34128300496377
2,0,0,0,0,0,0,1827,56.01278500398621,76.48278200940695,146.8969690031372,76.05970199801959
11,0,0,0,2,0,1,5,371.0851020005066,189.19014401035383,514.9778129998595,179.05130599683616
4,0,0,0,0,0,0,1,119.57629400421865,165.0423020037124,311.63688900414854,147.30412801145576
4,0,0,0,0,0,0,87,132.5957070075674,186.0912289994303,342.17819399782456,174.50044699944556
1,0,0,0,0,0,0,1190,112.4948310025502,155.62032999878284,294.11484400043264,148.64918300008867
1,0,0,0,0,0,0,4295,107.77005400450435,150.142123005935,289.3395650025923,150.21566199720837
3,0,0,0,0,0,0,1070,65.55822200607508,89.62040100595914,221.7654690030031,129.36006599920802
1,0,0,0,0,0,0,9122,66.98307700571604,87.83995900012087,222.85846799786668,159.3970760004595
1,0,0,0,0,0,0,8399,78.35985498968512,108.44874900067225,241.95254800724797,159.24389999418054
7,0,0,0,1,0,1,2,120.2082030067686,164.35143299167976,328.3792299916968,148.24295800644904
3,0,0,0,0,0,0,1626,66.13964500138536,108.08218699821737,329.94489900011104,173.77406999003142
44,0,0,0,4,0,1,1,571.6405900020618,503.1845269986661,568.6517150024883,424.36150400317274
8,0,0,0,1,0,1,213,364.5621839968953,444.67192799493205,492.5416689948179,397.0715010073036
25,0,0,0,5,0,1,1,360.82253800123,181.0655110020889,530.1560100051574,177.33199999202043
160,0,0,0,9,0,1,1,806.4330509951105,550.8203920035157,435.44332499732263,154.09671400266234
3,0,0,0,0,0,0,1862,122.89252900518477,173.3909039903665,256.7317590001039,88.13980700506363
3,0,0,0,0,0,0,521,116.72209600510541,162.13215900643263,304.9037059972761,149.41492000070866
21,0,0,0,1,0,1,7,742.8066300053615,828.0219830048736,358.12333300418686,148.33939299569465
2,0,0,0,0,0,0,3160,117.67408999730833,162.8644870070275,301.5061660116771,155.31405599904247
3,0,0,0,0,0,0,152,131.24406400311273,176.68166301154997,326.8341479997616,173.20319000282325
3,0,0,0,0,0,0,455,121.38674600282684,171.17778900137637,314.93538300856017,158.73635601019487
3,0,0,0,0,0,0,1862,123.97801599581726,174.11843700392637,321.3965539907804,166.74649299238808
10,0,0,0,2,0,1,59,389.8201690026326,382.8127530141501,509.3283419992076,379.158568001003
2,0,0,0,0,0,0,3160,76.1044300015783,160.76009599782992,300.22829699737485,155.30372600187548
4,0,0,0,0,0,0,293,119.86644500575494,168.1986439944012,318.56889999471605,161.3588510081172
1,0,0,0,0,0,0,9230,53.766665994771756,69.67895101115573,200.2427420084132,157.57950600527693
1,0,0,0,0,0,0,2186,82.68494000367355,76.6010959923733,150.88978200219572,80.7554600032745
5,0,0,0,1,0,1,21,70.6330090033589,88.62843200040516,293.62775199115276,214.75037701020483
9,0,0,0,1,0,1,2,124.65066400181968,172.10249199706595,338.72373899794184,157.51087400713004
8,0,0,0,0,0,0,1,95.37425798771437,87.0071840035962,171.200411990867,82.83339599438477
37,0,0,0,3,0,1,1,588.1727380037773,551.2471609981731,678.8336580066243,444.45214900770225
6,0,0,0,0,0,0,271,63.96138398849871,87.10789399628993,306.3067910115933,178.4919460042147
6,0,0,0,1,0,1,5,131.37510399974417,172.03870198864024,336.89798299747054,158.53768099623267
33,0,0,0,5,0,1,1,127.6058419898618,176.0590360063361,444.158410988166,164.92485099297483
5,0,0,0,0,0,0,2,123.1770449958276,173.82218400598504,323.3972940070089,161.22512800211553
5,0,0,0,0,0,0,13,61.91044399747625,81.06782600225415,159.9103859916795,76.3093160057906
5,0,0,0,0,0,0,50,130.36621299397666,182.12257100094575,339.49415500683244,172.28055800660513
4,0,0,0,0,0,0,81,128.9000289980322,180.94459200801793,330.0170580041595,89.58206600800622
2,0,0,0,0,0,0,2666,99.25772399583366,138.66581999172922,277.0373959938297,141.48834699881263
15,0,0,0,1,0,1,21,652.2217400051886,743.837201007409,517.7678600011859,397.55559799959883
19,0,0,0,4,0,1,1,129.24575799843296,176.57825400237925,402.6174699974945,163.45164900121745
2,0,0,0,0,0,0,3160,115.3807309892727,165.41866000625305,302.8551780007547,155.75105999596417
5,0,0,0,0,0,0,1,70.12748101260513,117.12447299214546,211.3996089901775,87.86062999570277
4,0,0,0,0,0,0,16,128.26580299588386,178.4548740106402,330.45980498718563,165.55492900079116
13,0,0,0,2,0,1,1,457.87734299665317,449.02533300046343,553.8880789972609,453.08880900847726
1,0,0,0,0,0,0,8399,79.14186001289636,107.07554800319485,244.1892810020363,158.77275299862958
1,0,0,0,0,0,0,8533,98.75450498657301,112.63188500015531,140.5687329970533,80.05099900765345
2,0,0,0,0,0,0,31,118.24623400752898,165.60239999671467,305.2152930031298,148.74571400287095
5,0,0,0,0,0,0,7,65.9641370002646,138.83183200960048,326.76540600368753,160.94228300789837
38,0,0,0,2,0,1,13,631.0906409926247,595.4146370058879,585.8053529955214,397.96189400658477
3,0,0,0,0,0,0,119,120.95452900393866,170.51234300015494,316.37137600046117,156.18567400088068
54,0,0,0,9,0,1,1,364.10050200356636,186.22200700337999,726.6231379908277,178.80488200171385
19,0,0,0,3,0,1,1,359.1414080001414,182.5722850044258,580.0925329967868,172.32794800656848
3,0,0,0,0,0,0,9,131.2208540039137,177.29479100671597,266.2089380028192,84.89199000177905
2,0,0,0,0,0,0,693,59.20708100893535,80.96535700315144,153.14841299550608,78.58176399895456
5,0,0,0,1,0,1,12,123.2950109988451,170.32757699780632,328.1811749911867,158.23218000878114
1,0,0,0,0,0,0,9914,80.40834100393113,110.73043500073254,241.82871999801137,160.81161999318283
2,0,0,0,0,0,0,1827,108.66048400930595,150.68285699817352,288.5389469884103,151.03100500709843
2,0,0,0,0,0,0,4804,112.7183249918744,156.91288000380155,242.02807300025597,87.93461600726005
3,0,0,0,0,0,0,114,117.58994599222206,160.973844002001,305.46103000233416,148.51863199146464
17,0,0,0,3,0,1,1,458.7195600033738,445.7905010058312,619.4090040080482,420.55595299461856
5,0,0,0,1,0,1,490,212.33684300386813,482.3877590097254,492.740945002879,401.9164350029314
8,0,0,0,0,0,0,1,65.37141499575227,86.5475280006649,252.6513760094531,157.9846800013911
10,0,0,0,1,0,1,1,128.9648100064369,169.78143999585882,346.9186570000602,155.95754398964345
7,0,0,0,2,0,1,82,399.11354999640025,381.76290699630044,499.36977900506463,378.0202619964257
7,0,0,0,0,0,0,1,124.95515399496071,173.930802004179,330.5329389986582,160.15867100213654
1,0,0,0,0,0,0,8399,78.1840400013607,106.0061960015446,239.33781299274415,156.72117299982347
6,0,0,0,2,0,1,316,308.72395799087826,312.2315000073286,487.2515550086973,354.2418099968927
1,0,0,0,0,0,0,1901,90.30161499686074,74.68659400183242,145.739711006172,76.74813299672678
39,0,0,0,2,0,1,1,151.90657300991006,188.07178999122698,437.8565869992599,167.99682499549817
12,0,0,0,1,0,1,64,408.2563780102646,482.991533994209,602.8655169939157,495.2920359937707
2,0,0,0,0,0,0,1827,107.85643200506456,152.7739600132918,286.0968120075995,147.09852200758178
2,0,0,0,0,0,0,31,63.137859004200436,85.09653199871536,159.54303900070954,78.91831301094498
1,0,0,0,0,0,0,8533,99.00772300898097,137.52606000343803,272.3423110001022,153.37272299802862
27,0,0,0,2,0,1,2,339.8861659952672,206.36088598985225,598.8023020036053,470.3994880110258
3,0,0,0,0,0,0,342,115.8129350078525,163.29062700970098,306.3916389946826,149.3540820083581
4,0,0,0,1,0,1,375,120.90629000158515,165.77151700039394,317.5809439999284,178.03490199730732
2,0,0,0,0,0,0,4804,114.82307099504396,157.9109599988442,298.57159200764727,175.58957300207112
3,0,0,0,0,0,0,521,117.24208400119096,162.26240099058487,303.50936800823547,112.79868600831833
4,0,0,0,1,0,1,405,129.946763991029,182.6268419972621,334.4231230003061,173.47852099919692
4,0,0,0,0,0,0,384,128.03852499928325,182.26525800128002,331.44212600018363,167.9348230100004
6,0,0,0,1,0,1,2,383.37693600624334,182.58304899791256,557.6944420026848,129.14685600844678
1,0,0,0,0,0,0,2186,89.81393399881199,152.859484005603,290.37229999084957,76.82977999502327
2,0,0,0,0,0,0,877,126.03429800947197,172.11580199364107,319.9264349968871,164.04456400778145
10,0,0,0,1,0,1,6,376.5626329986844,186.57116800022777,580.3894069977105,173.158041012357
5,0,0,0,1,0,1,490,397.3923939920496,472.20941600971855,487.4993849953171,403.2957989984425
82,0,0,0,8,0,1,1,723.9476980030304,540.2020629990147,747.8446850000182,242.54106200532988
2,0,0,0,0,0,0,4475,104.98607000045013,145.9226050064899,282.6509940059623,169.73917199356947
3,0,0,0,0,0,0,19,119.54586699721403,164.41699099959806,308.24625901004765,146.8547730037244
6,0,0,0,0,0,0,15,114.3725279980572,165.41234900068957,261.3060250005219,149.3699389975518
7,0,0,0,2,0,1,82,392.68153099692427,287.0936199906282,292.1337820007466,380.7514490035828
4,0,0,0,1,0,1,295,370.26929600688163,441.9817449961556,467.61769900331274,331.0273839888396
3,0,0,0,0,0,0,588,125.5613009998342,175.02519900153857,199.03455999155995,88.02162800566293
1,0,0,0,0,0,0,9122,67.36516300588846,86.95900499878917,221.05607298726682,156.15324799728114
3,0,0,0,0,0,0,57,135.75757900252938,183.36723100219388,334.80882398725953,173.21716700098477
13,0,0,0,1,0,1,11,333.97440500266384,688.9812570007052,520.7465369894635,407.4650890106568
1,0,0,0,0,0,0,8399,79.276068994659,108.0168039916316,243.30271199869458,156.30205899651628
2,0,0,0,0,0,0,4475,54.63463299383875,72.79762299731374,146.431126006064,88.05036501144059
22,0,0,0,4,0,1,1,92.19647600548342,185.12980500236154,424.1806419886416,167.53415200219024
3,0,0,0,0,0,0,347,127.92709599307273,178.73830600001384,326.92366499395575,168.39881100167986
4,0,0,0,1,0,1,461,309.37720798829105,174.0194730082294,434.986538006342,95.92096500273328
24,0,0,0,4,0,1,1,456.6368980013067,441.28743500914425,642.040040998836,221.9059329945594
3,0,0,0,0,0,0,1626,130.4485279979417,182.68574999819975,330.58423100737855,175.81483301182743
3,0,0,0,0,0,0,135,66.91386699094437,95.40436099632643,171.452364011202,90.60530499846209
3,0,0,0,0,0,0,521,116.34090398729313,161.42067201144528,302.04786598915234,151.44748899911065
1,0,0,0,0,0,0,8533,99.477312003728,135.35057699482422,272.11167199129704,158.3821620006347
5,0,0,0,1,0,1,19,120.63739000586793,163.9323130075354,319.6652109909337,150.14152399089653
3,0,0,0,0,0,0,39,128.7294570065569,183.20104900340084,334.1723949997686,169.1434090025723
1,0,0,0,0,0,0,1511,110.41075299726799,153.94033001211938,289.41915299219545,149.54217000922654
1,0,0,0,0,0,0,9122,67.01260300178546,89.5057040033862,162.46327900444157,153.59636099310592
5,0,0,0,1,0,1,1,130.85468800272793,129.77222999325022,168.34413399919868,80.77012099965941
7,0,0,0,1,0,1,320,474.653708995902,549.8132399952738,548.4291860047961,449.6375220041955
1,0,0,0,0,0,0,9122,66.65624398738146,88.83311299723573,219.91677599726245,157.5611340085743
4,0,0,0,0,0,0,26,122.10222599969711,166.59367799002212,244.96241701126564,77.42721500108019
3,0,0,0,0,0,0,344,119.94969900115393,166.60894200322218,309.6264619962312,110.70559101062827
2,0,0,0,0,0,0,3095,110.92613099026494,153.70721100771334,296.4891129959142,169.87321099441033
3,0,0,0,0,0,0,15,121.36603600811213,168.91687200404704,317.83852199441753,161.32343899516854
2,0,0,0,0,0,0,224,125.92894199769944,177.14445799356326,319.22313300310634,164.42360398650635
1,0,0,0,0,0,0,1901,106.67375999037176,145.60109800368082,284.0655479958514,146.06558399100322
2,0,0,0,0,0,0,4475,54.43871799798217,73.11147599830292,243.48788199131377,168.59521500009578
4,0,0,0,0,0,0,3,99.73393099789973,169.35280899633653,311.2885459995596,152.5792150059715
7,0,0,0,1,0,1,4,369.60573599208146,185.0569409871241,568.8272810075432,175.92922601033933
24,0,0,0,2,0,1,4,620.8474619925255,540.3614539973205,363.58673099312,273.50128200487234
1,0,0,0,0,0,0,8399,79.02475199080072,108.17495599621907,238.21752199728508,156.20821800257545
13,0,0,0,1,0,1,1,122.95675699715503,171.16492000059225,356.2382329982938,159.24297999299597
8,0,0,0,1,0,1,3,123.5975210001925,172.1548490022542,337.75283899740316,156.71411700895987
10,0,0,0,1,0,1,1,129.49507699522655,167.78107899881434,347.02879599353764,157.07073399971705
34,0,0,0,5,0,1,1,681.1856660060585,645.2585590013769,763.535612000851,189.37035799899604
6,0,0,0,0,0,0,4,122.53059199429117,167.7191100025084,324.3820210045669,155.43510200222954
20,0,0,0,4,0,1,1,65.44026399205904,87.87059399764985,214.72722900216468,162.86059298727196
5,0,0,0,1,0,1,79,368.1626079924172,193.27944799442776,555.8689250028692,183.40452200209256
5,0,0,0,1,0,1,12,122.69984399608802,176.25935800606385,330.8551039954182,158.64812899963
80,0,0,0,15,0,1,1,401.7438779992517,371.10624999331776,859.543417012901,203.52134101267438
4,0,0,0,0,0,0,260,127.38385700504296,130.56518298981246,170.80741201061755,88.30912499979604
2,0,0,0,0,0,0,3532,110.5070199992042,152.47465600259602,294.8122000088915,166.7656799982069
4,0,0,0,0,0,0,1,126.17588198918384,175.7162790017901,323.8725099945441,164.45679700700566
3,0,0,0,0,0,0,210,128.12207099341322,175.1154989906354,326.49518000835087,168.65511999640148
1,0,0,0,0,0,0,9914,79.89116699900478,108.61528899113182,245.06611200922634,144.10062799288426
3,0,0,0,0,0,0,1448,60.05127700336743,81.00662801007275,157.7213240088895,147.8422229993157
1,0,0,0,0,0,0,8533,98.67501200642437,139.43401699361857,272.2497250069864,154.1168269905029
6,0,0,0,0,0,0,2,118.58085700077936,163.25637699628714,312.64247999934014,148.59166200039908
5,0,0,0,0,0,0,133,129.21316099527758,179.9064529914176,336.8646729941247,170.2787180111045
4,0,0,0,0,0,0,383,122.6782710000407,171.35597601009067,322.09110898838844,176.15231800300535
2,0,0,0,0,0,0,1827,106.65001500456128,151.98538900585845,290.2353309909813,151.45521399972495
3,0,0,0,0,0,0,2044,122.83488899993245,171.53934598900378,318.2337379985256,164.90818199235946
5,0,0,0,0,0,0,40,121.47492800431792,165.32149600971024,316.64888000523206,149.30692200141493
5,0,0,0,1,0,1,21,129.15710799279623,175.40707800071687,330.519812006969,154.04530600062571
6,0,0,0,1,0,1,2,368.1816740136128,181.93630099995062,556.3836910005193,181.51268998917658
1,0,0,0,0,0,0,8533,99.90083600860089,138.8529749965528,275.619544001529,155.4875909932889
5,0,0,0,0,0,0,4,130.209401002503,156.69359599996824,169.78641400055494,85.08447298663668
2,0,0,0,0,0,0,1320,119.41690900130197,167.55237799952738,306.4923549973173,155.83432700077537
12,0,0,0,1,0,1,23,313.23887599864975,347.76294500625227,403.9508520072559,402.06239999679383
3,0,0,0,1,0,1,1445,268.37357399926987,329.5137670065742,310.59269201068673,185.98591499903705
3,0,0,0,0,0,0,23,130.04768099926878,176.92795098992065,329.2993509967346,164.58433600200806
5,0,0,0,1,0,1,19,120.23911699361634,165.83675899892114,322.38030100415926,150.2933729934739
3,0,0,0,0,0,0,1862,124.46562499098945,174.40510299638845,318.1361860042671,170.94804900989402
5,0,0,0,1,0,1,1,129.60457400185987,183.964941999875,345.6268349982565,171.64133199548814
4,0,0,0,0,0,0,408,120.27089801267721,170.11724899930414,320.1456050010165,160.89839200139977
11,0,0,0,1,0,1,70,599.6817370032659,631.3891869940562,562.2543139907066,524.848082990502
21,0,0,0,0,0,0,2,143.99014000082389,203.1807680032216,414.21738200006075,210.81265299289953
1,0,0,0,0,0,0,9914,81.77746899309568,111.18848899786826,245.88489600864705,186.50595299550332
1,0,0,0,0,0,0,8533,99.55771001114044,137.3089609987801,279.0786340046907,155.54263901140075
11,0,0,0,1,0,1,70,599.8603100015316,676.8858779978473,591.630818991689,532.9607540043071
39,0,0,0,5,0,1,1,575.2975780051202,541.2353290012106,757.4345400062157,437.46420300158206
6,0,0,0,0,0,0,7,123.72853299893904,170.1932440046221,328.2214360078797,163.53940300177783
24,0,0,0,5,0,1,1,131.44045900844503,181.14056299964432,439.40143700456247,171.28997699182946
3,0,0,0,0,0,0,1862,127.42765399161726,187.0593049970921,325.479240011191,169.81757098983508
14,0,0,0,2,0,1,1,449.4123920012498,193.53578799928073,324.8441199975787,86.68507399852388
55,0,0,0,2,0,1,1,325.76173600682523,611.2444890022743,599.257387992111,328.9530879992526
49,0,0,0,3,0,1,1,404.53783099655993,414.87692200462334,799.3423590087332,484.88203099987004
3,0,0,0,0,0,0,803,122.57879500975832,178.1848000100581,316.88140299229417,160.7595359964762
5,0,0,0,1,0,1,1,130.38979799603112,174.09214700455777,332.6798170019174,112.96057001163717
3,0,0,0,0,0,0,368,62.54609899770003,85.56573699752335,160.49985999416094,150.74960299534723
4,0,0,0,0,0,0,10,116.84984399471432,167.1920590015361,293.4551030048169,99.06127900467254
1,0,0,0,0,0,0,9914,81.83737299987115,110.76162599783856,247.05374101176858,159.2745259986259
33,0,0,0,3,0,1,1,679.2420409910847,599.8239960026694,687.2311939951032,407.28642299654894
20,0,0,0,2,0,1,6,581.6136200010078,583.6979799933033,581.7260790063301,430.55935500888154
11,0,0,0,0,0,0,6,137.44887500070035,197.99086499551777,375.8053089986788,187.48690700158477
9,0,0,0,2,0,1,22,147.86404999904335,177.95557501085568,373.6387859971728,168.72771999624092
31,0,0,0,4,0,1,1,669.0322729991749,625.4147989966441,729.4093149976106,345.5157720018178
2,0,0,0,0,0,0,3532,111.41311599931214,155.11609900568146,293.7702529889066,166.3845150033012
9,0,0,0,0,0,0,1,100.6753999972716,169.1647989937337,305.44382199877873,173.06155900587328
3,0,0,0,0,0,0,521,108.87351899873465,94.18876499694306,303.06863799341954,151.80239599430934
6,0,0,0,0,0,0,11,120.99406399647705,169.6293510030955,317.38655200751964,152.0783570013009
24,0,0,0,5,0,1,1,405.6752709875582,394.64895900164265,496.6517680004472,168.14187999989372
2,0,0,0,0,0,0,2666,102.88932599360123,139.03658000344876,280.8476589998463,157.86793899314944
2,0,0,0,0,0,0,4804,115.0179889955325,157.2888100054115,299.1480380005669,174.87767100101337
30,0,0,0,4,0,1,1,526.0546569916187,371.2653969996609,658.1963659991743,402.89089499856345
3,0,0,0,0,0,0,1862,64.2969510081457,85.41299100033939,161.9567310117418,86.61117199517321
2,0,0,0,0,0,0,348,114.38401899067685,162.45582100236788,299.01382100069895,146.4223579969257
3,0,0,0,0,0,0,1484,129.10724099492654,178.30949700146448,325.83933499699924,174.07500300032552
1,0,0,0,0,0,0,8399,41.35367700655479,54.288776009343565,122.17156199039891,79.1629860032117
8,0,0,0,0,0,0,1,132.40861101076007,186.24755999189802,352.9119349987013,176.0710999951698
3,0,0,0,0,0,0,331,115.44275798951276,163.7911069992697,307.8386650013272,148.79886400012765
17,0,0,0,3,0,1,1,452.95992500905413,443.37098300457,608.1246310059214,420.00979199656285
20,0,0,0,3,0,1,1,484.4084919895977,468.93300500232726,602.5583720038412,406.32740600267425
1,0,0,0,0,0,0,9230,29.56557899597101,35.66984499047976,101.83093200612348,76.44146199163515
5,0,0,0,0,0,0,198,132.38583800557535,180.45788200106472,338.83165300358087,172.0033199962927
1,0,0,0,0,0,0,9914,80.1563300046837,108.95748701295815,244.65702699671965,160.28835698671173
1,0,0,0,0,0,0,9122,66.18822799646296,86.79018799739424,217.27010598988272,155.93991499918047
26,0,0,0,5,0,1,1,137.09212499088608,190.00332400901243,438.05140801123343,180.43377499270719
22,0,0,0,5,0,1,1,476.8306210025912,457.75574499566574,627.0537730015349,372.74272899958305
1,0,0,0,0,0,0,4295,107.66121199412737,147.00573399022687,285.97151399299037,151.324985010433
1,0,0,0,0,0,0,3085,101.30040500371251,145.20615299989004,276.70971500629093,148.9077639998868
11,0,0,0,0,0,0,6,140.1574100018479,195.0814489973709,371.878698002547,187.5141610071296
2,0,0,0,0,0,0,1607,111.70858900004532,113.57089399825782,210.09105299890507,158.50435198808555
8,0,0,0,1,0,1,21,401.63809699879494,478.8774310000008,666.9062020082492,557.3309260071255
3,0,0,0,0,0,0,270,117.54094398929738,109.68325901194476,305.00834400299937,150.8790859952569
16,0,0,0,2,0,1,1,495.41208999289665,474.81528100615833,552.2045230027288,373.2143020024523
4,0,0,0,1,0,1,61,128.8817649910925,178.95354398933705,324.68384099774994,161.28739398845937
3,0,0,0,0,0,0,527,120.4367070022272,169.92636400391348,189.1709850024199,134.6072589949472
53,0,0,0,11,0,1,1,70.26069299899973,96.3589159946423,513.4917410032358,173.83272100414615
4,0,0,0,1,0,1,461,310.64426800003275,176.08985501283314,480.7646519911941,190.07402900024317
2,0,0,0,0,0,0,4804,59.760586998891085,79.57265801087487,153.5980449989438,92.09523900062777
17,0,0,0,3,0,1,1,253.89644100505393,446.6004530113423,618.727024004329,425.8588139928179
5,0,0,0,1,0,1,12,124.4329640030628,173.50763900321908,333.7179619993549,158.47364198998548
2,0,0,0,0,0,0,162,120.7992940035183,167.22857400600333,307.0082390040625,148.68790699983947
5,0,0,0,0,0,0,7,67.01307201001327,88.62799700000323,170.97275701235048,86.41478800564073
28,0,0,0,1,0,1,1,122.98031800310127,170.90520101191942,398.7770109961275,143.09355699515436
34,0,0,0,6,0,1,1,124.6922690042993,161.4653169963276,444.18048599618487,147.79469999484718
29,0,0,0,3,0,1,1,131.94549299078062,173.41312998905778,411.25805699266493,158.3469809993403
1,0,0,0,0,0,0,9914,82.5462460052222,110.29251699801534,245.20428699906915,159.86346499994397
33,0,0,0,4,0,1,1,241.67446199862752,387.85150001058355,677.6730920100817,412.931712999125
1,0,0,0,0,0,0,8399,79.70967500295956,107.94390000228304,241.09272599162068,156.3050260010641
24,0,0,0,4,0,1,1,461.1668860015925,443.2214720000047,639.520448006806,220.67275099107064
3,0,0,0,0,0,0,344,121.37275900749955,169.90593999798875,313.8132570020389,152.24542299984023
1,0,0,0,0,0,0,9122,66.80460899951868,86.8168900051387,218.45424799539614,156.21423299307935
3,0,0,0,0,0,0,342,117.40357099915855,161.35382099309936,304.62413700297475,149.94509700045455
45,0,0,0,9,0,1,1,122.53490100556519,161.88420400430914,490.1795270125149,148.33277100115083
2,0,0,0,0,0,0,693,113.75832400517538,158.26803600066341,298.18990698549896,152.1418289921712
3,0,0,0,0,0,0,1484,127.09179100056645,175.02136100665666,318.352275993675,167.1676080004545
10,0,0,0,2,0,1,1,452.11973899859004,444.3158020003466,579.6931810036767,192.83151399577036
1,0,0,0,0,0,0,9230,53.445409997948445,68.39857999875676,198.9837969886139,151.2202529993374
1,0,0,0,0,0,0,8399,41.90691300027538,55.228215001989156,126.27333600539714,81.1626590002561
52,0,0,0,4,0,1,1,784.5506320009008,737.7843869908247,520.5237829941325,268.67227199545596
3,0,0,0,0,0,0,560,125.23018299543764,175.63135200180113,321.2241159926634,166.55607100983616
1,0,0,0,0,0,0,8533,98.9015550003387,135.46683499589562,218.3898679941194,85.77660800074227
4,0,0,0,0,0,0,5,69.46412300749216,103.62452099798247,335.89059599034954,171.35912498633843
13,0,0,0,2,0,1,1,263.01658200100064,243.3637530048145,486.4987719920464,381.21166500786785
14,0,0,0,1,0,1,1,134.9106360139558,187.5250870070886,377.6976140070474,178.90117499337066
1,0,0,0,0,0,0,9914,81.82025600399356,109.10457599675283,242.18816599750426,157.10121599840932
5,0,0,0,0,0,0,59,119.91032099467702,163.03688200423494,315.6773520022398,149.78938600688707
3,0,0,0,0,0,0,246,67.76409799931571,87.23266600281931,166.29469700274058,90.2766320068622
5,0,0,0,0,0,0,39,130.14890100748744,153.99239100224804,339.74728200701065,172.37308599578682
1,0,0,0,0,0,0,1901,105.01814501185436,146.17644799000118,281.0735229868442,145.9671740012709
2,0,0,0,0,0,0,224,126.41894699481782,173.80363600386772,319.1780499910237,164.51526898890734
23,0,0,0,6,0,1,2,126.45680399145931,176.73640500288457,424.2742090136744,169.22389800311066
1,0,0,0,0,0,0,8399,79.46056801301893,107.22737699688878,243.48119800561108,157.15754400298465
28,0,0,0,3,0,1,1,374.1861210000934,183.89752099756151,647.8081380046206,174.34476099151652
13,0,0,0,0,0,0,1,66.56532399938442,88.70319700508844,310.06217100366484,161.1854160000803
5,0,0,0,1,0,1,9,135.37172799988184,104.31194301054347,191.46781500603538,163.6680170049658
1,0,0,0,0,0,0,1190,114.47270600183401,157.6774999994086,328.6513030034257,147.37747600884177
1,0,0,0,0,0,0,9230,53.764203999890015,69.0519320050953,201.41695899656042,160.81535600824282
6,0,0,0,0,0,0,12,132.19196599675342,189.25910200050566,347.60981699218974,171.3965270027984
2,0,0,0,0,0,0,1827,108.65150899917353,153.18947201012634,286.927224995452,149.6348779910477
3,0,0,0,0,0,0,205,127.25573200441431,172.95123099756893,316.70458399457857,156.66247499757446
109,0,0,0,6,0,1,1,600.3589330066461,299.2706920049386,444.3261049891589,199.17903699388262
22,0,0,0,4,0,1,1,344.5700939919334,177.51048100763,623.2761400024174,88.11110300302971
3,0,0,0,0,0,0,368,120.98280699865427,169.73755099752452,313.63510301162023,157.04638800525572
19,0,0,0,3,0,1,1,513.4707370016258,484.0278140036389,615.9392889967421,212.4382269976195
1,0,0,0,0,0,0,8533,98.36022500530817,135.45899199380074,272.8003920055926,152.94010000070557
1,0,0,0,0,0,0,1190,58.17032200866379,77.92871199490037,153.2058849988971,101.64700100722257
37,0,0,0,3,0,1,2,573.0447600071784,522.7552530122921,674.6718229987891,352.4915589950979
4,0,0,0,1,0,1,530,374.70614598714747,447.4432889983291,461.8761950114276,372.26266600191593
2,0,0,0,0,0,0,3160,115.54472499119584,163.74928299046587,271.12039701023605,155.56483800173737
6,0,0,0,1,0,1,8,130.39758399827406,173.63515999750234,339.61927201016806,157.53188100643456
10,0,0,0,1,0,1,85,486.9379589945311,568.475035004667,587.0642980007688,275.9820950013818
13,0,0,0,1,0,1,1,127.81974799872842,174.84456200327259,388.6439410125604,259.258795005735
2,0,0,0,0,0,0,3627,116.98861900367774,164.78196399111766,229.27921600057743,87.27349399123341
3,0,0,0,0,0,0,23,63.09595399943646,97.68954699393362,305.6062310060952,149.45607198751532
2,0,0,0,0,0,0,2326,122.5170139950933,171.48650099989027,313.3865369891282,169.41447599674575
1,0,0,0,0,0,0,8399,78.07912399584893,106.15993199462537,241.1126590013737,157.36483701039106
3,0,0,0,0,0,0,527,122.18471299274825,168.89745199296158,318.18022900552023,171.972290991107
13,0,0,0,0,0,0,6,140.87981400371064,195.953118003672,378.8740520103602,187.6547110005049
2,0,0,0,0,0,0,3532,92.8755510103656,132.9736040061107,257.5425160030136,144.58653799374588
6,0,0,0,1,0,1,28,140.35387900366914,181.28442899615038,347.25820198946167,169.79629099660087
3,0,0,0,0,0,0,114,118.46825199609157,165.3347940009553,301.4774559997022,147.60967199981678
1,0,0,0,0,0,0,8533,98.55056600645185,136.5946080040885,274.4499149994226,153.37301100953482
5,0,0,0,1,0,1,5,226.6909809986828,102.1576220082352,300.27056799735874,98.07880099106114
10,0,0,0,0,0,0,1,116.33290299505461,161.48289700504392,322.91656799498014,144.44665100018028
2,0,0,0,0,0,0,371,105.7240900117904,156.12827200675383,289.3975299957674,152.42185699753463
1,0,0,0,0,0,0,8399,78.28105600492563,107.88396399584599,238.5187269974267,155.76737601077184
6,0,0,0,0,0,0,68,120.26755900296848,170.2813640004024,326.52788900304586,157.8645130066434
10,0,0,0,1,0,1,65,540.1488869974855,627.6915030030068,558.5309829912148,450.21879399428144
56,0,0,0,3,0,1,1,562.513658995158,532.9425059899222,670.7850870006951,395.74964200437535
2,0,0,0,0,0,0,3095,112.09619599685539,157.18759699666407,230.09848799847532,166.59666800114792
3,0,0,0,1,0,1,1445,142.20245700562373,169.4314410124207,312.1942310099257,349.44659999746364
1,0,0,0,0,0,0,8533,97.70377399399877,134.01849998626858,160.48289398895577,79.43112900829874
7,0,0,0,1,0,1,14,356.1524159886176,182.75990699476097,533.7014190008631,178.7696399987908
6,0,0,0,1,0,1,32,65.25088999478612,109.39013100869488,323.1946860032622,151.24907900462858
3,0,0,0,0,0,0,400,104.92030199384317,173.84530500567053,341.2441859982209,176.2736689997837
6,0,0,0,0,0,0,1,124.68133500078693,175.93692100490443,330.7854629965732,162.7002590103075
6,0,0,0,0,0,0,3,68.8321579946205,89.83202300441917,170.33004699624144,86.75370100536384
4,0,0,0,0,0,0,52,123.26615599158686,176.8767059984384,316.6611349879531,153.3982639957685
3,0,0,0,1,0,1,1479,338.48531400144566,314.95981400075834,407.5699069944676,446.2181540002348
4,0,0,0,1,0,1,530,350.9376069996506,449.34005600225646,2982.162286003586,373.5042290063575
35,0,0,0,6,0,1,1,127.03973300813232,175.76982598984614,459.1952170012519,177.33348099864088
3,0,0,0,0,0,0,1070,126.52091299241874,177.3610450036358,335.74013999896124,169.77083799429238
2,0,0,0,0,0,0,1556,112.5516059983056,156.92217099422123,304.6562189992983,161.02314200543333
2,0,0,0,0,0,0,33,117.20001000503544,161.7057210096391,308.0992800096283,150.71515599265695
8,0,0,0,0,0,0,1,124.78617099986877,172.79349399905186,397.2847039985936,158.55938399909064
2,0,0,0,0,0,0,368,119.90233100368641,179.4426639971789,310.0004559964873,155.27585499512497
4,0,0,0,0,0,0,69,154.56846499000676,167.47009901155252,311.1862070072675,151.35318800457753
11,0,0,0,1,0,1,160,618.0345690081595,644.1653009969741,671.7999039974529,554.115061997436
8,0,0,0,1,0,1,1,114.11558800318744,128.48902099358384,174.297495992505,96.02850399096496
5,0,0,0,1,0,1,2,129.69722801062744,172.96605999581516,332.06251000228804,159.05426799145062
4,0,0,0,1,0,1,236,170.59422499733046,174.48023000906687,322.7428979880642,164.49072200339288
3,0,0,0,0,0,0,368,119.32761600473896,170.3361750114709,316.2658340006601,159.97193899238482
3,0,0,0,0,0,0,17,121.44298199564219,168.91218301316258,318.3351260086056,157.15823200298473
2,0,0,0,0,0,0,2326,122.38636999973096,170.83647201070562,316.6388560057385,174.04768099368084
1,0,0,0,0,0,0,8533,98.28091799863614,136.35982900450472,273.68405798915774,155.37423299974762
1,0,0,0,0,0,0,1901,107.03014400496613,148.23476299352478,284.61570199579,146.68862998951226
6,0,0,0,0,0,0,1,123.43928900372703,172.27432200161275,325.8029639982851,158.5949750005966
1,0,0,0,0,0,0,9914,55.04293799458537,55.712293993565254,222.21383500436787,159.16384200681932
10,0,0,0,0,0,0,1,92.02667599311098,85.99757099000271,172.7971109939972,82.02018299198244
2,0,0,0,0,0,0,3160,115.66203100665007,160.82180899684317,299.8998940020101,156.2210729898652
4,0,0,0,0,0,0,323,132.9138199944282,185.12354500126094,331.40306499262806,170.21294300502632
4,0,0,0,1,0,1,140,336.32438599306624,172.33289999421686,499.18872700072825,177.33417201088741
62,0,0,0,12,0,1,1,67.9383780079661,87.0452390081482,285.91617100755684,184.3298349995166
1,0,0,0,0,0,0,8533,99.72056899277959,137.39645399618894,276.4844439952867,167.75675199460238
14,0,0,0,3,0,1,1,130.04895200720057,177.26955699617974,386.26204698812217,176.72490800032392
2,0,0,0,0,0,0,3532,109.59359499975108,155.06530700076837,327.8476810082793,168.53655700106174
19,0,0,0,3,0,1,1,395.6324409955414,372.99531600729097,558.6874279979384,101.00254300050437
5,0,0,0,0,0,0,4,124.93162699684035,171.87301800004207,333.74866998929065,161.65983901009895
44,0,0,0,7,0,1,1,293.8311110046925,440.6050370016601,774.352321997867,375.1079500070773
1,0,0,0,0,0,0,8533,57.93306400300935,68.34738000179641,140.87402299628593,79.51093700830825
1,0,0,0,0,0,0,8399,78.65398599824402,106.68569800327532,241.7425770108821,156.2069349893136
2,0,0,0,0,0,0,1998,109.32713300280739,154.95755200390704,296.63796500244644,174.67539499921259
85,0,0,0,4,0,1,1,567.2385670040967,541.9489949999843,757.0563869958278,374.0761719964212
3,0,0,0,0,0,0,803,117.59343200537842,168.59750199364498,308.31832299008965,159.7403949999716
7,0,0,0,1,0,1,144,490.8656749903457,564.4685099978233,555.2064869989408,459.3774120003218
23,0,0,0,1,0,1,1,129.7875290038064,179.33718499261886,394.0472289978061,170.71578300965484
3,0,0,0,0,0,0,521,60.649058999842964,82.4518830049783,158.29151299840305,77.38408001023345
4,0,0,0,0,0,0,5,118.25149999640416,163.12646500591654,311.45740699139424,150.96963199903257
2,0,0,0,0,0,0,1607,112.1106849896023,158.03492099803407,296.1250739899697,158.80771599768195
2,0,0,0,0,0,0,1340,60.839452999061905,81.84671799244825,161.5243780106539,169.53850799473003
1,0,0,0,0,0,0,9122,66.8394289969001,88.33924599457532,222.363951994339,158.68987201247364
4,0,0,0,0,0,0,19,129.6692599862581,179.08231700130273,190.6263470009435,140.209215998766
10,0,0,0,2,0,1,17,453.10525500099175,426.9962050020695,536.0686019994318,403.9468660048442
1,0,0,0,0,0,0,9230,54.65419699612539,69.36656299512833,202.79139300691895,153.45882500696462
1,0,0,0,0,0,0,1901,104.62233200087212,147.28872801060788,285.02731799380854,147.35235800617374
19,0,0,0,4,0,1,1,368.04182300693356,184.87921899941284,588.6451410042355,176.94665399903897
15,0,0,0,3,0,1,4,441.6918920032913,425.44448700209614,297.2907299990766,334.4398680055747
1,0,0,0,0,0,0,1190,111.9434279971756,154.72768699692097,290.7332260074327,146.93333799368702
3,0,0,0,0,0,0,1448,113.24886900547426,159.64843799883965,304.323245989508,159.98028600006364
7,0,0,0,1,0,1,1,124.04662500193808,169.63412400218658,334.38691799528897,158.02483799052425
11,0,0,0,2,0,1,1,357.3238029930508,185.4345600004308,566.1434439971345,178.30677500751335
3,0,0,0,0,0,0,410,126.080735004507,180.21166500693653,328.304049995495,170.52427600719966
2,0,0,0,0,0,0,877,126.17791000229772,176.46885001158807,320.76510500337463,165.45004201179836
37,0,0,0,3,0,1,1,490.3838129976066,280.62807700189296,355.16263100726064,404.57842200703453
7,0,0,0,0,0,0,1,131.9224140024744,182.75989200628828,346.6697289986769,172.09462999016978
1,0,0,0,0,0,0,4295,107.56811700412072,146.2277870014077,283.909550998942,152.7207110048039
1,0,0,0,0,0,0,8399,78.87815400317777,105.75680599140469,240.3900499921292,159.2954610096058
1,0,0,0,0,0,0,9914,81.36466999712866,109.58172999380622,247.68581599346362,160.04541800066363
8,0,0,0,2,0,1,16,376.9938219920732,185.90615400171373,570.9207759937271,177.0684689981863
1,0,0,0,0,0,0,9230,53.12974700063933,68.77715699374676,199.93064599111676,152.32686199306045
3,0,0,0,0,0,0,473,122.92228901060298,169.5736170076998,313.59377899207175,158.7689999869326
23,0,0,0,3,0,1,1,498.4796200005803,266.5089939982863,631.3620489963796,365.4610590019729
3,0,0,0,0,0,0,608,117.73779000213835,164.78501999517903,308.97910600469913,110.61547700955998
8,0,0,0,1,0,1,24,510.80446600099094,588.3217110094847,541.3503750023665,440.5584830092266
4,0,0,0,0,0,0,248,135.37979799730238,183.45159100135788,332.65303599182516,173.3667499938747
1,0,0,0,0,0,0,9122,66.08946400228888,87.52218200243078,223.0529850057792,157.7308410051046
2,0,0,0,0,0,0,1486,108.76099900633562,157.14641999511514,296.17312901245896,151.99888599454425
1,0,0,0,0,0,0,9122,66.29221899493132,88.98093400057405,222.09883699542843,157.25674098939635
3,0,0,0,0,0,0,210,128.1698920065537,176.75922700436786,328.84679098788183,164.90675599197857
2,0,0,0,0,0,0,4475,54.232861002674326,74.06845901277848,145.82804699603003,88.40901400253642
3,0,0,0,1,0,1,330,203.54777500324417,302.07702399638947,569.0133979951497,483.79534600826446
5,0,0,0,1,0,1,79,371.8989119952312,194.94660600321367,556.2690689985175,182.31895798817277
7,0,0,0,0,0,0,229,128.7591500004055,177.0460689876927,335.4037340031937,183.75211200327612
1,0,0,0,0,0,0,8399,41.975601998274215,54.28549500356894,169.02271800790913,156.30509999755304
3,0,0,0,0,0,0,831,117.72216099780053,166.75796899653506,310.2917950018309,171.74920400429983
2,0,0,0,0,0,0,709,112.49839900119696,153.20103899284732,295.82023799594026,165.530475002015
3,0,0,0,0,0,0,1484,123.45268399803899,172.8789409971796,319.7029319999274,171.39568299171515
38,0,0,0,2,0,1,13,471.5836010000203,406.08196999528445,598.3012159995269,397.8295150009217
16,0,0,0,2,0,1,1,118.61796599987429,163.71193999657407,352.0877249975456,147.2045170085039
3,0,0,0,0,0,0,1070,125.87993300985545,179.05612800677773,328.25308600149583,169.62696699192747
1,0,0,0,0,0,0,9122,65.58676400163677,87.48783300688956,219.7739469993394,156.5583420015173
3,0,0,0,0,0,0,1484,124.20344700512942,171.08724899298977,241.3895700010471,150.48286299861502
9,0,0,0,1,0,1,1,129.67941399256233,181.14666298788507,313.4915709961206,88.27735000522807
19,0,0,0,3,0,1,1,263.9098229992669,250.55992598936427,348.0671599972993,211.9210090022534
5,0,0,0,1,0,1,28,129.25715300661977,182.22132600203622,344.5813940052176,169.86967901175376
3,0,0,0,0,0,0,2044,121.95974600035697,173.62974799470976,312.06799199571833,169.18717700173147
4,0,0,0,0,0,0,319,115.1633870031219,161.7344919941388,307.2594130062498,150.7009180058958
4,0,0,0,0,0,0,383,121.61094299517572,171.28838600183371,294.64535700390115,101.3069639884634
5,0,0,0,0,0,0,12,128.6699329939438,181.5084520058008,336.8421350023709,170.33457700745203
5,0,0,0,1,0,1,27,142.29302300373092,181.29848899843637,347.004947005189,168.18407800747082
3,0,0,0,0,0,0,400,118.65591400419362,164.88548000052106,309.59196800540667,174.76606700802222
19,0,0,0,4,0,1,1,128.38841800112277,175.27762698591687,395.41426399955526,135.25686399952974
1,0,0,0,0,0,0,9914,68.90095300332177,56.91420199582353,126.74066299223341,81.70862699626014
3,0,0,0,0,0,0,607,65.78692501352634,166.43441100313794,325.0817480002297,171.45906400401145
6,0,0,0,0,0,0,5,121.99123601021711,169.12412300007418,313.14397101232316,144.33608300168999
1,0,0,0,0,0,0,8533,69.6204440027941,138.16007299465127,228.37628499837592,146.79793899995275
5,0,0,0,0,0,0,312,123.36542300181463,174.20284100808203,255.6497089972254,92.89864799939096
2,0,0,0,0,0,0,4804,114.01919199852273,157.44295899639837,297.65935899922624,172.58479598967824
12,0,0,0,1,0,1,1,124.45426399062853,170.78195700014476,349.83127600571606,159.1967790009221
2,0,0,0,0,0,0,3627,115.2945229987381,164.14117500244174,302.1401799924206,166.14169099193532
4,0,0,0,0,0,0,68,120.8871710114181,168.185964008444,319.143806991633,158.44019599899184
3,0,0,0,0,0,0,277,126.71280800714158,179.06494000635576,333.0338660016423,171.80866999842692
5,0,0,0,0,0,0,4,61.61502101167571,81.40599599573761,156.45432299061213,75.04883900401182
3,0,0,0,0,0,0,344,119.43447300291155,171.17990599945188,311.422123995726,150.56777599966154
12,0,0,0,0,0,0,1,129.29331698978785,178.12133800180163,357.1524230064824,170.10691699397285
2,0,0,0,0,0,0,49,119.37784901238047,167.8042229905259,307.9329470056109,151.87621100631077
2,0,0,0,0,0,0,3532,109.23715900571551,152.07723800267559,293.8015980034834,169.8852270055795
2,0,0,0,0,0,0,4475,55.11345999548212,72.31449199025519,144.83750599902123,87.71721599623561
2,0,0,0,0,0,0,4804,114.35381798946764,157.59463599533774,296.19112200452946,174.59220500313677
4,0,0,0,1,0,1,4,122.10739600413945,164.833100992837,316.97132700355724,149.93217699520756
21,0,0,0,4,0,1,2,418.44635699817445,411.0523590061348,631.7523199977586,268.82731600198895
4,0,0,0,1,0,1,41,380.3805730130989,177.76064400095493,388.5897569998633,172.03966400120407
2,0,0,0,0,0,0,4,88.2551930117188,81.91680599702522,180.18153100274503,149.78065800096374
1,0,0,0,0,0,0,2186,110.44771200977266,154.46663100738078,292.58380900137126,149.75512599630747
6,0,0,0,0,0,0,40,131.63380599871743,181.0707259865012,340.388383003301,91.72004500578623
4,0,0,0,0,0,0,384,128.299377989606,181.07853799301665,307.13334400206804,135.26539599115495
13,0,0,0,2,0,1,1,128.46917699789628,179.49698198935948,374.18718899425585,169.07866699330043
1,0,0,0,0,0,0,9122,35.616672001197,45.06518499692902,113.58094500610605,82.96268999401946
1,0,0,0,0,0,0,8399,78.84474800084718,107.80388700368349,242.6796500076307,155.26186300849076
6,0,0,0,1,0,1,3,64.5460789965,140.01048900536261,320.3554509964306,147.60692199342884
4,0,0,0,1,0,1,290,130.07058599032462,181.34918400028255,332.4748370068846,170.84571500890888
2,0,0,0,0,0,0,4475,55.35088999022264,72.99687100748997,146.5244990104111,89.22849100781605
2,0,0,0,0,0,0,4804,113.4216509963153,158.96599799452815,295.3078560094582,170.73577699193265
2,0,0,0,0,0,0,485,114.35880600765813,160.08760999829974,299.1586110001663,147.84665299521293
3,0,0,0,0,0,0,579,130.20315999165177,178.8481310068164,328.3702880144119,168.4916300000623
29,0,0,0,2,0,1,1,669.210595995537,620.7686289999401,531.9650519959396,188.90018700039946
1,0,0,0,0,0,0,9914,42.96960399369709,58.93142400600482,157.27806799986865,163.51677100465167
39,0,0,0,2,0,1,2,607.0030779956141,564.3626099918038,632.121372007532,204.86996999534313
1,0,0,0,0,0,0,1511,108.78931600018404,154.5437159948051,286.4403109997511,150.4248080018442
3,0,0,0,0,0,0,1070,126.46889100142289,124.74143400322646,164.55560499161948,86.01347699004691
4,0,0,0,0,0,0,51,118.10943299497012,165.01774899370503,309.6745029906742,149.10708498791791
58,0,0,0,8,0,1,1,396.10254899889696,181.54585899901576,814.5356260065455,174.40206499304622
4,0,0,0,0,0,0,400,116.667508991668,164.20691400708165,311.11492299532983,153.61759600637015
3,0,0,0,0,0,0,41,121.48001400055364,170.08618099498563,320.1642190106213,158.09764999721665
192,0,0,0,15,0,1,1,518.9411850005854,492.80589100089855,1140.73866000399,258.3719789981842
2,0,0,0,0,0,0,1340,73.11328199284617,94.09986600803677,184.34485100442544,168.5522689949721
5,0,0,0,0,0,0,28,121.61073999595828,168.84531399409752,319.5132580003701,157.00068599835504
1,0,0,0,0,0,0,8533,99.19087900198065,135.57105700601824,272.51078600238543,155.6178339960752
2,0,0,0,0,0,0,377,113.44128199561965,158.96867000265047,297.7336519979872,155.87410901207477
2,0,0,0,0,0,0,1556,112.578123997082,156.18372299650218,252.552457008278,158.33657399343792
19,0,0,0,3,0,1,1,290.6123150023632,94.2118269886123,302.3913420038298,155.45464200840797
3,0,0,0,0,0,0,607,128.4671939938562,178.51789300038945,327.2056660061935,171.32235200551804
2,0,0,0,0,0,0,1607,112.15331999119371,160.07431599427946,298.08183999557514,121.39897199813277
11,0,0,0,2,0,1,7,124.08362100541126,165.35878600552678,343.96401699632406,149.45300199906342
2,0,0,0,0,0,0,78,116.05785498977639,161.72678499424364,299.9692979938118,146.62071400380228
2,0,0,0,0,0,0,533,115.31325199757703,159.2077759996755,301.00638000294566,151.12565699382685
67,0,0,0,12,0,1,1,121.37816900212783,92.70659300091211,355.19554901111405,148.53992400458083
3,0,0,0,0,0,0,1448,112.96070399112068,158.5950289882021,303.4346770000411,160.30782999587245
2,0,0,0,0,0,0,3532,109.00016799860168,151.4279420080129,294.6089610049967,168.83818799396977
6,0,0,0,0,0,0,3,133.07014199381229,186.8582479946781,347.381553001469,174.49186500743963
1,0,0,0,0,0,0,9914,80.54865099256858,109.97282101016026,241.7763190023834,159.5772489963565
3,0,0,0,0,0,0,14,122.21022498852108,165.33070598961785,308.52394200337585,146.97781500581186
8,0,0,0,2,0,1,4,192.71464699704666,94.3259720079368,286.4641859923722,90.5512259923853
1,0,0,0,0,0,0,9230,53.903621999779716,69.88324300618842,201.11810299567878,154.35474399419036
5,0,0,0,1,0,1,234,130.17064200539608,171.52249100035988,335.46334599668626,159.1845450020628
9,0,0,0,0,0,0,1,65.83259699982591,84.16335900255945,169.0662449982483,85.1632999983849
20,0,0,0,3,0,1,1,125.6471600063378,163.0116580054164,381.14117000077385,146.47777799109463
120,0,0,0,24,0,1,1,137.22581999900285,186.3556340103969,838.2330220047152,177.23241999919992
2,0,0,0,0,0,0,4804,115.00144099409226,158.05755399924237,295.8558000100311,174.1845489887055
4,0,0,0,0,0,0,117,130.55262000125367,223.04590199200902,364.5167860086076,167.4408059916459
36,0,0,0,4,0,1,1,686.1971979960799,653.0746969947359,776.121888004127,487.63970800791867
3,0,0,0,0,0,0,1448,119.06741900020279,162.1957719908096,305.05500998697244,153.4660420002183
1,0,0,0,0,0,0,8533,98.9948079950409,135.15467000252102,273.5721080098301,156.79293700668495
1,0,0,0,0,0,0,9122,66.0722119937418,86.57275799487252,219.32714599824976,156.646963005187
6,0,0,0,1,0,1,1,103.80948300007731,142.35537199419923,206.5409609931521,74.27845199708827
55,0,0,0,11,0,1,1,137.5998329895083,185.1684469875181,559.4631330022821,175.4361849889392
13,0,0,0,1,0,1,11,552.0749099960085,630.3822589979973,543.3542170067085,430.57775001216214
2,0,0,0,0,0,0,1340,117.69251499208622,164.2949559900444,308.60275399754755,172.1436889929464
6,0,0,0,1,0,1,132,384.12404600239825,455.5547280033352,593.6300039902562,498.74333999468945
2,0,0,0,0,0,0,1998,59.1801039990969,77.38901699485723,151.2985080044018,89.28416499111336
4,0,0,0,0,0,0,337,128.68219800293446,179.76379899482708,333.99634598754346,171.3003250042675
9,0,0,0,2,0,1,56,185.9743789973436,230.88249001011718,510.525117002544,199.21030399564188
19,0,0,0,1,0,1,37,692.4255480116699,734.1767580073792,575.3434819926042,439.1516110044904
8,0,0,0,0,0,0,1,122.84652498783544,169.02819300594274,326.05406499351375,151.4391539967619
39,0,0,0,7,0,1,1,421.0733520012582,415.0941940024495,714.4008420000318,355.36583900102414
1,0,0,0,0,0,0,1901,106.89475199615117,147.7049519889988,285.9889229875989,149.93454300565645
24,0,0,0,2,0,1,1,404.1172040015226,408.3737980108708,668.7676760047907,205.85900700825732
23,0,0,0,4,0,1,1,129.2224630014971,144.58533900324255,366.86867399839684,165.07303601247258
6,0,0,0,1,0,1,34,125.21833799837623,175.85220400360413,340.29955801088363,166.6531969967764
3,0,0,0,0,0,0,650,85.08492600230966,82.48628200090025,158.4574779990362,128.1191899906844
3,0,0,0,0,0,0,579,129.41482099995483,182.14927799999714,306.26555799972266,111.09295301139355
1,0,0,0,0,0,0,606,114.25454700656701,158.83540200593416,296.3352070073597,143.86571499926504
8,0,0,0,1,0,1,66,400.93234299274627,478.7445639958605,2988.8214050006354,541.052104003029
6,0,0,0,2,0,1,316,169.23309498815797,187.89532501250505,484.1757270041853,364.8262380011147
2,0,0,0,0,0,0,1486,115.13998098962475,157.641682002577,292.05483000259846,153.4339200006798
12,0,0,0,0,0,0,1,134.71510900126304,181.03892799990717,354.4878829998197,169.60980399744585
8,0,0,0,1,0,1,1,464.536440995289,182.71872200421058,294.6622149902396,169.99604599550366
1,0,0,0,0,0,0,9914,79.7337029944174,108.25852600100916,242.94843401003163,159.32889099349268
4,0,0,0,0,0,0,2,123.52933899092022,167.0146120013669,315.7131420011865,155.3554870042717
6,0,0,0,1,0,1,6,135.7585689984262,183.93327298690565,350.18168699753005,176.8239860102767
12,0,0,0,1,0,1,72,537.4297330126865,553.3948149968637,479.0031720040133,241.33490600797813
97,0,0,0,5,0,1,1,559.8161599918967,527.9998040059581,885.2371810062323,325.41189999028575
4,0,0,0,0,0,0,18,124.67443900823127,173.48978799418546,322.67211499856785,159.68077100114897
1,0,0,0,0,0,0,1190,111.32809599803295,156.15203000197653,289.1233879927313,147.69975499075372
2,0,0,0,0,0,0,3627,115.77242299972568,160.2799469983438,179.50134800048545,85.1025390002178
7,0,0,0,2,0,1,19,327.98270499915816,331.26956201158464,491.7621670028893,337.2679739986779
3,0,0,0,0,0,0,128,105.51509899960365,109.10419499850832,157.37937700760085,147.5917979987571
3,0,0,0,0,0,0,2044,63.16233999677934,127.03002999478485,284.7254439984681,143.65519199054688
4,0,0,0,0,0,0,35,122.84021099912934,169.66539701388683,318.4716120013036,157.76700200513005
8,0,0,0,1,0,1,4,130.66899999103043,172.97996699926443,340.91144500416704,156.7617179971421
166,0,0,0,29,0,1,1,139.90034301241394,183.39919799473137,993.914466991555,173.97780700412113
3,0,0,0,0,0,0,208,117.4993699969491,164.30630401009694,302.7789009938715,147.306719009066
10,0,0,0,1,0,1,65,547.7305120002711,427.2960970120039,286.08140199503396,297.5647389976075
3,0,0,0,0,0,0,210,125.84872900333721,176.51199900137726,327.64218900410924,165.5051270063268
3,0,0,0,1,0,1,594,370.731283997884,447.0142490026774,551.0053229954792,461.3648359954823
5,0,0,0,0,0,0,3,116.00099600036629,157.20394199888688,316.30257799406536,183.214904012857
3,0,0,0,0,0,0,23,127.42690400045831,177.60570801328868,323.20690000778995,164.06803000427317
10,0,0,0,2,0,1,37,453.0215830018278,429.98950398759916,558.5889499925543,426.56204900413286
30,0,0,0,2,0,1,1,283.8774630072294,504.7858570032986,648.544576994027,3004.036347992951
61,0,0,0,3,0,1,1,574.5821290038293,335.85483000206295,723.3687479892978,426.6763329942478
13,0,0,0,2,0,1,1,121.8456180067733,169.49638699588832,361.3902040087851,159.91447899432387
4,0,0,0,0,0,0,255,125.19718300609384,179.76296100823674,332.6212760002818,177.9826339916326
3,0,0,0,0,0,0,230,121.22251799155492,166.88024099858012,311.37866800418124,152.63288099959027
28,0,0,0,7,0,1,1,194.19678499980364,92.66851400025189,311.45697500323877,89.6765169891296
1,0,0,0,0,0,0,8533,99.31816000607796,137.69982900703326,275.39013999921735,155.3221389913233
1,0,0,0,0,0,0,9914,80.93887299764901,110.26373099593911,243.52846399415284,159.7639829997206
17,0,0,0,3,0,1,1,121.80286800139584,173.566417011898,379.07907900807913,157.7742420049617
3,0,0,0,0,0,0,489,119.11718599731103,166.70561500359327,309.9352550052572,153.69351299887057
2,0,0,0,0,0,0,1121,126.16142199840397,176.46074001095258,326.20441300969105,170.1161340024555
10,0,0,0,2,0,1,61,440.63299300614744,419.8470819974318,418.8730860041687,210.65628199721687
1,0,0,0,0,0,0,9914,81.2796719983453,108.75935899093747,243.16301400540397,159.01408100035042
2,0,0,0,0,0,0,1121,127.66005498997401,177.9203429905465,324.3359549960587,170.3567579970695
89,0,0,0,5,0,1,1,537.0694590092171,610.8252099948004,726.0507210012292,345.75611699256115
3,0,0,0,0,0,0,347,125.74324000161141,177.2653460066067,327.24893899285235,167.5212760019349
5,0,0,0,0,0,0,174,66.96694799757097,92.14805800002068,173.43651699775364,89.56266099994536
3,0,0,0,1,0,1,57,367.77831200743094,447.26796499162447,567.9146780021256,483.5737200046424
3,0,0,0,0,0,0,285,121.99383600091096,168.8434009993216,314.7719480039086,156.24371700687334
3,0,0,0,0,0,0,325,128.5243519960204,184.11287899652962,327.24958199833054,168.5678670037305
2,0,0,0,0,0,0,1486,60.378423004294746,79.58916599454824,153.48481699766126,78.7028199993074
7,0,0,0,0,0,0,37,125.37324300501496,172.02046200691257,331.01054100552574,157.53134500118904
22,0,0,0,6,0,1,4,122.78607899497729,173.4015699912561,413.48548101086635,153.96973700262606
6,0,0,0,0,0,0,74,131.79042399860919,182.00633500237018,337.2776259930106,169.51741799130104
28,0,0,0,3,0,1,1,755.166779999854,717.5660239881836,486.80347499612253,318.8354599988088
16,0,0,0,1,0,1,52,454.8728500085417,695.2088340040063,451.8985739996424,296.28569999476895
1,0,0,0,0,0,0,8533,51.818407999235205,68.693555003847,167.43811299966183,155.24533999268897
3,0,0,0,0,0,0,128,119.22720099391881,163.8124989985954,303.4743540047202,78.39899198734201
1,0,0,0,0,0,0,9914,80.67616500193253,108.26287699455861,244.2489169916371,159.8757189931348
17,0,0,0,2,0,1,1,666.8984029965941,631.1068529903423,725.9947139973519,573.6369090009248
8,0,0,0,0,0,0,1,62.62663700908888,146.25077000528108,324.6421649964759,149.59150600770954
2,0,0,0,0,0,0,1290,112.60814500565175,159.2176949925488,294.43727601028513,154.45795800769702
1,0,0,0,0,0,0,8533,97.5777779967757,135.42731800407637,270.4496280057356,154.2878330074018
2,0,0,0,0,0,0,856,62.113394000334665,84.55332000448834,292.2499910055194,156.3943719957024
4,0,0,0,0,0,0,8,121.68606900377199,163.4580219979398,306.00733500614297,145.631091989344
3,0,0,0,0,0,0,588,122.10274899553042,170.21955699601676,322.7177350054262,170.20319199946243
1,0,0,0,0,0,0,9122,67.32982200628612,87.84338999248575,221.51558801124338,159.14948399586137
3,0,0,0,0,0,0,290,117.32621600094717,163.00684900488704,307.36728900228627,149.88845199695788
6,0,0,0,0,0,0,4,65.00597500416916,86.36756500345655,166.96007599239238,81.12418100063223
2,0,0,0,0,0,0,2666,99.8987349885283,139.48430099117104,280.62177399988286,158.1389630009653
8,0,0,0,0,0,0,1,119.16796899458859,164.7915869980352,322.09939799213316,149.5025850017555
2,0,0,0,0,0,0,3532,108.82242700608913,152.7673069940647,291.9670889968984,169.13287100032903
3,0,0,0,1,0,1,17,369.58154500462115,445.86298300419,548.553016007645,463.389526004903
10,0,0,0,1,0,1,15,124.71054500201717,160.43806000379845,275.77900399046484,147.7189690049272
1,0,0,0,0,0,0,1901,59.80035100947134,73.8065559999086,143.34927400341257,111.49813000520226
4,0,0,0,0,0,0,491,131.5933799924096,181.0519970022142,337.05470300628804,172.5973259890452
7,0,0,0,1,0,1,320,243.74663799244445,279.79435300221667,498.9825819939142,456.6325789928669
26,0,0,0,2,0,1,1,632.2581089916639,595.0849060027394,705.9317179955542,391.18523099750746
9,0,0,0,0,0,0,1,124.1555479937233,173.9336590107996,335.004218009999,156.63096800562926
23,0,0,0,4,0,1,1,151.77015798690263,185.40490500163287,427.00063799566124,170.60914200556
6,0,0,0,0,0,0,2,62.55489400064107,110.59504500008188,258.8720719941193,150.54235499701463
2,0,0,0,0,0,0,1340,115.79156199877616,162.52961799909826,191.8596439936664,85.95074999902863
1,0,0,0,0,0,0,8533,100.85571800300386,139.181202990585,276.0681340005249,155.2445790002821
1,0,0,0,0,0,0,8533,100.9550299932016,138.37507300195284,274.080781993689,150.79664099903312
77,0,0,0,15,0,1,1,358.60163399775047,180.7655849988805,675.4950350004947,179.169668990653
4,0,0,0,0,0,0,50,127.4878800031729,175.184514009743,324.0426049887901,93.75252500467468
61,0,0,0,4,0,1,1,660.0045550003415,615.3805350040784,589.0776890009874,317.8334549884312
7,0,0,0,0,0,0,149,127.13902098766994,179.3227169982856,335.61819499300327,168.27340000600088
3,0,0,0,0,0,0,1484,123.82813300064299,173.80978699657135,316.9489579886431,87.07128599053249
8,0,0,0,1,0,1,213,306.14666000474244,438.42057400615886,479.7541120060487,376.73057400388643
2,0,0,0,0,0,0,3160,118.24418400647119,161.55291799805127,300.13087499537505,155.67589800048154
12,0,0,0,3,0,1,4,135.16937299573328,186.27368900342844,384.738565000589,172.86167699785437
27,0,0,0,6,0,1,1,411.9124160060892,389.3632660037838,667.8642039914848,223.80361800605897
82,0,0,0,17,0,1,1,132.78196100145578,173.7213689921191,599.3647930008592,156.89189200929832
10,0,0,0,2,0,1,5,221.9171080068918,215.08960399660282,515.6951630051481,464.38678399135824
2,0,0,0,0,0,0,149,119.01404500531498,163.10181899461895,305.4358149965992,151.9559790031053
1,0,0,0,0,0,0,9122,66.04678399162367,89.52941099414602,219.48751700983848,156.04728199832607
7,0,0,0,1,0,1,4,63.83947399444878,116.53715699503664,334.5816700020805,155.323593004141
4,0,0,0,0,0,0,16,127.7387159934733,179.27856600726955,327.80432800063863,166.80335999990348
5,0,0,0,1,0,1,99,126.23095599701628,173.93197701312602,284.2068570025731,89.5524390070932
114,0,0,0,6,0,1,1,568.0479400034528,536.5493689896539,849.4611750065815,224.24282899009995
2,0,0,0,0,0,0,171,116.48091400275007,166.03009498794563,305.76936100260355,152.4603159923572
6,0,0,0,0,0,0,3,130.00535599712748,177.9556290130131,337.86202999181114,170.45313300332054
2,0,0,0,0,0,0,894,112.37433100177441,157.97735600790475,300.83002999890596,169.5867550006369
1,0,0,0,0,0,0,9914,83.14794099715073,110.61184298887383,240.61534900101833,160.9723040019162
6,0,0,0,0,0,0,41,127.77614098740742,90.20730400516186,172.3883119993843,86.66103400173597
5,0,0,0,0,0,0,5,116.68308200023603,164.18019399861805,309.7637169994414,147.0051020005485
18,0,0,0,2,0,1,1,80.28340099554043,167.59265000291634,374.0913320070831,157.0800089975819
4,0,0,0,0,0,0,8,127.34295100381132,174.2420740047237,322.5217500003055,158.97295999457128
1,0,0,0,0,0,0,8399,77.81101101136301,106.51284099731129,240.55035201308783,158.38403299858328
6,0,0,0,0,0,0,9,202.96747999964282,193.15483499667607,285.2803560090251,138.82939900213387
6,0,0,0,0,0,0,3,65.5559680017177,85.22683000774123,259.8517299920786,155.14326200354844
1,0,0,0,0,0,0,8533,99.30922200146597,137.48476200271398,272.56851000129245,154.30874899902847
1,0,0,0,0,0,0,1511,57.88249098986853,76.8519959965488,269.39021098951343,147.88117300486192
4,0,0,0,1,0,1,236,125.3440930013312,169.57113200624008,325.7202839886304,162.74864099978004
41,0,0,0,2,0,1,1,536.0753920103889,695.3118169913068,683.703749004053,474.430232992745
3,0,0,0,0,0,0,521,116.82191099680495,160.41493699594866,302.4534050055081,151.06367898988537
12,0,0,0,2,0,1,5,459.3248580058571,488.0691489961464,595.0674810010241,460.297494995757
7,0,0,0,1,0,1,3,126.84468600491527,174.26571300893556,335.56492200295907,160.43586601153947
19,0,0,0,1,0,1,30,651.4099789928878,726.9301469932543,317.6847669965355,220.2669539983617
4,0,0,0,1,0,1,530,285.9230460016988,444.1722799965646,357.62467700988054,406.7455400072504
4,0,0,0,0,0,0,221,122.9399360017851,179.87759900279343,329.7401279996848,168.01608700188808
9,0,0,0,2,0,1,13,214.36884500144515,332.0696219889214,499.63106001087,335.81399700779
6,0,0,0,1,0,1,4,363.9929790078895,182.91012301051524,547.9139820090495,177.50362900551409
2,0,0,0,0,0,0,894,59.180334996199235,81.8845500034513,154.73214599478524,87.280452993582
2,0,0,0,0,0,0,3095,110.69222100195475,159.04918700107373,295.3680089995032,168.33739999856334
22,0,0,0,3,0,1,2,513.7949729978573,497.55449099757243,608.6320790054742,419.58206599520054
73,0,0,0,13,0,1,1,133.60641899635084,181.99549500423018,619.7475560038583,172.3852760042064
5,0,0,0,1,0,1,391,316.7658399906941,176.6760729951784,489.2216919979546,187.59155299630947
1,0,0,0,0,0,0,8533,98.6495339893736,137.93652498861775,270.209035006701,158.19848798855674
3,0,0,0,0,0,0,1484,125.8433590119239,172.38505299610551,322.06609500281047,174.54511400137562
3,0,0,0,0,0,0,1484,125.88245100050699,177.72580799646676,333.086946993717,175.50470100832172
69,0,0,0,12,0,1,1,143.7559960031649,178.42706599913072,609.2621400021017,170.57953399489634
3,0,0,0,0,0,0,516,130.09717299428303,197.10065799881704,329.9867109890329,175.54948000179138
6,0,0,0,1,0,1,11,375.5868720036233,207.30676600942388,570.7252660067752,181.3367449940415
5,0,0,0,0,0,0,6,123.22634400334209,168.89075000653975,326.5144239994697,159.47974400478415
2,0,0,0,0,0,0,3095,113.68254499393515,157.19990100478753,305.46299800334964,181.84965899854433
2,0,0,0,0,0,0,60,129.6943170018494,180.44179400021676,333.74050399288535,184.03376500646118
2,0,0,0,0,0,0,1290,116.92400800529867,168.25986400363036,323.74743299442343,162.2984749992611
16,0,0,0,3,0,1,1,575.0610069953837,545.4840269958368,702.1487510064617,297.0894739992218
2,0,0,0,0,0,0,2666,99.20095499546733,185.3827309969347,291.2734220008133,156.8520470027579
1,0,0,0,0,0,0,9230,53.229622993967496,70.95377999939956,198.5937410063343,150.89454098779242
4,0,0,0,1,0,1,633,363.12127400015015,206.01039100438356,569.5625670050504,194.51157499861438
1,0,0,0,0,0,0,1511,131.2641580007039,162.9545199975837,287.2893869935069,149.96522500587162
9,0,0,0,1,0,1,2,129.88155700440984,209.44955699087586,352.6108229998499,167.47960000066087
1,0,0,0,0,0,0,9230,54.51889899268281,68.97742899309378,199.6488310105633,152.92577199579682
2,0,0,0,0,0,0,966,128.9392430044245,164.22867600340396,306.16540600021835,159.00771999440622
2,0,0,0,0,0,0,72,61.92473499686457,81.6244449961232,153.90793699771166,79.26838300772943
38,0,0,0,6,0,1,1,134.34961299935821,185.99900499975774,487.2565630066674,173.13603700313251
2,0,0,0,0,0,0,1827,101.38486098730937,76.98877299844753,148.36077799554914,77.78154499828815
1,0,0,0,0,0,0,8533,99.99366500414908,136.68842198967468,273.3961940102745,154.28877899830695
2,0,0,0,0,0,0,4475,104.36922700318974,146.47864899598062,285.3432419942692,170.29830199317075
3,0,0,0,0,0,0,13,75.83247699949425,165.59573099948466,308.2872619997943,151.67164299055003
2,0,0,0,0,0,0,35,119.37275799573399,168.24217600515112,310.3478409902891,152.6038790034363
4,0,0,0,0,0,0,71,117.21890099579468,164.65891899133567,308.6336359992856,148.92629098903853
42,0,0,0,3,0,1,1,659.3259759974899,567.012519997661,629.0435400005663,393.2877589977579
2,0,0,0,0,0,0,136,117.47009100508876,163.5489990003407,299.90385699784383,145.770677991095
3,0,0,0,0,0,0,1070,73.55401400127448,180.50943700654898,330.8618500013836,170.92465299356263
6,0,0,0,1,0,1,26,123.37950299843214,171.47804799606092,334.7515990026295,158.67722500115633
9,0,0,0,0,0,0,1,120.79828001151327,168.25018399686087,318.6223240045365,80.79730499594007
25,0,0,0,4,0,1,1,135.8793959952891,188.14315299096052,430.61648300499655,174.28474099142477
30,0,0,0,2,0,1,1,290.67489599401597,260.23524900665507,339.4596639991505,478.44356299901847
2,0,0,0,0,0,0,207,115.00859798979945,163.90044501167722,302.551697997842,147.9100529977586
858,0,0,0,166,0,1,1,208.9575620047981,97.49193300376646,3864.659615996061,181.92193600407336
11,0,0,0,0,0,0,1,84.35310499044135,104.47604100045282,340.06562500144355,159.43736900226213
10,0,0,0,0,0,0,1,123.1718580093002,173.77603400382213,337.3033980024047,159.02245299366768
1,0,0,0,0,0,0,872,57.99083999590948,122.24896799307317,240.9783850016538,75.02540700079408
15,0,0,0,2,0,1,9,546.2551770033315,514.9948930047685,530.8626670012018,403.05909200105816
1,0,0,0,0,0,0,9230,54.48657200031448,69.16288800130133,201.6032510000514,155.4990720032947
3,0,0,0,0,0,0,18,62.91605599108152,82.78828200127464,156.68742499838118,77.96408698777668
15,0,0,0,2,0,1,1,202.57700899674091,95.95920699939597,597.5786589988274,172.4341369990725
1,0,0,0,0,0,0,606,114.3593820015667,156.96730600029696,292.86640700593125,141.5985269995872
3,0,0,0,0,0,0,685,127.7612389967544,175.58072200336028,328.22203199611977,173.92900701088365
1,0,0,0,0,0,0,1901,106.01245300495066,148.51261000148952,281.95733099710196,146.59372800088022
3,0,0,0,1,0,1,330,391.45022399316076,466.8686350050848,563.8249119947432,481.4961950032739
1,0,0,0,0,0,0,8533,98.69520399661269,135.79519299673848,276.8057959910948,155.42601599008776
3,0,0,0,0,0,0,344,63.58262100548018,85.59056400554255,271.83261699974537,151.57018799800426
5,0,0,0,1,0,1,2,370.1063110056566,181.36949199833907,425.9345129976282,86.33977100544143
31,0,0,0,3,0,1,1,600.842248997651,559.6922779950546,651.0344359994633,438.8754859974142
1,0,0,0,0,0,0,8399,79.02757299598306,108.85585099458694,242.67661399790086,156.4616579998983
4,0,0,0,0,0,0,200,125.52843600860797,174.62659100419842,319.7931820031954,155.64967899990734
4,0,0,0,1,0,1,71,375.99399499595165,182.69396499090362,555.5560030043125,174.45874100667424
2,0,0,0,0,0,0,1827,108.79771900363266,150.0225370109547,286.9527629954973,150.4469159990549
2,0,0,0,0,0,0,80,117.32932399900164,161.0831860016333,302.453088996117,149.09017601166852
2,0,0,0,0,0,0,4804,111.26992000208702,156.83224899112247,200.79918099509086,147.79999099846464
3,0,0,0,0,0,0,456,64.71923699427862,95.81529400020372,230.51672001020052,155.49306299362797
1,0,0,0,0,0,0,9122,67.27371900342405,70.59828499041032,113.55603201081976,80.43673599604517
70,0,0,0,13,0,1,1,132.4694030045066,187.8669219877338,609.7838960122317,172.34307499893475
2,0,0,0,0,0,0,536,116.82460499287117,165.29869400255848,309.63378299202304,101.79359500762075
25,0,0,0,2,0,1,2,549.5973280048929,526.3627380045364,647.3026450112229,203.47739101271145
1,0,0,0,0,0,0,4295,106.38109099818394,146.8566399998963,284.08656900865026,154.49457200884353
1,0,0,0,0,0,0,3085,101.30223298619967,140.57017100276425,278.17406799294986,149.57129099639133
1,0,0,0,0,0,0,9122,66.20243900397327,87.97692199004814,221.95539700624067,157.35635301098228
1,0,0,0,0,0,0,9230,53.75496300985105,70.19201100047212,201.22544300102163,153.13448900997173
5,0,0,0,0,0,0,2,118.56191798869986,164.4337520119734,311.04466499527916,145.35045000957325
2,0,0,0,0,0,0,3627,60.33173599280417,143.66693899501115,302.50620300648734,167.41587901196908
5,0,0,0,1,0,1,405,317.8336739947554,484.7160249919398,523.2547759951558,441.67499599279836
3,0,0,0,0,0,0,456,63.40446601097938,86.60712299752049,160.68974099471234,102.95714499079622
67,0,0,0,12,0,1,1,65.3609970031539,121.55798199819401,527.6769849879202,107.31620999285951
3,0,0,0,0,0,0,1448,114.66903399559669,158.95165099937003,306.4047529915115,160.79515300225466
10,0,0,0,0,0,0,1,122.40968299738597,170.8385410020128,333.95114899030887,158.52086800441612
1,0,0,0,0,0,0,8399,79.95700700848829,107.50203199859243,240.74865199509077,158.81996499956585
1,0,0,0,0,0,0,9122,66.28767900110688,88.46635300142225,221.81845700833946,157.43519300303888
7,0,0,0,1,0,1,5,359.5070979936281,181.6140339942649,526.2466250133002,173.46670899132732
15,0,0,0,3,0,1,4,442.9948169999989,411.02048999164253,294.0751860005548,198.6289000051329
1,0,0,0,0,0,0,9230,54.11541600187775,70.59124499210157,199.6930019959109,154.39371799584478
15,0,0,0,5,0,1,64,352.26770900771953,341.3909839873668,562.953083004686,315.2934709942201
61,0,0,0,10,0,1,1,140.01859400013927,188.79183600074612,577.2242759994697,173.85587000171654
1,0,0,0,0,0,0,8533,97.89454798738007,136.9474649982294,272.04182899731677,154.58362599019893
3,0,0,0,0,0,0,1070,124.89887401170563,177.18953899748158,326.7910240101628,169.50191599607933
4,0,0,0,1,0,1,1,228.48856099881232,92.70773900789209,284.3235740001546,85.5960100016091
4,0,0,0,0,0,0,3,126.75098700856324,173.68652801087592,325.88050300546456,159.7959259961499
10,0,0,0,1,0,1,107,122.43453500559554,162.26795499096625,335.21243299765047,150.05022200057283
42,0,0,0,8,0,1,1,337.1087650011759,354.66831899248064,697.477945999708,191.43220399564598
5,0,0,0,0,0,0,40,119.19244300224818,165.57219800597522,312.67824600217864,150.42876500228886
8,0,0,0,0,0,0,1,65.79295899427962,91.13553800852969,174.5958280080231,87.25353798945434
8,0,0,0,0,0,0,1,132.50589599192608,180.8507079986157,346.69044699694496,170.78920199128333
4,0,0,0,1,0,1,8,123.89034700754564,171.66672500025015,322.6332580088638,153.8070200040238
6,0,0,0,1,0,1,65,397.07978499063756,183.24113900598604,405.92375899723265,140.37137699779123
2,0,0,0,0,0,0,4475,106.38581399689429,143.62465200247243,298.01176900218707,171.28475799108855
6,0,0,0,1,0,1,37,125.75775499863084,174.97924700728618,270.8742890099529,145.1626399939414
45,0,0,0,3,0,1,1,664.0976780035999,631.102920990088,614.8077380057657,375.921629005461
15,0,0,0,1,0,1,1,140.84632400772534,196.77892200706992,387.0361919980496,183.99099000089336
2,0,0,0,0,0,0,3627,101.11785501067061,161.1457889957819,304.4714130082866,130.91529700614046
6,0,0,0,0,0,0,1,128.14375200832728,178.9760919928085,336.35355600563344,163.1540899979882
11,0,0,0,2,0,1,9,151.64930099854246,177.72426598821767,379.49394300812855,168.90575499564875
14,0,0,0,2,0,1,16,510.0930650078226,475.95816299144644,602.6274070027284,460.8892789983656
3,0,0,0,0,0,0,2044,107.09111999312881,174.8314569995273,315.45975399785675,172.25064100057352
1,0,0,0,0,0,0,8533,98.17923398804851,136.12114699208178,272.57713400467765,155.90917599911336
20,0,0,0,3,0,1,1,475.61265499098226,292.0107249956345,628.6313210002845,191.04057700315025
3,0,0,0,0,0,0,1484,128.27533500967547,177.4800239945762,323.6348789941985,170.94942399126012
7,0,0,0,0,0,0,149,126.6040089976741,178.09042798762675,340.8335960120894,170.13813099765684
6,0,0,0,0,0,0,11,131.71754599898122,182.39982301020063,343.3068309968803,171.5976529958425
3,0,0,0,0,0,0,4,120.15191199316178,166.77524300757796,307.3542899946915,149.40162899438292
6,0,0,0,0,0,0,3,121.18527400889434,172.3165449948283,325.62638699891977,157.47082298912574
17,0,0,0,1,0,1,39,364.1176000091946,401.17080400523264,394.64679300726857,278.28423099708743
6,0,0,0,1,0,1,19,365.4036580119282,179.97207299049478,576.1717709974619,171.10423400299624
2,0,0,0,0,0,0,2666,101.565359000233,141.25294200493954,278.5737169906497,159.75177299696952
2,0,0,0,0,0,0,3160,118.52575199736748,162.0018939865986,301.33458800264634,155.73680200031959
2,0,0,0,0,0,0,224,125.80449599772692,174.12573700130451,321.6030100011267,168.4356989862863
1,0,0,0,0,0,0,1511,61.12558700260706,152.4615910020657,290.63757399853785,150.46796298702247
4,0,0,0,0,0,0,186,120.71200499485712,169.84399200009648,335.1578319998225,185.9483879961772
7,0,0,0,1,0,1,1,367.507431001286,187.79412600270007,583.637125993846,174.6483329916373
6,0,0,0,0,0,0,3,121.2198110006284,172.8151340066688,317.10902199847624,153.0474610044621
6,0,0,0,1,0,1,132,469.7457529982785,546.529194994946,549.2894799972419,427.0347449928522
3,0,0,0,0,0,0,97,133.51229699037503,167.87659699912183,304.5402970019495,149.28177199908532
7,0,0,0,1,0,1,1,136.82496700494085,170.1425229985034,338.9952560100937,157.05102600622922
4,0,0,0,0,0,0,383,124.6625889907591,169.27877299895044,319.87408800341655,175.2518900029827
3,0,0,0,0,0,0,1484,124.74454499897547,175.56704400340095,320.82515899674036,170.01730800257064
3,0,0,0,0,0,0,42,129.09028099966235,177.44454499916174,329.73831599520054,167.46872800285928
24,0,0,0,3,0,1,1,230.92639898823109,220.5337880004663,301.0968570015393,251.84693399933167
4,0,0,0,0,0,0,1,119.61698401137255,166.5865500108339,313.0736399907619,135.4531679971842
1,0,0,0,0,0,0,9914,82.08817399281543,74.97864600736648,170.1580439985264,159.79062800761312
1,0,0,0,0,0,0,3085,101.65572699042968,141.48279200890101,279.10919999703765,151.07959898887202
1,0,0,0,0,0,0,8533,98.47865899791941,138.40175000950694,272.5721290044021,154.49599699059036
18,0,0,0,1,0,1,5,64.63966399314813,89.15232399886008,185.33570399449673,82.82745598990005
1,0,0,0,0,0,0,8533,99.71711901016533,135.83475700579584,271.1913539969828,154.26536000450142
6,0,0,0,1,0,1,1,371.3401569984853,180.6344659999013,544.3897529912647,173.0067769967718
1,0,0,0,0,0,0,1901,107.78871701040771,152.00819600431714,282.2586819966091,148.7524419935653
2,0,0,0,0,0,0,1998,109.93360199790914,156.0987119883066,195.4484890011372,174.5749420078937
3,0,0,0,0,0,0,162,117.9615150031168,166.815962002147,304.04786800500005,153.35007599787787
2,0,0,0,0,0,0,4804,59.50107000535354,81.29698999982793,153.1581430026563,113.68124799628276
6,0,0,0,1,0,1,28,374.9374219914898,185.63037399144378,570.4785520065343,178.68432000977919
8,0,0,0,1,0,1,3,372.83363100141287,180.25635500089265,617.3992280091625,187.55011400207877
8,0,0,0,0,0,0,1,125.93976999050938,172.8142259962624,334.9524730001576,158.78466299909633
2,0,0,0,0,0,0,894,115.29738899844233,159.27841200027615,302.3823399998946,170.32778200518806
14,0,0,0,2,0,1,9,626.6443009953946,595.1663779997034,686.3926430087304,540.2587819990003
3,0,0,0,1,0,1,1479,177.55295299866702,346.84684600506444,307.1867300022859,426.99553800048307
2,0,0,0,0,0,0,4804,79.79824299400207,79.46368400007486,153.66254599939566,90.01862599689048
1,0,0,0,0,0,0,8533,99.92192599747796,137.66717301041353,271.5405070048291,152.29941200232133
3,0,0,0,0,0,0,86,102.42209299758542,91.37982000538614,306.836577001377,171.11600299540441
7,0,0,0,0,0,0,1,126.7692649998935,171.34848999558017,328.0353659938555,155.85932500835042
5,0,0,0,0,0,0,312,125.46030200610403,176.39148999296594,327.1258109889459,182.32702500245068
6,0,0,0,1,0,1,1,118.83471599139739,167.10703499848023,326.4412669959711,149.66803199786227
20,0,0,0,6,0,1,13,129.63716298690997,178.4054330055369,419.4260289950762,169.607048999751
31,0,0,0,4,0,1,1,634.7386459965492,602.9401230043732,735.0791880016914,452.35172199318185
7,0,0,0,1,0,1,83,506.79700600448996,578.2840900064912,547.2320900007617,456.34931900713127
7,0,0,0,1,0,1,1,205.74072100862395,93.18207799515221,296.5636760054622,89.37688100559171
14,0,0,0,2,0,1,5,590.9665289946133,550.1911799947266,612.0455219934229,466.97092600516044
1,0,0,0,0,0,0,8533,99.85178100760095,140.7863040076336,274.85095300653484,154.71636199799832
8,0,0,0,1,0,1,1,119.71715200343169,167.80456400010735,331.43341599497944,149.66907000052743
1,0,0,0,0,0,0,8533,52.547863000654615,68.98224500764627,140.6743679981446,81.27255100407638
2,0,0,0,0,0,0,3532,112.95583601167891,154.32593399600592,293.43184900062624,167.30737300531473
5,0,0,0,1,0,1,62,140.2484519931022,183.2759080134565,338.7821529904613,173.39969301247038
23,0,0,0,4,0,1,1,127.75469101325143,176.64837099437136,410.62975200475194,165.0585030001821
2,0,0,0,0,0,0,3532,108.19932600134052,151.58064899151213,291.5931979950983,166.86324701004196
2,0,0,0,0,0,0,1486,59.89403599232901,80.65241100848652,189.3457920086803,151.4950709970435
3,0,0,0,1,0,1,1479,334.66953100287355,404.9393439927371,516.5346760040848,444.88914401154034
2,0,0,0,0,0,0,1121,127.80725299671758,177.8121480019763,323.8844879961107,170.27622999739833
11,0,0,0,0,0,0,1,64.54997000400908,153.25040600146167,321.9413190090563,78.36730100098066
17,0,0,0,3,0,1,1,450.20350099366624,444.18324300204404,516.5523390023736,344.40781800367404
3,0,0,0,0,0,0,51,121.62067501049023,174.1647040034877,320.92899100098293,157.20330299518537
25,0,0,0,2,0,1,2,541.9255529996008,518.8167579908622,643.5788969974965,202.12191400059965
2,0,0,0,0,0,0,966,114.7135210048873,166.0131490061758,301.75303301075473,156.3653479970526
10,0,0,0,1,0,1,1,103.22828299831599,89.85942999424879,183.13228299666662,86.58859400020447
3,0,0,0,0,0,0,2044,121.50654399010818,91.3397399999667,277.5259129994083,169.7833280049963
3,0,0,0,0,0,0,489,121.6362580016721,172.09490599634591,309.7111480019521,152.7407690009568
4,0,0,0,0,0,0,68,117.4828549992526,172.34310699859634,320.03660198824946,156.9220629899064
1,0,0,0,0,0,0,8399,79.82234600058291,108.11845400894526,239.17495799832977,155.18146299291402
5,0,0,0,0,0,0,2,130.12578600319102,183.98389700450934,339.69121499103494,169.58891399553977
2,0,0,0,0,0,0,348,115.63533000298776,162.07851300714538,277.24201200180687,147.32247199572157
48,0,0,0,5,0,1,1,550.8759140066104,529.2300449946197,743.7799390027067,404.67322699259967
1,0,0,0,0,0,0,8533,97.79806400183588,135.45840099686757,273.0667730065761,154.43607099587098
2,0,0,0,0,0,0,1607,113.36484800267499,148.39792999555357,153.26139199896716,82.54837400454562
1,0,0,0,0,0,0,9230,28.68949899857398,49.05330600740854,128.88737200410105,77.67201500246301
4,0,0,0,0,0,0,69,118.72936099825893,169.8111909936415,315.99482099409215,150.7368759921519
7,0,0,0,1,0,1,1,137.6561109937029,150.57403400714975,361.3563010003418,175.36479500995483
2,0,0,0,0,0,0,1827,107.48988600971643,153.08624600584153,289.8386429878883,149.29955800471362
5,0,0,0,1,0,1,2,63.654361001681536,82.7653750020545,167.90715500246733,79.1388729994651
2,0,0,0,0,0,0,867,115.92417299107183,161.19396599242464,302.66223099897616,151.52578699053265
10,0,0,0,2,0,1,37,463.0726580071496,437.7976660034619,570.6769450043794,433.89888301317114
5,0,0,0,1,0,1,4,372.852665008395,195.79395299660973,554.798804994789,184.73817400808912
2,0,0,0,0,0,0,4804,116.01676399004646,159.96804799942765,303.3300120005151,175.22742800065316
2,0,0,0,0,0,0,1607,114.67552799149416,160.3105329995742,301.16984799678903,157.20961599436123
3,0,0,0,1,0,1,1479,337.8952330094762,402.02059599687345,522.8520699893124,442.1327409945661
21,0,0,0,4,0,1,1,196.5985360002378,91.1340089951409,483.58280200045556,173.81046000809874
30,0,0,0,2,0,1,4,634.4881480035838,610.7894720043987,488.861874997383,325.78737699077465
23,0,0,0,3,0,1,1,583.3223880035803,555.076624994399,424.487454991322,449.8769700003322
10,0,0,0,1,0,1,20,127.88882499444298,179.54491800628603,354.234020007425,164.19555099855643
4,0,0,0,1,0,1,99,137.97427699319087,192.3150880029425,343.65346700360533,178.3906260097865
3,0,0,0,0,0,0,467,129.04028299089987,182.98272699757945,322.42281100479886,126.20963899826165
3,0,0,0,0,0,0,97,119.85539499437436,164.65402700123377,303.32179099787027,148.11614700010978
12,0,0,0,2,0,1,13,474.3285669974284,258.98610199510586,317.521774006309,444.2101390013704
26,0,0,0,3,0,1,1,488.5690650116885,467.60092400654685,396.28663600888103,198.7083339918172
4,0,0,0,0,0,0,329,128.48917600058485,180.83959000068717,334.5343560067704,170.59708600572776
5,0,0,0,1,0,1,490,379.4966419955017,485.7642340066377,488.6871729977429,330.1180109992856
47,0,0,0,3,0,1,1,824.808394012507,762.84215200576,504.191839005216,296.7012509907363
1,0,0,0,0,0,0,8399,79.06459900550544,107.18152500339784,240.81451899837703,157.40809398994315
2,0,0,0,0,0,0,1998,57.81767499865964,77.61689698963892,150.990925001679,89.29288000217639
4,0,0,0,0,0,0,89,63.889672004734166,130.1696059963433,310.9405230061384,150.54457398946397
4,0,0,0,1,0,1,7,86.91530399664771,180.9937340003671,331.06156400754116,164.72378199978266
3,0,0,0,0,0,0,182,120.35964400274679,166.83253900555428,308.88190599216614,153.63979099493008
1,0,0,0,0,0,0,1901,104.604003005079,148.50303600542247,283.4156479948433,146.85781400476117
6,0,0,0,0,0,0,5,63.41405199782457,86.48841099056881,166.652926011011,87.89559701108374
3,0,0,0,0,0,0,1484,126.14321000000928,177.5814150023507,322.2454030037625,171.43536399817094
27,0,0,0,3,0,1,1,556.5637459949357,531.3049789983779,669.2745530017419,201.2544169992907
1,0,0,0,0,0,0,8399,78.5474189906381,106.10356199322268,238.58592499163933,155.6282179953996
279,0,0,0,53,0,1,1,148.22517699212767,191.63532899983693,1473.0236799950944,179.2400499980431
7,0,0,0,0,0,0,1,87.70533600181807,184.77014999371022,348.7731839995831,170.02213299565483
4,0,0,0,0,0,0,50,126.30673899548128,177.42156400345266,330.29198000440374,165.93744400597643
3,0,0,0,0,0,0,1484,66.68506801361218,89.27446400048211,166.10181299620308,87.62260399817023
7,0,0,0,2,0,1,82,387.1951290057041,383.8621860049898,497.53225699532777,377.87544600723777
2,0,0,0,0,0,0,4475,105.14794300252106,143.80370199796744,283.77043100772426,170.4909050022252
19,0,0,0,3,0,1,1,129.65552999230567,167.45545000594575,385.02685900311917,157.08857600111514
3,0,0,0,1,0,1,9,373.1833589990856,451.37049999902956,552.5355970021337,462.36319399031345
1,0,0,0,0,0,0,1901,104.91020198969636,148.63101100490894,280.36301300744526,147.48241900815628
2,0,0,0,0,0,0,2326,64.51956000819337,87.4589540035231,159.8421039961977,90.42503700766247
7,0,0,0,1,0,1,1,127.76272300106939,180.12583898962475,344.80070701101795,166.6439489927143
4,0,0,0,0,0,0,329,128.3116720005637,180.8391820086399,334.66977000352927,169.92891299014445
3,0,0,0,0,0,0,1070,126.46652400144376,181.32505600806326,323.060313006863,168.55046300042886
7,0,0,0,1,0,1,1,143.78836199466605,176.58451599709224,353.9760989951901,164.6235450025415
4,0,0,0,0,0,0,181,131.67514999804553,184.84328700287733,338.46470099524595,171.11537099117413
2,0,0,0,0,0,0,3532,57.60165100218728,78.10935699671973,149.77648999774829,86.13028199761175
3,0,0,0,0,0,0,1484,124.46390801051166,172.42159000306856,321.79350400110707,170.7656949874945
7,0,0,0,0,0,0,1,118.87167900567874,166.5116199874319,320.43486600741744,147.22641900880262
5,0,0,0,0,0,0,1,124.48019500880037,174.1242650023196,317.3102569999173,153.6624239961384
1,0,0,0,0,0,0,9122,66.73696399957407,87.79345700168051,219.53826500975993,156.83874799287878
4,0,0,0,0,0,0,3,120.79905500286259,167.22783300792798,319.87212000240106,152.85334800137207
6,0,0,0,1,0,1,4,75.46173701121006,91.43128400319256,181.1458029987989,87.46953200898133
44,0,0,0,9,0,1,1,129.2273010039935,182.7014789887471,503.5864640085492,166.48941198945977
1,0,0,0,0,0,0,849,114.19177199422847,160.06339600426145,292.91990600177087,145.60774300480261
5,0,0,0,0,0,0,13,118.68609499651939,166.299528995296,309.38067399256397,147.84851200238336
1,0,0,0,0,0,0,8533,51.14286398747936,69.95883600029629,139.37149500998203,79.421992006246
3,0,0,0,0,0,0,1,122.47425499663223,173.10364900913555,316.60582100448664,155.00952799629886
4,0,0,0,1,0,1,101,129.2211770050926,178.7542329984717,328.9146140014054,164.80187099659815
1,0,0,0,0,0,0,8533,100.64573799900245,138.17129800736438,277.37250601057895,156.35992999887094
2,0,0,0,0,0,0,4475,105.84016499342397,145.14347398653626,146.40252500248607,86.24893099477049
1,0,0,0,0,0,0,9230,29.194180999184027,38.18955698807258,199.09917199402116,152.3740089905914
29,0,0,0,6,0,1,1,408.89963299559895,391.60583101329394,591.5046180016361,324.0224649925949
1,0,0,0,0,0,0,8533,98.48226599569898,134.85395901079755,273.5599700099556,156.00844399887137
7,0,0,0,0,0,0,1,127.27718400128651,181.13008899672423,335.2975080051692,163.01940800622106
11,0,0,0,1,0,1,1,369.0822450007545,132.56030000047758,575.1065570075298,177.12808499345556
5,0,0,0,1,0,1,13,126.86692101124208,172.22533900348935,334.6400820009876,160.23124699131586
2,0,0,0,0,0,0,1556,116.07139398984145,104.50257199408952,172.08774699247442,98.80804999556858
6,0,0,0,0,0,0,1,128.56769100471865,180.0180959980935,339.0192670049146,170.05606199381873
7,0,0,0,1,0,1,4,399.45677999639884,208.2207959902007,615.9573340119096,191.23072401271202
2,0,0,0,0,0,0,1827,108.15969899704214,150.26212399243377,289.8687490087468,149.89181100099813
7,0,0,0,0,0,0,6,121.66446600167546,176.1819159873994,328.8607149879681,156.749186993693
1,0,0,0,0,0,0,9914,82.5365979981143,110.94863699690904,244.0816089947475,163.35591100505553
22,0,0,0,4,0,1,1,77.99716699810233,90.87431099032983,215.50533900153823,85.73433700075839
3,0,0,0,0,0,0,32,129.8700710030971,181.64942700241227,331.07380400178954,168.85198300587945
14,0,0,0,2,0,1,1,121.31359899649397,172.55923499760684,364.9874560069293,155.59821799979545
48,0,0,0,4,0,1,1,705.1180980051868,661.7369329906069,619.2892609979026,359.2561709956499
5,0,0,0,1,0,1,18,359.4016840070253,182.53552199166734,559.7353990015108,175.91375000483822
4,0,0,0,0,0,0,5,121.87929399078712,165.23503200733103,310.6126700004097,145.56468999944627
1,0,0,0,0,0,0,9230,53.078384007676505,69.18420500005595,200.73232099821325,153.12862799328286
5,0,0,0,1,0,1,46,124.25346300005913,169.1874639946036,322.7491510042455,152.50280599866528
4,0,0,0,1,0,1,2,120.54744000488427,166.95677299867384,319.73645799735095,150.04722800222225
4,0,0,0,0,0,0,7,119.79472100210842,173.28361999534536,315.79320300079416,153.3553429908352
14,0,0,0,3,0,1,9,408.88344700215384,393.8458390039159,411.4226929959841,183.15186699328478
1,0,0,0,0,0,0,8399,79.30141199904028,107.04798001097515,241.43515901232604,155.32134199747816
27,0,0,0,4,0,1,1,345.26333599933423,521.4400539989583,609.9851479957579,383.84918999508955
19,0,0,0,1,0,1,157,617.4709190090653,702.2258659999352,501.00264299544506,369.87915700592566
2,0,0,0,0,0,0,3160,114.8220239992952,162.21134300576523,301.9004449888598,156.12693599541672
6,0,0,0,1,0,1,18,124.52383199706674,170.4812720126938,331.74852399679366,155.60207099770196
7,0,0,0,1,0,1,33,146.82260499102995,176.32976900495123,356.466665994958,167.44371800450608
4,0,0,0,0,0,0,37,67.64214699796867,89.09313900221605,168.75968599924818,84.3672500050161
1,0,0,0,0,0,0,9230,53.56456599838566,70.15205500647426,197.95511999109294,150.70146700600162
54,0,0,0,9,0,1,1,132.35393200011458,184.03952500375453,400.10788799554575,89.8579070053529
1,0,0,0,0,0,0,1901,105.98023400234524,148.1786509975791,281.1060100066243,145.27422000537626
49,0,0,0,3,0,1,1,209.0073819999816,208.1749960052548,719.0280889917631,482.73453299771063
6,0,0,0,1,0,1,6,134.03722899965942,187.3599840037059,350.7100199931301,173.06810400623363
11,0,0,0,1,0,1,1,120.82912000187207,170.58639500464778,346.96028800681233,161.62910700950306
11,0,0,0,1,0,1,1,128.93928900302853,169.8530660069082,348.9439679979114,163.43659099948127
12,0,0,0,3,0,1,4,136.5447790012695,185.65848100115545,383.8558380084578,176.8642759998329
1,0,0,0,0,0,0,8399,79.41036000556778,109.03362899261992,245.27791899163276,163.33828000642825
4,0,0,0,1,0,1,236,124.70586199196987,170.3953590040328,329.9989109946182,164.5217449986376
8,0,0,0,0,0,0,1,129.52174300153274,190.37845999991987,343.3837410120759,170.33737699966878
2,0,0,0,0,0,0,856,126.84710501343943,172.6289380021626,310.61682899598964,155.40017299645115
6,0,0,0,1,0,1,15,119.6802999911597,164.3967879936099,325.0931840011617,149.06128599250223
2,0,0,0,0,0,0,154,120.951798002352,166.23996499401983,302.9287760000443,148.55603000614792
4,0,0,0,1,0,1,122,131.96308600890916,183.22233299841173,332.36284599115606,170.5576099921018
7,0,0,0,1,0,1,3,130.4983779991744,174.35306099650916,341.3836510007968,158.71158899972215
3,0,0,0,0,0,0,521,114.8395390046062,162.93648700229824,302.65504799899645,150.15030500944704
3,0,0,0,1,0,1,17,363.85603100643493,446.31412500166334,546.8207609956153,460.98922500095796
27,0,0,0,3,0,1,1,283.58552198915277,269.9853629892459,339.49009601201396,102.85790699708741
2,0,0,0,0,0,0,1827,110.79324499587528,150.82900501147378,289.40619199420325,152.13673800462857
2,0,0,0,0,0,0,4804,113.5889400029555,156.4057069917908,293.74285899393726,171.44207798992284
37,0,0,0,8,0,1,1,349.1163830040023,355.8885350066703,693.8021310052136,192.19032098772004
2,0,0,0,0,0,0,722,123.65042700548656,173.61105800955556,317.3875790089369,169.38344699156005
1,0,0,0,0,0,0,872,111.75675499544013,157.0628850022331,262.7200319984695,74.49947600252926
4,0,0,0,1,0,1,9,367.9387979937019,178.95833200600464,557.0673940092092,172.70280700176954
1,0,0,0,0,0,0,8533,99.80087899020873,137.2303490061313,273.5104669991415,154.84300699608866
2,0,0,0,0,0,0,1340,114.59439600002952,161.64343799755443,301.2380900036078,166.15855200507212
2,0,0,0,0,0,0,3532,58.56028400012292,77.46102999954019,243.81695600459352,166.42721398966387
2,0,0,0,0,0,0,867,116.91101199539844,160.67163700063247,301.19944899342954,81.48840699868742
1,0,0,0,0,0,0,9230,53.014835008070804,68.92619600694161,198.94609300536104,151.8271639943123
1,0,0,0,0,0,0,8399,78.59486099914648,106.8792700098129,241.2957989872666,157.29359599936288
2,0,0,0,0,0,0,867,62.344334000954404,102.10614300740417,301.4038759865798,152.93838699290063
6,0,0,0,0,0,0,1,119.37611100438517,162.4220989906462,312.1218209998915,147.26287699886598
4,0,0,0,0,0,0,17,64.75621199933812,84.62647499982268,162.09582998999394,80.56590899650473
1,0,0,0,0,0,0,8533,98.73784199589863,135.98843000363559,272.0764640107518,152.41170700755902
11,0,0,0,1,0,1,1,121.7018549941713,172.033320995979,350.9496819897322,157.1583089971682
2,0,0,0,0,0,0,3627,115.89462400297634,163.05170499254018,301.5406350023113,167.6816730032442
3,0,0,0,0,0,0,456,62.76519400125835,85.31036200292874,161.10454300360288,80.62463899841532
5,0,0,0,0,0,0,1,128.17988998722285,183.47944499691948,338.552740009618,168.80849299195688
4,0,0,0,0,0,0,400,120.24971899518277,166.97140299947932,312.4130240030354,152.96359699277673
1,0,0,0,0,0,0,8399,79.45592999749351,106.71647801063955,240.3118829970481,156.9148239941569
2,0,0,0,0,0,0,3627,116.66257701290306,160.2100129966857,303.54668499785475,168.74512800131924
2,0,0,0,0,0,0,2666,52.26665698864963,70.05083200056106,141.55305600434076,80.2656870073406
6,0,0,0,1,0,1,4,130.06775500252843,179.56991099345032,344.56553201016504,167.29611399932764
1,0,0,0,0,0,0,9914,80.75470400217455,110.81504299363587,244.24039899895433,160.67398998711724
3,0,0,0,0,0,0,560,124.05761200352572,173.34810900501907,321.91593799507245,168.19081299763639
7,0,0,0,1,0,1,18,372.1624559984775,447.1349300001748,478.0471620033495,378.7706609873567
1,0,0,0,0,0,0,9914,80.71559299423825,109.20956599875353,243.3662789990194,161.0250429948792
3,0,0,0,0,0,0,1,119.1398009978002,167.49730399169493,314.21634899743367,154.6305130032124
3,0,0,0,0,0,0,106,122.47040000511333,169.25927200645674,225.6118340010289,78.38286100013647
7,0,0,0,1,0,1,1,128.12295500771143,178.11533701024018,343.21565700520296,165.1110160019016
146,0,0,0,8,0,1,1,415.67772898997646,417.06514099496417,1007.4808619974647,353.9272749912925
10,0,0,0,0,0,0,1,120.18079299014062,168.7153090024367,335.00636799726635,155.77508699789178
8,0,0,0,1,0,1,16,122.7800149936229,171.69335299695376,326.7224829905899,150.5018489988288
2,0,0,0,0,0,0,4475,54.91326600895263,74.74826600810047,162.9471630003536,170.74243299430236
3,0,0,0,0,0,0,516,126.9799699948635,181.30109200137667,327.6992819883162,170.2426120027667
3,0,0,0,0,0,0,368,121.44154400448315,168.42187198926695,311.50943400280084,154.80915900843684
4,0,0,0,0,0,0,30,128.45802200899925,181.72760799643584,332.23889699729625,167.48004700639285
10,0,0,0,0,0,0,1,120.64973599626683,171.0574269964127,337.85883999371435,161.54302199720405
5,0,0,0,1,0,1,11,136.2530729966238,183.28111800656188,343.93665500101633,169.7986299986951
3,0,0,0,0,0,0,1484,126.3925620005466,173.94350499671418,319.51443500292953,170.8090739994077
4,0,0,0,0,0,0,102,121.47789899609052,169.29004300618544,319.7317869926337,158.80143699178007
2,0,0,0,0,0,0,1121,126.49675199645571,180.64562900690362,324.7121440072078,172.50483599491417
1,0,0,0,0,0,0,8533,97.80843601038214,135.14108399976976,270.3322450106498,154.05771700898185
7,0,0,0,1,0,1,2,120.25515700224787,165.54593699402176,327.0841500052484,149.1661350009963
11,0,0,0,0,0,0,1,120.2065940015018,164.8876690014731,333.90421500371303,149.51630600262433
14,0,0,0,1,0,1,68,552.4041269964073,446.85248799214605,305.10996299562976,407.5850939989323
7,0,0,0,0,0,0,1,129.59175500145648,184.4354530039709,347.17020600510295,169.60412700427696
3,0,0,0,0,0,0,42,128.43582300411072,178.2676800066838,328.3881779934745,167.14252899691928
10,0,0,0,1,0,1,1,131.917334991158,175.42458001116756,313.86325099447276,81.20878699992318
1,0,0,0,0,0,0,8533,98.88919100922067,133.99115599168,271.42643099068664,156.61732299486175
2,0,0,0,0,0,0,3160,116.83536999044009,163.05667700362392,304.3618619994959,154.3155539984582
4,0,0,0,0,0,0,48,130.52603500545956,184.7230290004518,336.0024879948469,169.86077500041574
4,0,0,0,0,0,0,17,127.19164699956309,177.11676900216844,327.80438900226727,165.29088599781971
8,0,0,0,1,0,1,66,397.17312800348736,376.44570200063754,389.856513007544,443.27857698954176
2,0,0,0,0,0,0,1320,120.64642099721823,167.5840719981352,303.99394800770096,156.36983200965915
2,0,0,0,0,0,0,4475,55.396698997356,72.8389470023103,145.49199599423446,87.62792799097952
4,0,0,0,1,0,1,8,128.7861479941057,176.3795300066704,332.2185009892564,164.45567799382843
41,0,0,0,6,0,1,1,581.7325959942536,548.6347560072318,707.1508699882543,386.74366600753274
25,0,0,0,2,0,1,2,324.2878449964337,538.1906269903993,646.1784490093123,483.4377899969695
8,0,0,0,0,0,0,3,121.36443100462202,165.4091289965436,324.72715100448113,154.9453860061476
60,0,0,0,10,0,1,1,137.75986700784415,191.20757200289518,540.9385719976854,91.49802599858958
6,0,0,0,1,0,1,64,131.919053994352,183.1076340022264,350.94657199806534,174.5202349993633
2,0,0,0,0,0,0,856,120.75286600156687,171.8419379903935,306.54128499736544,156.78906100220047
5,0,0,0,1,0,1,2,375.3721410030266,181.03598000016063,561.8593030085322,174.56059000687674
17,0,0,0,1,0,1,41,570.399792995886,758.4809100080747,631.0334429872455,501.918776993989
6,0,0,0,2,0,1,316,311.26469699665904,314.91573101084214,495.04048700327985,362.0296910085017
13,0,0,0,2,0,1,4,124.55294901155867,167.30674500286113,352.6746129937237,146.7564129998209
4,0,0,0,0,0,0,8,117.49989099917002,162.1232180041261,310.2454299951205,148.68885900068562
9,0,0,0,1,0,1,25,195.7936920080101,91.58121499058325,301.27387699030805,92.67725399695337
3,0,0,0,0,0,0,1070,125.41304099431727,177.34082900278736,326.23671300825663,168.3440030028578
141,0,0,0,27,0,1,1,372.7324469946325,184.9120819970267,1096.2318729871185,120.21090400230605
1,0,0,0,0,0,0,9230,28.427473007468507,35.51436499401461,103.13751199282706,115.03270899993367
1,0,0,0,0,0,0,8399,79.14354500826448,106.92285999539308,239.3494649877539,137.50141899799928
3,0,0,0,0,0,0,2044,120.5792399996426,169.70384799060412,318.8890470046317,171.7367439996451
100,0,0,0,9,0,1,1,281.56952300923876,465.77994400286116,916.1041629995452,342.5652930018259
14,0,0,0,4,0,1,13,125.83861200255342,178.3064490009565,384.0202150022378,167.2072250075871
3,0,0,0,0,0,0,433,117.24169700755738,116.30543798673898,193.14891500107478,157.94068400282413
2,0,0,0,0,0,0,237,70.56835301045794,169.71599000680726,267.0283139887033,84.68392099894118
14,0,0,0,0,0,0,1,118.41237200133037,93.40216100099497,314.425389005919,123.4748179995222
1,0,0,0,0,0,0,9230,53.38053300511092,69.82818999676965,197.90554800420068,149.93081901047844
3,0,0,0,0,0,0,1448,116.1473000101978,160.7891130115604,304.32665499392897,160.20202099753078
3,0,0,0,0,0,0,521,116.68735400598962,162.99244298716076,302.5434870069148,150.305824005045
70,0,0,0,3,0,1,1,660.9794560063165,620.4775000078371,663.2200160092907,362.92227399826515
23,0,0,0,4,0,1,1,395.2445320028346,380.8868760097539,603.1436110060895,210.81136200518813
2,0,0,0,0,0,0,693,112.85532799956854,156.52860100090038,300.56459600746166,153.4345529944403
7,0,0,0,0,0,0,5,74.7606770019047,172.82298899954185,334.3477129965322,161.78122500423342
10,0,0,0,2,0,1,23,407.1007769962307,274.52615900256205,263.88718899397645,197.18647700210568
4,0,0,0,0,0,0,165,120.07216199708637,170.4106540128123,306.6776240011677,148.61742898938246
17,0,0,0,2,0,1,2,508.2206469960511,356.6905269981362,605.4207940032938,190.69239000964444
165,0,0,0,30,0,1,1,367.02810499991756,180.38827199779917,1181.3004330033436,172.92406600608956
1,0,0,0,0,0,0,9914,79.70462400407996,108.55645700939931,243.36195799696725,160.90005499427207
7,0,0,0,0,0,0,1,128.45944400760345,183.30531199171674,338.339014997473,169.13269700307865
3,0,0,0,0,0,0,831,118.60651000461075,165.37494999647606,313.1794759974582,171.83102401031647
7,0,0,0,1,0,1,4,65.1017329946626,86.29732500412501,212.4747909983853,126.45969800360035
5,0,0,0,1,0,1,36,130.60878199758008,180.4668370023137,340.0928839982953,170.4569720022846
4,0,0,0,0,0,0,6,118.51323100563604,166.75807400315534,311.4333400008036,150.58057200803887
1,0,0,0,0,0,0,606,111.86606000410393,155.0646450050408,293.6381149920635,148.7579319946235
3,0,0,0,0,0,0,205,121.94668200390879,172.61747698648833,316.0626129974844,155.87954298825935
1,0,0,0,0,0,0,9122,65.21819799672812,86.48006099974737,217.894264991628,157.59806201094761
1,0,0,0,0,0,0,9230,28.623360994970426,35.638535002362914,102.25833399454132,78.00416499958374
6,0,0,0,0,0,0,7,64.58427400502842,102.45798600954004,329.00318899191916,139.34793799126055
1,0,0,0,0,0,0,9122,66.67630599986296,88.3370210067369,219.77161700488068,158.19285200268496
1,0,0,0,0,0,0,9230,53.9831950009102,67.65640799130779,197.7868749963818,151.54463298677
6,0,0,0,0,0,0,15,122.66761100909207,168.21135900681838,324.2981489893282,159.25468200293835
1,0,0,0,0,0,0,8399,79.32052099204157,107.43306500080507,240.94848199456464,155.58488000533544
3,0,0,0,0,0,0,23,125.24591799592599,177.5352780096,325.46574700972997,163.49669199553318
1,0,0,0,0,0,0,9914,82.35974199487828,110.95077899517491,247.72489399765618,161.09536500880495
265,0,0,0,55,0,1,1,71.27573099569418,85.57892600947525,777.7035309991334,109.85327600792516
4,0,0,0,1,0,1,289,367.3592550039757,191.37891499849502,551.7703909863485,182.56772099994123
2,0,0,0,0,0,0,966,117.49629898986313,164.3788229994243,303.80160998902284,154.90499199950136
23,0,0,0,4,0,1,1,395.0236669916194,380.09567199333105,447.19492600415833,104.75338299875148
6,0,0,0,1,0,1,17,375.06127599044703,183.184296998661,565.1109930040548,176.26097399624996
4,0,0,0,1,0,1,295,445.9053830069024,419.68555698986165,493.1134619982913,414.7632189997239
3,0,0,0,0,0,0,1484,66.85540000034962,90.55206799530424,164.54831800365355,87.91966499120463
2,0,0,0,0,0,0,2666,100.46784399310127,139.83985099184792,277.2517810080899,159.58032599883154
1,0,0,0,0,0,0,9914,80.89522000227589,110.92209599155467,242.4034689902328,161.37073800200596
97,0,0,0,8,0,1,1,552.1946719964035,526.8552260095021,851.9923789863242,344.0649719996145
6,0,0,0,0,0,0,11,122.21457400301006,177.85086699586827,324.8173359897919,157.4329909926746
1,0,0,0,0,0,0,9230,53.86315600480884,68.73614300275221,200.56932499574032,151.58469499147031
2,0,0,0,0,0,0,4804,115.88250700151548,156.0811279923655,294.54325600818265,172.0461270015221
7,0,0,0,1,0,1,3,70.86635500309058,94.99032401072327,182.29886499466375,90.35781100101303
19,0,0,0,4,0,1,1,127.96239499584772,176.17397499270737,401.2331279955106,165.3397420013789
13,0,0,0,1,0,1,163,545.896712996182,632.7447249932447,592.8198949986836,479.92600199359003
1,0,0,0,0,0,0,9122,66.58145299297757,87.51526099513285,221.52964399720076,157.17698200023733
2,0,0,0,0,0,0,162,121.84879700362217,164.34030499658547,307.85728798946366,152.6355730020441
16,0,0,0,4,0,1,1,127.24244200217072,179.79854599980172,380.752550001489,157.80078299576417
5,0,0,0,1,0,1,46,125.05912000779063,169.57962399465032,322.945587002323,150.92321501288097
3,0,0,0,0,0,0,400,64.5224479958415,86.34222899854649,313.3074560028035,181.7717670055572
35,0,0,0,5,0,1,1,620.8404509961838,586.8311660015024,823.4510370093631,218.16783100075554
5,0,0,0,1,0,1,46,121.28263499471359,165.5127729900414,324.0381819923641,152.08769899618346
2,0,0,0,0,0,0,536,115.82511800224893,162.84916599397548,271.3335749867838,136.39263100048993
5,0,0,0,1,0,1,1,92.276376002701,83.29674300330225,161.4844069990795,74.84000899421517
1,0,0,0,0,0,0,3085,103.35477899934631,142.14710499800276,279.2188199964585,149.1887899901485
2,0,0,0,0,0,0,368,122.88537398853805,172.03580000204965,307.6706340070814,156.04271201300435
8,0,0,0,1,0,1,1,196.0020669939695,92.40699300426058,550.1792690047296,150.74774700042326
49,0,0,0,3,0,1,1,626.6771149967099,579.7877720033284,656.8706079997355,412.5395160081098
3,0,0,0,0,0,0,1484,126.8944699986605,175.16125499969348,319.6664650022285,168.4018640080467
2,0,0,0,0,0,0,1998,109.18780599604361,153.0259940045653,290.0244360062061,88.77915400080383
4,0,0,0,0,0,0,8,112.61604999890551,153.41914699820336,286.4211220003199,151.11915599845815
2,0,0,0,0,0,0,4804,59.9359519983409,80.35921500413679,197.12572899879888,174.11282898683567
1,0,0,0,0,0,0,9914,82.27524199173786,110.13235700374935,245.6421370006865,159.89463399455417
57,0,0,0,6,0,1,1,567.9037889931351,529.8927479889244,783.5593159979908,391.1512900085654
4,0,0,0,1,0,1,408,117.2548070026096,155.4269009939162,234.32769799546804,82.70374800486024
9,0,0,0,1,0,1,5,122.1450779994484,163.67420500318985,330.9322319983039,149.532805007766
15,0,0,0,2,0,1,1,125.37424299807753,174.27149599825498,366.66585500643123,158.23705300863367
9,0,0,0,1,0,1,1,133.1531640025787,189.24585299100727,360.7359500019811,172.06925500067882
4,0,0,0,0,0,0,319,116.69516899564769,163.7466609972762,305.66770100267604,151.07548999367282
1,0,0,0,0,0,0,9914,78.54475699423347,93.39313299278729,123.3773099957034,85.18640299735125
18,0,0,0,3,0,1,1,197.42655199661385,188.5161450045416,547.3394330037991,188.08029300998896
21,0,0,0,4,0,1,1,148.77900699502788,178.38852800196037,2884.030460001668,169.58457499276847
3,0,0,0,0,0,0,1448,116.6114719962934,87.57638400129508,155.27481300523505,83.14336701005232
4,0,0,0,0,0,0,16,97.9489010060206,170.31579800823238,319.64979600161314,157.48608000285458
9,0,0,0,1,0,1,1,131.48346600064542,183.03161900257692,285.47871799673885,88.00500999495853
2,0,0,0,0,0,0,4475,106.63215100066736,149.32039499399252,290.92766999383457,172.85331300809048
9,0,0,0,1,0,1,95,558.1683700002031,634.7416289936518,593.2685820007464,497.2584109927993
4,0,0,0,0,0,0,248,129.9396219983464,182.5854890048504,330.3201969974907,173.6705249932129
5,0,0,0,0,0,0,1,115.09087399463169,163.99385800468735,313.95162700209767,147.64678699430078
11,0,0,0,0,0,0,1,124.47099400742445,173.83019199769478,341.82323300046846,157.1110449876869
1,0,0,0,0,0,0,849,79.56728100543842,162.93286200379953,191.753619001247,75.60854099574499
2,0,0,0,0,0,0,1340,97.85727399867028,161.2976429896662,306.0482340079034,168.21006999816746
3,0,0,0,0,0,0,588,123.91137701342814,177.38797998754308,319.03617300849874,168.35846500180196
73,0,0,0,6,0,1,1,506.501791998744,488.2612990040798,769.5484980067704,362.5044130021706
38,0,0,0,7,0,1,1,435.83205599861685,321.908493002411,506.24488199537154,208.21971801342443
6,0,0,0,0,0,0,24,127.43362599576358,179.50172600103542,338.6909940018086,170.0676609907532
2,0,0,0,0,0,0,3160,85.79036300943699,167.03853700892068,304.27587500889786,155.79678799258545
7,0,0,0,0,0,0,1,123.77885098976549,169.6333329891786,325.58786698791664,157.42155899351928
32,0,0,0,6,0,1,1,402.9103950015269,381.1727269930998,661.8166289990768,317.3797150084283
2,0,0,0,0,0,0,2666,99.97499200107995,139.52229300048202,277.18654899217654,157.9370499966899
8,0,0,0,0,0,0,2,120.283272000961,170.70064900326543,321.52186099847313,150.74952300346922
3,0,0,0,0,0,0,1484,66.4281320059672,89.01343100296799,165.4477739939466,87.8986360039562
4,0,0,0,0,0,0,491,129.518340996583,179.55729000095744,332.5184249988524,172.31842699402478
5,0,0,0,0,0,0,17,124.00561799586285,169.78387799463235,323.5840020061005,158.8483899977291
5,0,0,0,0,0,0,1,128.13543200900313,178.6822980066063,337.2939020046033,169.1410729981726
34,0,0,0,3,0,1,1,400.6563539878698,421.598653003457,657.984296005452,415.8698220126098
2,0,0,0,0,0,0,2666,99.688984992099,138.57982101035304,277.37737700226717,157.72335400106385
1,0,0,0,0,0,0,4295,109.22714100161102,149.22879199730232,289.221519997227,150.8244900032878
52,0,0,0,3,0,1,1,589.0390599961393,589.2037839948898,381.05460499355104,107.97062999336049
16,0,0,0,2,0,1,5,257.967944999109,276.5412209992064,612.2919839981478,454.431967009441
3,0,0,0,0,0,0,521,116.74928601132706,166.74689500359818,296.9520839978941,113.6885370069649
6,0,0,0,0,0,0,24,105.28869900736026,152.33672599424608,331.2588219996542,163.04117999970913
6,0,0,0,1,0,1,3,130.09245200373698,173.47565699310508,333.9181409974117,157.23143899231218
6,0,0,0,0,0,0,7,132.98994000069797,180.9533060004469,341.97831399796996,171.62953400111292
5,0,0,0,1,0,1,138,121.98011999134906,170.2720340108499,331.1262389906915,159.7858650056878
5,0,0,0,0,0,0,13,124.50462899869308,171.84099400765263,327.47986300091725,160.7280640018871
2,0,0,0,0,0,0,485,117.86094099807087,162.0635650033364,301.61541599954944,148.73108100437094
3,0,0,0,0,0,0,579,127.84568700590171,182.09124999702908,326.0962250060402,169.88018300617114
74,0,0,0,4,0,1,1,543.2881409942638,314.4367930071894,359.90219000086654,191.39578400063328
2,0,0,0,0,0,0,1827,107.66106800292619,151.69366599002387,289.98132499691565,149.69525299966335
1,0,0,0,0,0,0,1901,105.83673600922339,147.21886199549772,286.4924739988055,147.64564599317964
3,0,0,0,0,0,0,2044,123.73527500312775,174.02726999716833,317.3445139982505,169.45212900463957
4,0,0,0,0,0,0,383,64.0598099998897,86.05900499969721,161.95253600017168,171.796169001027
3,0,0,0,1,0,1,1445,266.2702579982579,325.14649399672635,426.32515099830925,354.7184190101689
5,0,0,0,1,0,1,2,130.19369999528863,174.53221100731753,333.2867900026031,161.12820399575867
13,0,0,0,1,0,1,11,596.8000930006383,677.9865390126361,522.7462629991351,407.07066300092265
1,0,0,0,0,0,0,4295,109.51483999087941,150.08337600738741,288.1176200025948,151.18464099941775
5,0,0,0,0,0,0,49,131.40623799699824,181.86676599725615,338.4278179873945,170.95374000200536
8,0,0,0,1,0,1,1,415.0021859968547,91.39844299352262,448.3951540023554,172.80475101142656
1,0,0,0,0,0,0,9914,82.03449001302943,110.57078599696979,246.5367880067788,138.5428299981868
43,0,0,0,3,0,1,1,507.8751710098004,482.85329299687874,676.2491400004365,409.5061339903623
1,0,0,0,0,0,0,9914,80.7799929898465,109.70541799906641,245.65297200751957,159.39367399550974
3,0,0,0,0,0,0,1,119.47044600674417,161.78449700237252,303.9150730037363,146.19642699835822
5,0,0,0,1,0,1,138,123.10971999249887,171.28408899588976,330.62557299854234,160.81741999369115
41,0,0,0,3,0,1,1,414.56421399198007,255.81839498772752,445.633422001265,218.89036099310033
1,0,0,0,0,0,0,8533,51.01985001238063,68.2412949972786,258.03168800484855,154.0487860038411
13,0,0,0,1,0,1,11,600.1464700093493,685.9518080018461,521.0850790026598,405.0578320020577
3,0,0,0,0,0,0,96,121.31014300393872,163.50287200475577,306.4816030091606,147.90824099327438
18,0,0,0,3,0,1,1,130.98827299836557,178.10927600658033,392.3026209959062,166.83470300631598
6,0,0,0,0,0,0,3,119.26332900475245,166.10949799360242,316.1017389938934,150.29886199044995
1,0,0,0,0,0,0,9914,81.33677000296302,110.66775501240045,242.2508550080238,157.8606170078274
2,0,0,0,0,0,0,4804,112.50834100064822,158.74781900492962,298.2757909921929,173.3378420030931
12,0,0,0,1,0,1,1,119.42909299978055,168.97456000151578,349.04747900145594,124.73228899762034
5,0,0,0,1,0,1,11,364.29159899125807,179.43148899939843,550.3022060001967,173.14836000150535
5,0,0,0,1,0,1,234,129.64535799983423,170.3586100047687,331.8398630071897,161.15927200007718
9,0,0,0,1,0,1,229,526.173831007327,614.2113600071752,573.5278579959413,470.94764800567646
3,0,0,0,0,0,0,2044,121.85218201193493,171.59498800174333,313.70673299534246,170.4595790070016
1,0,0,0,0,0,0,8399,78.94991000648588,106.17413801082876,239.5284310041461,157.81875899119768
6,0,0,0,0,0,0,18,121.9487259950256,171.25863900582772,324.58219699037727,157.25458798988257
5,0,0,0,0,0,0,17,93.9497229992412,86.1206199915614,162.74960000009742,80.73015400441363
285,0,0,0,54,0,1,1,88.19469199806917,97.20966099121142,987.3633889947087,165.49325200321618
2,0,0,0,0,0,0,4804,113.83373801072594,156.39858700160403,294.68216600071173,177.7458929864224
5,0,0,0,1,0,1,19,139.10890099941753,180.65560299146455,339.8308640025789,170.20588599552866
1,0,0,0,0,0,0,1901,104.64279798907228,146.68996998807415,282.91688799799886,146.29031901131384
18,0,0,0,1,0,1,5,123.75242399866693,172.95988500700332,368.7983669951791,158.8149710005382
4,0,0,0,0,0,0,5,63.473269998212345,91.24393798992969,310.5311459949007,149.94686499994714
4,0,0,0,1,0,1,375,61.890509008662775,82.48425000056159,165.52082500129472,111.5688800055068
3,0,0,0,0,0,0,1,128.2647369953338,174.80051300663035,322.67951099493075,155.65568499732763
9,0,0,0,0,0,0,1,124.16028100415133,174.0530040115118,336.1590540007455,156.31918799772393
4,0,0,0,0,0,0,223,122.39954099641182,171.7078810033854,324.3227049970301,146.73109899740666
13,0,0,0,2,0,1,54,125.40488799277227,164.09020399441943,352.2989269986283,149.5907159987837
6,0,0,0,1,0,1,1,111.00722699484322,93.97878500749357,339.092314010486,167.69074300827924
8,0,0,0,1,0,1,1,121.66893899848219,170.38524300733116,339.7248249966651,85.96178400330245
2,0,0,0,0,0,0,1340,114.86068800149951,162.67573001096025,305.8597779890988,169.56136499356944
15,0,0,0,4,0,1,5,387.882590002846,263.5885310010053,476.0213490080787,202.79817300615832
2,0,0,0,0,0,0,2666,102.64249300234951,140.46611600497272,277.94698899379,157.7068010083167
2,0,0,0,0,0,0,1607,59.888203992159106,79.26568599941675,273.13125001091976,155.7833459955873
88,0,0,0,15,0,1,1,365.0250130012864,182.91275399678852,862.2625080024591,178.86493599507958
8,0,0,0,0,0,0,4,131.89201999921352,180.78481599513907,338.44499399128836,170.34943999897223
1,0,0,0,0,0,0,9230,52.91980100446381,69.20453300699592,199.64339199941605,153.34739799436647
6,0,0,0,1,0,1,163,72.27509700169321,111.27532400132623,321.45320100244135,170.4966339893872
3,0,0,0,0,0,0,152,67.72861300851218,90.86409599694889,170.33522699784953,90.1945999939926
57,0,0,0,7,0,1,1,473.6621379997814,453.04114698956255,708.5991390049458,332.3935250082286
3,0,0,0,0,0,0,9,123.51297499844804,171.97802700684406,312.6253340014955,150.40178899653256
4,0,0,0,0,0,0,37,127.53331199928652,176.79230800422374,329.2965159926098,160.29358499508817
15,0,0,0,2,0,1,3,125.35683299938682,164.47117501229513,360.28557700046804,145.3396049910225
69,0,0,0,13,0,1,1,395.56501699553337,252.32553599926177,794.0304009971442,191.40624300052878
3,0,0,0,0,0,0,22,122.74004599021282,165.63602899259422,310.70361100137234,152.38528601184953
4,0,0,0,0,0,0,4,120.97870999423321,174.3929649965139,319.58576499891933,155.97928600618616
10,0,0,0,3,0,1,23,364.8131240042858,341.17609199893195,555.7603750057751,188.76118698972277
26,0,0,0,2,0,1,1,393.63136600877624,394.6192949952092,676.7499879933894,502.25886100088246
1,0,0,0,0,0,0,8399,79.94047399552073,106.4505679969443,240.66040699835867,156.467552005779
10,0,0,0,0,0,0,1,130.27186499675736,180.97347299044486,353.3778120036004,172.2672670002794
2,0,0,0,0,0,0,1556,113.45381299906876,159.8528340109624,299.5077379891882,140.83716699678916
5,0,0,0,0,0,0,1,120.79364799137693,162.33453100721817,310.80015399493277,147.54949900088832
1,0,0,0,0,0,0,8533,99.84125099435914,137.1555990044726,274.97291000327095,154.66636800556444
3,0,0,0,0,0,0,28,114.25743300060276,90.49354599846993,173.1621310027549,89.64617499441374
7,0,0,0,1,0,1,20,135.00839601329062,179.02591200254392,342.44729300553445,163.8565449975431
1,0,0,0,0,0,0,4295,106.85549200570676,146.23585798835848,284.43181701004505,150.75159999832977
10,0,0,0,1,0,1,1,370.7742820115527,184.7975109994877,569.3487729877234,173.698308004532
5,0,0,0,0,0,0,6,87.5595019897446,162.7739859977737,311.4561490074266,147.71387800283264
29,0,0,0,2,0,1,1,341.7065279936651,358.01903798710555,536.4869060140336,187.99821099673864
38,0,0,0,4,0,1,1,389.24838000093587,391.51380299881566,697.6907770003891,401.95358599885367
5,0,0,0,1,0,1,1,133.0073070130311,194.05221698980313,178.7249979970511,89.76000099210069
4,0,0,0,1,0,1,289,367.4512490106281,188.5159489902435,550.9748719923664,183.02389200835023
1,0,0,0,0,0,0,9914,79.52392299193889,109.73866700078361,240.81808800110593,158.6803070094902
7,0,0,0,0,0,0,1,130.46785999904387,183.45133001275826,346.2018319987692,171.3280370022403
21,0,0,0,5,0,1,1,131.67293500737287,177.14235300081782,416.3685380044626,168.8126730005024
10,0,0,0,1,0,1,186,568.7556060001953,652.9750870104181,629.7361790057039,523.7834930012468
8,0,0,0,1,0,1,16,124.41720200877171,171.983040010673,303.2087840110762,76.74571999814361
3,0,0,0,0,0,0,521,114.95943200134207,161.2322739965748,304.72906299110036,149.7958319960162
3,0,0,0,0,0,0,1862,65.46329299453646,88.35724300297443,272.0437050011242,170.51145700679626
2,0,0,0,0,0,0,1998,110.94989599951077,154.61908699944615,252.04856500204187,89.88764700188767
1,0,0,0,0,0,0,8533,98.13561099872459,135.03088100696914,271.5666930016596,155.40949199930765
10,0,0,0,2,0,1,4,135.6546570023056,159.22764800779987,301.746186989476,170.37168399838265
3,0,0,0,0,0,0,531,66.23115000547841,120.09089200000744,327.3848859971622,170.43917199771386
2,0,0,0,0,0,0,13,119.36466400220525,164.4196339912014,305.1784819981549,147.2495570051251
3,0,0,0,0,0,0,1484,125.34750599297695,176.7899859987665,318.48892199923284,171.17524400237016
4,0,0,0,0,0,0,310,114.67580099997576,170.74896399572026,316.7621169995982,156.33391799929086
19,0,0,0,2,0,1,3,611.6782739991322,405.11328900174703,356.0811509960331,273.28819199465215
2,0,0,0,0,0,0,4804,112.42721100279596,157.1062969887862,296.3992159930058,175.82430099719204
2,0,0,0,0,0,0,4804,115.57415299466811,157.4039150000317,295.80855200765654,170.6880769925192
6,0,0,0,0,0,0,7,125.1388110104017,171.30854600691237,324.9482450046344,157.41298798820935
14,0,0,0,1,0,1,68,609.3129020009656,687.7117449912475,604.1553579998435,482.7120860136347
8,0,0,0,1,0,1,5,120.17964098777156,168.9379680028651,338.8133409898728,158.85169101238716
1,0,0,0,0,0,0,9122,66.0050099977525,89.18551700480748,221.93749200960156,158.24468700157013
67,0,0,0,5,0,1,1,611.6479329939466,595.5754729948239,659.5003109978279,226.25006599992048
240,0,0,0,10,0,1,1,473.7290360062616,464.64002899301704,903.7385020055808,174.4378520088503
2,0,0,0,0,0,0,4804,88.90666298975702,156.32511500734836,295.5779839976458,172.97129999496974
9,0,0,0,1,0,1,95,531.8136010027956,608.9517749933293,606.9291730091209,485.2000889950432
7,0,0,0,0,0,0,1,129.52244099869858,179.93554200802464,340.2261129958788,171.43196599499788
2,0,0,0,0,0,0,3160,117.74455799604766,161.6520740062697,302.70228900189977,156.44417599833105
8,0,0,0,0,0,0,5,64.9506360059604,86.30936400732026,178.97324200021103,160.73718600091524
1,0,0,0,0,0,0,872,112.05164300918113,159.78267800528556,290.7812979974551,145.06126700143795
3,0,0,0,0,0,0,35,129.64920898957644,182.17456400452647,331.1310790013522,171.54544600634836
3,0,0,0,1,0,1,1445,265.2899289969355,325.92023198958486,436.59187899902463,208.76069000223652
3,0,0,0,0,0,0,43,125.28666701109614,171.1187670007348,313.37643500592094,155.76323600544129
2,0,0,0,0,0,0,274,115.89015601202846,159.77458099951036,300.34488000092097,145.3857659944333
3,0,0,0,0,0,0,1070,125.61163998907432,177.42512699624058,324.26575900171883,167.50445601064712
1,0,0,0,0,0,0,2186,58.76667599659413,75.8961669926066,147.561396996025,132.39677700039465
4,0,0,0,0,0,0,528,120.56318898976315,172.9717639973387,321.31080100953113,161.47249699861277
9,0,0,0,0,0,0,1,124.10142199951224,110.80363699875306,170.40460399584845,82.25306498934515
4,0,0,0,1,0,1,79,119.63653498969506,170.92837300151587,319.5733579923399,152.8711179998936
1,0,0,0,0,0,0,2186,108.51964299217798,152.25787500094157,291.25077299249824,149.3561600073008
5,0,0,0,1,0,1,24,130.57579199085012,175.78067700378597,333.05005899455864,160.16159299761057
2,0,0,0,0,0,0,1556,113.3502629963914,160.20422299334314,295.4284509905847,153.31781799613964
1,0,0,0,0,0,0,9230,53.256045997841284,68.30043499940075,202.18608500726987,153.9309880026849
5,0,0,0,0,0,0,5,121.47186599031556,169.41860200313386,321.7625619872706,157.08772900688928
4,0,0,0,1,0,1,80,433.9282489963807,492.664771998534,551.9962919934187,462.07901200978085
1,0,0,0,0,0,0,8399,79.80256299197208,108.40468200331088,241.02187699463684,156.13641099480446
5,0,0,0,0,0,0,1,121.13383600080851,163.30455700517632,311.24791598995216,148.05508700374048
1,0,0,0,0,0,0,3085,103.77506898657884,144.09259699459653,280.84306001255754,148.61328799452167
3,0,0,0,0,0,0,685,127.21147498814389,179.05056499876082,328.993666000315,171.03212999063544
2,0,0,0,0,0,0,2326,120.94819500634912,174.46465199464,311.8943629960995,168.9953580062138
4,0,0,0,1,0,1,408,124.8890919960104,173.17217400704976,307.3426620103419,86.12716000061482
5,0,0,0,0,0,0,67,99.41059799166396,164.4270620017778,311.95415298861917,151.44054999109358
5,0,0,0,1,0,1,490,397.5235120014986,470.37496499251574,491.70850399241317,401.6131070093252
4,0,0,0,0,0,0,164,119.35111200727988,171.37146400636993,315.36698299169075,156.89636098977644
4,0,0,0,0,0,0,22,121.86045499402098,166.15783399902284,314.5538579992717,150.63269500387833
7,0,0,0,1,0,1,15,122.98330100020394,171.25342298822943,336.008230005973,158.1976240122458
2,0,0,0,0,0,0,85,116.37164000421762,164.93570199236274,306.6111570078647,147.8717870049877
2,0,0,0,0,0,0,3160,115.64050400920678,160.84403000422753,299.98808600066695,154.26979599578772
11,0,0,0,1,0,1,160,357.0596560020931,358.8411849923432,573.8659850030672,495.07034999260213
7,0,0,0,1,0,1,12,336.4687330031302,94.62617800454609,287.2137859958457,89.69436099869199
7,0,0,0,0,0,0,9,132.69082400074694,183.71727500925772,342.12836700316984,171.5157300059218
1,0,0,0,0,0,0,9230,54.6428730012849,69.25355500425212,200.96758399449755,154.17043199704494
3,0,0,0,0,0,0,433,119.1618619923247,167.96218701347243,311.15505399066024,156.34819799743127
1,0,0,0,0,0,0,9122,35.43605899903923,45.906766012194566,113.99865998828318,81.31061801395845
8,0,0,0,0,0,0,1,117.29991099855397,162.78591800073627,321.6249469987815,146.49755900609307
7,0,0,0,0,0,0,1,116.29179499868769,159.93493600399233,313.9887709985487,145.08218799892347
18,0,0,0,1,0,1,32,666.3206879893551,746.2668799998937,544.1928829968674,419.49645199929364
169,0,0,0,28,0,1,1,423.89941299916245,191.62337201123592,1231.1023939982988,177.63692699372768
1,0,0,0,0,0,0,8399,44.456467003328726,54.87772599735763,124.69180999323726,80.55794199754018
13,0,0,0,2,0,1,54,124.03657300455961,161.45814199990127,349.152934999438,149.22594900417607
1,0,0,0,0,0,0,8399,81.02566500019748,107.80099799740128,239.31535700103268,152.77611299825367
3,0,0,0,0,0,0,37,119.75617600546684,164.31820098659955,308.8939320005011,149.1239560127724
1,0,0,0,0,0,0,9122,66.93262199405581,88.20773298793938,221.62073600338772,160.10249299870338
2,0,0,0,0,0,0,90,60.58167199080344,81.2536749872379,155.37174600467551,75.2075140044326
2,0,0,0,0,0,0,1340,116.87172499659937,162.52325499954168,304.6933639998315,167.20027799601667
2,0,0,0,0,0,0,3532,112.3625960026402,153.67925200553145,295.37255500326864,169.6085619914811
1,0,0,0,0,0,0,3085,54.756348006776534,71.74785499228165,142.50176500354428,76.1108430015156
3,0,0,0,0,0,0,23,122.56183600402437,170.88797900942154,315.89150200306904,159.67917098896578
220,0,0,0,12,0,1,1,651.9538010034012,656.2664160010172,1004.4179949909449,249.573999986751
9,0,0,0,1,0,1,3,118.89840400544927,165.21612499491312,330.7657450059196,148.17651400517207
3,0,0,0,0,0,0,602,128.86899900331628,180.34034200536553,327.8220829961356,167.08806199312676
9,0,0,0,1,0,1,2,368.02949900447857,183.2110169925727,592.1470999892335,172.62213700450957
2,0,0,0,0,0,0,1340,118.09785600053146,160.46129100141115,303.78660300630145,170.45564598811325
64,0,0,0,12,0,1,1,132.4374210089445,182.6229829894146,541.2037659989437,154.68533099920023
15,0,0,0,1,0,1,1,596.4908140012994,183.3182140107965,499.7250509914011,176.77646700758487
3,0,0,0,0,0,0,1626,126.76566599111538,178.66357500315644,326.5768860001117,173.3513409999432
14,0,0,0,2,0,1,9,624.3348499992862,586.5151250036433,538.7428449903382,290.41482499451376
5,0,0,0,1,0,1,4,372.9810110089602,184.87467399972957,532.2367350017885,91.06386799248867
3,0,0,0,1,0,1,1445,142.6076249917969,170.07131499121897,347.67812000063714,352.9161920014303
3,0,0,0,0,0,0,349,126.78263000270817,175.77765799069311,324.3926340073813,166.05324500415009
4,0,0,0,1,0,1,290,132.17195100151002,183.03265600115992,338.06776099663693,171.6845590126468
4,0,0,0,0,0,0,104,124.46489800640848,171.10261600464582,318.48702699062414,157.94842600007541
1,0,0,0,0,0,0,9230,28.49756299110595,35.46142800769303,129.5930679916637,153.71595999749843
2,0,0,0,0,0,0,4804,116.03419299353845,157.9818449972663,296.74277499725576,173.47710400645155
2,0,0,0,0,0,0,108,119.3505209957948,167.27252000418957,300.09778100065887,146.64853698923253
13,0,0,0,3,0,1,1,131.65752700297162,180.6559480028227,384.6933460008586,172.0213750086259
23,0,0,0,3,0,1,1,131.06777099892497,181.45530199399218,403.9356989960652,168.31646198988892
5,0,0,0,1,0,1,2,129.22393200278748,174.7901240014471,337.3299219965702,157.80319200712256
7,0,0,0,0,0,0,1,127.70867699873634,176.59387999447063,339.95179599151015,167.5317310000537
6,0,0,0,0,0,0,1,121.84079601138365,170.88705400237814,328.38702099979855,158.7584049993893
8,0,0,0,0,0,0,127,131.38441101182252,177.99930799810681,344.3625539948698,171.89300300378818
5,0,0,0,1,0,1,93,481.4199880056549,563.2985289994394,507.13783799437806,422.3421420028899
9,0,0,0,1,0,1,1,136.76880700222682,175.26198299310636,223.3976630086545,96.71547400648706
5,0,0,0,0,0,0,114,132.36716299434192,136.61042699823156,246.28750700503588,170.18605799239594
28,0,0,0,2,0,1,7,354.83457300870214,482.86687899963,508.7163909920491,374.20147300872486
5,0,0,0,1,0,1,79,318.7580189987784,98.12729500117712,292.96725399035495,92.72772600525059
1,0,0,0,0,0,0,9230,53.453971006092615,68.42782600142527,199.84647500677966,152.9758669930743
10,0,0,0,2,0,1,4,374.75688999984413,184.52913699729834,577.2143739886815,172.95900199678726
1,0,0,0,0,0,0,9914,81.70515700476244,110.04234800930135,247.1567610045895,161.20684999623336
5,0,0,0,0,0,0,106,124.36348600022029,170.45861900260206,320.15736801258754,157.51621099479962
34,0,0,0,3,0,1,1,372.62557800568175,565.8436140074627,569.567084996379,368.01719799404964
1,0,0,0,0,0,0,872,67.68711798940785,157.15049400751013,292.604829010088,148.09456600050908
3,0,0,0,0,0,0,521,116.71139301324729,111.69390300347004,155.9060770086944,77.36610699794255
3,0,0,0,0,0,0,63,114.30261199711822,169.7287410061108,318.291635994683,156.7530440079281
32,0,0,0,3,0,1,1,451.85887000116054,508.46916998852976,672.4796610069461,437.3325280030258
17,0,0,0,2,0,1,10,400.36493200750556,401.24630299396813,648.4730700030923,375.616606004769
8,0,0,0,0,0,0,1,122.2773000044981,169.45917000703048,330.3430380037753,158.52849200018682
5,0,0,0,1,0,1,9,193.27724700269755,118.93847599276341,551.4691580028739,177.98798900912516
35,0,0,0,2,0,1,4,525.7630750129465,500.9665120014688,520.2912130043842,230.47168299672194
48,0,0,0,7,0,1,1,463.491451999289,456.7939730040962,743.6972319992492,364.6059330058051
2,0,0,0,0,0,0,877,126.19659998745192,177.3116230033338,317.8928580018692,166.11566000210587
6,0,0,0,1,0,1,18,123.73799299530219,169.08665400114842,335.00082600221504,156.90237301168963
1,0,0,0,0,0,0,865,110.37180799758062,156.94345299561974,289.1170849907212,145.92717999767046
3,0,0,0,0,0,0,1070,126.63542000518646,177.3122320009861,327.33392900263425,168.345660000341
26,0,0,0,1,0,1,1,64.59330600046087,85.02051500545349,197.33787600125652,81.50979099445976
3,0,0,0,1,0,1,1445,266.9492889981484,324.0164159942651,424.99607799982186,356.9648410048103
2,0,0,0,0,0,0,4804,112.46291099814698,158.5992580075981,295.95610599790234,173.39302400068846
7,0,0,0,0,0,0,4,132.6704879902536,179.94877599994652,341.435641006683,172.00423800386488
5,0,0,0,1,0,1,113,64.36504100565799,83.32138099649455,164.02805200777948,79.70531898899935
4,0,0,0,0,0,0,112,120.52842699631583,166.68065400153864,313.40785400243476,153.38681699358858
7,0,0,0,1,0,1,24,359.08299799484666,183.00129601266235,524.8203250084771,175.93349299568217
47,0,0,0,3,0,1,1,457.209521002369,441.59202100127004,769.5631299866363,485.0925609935075
6,0,0,0,0,0,0,3,126.86155299888924,181.74082899349742,273.80988899676595,84.65701900422573
4,0,0,0,0,0,0,40,130.80262299627066,182.80494399368763,335.18636200460605,169.42433299846016
1,0,0,0,0,0,0,3085,101.98590300569776,142.56714600196574,278.5802589933155,149.88995000021532
5,0,0,0,1,0,1,58,372.1926819998771,151.51714299281593,305.2438599988818,87.7513640007237
13,0,0,0,3,0,1,12,125.28449099045247,175.9051359986188,371.30410500685684,166.043125995202
2,0,0,0,0,0,0,709,110.60165599337779,158.12275500502437,294.5559900108492,163.5415600030683
2,0,0,0,0,0,0,4475,104.01849300251342,144.34375599375926,284.6783520071767,171.30958099733107
1,0,0,0,0,0,0,8533,97.08642099576537,136.8358600011561,249.4554010045249,155.17181700852234
2,0,0,0,0,0,0,966,115.8499469893286,164.08445499837399,302.97087799408473,154.58567198948003
10,0,0,0,1,0,1,1,117.09374899510294,163.64997100026812,332.5477179896552,149.2679369985126
18,0,0,0,0,0,0,1,131.4189870026894,183.1021120015066,374.3443229905097,171.5607960068155
19,0,0,0,0,0,0,1,120.83539301238488,166.82145999220666,247.62126299901865,75.84940199740231
4,0,0,0,0,0,0,1,63.80437199550215,87.48070399451535,282.2563800000353,154.54256699013058
5,0,0,0,0,0,0,75,122.91132600512356,172.61018199496903,300.22768600611016,161.50363099586684
1,0,0,0,0,0,0,9230,52.25735199928749,67.9078719986137,196.5179539984092,151.22815700306091
3,0,0,0,0,0,0,521,115.66192799364217,163.86845899978653,300.7833599986043,147.6328989956528
1,0,0,0,0,0,0,606,111.10596000798978,153.93586400023196,290.3722050104989,148.11791699321475
1,0,0,0,0,0,0,8399,79.43481201073155,106.65972699644044,179.20752099598758,123.53129099938087
3,0,0,0,0,0,0,33,118.1320890027564,164.945374999661,308.91527199128177,147.30590098770335
2,0,0,0,0,0,0,536,115.96908200590406,164.49389900662936,306.7664539994439,157.16461000556592
70,0,0,0,3,0,1,1,643.0445180012612,611.8636190076359,617.8187509940472,242.77755500224885
1,0,0,0,0,0,0,9230,53.59545499959495,68.05664399871603,199.2465970106423,98.04998799518216
2,0,0,0,0,0,0,1340,113.762056993437,160.68183499737643,301.84120799822267,166.65063399705105
1,0,0,0,0,0,0,8399,78.60754900320899,105.01970400218852,237.14538200874813,156.2441360001685
4,0,0,0,0,0,0,22,119.49873001140077,163.37274899706244,310.4239630047232,150.626739996369
3,0,0,0,0,0,0,1862,66.28718199499417,105.47324799699709,318.45607700233813,171.27166499267332
1,0,0,0,0,0,0,9230,53.71597000339534,69.28787799552083,200.8812459971523,154.45319599530194
4,0,0,0,0,0,0,293,123.57259899727069,171.02023999905214,319.39799900283106,160.2934889961034
8,0,0,0,0,0,0,3,96.22534799564164,87.19040600408334,170.28821900021285,82.48481999908108
1,0,0,0,0,0,0,8533,51.3362739875447,69.15538899193052,140.77988200006075,78.93173900083639
4,0,0,0,0,0,0,1,124.03284799074754,175.78455500188284,317.76400799572,156.3374620018294
3,0,0,0,0,0,0,1448,114.03717899520416,160.14240200456697,305.2622649993282,159.8942970013013
5,0,0,0,0,0,0,1,123.5347530018771,165.81452899845317,315.367151008104,149.41633799753617
4,0,0,0,1,0,1,295,257.3784730047919,475.12313700281084,550.729330003378,465.1648849976482
9,0,0,0,0,0,0,1,130.9865329967579,180.00223999843,317.1062289911788,86.78456100460608
11,0,0,0,2,0,1,18,510.6258110026829,308.74662300630007,586.1724480055273,451.6598019981757
3,0,0,0,0,0,0,21,128.7556030001724,90.23629600415006,167.38732499652542,86.60565000900533
14,0,0,0,1,0,1,1,134.24336699245032,182.16874300560448,247.04278899298515,86.6487489984138
2,0,0,0,0,0,0,286,126.49054000212345,176.64399299246725,322.2162669990212,167.14457100897562
2,0,0,0,0,0,0,2326,120.99433499679435,168.32800999691244,314.4841649918817,171.06035001052078
3,0,0,0,0,0,0,1484,127.24557500041556,175.34592299489304,323.67026299471036,170.79650999221485
4,0,0,0,0,0,0,319,117.59737500688061,165.0713199924212,309.36562099668663,149.89677800622303
13,0,0,0,3,0,1,2,395.61215200228617,369.65297399729025,595.1864119997481,199.41093800298404
13,0,0,0,3,0,1,7,386.75752699782606,352.0674479950685,585.794590995647,189.64765199052636
7,0,0,0,2,0,1,25,363.99925300793257,184.01047099905554,556.7047170043224,179.77689400140662
11,0,0,0,1,0,1,178,560.377015004633,646.1278960050549,578.2537490013056,354.0539590030676
11,0,0,0,1,0,1,5,125.96539000514895,161.24664498784114,344.32016700156964,148.95426100702025
16,0,0,0,0,0,0,1,69.14973999664653,91.4485440007411,343.58303098997567,169.29037899535615
2,0,0,0,0,0,0,2666,98.11554600310046,140.36973399925046,275.01727400522213,156.32933398592286
1,0,0,0,0,0,0,9230,52.91974100691732,69.52865899074823,199.06250700296368,152.33477599394973
3,0,0,0,0,0,0,35,127.98310500511434,174.0091840038076,323.76375400053803,164.60566798923537
3,0,0,0,0,0,0,1484,126.68203799694311,176.128430000972,321.6429970052559,172.50229699129704
1,0,0,0,0,0,0,9914,81.21707598911598,107.79479899792932,244.65877600596286,161.31701500853524
3,0,0,0,0,0,0,455,119.50416800391395,171.08794901287183,316.5781279967632,158.27829198678955
1,0,0,0,0,0,0,9230,53.61996399005875,69.71915200119838,200.33364300616086,152.50522199494299
5,0,0,0,1,0,1,490,406.55081799195614,482.9419419984333,489.5414630009327,399.66125700448174
2,0,0,0,0,0,0,108,120.47447099757846,166.06509800476488,302.3278629989363,145.7222860044567
4,0,0,0,0,0,0,383,121.17225700058043,172.5812670047162,316.8436390114948,104.97373600082938
1,0,0,0,0,0,0,8533,100.08673300035298,137.75730499764904,274.8124430072494,154.34213799017016
3,0,0,0,0,0,0,521,114.58379898977,160.13256199948955,305.47653599933255,148.70946800510865
3,0,0,0,0,0,0,489,118.76727899652906,166.05105499911588,311.2063449952984,151.5657680138247
4,0,0,0,1,0,1,236,124.12297099945135,170.4586179985199,324.0761310007656,163.95324699988123
6,0,0,0,0,0,0,23,120.54766700020991,167.78783900372218,305.2544990059687,99.56314800365362
5,0,0,0,1,0,1,10,363.4630750020733,184.97089701122604,557.4381140031619,179.91850500402506
13,0,0,0,1,0,1,163,289.48808000131976,324.9485380074475,370.4020790028153,466.7622700071661
10,0,0,0,1,0,1,1,133.39115200506058,187.81146900437307,366.39405399910174,121.64178799139336
3,0,0,0,0,0,0,527,121.01161199097987,174.12277599214576,315.29211199085694,164.45774599560536
4,0,0,0,0,0,0,310,119.2348439944908,168.97809600050095,316.53428499703296,157.33371999522205
7,0,0,0,0,0,0,3,130.88133098790422,179.01093600085005,343.61767300288193,136.8626400071662
6,0,0,0,0,0,0,6,130.5586959933862,180.80170500616077,340.68017300160136,171.48651799652725
14,0,0,0,2,0,1,27,395.6885119987419,264.5126419956796,438.4937889990397,429.3846719956491
5,0,0,0,0,0,0,25,64.71265500294976,85.0978149974253,166.93775700696278,129.99425799353048
2,0,0,0,0,0,0,4804,111.08464399876539,158.11958600534126,298.31981100142,173.27317901072092
20,0,0,0,4,0,1,1,107.38859498815145,178.62386399065144,355.67866198834963,86.39173000119627
17,0,0,0,1,0,1,12,379.59747400600463,568.7916850001784,599.8614599957364,472.3915470094653
2,0,0,0,0,0,0,533,113.73409499356057,159.938611992402,299.00071999873035,150.84711500094272
16,0,0,0,1,0,1,22,617.4347899941495,202.33667999855243,449.51621699146926,93.31418800866231
11,0,0,0,2,0,1,1,142.6695469999686,177.35523100418504,357.81251899607014,168.62197099544574
4,0,0,0,1,0,1,289,368.9475769933779,191.2818560085725,549.4092980079586,182.48179399233777
8,0,0,0,1,0,1,110,508.59667400072794,517.3528190061916,550.4924819979351,302.3934830125654
3,0,0,0,0,0,0,111,120.89873199875001,164.42607599310577,310.30014099087566,156.8851970077958
9,0,0,0,1,0,1,2,132.07528401107993,185.68907098961063,357.12786999647506,171.8864700087579
2,0,0,0,0,0,0,1556,112.29899300087709,155.20887200545985,297.2266160068102,158.0811470048502
7,0,0,0,1,0,1,7,122.73198399634566,171.02571699069813,324.17669300048146,81.44396900024731
1,0,0,0,0,0,0,4295,107.17831799411215,153.17192699876614,281.74788899195846,146.77835500333458
1,0,0,0,0,0,0,9122,35.35903000738472,54.73912299203221,172.9386070073815,80.25387700763531
3,0,0,0,0,0,0,1484,124.29060500289779,172.26067899900954,319.24261899257544,173.2499609934166
3,0,0,0,0,0,0,1862,121.4851910044672,168.30725500767585,316.0817090101773,170.67219599266537
4,0,0,0,0,0,0,223,123.53553601133171,170.60715799743775,319.2004029988311,160.52202599530574
74,0,0,0,4,0,1,1,633.6862270109123,606.7893529980211,643.8775179994991,405.44224000768736
11,0,0,0,0,0,0,1,128.45009000739083,147.8292680112645,334.21738099423237,83.7802979949629
1,0,0,0,0,0,0,9914,43.05325400491711,55.726416991092265,125.93449901032727,159.20183299749624
6,0,0,0,0,0,0,1,119.61854899709579,162.72362500603776,312.7239390014438,145.2264620020287
1,0,0,0,0,0,0,9914,79.9660360062262,113.25780500192195,241.4807340101106,157.04510199429933
2,0,0,0,0,0,0,4475,54.62037901452277,72.77755900577176,146.11787100147922,88.45902999746613
1,0,0,0,0,0,0,8533,96.26483400643338,134.41604899708182,272.4626150011318,155.35729499242734
28,0,0,0,4,0,1,1,363.02452100790106,353.81155800132547,638.4106740006246,191.46807699871715
2,0,0,0,0,0,0,3160,115.90875701222103,162.35589899588376,300.11059700336773,155.05996500723995
5,0,0,0,1,0,1,21,128.80332599161193,172.229468007572,329.3053570087068,157.04492400982417
4,0,0,0,0,0,0,29,118.51394700352103,163.97003199381288,306.1388070054818,147.17145598842762
1,0,0,0,0,0,0,2186,110.48601099173538,150.51711100386456,288.6033940012567,152.81443001003936
10,0,0,0,1,0,1,1,118.63194299803581,171.9119839981431,336.67924800829496,91.78727099788375
1,0,0,0,0,0,0,8533,100.53603800770361,134.4197939906735,272.08270599658135,153.45366699330043
2,0,0,0,0,0,0,3160,105.63248599646613,162.83959499560297,302.3042749991873,156.37133301061112
30,0,0,0,5,0,1,1,67.74809899798129,89.74602200032678,284.55747400585096,166.1890149989631
7,0,0,0,0,0,0,229,126.49261399928946,177.41897200176027,329.71606400678866,186.28729600459337
8,0,0,0,0,0,0,3,123.96317599632312,168.74205699423328,331.13996300380677,158.00997799669858
15,0,0,0,2,0,1,1,67.29513299069367,88.16939700045623,190.4332410049392,85.73747200716753
13,0,0,0,1,0,1,2,123.26610999298282,169.7297030041227,349.65968001051806,159.28964100021403
4,0,0,0,0,0,0,310,120.09782799577806,167.1948449948104,318.24366698856466,160.7722909975564
65,0,0,0,3,0,1,1,528.810602001613,409.1212259954773,743.60492399137,420.3664340020623
2,0,0,0,0,0,0,4475,55.37434900179505,72.26562600408215,144.37227699090727,149.28722300101072
1,0,0,0,0,0,0,9122,66.18805999460164,64.4373630057089,114.13325900502969,81.45265399070922
5,0,0,0,1,0,1,12,123.72354300168809,170.60835599841084,331.87253400683403,157.63737400993705
12,0,0,0,2,0,1,1,131.4358310046373,175.4244089970598,358.43868300435133,153.95297401119024
11,0,0,0,1,0,1,160,585.2436020068126,734.4687630102271,662.6340330112725,559.5766129990807
3,0,0,0,0,0,0,16,118.33057999319863,160.22100699774455,304.4814079912612,148.60452800348867
5,0,0,0,1,0,1,2,127.88600899511948,171.32148500240874,331.4060749980854,161.13164198759478
44,0,0,0,9,0,1,1,442.6049850007985,438.51086699578445,784.5162839948898,233.29959300463088
1,0,0,0,0,0,0,8533,98.26577499916311,138.5543630021857,273.16161199996714,154.21624699956737
1,0,0,0,0,0,0,8533,51.57786300696898,69.44303300406318,161.37448999506887,157.06973799387924
4,0,0,0,1,0,1,5,366.07460500090383,204.20415500120725,551.4240009943023,199.08047100761905
3,0,0,0,0,0,0,39,127.63439500122331,182.63098299212288,329.559411999071,167.18396500800736
6,0,0,0,0,0,0,1,81.41970599535853,89.88059900002554,239.11136100650765,167.7393770078197
5,0,0,0,0,0,0,15,124.9584859906463,97.82362700207159,319.6996329934336,157.1386769937817
5,0,0,0,1,0,1,76,131.99303900182713,183.05664199579041,346.0018210025737,177.07517799863126
9,0,0,0,0,0,0,10,118.80271299742162,164.08800199860707,327.19471100426745,150.88603500043973
2,0,0,0,0,0,0,966,115.26558200421277,164.69414900348056,306.11178299295716,157.11356000974774
17,0,0,0,2,0,1,7,449.7173370036762,246.24412700359244,313.06000699987635,231.29642898857128
2,0,0,0,0,0,0,3095,112.5006630027201,155.20829400338698,295.0812849885551,166.25173500506207
7,0,0,0,1,0,1,4,399.9679720000131,204.92525299778208,606.0706040007062,188.819285001955
3,0,0,0,0,0,0,410,129.72558100591414,135.7230760040693,167.5460690021282,87.53578799951356
2,0,0,0,0,0,0,1607,114.88334499881603,159.29241299454588,300.7676199922571,156.80764699936844
4,0,0,0,1,0,1,8,129.08571099978872,181.03080400032923,327.9652880009962,163.837390995468
2,0,0,0,0,0,0,1827,108.49960599443875,150.8481450000545,287.8067749988986,150.43473399418872
16,0,0,0,2,0,1,1,70.18417600193061,155.5037569924025,380.03619499795604,157.68034699431155
10,0,0,0,0,0,0,12,64.4439500028966,86.46503598720301,171.634489990538,80.74544598639477
6,0,0,0,1,0,1,188,461.06240300287027,540.4157229932025,563.3688759990036,465.8235289971344
6,0,0,0,1,0,1,6,130.8019010029966,183.02219499310013,341.7189619940473,169.29635700944345
4,0,0,0,0,0,0,69,121.03868699341547,164.4395580078708,313.905311995768,153.30030099721625
1,0,0,0,0,0,0,1190,110.92555300274398,155.1467310055159,293.0393569986336,147.95158000197262
16,0,0,0,2,0,1,1,67.54779699258506,91.74049099965487,294.4110870012082,168.86001799139194
121,0,0,0,6,0,1,1,646.9644570024684,612.7313439938007,827.0199280086672,233.306234003976
7,0,0,0,1,0,1,320,482.2967990039615,572.5220759923104,568.8297159940703,462.3724380071508
27,0,0,0,4,0,1,1,549.9355840001954,525.757937997696,611.1510100017767,382.13188700319733
3,0,0,0,0,0,0,132,128.77359299454838,180.64141299691983,331.8627970002126,172.23102899151854
5,0,0,0,0,0,0,30,119.71436999738216,164.19277800014243,310.36047599627636,146.0322049970273
9,0,0,0,1,0,1,108,382.825351000065,204.57422199251596,483.9607689937111,186.4624979934888
4,0,0,0,0,0,0,121,118.947359995218,167.43613299331628,311.65525200776756,151.63018499151804
1,0,0,0,0,0,0,872,112.303953996161,153.75549500458874,179.8536679998506,75.03374200314283
2,0,0,0,0,0,0,1320,119.75133899250068,167.24873600469436,304.3498500046553,156.4025210100226
5,0,0,0,1,0,1,4,366.59729600069113,183.15254300250672,547.2655050107278,175.93184098950587
2,0,0,0,0,0,0,1827,107.41663600492757,147.89013800327666,289.3161340034567,149.49496700137388
30,0,0,0,2,0,1,1,365.5429400096182,339.53952899901196,305.0549870094983,398.50947400555015
9,0,0,0,0,0,0,1,120.99269300233573,172.74415600695647,332.85447100934107,158.87559299881104
2,0,0,0,0,0,0,2666,52.2352010011673,70.37573900015559,140.61344500805717,81.18999599537347
3,0,0,0,0,0,0,22,121.14059700979851,164.97756600438152,307.7374209970003,150.49158298643306
3,0,0,0,1,0,1,1445,268.1287860032171,329.6646249946207,433.17033199127764,364.3665949930437
6,0,0,0,0,0,0,5,121.44442100543529,173.04753100324888,329.0905780013418,159.63439099141397
1,0,0,0,0,0,0,8399,81.00551698589697,109.93291100021452,244.86160099331755,159.02302200265694
82,0,0,0,5,0,1,1,586.2789410020923,548.505324011785,808.956467997632,400.13567901041824
3,0,0,0,0,0,0,285,62.71757899958175,84.7050250013126,199.37550199392717,80.4794209980173
3,0,0,0,0,0,0,46,122.25741699512582,169.02135401323903,316.7894030048046,155.97371800686233
6,0,0,0,0,0,0,13,121.63600701023825,170.68913200637326,320.81236799422186,157.6385390071664
1,0,0,0,0,0,0,9914,81.65083899802994,108.7681709905155,243.8412129995413,161.89365500758868
2,0,0,0,0,0,0,856,62.31447799655143,84.88263099570759,157.4779899965506,80.10635600658134
4,0,0,0,1,0,1,27,393.8048589916434,153.41422999335919,523.0472399998689,183.07114198978525
4,0,0,0,1,0,1,461,312.99924101040233,175.24656699970365,480.29796199989505,190.29517300077714
3,0,0,0,0,0,0,205,123.04095299623441,174.8724530043546,320.366802989156,157.38421300193295
1,0,0,0,0,0,0,4295,106.82986699976027,146.89908300351817,283.18761799891945,149.90982999734115
5,0,0,0,0,0,0,195,129.99809699249454,179.06970100011677,336.9903770071687,170.53566299728118
9,0,0,0,1,0,1,5,371.7632359912386,183.85857199609745,567.8750770020997,175.58828300388996
5,0,0,0,0,0,0,24,126.42203099676408,172.28530001011677,323.3240409899736,159.31282899691723
65,0,0,0,9,0,1,1,79.20404299511574,94.76165600062814,285.2556290017674,123.52156100678258
11,0,0,0,0,0,0,1,123.37122000462841,162.86026799934916,300.03944400232285,89.98062899627257
6,0,0,0,1,0,1,6,374.57741900288966,182.12418799521402,555.3075309871929,90.33229100168683
43,0,0,0,8,0,1,1,399.0033549926011,370.6735299929278,717.3066399991512,202.20589300151914
7,0,0,0,1,0,1,3,122.72427300922573,165.56499600119423,329.4936129968846,149.78790299210232
10,0,0,0,1,0,1,1,122.70166899543256,175.92340700502973,349.1367420065217,158.12250599265099
2,0,0,0,0,0,0,3627,62.24405800458044,163.84008100430947,302.1235460037133,166.7400650039781
3,0,0,0,0,0,0,331,117.73608899966348,164.8697340133367,304.73145699943416,150.48777199990582
5,0,0,0,0,0,0,39,110.67111699958332,180.72170500818174,335.504757007584,170.56652800238226
8,0,0,0,1,0,1,1,70.6725119962357,86.38554500066675,177.24975300370716,81.71019099245314
3,0,0,0,0,0,0,560,70.91545600269455,134.70163100282662,327.8952800028492,169.42821300472133
4,0,0,0,1,0,1,530,371.47109299257863,447.15797499520704,456.94365100644063,371.6233099985402
1,0,0,0,0,0,0,9230,52.92070699215401,68.3372219937155,199.15768699138425,152.6046020007925
6,0,0,0,1,0,1,63,127.29547900380567,179.27786300424486,339.8311650089454,176.59620199992787
1,0,0,0,0,0,0,9914,44.346591996145435,111.71687000023667,244.1775569895981,160.68624600302428
6,0,0,0,0,0,0,5,132.26177300384734,181.02889000147115,342.8759969974635,168.61762199550867
5,0,0,0,1,0,1,234,130.05155298742466,173.64881400135346,330.7601369888289,157.8782619908452
47,0,0,0,3,0,1,1,420.88695398706477,416.8435409956146,639.2151949985418,105.01160001149401
3,0,0,0,0,0,0,1484,123.29702299030032,175.67951200180687,322.2267829987686,171.24462900392246
15,0,0,0,4,0,1,1,137.39604399597738,187.70290500833653,394.1780919994926,173.02380099135917
2,0,0,0,0,0,0,1340,114.37840499274898,160.42659399681725,301.8176939949626,171.76075499446597
1,0,0,0,0,0,0,9230,53.5430460004136,68.84985500073526,198.44828300119843,151.23470898834057
1,0,0,0,0,0,0,9914,81.53296700038482,110.43626100581605,250.35578099777922,158.84762999485247
1,0,0,0,0,0,0,9914,79.36116700875573,109.83020398998633,248.29248800233472,158.97779700753745
4,0,0,0,0,0,0,9,64.38784100464545,85.12349698867183,262.88205198943615,153.57536399096716
85,0,0,0,4,0,1,1,561.3817019911949,460.5372969963355,682.6503409974976,191.20599300367758
21,0,0,0,4,0,1,1,129.76932899618987,179.35828000190668,418.89623799943365,167.28206699190196
7,0,0,0,0,0,0,1,125.72676900890656,172.3062320088502,329.1447199881077,161.30224100197665
3,0,0,0,0,0,0,1862,122.0186360005755,172.345924002002,318.80598499265034,172.1468920004554
11,0,0,0,3,0,1,56,127.34448100673035,176.36616899108049,363.68181501165964,121.41889499616809
9,0,0,0,1,0,1,95,297.58153000148013,643.8996479992056,603.5305440018419,496.1016020097304
8,0,0,0,1,0,1,5,124.35445700248238,170.4928910039598,340.61179601121694,157.11496899893973
11,0,0,0,0,0,0,1,120.38113101152703,169.68152900517453,339.50456300226506,159.13030500814784
11,0,0,0,1,0,1,1,127.83050400321372,178.0604560044594,358.676382995327,164.35367800295353
1,0,0,0,0,0,0,303,115.03589799394831,158.36591699917335,293.31668200029526,145.0857960007852
3,0,0,0,1,0,1,1445,270.30640200246125,331.6649649932515,400.70449199993163,353.09265699470416
1,0,0,0,0,0,0,8399,78.30875700165052,107.32918500434607,236.95882699394133,156.21732900035568
2,0,0,0,0,0,0,1998,108.76928600191604,153.20007200352848,295.1357679994544,173.41750900959596
4,0,0,0,0,0,0,13,109.70897300285287,172.01886100519914,320.9796730079688,155.18459299346432
3,0,0,0,0,0,0,114,116.74282999592833,117.51007998827845,198.48203899164218,147.75131100032013
22,0,0,0,2,0,1,8,546.5319950017147,520.316983005614,636.0687340056757,473.0670029966859
44,0,0,0,2,0,1,1,412.62519400333986,314.56090000574477,420.1465859950986,322.2741379868239
5,0,0,0,0,0,0,75,122.72329299594276,173.44131499703508,327.37467100378126,162.73656500561628
3,0,0,0,0,0,0,337,117.88650500238873,165.17427300277632,311.61912900279276,152.053773010266
3,0,0,0,0,0,0,32,129.36154700582847,182.59871199552435,331.14422801008914,170.73563000303693
2,0,0,0,0,0,0,3160,117.16375401010737,165.05763100576587,301.59021299914457,155.0800949917175
2,0,0,0,0,0,0,4804,114.42502299905755,158.89032499399036,298.16867600311525,173.80268599663395
3,0,0,0,1,0,1,1445,271.6165520105278,329.530414994224,433.48529300419614,359.5299040025566
2,0,0,0,0,0,0,4475,104.89156399853528,147.6212159905117,279.2021210043458,168.63835099502467
2,0,0,0,0,0,0,3095,112.86176099383738,154.02381800231524,293.8320039975224,168.17179499776103
30,0,0,0,2,0,1,1,360.59460300020874,337.91750798991416,302.39666800480336,216.62178498809226
1,0,0,0,0,0,0,9914,81.88110700575635,110.73218499950599,246.47341600211803,159.9010280042421
6,0,0,0,1,0,1,48,133.86706900200807,182.89657100103796,344.8474159959005,171.06471800070722
57,0,0,0,10,0,1,1,132.94609599688556,180.74062299274374,549.7204179991968,170.01359899586532
118,0,0,0,22,0,1,1,134.92096499248873,179.72081499465276,802.5198410032317,171.1982970009558
5,0,0,0,1,0,1,13,68.90149399987422,86.87177998945117,170.85649599903263,83.03112399880774
13,0,0,0,2,0,1,1,151.48032299475744,189.48432699835394,363.4697779925773,166.61221600952558
11,0,0,0,1,0,1,1,147.28870399994776,179.61448000278324,364.8163859907072,168.88305800966918
36,0,0,0,7,0,1,1,389.9063569988357,374.2193250072887,665.261175003252,231.82767699472606
10,0,0,0,1,0,1,85,531.0454749997007,618.088045011973,568.6719660006929,464.83109300606884
20,0,0,0,1,0,1,2,124.46120601089206,170.9117360005621,375.9374039946124,159.9145610089181
4,0,0,0,0,0,0,77,120.9521120035788,171.57206499541644,324.7199110046495,163.16601699509192
4,0,0,0,0,0,0,5,119.05864800792187,166.40581699903123,314.9233170115622,150.4849689954426
6,0,0,0,0,0,0,1,130.8083309995709,97.99751699029002,262.1617360127857,171.67671798961237
10,0,0,0,0,0,0,1,71.47194500430487,96.205005000229,361.3836219883524,177.39761900156736
2,0,0,0,0,0,0,59,86.70364999852609,87.75542599323671,161.42421698896214,84.62263699038886
2,0,0,0,0,0,0,1340,118.51213799673133,165.24281099555083,301.77013399952557,166.70723700372037
5,0,0,0,1,0,1,25,122.03363700245973,168.1412559992168,323.1124820013065,153.6531890014885
2,0,0,0,0,0,0,1340,114.64569000236224,160.59787700942252,304.25595201086253,170.00782200193498
6,0,0,0,1,0,1,3,128.26604099245742,171.00395099259913,338.8120839954354,158.3844400011003
12,0,0,0,1,0,1,1,131.8116889888188,180.36565600777976,347.10932700545527,160.60681600356475
2,0,0,0,0,0,0,4804,113.20058000274003,159.73048699379433,299.51259000517894,175.29816200840287
10,0,0,0,3,0,1,34,353.35581899562385,181.198056001449,542.5029869948048,178.63138100074138
1,0,0,0,0,0,0,1901,66.61690799228381,73.65863199811429,151.131909005926,147.19234401127324
8,0,0,0,1,0,1,2,121.88943600631319,165.18248298962135,232.2230360005051,76.96723900153302
3,0,0,0,1,0,1,1445,141.38854198972695,192.5639789988054,422.20482100674417,349.8681010096334
9,0,0,0,1,0,1,1,126.6948760021478,172.07094799960032,347.48829300224315,161.31451701221522
6,0,0,0,1,0,1,142,128.42178999562748,85.27556598710362,329.52035999915097,157.10179800225887
3,0,0,0,0,0,0,489,66.50136099779047,86.71171600872185,159.8114450025605,79.20322999416385
4,0,0,0,0,0,0,260,127.68663799215574,181.36368499835953,330.82254900364205,169.37615899951197
7,0,0,0,1,0,1,24,358.6132920027012,183.0179990065517,525.3318320028484,175.01762499159668
5,0,0,0,1,0,1,37,135.00338699668646,175.5254510062514,339.62544999667443,164.92001700680703
4,0,0,0,0,0,0,14,130.64847500936594,182.20491299871355,305.5754369997885,87.64579099079128
3,0,0,0,0,0,0,521,117.93679800757673,160.99529000348412,302.9588009958388,150.3745360096218
1,0,0,0,0,0,0,9914,43.25143399182707,55.43249200854916,125.66389799758326,81.7953480000142
2,0,0,0,0,0,0,536,116.33521699695848,168.28446999716107,304.88812799740117,154.527433012845
5,0,0,0,1,0,1,138,122.19490499410313,168.5971770057222,327.9526340047596,159.00392200273927
3,0,0,0,0,0,0,9,121.8645189946983,183.31958599446807,284.04107700043824,92.80218499770854
6,0,0,0,0,0,0,3,128.92084899067413,176.9785249925917,337.0233489986276,169.34797599969897
1,0,0,0,0,0,0,865,112.66607299330644,154.01599700271618,294.310837998637,148.36506098799873
1,0,0,0,0,0,0,8533,97.41314800339751,134.34916800179053,272.97416600049473,153.91966899915133
7,0,0,0,0,0,0,1,133.59282400051598,187.9280139983166,350.3255249961512,180.7915690005757
2,0,0,0,0,0,0,3160,117.93735099490732,160.1519000105327,299.3618239997886,155.13611100323033
332,0,0,0,15,0,1,1,615.0822449999396,579.4954949960811,1453.6496560031082,247.7462389942957
1,0,0,0,0,0,0,9914,42.3456230055308,55.766653997125104,125.433458990301,82.1891060040798
7,0,0,0,1,0,1,27,517.2555969911627,589.3916509958217,629.0185780089814,536.4588960073888
10,0,0,0,0,0,0,1,119.90710999816656,166.27179700299166,326.27660399884917,149.2084799974691
1,0,0,0,0,0,0,8533,98.61994799575768,139.16368600621354,269.20451399928425,153.01421799813397
2,0,0,0,0,0,0,3532,109.67766899557319,157.11192299204413,295.22060199815314,166.7194589972496
3,0,0,0,0,0,0,1862,63.97921899042558,86.07760298764333,164.84309500083327,112.76515100325923
4,0,0,0,0,0,0,91,122.97524799942039,170.4082750075031,180.58678599481937,81.73186800559051
9,0,0,0,1,0,1,210,121.57418600691017,164.35695299878716,329.7820820007473,151.74132899846882
33,0,0,0,7,0,1,1,126.7363450024277,175.12188400723971,458.4364629990887,165.15967099985573
1,0,0,0,0,0,0,1901,106.35082899534609,145.54118100204505,282.24696598772425,147.2772779961815
2,0,0,0,0,0,0,856,121.79039999318775,166.7258719971869,307.2622979962034,156.76410500600468
4,0,0,0,0,0,0,102,135.05093300773297,183.8559590105433,332.979475002503,169.28125500271562
1,0,0,0,0,0,0,8533,97.61833399534225,136.54896800289862,276.35045199713204,155.25309200165793
4,0,0,0,0,0,0,84,118.2043480075663,162.89476900419686,310.5185699969297,151.3317119970452
2,0,0,0,0,0,0,3095,57.507582008838654,78.26245699834544,150.40582799701951,111.25325001194142
7,0,0,0,1,0,1,2,358.74824300117325,182.633270000224,544.1414039960364,174.96459301037248
3,0,0,0,0,0,0,39,128.38199200632516,179.62680000346154,333.77167899743654,169.05043300357647
1,0,0,0,0,0,0,8399,52.69890700583346,54.07582499901764,124.34767901140731,79.41805500013288
9,0,0,0,1,0,1,2,128.43199000053573,126.48901600914542,305.811256999732,172.48962599842343
1,0,0,0,0,0,0,1511,109.15916900557932,150.30914099770598,285.9109300043201,105.73046799981967
3,0,0,0,0,0,0,1484,124.25013999745715,174.23991199757438,328.9076330111129,172.13798200828023
1,0,0,0,0,0,0,2186,57.321943997521885,76.27245898765977,145.45594400260597,76.45092699385714
8,0,0,0,0,0,0,4,126.49149500066414,170.895785005996,332.7652959997067,158.76611300336663
7,0,0,0,1,0,1,1,120.92459900304675,170.91696998977568,335.9834369912278,158.78370399877895
6,0,0,0,2,0,1,316,314.38876999891363,314.52955699933227,483.8079339970136,353.22026000358164
10,0,0,0,1,0,1,4,480.50118499668315,165.87783499562647,581.2061710021226,177.59742100315634
8,0,0,0,1,0,1,1,470.62174598977435,183.96980399847962,544.5173650077777,172.20175098918844
2,0,0,0,0,0,0,1340,116.58065899973735,162.54578799998853,305.45484100002795,166.06092799338512
7,0,0,0,1,0,1,26,72.55865700426511,92.79780600627419,311.68363100732677,170.8683960023336
10,0,0,0,1,0,1,1,384.203075998812,180.07897298957687,569.1760379995685,171.1986330046784
19,0,0,0,1,0,1,13,746.1976519989548,754.8733869916759,237.35938999743666,289.3657699896721
1,0,0,0,0,0,0,303,111.61808099132031,155.96400800859556,213.8927140040323,76.53868600027636
1,0,0,0,0,0,0,8533,97.93423699738923,137.87663700350095,272.09359100379515,155.5519230023492
1,0,0,0,0,0,0,8533,98.95815099298488,136.4726620086003,273.52340999641456,153.26067501155194
1,0,0,0,0,0,0,9914,79.86248399538454,107.62606000935193,243.41429299965966,159.9675780016696
3,0,0,0,1,0,1,12,369.9855609884253,443.6084490007488,573.1640459998744,480.6412729958538
46,0,0,0,3,0,1,1,507.7668129961239,618.7063910037978,463.17439299309626,213.43325499037746
3,0,0,0,0,0,0,246,124.47396499919705,170.44490200350992,281.9831759989029,88.71409700077493
3,0,0,0,0,0,0,831,62.04340199474245,83.5667729988927,199.26030799979344,169.42941800516564
1,0,0,0,0,0,0,9914,80.79182400251739,109.9067260074662,242.3550130042713,159.9113730044337
2,0,0,0,0,0,0,2326,120.48925599083304,173.64098399411887,311.9772360078059,169.92552399460692
7,0,0,0,0,0,0,229,126.55494200589601,176.31781598902307,326.96524300263263,185.82572700688615
11,0,0,0,2,0,1,1,374.0385000128299,180.4094019898912,579.9789669981692,171.7767649970483
1,0,0,0,0,0,0,8533,52.00451600831002,69.72638200386427,140.56133800477255,79.55193500674795
7,0,0,0,1,0,1,1,118.6526439996669,169.73919500014745,334.04598299239296,156.32381199975498
10,0,0,0,1,0,1,3,121.14051400567405,168.52428000129294,334.9173579917988,150.332712000818
3,0,0,0,0,0,0,342,115.64210700453259,162.58517200185452,302.73048899834976,146.94369801145513
2,0,0,0,0,0,0,485,113.43393499555532,158.35541900014505,299.16775099991355,149.2359590047272
8,0,0,0,1,0,1,2,132.38310698943678,181.4813730015885,354.41745299613103,170.95826599688735
1,0,0,0,0,0,0,9122,64.86859600408934,86.01802699558903,217.9356370033929,159.45894698961638
7,0,0,0,0,0,0,1,118.13861000700854,163.01668899541255,317.15470799827017,147.9802920075599
3,0,0,0,0,0,0,1862,121.5053609921597,173.71811899647582,221.46287599753123,132.49090099998284
1,0,0,0,0,0,0,9230,29.291901999386027,35.785403990303166,163.0740410037106,133.97136999992654
7,0,0,0,0,0,0,13,69.64499798777979,91.32443300040904,307.57815699325874,169.26002599939238
3,0,0,0,0,0,0,32,126.98295299196616,180.15267100417987,327.1276249870425,168.51422601030208
4,0,0,0,0,0,0,2,126.09949499892537,178.82672799169086,324.3406460096594,165.5057059979299
4,0,0,0,1,0,1,7,128.33244599460158,177.3552559898235,318.76637099776417,84.94285499909893
2,0,0,0,0,0,0,1827,108.5207919968525,152.49212499475107,187.7901360130636,150.48467098677065
16,0,0,0,0,0,0,1,132.99463099974673,182.76955900364555,369.2040809983155,171.08667400316335
2,0,0,0,0,0,0,129,68.12357399030589,88.57662699301727,301.4848059974611,163.2622230099514
1,0,0,0,0,0,0,8399,78.44935599132441,107.03916799684521,237.4383769929409,125.02739900082815
2,0,0,0,0,0,0,2666,99.26921500300523,138.75622500199825,251.47662400559057,144.0824960009195
10,0,0,0,1,0,1,1,122.11994999961462,165.8161389932502,338.2827720051864,149.41130399529357
4,0,0,0,0,0,0,491,127.6007909909822,178.68451100366656,331.21942399884574,169.73072598921135
1,0,0,0,0,0,0,303,58.33371701010037,92.57406200049445,276.66585899714846,148.453123998479
3,0,0,0,0,0,0,347,126.04170200938825,179.4097139936639,325.9161690075416,167.92676300974563
1,0,0,0,0,0,0,8399,42.306572999223135,56.007730003329925,123.14159898960497,122.35317099839449
3,0,0,0,0,0,0,158,122.26561098941602,171.22581500734668,322.91010399057996,173.57562099641655
9,0,0,0,1,0,1,3,127.00446300732438,173.7212379957782,340.4463259939803,159.5075859950157
7,0,0,0,0,0,0,1,132.6474569941638,185.29937500716187,347.4387580063194,170.39268900407478
2,0,0,0,0,0,0,2666,99.39466801006347,138.16538998798933,274.83283400943037,157.4858609965304
1,0,0,0,0,0,0,9122,66.47642099414952,87.55729701078963,218.68222000193782,159.62766199663747
3,0,0,0,0,0,0,527,122.3386850033421,169.83487800462171,313.0419100052677,220.55688200634904
56,0,0,0,7,0,1,1,293.36710600182414,97.7329559973441,403.62406500207726,135.89248599600978
3,0,0,0,0,0,0,128,119.58773799415212,166.02906699699815,309.61546799517237,150.5701780115487
19,0,0,0,1,0,1,157,572.4025860108668,653.022124999552,506.0386140103219,377.0909830054734
3,0,0,0,0,0,0,34,125.28903399652336,172.97513800440356,327.4708910030313,166.34845299995504
12,0,0,0,1,0,1,1,67.9586299957009,92.92063000611961,179.18243499298114,150.98032899550162
3,0,0,0,0,0,0,89,93.30706900800578,150.26878799835686,315.7101800024975,156.42160599236377
2,0,0,0,0,0,0,614,123.36569299804978,172.28554699977394,314.24332299502566,164.72718300065026
4,0,0,0,0,0,0,121,123.03088800399564,174.53887600277085,318.53046600008383,156.2808719900204
3,0,0,0,0,0,0,36,123.40683898946736,161.7148680088576,305.55173799803015,148.35971800494008
1,0,0,0,0,0,0,8533,99.53811099694576,135.86759999452624,273.18332200229634,154.51906999805942
2,0,0,0,0,0,0,33,118.18574799690396,113.3876729873009,155.56868599378504,82.6991089998046
54,0,0,0,5,0,1,1,664.1260439937469,626.8267529958393,862.4661239882698,463.9478559984127
1,0,0,0,0,0,0,8399,78.60976801021025,109.4260440004291,237.4988040101016,136.56904001254588
2,0,0,0,0,0,0,3532,108.99770399555564,153.55839299445506,297.8312939958414,168.2692699978361
2,0,0,0,0,0,0,2666,99.643448003917,136.91289898997638,274.8049359943252,156.5774900082033
2,0,0,0,0,0,0,2326,121.61550599557813,168.12359800678678,313.60979900637176,173.1937620061217
3,0,0,0,0,0,0,602,126.14337100239936,156.07474799617194,250.51834099576809,167.25613200105727
6,0,0,0,1,0,1,6,81.20475799660198,185.20316100330092,352.67532999569084,173.87832399981562
1,0,0,0,0,0,0,9122,35.457229998428375,45.24139600107446,113.2599700067658,81.09913699445315
18,0,0,0,2,0,1,1,130.1063709979644,174.48428500210866,329.98330899863504,157.24006199161522
7,0,0,0,0,0,0,8,117.38749999494758,161.85515699908137,319.92183899274096,115.22876299568452
13,0,0,0,2,0,1,5,568.8837540074019,465.87560599436983,438.1221799994819,446.31807500263676
26,0,0,0,6,0,1,1,128.57653500395827,179.0710570057854,438.98085100227036,149.76161999220494
3,0,0,0,0,0,0,831,62.41153700102586,84.3937809986528,161.3705000054324,88.19744799984619
8,0,0,0,1,0,1,1,121.48606999835465,166.01049198652618,329.8917549982434,149.40928798750974
3,0,0,0,0,0,0,290,118.10606899962295,163.20695000467822,305.29589200159535,149.23505300248507
1,0,0,0,0,0,0,8533,52.28639699635096,137.36196000536438,277.04806700057816,155.08017700631171
2,0,0,0,0,0,0,1998,109.14551799942274,151.87157900072634,291.91204099333845,177.15964298986364
3,0,0,0,0,0,0,1484,124.46817100862972,176.37400100647938,324.79329299530946,156.62658200017177
3,0,0,0,0,0,0,472,129.12672098900657,180.52299799455795,325.33594500273466,167.57513799529988
52,0,0,0,6,0,1,1,491.76587400143035,467.85958799591754,751.8326980061829,385.3865770070115
5,0,0,0,0,0,0,9,72.4225580052007,169.5454000000609,316.6943120013457,171.28593500819989
5,0,0,0,1,0,1,2,371.7859629978193,180.96611299552023,565.1647610065993,171.22367001138628
3,0,0,0,0,0,0,267,115.36872999568004,163.16035900672432,306.2159520050045,149.9689810007112
9,0,0,0,2,0,1,1,189.9916550028138,181.8630069901701,543.8092149997829,174.99491400667466
3,0,0,0,1,0,1,17,365.6907910044538,407.2441570024239,312.0246210019104,474.00510500301607
1,0,0,0,0,0,0,8533,75.54389600409195,68.38614000298548,138.7969119969057,79.44683800451458
10,0,0,0,2,0,1,61,438.9811250002822,421.3650619931286,545.2413089951733,415.64118600217625
6,0,0,0,1,0,1,3,127.83395299629774,175.76615100551862,334.35321001161356,156.06664800725412
4,0,0,0,0,0,0,123,121.29225800163113,167.8283189976355,316.37127700378187,153.7661859911168
3,0,0,0,0,0,0,342,116.02513000252657,160.70038800535258,307.98899300862104,149.4676599977538
12,0,0,0,1,0,1,1,326.95765400421806,183.47042899404187,572.3989329999313,173.59360700356774
3,0,0,0,1,0,1,1479,340.0140079902485,412.8293680114439,522.3427360033384,272.59978601068724
1,0,0,0,0,0,0,4295,55.70308900496457,73.75833200057968,179.0089729911415,150.79921000869945
1,0,0,0,0,0,0,9122,67.15282700315583,89.34024500194937,221.72744500858244,157.3032599990256
25,0,0,0,5,0,1,1,466.9469499931438,257.76972400490195,620.9303729992826,367.2650559892645
1,0,0,0,0,0,0,4295,57.21995800558943,74.160568008665,147.34860399039462,78.72863901138771
6,0,0,0,1,0,1,188,469.8762240004726,553.3447709894972,548.5283000016352,451.8192999967141
1,0,0,0,0,0,0,9230,53.17910799931269,69.95098899642471,197.94088500202633,151.1635239876341
3,0,0,0,0,0,0,344,121.4893430005759,169.61474499839824,314.7076220047893,152.22995200019795
2,0,0,0,0,0,0,894,112.20015700382646,157.4455880036112,304.6938680054154,171.01499800628517
5,0,0,0,1,0,1,224,319.1725210053846,170.8132750063669,484.82419800711796,183.7358890043106
6,0,0,0,1,0,1,2,373.69745000614785,182.67144699348137,557.9057949944399,172.30643700168002
11,0,0,0,2,0,1,4,408.3753550075926,386.4200710086152,523.1420650088694,204.79080799850635
3,0,0,0,0,0,0,270,117.26871100836433,164.91058300016448,306.29844799113926,147.54211899708025
5,0,0,0,0,0,0,3,116.99209499056451,162.99198599881493,310.1002330076881,148.99553899886087
19,0,0,0,3,0,1,1,375.9192669967888,381.25222599774133,536.2249220052036,189.04743100574706
5,0,0,0,1,0,1,2,374.2062579985941,183.80600500677247,552.6955599925714,171.79802800819743
13,0,0,0,3,0,1,1,193.5603780002566,92.54439600044861,280.015979995369,103.16213700571097
3,0,0,0,0,0,0,342,115.68563300534151,162.17480300110765,301.8674409977393,147.75480999378487
1,0,0,0,0,0,0,8399,78.15433799987659,106.24942499271128,240.75161101063713,156.28219200880267
4,0,0,0,0,0,0,408,128.84967999707442,181.091310994816,330.5562989989994,172.50992300978396
4,0,0,0,0,0,0,394,129.31668901001103,179.07772300532088,204.94426699588075,87.26035099243745
9,0,0,0,1,0,1,210,122.20058299135417,172.0599010004662,327.4734990118304,152.60505198966712
1,0,0,0,0,0,0,8399,78.70623499911744,107.99958600546233,238.89989600866102,157.30769700894598
20,0,0,0,3,0,1,1,388.0126139993081,359.5710119989235,610.3671450109687,189.3108009971911
4,0,0,0,1,0,1,290,125.75285301136319,156.69025899842381,338.01418299844954,174.37587899621576
2,0,0,0,0,0,0,4804,59.26719099807087,92.76393000618555,297.14370500005316,173.00706599780824
3,0,0,0,0,0,0,290,120.43962600000668,164.9495289893821,309.4130669924198,150.31954398727976
7,0,0,0,0,0,0,1,63.478304000454955,162.89135899569374,312.3230109922588,146.78161799383815
2,0,0,0,0,0,0,3532,58.3654869988095,77.40926599944942,151.70315200521145,85.92820000194479
1,0,0,0,0,0,0,8399,78.02323800569866,105.51025799941272,239.62329699133988,158.45227098907344
1,0,0,0,0,0,0,8399,79.08155700715724,107.5342950061895,245.14195800293237,161.43682000983972
1,0,0,0,0,0,0,8399,79.1429389937548,106.54803999932483,239.06133699347265,108.25610600295477
4,0,0,0,0,0,0,528,120.89737800124567,171.98100499808788,316.8350590131013,161.91079499549232
5,0,0,0,0,0,0,52,131.03753000905272,184.76732799899764,335.47141899180133,171.0491470003035
13,0,0,0,1,0,1,1,121.31756800226867,168.4730050037615,344.18660099618137,151.03533300862182
2,0,0,0,0,0,0,877,122.73542900220491,173.34696400212124,317.6161290029995,164.22999500355218
4,0,0,0,0,0,0,329,68.50121400202624,91.38236400031019,234.77209599514026,173.2891319988994
7,0,0,0,0,0,0,1,130.15726499725133,179.4275020074565,343.0479970120359,170.32670899061486
11,0,0,0,1,0,1,1,117.4584109976422,166.71242901065852,330.2438109967625,76.60683600988705
32,0,0,0,2,0,1,1,741.2307630002033,697.5328200060176,674.4694609951694,495.10072999692056
2,0,0,0,0,0,0,4804,60.384069991414435,79.10568799707107,190.6042970076669,172.45771699526813
1,0,0,0,0,0,0,9230,53.07159600488376,69.55177598865703,197.40869900851976,152.86929599824362
7,0,0,0,1,0,1,3,121.41362100373954,171.6004640038591,336.8168450106168,158.1724099960411
1,0,0,0,0,0,0,9230,54.529679007828236,70.78503799857572,202.840516998549,150.2376780117629
2,0,0,0,0,0,0,2326,121.95972399786115,171.57134399167262,320.94149899785407,174.9919830035651
3,0,0,0,0,0,0,1484,65.24268399516586,135.6545860035112,223.26353800599463,121.39093699806836
6,0,0,0,0,0,0,271,123.65793100616429,176.85615000664257,330.44854500622023,181.73201200261246
3,0,0,0,0,0,0,516,127.965031992062,182.4674779927591,324.8949389962945,170.48312700353563
1,0,0,0,0,0,0,8399,78.5371789970668,107.83832999004517,167.56563101080246,124.83292999968398
25,0,0,0,5,0,1,1,226.27123800339177,122.60047900781501,500.13733899686486,179.75787300383672
2,0,0,0,0,0,0,4804,114.95647201081738,160.74469599698205,155.78796000045259,89.34654199401848
3,0,0,0,0,0,0,154,126.41811999492347,173.180483005126,322.75246099743526,167.37357300007716
3,0,0,0,0,0,0,1070,128.85383200773504,181.42792698927224,325.07560499652755,168.26316399965435
37,0,0,0,6,0,1,1,140.20962400536519,107.32524700870272,358.1976770074107,171.5142459870549
2,0,0,0,0,0,0,1340,116.85439900611527,162.51520700461697,303.8800249923952,169.5190020109294
6,0,0,0,1,0,1,2,126.41670698940288,178.48587299522478,347.90725499624386,170.93125499377493
4,0,0,0,0,0,0,164,64.00186099926941,85.14811100030784,162.49000800598878,79.47387400781736
6,0,0,0,1,0,1,18,124.19695100106765,171.79271701024845,335.99228199454956,160.2584670035867
3,0,0,0,0,0,0,267,120.57475199981127,164.899252995383,309.1122890036786,150.3187659982359
5,0,0,0,0,0,0,45,63.77417100884486,85.4257070022868,162.87313499196898,79.95561399729922
2,0,0,0,0,0,0,122,118.17754499497823,166.75410899915732,307.36560199875385,154.8561429954134
3,0,0,0,1,0,1,17,346.3801659963792,447.54629299859516,548.5727769992081,468.18295800767373
2,0,0,0,0,0,0,966,116.76525599614251,163.10104800504632,303.5587670019595,155.16935600317083
2,0,0,0,0,0,0,1998,108.97731799923349,152.24585100077093,295.2462949906476,172.7383849938633
2,0,0,0,0,0,0,877,64.78786299703643,87.49761299986858,162.86372499598656,83.73266799026169
23,0,0,0,2,0,1,3,583.1408579979325,553.0788719916018,675.9800650033867,510.20596199668944
5,0,0,0,1,0,1,27,122.18285999551881,171.21948199928738,329.40387800044846,156.4604229934048
12,0,0,0,1,0,1,72,584.5270409918157,661.5499610052211,583.4986109985039,469.17567499622237
1,0,0,0,0,0,0,1190,111.09273899637628,153.64936699916143,290.3081270051189,146.21889000409283
2,0,0,0,0,0,0,286,64.82017401140183,88.06507699773647,165.1579429890262,87.35132300353143
3,0,0,0,0,0,0,501,127.4566010106355,179.2017669940833,326.67245899210684,173.70974700315855
3,0,0,0,0,0,0,192,123.00628499360755,171.87680800270755,315.68073900416493,156.70583499013446
138,0,0,0,24,0,1,1,140.07237199984957,186.72794399026316,874.2278650024673,128.54954600334167
119,0,0,0,8,0,1,1,421.8458170071244,415.47809199255425,928.3096990111517,334.95409099850804
5,0,0,0,1,0,1,19,119.82194700976834,164.20538700185716,319.05069800268393,148.84785799949896
4,0,0,0,1,0,1,289,368.1658419955056,191.1813339975197,441.7604390037013,94.05023499857634
3,0,0,0,0,0,0,2044,121.75339199893642,170.79258000012487,320.1497970003402,172.07989499729592
1,0,0,0,0,0,0,8533,98.80340899690054,137.08955100446474,270.63777900184505,157.84052399976645
3,0,0,0,0,0,0,433,63.79947099776473,156.93057099997532,315.22381799004506,114.03169900586363
5,0,0,0,0,0,0,37,130.90692600235343,182.5817180069862,336.072404999868,181.0830690083094
5,0,0,0,0,0,0,7,121.63312498887535,163.05338199890684,314.6768450096715,150.18377100932412
5,0,0,0,0,0,0,1,130.93887599825393,180.2490270056296,317.92646199755836,86.58992100390606
3,0,0,0,0,0,0,116,130.6116499908967,182.75688799622003,332.1283599943854,177.14452999643981
8,0,0,0,0,0,0,1,62.35181899683084,81.34828499169089,163.72921399306506,86.81628400518093
2,0,0,0,0,0,0,4804,112.27402898657601,161.17382599622943,295.83338600059506,173.79468100261874
1,0,0,0,0,0,0,1901,105.19134999776725,144.6391829958884,283.7058100121794,151.62693400634453
26,0,0,0,4,0,1,1,126.49179498839658,167.4745819909731,403.4356030024355,149.14051399682648
4,0,0,0,0,0,0,10,117.26633300713729,161.06765900622122,307.04157799482346,148.90716300578788
3,0,0,0,1,0,1,594,366.8651190091623,442.38058400515,427.37615801161155,306.307040998945
10,0,0,0,1,0,1,4,506.6056159994332,185.9156769933179,589.0537619998213,177.03791201347485
1,0,0,0,0,0,0,9230,53.37189699639566,69.42744800471701,119.58734400104731,79.15943299303763
2,0,0,0,0,0,0,1320,119.02337000356056,167.31981400516815,303.7419879983645,154.38945300411433
29,0,0,0,4,0,1,1,413.96247201191727,426.45134100166615,443.32758100063074,384.9722969898721
7,0,0,0,1,0,1,320,476.59839400148485,553.9369149919366,548.6438790103421,455.13076199858915
3,0,0,0,0,0,0,579,127.70074399304576,183.77030700503383,328.8019699975848,169.36826299934182
3,0,0,0,0,0,0,1448,59.85712198889814,80.42366700829007,157.4580009910278,131.28762000997085
1,0,0,0,0,0,0,9230,54.09803500515409,69.56147799792234,202.2038079885533,153.3459939964814
4,0,0,0,0,0,0,18,128.33670400141273,181.93207900912967,335.49289099755697,169.0285060030874
11,0,0,0,1,0,1,1,121.89091199252289,164.1235279967077,340.47234200988896,149.82560099451803
5,0,0,0,0,0,0,312,125.97421799728181,174.67341900919564,320.6965819990728,179.76707499474287
17,0,0,0,3,0,1,1,463.3309049968375,446.7622780066449,613.0889969936106,309.5222500123782
60,0,0,0,3,0,1,1,683.8952399994014,635.8858769963263,452.9186369909439,224.24866000073962
2,0,0,0,0,0,0,2666,102.2497630037833,137.8687280084705,279.23425599874463,159.9127049994422
9,0,0,0,2,0,1,11,368.9340919954702,188.98812599945813,512.3684790014522,181.0346540005412
3,0,0,0,0,0,0,20,132.19758099876344,183.27960299211554,332.1721980028087,171.82179000519682
6,0,0,0,1,0,1,2,133.34104500245303,175.10467099782545,333.4430239920039,158.91002600255888
3,0,0,0,0,0,0,1070,125.53057700279169,177.65406701073516,326.2413030024618,171.76108800049406
4,0,0,0,1,0,1,61,127.09305199678056,175.17687700456008,325.433913996676,158.90940099779982
4,0,0,0,0,0,0,1,63.13520600087941,83.6073169921292,157.34706100192852,75.81456999469083
1,0,0,0,0,0,0,9230,53.09498999849893,69.50345599034335,198.6396520078415,150.98035399569198
3,0,0,0,0,0,0,1070,130.97664699307643,182.6346659945557,328.75335100106895,167.75109799345955
1,0,0,0,0,0,0,8533,100.58828999171965,137.75593099126127,276.2493509944761,153.8618480117293
4,0,0,0,0,0,0,293,91.50520300318021,118.42922899813857,317.01532399165444,159.88558699609712
4,0,0,0,1,0,1,290,69.98489898978733,172.2971560084261,332.14827500341926,172.14735801098868
8,0,0,0,0,0,0,1,133.97751800948754,185.2025970001705,350.3358400048455,175.6164069956867
7,0,0,0,1,0,1,18,287.96682800748385,228.9652779872995,250.6189359992277,210.44005700969137
7,0,0,0,2,0,1,113,328.79511000646744,175.5082520103315,510.496235001483,180.95376300334465
2,0,0,0,0,0,0,1827,111.24096800631378,152.52329601207748,288.73435499554034,149.47959400888067
6,0,0,0,0,0,0,4,129.65978500142228,178.83949699171353,336.0404940031003,166.76275500503834
16,0,0,0,1,0,1,86,447.5724659860134,804.7846039989963,696.3369860022794,571.8738199939253
5,0,0,0,1,0,1,24,130.84207101201173,172.07446199608967,329.38005500182044,157.1487250039354
5,0,0,0,0,0,0,69,131.01267399906646,186.9886460044654,340.1434530096594,175.69592100335285
5,0,0,0,1,0,1,234,131.10721998964436,168.8229689898435,330.06133999151643,159.9103019980248
1,0,0,0,0,0,0,9230,53.62085399974603,69.6857979928609,197.55737300147302,150.9745009971084
6,0,0,0,1,0,1,1,380.41134299419355,125.06199600466061,293.6514949979028,87.32906100340188
56,0,0,0,5,0,1,1,569.8149889940396,543.8196620089002,770.9930870041717,412.13315099594183
3,0,0,0,0,0,0,1484,123.15030599711463,173.02494299656246,287.72913399734534,88.21598299255129
6,0,0,0,0,0,0,16,122.2701730002882,170.863275998272,324.6741490002023,158.93687499919906
153,0,0,0,5,0,1,1,486.68347600323614,296.39152000891045,806.6745370015269,362.5278569961665
3,0,0,0,0,0,0,1448,59.676994002074935,80.12265599973034,155.95764199679252,82.06618300755508
2,0,0,0,0,0,0,4475,104.65785799897276,144.00761500291992,279.61428799608257,166.75773500173818
6,0,0,0,0,0,0,4,124.03124800766818,171.86418701021466,326.2469609908294,156.66409600817133
2,0,0,0,0,0,0,4804,112.96845100878272,157.68111300712917,247.636385000078,94.27810399211012
2,0,0,0,0,0,0,3160,120.57989300228655,164.8353680066066,306.0454340011347,154.9686859943904
1,0,0,0,0,0,0,8399,78.98121199104935,106.90231699845754,242.9179269965971,155.9934610122582
2,0,0,0,0,0,0,1486,113.66977500438225,103.69627200998366,152.41334099846426,77.3660800041398
5,0,0,0,1,0,1,14,372.0289449993288,182.35782299598213,559.0816479962086,174.07455400098115
9,0,0,0,0,0,0,1,122.22352699609473,172.36644799413625,339.43083899794146,160.76016900478862
4,0,0,0,0,0,0,33,119.58169800345786,166.51214299781714,312.27760900219437,146.41297799244057
20,0,0,0,3,0,1,3,569.9320080020698,540.6153530057054,654.4109519891208,449.2860760074109
3,0,0,0,0,0,0,23,124.30475601286162,169.22477299522143,314.50874800793827,153.69074601039756
39,0,0,0,2,0,1,1,428.2120199932251,430.9769699902972,719.91099799925,510.829835999175
5,0,0,0,0,0,0,25,120.03268100670539,165.14392000681255,310.46149499889,149.8372339992784
3,0,0,0,0,0,0,433,121.18886300595477,167.64780100493226,297.33486600161996,81.85537598910742
3,0,0,0,1,0,1,1479,339.55174998845905,406.4214620011626,527.790834006737,449.4796769868117
3,0,0,0,0,0,0,433,120.33617300039623,168.04939300345723,314.08642200403847,159.60019300109707
21,0,0,0,2,0,1,6,277.96177699929103,259.3834639992565,328.50642000266816,427.2027139959391
2,0,0,0,0,0,0,4475,104.9746270000469,144.67186499678064,285.448306996841,169.68657899997197
18,0,0,0,2,0,1,24,547.4269809928956,521.5905280056177,637.0524100057082,483.59277901181486
2,0,0,0,0,0,0,709,113.39110501285177,155.41704099450726,298.611546997563,165.0054410129087
1,0,0,0,0,0,0,8533,52.78482200810686,68.99618500028737,144.22063699748833,155.19820200279355
6,0,0,0,1,0,1,383,444.7577499959152,523.402837003232,523.6093839921523,440.02982300298754
1,0,0,0,0,0,0,9914,81.46650399430655,109.06882499693893,243.7068739964161,160.232119000284
9,0,0,0,0,0,0,1,114.61249999410938,84.13501700852066,167.85032200277783,80.25760499003809
26,0,0,0,2,0,1,1,542.1627589967102,476.33788399980403,531.8837519880617,468.67145800206345
3,0,0,0,0,0,0,192,120.97463599639013,167.44562399981078,313.50741599453613,157.10015199147165
2,0,0,0,0,0,0,894,113.7741510028718,159.76901999965776,302.91255901101977,172.081523007364
7,0,0,0,1,0,1,5,118.60168300336227,164.9967419944005,327.1912509953836,149.17783900455106
1,0,0,0,0,0,0,9914,41.55618400545791,70.97162799618673,242.47272600769065,158.45115299453028
6,0,0,0,1,0,1,71,133.90935899224132,177.62223600584548,341.81329399871174,166.20464601146523
2,0,0,0,0,0,0,1340,117.60858600609936,163.1773489934858,305.5228720040759,168.56726400146727
1,0,0,0,0,0,0,8533,73.8296040071873,69.9584319954738,141.11720900109503,138.03681499848608
7,0,0,0,1,0,1,5,120.73933900683187,164.3682410067413,325.2613079966977,85.7288109982619
26,0,0,0,3,0,1,1,317.22946699301247,381.52699198690243,601.6568799968809,349.91168399574235
3,0,0,0,0,0,0,12,84.54304399492685,86.92054799757898,163.16271699906792,82.65688300889451
10,0,0,0,0,0,0,1,128.38215299416333,178.70115699770395,348.4111860016128,168.62487301114015
2,0,0,0,0,0,0,3160,120.064855000237,163.2644539931789,299.93261701019946,152.908482006751
1,0,0,0,0,0,0,4295,83.15789799962658,148.1610519986134,285.8995239948854,152.3174860049039
18,0,0,0,2,0,1,1,133.59422600478865,176.45011701097246,370.8571489987662,156.9419029983692
5,0,0,0,0,0,0,21,67.83024199830834,90.41200400679372,171.83186700276565,86.51579900470097
2,0,0,0,0,0,0,52,116.5661609993549,162.45567199075595,302.1180399955483,146.08410900109448
17,0,0,0,3,0,1,1,423.30746100924443,189.84754099801648,611.6296169930138,175.29713199473917
27,0,0,0,1,0,1,2,544.8378919973038,200.9880709956633,470.0642680109013,182.3777100071311
1,0,0,0,0,0,0,9122,66.02884799940512,86.78535699436907,195.3053449979052,83.49269500467926
113,0,0,0,6,0,1,1,436.8580580048729,615.6880749913398,833.6490799993044,352.95713900995906
2,0,0,0,0,0,0,96,115.57444800564554,165.11766400071792,303.4478059998946,148.63786000933032
1,0,0,0,0,0,0,9230,28.856792006990872,35.30582299572416,102.49736400146503,128.03260301006958
3,0,0,0,0,0,0,650,116.93771599675529,162.46116100228392,307.132410001941,153.19678699597716
88,0,0,0,5,0,1,1,629.2076559911948,597.111937997397,795.6834000069648,386.43251499161124
6,0,0,0,0,0,0,8,70.07655900088139,156.45273101108614,338.2636110036401,167.60771301051136
53,0,0,0,4,0,1,1,549.4990209990647,521.6847219999181,687.247619003756,387.76671000232454
1,0,0,0,0,0,0,9122,65.6156059994828,87.6317609945545,219.38326400413644,155.90215499105398
3,0,0,0,0,0,0,169,63.25668399222195,83.08457100065425,161.07000601186883,80.81210700038355
8,0,0,0,1,0,1,1,133.81842500530183,180.68870199203957,352.14959700533655,169.56815199228004
14,0,0,0,3,0,1,1,130.03825000487268,170.93297699466348,376.9218609959353,157.39171499444637
1,0,0,0,0,0,0,8533,99.8292139993282,135.55334600096103,272.56604901049286,157.58072200696915
1,0,0,0,0,0,0,1190,109.57853500440251,100.32091999892145,151.6365649877116,76.66780998988543
1,0,0,0,0,0,0,8533,97.90504099510144,134.35302500147372,271.6917090001516,155.33961000619456
1,0,0,0,0,0,0,9122,35.26761200919282,45.35377099819016,200.26922100805677,159.76921799301635
3,0,0,0,0,0,0,588,127.06972598971333,176.34702399664093,326.1331020039506,168.85488899424672
2,0,0,0,0,0,0,1607,112.53122599737253,157.2654629999306,268.82788399234414,80.94972299295478
2,0,0,0,0,0,0,3532,57.61264699685853,77.47101000859402,269.436709000729,170.2504040003987
1,0,0,0,0,0,0,9122,66.7910050106002,88.09655900404323,221.85792699747253,160.14774999348447
36,0,0,0,6,0,1,1,496.31294699793216,475.47899700293783,652.1629720082274,229.9395089939935
1,0,0,0,0,0,0,9230,53.485515993088484,68.47600798937492,199.77710100647528,151.71196800656617
3,0,0,0,0,0,0,286,124.07076499948744,175.3390449885046,316.1976209958084,155.64659200026654
2,0,0,0,0,0,0,1607,59.652399009792134,79.76368900563102,153.86613000009675,81.92262800002936
3,0,0,0,1,0,1,1445,268.35129999381024,332.10049199988134,416.78861899708863,353.9869770029327
3,0,0,0,1,0,1,1445,266.52178399672266,325.27844099968206,429.1144680028083,355.1751329941908
4,0,0,0,1,0,1,461,307.1618449903326,173.59864599711727,465.5608140019467,187.05637799575925
5,0,0,0,0,0,0,69,99.2442170099821,114.06022099254187,176.09621200244874,91.97738800139632
5,0,0,0,0,0,0,39,131.9648790085921,182.19438700180035,338.12152199971024,170.3775750065688
12,0,0,0,2,0,1,1,497.9001879983116,480.62564100837335,462.76340099575464,202.23315100884065
1,0,0,0,0,0,0,8533,99.21703999862075,136.57229200180154,272.0347690046765,154.65160500025377
2,0,0,0,0,0,0,4475,54.64296099671628,73.31413601059467,147.12405399768613,88.11043700552545
17,0,0,0,3,0,1,1,457.3885239951778,443.7404759955825,613.1764689926058,422.3357290029526
2,0,0,0,0,0,0,1340,114.35260200232733,164.5046969933901,302.1306719892891,169.78307600948028
6,0,0,0,0,0,0,23,132.79155400232412,181.26490399299655,234.90552000293974,171.3088440010324
2,0,0,0,0,0,0,1340,115.41531700640917,162.50936301366892,304.5710309961578,169.44933000195306
3,0,0,0,0,0,0,35,118.82670200429857,165.93145100341644,311.10816600266844,152.8604049963178
3,0,0,0,0,0,0,43,63.469996995991096,83.57075600360986,155.6643410003744,76.51360500312876
10,0,0,0,2,0,1,7,378.64243700460065,376.25862000277266,497.50408199906815,374.92208200274035
10,0,0,0,3,0,1,45,359.66948300483637,337.4490429996513,560.5939289962407,193.70574799540918
3,0,0,0,1,0,1,279,353.2098190044053,427.17973100661766,539.3561809905805,453.85130200884305
1,0,0,0,0,0,0,8533,97.37711900379509,138.11941399762873,271.27014799043536,153.7399430089863
27,0,0,0,3,0,1,1,439.2415899928892,427.40620899712667,685.0031619978836,458.01987100276165
3,0,0,0,0,0,0,1070,125.91439500101842,104.71078600676265,167.4075009941589,87.08366600330919
4,0,0,0,1,0,1,79,64.60100499680266,92.3609919991577,321.74886800930835,154.10555500420742
4,0,0,0,0,0,0,2,117.63323198829312,160.2227440016577,306.7268330050865,148.56335999502335
2,0,0,0,0,0,0,129,124.64409299718682,173.2663119910285,319.5108030049596,167.08250100782607
1,0,0,0,0,0,0,9914,83.51368199510034,111.65981699014083,167.9531389963813,83.78913399064913
28,0,0,0,4,0,1,1,541.8579309916822,512.9767339967657,655.8729120006319,398.9217940106755
12,0,0,0,1,0,1,39,542.3005909979111,198.05340199673083,595.3947639936814,185.77167199691758
3,0,0,0,0,0,0,97,118.49812100990675,162.91277299751528,304.2903049936285,137.60083701345138
3,0,0,0,0,0,0,285,119.63089900382329,170.5639730062103,316.69436099764425,156.29872400313616
2,0,0,0,0,0,0,3627,118.12269099755213,163.60094900301192,304.05896599404514,168.8706290005939
5,0,0,0,0,0,0,312,121.7530580033781,171.31938599050045,321.31293999555055,180.59567699674517
1,0,0,0,0,0,0,9230,53.903300999081694,68.02421099564526,199.83660599973518,151.66605699050706
1,0,0,0,0,0,0,8399,79.2827289988054,108.33662799268495,243.74986700422596,156.1616820108611
68,0,0,0,11,0,1,2,127.10071798937861,162.24812300060876,492.81885400705505,75.36416400398593
2,0,0,0,0,0,0,877,65.54399500600994,161.45730199059471,318.5837769997306,167.37506201025099
15,0,0,0,1,0,1,1,278.15147300134413,183.27261200465728,587.8861940000206,174.8005850095069
4,0,0,0,1,0,1,530,371.5573530062102,447.48650200199336,435.53613100084476,369.63230300170835
4,0,0,0,0,0,0,53,67.26365700887982,89.16114699968603,241.85541000042576,165.9901979874121
2,0,0,0,0,0,0,4804,115.46320401248522,159.16350000770763,297.31482500210404,173.55923900322523
7,0,0,0,2,0,1,180,173.91813699214254,251.84745799924713,509.10314499924425,196.85314199887216
4,0,0,0,0,0,0,5,122.13986700226087,171.52303199691232,319.14502500148956,158.82100800808985
15,0,0,0,2,0,1,1,130.5536859872518,176.26436999125872,372.88916599936783,157.9247470072005
10,0,0,0,2,0,1,7,395.7560019916855,400.76168200175744,637.8372730105184,496.49019399657845
4,0,0,0,0,0,0,10,121.60702700202819,168.37927600136027,317.7071120007895,155.58170298754703
2,0,0,0,0,0,0,867,116.83216500387061,164.76298400084488,300.0355860131094,149.31956499640364
1,0,0,0,0,0,0,9914,48.50709400488995,56.19352200301364,125.16746799519751,101.4896879933076
1,0,0,0,0,0,0,9122,66.0698369902093,88.05140499316622,218.49975601071492,157.54995800671168
1,0,0,0,0,0,0,3085,101.3841300009517,143.54990399442613,188.2406520016957,75.2293789992109
9,0,0,0,1,0,1,1,360.7277039991459,139.7612709988607,491.50085599103477,179.09674299880862
101,0,0,0,16,0,1,1,432.93436800013296,229.80599000584334,718.644606997259,231.2906059960369
4,0,0,0,0,0,0,200,126.64086298900656,177.88684199331328,328.7892389926128,170.06941100407857
11,0,0,0,2,0,1,4,413.854515994899,389.49425000464544,516.4580639975611,202.2567639942281
1,0,0,0,0,0,0,9122,66.09507500252221,87.14752898958977,218.74034700158518,157.85329099162482
6,0,0,0,0,0,0,3,121.2465980061097,165.9683909965679,320.29703800799325,152.7534250053577
14,0,0,0,2,0,1,1,120.87470099504571,163.41171799285803,351.4899160072673,148.60592198965605
7,0,0,0,0,0,0,2,122.17800899816211,170.35360299632885,328.64266200340353,159.0168580005411
1,0,0,0,0,0,0,2186,108.76079399895389,149.5709610026097,289.6689469926059,151.4928719989257
1,0,0,0,0,0,0,9230,53.17421100335196,68.70936100312974,198.58223899791483,150.71016100409906
3,0,0,0,0,0,0,467,128.31924299825914,177.35905699373689,320.8612699963851,171.99610799434595
1,0,0,0,0,0,0,9914,82.74383899697568,110.6562300119549,246.171096994658,138.74430299620144
1,0,0,0,0,0,0,9122,67.69010299467482,88.69899500859901,224.90853699855506,158.47636399848852
4,0,0,0,1,0,1,12,119.32883699773811,162.71388999302872,318.547889997717,150.59734499664046
2,0,0,0,0,0,0,4804,113.50812800810672,157.16939899721183,299.7211430047173,177.83556498761754
1,0,0,0,0,0,0,2186,73.80422099959105,76.36989100137725,147.24988899251912,77.26273399021011
28,0,0,0,5,0,1,1,142.48249199590646,186.97079400590155,439.51871499302797,170.40983999322634
10,0,0,0,1,0,1,1,126.31595600396395,175.64671799482312,350.9254029922886,164.19652801414486
24,0,0,0,2,0,1,4,307.70785598724615,308.2245699915802,676.1407950107241,506.4700630027801
1,0,0,0,0,0,0,9914,42.88350499700755,55.482565992861055,170.55784500553273,160.1217679999536
5,0,0,0,1,0,1,1,120.42970900074579,164.1652980033541,277.4522999970941,75.351180988946
27,0,0,0,2,0,1,1,225.7025869912468,318.8269170059357,508.91156899160706,355.4912749968935
3,0,0,0,0,0,0,119,65.15212799422443,87.76094998756889,164.4999599957373,82.66808099870104
5,0,0,0,1,0,1,12,122.88811399776023,169.9278809974203,329.84593899163883,158.9804959949106
12,0,0,0,2,0,1,2,135.53410601161886,182.1441099891672,373.4380790119758,170.8343890059041
1,0,0,0,0,0,0,4295,108.28867201053072,147.95376200345345,284.24153199011926,148.1772719998844
17,0,0,0,1,0,1,2,578.1836359965382,662.8755240089959,524.5258770009968,398.3273769990774
4,0,0,0,0,0,0,491,69.14309899730142,92.70046299207024,175.09877900010906,89.17254599509761
1,0,0,0,0,0,0,8533,95.85764199437108,134.39959999232087,272.71869099058677,154.20159000495914
72,0,0,0,4,0,1,1,660.0915070011979,616.4414619997842,649.3805680074729,341.65426999970805
19,0,0,0,3,0,1,1,405.52369800570887,386.38220900611486,604.9578819947783,361.94959899876267
85,0,0,0,4,0,1,1,568.6326029972406,531.066468989593,757.7093289874028,379.2952840012731
31,0,0,0,4,0,1,1,610.7252799993148,480.2430429990636,726.4884909964167,449.4658040057402
3,0,0,0,0,0,0,650,115.44237101043109,160.7531149929855,304.48904499644414,151.69168100692332
4,0,0,0,0,0,0,38,66.2813460075995,87.77548899524845,166.0742779931752,81.55147300567478
11,0,0,0,2,0,1,1,119.00057799357455,163.3188150008209,347.68216400698293,151.09825099352747
3,0,0,0,0,0,0,1484,128.58309100556653,176.5103109937627,320.98912898800336,170.00158000155352
1,0,0,0,0,0,0,3085,102.97675599576905,142.66269801009912,277.4601989949588,150.50083500682376
2,0,0,0,0,0,0,4804,115.81024999031797,160.8085409970954,298.6265429935884,175.5187529925024
3,0,0,0,0,0,0,1448,119.97993099794257,162.95835199707653,306.8596070079366,160.56577299605124
3,0,0,0,0,0,0,344,119.9186239973642,166.92431399133056,310.5229639913887,152.27928399690427
3,0,0,0,0,0,0,521,114.34200000076089,159.36096700897906,303.3607659890549,151.0202289937297
2,0,0,0,0,0,0,371,124.74664000910707,174.29704399546608,321.1531059932895,164.80474200216122
1,0,0,0,0,0,0,9914,82.55715500854421,109.25148898968473,243.10770900046919,160.77974600193556
12,0,0,0,1,0,1,23,455.92714099620935,531.9982459914172,616.5235869993921,508.2440960104577
62,0,0,0,4,0,1,1,347.38223999738693,326.20198000222445,312.86828499287367,169.04452598828357
5,0,0,0,1,0,1,1,128.80059900635388,181.52295700565446,325.0020319974283,160.5698119965382
1,0,0,0,0,0,0,9122,67.70799899823032,89.27179500460625,222.6746730011655,159.82812098809518
2,0,0,0,0,0,0,4804,113.62268700031564,159.26068399858195,299.7415639983956,173.83053099911194
3,0,0,0,0,0,0,579,129.30634600343183,183.04980400716886,332.3637010034872,171.39717600366566
1,0,0,0,0,0,0,3085,53.83376500685699,73.3427739905892,145.2307209983701,80.08931699441746
65,0,0,0,16,0,1,1,404.4234949979,404.6989039925393,892.4457190005342,258.45787799335085
10,0,0,0,1,0,1,186,582.5610619940562,665.3761899942765,629.2804779950529,510.82903500355314
2,0,0,0,0,0,0,3532,73.13358300598338,76.91941400116775,152.27740499540232,89.28650699090213
7,0,0,0,2,0,1,131,344.23763799713925,334.6915389993228,517.7502219885355,202.5495529960608
2,0,0,0,0,0,0,4804,92.00751999742351,161.0740350006381,296.389184994041,173.61180900479667
6,0,0,0,0,0,0,3,129.7222889988916,181.35355699632782,341.1261220026063,169.51148000953253
2,0,0,0,0,0,0,3095,110.80740598845296,154.65427000890486,298.90968099061865,167.86724000121467
8,0,0,0,2,0,1,8,445.98345599661116,403.3316989953164,566.9564109994099,202.04526199086104
7,0,0,0,0,0,0,1,65.11191799654625,86.1338840040844,290.3962779964786,112.50526600633748
9,0,0,0,1,0,1,14,486.6532139858464,146.73317200504243,385.2474970044568,96.2808309996035
2,0,0,0,0,0,0,286,99.00851400743704,175.0462880008854,325.9300399950007,165.74800499074627
4,0,0,0,0,0,0,62,128.94801699439995,178.58305099071003,331.8210769939469,122.92022399196867
5,0,0,0,0,0,0,21,129.54282999271527,178.59930300619453,330.9308809984941,165.8773989911424
1,0,0,0,0,0,0,8399,41.38484600116499,55.552035992150195,125.25251701299567,138.51074199192226
4,0,0,0,0,0,0,17,124.93708600231912,175.96701299771667,328.6968570027966,164.3516659969464
7,0,0,0,0,0,0,16,127.74949200684205,181.89178900502156,343.2251250051195,155.33007399062626
106,0,0,0,5,0,1,1,566.0690880031325,537.8426279930864,821.0230269905878,363.54650899011176
28,0,0,0,3,0,1,1,624.1545509983553,599.2997210123576,709.0329880011268,372.2529529914027
1,0,0,0,0,0,0,9230,53.323447005823255,70.0269500084687,201.8568230123492,153.34974898723885
12,0,0,0,1,0,1,64,555.4714540048735,491.5049349947367,540.0104879954597,428.9526930078864
5,0,0,0,0,0,0,96,136.11173701065127,187.63894701260142,273.7542030081386,175.71573000168428
2,0,0,0,0,0,0,9,120.09171501267701,165.90605799865443,303.4418850002112,151.5248479990987
2,0,0,0,0,0,0,536,115.88543000107165,163.87170800589956,306.28161400090903,157.4220710026566
7,0,0,0,0,0,0,1,121.39688900788315,168.28319300839212,320.40009599586483,149.38169599918183
4,0,0,0,1,0,1,27,198.20682199497242,93.86656900460366,340.4110099945683,180.20929700287525
4,0,0,0,0,0,0,2,119.81444399862085,164.7300299955532,313.54938200092874,96.61666699685156
2,0,0,0,0,0,0,1340,117.8040550003061,163.94418801064603,304.63202999089845,170.021418001852
5,0,0,0,1,0,1,80,135.97975799348205,138.61487600661349,187.2721049876418,167.61413500353228
40,0,0,0,2,0,1,7,673.3511810016353,640.7740089925937,509.72861400805414,325.735481994343
1,0,0,0,0,0,0,9914,82.49762799823657,109.84206099237781,245.24748299154453,160.55947900167666
5,0,0,0,1,0,1,2,372.26401499356143,180.76854800165165,477.1431429981021,88.44491800118703
10,0,0,0,1,0,1,15,126.56769799650647,164.96216799714603,338.74168500187807,147.88133699039463
9,0,0,0,1,0,1,233,553.2737000030465,607.9430880054133,614.7208970069187,513.7255730078323
26,0,0,0,3,0,1,1,477.24504899815656,532.51843599719,668.5582689970033,203.32202399731614
5,0,0,0,1,0,1,4,132.20898099825718,174.80752200935967,305.7128070067847,81.74146400415339
2,0,0,0,0,0,0,3532,111.88987799687311,157.83201399608515,290.4258630005643,166.0584729979746
5,0,0,0,1,0,1,8,370.39211799856275,185.04942700383253,552.8519370127469,176.69654500787146
3,0,0,0,0,0,0,8,118.84062000899576,162.47786999156233,308.9394480048213,146.596391001367
2,0,0,0,0,0,0,4804,113.67482799687423,159.57713600073475,298.0663269991055,174.22383799566887
5,0,0,0,1,0,1,5,373.0885650002165,202.3837739980081,499.154273988097,187.17655999353155
4,0,0,0,1,0,1,80,231.78357200231403,359.2244210012723,559.7176680021221,464.02783000667114
3,0,0,0,1,0,1,1479,336.00811900396366,399.0686379984254,524.5358889951603,445.3198900009738
1,0,0,0,0,0,0,849,117.57163400761783,161.46410300279967,297.54338499333244,145.04723901336547
14,0,0,0,3,0,1,5,488.43987999134697,457.6521400013007,599.4462009985,413.9206749969162
1,0,0,0,0,0,0,1901,105.14675900049042,144.2315859894734,279.63287600141484,147.1018849988468
6,0,0,0,0,0,0,1,123.08708899945486,170.5193249945296,325.1590730069438,159.55186198698357
209,0,0,0,39,0,1,1,383.1672240048647,192.24691299314145,1397.6672000135295,176.46687899832614
3,0,0,0,0,0,0,1448,115.33251299988478,162.38182300003245,302.86509699362796,158.9815410115989
55,0,0,0,2,0,1,1,341.1483660020167,321.7569019907387,486.4245869976003,259.1188579972368
24,0,0,0,2,0,1,2,757.8465749975294,717.9122119996464,672.1824330015806,507.4321139982203
3,0,0,0,0,0,0,467,127.3319750034716,176.8085770017933,326.4674949896289,170.37576700386126
1,0,0,0,0,0,0,8533,99.15275100502186,135.26237299083732,274.043008001172,156.09997700084932
2,0,0,0,0,0,0,4475,104.83335600292776,143.86440700036474,283.7267319991952,167.76486099115573
2,0,0,0,0,0,0,4804,114.24934800015762,160.62549300841056,299.08492699905764,175.6908840034157
2,0,0,0,0,0,0,3627,116.28364499483723,163.05584799556527,304.98405500839,169.10248700878583
4,0,0,0,0,0,0,337,127.85820499993861,181.78654300572816,331.64353399479296,169.05701599898748
25,0,0,0,3,0,1,1,236.1255949945189,222.50408500258345,609.1080179903656,474.2310020083096
1,0,0,0,0,0,0,9914,80.41717601008713,109.4328309991397,244.95107799884863,160.56885200669058
3,0,0,0,0,0,0,342,115.98374499590136,166.5928020083811,302.9810139996698,152.41851900645997
1,0,0,0,0,0,0,8399,78.67106200137641,107.45925801165868,242.08460499357898,158.02046300086658
36,0,0,0,5,0,1,1,331.4566970075248,91.48347801237833,352.0085350028239,86.68582800601143
3,0,0,0,0,0,0,1070,125.45674099237658,176.62074499821756,325.2110419998644,170.72341199673247
3,0,0,0,0,0,0,25,123.66644499707036,168.77082599967252,316.4940749993548,153.84930699656252
6,0,0,0,1,0,1,1,371.6054609976709,188.45442199381068,556.4745430019684,176.14585800038185
2,0,0,0,0,0,0,1827,56.70734200975858,75.26107999728993,204.2527580051683,147.69184699980542
2,0,0,0,0,0,0,3160,118.84031198860612,164.42897600063588,303.0544929933967,107.72867000196129
7,0,0,0,1,0,1,21,129.54284700390417,177.67852199904155,346.16109199123457,170.49592299736105
8,0,0,0,0,0,0,1,122.27669899584725,171.87750100856647,330.7533480110578,158.79826400487218
9,0,0,0,0,0,0,1,120.60639300034381,172.33302599925082,330.135716998484,156.10793500673026
7,0,0,0,1,0,1,41,125.80581101065036,172.5608990091132,338.3578560024034,160.21640499820933
26,0,0,0,2,0,1,2,497.6565459946869,624.3831329920795,562.5876520061865,218.02918700268492
5,0,0,0,1,0,1,298,339.14216099947225,178.73499100096524,508.375559002161,182.9292379989056
2,0,0,0,0,0,0,3160,60.877355994307436,82.27541399537586,246.43460899824277,155.04773599968757
3,0,0,0,0,0,0,8,119.1722670046147,168.80248300731182,314.4551279983716,157.04399699461646
3,0,0,0,0,0,0,34,126.58359899069183,173.35458799789194,323.4266950021265,168.3859350014245
1,0,0,0,0,0,0,9914,81.3211130007403,109.86511499504559,243.8147139910143,158.70082000037655
2,0,0,0,0,0,0,140,122.81797599280253,165.97318698768504,309.94161499256734,151.67662799649406
2,0,0,0,0,0,0,268,113.12487699615303,159.73010000016075,299.8982050048653,147.72413700120524
6,0,0,0,1,0,1,18,121.64576300710905,172.42336399795022,329.1022720077308,156.13186200789642
1,0,0,0,0,0,0,1901,54.26734899810981,72.56589300232008,228.55504100152757,145.4111820057733
6,0,0,0,0,0,0,30,129.33237000834197,180.62177300453186,259.83440899290144,87.28979600709863
1,0,0,0,0,0,0,9122,66.19339299504645,87.72446899092756,220.90891799598467,156.94651700323448
3,0,0,0,0,0,0,1448,114.22715900698677,160.95089199370705,302.9018640081631,159.3628289992921
25,0,0,0,4,0,1,1,70.3228689962998,91.20182800688781,341.6959910100559,171.0855929995887
3,0,0,0,0,0,0,521,114.79531199438497,159.6180380001897,303.7203099956969,151.5440040093381
1,0,0,0,0,0,0,8399,78.21495000098366,107.10202899645083,192.07016000291333,157.29319900856353
21,0,0,0,2,0,1,2,454.76760000747163,565.6835550034884,513.4878249955364,376.6891109989956
8,0,0,0,0,0,0,1,129.11883599008434,178.97912400076166,346.1562369921012,169.8673780047102
3,0,0,0,0,0,0,1484,65.08597799984273,100.1896430097986,317.84241399145685,173.2757580030011
4,0,0,0,0,0,0,19,127.29334000323433,179.96352098998614,335.8659160003299,170.9226340026362
3,0,0,0,0,0,0,169,120.21712699788623,146.8639220111072,165.2366210037144,158.50931900786236
1,0,0,0,0,0,0,9122,67.1632810117444,88.78463700239081,222.50554700440262,158.6506010062294
11,0,0,0,0,0,0,1,65.74771399027668,122.97491800563876,340.436035010498,159.34136699070223
2,0,0,0,0,0,0,3160,95.36348900292069,118.18438999762293,153.01760200236458,79.16613698762376
3,0,0,0,0,0,0,12,101.9449510058621,85.70995500485878,279.9344689992722,155.96627599734347
5,0,0,0,1,0,1,40,375.49736800428946,186.88518700946588,561.803446005797,175.99196500668768
4,0,0,0,0,0,0,39,129.50543499027845,186.67950900271535,329.1773670061957,171.41439400438685
1,0,0,0,0,0,0,303,111.29902899847366,159.85106700100005,293.56472099607345,146.40829199925065
4,0,0,0,0,0,0,200,68.0326769943349,89.99569200386759,213.3003769995412,86.54539499548264
3,0,0,0,0,0,0,162,118.44401899725199,164.82679900946096,309.01261400140356,148.0139539926313
4,0,0,0,0,0,0,43,119.91891499201301,172.42471300414763,319.9965859967051,157.2066249937052
5,0,0,0,0,0,0,18,117.17923899414018,140.15035101328976,247.94048600597307,149.0800540050259
4,0,0,0,0,0,0,16,121.12514399632346,170.8282199979294,316.01248199876864,155.122502008453
1,0,0,0,0,0,0,8399,78.3809060085332,107.04565400374122,236.32690199883655,157.59072499349713
7,0,0,0,0,0,0,1,131.19082599587273,123.95369600562844,175.43574300361797,156.73855600471143
5,0,0,0,1,0,1,4,369.4985719921533,142.83996701124124,524.9080200010212,177.92872100835666
6,0,0,0,0,0,0,4,109.62454300897662,170.37450800125953,328.70988399372436,156.70408600999508
4,0,0,0,0,0,0,105,119.30536800355185,164.7967239987338,314.0579600003548,151.44176199100912
20,0,0,0,1,0,1,4,646.5382809983566,724.9946099909721,474.64326000772417,329.8653449892299
5,0,0,0,0,0,0,31,74.64810600504279,90.8901130023878,172.2746890009148,88.14502900349908
5,0,0,0,0,0,0,30,130.2761319966521,179.37519699626137,335.56143500027247,175.5289019929478
92,0,0,0,18,0,1,1,131.63067999994382,184.61021799885202,701.2968080089195,171.3848590006819
7,0,0,0,0,0,0,1,124.55950799630955,171.25285598740447,220.80948899383657,130.16973600315396
5,0,0,0,0,0,0,10,121.88230699393898,194.89025499206036,298.34819200914353,156.37007600162178
16,0,0,0,1,0,1,39,713.4852210001554,629.9262780084973,636.8211549997795,516.8419739929959
2,0,0,0,0,0,0,3095,58.73100699682254,151.09406199189834,294.6436280035414,168.28726600215305
8,0,0,0,0,0,0,5,130.1112539949827,187.72716099920217,346.6509930003667,174.6339609962888
6,0,0,0,0,0,0,4,130.32071899215225,178.92730099265464,341.8847800057847,170.3614260040922
1,0,0,0,0,0,0,8399,48.26237299130298,55.08499199640937,211.7835009994451,79.93360199907329
5,0,0,0,0,0,0,31,119.69696600863244,165.6014000036521,311.85375699715223,148.15516999806277
11,0,0,0,1,0,1,1,369.170017002034,182.5943050062051,547.7610939997248,175.34033799893223
5,0,0,0,0,0,0,1,118.93002199940383,161.34381899610162,317.49882000440266,148.4326339996187
5,0,0,0,0,0,0,37,62.41099399630912,82.77463899867143,270.52910599741153,145.4116490058368
17,0,0,0,1,0,1,41,633.4965220012236,654.1080259921728,476.02321600425057,520.9943899972131
11,0,0,0,1,0,1,1,125.28396100969985,185.35082499147393,354.9727880017599,157.08479800377972
8,0,0,0,2,0,1,1,367.2858100035228,179.95911499019712,574.3893250037218,173.32654898928013
11,0,0,0,2,0,1,1,128.65448799857404,205.77478600898758,367.05658498976845,165.9969350002939
2,0,0,0,0,0,0,3532,113.77881899534259,154.13887199247256,294.06100799678825,169.01223199965898
3,0,0,0,0,0,0,602,138.7069699994754,178.76534200331662,322.8690730029484,166.63829301251099
42,0,0,0,5,0,1,1,440.28720899950713,431.19758198736235,750.953151989961,199.97571400017478
1,0,0,0,0,0,0,8399,78.06677899498027,106.24390999146271,242.76093499793205,157.96232799766585
1,0,0,0,0,0,0,1901,104.92114198859781,145.86325200798456,282.11985700181685,77.61813899560366
1,0,0,0,0,0,0,9914,82.32110399694648,110.4583400010597,246.31884100381285,162.16588699899148
66,0,0,0,4,0,1,1,316.43643099232577,240.66533299628645,392.9891579900868,397.4979639897356
1,0,0,0,0,0,0,9230,54.01476999395527,68.84704998810776,202.3638620012207,155.0275729969144
2,0,0,0,0,0,0,129,127.30413900862914,179.11675499635749,323.0527539999457,165.84838498965837
4,0,0,0,0,0,0,71,116.99246799980756,162.27712499676272,284.11625100125093,147.68951799487695
1,0,0,0,0,0,0,8399,79.10396500665229,106.19746400334407,241.1028389906278,157.89782999490853
4,0,0,0,0,0,0,65,129.2359600047348,179.56377800146583,328.51803000085056,172.71985601109918
3,0,0,0,0,0,0,342,116.05118199076969,162.68856800161302,175.702945998637,79.37951399071608
3,0,0,0,0,0,0,2044,68.2020569947781,87.97712500381749,315.3994220047025,171.11531799309887
36,0,0,0,6,0,1,1,128.78060899674892,176.57053600123618,462.0331750047626,167.44506999384612
3,0,0,0,0,0,0,1484,125.41076699562836,175.42475600203034,323.35937999596354,173.52818400831893
2,0,0,0,0,0,0,3160,60.06281501322519,83.89405699563213,152.7587599994149,80.37062898802105
6,0,0,0,0,0,0,1,134.00328299030662,186.39428800088353,343.1015980022494,171.9568300031824
16,0,0,0,1,0,1,21,486.82432700297795,490.58285700448323,628.5499869991327,519.9015899997903
144,0,0,0,11,0,1,1,730.9052400087239,521.9662260060431,1144.8964790033642,329.64577099482995
13,0,0,0,2,0,1,1,462.4864789948333,447.19160901149735,605.1064680068521,453.51571499486454
58,0,0,0,3,0,1,1,554.1570920031518,596.6614069911884,321.48920999316033,157.65581899904646
2,0,0,0,0,0,0,2326,63.129975998890586,85.70761501323432,310.8110889879754,171.85857599542942
6,0,0,0,0,0,0,4,123.75209700257983,173.50510200776625,329.5244480104884,156.59340600541327
10,0,0,0,2,0,1,20,376.9301020074636,353.78044299432077,567.2487849951722,190.9377139963908
3,0,0,0,0,0,0,342,61.20702398766298,82.3850620072335,156.4253539982019,135.4199810011778
15,0,0,0,3,0,1,1,386.4390810049372,356.82700999313965,601.3899329991546,192.1302150003612
13,0,0,0,2,0,1,4,125.9013130038511,134.20807900547516,178.23255200346466,74.97788101318292
3,0,0,0,0,0,0,368,123.04093800776172,169.4946140050888,315.053653990617,157.1243950020289
2,0,0,0,0,0,0,376,115.80278800101951,161.17255098652095,302.29135300032794,85.5419930012431
3,0,0,0,0,0,0,1002,120.382901004632,168.78848300257232,314.3452140066074,176.6818939941004
2,0,0,0,0,0,0,1556,114.80616799963173,159.23409101378638,303.0910009983927,154.26089700486045
1,0,0,0,0,0,0,9230,53.68758799158968,68.32536701404024,200.6571430101758,154.85140099190176
1,0,0,0,0,0,0,9914,41.86098599166144,55.343622007058,211.54981400468387,161.2614830082748
5,0,0,0,0,0,0,119,122.50226699688938,169.32434399495833,323.6441589979222,161.69646599155385
5,0,0,0,1,0,1,1,68.12140600231942,84.80909999343567,169.64069299865514,79.66476000729017
3,0,0,0,1,0,1,1479,341.2573210080154,407.80363699013833,531.3113400043221,455.6542630016338
1,0,0,0,0,0,0,8533,97.77851699618623,136.97316199250054,273.54877900506835,155.22601299744565
4,0,0,0,0,0,0,30,132.53581798926461,179.75091199332383,332.0241900073597,168.0944779946003
45,0,0,0,2,0,1,2,560.7248300075298,531.1703929910436,591.4823570055887,385.3430540038971
5,0,0,0,0,0,0,4,120.90400700981263,173.1918389996281,321.1005150078563,155.36252500896808
2,0,0,0,0,0,0,1340,115.20404000475537,163.86727400822565,301.8333349900786,169.64997600007337
14,0,0,0,1,0,1,1,69.1701479954645,90.3875420044642,189.0839510015212,141.06971099681687
30,0,0,0,2,0,1,4,635.5276300018886,601.7935839918209,482.57135499443393,325.3566750063328
4,0,0,0,0,0,0,112,119.1677369934041,162.75544700329192,311.24052200175356,149.82688199961558
53,0,0,0,9,0,1,1,126.81990300188772,163.32041900022887,437.00543500017375,75.38539700908586
1,0,0,0,0,0,0,8533,55.66965800244361,138.0533799965633,276.5394199959701,156.82459199160803
4,0,0,0,1,0,1,7,99.66955700656399,89.67884800222237,299.93455499061383,165.224994008895
2,0,0,0,0,0,0,4804,115.07967898796778,161.47546099091414,294.9039679951966,139.1439180006273
2,0,0,0,0,0,0,1827,107.75595699669793,149.453663994791,286.8965250090696,149.36642099928576
3,0,0,0,0,0,0,473,120.40533999970648,168.46161500143353,313.6974230001215,154.58001899241935
2,0,0,0,0,0,0,347,115.91435100126546,161.99467399565037,309.82406600378454,166.69222099881154
8,0,0,0,2,0,1,28,272.51987300405744,90.03902800031938,277.60206199309323,86.9614989933325
1,0,0,0,0,0,0,2186,109.32910400151741,154.5930410065921,286.61098101292737,151.35644198744558
5,0,0,0,1,0,1,11,138.19475600030273,185.66168801044114,344.9986990017351,102.85622499941383
3,0,0,0,0,0,0,1484,127.40965600823984,175.9242779953638,324.03942999371793,171.41989200899843
19,0,0,0,1,0,1,7,664.6439799951622,742.5662760069827,474.3229169980623,307.0673610054655
1,0,0,0,0,0,0,1190,110.43816700112075,154.4502759934403,290.6170610076515,147.57553998788353
3,0,0,0,0,0,0,685,126.26768699556123,175.45702701318078,325.87439399503637,168.8577390013961
22,0,0,0,1,0,1,11,642.8856239945162,159.8104470031103,472.2607669973513,182.1027209953172
6,0,0,0,0,0,0,1,127.16069600719493,179.45449700346217,340.33147200534586,169.88989799574483
1,0,0,0,0,0,0,9122,65.70406899845693,87.00461400439963,219.50294099224266,156.39528998872265
2,0,0,0,0,0,0,1556,58.31637998926453,143.95719399908558,296.3591279985849,155.7626750000054
6,0,0,0,0,0,0,1,128.49317799555138,177.06000099133234,334.52254500298295,167.2355759947095
1,0,0,0,0,0,0,9122,65.21275799605064,86.22197300428525,217.59327600011602,157.0878519996768
3,0,0,0,0,0,0,527,123.74830299813766,168.10806600551587,313.68302000919357,170.8420630020555
47,0,0,0,5,0,1,1,533.5646049934439,536.9623910082737,760.2992089960026,229.72178099735174
36,0,0,0,6,0,1,1,379.5012300106464,180.1618660101667,685.1632660109317,173.42044500401244
2,0,0,0,0,0,0,1320,119.5193180028582,167.41896999883465,305.91549701057374,157.01065699977335
15,0,0,0,1,0,1,35,691.7898129904643,775.0484009884531,490.3230329946382,369.28394000278786
3,0,0,0,0,0,0,17,124.33808000059798,173.59848000342026,318.1353049876634,154.95119300612714
20,0,0,0,2,0,1,9,333.30729699810036,312.37666500965133,361.87328401138075,280.0290379964281
1,0,0,0,0,0,0,9230,53.40804799925536,69.8840730037773,198.98217200534418,151.7501979978988
5,0,0,0,1,0,1,138,125.65253299544565,173.55301399948075,332.4291339959018,160.70170000602957
4,0,0,0,1,0,1,1,120.19817098916974,171.4443099917844,319.34504699893296,151.70519000093918
6,0,0,0,1,0,1,44,121.39686899899971,166.06040099577513,322.03213599859737,152.07167599874083
2,0,0,0,0,0,0,4475,106.77165900415275,144.93880499503575,284.3405050080037,171.55395000008866
4,0,0,0,0,0,0,394,66.6506470006425,91.73853900574613,169.6656050044112,88.03791100217495
3,0,0,0,0,0,0,1862,122.78551299823448,173.8484580127988,316.59376599418465,170.49667000537738
1,0,0,0,0,0,0,1511,109.91918700165115,154.0189359948272,287.9826879943721,146.90155499556568
4,0,0,0,0,0,0,52,96.52747699874453,175.0209449965041,318.83149599889293,154.42648601310793
1,0,0,0,0,0,0,8399,41.994522005552426,55.347563000395894,122.29675900016446,80.24845400359482
2,0,0,0,0,0,0,894,117.36431099416222,161.09811399655882,313.3661150059197,169.28011400159448
1,0,0,0,0,0,0,8533,98.29201200045645,136.28047799284104,271.8407229986042,154.75640399381518
1,0,0,0,0,0,0,9914,80.62261198938359,111.39097400882747,244.9660669954028,157.04364000703208
12,0,0,0,1,0,1,39,534.3204329983564,196.664808987407,593.1658960034838,186.82253400038462
1,0,0,0,0,0,0,872,74.72947300993837,78.23735500278417,149.42602199153043,75.43246400018688
7,0,0,0,0,0,0,20,128.42880499374587,180.5230419995496,344.60888800094835,170.5394519958645
1,0,0,0,0,0,0,9914,82.16572800301947,109.29233199567534,244.51246600074228,161.4548469951842
2,0,0,0,0,0,0,4475,105.5014570010826,146.3724149944028,281.768196990015,167.44015298900194
31,0,0,0,2,0,1,3,574.7014060034417,543.6380180035485,577.6848670066101,403.29144899442326
1,0,0,0,0,0,0,1901,105.80673800723162,149.01753200683743,284.69981301168445,146.46619699487928
9,0,0,0,1,0,1,1,73.97517999925185,82.97762299480382,170.23534899635706,76.81711700570304
43,0,0,0,3,0,1,1,531.9318900001235,507.5667909986805,575.0478909903904,432.34233499970287
7,0,0,0,1,0,1,12,132.38293200265616,182.6537499873666,350.01655100495555,169.1347140003927
2,0,0,0,0,0,0,4804,112.64436999044847,156.38354000111576,295.6107900099596,172.24883699964266
5,0,0,0,0,0,0,39,129.3124359945068,184.12288899708074,335.96760500222445,172.07198700634763
1,0,0,0,0,0,0,8533,97.7803749992745,134.65010399522725,272.93767299852334,157.42714201041963
21,0,0,0,5,0,1,1,137.0547200058354,188.04467900190502,224.2136850109091,91.39062098984141
2,0,0,0,0,0,0,1340,59.52633298875298,80.71424000081606,276.3646109960973,167.18338400823995
6,0,0,0,0,0,0,15,85.4152349929791,165.84334200888406,313.0319240008248,150.42358299251646
12,0,0,0,1,0,1,1,125.04176600486971,170.52589199738577,351.72206700372044,158.0585439951392
6,0,0,0,1,0,1,13,125.97748999542091,173.18159498972818,334.09473999927286,159.11876899190247
2,0,0,0,0,0,0,4804,115.46058500243817,159.16357999958564,298.7130240071565,174.94112999702338
100,0,0,0,17,0,1,1,134.37698299821932,171.15759100124706,704.4973830052186,157.7372860047035
3,0,0,0,0,0,0,803,117.98391699267086,166.6253820003476,310.9158300067065,157.6430419954704
7,0,0,0,1,0,1,3,122.75282699556556,166.55937599716708,241.1712909961352,159.07324200088624
4,0,0,0,0,0,0,123,119.9173979985062,165.94774500117637,312.9855890001636,154.0766620018985
6,0,0,0,0,0,0,103,72.32775600277819,142.22662198881153,346.5720819949638,179.75114099681377
10,0,0,0,2,0,1,7,544.1562380001415,509.88243699248414,521.6790060076164,401.8479969963664
2,0,0,0,0,0,0,4475,56.28645999240689,145.98463498987257,280.4753290110966,169.46472699055448
1,0,0,0,0,0,0,9122,65.84759301040322,86.60769200650975,220.78032699937467,159.24982300202828
3,0,0,0,0,0,0,2044,120.1697910000803,172.840860002907,317.2424959921045,170.21896899677813
13,0,0,0,2,0,1,1,124.19861501257401,174.57369199837558,358.14006699365564,157.86906800349243
1,0,0,0,0,0,0,8399,78.94709199899808,108.41150500345975,239.82401900866535,156.67700799531303
3,0,0,0,0,0,0,111,120.19829799828585,170.85770498670172,310.88189501315355,156.06589599337894
1,0,0,0,0,0,0,9230,52.99875499622431,68.03443600074388,198.46697500906885,150.71217200602405
1,0,0,0,0,0,0,9122,65.45084000390489,86.81398500630166,219.9329479917651,159.75405200151727
2,0,0,0,0,0,0,4804,114.25692099146545,158.50208299525548,303.1127190042753,175.59844598872587
12,0,0,0,1,0,1,72,296.2280850042589,330.3682959958678,301.8208489957033,243.10337200586218
3,0,0,0,0,0,0,433,120.06072301301174,166.21358899283223,312.7435210044496,159.32832199905533
1,0,0,0,0,0,0,865,111.61002299922984,157.7988069911953,289.31972799182404,149.12309500505216
4,0,0,0,0,0,0,384,127.83801500336267,178.11285400239285,332.2109709988581,172.51266799576115
5,0,0,0,1,0,1,2,129.85672400100157,174.49995200149715,332.92342800996266,161.31298799882643
5,0,0,0,0,0,0,2,67.165742002544,89.16281699202955,169.41607199260034,84.80297699861694
9,0,0,0,1,0,1,14,488.48549599642865,197.70664199313615,572.6535499998135,186.28792300296482
4,0,0,0,0,0,0,319,118.5082240117481,164.84687499178108,312.4387360003311,149.00859699991997
1,0,0,0,0,0,0,52,118.41020399879199,162.89767700072844,299.7076059982646,146.0305380023783
3,0,0,0,0,0,0,353,119.40956200123765,167.7001799980644,291.9417139928555,157.94142399681732
2,0,0,0,0,0,0,2666,99.93367400602438,141.6856790019665,277.9756539966911,125.61150699912105
2,0,0,0,0,0,0,4475,95.57939400838222,72.96038600907195,222.2689780028304,169.01112301275134
38,0,0,0,7,0,1,1,130.38846499694046,181.256598996697,480.5342220060993,171.26867300248705
23,0,0,0,7,0,1,1,407.44517599523533,379.8692669952288,660.0989150028909,210.22514399373904
1,0,0,0,0,0,0,1901,105.66660000768024,146.3223199971253,283.3608410001034,148.2145569898421
5,0,0,0,1,0,1,10,367.3266730038449,183.72124900633935,548.6553669907153,177.50801400688943
3,0,0,0,0,0,0,521,117.78388501261361,162.56058000726625,306.3138970028376,150.11983200383838
36,0,0,0,3,0,1,1,579.7833399992669,284.75378299481235,570.925124004134,394.74185500876047
45,0,0,0,3,0,1,1,599.175102004665,563.8570119917858,628.8130939938128,391.28782600164413
7,0,0,0,1,0,1,83,447.3508879891597,520.7325280061923,556.5137219964527,459.0562509984011
1,0,0,0,0,0,0,9914,81.02186099858955,110.20099101006053,246.78113500704058,162.0384730049409
15,0,0,0,2,0,1,6,336.5070309955627,282.436030000099,311.78783999348525,239.69014699105173
12,0,0,0,1,0,1,2,132.19690299592912,181.67426600120962,364.2682549980236,172.53825200896244
3,0,0,0,0,0,0,169,116.87305400846526,166.1455280118389,313.32784799451474,160.27180799574126
4,0,0,0,0,0,0,293,121.29951099632308,169.2766189953545,318.9168829994742,160.27783299796283
1,0,0,0,0,0,0,9230,28.841235005529597,35.877001006156206,103.43237699999008,78.02564899611752
2,0,0,0,0,0,0,3532,112.73342699860223,155.21539900510106,297.67043300671503,169.43065599480178
1,0,0,0,0,0,0,8533,99.78668199619278,138.04291500127874,272.2502750111744,152.14496100088581
2,0,0,0,0,0,0,894,115.17716900561936,159.66550099255983,302.46429999533575,171.0845110064838
4,0,0,0,0,0,0,233,68.89443600084633,92.34121399640571,171.39220699027646,87.76739699533209
20,0,0,0,3,0,1,1,475.3134930069791,451.08472400170285,611.9899869954679,189.24622300255578
1,0,0,0,0,0,0,9230,53.47721200087108,68.84250699658878,198.01027099310886,152.47173700481653
2,0,0,0,0,0,0,2326,122.02171501121484,168.6199200048577,313.4740020032041,173.64866800198797
6,0,0,0,1,0,1,1,129.20047200168483,171.30110898870043,335.2282449923223,158.14026800217107
11,0,0,0,1,0,1,1,365.7353640010115,178.72818298928905,569.9215369968442,173.13882999587804
3,0,0,0,0,0,0,2044,124.14459499996156,174.5384339883458,323.8941640011035,170.98846500448417
6,0,0,0,0,0,0,3,68.3328570012236,91.2944010051433,172.53898399940226,86.83144200767856
18,0,0,0,2,0,1,1,132.18877400504425,170.5663760076277,366.92746500193607,158.2619459950365
1,0,0,0,0,0,0,9914,80.85850099450909,111.33208200044464,244.15752400818747,160.78865100280382
1,0,0,0,0,0,0,9122,65.57745800819248,88.61817499564495,219.7870350064477,156.66875899478327
2,0,0,0,0,0,0,1827,108.21769600443076,149.98991599713918,287.92570500809234,150.3229630034184
3,0,0,0,0,0,0,527,63.02196999604348,85.63306399446446,161.27379100362305,147.2490299929632
2,0,0,0,0,0,0,49,122.68382299225777,169.44368899567053,314.04387099610176,154.85246300522704
17,0,0,0,1,0,1,15,516.2990959943272,599.1447199921822,571.5639099944383,243.37917999946512
2,0,0,0,0,0,0,1290,113.73402999015525,158.44138599641155,297.4475559894927,156.915478000883
1,0,0,0,0,0,0,303,113.01243399793748,159.87745599704795,298.07949700625613,145.33086901064962
8,0,0,0,2,0,1,1,370.76944699219894,193.62077700498048,577.5788169994485,176.9133880006848
1,0,0,0,0,0,0,256,114.39854100171942,161.176802997943,295.68260299856775,146.63153199944645
1,0,0,0,0,0,0,9230,53.52321699319873,68.66913600242697,199.259750006604,155.86390500538982
7,0,0,0,1,0,1,14,128.20294499397278,175.4438470088644,338.763548003044,155.30808799667284
44,0,0,0,9,0,1,1,237.3492670012638,93.7938179995399,359.19614500016905,88.97204999811947
3,0,0,0,0,0,0,1626,79.23700800165534,182.22576900734566,331.04892300616484,172.2266739961924
4,0,0,0,0,0,0,248,128.78806301159784,182.23865499021485,334.63277500413824,171.5819209930487
42,0,0,0,3,0,1,1,601.4653100137366,559.8191090102773,618.07985699852,382.409487006953
59,0,0,0,3,0,1,1,763.1148509972263,715.1919739990262,740.2972049894743,451.6444340115413
2,0,0,0,0,0,0,536,118.6777830007486,163.87855699576903,214.38541600946337,81.06128498911858
1,0,0,0,0,0,0,9230,53.83068100491073,69.00616499478929,200.64262600499205,152.07570500206202
3,0,0,0,0,0,0,13,119.87575401144568,162.93828599737026,310.1354209939018,149.45830299984664
2,0,0,0,0,0,0,1320,120.26864499785006,167.9673019971233,308.46200000087265,158.03166599653196
10,0,0,0,2,0,1,7,375.6849570054328,373.7964580068365,491.2933039886411,375.1194759970531
5,0,0,0,0,0,0,119,124.58385100762825,173.5398000018904,321.0297910118243,159.7515789908357
2,0,0,0,0,0,0,1556,59.667472000001,79.98938199307304,153.9538579963846,81.53015699645039
3,0,0,0,0,0,0,258,119.71563499537297,169.9289719981607,317.40148199605756,167.0715240034042
5,0,0,0,1,0,1,19,128.9510579954367,185.36730800406076,342.1797500050161,169.1885009931866
12,0,0,0,0,0,0,1,119.66170898813289,164.36265199445188,332.0443160046125,150.6713279959513
1,0,0,0,0,0,0,1901,56.63217899564188,74.67884699872229,146.1199530021986,142.39151698711794
32,0,0,0,4,0,1,1,131.88153700320981,174.72361799445935,422.26083800778724,156.53747599571943
5,0,0,0,0,0,0,40,120.75744700268842,167.43292899627704,314.7764330060454,149.98247199400794
8,0,0,0,0,0,0,2,65.56210501003079,122.18975900032092,330.02373900671955,157.21349700470455
6,0,0,0,1,0,1,1,136.71932600846048,184.05969500599895,338.7612590013305,88.79131599678658
10,0,0,0,0,0,0,1,118.67091500607785,161.10204000142403,325.2192990039475,150.02387799904682
3,0,0,0,0,0,0,2044,96.24044499651063,85.88432701071724,255.13655500253662,170.95795999921393
10,0,0,0,1,0,1,107,127.56201399315614,169.91220200725365,251.20995200995822,77.71175100060645
5,0,0,0,1,0,1,2,374.97094299760647,181.49850900226738,558.3229589974508,173.76913700718433
13,0,0,0,2,0,1,1,454.6360759995878,445.1260609930614,590.0669289985672,449.8140810028417
8,0,0,0,0,0,0,3,63.46559399389662,120.16801399295218,323.14069400308654,80.12694300850853
5,0,0,0,0,0,0,48,127.49844400968868,177.49282899603713,301.57107100239955,154.6059249958489
2,0,0,0,0,0,0,3160,116.73774098744616,162.53188699192833,302.1022559987614,154.04131400282495
7,0,0,0,0,0,0,1,118.28291200799868,164.75293500116095,319.86570099252276,89.05724399664905
1,0,0,0,0,0,0,1511,110.87006199522875,151.46551899670158,292.4665580067085,147.7237450017128
1,0,0,0,0,0,0,8533,98.30772299028467,133.9143790100934,283.33305699925404,155.42502800235525
2,0,0,0,0,0,0,988,69.98602699604817,161.79676000319887,302.5027279945789,153.71960899210535
30,0,0,0,2,0,1,1,648.2211389957229,577.2482360043796,670.25033099344,498.8695329957409
4,0,0,0,1,0,1,408,125.8969009941211,176.77829100284725,328.8005069916835,165.33173000789247
3,0,0,0,0,0,0,456,63.74899701040704,86.1510619870387,160.64945500693284,80.7942079991335
3,0,0,0,0,0,0,8,120.8097619964974,168.94369799410924,312.3956839990569,155.18943799543194
7,0,0,0,1,0,1,6,128.91233099799138,176.08243301219773,346.68233699630946,163.9818190014921
5,0,0,0,1,0,1,4,121.01834500208497,165.18029799044598,322.59084899851587,146.6834249877138
7,0,0,0,1,0,1,24,64.54328499967232,86.73549200466368,172.7529640047578,89.9663970049005
6,0,0,0,1,0,1,3,131.5010819962481,181.6010360053042,230.5473489977885,86.13908600818831
15,0,0,0,3,0,1,1,132.2414580063196,178.0541269981768,377.77379900217056,156.451514994842
1,0,0,0,0,0,0,9914,80.01596000394784,110.9064440097427,241.77865800447762,160.2215629973216
4,0,0,0,1,0,1,7,128.61277000047266,179.72734800423495,331.814042001497,164.44014600710943
1,0,0,0,0,0,0,8533,51.554477991885506,69.01579401164781,225.66287600784563,154.55125200969633
5,0,0,0,0,0,0,15,135.01711300341412,165.66535500169266,174.30235599749722,156.6877029981697
7,0,0,0,1,0,1,23,123.25521100137848,169.60088699124753,334.3684400024358,156.4552710042335
5,0,0,0,0,0,0,1,127.17428398900665,169.79403400910087,323.7910110037774,156.6898629971547
1,0,0,0,0,0,0,8399,80.33917199645657,108.92534200684167,239.73189300158992,157.38070900260936
23,0,0,0,5,0,1,1,399.6995159977814,376.5926999913063,644.1962719982257,202.70395500119776
1,0,0,0,0,0,0,8533,51.619524994748645,69.31958299537655,139.129265997326,79.2020670050988
2,0,0,0,0,0,0,2666,98.3815939980559,137.95835599012207,276.1856209981488,158.20134099340066
2,0,0,0,0,0,0,1556,58.286496001528576,84.89063699380495,151.44803600560408,92.17678700224496
85,0,0,0,15,0,1,1,122.23594900569879,165.2003860072,635.6107589963358,152.8703860094538
19,0,0,0,2,0,1,7,519.5163930038689,497.88748599530663,593.3082400006242,438.2159499946283
13,0,0,0,1,0,1,163,542.0203640096588,629.1240209975513,611.5716259955661,486.1115560051985
5,0,0,0,1,0,1,154,127.48548800300341,168.85334799007978,329.0600160107715,159.95760100486223
4,0,0,0,1,0,1,375,120.23431599664036,167.1135070064338,287.05766299390234,90.85485000105109
8,0,0,0,1,0,1,300,517.1169590030331,591.4079020003555,583.133803011151,484.3882150016725
3,0,0,0,0,0,0,35,118.42543100647163,163.99855200143065,306.4634319889592,148.0719829996815
2,0,0,0,0,0,0,709,112.749295993126,157.5397639971925,299.64213899802417,165.7845610025106
3,0,0,0,1,0,1,1445,268.1897639995441,331.53642299294006,425.78008500277065,295.85014400072396
